DATE,PLATFORM,CAMPAIGN_NAME,CAMPAIGN_GROUP,CAMPAIGN_ID,ADSET_NAME,ADSET_ID,AD_NAME,AD_ID,OBJECTIVE,AMOUNT_SPENT,IMPRESSIONS,CONVERSIONS,REACH,CLICKS,VIDEO_PLAYS_AT_100,VIDEO_PLAYS_AT_25,VIDEO_PLAYS_AT_50,VIDEO_PLAYS_AT_75,FOCUSSED_VIEW_15SEC,VIDEO_VIEWS,VIDEO_THRUPLAY,VIDEO_PLAY_ACTIONS,COMMENTS,LEADS,LIKES,LINK_CLICKS,ENGAGEMENT,ENGAGEMENT_RATE,SHARES,FOLLOWS,VIEW_THROUGH_CONVERSION,VIDEO_STARTS,PURCHASE
2026-06-03,Shopping Grid,Seasonal Select Demand Initiative,Metro Region Loyalty Cohort,11970007606,Health Conscious Buyers Interest Segment,141258509277,Offer Spotlight Bold Voice,135939338663,Brand Awareness,57.168466,10271,12,0,19,0.4848,2.1141,1.0436,0.6154,0,2993,0,0,0,0,0,0,3934,1.1494,0,0,0,0,0
2026-06-03,In-App Display,Seasonal Select Demand Initiative,Metro Region Loyalty Cohort,11970007606,Bulk Buyers Retention Segment,148145023481,Offer Spotlight Bold Voice,846119584281,Brand Awareness,36.713500,11486,4,0,18,0.9859,4.5622,1.9869,1.438,0,2606,0,0,0,0,0,0,3993,2.0743,0,0,0,0,0
2026-06-03,Connected TV,Seasonal Select Demand Initiative,Metro Region Loyalty Cohort,11970007606,Family Planners Lookalike Segment,840964668242,Offer Spotlight Bold Voice,143148175809,Brand Awareness,41.21492,9112,17,0,33,2.0561,5.1945,3.0921,2.2508,0,2529,0,0,0,0,0,0,3806,1.7401,0,0,0,0,0
2026-06-02,Influencer Network,Seasonal Select Demand Initiative,Metro Region Loyalty Cohort,11970007606,Family Planners Lookalike Segment,840964668242,Offer Spotlight Bold Voice,143148175809,Brand Awareness,36.721186,9946,12,0,17,0.7501,3.9741,2.0289,1.2484,0,2258,0,0,0,0,0,0,3121,2.1907,0,0,0,0,0
2026-06-02,Search Network,Seasonal Select Demand Initiative,Metro Region Loyalty Cohort,11970007606,Health Conscious Buyers Interest Segment,141258509277,Offer Spotlight Bold Voice,135939338663,Brand Awareness,56.190566,10389,14,0,25,0.6482,1.9068,1.0587,0.7563,0,3104,0,0,0,0,0,0,5131,1.2732,0,0,0,0,0
2026-06-02,Retail Media Network,Seasonal Select Demand Initiative,Metro Region Loyalty Cohort,11970007606,Bulk Buyers Retention Segment,148145023481,Offer Spotlight Bold Voice,846119584281,Brand Awareness,56.341658,16592,19,0,44,0.9909,4.5831,2.3528,1.4539,0,4341,0,0,0,0,0,0,6591,2.2533,0,0,0,0,0
2026-06-01,Influencer Network,Seasonal Select Demand Initiative,Metro Region Loyalty Cohort,11970007606,Family Planners Lookalike Segment,840964668242,Offer Spotlight Bold Voice,143148175809,Brand Awareness,47.584200,12915,11,0,26,1.0533,3.3471,1.7770,1.3288,0,1983,0,0,0,0,0,0,3718,1.7448,0,0,0,0,0
2026-06-01,Connected TV,Seasonal Select Demand Initiative,Metro Region Loyalty Cohort,11970007606,Bulk Buyers Retention Segment,148145023481,Offer Spotlight Bold Voice,846119584281,Brand Awareness,71.691106,18557,16,0,47,0.7692,3.7478,1.8378,1.1413,0,3782,0,0,0,0,0,0,5401,1.8377,0,0,0,0,0
2026-06-01,Discovery Network,Seasonal Select Demand Initiative,Metro Region Loyalty Cohort,11970007606,Health Conscious Buyers Interest Segment,141258509277,Offer Spotlight Bold Voice,135939338663,Brand Awareness,37.585512,3146,7,0,12,0.924,1.9858,1.2887,0.986,0,1344,0,0,0,0,0,0,1449,0.9768,0,0,0,0,0
2026-06-30,Retail Media Network,Home Essentials Promo Initiative,East Region Conversion Cohort,18477671,Family Planners Interest Segment,426460522604668080,Offer Spotlight Bold Voice,961469379678885435,Brand Awareness,129.37,79574,0,88634,175,100,100,100,100,0,442,397,68941,0,0,0,28,4946,0,0,0,0,0,0
2026-06-30,Search Network,Home Essentials Promo Initiative,East Region Conversion Cohort,18477671,Health Conscious Buyers Interest Segment,744937521596374624,Offer Spotlight Bold Voice,160997656439243393,Brand Awareness,110.73,68184,0,66660,131,100,100,100,100,0,418,361,58459,0,0,0,28,4478,0,0,0,0,0,0
2026-06-30,Affiliate Network,Home Essentials Promo Initiative,East Region Conversion Cohort,18477671,Weekend Deal Hunters Interest Segment,512235775188952937,Offer Spotlight Bold Voice,562333462013611341,Brand Awareness,6.65,4439,0,3956,10,30,100,94,49,0,32,31,3367,0,0,0,2,317,0,0,0,0,0,0
2026-06-29,Influencer Network,Home Essentials Promo Initiative,East Region Conversion Cohort,18477671,Weekend Deal Hunters Interest Segment,512235775188952937,Offer Spotlight Bold Voice,562333462013611341,Brand Awareness,7.49,4853,0,4900,17,36,100,100,54,0,32,33,4270,0,0,0,3,346,0,0,0,0,0,0
2026-06-29,Affiliate Network,Home Essentials Promo Initiative,East Region Conversion Cohort,18477671,Family Planners Interest Segment,426460522604668080,Offer Spotlight Bold Voice,961469379678885435,Brand Awareness,116.44,83692,0,94125,194,100,100,100,100,0,599,463,62902,0,0,0,44,5969,0,0,0,0,0,0
2026-06-29,Connected TV,Home Essentials Promo Initiative,East Region Conversion Cohort,18477671,Health Conscious Buyers Interest Segment,744937521596374624,Offer Spotlight Bold Voice,160997656439243393,Brand Awareness,94.05,62277,0,72621,163,100,100,100,100,0,400,339,53440,0,0,0,21,3988,0,0,0,0,0,0
2026-06-28,Retail Media Network,Home Essentials Promo Initiative,East Region Conversion Cohort,18477671,Family Planners Interest Segment,426460522604668080,Offer Spotlight Bold Voice,961469379678885435,Brand Awareness,134.57,83201,0,96062,216,100,100,100,100,0,512,548,82893,0,0,0,33,6425,0,0,0,0,0,0
2026-06-28,Search Network,Home Essentials Promo Initiative,East Region Conversion Cohort,18477671,Weekend Deal Hunters Interest Segment,512235775188952937,Offer Spotlight Bold Voice,562333462013611341,Brand Awareness,13.46,9167,0,10484,32,58,100,100,89,0,49,43,7427,0,0,0,4,869,0,0,0,0,0,0
2026-06-28,Discovery Network,Home Essentials Promo Initiative,East Region Conversion Cohort,18477671,Health Conscious Buyers Interest Segment,744937521596374624,Offer Spotlight Bold Voice,160997656439243393,Brand Awareness,98.11,56754,0,67077,127,100,100,100,100,0,362,293,60424,0,0,0,13,4955,0,0,0,0,0,0
2026-06-25,Marketplace Feed,Market Fresh Demand Initiative,East Region Conversion Cohort,18477671,Weekend Deal Hunters Interest Segment,112693653772675234,Product Reel Warm Voice,137942100582601959,Brand Awareness,0,0,0,0,0,0,0,0,0,0,0,0,0,0,0,0,0,0,0,0,0,0,0,0
2026-06-25,Affiliate Network,Market Fresh Demand Initiative,East Region Conversion Cohort,18477671,Family Planners Interest Segment,135835519402463867,Product Reel Warm Voice,277303463679925256,Brand Awareness,0,0,0,0,0,0,0,0,0,0,0,0,0,0,0,0,0,0,0,0,0,0,0,0
2026-06-25,Marketplace Feed,Market Fresh Demand Initiative,East Region Conversion Cohort,18477671,Health Conscious Buyers Interest Segment,767678956198654887,Product Reel Warm Voice,105409050581285251,Brand Awareness,0,0,0,0,0,0,0,0,0,0,0,0,0,0,0,0,0,0,0,0,0,0,0,0
2026-06-24,Retail Media Network,Market Fresh Demand Initiative,East Region Conversion Cohort,18477671,Weekend Deal Hunters Interest Segment,112693653772675234,Product Reel Warm Voice,137942100582601959,Brand Awareness,14.90,9537,0,10210,32,44,100,100,58,0,71,53,8591,0,0,0,3,607,0,0,0,0,0,0
2026-06-24,Video Network,Market Fresh Demand Initiative,East Region Conversion Cohort,18477671,Health Conscious Buyers Interest Segment,767678956198654887,Product Reel Warm Voice,105409050581285251,Brand Awareness,108.07,85359,0,74310,111,100,100,100,100,0,392,358,65938,0,0,0,20,4291,0,0,0,0,0,0
2026-06-24,Shopping Grid,Market Fresh Demand Initiative,East Region Conversion Cohort,18477671,Family Planners Interest Segment,135835519402463867,Product Reel Warm Voice,277303463679925256,Brand Awareness,79,61326,0,59966,138,100,100,100,100,0,306,268,46978,0,0,1,40,3416,0,0,0,0,0,0
2026-06-23,Connected TV,Market Fresh Demand Initiative,East Region Conversion Cohort,18477671,Weekend Deal Hunters Interest Segment,112693653772675234,Product Reel Warm Voice,137942100582601959,Brand Awareness,12.17,8431,0,10091,32,37,100,100,63,0,59,48,7875,0,0,0,5,561,0,0,0,0,0,0
2026-06-23,In-App Display,Market Fresh Demand Initiative,East Region Conversion Cohort,18477671,Family Planners Interest Segment,135835519402463867,Product Reel Warm Voice,277303463679925256,Brand Awareness,88.85,62922,0,63752,90,100,100,100,100,0,267,259,52035,0,0,0,19,3119,0,0,0,0,0,0
2026-06-23,Marketplace Feed,Market Fresh Demand Initiative,East Region Conversion Cohort,18477671,Health Conscious Buyers Interest Segment,767678956198654887,Product Reel Warm Voice,105409050581285251,Brand Awareness,127.82,89933,0,82967,163,100,100,100,100,0,440,354,77901,0,0,0,35,4241,0,0,0,0,0,0
2026-06-22,Social Feed,Home Essentials Promo Initiative,East Region Prospecting Cohort,18477671,Bulk Buyers Retention Segment,162853071358804827,Price Drop Cut Value Voice,738937145322144556,Brand Awareness,0,0,0,0,0,0,0,0,0,0,0,0,0,0,0,0,0,0,0,0,0,0,0,0
2026-06-22,Video Network,Home Essentials Promo Initiative,East Region Prospecting Cohort,18477671,Family Planners Interest Segment,311630515941383750,Price Drop Cut Value Voice,668883979484534905,Brand Awareness,0,0,0,0,0,0,0,0,0,0,0,0,0,0,0,0,0,0,0,0,0,0,0,0
2026-06-22,Connected TV,Market Fresh Demand Initiative,East Region Conversion Cohort,18477671,Weekend Deal Hunters Interest Segment,112693653772675234,Product Reel Warm Voice,137942100582601959,Brand Awareness,13.86,10476,0,9220,28,43,100,100,73,0,75,66,9114,0,0,0,4,595,0,0,0,0,0,0
2026-06-22,Search Network,Market Fresh Demand Initiative,East Region Conversion Cohort,18477671,Health Conscious Buyers Interest Segment,767678956198654887,Product Reel Warm Voice,105409050581285251,Brand Awareness,146.61,105938,0,105084,134,100,100,100,100,0,483,428,97896,0,0,0,24,5377,0,0,0,0,0,0
2026-06-22,Shopping Grid,Market Fresh Demand Initiative,East Region Conversion Cohort,18477671,Family Planners Interest Segment,135835519402463867,Product Reel Warm Voice,277303463679925256,Brand Awareness,59.77,41464,0,45524,65,100,100,100,100,0,143,140,33130,0,0,0,8,2036,0,0,0,0,0,0
2026-06-22,Shopping Grid,Smart Choice Impact Initiative,East Region Prospecting Cohort,18477671,Family Planners Interest Segment,840372225327523200,Price Drop Cut Direct Voice,784812318231574872,Brand Awareness,0,0,0,0,0,0,0,0,0,0,0,0,0,0,0,0,0,0,0,0,0,0,0,0
2026-06-22,Marketplace Feed,Home Essentials Promo Initiative,East Region Prospecting Cohort,18477671,Health Conscious Buyers Interest Segment,248379420604111019,Shelf Story Warm Voice,782023714268597622,Brand Awareness,0,0,0,0,0,0,0,0,0,0,0,0,0,0,0,0,0,0,0,0,0,0,0,0
2026-06-22,Marketplace Feed,Home Essentials Promo Initiative,East Region Prospecting Cohort,18477671,Health Conscious Buyers Interest Segment,534609213932090705,Price Drop Cut Value Voice,552366212827275778,Brand Awareness,0,0,0,0,0,0,0,0,0,0,0,0,0,0,0,0,0,0,0,0,0,0,0,0
2026-06-22,Retail Media Network,Home Essentials Promo Initiative,East Region Prospecting Cohort,18477671,Health Conscious Buyers Interest Segment,364535938237621249,Offer Spotlight Bold Voice,103276194285622030,Brand Awareness,0,0,0,0,0,0,0,0,0,0,0,0,0,0,0,0,0,0,0,0,0,0,0,0
2026-06-22,Shopping Grid,Smart Choice Impact Initiative,East Region Prospecting Cohort,18477671,Bulk Buyers Retention Segment,109119492619545499,Price Drop Cut Direct Voice,110815619208330309,Brand Awareness,0,0,0,0,0,0,0,0,0,0,0,0,0,0,0,0,0,0,0,0,0,0,0,0
2026-06-22,In-App Display,Home Essentials Promo Initiative,East Region Prospecting Cohort,18477671,Bulk Buyers Retention Segment,153153839872142797,Shelf Story Warm Voice,136197224744361279,Brand Awareness,0,0,0,0,0,0,0,0,0,0,0,0,0,0,0,0,0,0,0,0,0,0,0,0
2026-06-22,Display Network,Home Essentials Promo Initiative,East Region Prospecting Cohort,18477671,Family Planners Interest Segment,126757682204121107,Offer Spotlight Bold Voice,121926468845256924,Brand Awareness,0,0,0,0,0,0,0,0,0,0,0,0,0,0,0,0,0,0,0,0,0,0,0,0
2026-06-22,Retail Media Network,Home Essentials Promo Initiative,East Region Prospecting Cohort,18477671,Bulk Buyers Retention Segment,248674078184555859,Offer Spotlight Bold Voice,452112915739182326,Brand Awareness,0,0,0,0,0,0,0,0,0,0,0,0,0,0,0,0,0,0,0,0,0,0,0,0
2026-06-21,Display Network,Home Essentials Promo Initiative,East Region Prospecting Cohort,18477671,Bulk Buyers Retention Segment,248674078184555859,Offer Spotlight Bold Voice,452112915739182326,Brand Awareness,72.14,47989,0,45358,56,6,84,23,9,0,7,5,413,0,0,0,16,103,0,0,0,0,0,0
2026-06-21,Discovery Network,Home Essentials Promo Initiative,East Region Prospecting Cohort,18477671,Health Conscious Buyers Interest Segment,159890011514394505,Offer Spotlight Bold Voice,142381176949482591,Brand Awareness,7.9,6428,0,6071,9,2,12,2,2,0,2,2,56,0,0,0,7,17,0,0,0,0,0,0
2026-06-21,Discovery Network,Home Essentials Promo Initiative,East Region Prospecting Cohort,18477671,Health Conscious Buyers Interest Segment,534609213932090705,Price Drop Cut Value Voice,552366212827275778,Brand Awareness,0.84,491,0,574,1,1,27,4,1,0,6,5,372,0,0,0,0,60,0,0,0,0,0,0
2026-06-21,Marketplace Feed,Home Essentials Promo Initiative,East Region Prospecting Cohort,18477671,Bulk Buyers Retention Segment,162853071358804827,Price Drop Cut Value Voice,738937145322144556,Brand Awareness,64.34,40684,0,40360,43,49,100,100,58,0,177,145,26188,0,0,0,10,1836,0,0,0,0,0,0
2026-06-21,Shopping Grid,Market Fresh Demand Initiative,East Region Conversion Cohort,18477671,Health Conscious Buyers Interest Segment,767678956198654887,Product Reel Warm Voice,105409050581285251,Brand Awareness,154.22,106375,0,114142,161,100,100,100,100,0,474,465,84581,0,0,0,43,5413,0,0,0,0,0,0
2026-06-21,In-App Display,Market Fresh Demand Initiative,East Region Conversion Cohort,18477671,Family Planners Interest Segment,135835519402463867,Product Reel Warm Voice,277303463679925256,Brand Awareness,67.02,41117,0,50733,86,100,100,100,100,0,247,196,38264,0,0,0,32,2939,0,0,0,0,0,0
2026-06-21,Connected TV,Smart Choice Impact Initiative,East Region Prospecting Cohort,18477671,Health Conscious Buyers Interest Segment,139882288624590753,Price Drop Cut Direct Voice,131818311870905728,Brand Awareness,14.1,10117,0,12542,7,0,0,0,0,0,0,0,0,0,0,0,0,2,0,0,0,0,0,0
2026-06-21,Video Network,Smart Choice Impact Initiative,East Region Prospecting Cohort,18477671,Health Conscious Buyers Interest Segment,480027451396060714,Price Drop Cut Direct Voice,104600581524694515,Brand Awareness,0.5,393,0,388,1,0,0,0,0,0,0,0,0,0,0,0,1,1,0,0,0,0,0,0
2026-06-21,Connected TV,Smart Choice Impact Initiative,East Region Prospecting Cohort,18477671,Family Planners Interest Segment,840372225327523200,Price Drop Cut Direct Voice,784812318231574872,Brand Awareness,50.04,39929,0,37147,40,0,0,0,0,0,0,0,0,0,0,0,9,20,0,0,0,0,0,0
2026-06-21,Social Feed,Smart Choice Impact Initiative,East Region Prospecting Cohort,18477671,Bulk Buyers Retention Segment,109119492619545499,Price Drop Cut Direct Voice,110815619208330309,Brand Awareness,59.9,47429,0,49705,60,0,0,0,0,0,0,0,0,0,0,0,29,42,0,0,0,0,0,0
2026-06-21,Social Feed,Home Essentials Promo Initiative,East Region Prospecting Cohort,18477671,Bulk Buyers Retention Segment,153153839872142797,Shelf Story Warm Voice,136197224744361279,Brand Awareness,49.24,31098,0,30337,52,21,100,54,30,0,148,126,26347,0,0,0,15,1439,0,0,0,0,0,0
2026-06-21,Video Network,Home Essentials Promo Initiative,East Region Prospecting Cohort,18477671,Health Conscious Buyers Interest Segment,364535938237621249,Offer Spotlight Bold Voice,103276194285622030,Brand Awareness,0.8,540,0,644,1,1,2,1,1,0,1,1,6,0,0,0,0,2,0,0,0,0,0,0
2026-06-21,Social Feed,Home Essentials Promo Initiative,East Region Prospecting Cohort,18477671,Health Conscious Buyers Interest Segment,112051189842394453,Price Drop Cut Value Voice,136910279477454488,Brand Awareness,5.49,3139,0,2861,5,7,42,13,10,0,16,15,2354,0,0,0,1,179,0,0,0,0,0,0
2026-06-21,In-App Display,Home Essentials Promo Initiative,East Region Prospecting Cohort,18477671,Family Planners Interest Segment,126757682204121107,Offer Spotlight Bold Voice,121926468845256924,Brand Awareness,46,33393,0,36691,50,8,72,27,15,0,8,7,369,0,0,0,10,96,0,0,0,0,0,0
2026-06-21,Shopping Grid,Home Essentials Promo Initiative,East Region Prospecting Cohort,18477671,Health Conscious Buyers Interest Segment,248379420604111019,Shelf Story Warm Voice,782023714268597622,Brand Awareness,7.72,6154,0,6279,7,4,37,9,4,0,23,22,5319,0,0,0,1,369,0,0,0,0,0,0
2026-06-21,In-App Display,Home Essentials Promo Initiative,East Region Prospecting Cohort,18477671,Health Conscious Buyers Interest Segment,200893730051116336,Shelf Story Warm Voice,108280733195277560,Brand Awareness,0.67,469,0,526,1,0,0,0,0,0,0,0,387,0,0,0,0,31,0,0,0,0,0,0
2026-06-21,Retail Media Network,Home Essentials Promo Initiative,East Region Prospecting Cohort,18477671,Family Planners Interest Segment,463785616888243848,Shelf Story Warm Voice,917041724367241512,Brand Awareness,29.92,21845,0,21272,36,15,100,43,18,0,112,84,18519,0,0,0,4,1027,0,0,0,0,0,0
2026-06-21,Display Network,Market Fresh Demand Initiative,East Region Conversion Cohort,18477671,Weekend Deal Hunters Interest Segment,112693653772675234,Product Reel Warm Voice,137942100582601959,Brand Awareness,12.31,8124,0,9280,33,28,100,100,47,0,55,54,6530,0,0,0,2,631,0,0,0,0,0,0
2026-06-21,Marketplace Feed,Home Essentials Promo Initiative,East Region Prospecting Cohort,18477671,Family Planners Interest Segment,311630515941383750,Price Drop Cut Value Voice,668883979484534905,Brand Awareness,68.15,42859,0,44674,54,64,100,100,81,0,160,142,41531,0,0,0,9,1636,0,0,0,0,0,0
2026-06-20,Marketplace Feed,Home Essentials Promo Initiative,East Region Prospecting Cohort,18477671,Bulk Buyers Retention Segment,248674078184555859,Offer Spotlight Bold Voice,452112915739182326,Brand Awareness,73.77,53434,0,54546,69,8,75,26,12,0,9,8,351,0,0,0,18,104,0,0,0,0,0,0
2026-06-20,Marketplace Feed,Home Essentials Promo Initiative,East Region Prospecting Cohort,18477671,Family Planners Interest Segment,126757682204121107,Offer Spotlight Bold Voice,121926468845256924,Brand Awareness,41.72,28152,0,31628,60,4,26,9,4,0,4,3,220,0,0,0,9,57,0,0,0,0,0,0
2026-06-20,Influencer Network,Home Essentials Promo Initiative,East Region Prospecting Cohort,18477671,Health Conscious Buyers Interest Segment,112051189842394453,Price Drop Cut Value Voice,136910279477454488,Brand Awareness,2.46,1543,0,1658,0,0,20,5,1,0,8,7,1215,0,0,0,0,92,0,0,0,0,0,0
2026-06-20,Connected TV,Home Essentials Promo Initiative,East Region Prospecting Cohort,18477671,Health Conscious Buyers Interest Segment,534609213932090705,Price Drop Cut Value Voice,552366212827275778,Brand Awareness,1.42,1314,0,1220,5,5,77,20,6,0,28,21,602,0,0,0,4,176,0,0,0,0,0,0
2026-06-20,Retail Media Network,Home Essentials Promo Initiative,East Region Prospecting Cohort,18477671,Family Planners Interest Segment,311630515941383750,Price Drop Cut Value Voice,668883979484534905,Brand Awareness,43.15,22415,0,28595,27,29,100,74,42,0,80,77,21599,0,0,0,5,968,0,0,0,0,0,0
2026-06-20,Affiliate Network,Home Essentials Promo Initiative,East Region Prospecting Cohort,18477671,Health Conscious Buyers Interest Segment,159890011514394505,Offer Spotlight Bold Voice,142381176949482591,Brand Awareness,10.76,7256,0,6483,11,0,9,2,0,0,0,0,54,0,0,0,4,14,0,0,0,0,0,0
2026-06-20,Marketplace Feed,Home Essentials Promo Initiative,East Region Prospecting Cohort,18477671,Health Conscious Buyers Interest Segment,364535938237621249,Offer Spotlight Bold Voice,103276194285622030,Brand Awareness,0.78,482,0,482,0,0,0,0,0,0,0,0,7,0,0,0,0,0,0,0,0,0,0,0
2026-06-20,Search Network,Market Fresh Demand Initiative,East Region Conversion Cohort,18477671,Health Conscious Buyers Interest Segment,767678956198654887,Product Reel Warm Voice,105409050581285251,Brand Awareness,146.87,99539,0,109266,157,100,100,100,100,0,477,463,87604,1,0,0,41,5288,0,0,0,0,0,0
2026-06-20,Affiliate Network,Smart Choice Impact Initiative,East Region Prospecting Cohort,18477671,Health Conscious Buyers Interest Segment,139882288624590753,Price Drop Cut Direct Voice,131818311870905728,Brand Awareness,9.65,5732,0,6789,10,0,0,0,0,0,0,0,0,0,0,0,0,3,0,0,0,0,0,0
2026-06-20,Connected TV,Smart Choice Impact Initiative,East Region Prospecting Cohort,18477671,Health Conscious Buyers Interest Segment,480027451396060714,Price Drop Cut Direct Voice,104600581524694515,Brand Awareness,0.35,239,0,246,1,0,0,0,0,0,0,0,0,0,0,0,1,1,0,0,0,0,0,0
2026-06-20,Display Network,Smart Choice Impact Initiative,East Region Prospecting Cohort,18477671,Family Planners Interest Segment,840372225327523200,Price Drop Cut Direct Voice,784812318231574872,Brand Awareness,53.16,56033,0,59545,165,0,0,0,0,0,0,0,0,0,0,0,121,97,0,0,0,0,0,0
2026-06-20,Social Feed,Home Essentials Promo Initiative,East Region Prospecting Cohort,18477671,Bulk Buyers Retention Segment,153153839872142797,Shelf Story Warm Voice,136197224744361279,Brand Awareness,58.15,32026,0,37676,37,27,100,61,36,0,171,153,25403,0,0,0,10,1632,0,0,0,0,0,0
2026-06-20,Search Network,Home Essentials Promo Initiative,East Region Prospecting Cohort,18477671,Family Planners Interest Segment,463785616888243848,Shelf Story Warm Voice,917041724367241512,Brand Awareness,35.95,22690,0,22448,20,17,100,43,20,0,93,83,21021,0,0,1,1,940,0,0,0,0,0,0
2026-06-20,Display Network,Home Essentials Promo Initiative,East Region Prospecting Cohort,18477671,Health Conscious Buyers Interest Segment,248379420604111019,Shelf Story Warm Voice,782023714268597622,Brand Awareness,8.88,4867,0,5180,7,6,46,18,7,0,23,22,4848,0,0,0,1,325,0,0,0,0,0,0
2026-06-20,Display Network,Home Essentials Promo Initiative,East Region Prospecting Cohort,18477671,Health Conscious Buyers Interest Segment,200893730051116336,Shelf Story Warm Voice,108280733195277560,Brand Awareness,0.8,569,0,525,1,0,3,0,0,0,0,0,400,0,0,0,1,44,0,0,0,0,0,0
2026-06-20,Marketplace Feed,Home Essentials Promo Initiative,East Region Prospecting Cohort,18477671,Bulk Buyers Retention Segment,162853071358804827,Price Drop Cut Value Voice,738937145322144556,Brand Awareness,44.64,53497,0,49160,54,49,100,100,84,0,373,336,19141,0,0,0,34,3928,0,0,0,0,0,0
2026-06-20,Video Network,Market Fresh Demand Initiative,East Region Conversion Cohort,18477671,Weekend Deal Hunters Interest Segment,112693653772675234,Product Reel Warm Voice,137942100582601959,Brand Awareness,10.93,7008,0,7821,17,24,100,77,34,0,43,38,5809,0,0,0,4,507,0,0,0,0,0,0
2026-06-20,Affiliate Network,Market Fresh Demand Initiative,East Region Conversion Cohort,18477671,Family Planners Interest Segment,135835519402463867,Product Reel Warm Voice,277303463679925256,Brand Awareness,78.15,46383,0,45175,66,100,100,100,100,0,202,194,40167,0,0,0,15,2730,0,0,0,0,0,0
2026-06-20,Affiliate Network,Smart Choice Impact Initiative,East Region Prospecting Cohort,18477671,Bulk Buyers Retention Segment,109119492619545499,Price Drop Cut Direct Voice,110815619208330309,Brand Awareness,62.89,68372,0,58585,126,0,0,0,0,0,0,0,0,0,0,0,97,80,0,0,0,0,0,0
2026-06-19,Affiliate Network,Home Essentials Promo Initiative,East Region Prospecting Cohort,18477671,Health Conscious Buyers Interest Segment,159890011514394505,Offer Spotlight Bold Voice,142381176949482591,Brand Awareness,9.13,6193,0,5909,9,3,11,4,3,0,3,2,48,0,0,0,2,16,0,0,0,0,0,0
2026-06-19,Affiliate Network,Home Essentials Promo Initiative,East Region Prospecting Cohort,18477671,Health Conscious Buyers Interest Segment,112051189842394453,Price Drop Cut Value Voice,136910279477454488,Brand Awareness,3.66,2350,0,2809,7,3,34,11,3,0,14,13,2075,0,0,0,1,168,0,0,0,0,0,0
2026-06-19,Shopping Grid,Home Essentials Promo Initiative,East Region Prospecting Cohort,18477671,Health Conscious Buyers Interest Segment,534609213932090705,Price Drop Cut Value Voice,552366212827275778,Brand Awareness,0.53,379,0,397,1,0,6,1,1,0,1,1,268,0,0,0,0,21,0,0,0,0,0,0
2026-06-19,Display Network,Home Essentials Promo Initiative,East Region Prospecting Cohort,18477671,Bulk Buyers Retention Segment,162853071358804827,Price Drop Cut Value Voice,738937145322144556,Brand Awareness,122.82,123583,0,119868,193,100,100,100,100,0,931,773,53579,0,0,0,157,9699,0,0,0,0,0,0
2026-06-19,Social Feed,Home Essentials Promo Initiative,East Region Prospecting Cohort,18477671,Bulk Buyers Retention Segment,248674078184555859,Offer Spotlight Bold Voice,452112915739182326,Brand Awareness,60.46,42200,0,45517,50,5,57,18,7,0,6,5,322,0,0,0,7,79,0,0,0,0,0,0
2026-06-19,Influencer Network,Home Essentials Promo Initiative,East Region Prospecting Cohort,18477671,Family Planners Interest Segment,126757682204121107,Offer Spotlight Bold Voice,121926468845256924,Brand Awareness,53.26,36975,0,35062,35,9,80,24,13,0,10,8,345,0,0,0,11,105,0,0,0,0,0,0
2026-06-19,Marketplace Feed,Home Essentials Promo Initiative,East Region Prospecting Cohort,18477671,Family Planners Interest Segment,311630515941383750,Price Drop Cut Value Voice,668883979484534905,Brand Awareness,69.11,51232,0,52551,54,56,100,100,92,0,248,243,26612,0,0,0,34,3869,0,0,0,0,0,0
2026-06-19,Video Network,Smart Choice Impact Initiative,East Region Prospecting Cohort,18477671,Family Planners Interest Segment,400897812008861480,Offer Spotlight Bold Voice,480405189437503653,Brand Awareness,0,0,0,0,0,0,0,0,0,0,0,0,0,0,0,0,0,0,0,0,0,0,0,0
2026-06-19,Shopping Grid,Smart Choice Impact Initiative,East Region Prospecting Cohort,18477671,Bulk Buyers Retention Segment,107715783645079938,Offer Spotlight Bold Voice,149589309607813303,Brand Awareness,0,0,0,0,0,0,0,0,0,0,0,0,0,0,0,0,0,0,0,0,0,0,0,0
2026-06-19,Video Network,Market Fresh Demand Initiative,East Region Conversion Cohort,18477671,Health Conscious Buyers Interest Segment,767678956198654887,Product Reel Warm Voice,105409050581285251,Brand Awareness,146.43,93693,0,80091,123,100,100,100,100,0,357,338,84709,0,0,0,27,4162,0,0,0,0,0,0
2026-06-19,Retail Media Network,Market Fresh Demand Initiative,East Region Conversion Cohort,18477671,Family Planners Interest Segment,135835519402463867,Product Reel Warm Voice,277303463679925256,Brand Awareness,68.19,41178,0,42663,59,100,100,100,100,0,235,212,34540,0,0,0,11,2549,0,0,0,0,0,0
2026-06-19,Shopping Grid,Smart Choice Impact Initiative,East Region Prospecting Cohort,18477671,Health Conscious Buyers Interest Segment,139882288624590753,Price Drop Cut Direct Voice,131818311870905728,Brand Awareness,9.45,5560,0,6847,8,0,0,0,0,0,0,0,0,0,0,0,0,5,0,0,0,0,0,0
2026-06-19,Video Network,Smart Choice Impact Initiative,East Region Prospecting Cohort,18477671,Family Planners Interest Segment,840372225327523200,Price Drop Cut Direct Voice,784812318231574872,Brand Awareness,20.12,13004,0,14340,25,0,0,0,0,0,0,0,0,0,0,0,9,17,0,0,0,0,0,0
2026-06-19,Display Network,Home Essentials Promo Initiative,East Region Prospecting Cohort,18477671,Bulk Buyers Retention Segment,153153839872142797,Shelf Story Warm Voice,136197224744361279,Brand Awareness,61.58,42547,0,41101,72,28,100,68,28,0,177,150,37918,0,0,0,20,2224,0,0,0,0,0,0
2026-06-19,Affiliate Network,Home Essentials Promo Initiative,East Region Prospecting Cohort,18477671,Health Conscious Buyers Interest Segment,248379420604111019,Shelf Story Warm Voice,782023714268597622,Brand Awareness,2.88,1676,0,2065,3,3,16,4,3,0,12,10,1580,0,0,0,1,98,0,0,0,0,0,0
2026-06-19,Influencer Network,Home Essentials Promo Initiative,East Region Prospecting Cohort,18477671,Health Conscious Buyers Interest Segment,200893730051116336,Shelf Story Warm Voice,108280733195277560,Brand Awareness,0.55,416,0,374,1,0,4,2,1,0,4,4,345,0,0,0,0,37,0,0,0,0,0,0
2026-06-19,Connected TV,Smart Choice Impact Initiative,East Region Prospecting Cohort,18477671,Bulk Buyers Retention Segment,109119492619545499,Price Drop Cut Direct Voice,110815619208330309,Brand Awareness,94.75,90540,0,94809,264,0,0,0,0,0,0,0,0,0,0,0,190,169,0,0,0,0,0,0
2026-06-19,Affiliate Network,Market Fresh Demand Initiative,East Region Conversion Cohort,18477671,Weekend Deal Hunters Interest Segment,112693653772675234,Product Reel Warm Voice,137942100582601959,Brand Awareness,14.48,7515,0,8994,24,28,100,88,46,0,52,44,7822,0,0,0,3,489,0,0,0,0,0,0
2026-06-19,Shopping Grid,Smart Choice Impact Initiative,East Region Prospecting Cohort,18477671,Health Conscious Buyers Interest Segment,480027451396060714,Price Drop Cut Direct Voice,104600581524694515,Brand Awareness,0.32,244,0,243,0,0,0,0,0,0,0,0,0,0,0,0,0,0,0,0,0,0,0,0
2026-06-19,Affiliate Network,Home Essentials Promo Initiative,East Region Prospecting Cohort,18477671,Family Planners Interest Segment,463785616888243848,Shelf Story Warm Voice,917041724367241512,Brand Awareness,17.73,11330,0,11177,16,6,45,21,12,0,32,32,9560,0,0,0,1,486,0,0,0,0,0,0
2026-06-19,Marketplace Feed,Home Essentials Promo Initiative,East Region Prospecting Cohort,18477671,Health Conscious Buyers Interest Segment,364535938237621249,Offer Spotlight Bold Voice,103276194285622030,Brand Awareness,0.64,443,0,461,2,0,1,0,0,0,0,0,13,0,0,0,0,2,0,0,0,0,0,0
2026-06-18,Video Network,Market Fresh Demand Initiative,Metro Region Prospecting Cohort,18477671,Health Conscious Buyers Interest Segment,111425641592502989,Product Reel Bold Voice,973295260612807555,Brand Awareness,0,0,0,0,0,0,0,0,0,0,0,0,0,0,0,0,0,0,0,0,0,0,0,0
2026-06-18,Shopping Grid,Home Essentials Promo Initiative,East Region Prospecting Cohort,18477671,Family Planners Interest Segment,126757682204121107,Offer Spotlight Bold Voice,121926468845256924,Brand Awareness,54.24,38769,0,37634,54,7,60,17,8,0,7,6,304,0,0,0,14,94,0,0,0,0,0,0
2026-06-18,Influencer Network,Home Essentials Promo Initiative,East Region Prospecting Cohort,18477671,Health Conscious Buyers Interest Segment,159890011514394505,Offer Spotlight Bold Voice,142381176949482591,Brand Awareness,10.80,7312,0,7273,11,0,7,1,0,0,0,0,50,0,0,0,1,8,0,0,0,0,0,0
2026-06-18,Discovery Network,Home Essentials Promo Initiative,East Region Prospecting Cohort,18477671,Health Conscious Buyers Interest Segment,112051189842394453,Price Drop Cut Value Voice,136910279477454488,Brand Awareness,6.32,4284,0,4698,11,6,65,15,7,0,19,18,3276,0,0,0,3,234,0,0,0,0,0,0
2026-06-18,Retail Media Network,Home Essentials Promo Initiative,East Region Prospecting Cohort,18477671,Health Conscious Buyers Interest Segment,534609213932090705,Price Drop Cut Value Voice,552366212827275778,Brand Awareness,0.72,409,0,438,0,0,9,1,1,0,1,1,383,0,0,0,0,29,0,0,0,0,0,0
2026-06-18,Social Feed,Home Essentials Promo Initiative,East Region Prospecting Cohort,18477671,Bulk Buyers Retention Segment,162853071358804827,Price Drop Cut Value Voice,738937145322144556,Brand Awareness,63.99,37484,0,40367,49,46,100,100,62,0,177,153,32499,0,0,0,8,2024,0,0,0,0,0,0
2026-06-18,Video Network,Market Fresh Demand Initiative,East Region Conversion Cohort,18477671,Family Planners Interest Segment,135835519402463867,Product Reel Warm Voice,277303463679925256,Brand Awareness,82.80,58239,0,58080,91,100,100,100,100,0,257,258,47317,0,0,0,24,3109,0,0,0,0,0,0
2026-06-18,Retail Media Network,Smart Choice Impact Initiative,East Region Prospecting Cohort,18477671,Health Conscious Buyers Interest Segment,139882288624590753,Price Drop Cut Direct Voice,131818311870905728,Brand Awareness,3.67,2465,0,2431,2,0,0,0,0,0,0,0,0,0,0,0,0,2,0,0,0,0,0,0
2026-06-18,Retail Media Network,Home Essentials Promo Initiative,East Region Prospecting Cohort,18477671,Health Conscious Buyers Interest Segment,200893730051116336,Shelf Story Warm Voice,108280733195277560,Brand Awareness,0.62,429,0,392,0,0,2,0,0,0,1,1,340,0,0,0,0,25,0,0,0,0,0,0
2026-06-18,Discovery Network,Smart Choice Impact Initiative,East Region Prospecting Cohort,18477671,Family Planners Interest Segment,840372225327523200,Price Drop Cut Direct Voice,784812318231574872,Brand Awareness,36.18,27464,0,29403,48,0,0,0,0,0,0,0,0,0,0,0,30,33,0,0,0,0,0,0
2026-06-18,In-App Display,Home Essentials Promo Initiative,East Region Prospecting Cohort,18477671,Health Conscious Buyers Interest Segment,364535938237621249,Offer Spotlight Bold Voice,103276194285622030,Brand Awareness,0.72,508,0,499,3,0,2,1,0,0,0,0,12,0,0,0,1,4,0,0,0,0,0,0
2026-06-18,Video Network,Home Essentials Promo Initiative,East Region Prospecting Cohort,18477671,Family Planners Interest Segment,463785616888243848,Shelf Story Warm Voice,917041724367241512,Brand Awareness,27.94,19032,0,17885,18,25,100,36,23,0,86,70,13275,0,0,0,5,870,0,0,0,0,0,0
2026-06-18,Marketplace Feed,Home Essentials Promo Initiative,East Region Prospecting Cohort,18477671,Health Conscious Buyers Interest Segment,248379420604111019,Shelf Story Warm Voice,782023714268597622,Brand Awareness,4.60,2883,0,3059,2,4,29,9,3,0,21,18,2720,0,0,0,0,176,0,0,0,0,0,0
2026-06-18,Influencer Network,Home Essentials Promo Initiative,East Region Prospecting Cohort,18477671,Bulk Buyers Retention Segment,153153839872142797,Shelf Story Warm Voice,136197224744361279,Brand Awareness,73.07,44592,0,44703,50,35,100,89,37,0,234,201,36490,0,0,0,19,2405,0,0,0,0,0,0
2026-06-18,Social Feed,Smart Choice Impact Initiative,East Region Prospecting Cohort,18477671,Family Planners Interest Segment,400897812008861480,Offer Spotlight Bold Voice,480405189437503653,Brand Awareness,61.2,39389,0,46247,82,64,100,100,100,0,266,301,36886,0,0,0,26,3053,0,0,0,0,0,0
2026-06-18,Search Network,Smart Choice Impact Initiative,East Region Prospecting Cohort,18477671,Bulk Buyers Retention Segment,107715783645079938,Offer Spotlight Bold Voice,149589309607813303,Brand Awareness,51.31,35245,0,39832,87,43,100,100,65,0,191,209,30558,0,0,0,18,2124,0,0,0,0,0,0
2026-06-18,Retail Media Network,Smart Choice Impact Initiative,East Region Prospecting Cohort,18477671,Health Conscious Buyers Interest Segment,131550595172124090,Offer Spotlight Bold Voice,104977916368343912,Brand Awareness,1.36,1107,0,1177,1,6,70,13,6,0,21,18,711,0,0,0,1,221,0,0,0,0,0,0
2026-06-18,Influencer Network,Smart Choice Impact Initiative,East Region Prospecting Cohort,18477671,Health Conscious Buyers Interest Segment,103535651235991591,Offer Spotlight Bold Voice,127483164261898063,Brand Awareness,2.46,1598,0,1795,2,3,25,6,3,0,10,8,1578,0,0,0,0,118,0,0,0,0,0,0
2026-06-18,Retail Media Network,Market Fresh Demand Initiative,East Region Conversion Cohort,18477671,Weekend Deal Hunters Interest Segment,112693653772675234,Product Reel Warm Voice,137942100582601959,Brand Awareness,14.76,9678,0,10669,24,46,100,100,66,0,66,58,8164,0,0,0,3,623,0,0,0,0,0,0
2026-06-18,Marketplace Feed,Market Fresh Demand Initiative,East Region Conversion Cohort,18477671,Health Conscious Buyers Interest Segment,767678956198654887,Product Reel Warm Voice,105409050581285251,Brand Awareness,134.34,87816,0,99833,144,100,100,100,100,0,459,353,63313,0,0,0,43,4283,0,0,0,0,0,0
2026-06-18,Discovery Network,Home Essentials Promo Initiative,East Region Prospecting Cohort,18477671,Family Planners Interest Segment,311630515941383750,Price Drop Cut Value Voice,668883979484534905,Brand Awareness,54.58,31865,0,36954,58,37,100,100,56,0,131,107,36022,0,0,0,6,1507,0,0,0,0,0,0
2026-06-18,Display Network,Market Fresh Demand Initiative,Metro Region Prospecting Cohort,18477671,Weekend Deal Hunters Interest Segment,161376797460090312,Product Reel Bold Voice,509760748397830743,Brand Awareness,0,0,0,0,0,0,0,0,0,0,0,0,0,0,0,0,0,0,0,0,0,0,0,0
2026-06-18,Search Network,Smart Choice Impact Initiative,East Region Prospecting Cohort,18477671,Bulk Buyers Retention Segment,109119492619545499,Price Drop Cut Direct Voice,110815619208330309,Brand Awareness,81.93,76715,0,90189,167,0,0,0,0,0,0,0,0,0,0,0,130,101,0,0,0,0,0,0
2026-06-18,Shopping Grid,Smart Choice Impact Initiative,East Region Prospecting Cohort,18477671,Health Conscious Buyers Interest Segment,480027451396060714,Price Drop Cut Direct Voice,104600581524694515,Brand Awareness,0.52,427,0,369,0,0,0,0,0,0,0,0,0,0,0,0,0,0,0,0,0,0,0,0
2026-06-18,Retail Media Network,Home Essentials Promo Initiative,East Region Prospecting Cohort,18477671,Bulk Buyers Retention Segment,248674078184555859,Offer Spotlight Bold Voice,452112915739182326,Brand Awareness,60.90,39715,0,38159,26,5,47,14,5,0,4,4,228,0,0,0,5,55,0,0,0,0,0,0
2026-06-17,Influencer Network,Market Fresh Demand Initiative,Metro Region Prospecting Cohort,18477671,Weekend Deal Hunters Interest Segment,161376797460090312,Product Reel Bold Voice,509760748397830743,Brand Awareness,22.12,17702,0,16559,29,0,0,0,0,0,0,0,0,0,0,0,6,13,0,0,0,0,0,0
2026-06-17,Marketplace Feed,Market Fresh Demand Initiative,Metro Region Prospecting Cohort,18477671,Health Conscious Buyers Interest Segment,111425641592502989,Product Reel Bold Voice,973295260612807555,Brand Awareness,38.86,30952,0,32610,36,0,0,0,0,0,0,0,0,0,0,0,6,12,0,0,0,0,0,0
2026-06-17,Shopping Grid,Home Essentials Promo Initiative,East Region Prospecting Cohort,18477671,Bulk Buyers Retention Segment,248674078184555859,Offer Spotlight Bold Voice,452112915739182326,Brand Awareness,45.86,31653,0,32444,30,5,55,17,9,0,5,5,299,0,0,0,6,72,0,0,0,0,0,0
2026-06-17,In-App Display,Home Essentials Promo Initiative,East Region Prospecting Cohort,18477671,Family Planners Interest Segment,126757682204121107,Offer Spotlight Bold Voice,121926468845256924,Brand Awareness,79.57,51945,0,48668,78,29,100,98,47,0,32,27,1160,0,0,0,17,384,0,0,0,0,0,0
2026-06-17,Video Network,Home Essentials Promo Initiative,East Region Prospecting Cohort,18477671,Health Conscious Buyers Interest Segment,159890011514394505,Offer Spotlight Bold Voice,142381176949482591,Brand Awareness,6.47,4117,0,5034,12,1,8,4,1,0,1,1,39,0,0,0,4,15,0,0,0,0,0,0
2026-06-17,Retail Media Network,Home Essentials Promo Initiative,East Region Prospecting Cohort,18477671,Family Planners Interest Segment,311630515941383750,Price Drop Cut Value Voice,668883979484534905,Brand Awareness,35.15,30265,0,31008,51,35,100,100,61,0,219,201,20096,0,0,0,27,2158,0,0,0,0,0,0
2026-06-17,Affiliate Network,Smart Choice Impact Initiative,East Region Prospecting Cohort,18477671,Bulk Buyers Retention Segment,107715783645079938,Offer Spotlight Bold Voice,149589309607813303,Brand Awareness,49.15,33905,0,37537,93,41,100,100,61,0,215,166,30782,0,0,0,19,2346,0,0,0,0,0,0
2026-06-17,Shopping Grid,Smart Choice Impact Initiative,East Region Prospecting Cohort,18477671,Health Conscious Buyers Interest Segment,103535651235991591,Offer Spotlight Bold Voice,127483164261898063,Brand Awareness,2.29,1746,0,1600,0,0,25,7,2,0,11,8,1520,0,0,0,0,126,0,0,0,0,0,0
2026-06-17,Shopping Grid,Market Fresh Demand Initiative,East Region Conversion Cohort,18477671,Weekend Deal Hunters Interest Segment,112693653772675234,Product Reel Warm Voice,137942100582601959,Brand Awareness,12.98,9037,0,9526,28,32,100,100,58,0,51,47,7157,0,0,0,4,635,0,0,0,0,0,0
2026-06-17,Social Feed,Market Fresh Demand Initiative,East Region Conversion Cohort,18477671,Health Conscious Buyers Interest Segment,767678956198654887,Product Reel Warm Voice,105409050581285251,Brand Awareness,117.58,86110,0,82459,138,100,100,100,100,0,370,282,75216,0,0,0,26,4145,0,0,0,0,0,0
2026-06-17,Shopping Grid,Market Fresh Demand Initiative,East Region Conversion Cohort,18477671,Family Planners Interest Segment,135835519402463867,Product Reel Warm Voice,277303463679925256,Brand Awareness,90.64,62229,0,59783,77,100,100,100,100,0,366,321,56272,0,0,0,24,3269,0,0,0,0,0,0
2026-06-17,Influencer Network,Smart Choice Impact Initiative,East Region Prospecting Cohort,18477671,Health Conscious Buyers Interest Segment,139882288624590753,Price Drop Cut Direct Voice,131818311870905728,Brand Awareness,4.05,2623,0,2453,4,0,0,0,0,0,0,0,0,0,0,0,1,3,0,0,0,0,0,0
2026-06-17,Influencer Network,Smart Choice Impact Initiative,East Region Prospecting Cohort,18477671,Family Planners Interest Segment,840372225327523200,Price Drop Cut Direct Voice,784812318231574872,Brand Awareness,37.6,27727,0,34175,61,0,0,0,0,0,0,0,0,0,0,0,24,40,0,0,0,0,0,0
2026-06-17,Video Network,Smart Choice Impact Initiative,East Region Prospecting Cohort,18477671,Bulk Buyers Retention Segment,109119492619545499,Price Drop Cut Direct Voice,110815619208330309,Brand Awareness,103.9,97318,0,102871,246,0,0,0,0,0,0,0,0,0,0,0,197,171,0,0,0,0,0,0
2026-06-17,Shopping Grid,Home Essentials Promo Initiative,East Region Prospecting Cohort,18477671,Bulk Buyers Retention Segment,153153839872142797,Shelf Story Warm Voice,136197224744361279,Brand Awareness,55.46,37020,0,32860,51,26,100,68,37,0,146,128,33048,0,0,0,7,1770,0,0,0,0,0,0
2026-06-17,Connected TV,Home Essentials Promo Initiative,East Region Prospecting Cohort,18477671,Family Planners Interest Segment,463785616888243848,Shelf Story Warm Voice,917041724367241512,Brand Awareness,26.60,16177,0,18483,23,14,100,39,22,0,88,75,12522,0,0,0,8,920,0,0,0,0,0,0
2026-06-17,Display Network,Home Essentials Promo Initiative,East Region Prospecting Cohort,18477671,Health Conscious Buyers Interest Segment,248379420604111019,Shelf Story Warm Voice,782023714268597622,Brand Awareness,15.36,8710,0,10060,18,9,77,24,14,0,48,48,7956,0,0,0,4,506,0,0,0,0,0,0
2026-06-17,In-App Display,Home Essentials Promo Initiative,East Region Prospecting Cohort,18477671,Health Conscious Buyers Interest Segment,200893730051116336,Shelf Story Warm Voice,108280733195277560,Brand Awareness,1.51,1024,0,953,2,1,10,4,3,0,8,6,930,0,0,0,0,53,0,0,0,0,0,0
2026-06-17,Affiliate Network,Smart Choice Impact Initiative,East Region Prospecting Cohort,18477671,Health Conscious Buyers Interest Segment,131550595172124090,Offer Spotlight Bold Voice,104977916368343912,Brand Awareness,1.10,860,0,752,1,2,58,8,3,0,13,10,442,0,0,0,0,136,0,0,0,0,0,0
2026-06-17,Influencer Network,Smart Choice Impact Initiative,East Region Prospecting Cohort,18477671,Health Conscious Buyers Interest Segment,480027451396060714,Price Drop Cut Direct Voice,104600581524694515,Brand Awareness,0.74,518,0,523,1,0,0,0,0,0,0,0,0,0,0,0,0,0,0,0,0,0,0,0
2026-06-17,Social Feed,Home Essentials Promo Initiative,East Region Prospecting Cohort,18477671,Health Conscious Buyers Interest Segment,534609213932090705,Price Drop Cut Value Voice,552366212827275778,Brand Awareness,1.36,1140,0,1466,0,6,100,20,8,0,35,32,650,0,0,0,0,214,0,0,0,0,0,0
2026-06-17,Display Network,Home Essentials Promo Initiative,East Region Prospecting Cohort,18477671,Health Conscious Buyers Interest Segment,364535938237621249,Offer Spotlight Bold Voice,103276194285622030,Brand Awareness,0.45,363,0,413,1,1,4,1,1,0,1,1,12,0,0,0,1,5,0,0,0,0,0,0
2026-06-17,Display Network,Home Essentials Promo Initiative,East Region Prospecting Cohort,18477671,Health Conscious Buyers Interest Segment,112051189842394453,Price Drop Cut Value Voice,136910279477454488,Brand Awareness,1.68,1206,0,1215,4,1,18,3,1,0,5,5,810,0,0,0,0,63,0,0,0,0,0,0
2026-06-17,Search Network,Home Essentials Promo Initiative,East Region Prospecting Cohort,18477671,Bulk Buyers Retention Segment,162853071358804827,Price Drop Cut Value Voice,738937145322144556,Brand Awareness,52.10,68385,0,70973,149,99,100,100,100,0,675,571,30007,0,0,0,102,6296,0,0,0,0,0,0
2026-06-17,Social Feed,Smart Choice Impact Initiative,East Region Prospecting Cohort,18477671,Family Planners Interest Segment,400897812008861480,Offer Spotlight Bold Voice,480405189437503653,Brand Awareness,71.62,38440,0,47842,106,52,100,100,78,0,181,162,40501,0,0,0,13,2751,0,0,0,0,0,0
2026-06-16,Video Network,Market Fresh Demand Initiative,Metro Region Prospecting Cohort,18477671,Weekend Deal Hunters Interest Segment,161376797460090312,Product Reel Bold Voice,509760748397830743,Brand Awareness,22.1,13715,0,17210,25,0,0,0,0,0,0,0,0,0,0,0,6,9,0,0,0,0,0,0
2026-06-16,Marketplace Feed,Home Essentials Promo Initiative,East Region Prospecting Cohort,18477671,Bulk Buyers Retention Segment,248674078184555859,Offer Spotlight Bold Voice,452112915739182326,Brand Awareness,51.41,40726,0,39545,42,6,45,16,10,0,8,7,261,0,0,0,10,63,0,0,0,0,0,0
2026-06-16,Connected TV,Home Essentials Promo Initiative,East Region Prospecting Cohort,18477671,Family Planners Interest Segment,126757682204121107,Offer Spotlight Bold Voice,121926468845256924,Brand Awareness,62.08,40902,0,44627,55,3,47,13,4,0,4,3,282,0,0,0,12,70,0,0,0,0,0,0
2026-06-16,Shopping Grid,Home Essentials Promo Initiative,East Region Prospecting Cohort,18477671,Health Conscious Buyers Interest Segment,112051189842394453,Price Drop Cut Value Voice,136910279477454488,Brand Awareness,2.69,1816,0,1857,3,3,24,5,3,0,7,7,1237,0,0,0,2,119,0,0,0,0,0,0
2026-06-16,Social Feed,Smart Choice Impact Initiative,East Region Prospecting Cohort,18477671,Family Planners Interest Segment,400897812008861480,Offer Spotlight Bold Voice,480405189437503653,Brand Awareness,61.39,43656,0,49335,76,59,100,100,82,0,191,197,41487,0,0,0,13,2466,0,0,0,0,0,0
2026-06-16,Discovery Network,Smart Choice Impact Initiative,East Region Prospecting Cohort,18477671,Bulk Buyers Retention Segment,107715783645079938,Offer Spotlight Bold Voice,149589309607813303,Brand Awareness,46.16,34282,0,34380,91,43,100,100,56,0,147,150,31140,0,0,0,10,1631,0,0,0,0,0,0
2026-06-16,Connected TV,Smart Choice Impact Initiative,East Region Prospecting Cohort,18477671,Health Conscious Buyers Interest Segment,131550595172124090,Offer Spotlight Bold Voice,104977916368343912,Brand Awareness,0.69,572,0,500,0,3,34,6,4,0,10,8,369,0,0,0,0,94,0,0,0,0,0,0
2026-06-16,Connected TV,Smart Choice Impact Initiative,East Region Prospecting Cohort,18477671,Health Conscious Buyers Interest Segment,103535651235991591,Offer Spotlight Bold Voice,127483164261898063,Brand Awareness,2.06,1543,0,1442,4,2,28,5,4,0,8,9,1325,0,0,0,0,108,0,0,0,0,0,0
2026-06-16,In-App Display,Market Fresh Demand Initiative,East Region Conversion Cohort,18477671,Weekend Deal Hunters Interest Segment,112693653772675234,Product Reel Warm Voice,137942100582601959,Brand Awareness,10.38,7027,0,6719,18,16,100,62,31,0,38,29,6110,0,0,0,4,349,0,0,0,0,0,0
2026-06-16,Retail Media Network,Market Fresh Demand Initiative,East Region Conversion Cohort,18477671,Health Conscious Buyers Interest Segment,767678956198654887,Product Reel Warm Voice,105409050581285251,Brand Awareness,109.73,72728,0,79202,127,100,100,100,100,0,395,402,66310,1,0,0,19,4025,0,0,0,0,0,0
2026-06-16,Social Feed,Smart Choice Impact Initiative,East Region Prospecting Cohort,18477671,Health Conscious Buyers Interest Segment,480027451396060714,Price Drop Cut Direct Voice,104600581524694515,Brand Awareness,0.28,210,0,186,0,0,0,0,0,0,0,0,0,0,0,0,0,0,0,0,0,0,0,0
2026-06-16,In-App Display,Smart Choice Impact Initiative,East Region Prospecting Cohort,18477671,Family Planners Interest Segment,840372225327523200,Price Drop Cut Direct Voice,784812318231574872,Brand Awareness,90.48,102552,0,93740,239,0,0,0,0,0,0,0,0,0,0,0,178,172,0,0,0,0,0,0
2026-06-16,Shopping Grid,Smart Choice Impact Initiative,East Region Prospecting Cohort,18477671,Bulk Buyers Retention Segment,109119492619545499,Price Drop Cut Direct Voice,110815619208330309,Brand Awareness,26.27,24061,0,22458,38,0,0,0,0,0,0,0,0,0,0,0,16,17,0,0,0,0,0,0
2026-06-16,Connected TV,Home Essentials Promo Initiative,East Region Prospecting Cohort,18477671,Health Conscious Buyers Interest Segment,248379420604111019,Shelf Story Warm Voice,782023714268597622,Brand Awareness,18.2,11917,0,13961,35,12,100,33,21,0,86,90,8435,0,0,0,12,1048,0,0,0,0,0,0
2026-06-16,Connected TV,Home Essentials Promo Initiative,East Region Prospecting Cohort,18477671,Health Conscious Buyers Interest Segment,159890011514394505,Offer Spotlight Bold Voice,142381176949482591,Brand Awareness,8.5,5828,0,5557,9,2,8,5,3,0,2,2,44,0,0,0,2,12,0,0,0,0,0,0
2026-06-16,Shopping Grid,Market Fresh Demand Initiative,East Region Conversion Cohort,18477671,Family Planners Interest Segment,135835519402463867,Product Reel Warm Voice,277303463679925256,Brand Awareness,91.83,61466,0,54261,71,100,100,100,100,0,257,201,44947,0,0,0,15,2932,0,0,0,0,0,0
2026-06-16,Social Feed,Smart Choice Impact Initiative,East Region Prospecting Cohort,18477671,Health Conscious Buyers Interest Segment,139882288624590753,Price Drop Cut Direct Voice,131818311870905728,Brand Awareness,0.86,562,0,668,1,0,0,0,0,0,0,0,0,0,0,0,0,0,0,0,0,0,0,0
2026-06-16,Retail Media Network,Home Essentials Promo Initiative,East Region Prospecting Cohort,18477671,Family Planners Interest Segment,463785616888243848,Shelf Story Warm Voice,917041724367241512,Brand Awareness,24,17396,0,17549,34,17,100,39,22,0,97,91,15104,0,0,0,6,898,0,0,0,0,0,0
2026-06-16,Shopping Grid,Home Essentials Promo Initiative,East Region Prospecting Cohort,18477671,Health Conscious Buyers Interest Segment,200893730051116336,Shelf Story Warm Voice,108280733195277560,Brand Awareness,1.19,731,0,855,1,0,6,3,0,0,5,5,607,0,0,0,0,63,0,0,0,0,0,0
2026-06-16,Video Network,Smart Choice Impact Initiative,East Region Prospecting Cohort,18477671,Bulk Buyers Retention Segment,157163993569863340,Offer Spotlight Bold Voice,110977781755517789,Brand Awareness,0,0,0,0,0,0,0,0,0,0,0,0,0,0,0,0,0,0,0,0,0,0,0,0
2026-06-16,Display Network,Home Essentials Promo Initiative,East Region Prospecting Cohort,18477671,Bulk Buyers Retention Segment,162853071358804827,Price Drop Cut Value Voice,738937145322144556,Brand Awareness,104.21,116674,0,114274,188,100,100,100,100,0,877,785,44280,0,0,0,142,9212,0,0,0,0,0,0
2026-06-16,Search Network,Market Fresh Demand Initiative,Metro Region Prospecting Cohort,18477671,Health Conscious Buyers Interest Segment,111425641592502989,Product Reel Bold Voice,973295260612807555,Brand Awareness,43.55,31974,0,29218,50,0,0,0,0,0,0,0,0,0,0,0,13,24,0,0,0,0,0,0
2026-06-16,Discovery Network,Home Essentials Promo Initiative,East Region Prospecting Cohort,18477671,Health Conscious Buyers Interest Segment,364535938237621249,Offer Spotlight Bold Voice,103276194285622030,Brand Awareness,0.52,355,0,465,0,0,0,0,0,0,0,0,3,0,0,0,0,0,0,0,0,0,0,0
2026-06-16,Connected TV,Home Essentials Promo Initiative,East Region Prospecting Cohort,18477671,Health Conscious Buyers Interest Segment,534609213932090705,Price Drop Cut Value Voice,552366212827275778,Brand Awareness,0.44,261,0,343,1,0,5,0,0,0,0,0,245,0,0,0,0,33,0,0,0,0,0,0
2026-06-16,Marketplace Feed,Home Essentials Promo Initiative,East Region Prospecting Cohort,18477671,Bulk Buyers Retention Segment,153153839872142797,Shelf Story Warm Voice,136197224744361279,Brand Awareness,25.2,15413,0,18343,28,14,100,35,17,0,76,67,12549,0,0,0,11,892,0,0,0,0,0,0
2026-06-16,Social Feed,Home Essentials Promo Initiative,East Region Prospecting Cohort,18477671,Family Planners Interest Segment,311630515941383750,Price Drop Cut Value Voice,668883979484534905,Brand Awareness,73.38,59975,0,73301,85,90,100,100,100,0,534,426,34479,0,0,0,60,5323,0,0,0,0,0,0
2026-06-16,Discovery Network,Smart Choice Impact Initiative,East Region Prospecting Cohort,18477671,Family Planners Interest Segment,437683611895344081,Offer Spotlight Bold Voice,180926024741464574,Brand Awareness,0,0,0,0,0,0,0,0,0,0,0,0,0,0,0,0,0,0,0,0,0,0,0,0
2026-06-16,Retail Media Network,Smart Choice Impact Initiative,East Region Prospecting Cohort,18477671,Health Conscious Buyers Interest Segment,239407488533427282,Offer Spotlight Bold Voice,207971324484544728,Brand Awareness,0,0,0,0,0,0,0,0,0,0,0,0,0,0,0,0,0,0,0,0,0,0,0,0
2026-06-15,Marketplace Feed,Market Fresh Demand Initiative,Metro Region Prospecting Cohort,18477671,Weekend Deal Hunters Interest Segment,161376797460090312,Product Reel Bold Voice,509760748397830743,Brand Awareness,21.06,13838,0,15596,39,0,0,0,0,0,0,0,0,0,0,0,15,19,0,0,0,0,0,0
2026-06-15,Display Network,Market Fresh Demand Initiative,Metro Region Prospecting Cohort,18477671,Health Conscious Buyers Interest Segment,111425641592502989,Product Reel Bold Voice,973295260612807555,Brand Awareness,47.66,37472,0,41691,64,0,0,0,0,0,0,0,0,0,0,0,24,33,0,0,0,0,0,0
2026-06-15,Retail Media Network,Home Essentials Promo Initiative,East Region Prospecting Cohort,18477671,Bulk Buyers Retention Segment,248674078184555859,Offer Spotlight Bold Voice,452112915739182326,Brand Awareness,50.34,38654,0,39259,59,7,69,24,12,0,8,7,399,0,0,0,15,106,0,0,0,0,0,0
2026-06-15,Connected TV,Home Essentials Promo Initiative,East Region Prospecting Cohort,18477671,Health Conscious Buyers Interest Segment,159890011514394505,Offer Spotlight Bold Voice,142381176949482591,Brand Awareness,12.76,8605,0,8948,15,2,3,3,2,0,2,2,49,0,0,0,4,11,0,0,0,0,0,0
2026-06-15,Video Network,Home Essentials Promo Initiative,East Region Prospecting Cohort,18477671,Health Conscious Buyers Interest Segment,534609213932090705,Price Drop Cut Value Voice,552366212827275778,Brand Awareness,0.80,602,0,665,1,0,25,6,4,0,5,4,432,0,0,0,1,52,0,0,0,0,0,0
2026-06-15,Affiliate Network,Home Essentials Promo Initiative,East Region Prospecting Cohort,18477671,Bulk Buyers Retention Segment,162853071358804827,Price Drop Cut Value Voice,738937145322144556,Brand Awareness,62.15,49277,0,50555,64,54,100,100,65,0,157,145,33124,0,0,0,19,2222,0,0,0,0,0,0
2026-06-15,Discovery Network,Home Essentials Promo Initiative,East Region Prospecting Cohort,18477671,Family Planners Interest Segment,311630515941383750,Price Drop Cut Value Voice,668883979484534905,Brand Awareness,59.97,43690,0,37527,58,40,100,100,64,0,121,106,32341,0,0,0,9,1519,0,0,0,0,0,0
2026-06-15,Display Network,Smart Choice Impact Initiative,East Region Prospecting Cohort,18477671,Health Conscious Buyers Interest Segment,239407488533427282,Offer Spotlight Bold Voice,207971324484544728,Brand Awareness,8.78,6305,0,4969,4,4,27,10,6,0,28,25,4106,0,0,0,2,421,0,0,0,0,0,0
2026-06-15,Influencer Network,Smart Choice Impact Initiative,East Region Prospecting Cohort,18477671,Family Planners Interest Segment,400897812008861480,Offer Spotlight Bold Voice,480405189437503653,Brand Awareness,69.73,93588,0,101892,130,83,100,100,100,0,740,658,35524,0,0,0,106,7887,0,0,0,0,0,0
2026-06-15,Social Feed,Smart Choice Impact Initiative,East Region Prospecting Cohort,18477671,Bulk Buyers Retention Segment,107715783645079938,Offer Spotlight Bold Voice,149589309607813303,Brand Awareness,19.96,13607,0,12687,30,9,100,41,22,0,62,53,10278,0,0,0,9,806,0,0,0,0,0,0
2026-06-15,Shopping Grid,Smart Choice Impact Initiative,East Region Prospecting Cohort,18477671,Health Conscious Buyers Interest Segment,131550595172124090,Offer Spotlight Bold Voice,104977916368343912,Brand Awareness,1.41,1484,0,1378,1,3,63,14,9,0,20,20,759,0,0,0,1,174,0,0,0,0,0,0
2026-06-15,Social Feed,Smart Choice Impact Initiative,East Region Prospecting Cohort,18477671,Health Conscious Buyers Interest Segment,103535651235991591,Offer Spotlight Bold Voice,127483164261898063,Brand Awareness,0.7,571,0,545,2,0,10,3,0,0,6,5,411,0,0,0,0,45,0,0,0,0,0,0
2026-06-15,Social Feed,Market Fresh Demand Initiative,East Region Conversion Cohort,18477671,Family Planners Interest Segment,135835519402463867,Product Reel Warm Voice,277303463679925256,Brand Awareness,102.70,72857,0,60718,113,100,100,100,100,0,324,286,55905,0,0,0,25,3462,0,0,0,0,0,0
2026-06-15,Marketplace Feed,Smart Choice Impact Initiative,East Region Prospecting Cohort,18477671,Health Conscious Buyers Interest Segment,139882288624590753,Price Drop Cut Direct Voice,131818311870905728,Brand Awareness,1.50,1269,0,1296,0,0,0,0,0,0,0,0,0,0,0,0,0,0,0,0,0,0,0,0
2026-06-15,Social Feed,Smart Choice Impact Initiative,East Region Prospecting Cohort,18477671,Health Conscious Buyers Interest Segment,480027451396060714,Price Drop Cut Direct Voice,104600581524694515,Brand Awareness,0.3,256,0,294,0,0,0,0,0,0,0,0,0,0,0,0,0,0,0,0,0,0,0,0
2026-06-15,Search Network,Smart Choice Impact Initiative,East Region Prospecting Cohort,18477671,Bulk Buyers Retention Segment,109119492619545499,Price Drop Cut Direct Voice,110815619208330309,Brand Awareness,30.61,33786,0,37802,89,0,0,0,0,0,0,0,0,0,0,0,51,47,0,0,0,0,0,0
2026-06-15,Connected TV,Home Essentials Promo Initiative,East Region Prospecting Cohort,18477671,Health Conscious Buyers Interest Segment,364535938237621249,Offer Spotlight Bold Voice,103276194285622030,Brand Awareness,1.08,813,0,800,1,0,3,1,0,0,0,0,22,0,0,0,0,4,0,0,0,0,0,0
2026-06-15,Video Network,Home Essentials Promo Initiative,East Region Prospecting Cohort,18477671,Health Conscious Buyers Interest Segment,112051189842394453,Price Drop Cut Value Voice,136910279477454488,Brand Awareness,5.71,3766,0,3217,10,3,31,9,5,0,10,10,3165,0,0,0,1,188,0,0,0,0,0,0
2026-06-15,Connected TV,Market Fresh Demand Initiative,East Region Conversion Cohort,18477671,Weekend Deal Hunters Interest Segment,112693653772675234,Product Reel Warm Voice,137942100582601959,Brand Awareness,7.0,5276,0,5116,23,27,100,79,44,0,42,35,4264,0,0,0,7,347,0,0,0,0,0,0
2026-06-15,Marketplace Feed,Smart Choice Impact Initiative,East Region Prospecting Cohort,18477671,Family Planners Interest Segment,840372225327523200,Price Drop Cut Direct Voice,784812318231574872,Brand Awareness,61.72,55547,0,64676,117,0,0,0,0,0,0,0,0,0,0,0,75,77,0,0,0,0,0,0
2026-06-15,Influencer Network,Smart Choice Impact Initiative,East Region Prospecting Cohort,18477671,Family Planners Interest Segment,437683611895344081,Offer Spotlight Bold Voice,180926024741464574,Brand Awareness,61.7,38880,0,40442,56,23,100,61,31,0,205,170,32559,0,0,0,6,2060,0,0,0,0,0,0
2026-06-15,Marketplace Feed,Smart Choice Impact Initiative,East Region Prospecting Cohort,18477671,Bulk Buyers Retention Segment,157163993569863340,Offer Spotlight Bold Voice,110977781755517789,Brand Awareness,49.86,27876,0,31375,36,13,100,37,19,0,95,103,26295,0,0,0,8,1678,0,0,0,0,0,0
2026-06-15,Affiliate Network,Market Fresh Demand Initiative,East Region Conversion Cohort,18477671,Health Conscious Buyers Interest Segment,767678956198654887,Product Reel Warm Voice,105409050581285251,Brand Awareness,138.16,78288,0,89989,147,100,100,100,100,0,465,386,73320,0,0,0,26,5244,0,0,0,0,0,0
2026-06-15,Video Network,Smart Choice Impact Initiative,East Region Prospecting Cohort,18477671,Health Conscious Buyers Interest Segment,472217382839938538,Offer Spotlight Bold Voice,183438235716363676,Brand Awareness,0.30,250,0,238,0,0,1,1,0,0,1,1,198,0,0,0,0,21,0,0,0,0,0,0
2026-06-15,Affiliate Network,Home Essentials Promo Initiative,East Region Prospecting Cohort,18477671,Family Planners Interest Segment,126757682204121107,Offer Spotlight Bold Voice,121926468845256924,Brand Awareness,48.90,36121,0,44979,48,8,44,18,13,0,7,6,232,0,0,0,10,66,0,0,0,0,0,0
2026-06-14,Affiliate Network,Home Essentials Promo Initiative,East Region Prospecting Cohort,18477671,Health Conscious Buyers Interest Segment,159890011514394505,Offer Spotlight Bold Voice,142381176949482591,Brand Awareness,10.77,7150,0,9073,13,0,15,4,1,0,0,0,54,0,0,0,2,16,0,0,0,0,0,0
2026-06-14,Retail Media Network,Home Essentials Promo Initiative,East Region Prospecting Cohort,18477671,Health Conscious Buyers Interest Segment,364535938237621249,Offer Spotlight Bold Voice,103276194285622030,Brand Awareness,0.87,630,0,599,1,0,2,0,0,0,0,0,7,0,0,0,0,2,0,0,0,0,0,0
2026-06-14,Affiliate Network,Home Essentials Promo Initiative,East Region Prospecting Cohort,18477671,Health Conscious Buyers Interest Segment,112051189842394453,Price Drop Cut Value Voice,136910279477454488,Brand Awareness,6.99,3695,0,4742,9,5,68,9,6,0,14,12,3865,0,0,0,2,256,0,0,0,0,0,0
2026-06-14,Shopping Grid,Home Essentials Promo Initiative,East Region Prospecting Cohort,18477671,Health Conscious Buyers Interest Segment,534609213932090705,Price Drop Cut Value Voice,552366212827275778,Brand Awareness,1.42,1132,0,1140,0,1,44,12,4,0,14,13,631,0,0,0,0,81,0,0,0,0,0,0
2026-06-14,Display Network,Home Essentials Promo Initiative,East Region Prospecting Cohort,18477671,Bulk Buyers Retention Segment,162853071358804827,Price Drop Cut Value Voice,738937145322144556,Brand Awareness,50.79,32512,0,33151,39,43,100,100,48,0,164,152,26659,0,0,0,8,1887,0,0,0,0,0,0
2026-06-14,Marketplace Feed,Home Essentials Promo Initiative,East Region Prospecting Cohort,18477671,Family Planners Interest Segment,311630515941383750,Price Drop Cut Value Voice,668883979484534905,Brand Awareness,67.28,47158,0,51468,43,52,100,100,76,0,153,140,45080,0,0,0,5,1980,0,0,0,0,0,0
2026-06-14,Display Network,Smart Choice Impact Initiative,East Region Prospecting Cohort,18477671,Bulk Buyers Retention Segment,157163993569863340,Offer Spotlight Bold Voice,110977781755517789,Brand Awareness,26.98,19701,0,19009,18,9,78,25,13,0,72,75,18528,0,0,0,1,1038,0,0,0,0,0,0
2026-06-14,Shopping Grid,Smart Choice Impact Initiative,East Region Prospecting Cohort,18477671,Health Conscious Buyers Interest Segment,472217382839938538,Offer Spotlight Bold Voice,183438235716363676,Brand Awareness,0.22,164,0,140,0,0,0,0,0,0,0,0,127,0,0,0,0,17,0,0,0,0,0,0
2026-06-14,In-App Display,Smart Choice Impact Initiative,East Region Prospecting Cohort,18477671,Health Conscious Buyers Interest Segment,239407488533427282,Offer Spotlight Bold Voice,207971324484544728,Brand Awareness,8.46,4723,0,4645,5,2,28,6,4,0,29,21,3895,0,0,0,1,384,0,0,0,0,0,0
2026-06-14,Search Network,Smart Choice Impact Initiative,East Region Prospecting Cohort,18477671,Family Planners Interest Segment,400897812008861480,Offer Spotlight Bold Voice,480405189437503653,Brand Awareness,109.06,86602,0,77266,203,100,100,100,100,0,622,700,51827,0,0,0,98,7150,0,0,0,0,0,0
2026-06-14,Affiliate Network,Smart Choice Impact Initiative,East Region Prospecting Cohort,18477671,Health Conscious Buyers Interest Segment,131550595172124090,Offer Spotlight Bold Voice,104977916368343912,Brand Awareness,0.26,211,0,249,0,0,6,3,2,0,4,3,143,0,0,0,0,17,0,0,0,0,0,0
2026-06-14,Search Network,Smart Choice Impact Initiative,East Region Prospecting Cohort,18477671,Health Conscious Buyers Interest Segment,103535651235991591,Offer Spotlight Bold Voice,127483164261898063,Brand Awareness,1.6,977,0,986,1,1,20,5,3,0,7,8,822,0,0,0,0,66,0,0,0,0,0,0
2026-06-14,Discovery Network,Smart Choice Impact Initiative,East Region Prospecting Cohort,18477671,Bulk Buyers Retention Segment,107715783645079938,Offer Spotlight Bold Voice,149589309607813303,Brand Awareness,42.13,27412,0,28121,58,31,100,89,45,0,124,121,23126,0,0,0,10,1812,0,0,0,0,0,0
2026-06-14,Discovery Network,Market Fresh Demand Initiative,Metro Region Prospecting Cohort,18477671,Health Conscious Buyers Interest Segment,111425641592502989,Product Reel Bold Voice,973295260612807555,Brand Awareness,43,29025,0,29954,63,0,0,0,0,0,0,0,0,0,0,0,24,30,0,0,0,0,0,0
2026-06-14,Discovery Network,Market Fresh Demand Initiative,Metro Region Prospecting Cohort,18477671,Weekend Deal Hunters Interest Segment,161376797460090312,Product Reel Bold Voice,509760748397830743,Brand Awareness,26.8,16752,0,17317,47,0,0,0,0,0,0,0,0,0,0,0,14,19,0,0,0,0,0,0
2026-06-14,Discovery Network,Smart Choice Impact Initiative,East Region Prospecting Cohort,18477671,Family Planners Interest Segment,437683611895344081,Offer Spotlight Bold Voice,180926024741464574,Brand Awareness,79.3,61019,0,61096,70,33,100,63,40,0,252,213,54454,0,0,0,10,2716,0,0,0,0,0,0
2026-06-14,Retail Media Network,Home Essentials Promo Initiative,East Region Prospecting Cohort,18477671,Family Planners Interest Segment,126757682204121107,Offer Spotlight Bold Voice,121926468845256924,Brand Awareness,55.2,33635,0,40730,51,4,49,12,8,0,4,5,307,0,0,0,15,69,0,0,0,0,0,0
2026-06-14,Retail Media Network,Home Essentials Promo Initiative,East Region Prospecting Cohort,18477671,Bulk Buyers Retention Segment,248674078184555859,Offer Spotlight Bold Voice,452112915739182326,Brand Awareness,62.77,48544,0,39344,43,5,52,16,8,0,5,4,266,0,0,0,13,70,0,0,0,0,0,0
2026-06-13,Discovery Network,Market Fresh Demand Initiative,Metro Region Prospecting Cohort,18477671,Weekend Deal Hunters Interest Segment,161376797460090312,Product Reel Bold Voice,509760748397830743,Brand Awareness,19.35,14434,0,14952,37,0,0,0,0,0,0,0,0,0,0,0,12,18,0,0,0,0,0,0
2026-06-13,Social Feed,Market Fresh Demand Initiative,Metro Region Prospecting Cohort,18477671,Health Conscious Buyers Interest Segment,111425641592502989,Product Reel Bold Voice,973295260612807555,Brand Awareness,47.40,31936,0,35077,65,0,0,0,0,0,0,0,0,0,0,0,28,36,0,0,0,0,0,0
2026-06-13,Display Network,Home Essentials Promo Initiative,East Region Prospecting Cohort,18477671,Health Conscious Buyers Interest Segment,159890011514394505,Offer Spotlight Bold Voice,142381176949482591,Brand Awareness,10.03,5848,0,6901,12,2,4,2,2,0,2,2,41,0,0,0,1,9,0,0,0,0,0,0
2026-06-13,Search Network,Home Essentials Promo Initiative,East Region Prospecting Cohort,18477671,Health Conscious Buyers Interest Segment,112051189842394453,Price Drop Cut Value Voice,136910279477454488,Brand Awareness,5.83,3155,0,3891,4,6,62,15,6,0,20,15,3377,0,0,0,0,255,0,0,0,0,0,0
2026-06-13,Display Network,Home Essentials Promo Initiative,East Region Prospecting Cohort,18477671,Family Planners Interest Segment,311630515941383750,Price Drop Cut Value Voice,668883979484534905,Brand Awareness,93.17,47250,0,52380,77,45,100,100,74,0,196,177,48773,0,0,1,17,2679,0,0,0,0,0,0
2026-06-13,Connected TV,Smart Choice Impact Initiative,East Region Prospecting Cohort,18477671,Family Planners Interest Segment,534542628136685144,Offer Spotlight Bold Voice,116526341254524535,Brand Awareness,0,0,0,0,0,0,0,0,0,0,0,0,0,0,0,0,0,0,0,0,0,0,0,0
2026-06-13,Retail Media Network,Smart Choice Impact Initiative,East Region Prospecting Cohort,18477671,Bulk Buyers Retention Segment,157163993569863340,Offer Spotlight Bold Voice,110977781755517789,Brand Awareness,41.50,28402,0,26366,53,7,89,30,14,0,95,81,19689,0,0,0,9,1228,0,0,0,0,0,0
2026-06-13,Search Network,Smart Choice Impact Initiative,East Region Prospecting Cohort,18477671,Health Conscious Buyers Interest Segment,239407488533427282,Offer Spotlight Bold Voice,207971324484544728,Brand Awareness,3.53,2251,0,2004,4,0,14,2,0,0,12,10,1708,0,0,0,0,172,0,0,0,0,0,0
2026-06-13,Connected TV,Smart Choice Impact Initiative,East Region Prospecting Cohort,18477671,Family Planners Interest Segment,400897812008861480,Offer Spotlight Bold Voice,480405189437503653,Brand Awareness,76.46,53580,0,52681,82,62,100,100,80,0,209,201,39060,0,0,0,12,2638,0,0,0,0,0,0
2026-06-13,Shopping Grid,Smart Choice Impact Initiative,East Region Prospecting Cohort,18477671,Bulk Buyers Retention Segment,107715783645079938,Offer Spotlight Bold Voice,149589309607813303,Brand Awareness,44.72,34451,0,36492,71,38,100,100,56,0,169,169,23739,0,0,0,20,1952,0,0,0,0,0,0
2026-06-13,Shopping Grid,Smart Choice Impact Initiative,East Region Prospecting Cohort,18477671,Health Conscious Buyers Interest Segment,131550595172124090,Offer Spotlight Bold Voice,104977916368343912,Brand Awareness,1.40,919,0,894,1,0,35,7,3,0,16,16,611,0,0,0,2,132,0,0,0,0,0,0
2026-06-13,Shopping Grid,Smart Choice Impact Initiative,East Region Prospecting Cohort,18477671,Health Conscious Buyers Interest Segment,103535651235991591,Offer Spotlight Bold Voice,127483164261898063,Brand Awareness,2.5,1666,0,1586,5,4,35,7,5,0,15,12,1428,0,0,0,1,127,0,0,0,0,0,0
2026-06-13,Video Network,Home Essentials Promo Initiative,East Region Prospecting Cohort,18477671,Bulk Buyers Retention Segment,162853071358804827,Price Drop Cut Value Voice,738937145322144556,Brand Awareness,43.71,25526,0,28504,21,33,100,100,45,0,130,114,19706,0,0,0,10,1487,0,0,0,0,0,0
2026-06-13,Connected TV,Smart Choice Impact Initiative,East Region Prospecting Cohort,18477671,Family Planners Interest Segment,437683611895344081,Offer Spotlight Bold Voice,180926024741464574,Brand Awareness,77.68,56042,0,54199,59,31,100,77,44,0,248,199,48329,0,0,0,8,2878,0,0,0,0,0,0
2026-06-13,Connected TV,Home Essentials Promo Initiative,East Region Prospecting Cohort,18477671,Bulk Buyers Retention Segment,248674078184555859,Offer Spotlight Bold Voice,452112915739182326,Brand Awareness,69.5,45230,0,37909,42,6,53,14,7,0,6,5,293,0,0,0,8,64,0,0,0,0,0,0
2026-06-13,Display Network,Home Essentials Promo Initiative,East Region Prospecting Cohort,18477671,Family Planners Interest Segment,126757682204121107,Offer Spotlight Bold Voice,121926468845256924,Brand Awareness,61.92,41634,0,42028,53,10,83,25,12,0,12,11,352,0,0,0,8,109,0,0,0,0,0,0
2026-06-13,Display Network,Home Essentials Promo Initiative,East Region Prospecting Cohort,18477671,Health Conscious Buyers Interest Segment,364535938237621249,Offer Spotlight Bold Voice,103276194285622030,Brand Awareness,0.81,568,0,673,0,0,2,1,1,0,1,1,13,0,0,0,0,2,0,0,0,0,0,0
2026-06-13,Search Network,Home Essentials Promo Initiative,East Region Prospecting Cohort,18477671,Health Conscious Buyers Interest Segment,534609213932090705,Price Drop Cut Value Voice,552366212827275778,Brand Awareness,1.43,951,0,952,1,1,64,9,3,0,12,10,637,0,0,0,1,141,0,0,0,0,0,0
2026-06-13,Social Feed,Smart Choice Impact Initiative,East Region Prospecting Cohort,18477671,Health Conscious Buyers Interest Segment,472217382839938538,Offer Spotlight Bold Voice,183438235716363676,Brand Awareness,0.28,168,0,130,1,0,0,0,0,0,0,0,128,0,0,0,0,8,0,0,0,0,0,0
2026-06-12,Discovery Network,Market Fresh Demand Initiative,Metro Region Prospecting Cohort,18477671,Weekend Deal Hunters Interest Segment,161376797460090312,Product Reel Bold Voice,509760748397830743,Brand Awareness,27.4,15889,0,19251,40,0,0,0,0,0,0,0,0,0,0,0,13,20,0,0,0,0,0,0
2026-06-12,Marketplace Feed,Home Essentials Promo Initiative,East Region Prospecting Cohort,18477671,Family Planners Interest Segment,126757682204121107,Offer Spotlight Bold Voice,121926468845256924,Brand Awareness,42.97,27534,0,31618,51,11,100,35,18,0,10,11,602,0,0,0,11,136,0,0,0,0,0,0
2026-06-12,Shopping Grid,Home Essentials Promo Initiative,East Region Prospecting Cohort,18477671,Health Conscious Buyers Interest Segment,159890011514394505,Offer Spotlight Bold Voice,142381176949482591,Brand Awareness,8.35,5674,0,5353,10,4,10,4,5,0,4,4,55,0,0,0,4,16,0,0,0,0,0,0
2026-06-12,In-App Display,Home Essentials Promo Initiative,East Region Prospecting Cohort,18477671,Health Conscious Buyers Interest Segment,364535938237621249,Offer Spotlight Bold Voice,103276194285622030,Brand Awareness,1.31,686,0,729,2,1,2,1,1,0,1,1,7,0,0,0,1,2,0,0,0,0,0,0
2026-06-12,Display Network,Home Essentials Promo Initiative,East Region Prospecting Cohort,18477671,Health Conscious Buyers Interest Segment,534609213932090705,Price Drop Cut Value Voice,552366212827275778,Brand Awareness,0.50,394,0,435,3,1,21,4,2,0,5,5,236,0,0,0,2,55,0,0,0,0,0,0
2026-06-12,Connected TV,Market Fresh Demand Initiative,Metro Region Prospecting Cohort,18477671,Health Conscious Buyers Interest Segment,111425641592502989,Product Reel Bold Voice,973295260612807555,Brand Awareness,28.87,21321,0,23060,28,0,0,0,0,0,0,0,0,0,0,0,10,11,0,0,0,0,0,0
2026-06-12,Shopping Grid,Home Essentials Promo Initiative,East Region Prospecting Cohort,18477671,Bulk Buyers Retention Segment,248674078184555859,Offer Spotlight Bold Voice,452112915739182326,Brand Awareness,66.99,37876,0,41683,58,3,56,13,6,0,4,4,333,0,0,0,15,76,0,0,0,0,0,0
2026-06-12,Discovery Network,Home Essentials Promo Initiative,East Region Prospecting Cohort,18477671,Health Conscious Buyers Interest Segment,112051189842394453,Price Drop Cut Value Voice,136910279477454488,Brand Awareness,6.26,4385,0,4827,11,9,100,37,13,0,39,37,3431,0,0,0,4,343,0,0,0,0,0,0
2026-06-12,Search Network,Home Essentials Promo Initiative,East Region Prospecting Cohort,18477671,Family Planners Interest Segment,311630515941383750,Price Drop Cut Value Voice,668883979484534905,Brand Awareness,83.53,56308,0,60471,87,49,100,100,100,0,351,285,39159,0,0,0,51,3406,0,0,0,0,0,0
2026-06-12,Social Feed,Smart Choice Impact Initiative,East Region Prospecting Cohort,18477671,Family Planners Interest Segment,160816362089030229,Offer Spotlight Value Voice,237614485843363769,Brand Awareness,0,0,0,0,0,0,0,0,0,0,0,0,0,0,0,0,0,0,0,0,0,0,0,0
2026-06-12,Display Network,Smart Choice Impact Initiative,East Region Prospecting Cohort,18477671,Bulk Buyers Retention Segment,112543485243332528,Offer Spotlight Value Voice,252505519243767839,Brand Awareness,0,0,0,0,0,0,0,0,0,0,0,0,0,0,0,0,0,0,0,0,0,0,0,0
2026-06-12,Discovery Network,Smart Choice Impact Initiative,East Region Prospecting Cohort,18477671,Bulk Buyers Retention Segment,913917634303141043,Offer Spotlight Bold Voice,178155015329886608,Brand Awareness,0,0,0,0,0,0,0,0,0,0,0,0,0,0,0,0,0,0,0,0,0,0,0,0
2026-06-12,Marketplace Feed,Smart Choice Impact Initiative,East Region Prospecting Cohort,18477671,Health Conscious Buyers Interest Segment,573172726100372167,Offer Spotlight Bold Voice,122885112461996306,Brand Awareness,0,0,0,0,0,0,0,0,0,0,0,0,0,0,0,0,0,0,0,0,0,0,0,0
2026-06-12,Connected TV,Smart Choice Impact Initiative,East Region Prospecting Cohort,18477671,Family Planners Interest Segment,437683611895344081,Offer Spotlight Bold Voice,180926024741464574,Brand Awareness,53.89,34021,0,30996,45,26,100,71,31,0,168,171,31234,0,0,0,9,1956,0,0,0,0,0,0
2026-06-12,In-App Display,Smart Choice Impact Initiative,East Region Prospecting Cohort,18477671,Bulk Buyers Retention Segment,157163993569863340,Offer Spotlight Bold Voice,110977781755517789,Brand Awareness,50.64,32884,0,25426,34,17,100,45,20,0,130,123,22628,0,0,0,12,1547,0,0,0,0,0,0
2026-06-12,Video Network,Smart Choice Impact Initiative,East Region Prospecting Cohort,18477671,Health Conscious Buyers Interest Segment,472217382839938538,Offer Spotlight Bold Voice,183438235716363676,Brand Awareness,0.22,131,0,117,0,0,1,0,0,0,1,1,104,0,0,0,0,12,0,0,0,0,0,0
2026-06-12,Video Network,Smart Choice Impact Initiative,East Region Prospecting Cohort,18477671,Health Conscious Buyers Interest Segment,239407488533427282,Offer Spotlight Bold Voice,207971324484544728,Brand Awareness,2.12,1156,0,1307,2,1,6,3,2,0,7,6,1093,0,0,0,0,100,0,0,0,0,0,0
2026-06-12,Retail Media Network,Smart Choice Impact Initiative,East Region Prospecting Cohort,18477671,Bulk Buyers Retention Segment,107715783645079938,Offer Spotlight Bold Voice,149589309607813303,Brand Awareness,24.09,16813,0,17072,45,12,100,45,23,0,76,67,11354,0,0,0,7,1034,0,0,0,0,0,0
2026-06-12,In-App Display,Smart Choice Impact Initiative,East Region Prospecting Cohort,18477671,Health Conscious Buyers Interest Segment,131550595172124090,Offer Spotlight Bold Voice,104977916368343912,Brand Awareness,0.49,468,0,447,0,3,21,4,2,0,6,6,285,0,0,0,0,70,0,0,0,0,0,0
2026-06-12,Affiliate Network,Home Essentials Promo Initiative,East Region Prospecting Cohort,18477671,Bulk Buyers Retention Segment,162853071358804827,Price Drop Cut Value Voice,738937145322144556,Brand Awareness,72.10,61818,0,65435,90,93,100,100,100,0,454,386,33617,0,0,0,52,4365,0,0,0,0,0,0
2026-06-12,Influencer Network,Smart Choice Impact Initiative,East Region Prospecting Cohort,18477671,Family Planners Interest Segment,400897812008861480,Offer Spotlight Bold Voice,480405189437503653,Brand Awareness,44.16,26334,0,28850,75,41,100,100,49,0,156,148,22084,0,0,0,15,1893,0,0,0,0,0,0
2026-06-12,Search Network,Smart Choice Impact Initiative,East Region Prospecting Cohort,18477671,Health Conscious Buyers Interest Segment,103535651235991591,Offer Spotlight Bold Voice,127483164261898063,Brand Awareness,2.49,2015,0,1956,6,3,38,10,5,0,13,12,1080,0,0,0,1,165,0,0,0,0,0,0
2026-06-12,Social Feed,Smart Choice Impact Initiative,East Region Prospecting Cohort,18477671,Family Planners Interest Segment,534542628136685144,Offer Spotlight Bold Voice,116526341254524535,Brand Awareness,0,0,0,0,0,0,0,0,0,0,0,0,0,0,0,0,0,0,0,0,0,0,0,0
2026-06-11,Connected TV,Market Fresh Demand Initiative,Metro Region Prospecting Cohort,18477671,Health Conscious Buyers Interest Segment,111425641592502989,Product Reel Bold Voice,973295260612807555,Brand Awareness,49.36,44044,0,49186,111,0,0,0,0,0,0,0,0,0,0,0,68,60,0,0,0,0,0,0
2026-06-11,Shopping Grid,Home Essentials Promo Initiative,East Region Prospecting Cohort,18477671,Bulk Buyers Retention Segment,248674078184555859,Offer Spotlight Bold Voice,452112915739182326,Brand Awareness,67.01,51940,0,49847,65,8,100,28,13,0,8,8,528,1,0,0,16,158,0,0,0,0,0,0
2026-06-11,Discovery Network,Home Essentials Promo Initiative,East Region Prospecting Cohort,18477671,Family Planners Interest Segment,126757682204121107,Offer Spotlight Bold Voice,121926468845256924,Brand Awareness,46.65,29468,0,32434,36,10,91,25,12,0,10,9,366,0,0,0,11,113,0,0,0,0,0,0
2026-06-11,Discovery Network,Home Essentials Promo Initiative,East Region Prospecting Cohort,18477671,Health Conscious Buyers Interest Segment,159890011514394505,Offer Spotlight Bold Voice,142381176949482591,Brand Awareness,3.9,2767,0,3087,4,2,6,3,2,0,2,2,32,0,0,0,1,11,0,0,0,0,0,0
2026-06-11,Social Feed,Family Pantry Retention Initiative,East Region Conversion Cohort,18477671,Family Planners Interest Segment,118913640049972056,Shelf Story Warm Voice,118757879921027344,Brand Awareness,0,0,0,0,0,0,0,0,0,0,0,0,0,0,0,0,0,0,0,0,0,0,0,0
2026-06-11,Retail Media Network,Home Essentials Promo Initiative,East Region Prospecting Cohort,18477671,Health Conscious Buyers Interest Segment,364535938237621249,Offer Spotlight Bold Voice,103276194285622030,Brand Awareness,0.72,483,0,578,1,0,1,0,0,0,0,0,13,0,0,0,0,1,0,0,0,0,0,0
2026-06-11,Influencer Network,Family Pantry Retention Initiative,East Region Conversion Cohort,18477671,Health Conscious Buyers Interest Segment,177146400897430092,Shelf Story Warm Voice,125010800506358682,Brand Awareness,0,0,0,0,0,0,0,0,0,0,0,0,0,0,0,0,0,0,0,0,0,0,0,0
2026-06-11,Influencer Network,Home Essentials Promo Initiative,East Region Prospecting Cohort,18477671,Health Conscious Buyers Interest Segment,112051189842394453,Price Drop Cut Value Voice,136910279477454488,Brand Awareness,3.76,2828,0,2611,9,0,42,8,2,0,9,7,2366,0,0,0,0,148,0,0,0,0,0,0
2026-06-11,In-App Display,Home Essentials Promo Initiative,East Region Prospecting Cohort,18477671,Bulk Buyers Retention Segment,162853071358804827,Price Drop Cut Value Voice,738937145322144556,Brand Awareness,59.00,33846,0,38264,38,45,100,100,62,0,142,145,34627,0,0,0,6,1596,0,0,0,0,0,0
2026-06-11,Affiliate Network,Smart Choice Impact Initiative,East Region Prospecting Cohort,18477671,Family Planners Interest Segment,160816362089030229,Offer Spotlight Value Voice,237614485843363769,Brand Awareness,78.46,46039,0,42380,58,28,100,60,32,0,227,175,46971,0,0,0,13,3008,0,0,0,0,0,0
2026-06-11,In-App Display,Smart Choice Impact Initiative,East Region Prospecting Cohort,18477671,Bulk Buyers Retention Segment,112543485243332528,Offer Spotlight Value Voice,252505519243767839,Brand Awareness,41.81,25244,0,28608,31,15,100,29,18,0,120,92,21766,0,0,0,10,1397,0,0,0,0,0,0
2026-06-11,Affiliate Network,Smart Choice Impact Initiative,East Region Prospecting Cohort,18477671,Health Conscious Buyers Interest Segment,131786783961333921,Offer Spotlight Value Voice,705205757413721577,Brand Awareness,0.18,117,0,110,1,0,1,1,0,0,1,1,87,0,0,0,1,9,0,0,0,0,0,0
2026-06-11,Discovery Network,Smart Choice Impact Initiative,East Region Prospecting Cohort,18477671,Family Planners Interest Segment,437683611895344081,Offer Spotlight Bold Voice,180926024741464574,Brand Awareness,45.41,29883,0,24988,24,16,100,41,23,0,106,99,21106,0,0,0,6,1388,0,0,0,0,0,0
2026-06-11,Connected TV,Smart Choice Impact Initiative,East Region Prospecting Cohort,18477671,Bulk Buyers Retention Segment,157163993569863340,Offer Spotlight Bold Voice,110977781755517789,Brand Awareness,59.01,47264,0,35623,39,20,100,51,21,0,209,165,35271,0,0,0,5,2607,0,0,0,0,0,0
2026-06-11,Display Network,Smart Choice Impact Initiative,East Region Prospecting Cohort,18477671,Health Conscious Buyers Interest Segment,472217382839938538,Offer Spotlight Bold Voice,183438235716363676,Brand Awareness,0.37,260,0,241,0,0,1,0,0,0,1,1,168,0,0,0,0,17,0,0,0,0,0,0
2026-06-11,Shopping Grid,Home Essentials Promo Initiative,East Region Prospecting Cohort,18477671,Health Conscious Buyers Interest Segment,534609213932090705,Price Drop Cut Value Voice,552366212827275778,Brand Awareness,1.43,1233,0,1288,1,4,83,11,5,0,15,14,734,0,0,0,0,178,0,0,0,0,0,0
2026-06-11,Shopping Grid,Home Essentials Promo Initiative,East Region Prospecting Cohort,18477671,Family Planners Interest Segment,311630515941383750,Price Drop Cut Value Voice,668883979484534905,Brand Awareness,62.6,44988,0,47121,57,42,100,100,69,0,145,163,32188,0,0,0,19,1951,0,0,0,0,0,0
2026-06-11,Connected TV,Smart Choice Impact Initiative,East Region Prospecting Cohort,18477671,Health Conscious Buyers Interest Segment,239407488533427282,Offer Spotlight Bold Voice,207971324484544728,Brand Awareness,6,3460,0,3095,5,0,17,1,1,0,17,14,2738,0,0,0,2,275,0,0,0,0,0,0
2026-06-11,Marketplace Feed,Family Pantry Retention Initiative,East Region Conversion Cohort,18477671,Weekend Deal Hunters Interest Segment,149582435915186674,Shelf Story Warm Voice,771766932430929551,Brand Awareness,0,0,0,0,0,0,0,0,0,0,0,0,0,0,0,0,0,0,0,0,0,0,0,0
2026-06-11,Connected TV,Smart Choice Impact Initiative,East Region Prospecting Cohort,18477671,Family Planners Interest Segment,534542628136685144,Offer Spotlight Bold Voice,116526341254524535,Brand Awareness,13.93,10206,0,11265,19,0,0,0,0,0,0,0,0,0,0,1,4,12,0,0,0,0,0,0
2026-06-11,Search Network,Market Fresh Demand Initiative,Metro Region Prospecting Cohort,18477671,Weekend Deal Hunters Interest Segment,161376797460090312,Product Reel Bold Voice,509760748397830743,Brand Awareness,20.05,13388,0,13764,39,0,0,0,0,0,0,0,0,0,0,0,11,19,0,0,0,0,0,0
2026-06-11,Discovery Network,Smart Choice Impact Initiative,East Region Prospecting Cohort,18477671,Health Conscious Buyers Interest Segment,182723406752174546,Offer Spotlight Value Voice,423170338506808282,Brand Awareness,1.6,978,0,932,0,0,2,0,0,0,3,3,988,0,0,0,0,78,0,0,0,0,0,0
2026-06-11,Display Network,Smart Choice Impact Initiative,East Region Prospecting Cohort,18477671,Bulk Buyers Retention Segment,913917634303141043,Offer Spotlight Bold Voice,178155015329886608,Brand Awareness,42.26,31902,0,32000,46,0,0,0,0,0,0,0,0,0,0,0,5,24,0,0,0,0,0,0
2026-06-11,Shopping Grid,Smart Choice Impact Initiative,East Region Prospecting Cohort,18477671,Health Conscious Buyers Interest Segment,573172726100372167,Offer Spotlight Bold Voice,122885112461996306,Brand Awareness,99.21,86081,0,93780,173,0,0,0,0,0,0,0,0,0,0,0,16,76,0,0,0,0,0,0
2026-06-11,Influencer Network,Smart Choice Impact Initiative,East Region Prospecting Cohort,18477671,Health Conscious Buyers Interest Segment,104742688502410437,Offer Spotlight Bold Voice,699445381393965161,Brand Awareness,0.1,71,0,72,0,0,0,0,0,0,0,0,0,0,0,0,0,0,0,0,0,0,0,0
2026-06-10,Retail Media Network,Home Essentials Promo Initiative,East Region Prospecting Cohort,18477671,Bulk Buyers Retention Segment,248674078184555859,Offer Spotlight Bold Voice,452112915739182326,Brand Awareness,61.40,45733,0,45241,65,8,100,30,10,0,7,7,608,0,0,0,14,163,0,0,0,0,0,0
2026-06-10,Display Network,Family Pantry Retention Initiative,East Region Conversion Cohort,18477671,Family Planners Interest Segment,118913640049972056,Shelf Story Warm Voice,118757879921027344,Brand Awareness,126.91,81589,0,94870,197,0,0,0,0,0,0,0,0,0,0,0,52,88,0,0,0,0,0,0
2026-06-10,Influencer Network,Family Pantry Retention Initiative,East Region Conversion Cohort,18477671,Health Conscious Buyers Interest Segment,177146400897430092,Shelf Story Warm Voice,125010800506358682,Brand Awareness,80.3,69118,0,76438,140,0,0,0,0,0,0,0,0,0,0,0,49,61,0,0,0,0,0,0
2026-06-10,Video Network,Home Essentials Promo Initiative,East Region Prospecting Cohort,18477671,Bulk Buyers Retention Segment,162853071358804827,Price Drop Cut Value Voice,738937145322144556,Brand Awareness,60.09,46336,0,48577,68,52,100,100,73,0,192,149,32480,0,0,0,17,1996,0,0,0,0,0,0
2026-06-10,Influencer Network,Smart Choice Impact Initiative,East Region Prospecting Cohort,18477671,Family Planners Interest Segment,160816362089030229,Offer Spotlight Value Voice,237614485843363769,Brand Awareness,67.24,53781,0,46079,42,25,100,54,29,0,201,199,43169,0,0,0,12,2818,0,0,0,0,0,0
2026-06-10,Shopping Grid,Market Fresh Demand Initiative,Metro Region Prospecting Cohort,18477671,Weekend Deal Hunters Interest Segment,161376797460090312,Product Reel Bold Voice,509760748397830743,Brand Awareness,20.22,13975,0,15350,39,0,0,0,0,0,0,0,0,0,0,0,19,22,0,0,0,0,0,0
2026-06-10,Video Network,Market Fresh Demand Initiative,Metro Region Prospecting Cohort,18477671,Health Conscious Buyers Interest Segment,111425641592502989,Product Reel Bold Voice,973295260612807555,Brand Awareness,46.59,36771,0,36898,70,0,0,0,0,0,0,0,0,0,0,0,28,38,0,0,0,0,0,0
2026-06-10,Search Network,Home Essentials Promo Initiative,East Region Prospecting Cohort,18477671,Health Conscious Buyers Interest Segment,159890011514394505,Offer Spotlight Bold Voice,142381176949482591,Brand Awareness,3.67,2677,0,3019,6,1,14,3,1,0,1,1,30,0,0,0,2,15,0,0,0,0,0,0
2026-06-10,Influencer Network,Smart Choice Impact Initiative,East Region Prospecting Cohort,18477671,Bulk Buyers Retention Segment,112543485243332528,Offer Spotlight Value Voice,252505519243767839,Brand Awareness,35.76,26210,0,30653,22,12,100,32,19,0,137,113,22378,0,0,0,8,1527,0,0,0,0,0,0
2026-06-10,Discovery Network,Smart Choice Impact Initiative,East Region Prospecting Cohort,18477671,Health Conscious Buyers Interest Segment,131786783961333921,Offer Spotlight Value Voice,705205757413721577,Brand Awareness,0.19,118,0,122,0,0,0,0,0,0,0,0,95,0,0,0,0,5,0,0,0,0,0,0
2026-06-10,Affiliate Network,Smart Choice Impact Initiative,East Region Prospecting Cohort,18477671,Health Conscious Buyers Interest Segment,182723406752174546,Offer Spotlight Value Voice,423170338506808282,Brand Awareness,2,1467,0,1261,3,0,7,2,2,0,8,7,1170,0,0,0,2,97,0,0,0,0,0,0
2026-06-10,Search Network,Smart Choice Impact Initiative,East Region Prospecting Cohort,18477671,Bulk Buyers Retention Segment,913917634303141043,Offer Spotlight Bold Voice,178155015329886608,Brand Awareness,60.31,47505,0,38734,49,0,0,0,0,0,0,0,0,0,0,0,3,24,0,0,0,0,0,0
2026-06-10,Influencer Network,Smart Choice Impact Initiative,East Region Prospecting Cohort,18477671,Health Conscious Buyers Interest Segment,573172726100372167,Offer Spotlight Bold Voice,122885112461996306,Brand Awareness,58.33,43632,0,44841,84,0,0,0,0,0,0,0,0,1,0,0,3,34,0,0,0,0,0,0
2026-06-10,Marketplace Feed,Smart Choice Impact Initiative,East Region Prospecting Cohort,18477671,Family Planners Interest Segment,534542628136685144,Offer Spotlight Bold Voice,116526341254524535,Brand Awareness,48.61,42104,0,37809,69,0,0,0,0,0,0,0,0,0,0,0,31,38,0,0,0,0,0,0
2026-06-10,Discovery Network,Smart Choice Impact Initiative,East Region Prospecting Cohort,18477671,Bulk Buyers Retention Segment,157163993569863340,Offer Spotlight Bold Voice,110977781755517789,Brand Awareness,40.02,32933,0,28122,21,14,100,33,21,0,155,116,26321,0,0,0,6,1514,0,0,0,0,0,0
2026-06-10,Affiliate Network,Smart Choice Impact Initiative,East Region Prospecting Cohort,18477671,Health Conscious Buyers Interest Segment,472217382839938538,Offer Spotlight Bold Voice,183438235716363676,Brand Awareness,0.48,368,0,378,0,0,2,0,0,0,2,2,292,0,0,0,0,24,0,0,0,0,0,0
2026-06-10,In-App Display,Smart Choice Impact Initiative,East Region Prospecting Cohort,18477671,Health Conscious Buyers Interest Segment,239407488533427282,Offer Spotlight Bold Voice,207971324484544728,Brand Awareness,11.46,7849,0,6824,5,2,43,7,2,0,45,44,7692,0,0,0,0,564,0,0,0,0,0,0
2026-06-10,Connected TV,Smart Choice Impact Initiative,East Region Prospecting Cohort,18477671,Family Planners Interest Segment,437683611895344081,Offer Spotlight Bold Voice,180926024741464574,Brand Awareness,61.28,44551,0,40087,61,21,100,66,34,0,161,155,36179,0,0,0,8,2345,0,0,0,0,0,0
2026-06-10,Shopping Grid,Home Essentials Promo Initiative,East Region Prospecting Cohort,18477671,Family Planners Interest Segment,311630515941383750,Price Drop Cut Value Voice,668883979484534905,Brand Awareness,53.32,45120,0,38745,63,48,100,100,81,0,169,148,29452,0,0,0,16,1803,0,0,0,0,0,0
2026-06-10,Marketplace Feed,Smart Choice Impact Initiative,East Region Prospecting Cohort,18477671,Health Conscious Buyers Interest Segment,104742688502410437,Offer Spotlight Bold Voice,699445381393965161,Brand Awareness,0.20,141,0,163,0,0,0,0,0,0,0,0,0,0,0,0,0,0,0,0,0,0,0,0
2026-06-10,Retail Media Network,Home Essentials Promo Initiative,East Region Prospecting Cohort,18477671,Family Planners Interest Segment,126757682204121107,Offer Spotlight Bold Voice,121926468845256924,Brand Awareness,49.63,36804,0,39272,50,7,100,31,12,0,8,6,418,0,0,0,13,151,0,0,0,0,0,0
2026-06-10,Influencer Network,Home Essentials Promo Initiative,East Region Prospecting Cohort,18477671,Health Conscious Buyers Interest Segment,364535938237621249,Offer Spotlight Bold Voice,103276194285622030,Brand Awareness,0.72,598,0,607,2,1,7,3,1,0,1,1,22,0,0,0,0,9,0,0,0,0,0,0
2026-06-10,Shopping Grid,Family Pantry Retention Initiative,East Region Conversion Cohort,18477671,Weekend Deal Hunters Interest Segment,149582435915186674,Shelf Story Warm Voice,771766932430929551,Brand Awareness,19.34,15571,0,14118,38,0,0,0,0,0,0,0,0,0,0,0,22,23,0,0,0,0,0,0
2026-06-10,Affiliate Network,Home Essentials Promo Initiative,East Region Prospecting Cohort,18477671,Health Conscious Buyers Interest Segment,112051189842394453,Price Drop Cut Value Voice,136910279477454488,Brand Awareness,3.36,2490,0,2664,5,3,42,11,7,0,14,14,1822,0,0,0,0,178,0,0,0,0,0,0
2026-06-10,In-App Display,Home Essentials Promo Initiative,East Region Prospecting Cohort,18477671,Health Conscious Buyers Interest Segment,534609213932090705,Price Drop Cut Value Voice,552366212827275778,Brand Awareness,1.62,1391,0,1492,8,4,99,17,10,0,26,23,752,0,0,0,6,214,0,0,0,0,0,0
2026-06-09,Marketplace Feed,Market Fresh Demand Initiative,Metro Region Prospecting Cohort,18477671,Health Conscious Buyers Interest Segment,111425641592502989,Product Reel Bold Voice,973295260612807555,Brand Awareness,45.8,34320,0,41383,79,0,0,0,0,0,0,0,0,0,0,0,31,35,0,0,0,0,0,0
2026-06-09,Shopping Grid,Family Pantry Retention Initiative,East Region Conversion Cohort,18477671,Health Conscious Buyers Interest Segment,177146400897430092,Shelf Story Warm Voice,125010800506358682,Brand Awareness,72.86,72171,0,60342,138,0,0,0,0,0,0,0,0,1,0,0,50,68,0,0,0,0,0,0
2026-06-09,Shopping Grid,Home Essentials Promo Initiative,East Region Prospecting Cohort,18477671,Health Conscious Buyers Interest Segment,112051189842394453,Price Drop Cut Value Voice,136910279477454488,Brand Awareness,1.53,1001,0,1164,3,4,27,8,4,0,8,6,783,0,0,0,0,65,0,0,0,0,0,0
2026-06-09,Influencer Network,Home Essentials Promo Initiative,East Region Prospecting Cohort,18477671,Bulk Buyers Retention Segment,162853071358804827,Price Drop Cut Value Voice,738937145322144556,Brand Awareness,54.70,44610,0,43586,72,53,100,100,73,0,181,201,28802,0,0,0,41,2528,0,0,0,0,0,0
2026-06-09,Social Feed,Home Essentials Promo Initiative,East Region Prospecting Cohort,18477671,Family Planners Interest Segment,311630515941383750,Price Drop Cut Value Voice,668883979484534905,Brand Awareness,53.35,38536,0,34906,47,47,100,100,53,0,153,161,21669,0,0,0,25,1996,0,0,0,0,0,0
2026-06-09,Affiliate Network,Smart Choice Impact Initiative,East Region Prospecting Cohort,18477671,Family Planners Interest Segment,160816362089030229,Offer Spotlight Value Voice,237614485843363769,Brand Awareness,60.15,39017,0,41338,91,31,100,75,32,0,193,182,36665,0,0,0,16,2736,0,0,0,0,0,0
2026-06-09,Connected TV,Smart Choice Impact Initiative,East Region Prospecting Cohort,18477671,Bulk Buyers Retention Segment,112543485243332528,Offer Spotlight Value Voice,252505519243767839,Brand Awareness,44.60,33094,0,40441,52,15,100,45,18,0,136,144,31550,0,0,0,8,2082,0,0,0,0,0,0
2026-06-09,Shopping Grid,Smart Choice Impact Initiative,East Region Prospecting Cohort,18477671,Health Conscious Buyers Interest Segment,131786783961333921,Offer Spotlight Value Voice,705205757413721577,Brand Awareness,0.26,172,0,184,0,0,1,0,0,0,1,1,148,0,0,0,0,14,0,0,0,0,0,0
2026-06-09,Video Network,Smart Choice Impact Initiative,East Region Prospecting Cohort,18477671,Health Conscious Buyers Interest Segment,182723406752174546,Offer Spotlight Value Voice,423170338506808282,Brand Awareness,2.91,1767,0,2062,8,0,15,3,0,0,10,11,1479,0,0,0,2,137,0,0,0,0,0,0
2026-06-09,In-App Display,Smart Choice Impact Initiative,East Region Prospecting Cohort,18477671,Bulk Buyers Retention Segment,913917634303141043,Offer Spotlight Bold Voice,178155015329886608,Brand Awareness,100.96,63759,0,81750,101,0,0,0,0,0,0,0,0,0,0,0,9,41,0,0,0,0,0,0
2026-06-09,Influencer Network,Smart Choice Impact Initiative,East Region Prospecting Cohort,18477671,Family Planners Interest Segment,534542628136685144,Offer Spotlight Bold Voice,116526341254524535,Brand Awareness,67.46,44771,0,57682,56,0,0,0,0,0,0,0,0,0,0,0,16,33,0,0,0,0,0,0
2026-06-09,Retail Media Network,Smart Choice Impact Initiative,East Region Prospecting Cohort,18477671,Health Conscious Buyers Interest Segment,104742688502410437,Offer Spotlight Bold Voice,699445381393965161,Brand Awareness,0.30,208,0,228,0,0,0,0,0,0,0,0,0,0,0,0,0,1,0,0,0,0,0,0
2026-06-09,Influencer Network,Smart Choice Impact Initiative,East Region Prospecting Cohort,18477671,Bulk Buyers Retention Segment,157163993569863340,Offer Spotlight Bold Voice,110977781755517789,Brand Awareness,47.79,27768,0,27352,58,14,100,57,28,0,151,119,26116,0,0,0,10,1968,0,0,0,0,0,0
2026-06-09,Display Network,Smart Choice Impact Initiative,East Region Prospecting Cohort,18477671,Health Conscious Buyers Interest Segment,472217382839938538,Offer Spotlight Bold Voice,183438235716363676,Brand Awareness,0.58,450,0,431,0,0,2,0,0,0,2,2,351,0,0,0,0,27,0,0,0,0,0,0
2026-06-09,Retail Media Network,Smart Choice Impact Initiative,East Region Prospecting Cohort,18477671,Health Conscious Buyers Interest Segment,239407488533427282,Offer Spotlight Bold Voice,207971324484544728,Brand Awareness,8.72,5581,0,5277,12,1,24,8,3,0,29,24,4992,0,0,0,1,481,0,0,0,0,0,0
2026-06-09,Social Feed,Home Essentials Promo Initiative,East Region Prospecting Cohort,18477671,Health Conscious Buyers Interest Segment,364535938237621249,Offer Spotlight Bold Voice,103276194285622030,Brand Awareness,0.88,678,0,747,0,0,0,0,0,0,0,0,18,0,0,0,0,4,0,0,0,0,0,0
2026-06-09,Influencer Network,Family Pantry Retention Initiative,East Region Conversion Cohort,18477671,Family Planners Interest Segment,118913640049972056,Shelf Story Warm Voice,118757879921027344,Brand Awareness,126.81,97274,0,91895,212,0,0,0,0,0,0,0,0,0,0,0,73,108,0,0,0,0,0,0
2026-06-09,Influencer Network,Market Fresh Demand Initiative,Metro Region Prospecting Cohort,18477671,Weekend Deal Hunters Interest Segment,161376797460090312,Product Reel Bold Voice,509760748397830743,Brand Awareness,20.46,14944,0,16712,40,0,0,0,0,0,0,0,0,1,0,0,14,21,0,0,0,0,0,0
2026-06-09,Shopping Grid,Home Essentials Promo Initiative,East Region Prospecting Cohort,18477671,Family Planners Interest Segment,126757682204121107,Offer Spotlight Bold Voice,121926468845256924,Brand Awareness,60.79,37004,0,39977,67,23,100,92,39,0,21,20,1185,0,0,0,24,418,0,0,0,0,0,0
2026-06-09,Social Feed,Home Essentials Promo Initiative,East Region Prospecting Cohort,18477671,Health Conscious Buyers Interest Segment,534609213932090705,Price Drop Cut Value Voice,552366212827275778,Brand Awareness,1.34,1268,0,1168,5,1,88,16,3,0,23,22,640,0,0,0,4,229,0,0,0,0,0,0
2026-06-09,Marketplace Feed,Smart Choice Impact Initiative,East Region Prospecting Cohort,18477671,Health Conscious Buyers Interest Segment,573172726100372167,Offer Spotlight Bold Voice,122885112461996306,Brand Awareness,2.68,2027,0,2096,6,0,0,0,0,0,0,0,0,0,0,0,1,4,0,0,0,0,0,0
2026-06-09,Display Network,Smart Choice Impact Initiative,East Region Prospecting Cohort,18477671,Family Planners Interest Segment,437683611895344081,Offer Spotlight Bold Voice,180926024741464574,Brand Awareness,37.84,20678,0,24150,35,14,93,33,18,0,102,100,18348,0,0,0,4,1463,0,0,0,0,0,0
2026-06-09,Shopping Grid,Home Essentials Promo Initiative,East Region Prospecting Cohort,18477671,Bulk Buyers Retention Segment,248674078184555859,Offer Spotlight Bold Voice,452112915739182326,Brand Awareness,63.05,45435,0,43017,49,17,100,42,18,0,17,14,484,0,0,0,13,171,0,0,0,0,0,0
2026-06-09,Search Network,Home Essentials Promo Initiative,East Region Prospecting Cohort,18477671,Health Conscious Buyers Interest Segment,159890011514394505,Offer Spotlight Bold Voice,142381176949482591,Brand Awareness,5.3,4502,0,4483,3,0,19,3,1,0,0,0,58,0,0,0,0,18,0,0,0,0,0,0
2026-06-09,Shopping Grid,Family Pantry Retention Initiative,East Region Conversion Cohort,18477671,Weekend Deal Hunters Interest Segment,149582435915186674,Shelf Story Warm Voice,771766932430929551,Brand Awareness,17.5,13527,0,13763,26,0,0,0,0,0,0,0,0,0,0,0,13,16,0,0,0,0,0,0
2026-06-08,Connected TV,Market Fresh Demand Initiative,Metro Region Prospecting Cohort,18477671,Weekend Deal Hunters Interest Segment,161376797460090312,Product Reel Bold Voice,509760748397830743,Brand Awareness,16.57,12540,0,10556,18,0,0,0,0,0,0,0,0,0,0,0,6,11,0,0,0,0,0,0
2026-06-08,Discovery Network,Market Fresh Demand Initiative,Metro Region Prospecting Cohort,18477671,Health Conscious Buyers Interest Segment,111425641592502989,Product Reel Bold Voice,973295260612807555,Brand Awareness,51.72,39120,0,40667,70,0,0,0,0,0,0,0,0,0,0,0,29,39,0,0,0,0,0,0
2026-06-08,Connected TV,Home Essentials Promo Initiative,East Region Prospecting Cohort,18477671,Bulk Buyers Retention Segment,248674078184555859,Offer Spotlight Bold Voice,452112915739182326,Brand Awareness,57.56,41047,0,42002,50,8,100,45,23,0,9,8,502,0,0,0,13,145,0,0,0,0,0,0
2026-06-08,Social Feed,Home Essentials Promo Initiative,East Region Prospecting Cohort,18477671,Family Planners Interest Segment,126757682204121107,Offer Spotlight Bold Voice,121926468845256924,Brand Awareness,57.66,47651,0,49398,58,27,100,100,38,0,32,27,1588,0,0,0,23,470,0,0,0,0,0,0
2026-06-08,Search Network,Home Essentials Promo Initiative,East Region Prospecting Cohort,18477671,Health Conscious Buyers Interest Segment,159890011514394505,Offer Spotlight Bold Voice,142381176949482591,Brand Awareness,8.02,6376,0,6457,12,1,10,3,3,0,1,1,45,0,0,0,2,13,0,0,0,0,0,0
2026-06-08,Marketplace Feed,Home Essentials Promo Initiative,East Region Prospecting Cohort,18477671,Health Conscious Buyers Interest Segment,364535938237621249,Offer Spotlight Bold Voice,103276194285622030,Brand Awareness,1.18,821,0,1015,1,0,2,2,0,0,0,0,14,0,0,0,0,4,0,0,0,0,0,0
2026-06-08,Shopping Grid,Family Pantry Retention Initiative,East Region Conversion Cohort,18477671,Family Planners Interest Segment,118913640049972056,Shelf Story Warm Voice,118757879921027344,Brand Awareness,133.11,109236,0,115262,226,0,0,0,0,0,0,0,0,0,0,0,76,120,0,0,0,0,0,0
2026-06-08,In-App Display,Family Pantry Retention Initiative,East Region Conversion Cohort,18477671,Weekend Deal Hunters Interest Segment,149582435915186674,Shelf Story Warm Voice,771766932430929551,Brand Awareness,21.29,14757,0,18514,41,0,0,0,0,0,0,0,0,0,0,0,15,23,0,0,0,0,0,0
2026-06-08,Social Feed,Home Essentials Promo Initiative,East Region Prospecting Cohort,18477671,Health Conscious Buyers Interest Segment,112051189842394453,Price Drop Cut Value Voice,136910279477454488,Brand Awareness,0.92,1566,0,1457,2,2,66,11,2,0,16,14,462,0,0,0,3,186,0,0,0,0,0,0
2026-06-08,Search Network,Home Essentials Promo Initiative,East Region Prospecting Cohort,18477671,Health Conscious Buyers Interest Segment,534609213932090705,Price Drop Cut Value Voice,552366212827275778,Brand Awareness,0.32,655,0,729,1,2,34,14,7,0,16,13,419,0,0,0,1,90,0,0,0,0,0,0
2026-06-08,Video Network,Home Essentials Promo Initiative,East Region Prospecting Cohort,18477671,Bulk Buyers Retention Segment,162853071358804827,Price Drop Cut Value Voice,738937145322144556,Brand Awareness,140.11,255070,0,254275,536,100,100,100,100,0,2742,2767,132068,0,0,0,366,19485,0,0,0,0,0,0
2026-06-08,In-App Display,Home Essentials Promo Initiative,East Region Prospecting Cohort,18477671,Family Planners Interest Segment,311630515941383750,Price Drop Cut Value Voice,668883979484534905,Brand Awareness,35.61,48775,0,57798,125,80,100,100,100,0,544,511,14764,0,0,0,105,5766,0,0,0,0,0,0
2026-06-08,In-App Display,Smart Choice Impact Initiative,East Region Prospecting Cohort,18477671,Family Planners Interest Segment,160816362089030229,Offer Spotlight Value Voice,237614485843363769,Brand Awareness,59.26,49498,0,49557,91,18,100,68,31,0,220,164,39295,0,0,0,19,2545,0,0,0,0,0,0
2026-06-08,Marketplace Feed,Smart Choice Impact Initiative,East Region Prospecting Cohort,18477671,Health Conscious Buyers Interest Segment,131786783961333921,Offer Spotlight Value Voice,705205757413721577,Brand Awareness,0.33,199,0,196,0,0,1,0,0,0,1,1,178,0,0,0,0,14,0,0,0,0,0,0
2026-06-08,Discovery Network,Smart Choice Impact Initiative,East Region Prospecting Cohort,18477671,Health Conscious Buyers Interest Segment,182723406752174546,Offer Spotlight Value Voice,423170338506808282,Brand Awareness,3.0,2618,0,2507,4,2,9,4,2,0,10,7,2134,0,0,0,1,202,0,0,0,0,0,0
2026-06-08,Influencer Network,Smart Choice Impact Initiative,East Region Prospecting Cohort,18477671,Family Planners Interest Segment,534542628136685144,Offer Spotlight Bold Voice,116526341254524535,Brand Awareness,97.79,96934,0,105552,139,0,0,0,0,0,0,0,0,0,0,0,51,80,0,0,0,0,0,0
2026-06-08,Connected TV,Smart Choice Impact Initiative,East Region Prospecting Cohort,18477671,Health Conscious Buyers Interest Segment,104742688502410437,Offer Spotlight Bold Voice,699445381393965161,Brand Awareness,0.36,233,0,258,0,0,0,0,0,0,0,0,0,0,0,0,0,0,0,0,0,0,0,0
2026-06-08,Marketplace Feed,Family Pantry Retention Initiative,East Region Conversion Cohort,18477671,Health Conscious Buyers Interest Segment,177146400897430092,Shelf Story Warm Voice,125010800506358682,Brand Awareness,70.00,53285,0,59708,113,0,0,0,0,0,0,0,0,0,0,0,35,53,0,0,0,0,0,0
2026-06-08,Retail Media Network,Smart Choice Impact Initiative,East Region Prospecting Cohort,18477671,Bulk Buyers Retention Segment,913917634303141043,Offer Spotlight Bold Voice,178155015329886608,Brand Awareness,55.7,41713,0,44719,39,0,0,0,0,0,0,0,0,0,0,0,3,18,0,0,0,0,0,0
2026-06-08,Social Feed,Smart Choice Impact Initiative,East Region Prospecting Cohort,18477671,Health Conscious Buyers Interest Segment,573172726100372167,Offer Spotlight Bold Voice,122885112461996306,Brand Awareness,2.22,1695,0,1891,5,0,0,0,0,0,0,0,0,0,0,0,0,0,0,0,0,0,0,0
2026-06-08,Influencer Network,Smart Choice Impact Initiative,East Region Prospecting Cohort,18477671,Bulk Buyers Retention Segment,112543485243332528,Offer Spotlight Value Voice,252505519243767839,Brand Awareness,50.64,34710,0,37789,29,13,100,50,23,0,136,125,27206,0,0,0,6,2343,0,0,0,0,0,0
2026-06-07,Shopping Grid,Family Pantry Retention Initiative,Metro Region Loyalty Cohort,18477671,Family Planners Lookalike Segment,131110122694256392,Shelf Story Warm Voice,585790054530420953,Brand Awareness,0,0,0,0,0,0,0,0,0,0,0,0,0,0,0,0,0,0,0,0,0,0,0,0
2026-06-07,Video Network,Market Fresh Demand Initiative,Metro Region Prospecting Cohort,18477671,Weekend Deal Hunters Interest Segment,161376797460090312,Product Reel Bold Voice,509760748397830743,Brand Awareness,15.16,14178,0,12341,22,0,0,0,0,0,0,0,0,0,0,0,6,13,0,0,0,0,0,0
2026-06-07,Search Network,Market Fresh Demand Initiative,Metro Region Prospecting Cohort,18477671,Health Conscious Buyers Interest Segment,111425641592502989,Product Reel Bold Voice,973295260612807555,Brand Awareness,45.56,43154,0,41934,63,0,0,0,0,0,0,0,0,0,0,0,28,34,0,0,0,0,0,0
2026-06-07,Connected TV,Home Essentials Promo Initiative,East Region Prospecting Cohort,18477671,Bulk Buyers Retention Segment,248674078184555859,Offer Spotlight Bold Voice,452112915739182326,Brand Awareness,53.42,38681,0,42787,42,10,100,28,14,0,10,9,491,0,0,0,6,130,0,0,0,0,0,0
2026-06-07,In-App Display,Home Essentials Promo Initiative,East Region Prospecting Cohort,18477671,Family Planners Interest Segment,126757682204121107,Offer Spotlight Bold Voice,121926468845256924,Brand Awareness,55.18,47479,0,44158,73,18,100,50,26,0,17,18,625,0,0,0,11,205,0,0,0,0,0,0
2026-06-07,Retail Media Network,Home Essentials Promo Initiative,East Region Prospecting Cohort,18477671,Health Conscious Buyers Interest Segment,364535938237621249,Offer Spotlight Bold Voice,103276194285622030,Brand Awareness,0.61,542,0,499,1,0,4,1,0,0,0,0,9,0,0,0,0,2,0,0,0,0,0,0
2026-06-07,Social Feed,Family Pantry Retention Initiative,East Region Conversion Cohort,18477671,Family Planners Interest Segment,118913640049972056,Shelf Story Warm Voice,118757879921027344,Brand Awareness,138.33,122109,0,106333,201,0,0,0,0,0,0,0,0,0,0,0,40,100,0,0,0,0,0,0
2026-06-07,Retail Media Network,Family Pantry Retention Initiative,East Region Conversion Cohort,18477671,Health Conscious Buyers Interest Segment,177146400897430092,Shelf Story Warm Voice,125010800506358682,Brand Awareness,55.51,50742,0,61487,82,0,0,0,0,0,0,0,0,0,0,0,32,42,0,0,0,0,0,0
2026-06-07,Display Network,Home Essentials Promo Initiative,East Region Prospecting Cohort,18477671,Health Conscious Buyers Interest Segment,112051189842394453,Price Drop Cut Value Voice,136910279477454488,Brand Awareness,2.80,1844,0,1627,6,2,19,6,4,0,8,8,1357,0,0,0,2,117,0,0,0,0,0,0
2026-06-07,Shopping Grid,Home Essentials Promo Initiative,East Region Prospecting Cohort,18477671,Family Planners Interest Segment,311630515941383750,Price Drop Cut Value Voice,668883979484534905,Brand Awareness,78.09,56620,0,58759,80,56,100,100,80,0,189,182,45368,0,0,0,24,2256,0,0,0,0,0,0
2026-06-07,Marketplace Feed,Smart Choice Impact Initiative,East Region Prospecting Cohort,18477671,Family Planners Interest Segment,160816362089030229,Offer Spotlight Value Voice,237614485843363769,Brand Awareness,42.78,32607,0,26064,30,13,100,31,17,0,146,128,22946,0,0,0,8,1605,0,0,0,0,0,0
2026-06-07,Shopping Grid,Smart Choice Impact Initiative,East Region Prospecting Cohort,18477671,Bulk Buyers Retention Segment,112543485243332528,Offer Spotlight Value Voice,252505519243767839,Brand Awareness,82.26,55094,0,44608,59,20,100,61,31,0,219,188,37691,0,0,0,13,2620,0,0,0,0,0,0
2026-06-07,Shopping Grid,Smart Choice Impact Initiative,East Region Prospecting Cohort,18477671,Health Conscious Buyers Interest Segment,182723406752174546,Offer Spotlight Value Voice,423170338506808282,Brand Awareness,3.01,2009,0,1623,5,4,14,4,3,0,12,10,1573,0,0,0,1,129,0,0,0,0,0,0
2026-06-07,Search Network,Smart Choice Impact Initiative,East Region Prospecting Cohort,18477671,Health Conscious Buyers Interest Segment,104742688502410437,Offer Spotlight Bold Voice,699445381393965161,Brand Awareness,0.4,402,0,355,0,0,0,0,0,0,0,0,0,0,0,0,0,0,0,0,0,0,0,0
2026-06-07,Affiliate Network,Smart Choice Impact Initiative,East Region Prospecting Cohort,18477671,Health Conscious Buyers Interest Segment,573172726100372167,Offer Spotlight Bold Voice,122885112461996306,Brand Awareness,2.27,2101,0,2105,1,0,0,0,0,0,0,0,0,0,0,0,0,1,0,0,0,0,0,0
2026-06-07,Influencer Network,Home Essentials Promo Initiative,East Region Prospecting Cohort,18477671,Health Conscious Buyers Interest Segment,159890011514394505,Offer Spotlight Bold Voice,142381176949482591,Brand Awareness,5.11,3798,0,4532,10,1,7,1,1,0,1,1,59,0,0,0,3,13,0,0,0,0,0,0
2026-06-07,Influencer Network,Family Pantry Retention Initiative,East Region Conversion Cohort,18477671,Weekend Deal Hunters Interest Segment,149582435915186674,Shelf Story Warm Voice,771766932430929551,Brand Awareness,19.1,16412,0,16551,24,0,0,0,0,0,0,0,0,0,0,0,8,10,0,0,0,0,0,0
2026-06-07,Search Network,Home Essentials Promo Initiative,East Region Prospecting Cohort,18477671,Health Conscious Buyers Interest Segment,534609213932090705,Price Drop Cut Value Voice,552366212827275778,Brand Awareness,0.48,314,0,333,0,0,12,3,1,0,3,3,206,0,0,0,0,32,0,0,0,0,0,0
2026-06-07,Connected TV,Home Essentials Promo Initiative,East Region Prospecting Cohort,18477671,Bulk Buyers Retention Segment,162853071358804827,Price Drop Cut Value Voice,738937145322144556,Brand Awareness,56.33,33505,0,41475,42,31,100,100,47,0,128,115,26280,0,0,0,7,1383,0,0,0,0,0,0
2026-06-07,Affiliate Network,Smart Choice Impact Initiative,East Region Prospecting Cohort,18477671,Health Conscious Buyers Interest Segment,131786783961333921,Offer Spotlight Value Voice,705205757413721577,Brand Awareness,0.29,178,0,135,0,0,0,0,0,0,0,0,101,0,0,0,0,7,0,0,0,0,0,0
2026-06-07,Video Network,Smart Choice Impact Initiative,East Region Prospecting Cohort,18477671,Family Planners Interest Segment,534542628136685144,Offer Spotlight Bold Voice,116526341254524535,Brand Awareness,77.84,62472,0,57715,82,0,0,0,0,0,0,0,0,0,0,0,19,41,0,0,0,0,0,0
2026-06-06,Marketplace Feed,Family Pantry Retention Initiative,Metro Region Loyalty Cohort,18477671,Quick Refill Buyers Retention Segment,513232078006145092,Shelf Story Warm Voice,133729297815049595,Brand Awareness,0,0,0,0,0,0,0,0,0,0,0,0,0,0,0,0,0,0,0,0,0,0,0,0
2026-06-06,Social Feed,Family Pantry Retention Initiative,Metro Region Loyalty Cohort,18477671,Family Planners Lookalike Segment,131110122694256392,Shelf Story Warm Voice,585790054530420953,Brand Awareness,0,0,0,0,0,0,0,0,0,0,0,0,0,0,0,0,0,0,0,0,0,0,0,0
2026-06-06,Affiliate Network,Home Essentials Scale Initiative,Metro Region Loyalty Cohort,18477671,Weekend Deal Hunters Interest Segment,377247011822843168,Shelf Story Bold Voice,643135492237413482,Brand Awareness,0,0,0,0,0,0,0,0,0,0,0,0,0,0,0,0,0,0,0,0,0,0,0,0
2026-06-06,Search Network,Home Essentials Scale Initiative,Metro Region Loyalty Cohort,18477671,Quick Refill Buyers Retention Segment,680094259900990869,Shelf Story Bold Voice,769886055999783877,Brand Awareness,0,0,0,0,0,0,0,0,0,0,0,0,0,0,0,0,0,0,0,0,0,0,0,0
2026-06-06,Discovery Network,Home Essentials Scale Initiative,Metro Region Loyalty Cohort,18477671,Health Conscious Buyers Interest Segment,159508469974487548,Shelf Story Bold Voice,113329620542890551,Brand Awareness,0,0,0,0,0,0,0,0,0,0,0,0,0,0,0,0,0,0,0,0,0,0,0,0
2026-06-06,Connected TV,Home Essentials Promo Initiative,East Region Prospecting Cohort,18477671,Health Conscious Buyers Interest Segment,159890011514394505,Offer Spotlight Bold Voice,142381176949482591,Brand Awareness,5.38,4329,0,4452,18,0,6,3,0,0,0,0,33,0,0,0,1,12,0,0,0,0,0,0
2026-06-06,Social Feed,Family Pantry Retention Initiative,East Region Conversion Cohort,18477671,Weekend Deal Hunters Interest Segment,149582435915186674,Shelf Story Warm Voice,771766932430929551,Brand Awareness,29.47,20218,0,18983,57,0,0,0,0,0,0,0,0,0,0,0,18,34,0,0,0,0,0,0
2026-06-06,Discovery Network,Market Fresh Demand Initiative,Metro Region Prospecting Cohort,18477671,Health Conscious Buyers Interest Segment,111425641592502989,Product Reel Bold Voice,973295260612807555,Brand Awareness,46.87,42386,0,35304,53,0,0,0,0,0,0,0,0,0,0,0,17,28,0,0,0,0,0,0
2026-06-06,Marketplace Feed,Smart Choice Impact Initiative,East Region Prospecting Cohort,18477671,Health Conscious Buyers Interest Segment,104742688502410437,Offer Spotlight Bold Voice,699445381393965161,Brand Awareness,0.7,599,0,745,1,0,0,0,0,0,0,0,0,0,0,0,0,1,0,0,0,0,0,0
2026-06-06,Display Network,Home Essentials Promo Initiative,East Region Prospecting Cohort,18477671,Bulk Buyers Retention Segment,248674078184555859,Offer Spotlight Bold Voice,452112915739182326,Brand Awareness,82.65,53063,0,53044,79,13,100,63,21,0,14,11,653,0,0,0,13,217,0,0,0,0,0,0
2026-06-06,Influencer Network,Market Fresh Demand Initiative,Metro Region Prospecting Cohort,18477671,Weekend Deal Hunters Interest Segment,161376797460090312,Product Reel Bold Voice,509760748397830743,Brand Awareness,24.45,22376,0,20444,50,0,0,0,0,0,0,0,0,0,0,0,20,26,0,0,0,0,0,0
2026-06-06,Shopping Grid,Home Essentials Promo Initiative,East Region Prospecting Cohort,18477671,Family Planners Interest Segment,126757682204121107,Offer Spotlight Bold Voice,121926468845256924,Brand Awareness,60.88,42127,0,38119,42,8,100,31,10,0,7,8,487,0,0,0,6,141,0,0,0,0,0,0
2026-06-06,Discovery Network,Family Pantry Retention Initiative,East Region Conversion Cohort,18477671,Family Planners Interest Segment,118913640049972056,Shelf Story Warm Voice,118757879921027344,Brand Awareness,127.82,123642,0,112181,203,0,0,0,0,0,0,0,0,0,0,0,76,99,0,0,0,0,0,0
2026-06-06,Affiliate Network,Smart Choice Impact Initiative,East Region Prospecting Cohort,18477671,Health Conscious Buyers Interest Segment,182723406752174546,Offer Spotlight Value Voice,423170338506808282,Brand Awareness,3.2,2176,0,1808,4,4,16,6,4,0,14,13,1549,0,0,0,1,200,0,0,0,0,0,0
2026-06-06,Search Network,Smart Choice Impact Initiative,East Region Prospecting Cohort,18477671,Family Planners Interest Segment,160816362089030229,Offer Spotlight Value Voice,237614485843363769,Brand Awareness,35.15,20849,0,19155,16,7,74,22,9,0,71,66,16781,0,0,0,2,1141,0,0,0,0,0,0
2026-06-06,Retail Media Network,Smart Choice Impact Initiative,East Region Prospecting Cohort,18477671,Bulk Buyers Retention Segment,112543485243332528,Offer Spotlight Value Voice,252505519243767839,Brand Awareness,93.33,55443,0,52955,46,27,100,51,29,0,201,163,41628,0,0,0,11,2772,0,0,0,0,0,0
2026-06-06,Influencer Network,Smart Choice Impact Initiative,East Region Prospecting Cohort,18477671,Health Conscious Buyers Interest Segment,131786783961333921,Offer Spotlight Value Voice,705205757413721577,Brand Awareness,0.58,291,0,293,0,0,1,0,0,0,1,1,223,0,0,0,1,17,0,0,0,0,0,0
2026-06-06,Marketplace Feed,Smart Choice Impact Initiative,East Region Prospecting Cohort,18477671,Health Conscious Buyers Interest Segment,573172726100372167,Offer Spotlight Bold Voice,122885112461996306,Brand Awareness,3.48,2538,0,2802,2,0,0,0,0,0,0,0,0,0,0,0,0,1,0,0,0,0,0,0
2026-06-06,Display Network,Smart Choice Impact Initiative,East Region Prospecting Cohort,18477671,Family Planners Interest Segment,534542628136685144,Offer Spotlight Bold Voice,116526341254524535,Brand Awareness,105.55,81504,0,84519,82,0,0,0,0,0,0,0,0,0,0,0,12,38,0,0,0,0,0,0
2026-06-06,Video Network,Home Essentials Promo Initiative,East Region Prospecting Cohort,18477671,Health Conscious Buyers Interest Segment,364535938237621249,Offer Spotlight Bold Voice,103276194285622030,Brand Awareness,1.11,966,0,986,1,1,3,1,1,0,1,1,16,0,0,0,0,5,0,0,0,0,0,0
2026-06-06,Discovery Network,Home Essentials Promo Initiative,East Region Prospecting Cohort,18477671,Health Conscious Buyers Interest Segment,534609213932090705,Price Drop Cut Value Voice,552366212827275778,Brand Awareness,1.6,1410,0,1266,5,3,85,17,5,0,23,20,724,0,0,0,4,228,0,0,0,0,0,0
2026-06-06,Social Feed,Home Essentials Promo Initiative,East Region Prospecting Cohort,18477671,Bulk Buyers Retention Segment,162853071358804827,Price Drop Cut Value Voice,738937145322144556,Brand Awareness,36.91,30750,0,39806,56,20,100,100,100,0,320,318,27233,0,0,0,31,2186,0,0,0,0,0,0
2026-06-06,Video Network,Home Essentials Promo Initiative,East Region Prospecting Cohort,18477671,Family Planners Interest Segment,311630515941383750,Price Drop Cut Value Voice,668883979484534905,Brand Awareness,91.09,65929,0,64121,112,67,100,100,100,0,637,504,48544,0,0,0,62,3950,0,0,0,0,0,0
2026-06-06,Affiliate Network,Family Pantry Retention Initiative,East Region Conversion Cohort,18477671,Health Conscious Buyers Interest Segment,177146400897430092,Shelf Story Warm Voice,125010800506358682,Brand Awareness,108.03,91168,0,84365,137,0,0,0,0,0,0,0,0,0,0,0,42,59,0,0,0,0,0,0
2026-06-06,Shopping Grid,Home Essentials Promo Initiative,East Region Prospecting Cohort,18477671,Health Conscious Buyers Interest Segment,112051189842394453,Price Drop Cut Value Voice,136910279477454488,Brand Awareness,1.26,801,0,796,1,2,19,3,2,0,5,4,560,0,0,0,1,58,0,0,0,0,0,0
2026-06-05,Influencer Network,Family Pantry Retention Initiative,Metro Region Loyalty Cohort,18477671,Weekend Deal Hunters Interest Segment,174176954196329732,Shelf Story Warm Voice,925460221944962698,Brand Awareness,0,0,0,0,0,0,0,0,0,0,0,0,0,0,0,0,0,0,0,0,0,0,0,0
2026-06-05,Influencer Network,Family Pantry Retention Initiative,Metro Region Loyalty Cohort,18477671,Quick Refill Buyers Retention Segment,513232078006145092,Shelf Story Warm Voice,133729297815049595,Brand Awareness,0,0,0,0,0,0,0,0,0,0,0,0,0,0,0,0,0,0,0,0,0,0,0,0
2026-06-05,In-App Display,Home Essentials Scale Initiative,Metro Region Loyalty Cohort,18477671,Weekend Deal Hunters Interest Segment,377247011822843168,Shelf Story Bold Voice,643135492237413482,Brand Awareness,0,0,0,0,0,0,0,0,0,0,0,0,0,0,0,0,0,0,0,0,0,0,0,0
2026-06-05,Search Network,Family Pantry Retention Initiative,East Region Conversion Cohort,18477671,Family Planners Interest Segment,118913640049972056,Shelf Story Warm Voice,118757879921027344,Brand Awareness,84.53,58439,0,63894,120,0,0,0,0,0,0,0,0,0,0,0,55,73,0,0,0,0,0,0
2026-06-05,Video Network,Family Pantry Retention Initiative,East Region Conversion Cohort,18477671,Weekend Deal Hunters Interest Segment,149582435915186674,Shelf Story Warm Voice,771766932430929551,Brand Awareness,19.2,14383,0,18423,26,0,0,0,0,0,0,0,0,0,0,0,14,18,0,0,0,0,0,0
2026-06-05,Influencer Network,Family Pantry Retention Initiative,East Region Conversion Cohort,18477671,Health Conscious Buyers Interest Segment,177146400897430092,Shelf Story Warm Voice,125010800506358682,Brand Awareness,126.19,81996,0,78546,138,0,0,0,0,0,0,0,0,0,0,0,39,69,0,0,0,0,0,0
2026-06-05,Shopping Grid,Home Essentials Promo Initiative,East Region Prospecting Cohort,18477671,Health Conscious Buyers Interest Segment,112051189842394453,Price Drop Cut Value Voice,136910279477454488,Brand Awareness,0.93,1478,0,1713,6,6,100,19,7,0,31,30,532,0,0,0,5,263,0,0,0,0,0,0
2026-06-05,Marketplace Feed,Home Essentials Promo Initiative,East Region Prospecting Cohort,18477671,Health Conscious Buyers Interest Segment,534609213932090705,Price Drop Cut Value Voice,552366212827275778,Brand Awareness,0.44,787,0,900,1,0,80,5,0,0,8,6,454,0,0,0,1,183,0,0,0,0,0,0
2026-06-05,In-App Display,Smart Choice Impact Initiative,East Region Prospecting Cohort,18477671,Family Planners Interest Segment,160816362089030229,Offer Spotlight Value Voice,237614485843363769,Brand Awareness,40.99,23375,0,24324,32,8,100,26,14,0,101,87,19274,0,0,0,4,1547,0,0,0,0,0,0
2026-06-05,Marketplace Feed,Smart Choice Impact Initiative,East Region Prospecting Cohort,18477671,Bulk Buyers Retention Segment,112543485243332528,Offer Spotlight Value Voice,252505519243767839,Brand Awareness,55.90,32137,0,32977,29,12,100,42,16,0,117,124,28569,0,0,0,10,1964,0,0,0,0,0,0
2026-06-05,Connected TV,Smart Choice Impact Initiative,East Region Prospecting Cohort,18477671,Health Conscious Buyers Interest Segment,182723406752174546,Offer Spotlight Value Voice,423170338506808282,Brand Awareness,2.66,1920,0,1612,6,4,14,5,3,0,10,9,1572,0,0,0,2,126,0,0,0,0,0,0
2026-06-05,Influencer Network,Smart Choice Impact Initiative,East Region Prospecting Cohort,18477671,Health Conscious Buyers Interest Segment,573172726100372167,Offer Spotlight Bold Voice,122885112461996306,Brand Awareness,1.00,771,0,734,0,0,0,0,0,0,0,0,0,0,0,0,0,0,0,0,0,0,0,0
2026-06-05,Influencer Network,Smart Choice Impact Initiative,East Region Prospecting Cohort,18477671,Family Planners Interest Segment,534542628136685144,Offer Spotlight Bold Voice,116526341254524535,Brand Awareness,35.53,24757,0,24977,14,0,0,0,0,0,0,0,0,0,0,0,0,5,0,0,0,0,0,0
2026-06-05,In-App Display,Smart Choice Impact Initiative,East Region Prospecting Cohort,18477671,Health Conscious Buyers Interest Segment,131786783961333921,Offer Spotlight Value Voice,705205757413721577,Brand Awareness,1.01,615,0,734,0,1,4,3,2,0,4,3,461,0,0,0,1,47,0,0,0,0,0,0
2026-06-05,Video Network,Home Essentials Promo Initiative,East Region Prospecting Cohort,18477671,Bulk Buyers Retention Segment,162853071358804827,Price Drop Cut Value Voice,738937145322144556,Brand Awareness,54.80,89052,0,103016,204,24,100,100,100,0,1134,1034,73551,0,0,0,166,4553,0,0,0,0,0,0
2026-06-05,Video Network,Home Essentials Promo Initiative,East Region Prospecting Cohort,18477671,Family Planners Interest Segment,311630515941383750,Price Drop Cut Value Voice,668883979484534905,Brand Awareness,57.93,92827,0,109817,187,94,100,100,100,0,1183,1050,60240,0,0,0,155,7027,0,0,0,0,0,0
2026-06-05,Search Network,Smart Choice Impact Initiative,East Region Prospecting Cohort,18477671,Health Conscious Buyers Interest Segment,104742688502410437,Offer Spotlight Bold Voice,699445381393965161,Brand Awareness,0.37,325,0,317,0,0,0,0,0,0,0,0,0,0,0,0,0,0,0,0,0,0,0,0
2026-06-05,Display Network,Home Essentials Scale Initiative,Metro Region Loyalty Cohort,18477671,Family Planners Lookalike Segment,446016762288579880,Shelf Story Bold Voice,113800263724801222,Brand Awareness,0,0,0,0,0,0,0,0,0,0,0,0,0,0,0,0,0,0,0,0,0,0,0,0
2026-06-05,In-App Display,Home Essentials Scale Initiative,Metro Region Loyalty Cohort,18477671,Quick Refill Buyers Retention Segment,680094259900990869,Shelf Story Bold Voice,769886055999783877,Brand Awareness,0,0,0,0,0,0,0,0,0,0,0,0,0,0,0,0,0,0,0,0,0,0,0,0
2026-06-05,Discovery Network,Home Essentials Scale Initiative,Metro Region Loyalty Cohort,18477671,Health Conscious Buyers Interest Segment,159508469974487548,Shelf Story Bold Voice,113329620542890551,Brand Awareness,0,0,0,0,0,0,0,0,0,0,0,0,0,0,0,0,0,0,0,0,0,0,0,0
2026-06-05,Marketplace Feed,Market Fresh Demand Initiative,Metro Region Prospecting Cohort,18477671,Weekend Deal Hunters Interest Segment,161376797460090312,Product Reel Bold Voice,509760748397830743,Brand Awareness,22.82,15914,0,18490,43,0,0,0,0,0,0,0,0,0,0,0,19,21,0,0,0,0,0,0
2026-06-05,Shopping Grid,Home Essentials Promo Initiative,East Region Prospecting Cohort,18477671,Bulk Buyers Retention Segment,248674078184555859,Offer Spotlight Bold Voice,452112915739182326,Brand Awareness,59.76,48594,0,40886,62,10,100,37,17,0,10,8,580,0,0,0,10,168,0,0,0,0,0,0
2026-06-05,Display Network,Home Essentials Promo Initiative,East Region Prospecting Cohort,18477671,Family Planners Interest Segment,126757682204121107,Offer Spotlight Bold Voice,121926468845256924,Brand Awareness,51.88,34063,0,37911,39,7,100,23,9,0,7,5,549,0,0,0,10,135,0,0,0,0,0,0
2026-06-05,Display Network,Home Essentials Promo Initiative,East Region Prospecting Cohort,18477671,Health Conscious Buyers Interest Segment,159890011514394505,Offer Spotlight Bold Voice,142381176949482591,Brand Awareness,5.56,3159,0,3315,7,0,9,1,0,0,0,0,48,0,0,0,1,14,0,0,0,0,0,0
2026-06-05,Retail Media Network,Smart Choice Impact Initiative,East Region Prospecting Cohort,18477671,Bulk Buyers Retention Segment,727021043852924192,Shelf Story Warm Voice,133409347016678165,Brand Awareness,0,0,0,0,0,0,0,0,0,0,0,0,0,0,0,0,0,0,0,0,0,0,0,0
2026-06-05,Discovery Network,Home Essentials Promo Initiative,East Region Prospecting Cohort,18477671,Health Conscious Buyers Interest Segment,364535938237621249,Offer Spotlight Bold Voice,103276194285622030,Brand Awareness,0.91,720,0,777,1,0,5,0,0,0,0,0,19,0,0,0,0,7,0,0,0,0,0,0
2026-06-05,Affiliate Network,Smart Choice Impact Initiative,East Region Prospecting Cohort,18477671,Family Planners Interest Segment,373256667201293858,Shelf Story Warm Voice,883079818290164457,Brand Awareness,0,0,0,0,0,0,0,0,0,0,0,0,0,0,0,0,0,0,0,0,0,0,0,0
2026-06-05,Connected TV,Market Fresh Demand Initiative,Metro Region Prospecting Cohort,18477671,Health Conscious Buyers Interest Segment,111425641592502989,Product Reel Bold Voice,973295260612807555,Brand Awareness,38.54,29402,0,32691,49,0,0,0,0,0,0,0,0,0,0,0,15,23,0,0,0,0,0,0
2026-06-04,Retail Media Network,Smart Choice Impact Initiative,East Region Prospecting Cohort,18477671,Health Conscious Buyers Interest Segment,762486691540035959,Shelf Story Warm Voice,410836238484767847,Brand Awareness,0.23,185,0,168,0,0,0,0,0,0,0,0,130,0,0,0,0,10,0,0,0,0,0,0
2026-06-04,Display Network,Smart Choice Impact Initiative,East Region Prospecting Cohort,18477671,Family Planners Interest Segment,373256667201293858,Shelf Story Warm Voice,883079818290164457,Brand Awareness,53.75,37844,0,39036,51,13,100,42,21,0,136,118,27508,0,0,0,6,2006,0,0,0,0,0,0
2026-06-04,Connected TV,Smart Choice Impact Initiative,East Region Prospecting Cohort,18477671,Health Conscious Buyers Interest Segment,950593568547477339,Shelf Story Warm Voice,776672657555918232,Brand Awareness,2.49,1805,0,1714,0,0,12,1,1,0,10,10,1439,0,0,0,0,148,0,0,0,0,0,0
2026-06-04,In-App Display,Family Pantry Retention Initiative,East Region Conversion Cohort,18477671,Family Planners Interest Segment,118913640049972056,Shelf Story Warm Voice,118757879921027344,Brand Awareness,102.82,74349,0,77461,155,0,0,0,0,0,0,0,0,0,0,0,64,91,0,0,0,0,0,0
2026-06-04,In-App Display,Seasonal Select Demand Initiative,Metro Region Loyalty Cohort,18477671,Health Conscious Buyers Interest Segment,282702381896898873,Offer Spotlight Bold Voice,819625215333485369,Brand Awareness,0,0,0,0,0,0,0,0,0,0,0,0,0,0,0,0,0,0,0,0,0,0,0,0
2026-06-04,Video Network,Seasonal Select Demand Initiative,Metro Region Loyalty Cohort,18477671,Weekend Deal Hunters Interest Segment,139993609999854281,Offer Spotlight Bold Voice,114177678369764321,Brand Awareness,0,0,0,0,0,0,0,0,0,0,0,0,0,0,0,0,0,0,0,0,0,0,0,0
2026-06-04,Search Network,Family Pantry Retention Initiative,East Region Conversion Cohort,18477671,Weekend Deal Hunters Interest Segment,149582435915186674,Shelf Story Warm Voice,771766932430929551,Brand Awareness,13.74,11821,0,12021,21,0,0,0,0,0,0,0,0,0,0,0,6,12,0,0,0,0,0,0
2026-06-04,Discovery Network,Family Pantry Retention Initiative,East Region Conversion Cohort,18477671,Health Conscious Buyers Interest Segment,177146400897430092,Shelf Story Warm Voice,125010800506358682,Brand Awareness,88.07,77203,0,75689,133,0,0,0,0,0,0,0,0,0,0,0,42,66,0,0,0,0,0,0
2026-06-04,In-App Display,Market Fresh Demand Initiative,Metro Region Prospecting Cohort,18477671,Health Conscious Buyers Interest Segment,111425641592502989,Product Reel Bold Voice,973295260612807555,Brand Awareness,36.23,26968,0,30252,36,0,0,0,0,0,0,0,0,0,0,0,10,13,0,0,0,0,0,0
2026-06-04,Discovery Network,Home Essentials Promo Initiative,East Region Prospecting Cohort,18477671,Bulk Buyers Retention Segment,248674078184555859,Offer Spotlight Bold Voice,452112915739182326,Brand Awareness,67.83,48481,0,50779,45,8,100,32,14,0,7,7,585,0,0,0,14,165,0,0,0,0,0,0
2026-06-04,Connected TV,Home Essentials Promo Initiative,East Region Prospecting Cohort,18477671,Family Planners Interest Segment,126757682204121107,Offer Spotlight Bold Voice,121926468845256924,Brand Awareness,50.14,35403,0,31323,45,4,100,28,7,0,4,4,465,0,0,0,7,149,0,0,0,0,0,0
2026-06-04,Connected TV,Home Essentials Promo Initiative,East Region Prospecting Cohort,18477671,Health Conscious Buyers Interest Segment,159890011514394505,Offer Spotlight Bold Voice,142381176949482591,Brand Awareness,3.99,2709,0,3193,9,1,10,2,1,0,1,1,42,0,0,0,2,13,0,0,0,0,0,0
2026-06-04,Influencer Network,Home Essentials Promo Initiative,East Region Prospecting Cohort,18477671,Health Conscious Buyers Interest Segment,364535938237621249,Offer Spotlight Bold Voice,103276194285622030,Brand Awareness,0.66,392,0,506,4,1,1,1,1,0,1,1,10,0,0,0,1,2,0,0,0,0,0,0
2026-06-04,Social Feed,Smart Choice Impact Initiative,East Region Prospecting Cohort,18477671,Bulk Buyers Retention Segment,727021043852924192,Shelf Story Warm Voice,133409347016678165,Brand Awareness,51.24,40460,0,42662,35,17,100,51,23,0,147,164,35709,0,0,0,7,2085,0,0,0,0,0,0
2026-06-04,Discovery Network,Family Pantry Retention Initiative,Metro Region Loyalty Cohort,18477671,Weekend Deal Hunters Interest Segment,174176954196329732,Shelf Story Warm Voice,925460221944962698,Brand Awareness,0,0,0,0,0,0,0,0,0,0,0,0,0,0,0,0,0,0,0,0,0,0,0,0
2026-06-04,Affiliate Network,Market Fresh Demand Initiative,Metro Region Prospecting Cohort,18477671,Weekend Deal Hunters Interest Segment,161376797460090312,Product Reel Bold Voice,509760748397830743,Brand Awareness,19.21,18104,0,18930,33,0,0,0,0,0,0,0,0,0,0,0,10,17,0,0,0,0,0,0
2026-06-04,Shopping Grid,Home Essentials Scale Initiative,Metro Region Loyalty Cohort,18477671,Family Planners Lookalike Segment,446016762288579880,Shelf Story Bold Voice,113800263724801222,Brand Awareness,0,0,0,0,0,0,0,0,0,0,0,0,0,0,0,0,0,0,0,0,0,0,0,0
2026-06-04,Shopping Grid,Home Essentials Scale Initiative,Metro Region Loyalty Cohort,18477671,Weekend Deal Hunters Interest Segment,377247011822843168,Shelf Story Bold Voice,643135492237413482,Brand Awareness,0,0,0,0,0,0,0,0,0,0,0,0,0,0,0,0,0,0,0,0,0,0,0,0
2026-06-04,Social Feed,Home Essentials Scale Initiative,Metro Region Loyalty Cohort,18477671,Quick Refill Buyers Retention Segment,680094259900990869,Shelf Story Bold Voice,769886055999783877,Brand Awareness,0,0,0,0,0,0,0,0,0,0,0,0,0,0,0,0,0,0,0,0,0,0,0,0
2026-06-03,Social Feed,Home Essentials Scale Initiative,Metro Region Loyalty Cohort,18477671,Weekend Deal Hunters Interest Segment,377247011822843168,Shelf Story Bold Voice,643135492237413482,Brand Awareness,0,0,0,0,0,0,0,0,0,0,0,0,0,0,0,0,0,0,0,0,0,0,0,0
2026-06-03,Retail Media Network,Home Essentials Scale Initiative,Metro Region Loyalty Cohort,18477671,Quick Refill Buyers Retention Segment,680094259900990869,Shelf Story Bold Voice,769886055999783877,Brand Awareness,0,0,0,0,0,0,0,0,0,0,0,0,0,0,0,0,0,0,0,0,0,0,0,0
2026-06-03,Social Feed,Home Essentials Scale Initiative,Metro Region Loyalty Cohort,18477671,Health Conscious Buyers Interest Segment,159508469974487548,Shelf Story Bold Voice,113329620542890551,Brand Awareness,0,0,0,0,0,0,0,0,0,0,0,0,0,0,0,0,0,0,0,0,0,0,0,0
2026-06-03,Shopping Grid,Family Pantry Retention Initiative,Metro Region Loyalty Cohort,18477671,Weekend Deal Hunters Interest Segment,174176954196329732,Shelf Story Warm Voice,925460221944962698,Brand Awareness,0,0,0,0,0,0,0,0,0,0,0,0,0,0,0,0,0,0,0,0,0,0,0,0
2026-06-03,Shopping Grid,Market Fresh Demand Initiative,Metro Region Prospecting Cohort,18477671,Weekend Deal Hunters Interest Segment,161376797460090312,Product Reel Bold Voice,509760748397830743,Brand Awareness,10.97,11781,0,10293,13,0,0,0,0,0,0,0,0,0,0,0,9,9,0,0,0,0,0,0
2026-06-03,Influencer Network,Market Fresh Demand Initiative,Metro Region Prospecting Cohort,18477671,Health Conscious Buyers Interest Segment,111425641592502989,Product Reel Bold Voice,973295260612807555,Brand Awareness,48.68,58112,0,52790,137,0,0,0,0,0,0,0,0,0,0,0,103,95,0,0,0,0,0,0
2026-06-03,Retail Media Network,Home Essentials Promo Initiative,East Region Prospecting Cohort,18477671,Bulk Buyers Retention Segment,248674078184555859,Offer Spotlight Bold Voice,452112915739182326,Brand Awareness,63.0,60893,0,63955,64,16,100,57,18,0,15,11,732,0,0,0,9,249,0,0,0,0,0,0
2026-06-03,Shopping Grid,Home Essentials Promo Initiative,East Region Prospecting Cohort,18477671,Family Planners Interest Segment,126757682204121107,Offer Spotlight Bold Voice,121926468845256924,Brand Awareness,45.18,42581,0,43888,53,26,100,93,39,0,27,24,1200,0,0,0,15,337,0,0,0,0,0,0
2026-06-03,Display Network,Home Essentials Promo Initiative,East Region Prospecting Cohort,18477671,Health Conscious Buyers Interest Segment,159890011514394505,Offer Spotlight Bold Voice,142381176949482591,Brand Awareness,3,2809,0,2813,5,0,6,1,0,0,0,0,24,0,0,0,1,9,0,0,0,0,0,0
2026-06-03,Retail Media Network,Smart Choice Impact Initiative,East Region Prospecting Cohort,18477671,Bulk Buyers Retention Segment,727021043852924192,Shelf Story Warm Voice,133409347016678165,Brand Awareness,35.72,28986,0,36100,42,15,100,41,15,0,127,117,28126,0,0,0,8,1794,0,0,0,0,0,0
2026-06-03,Shopping Grid,Smart Choice Impact Initiative,East Region Prospecting Cohort,18477671,Health Conscious Buyers Interest Segment,762486691540035959,Shelf Story Warm Voice,410836238484767847,Brand Awareness,0.18,164,0,167,0,0,0,0,0,0,0,0,136,0,0,0,0,11,0,0,0,0,0,0
2026-06-03,Marketplace Feed,Smart Choice Impact Initiative,East Region Prospecting Cohort,18477671,Family Planners Interest Segment,373256667201293858,Shelf Story Warm Voice,883079818290164457,Brand Awareness,66.52,62015,0,58814,96,30,100,68,41,0,260,194,49027,0,0,0,6,3112,0,0,0,0,0,0
2026-06-03,Influencer Network,Smart Choice Impact Initiative,East Region Prospecting Cohort,18477671,Health Conscious Buyers Interest Segment,950593568547477339,Shelf Story Warm Voice,776672657555918232,Brand Awareness,2.04,1672,0,1993,2,1,12,4,1,0,12,9,1400,0,0,0,1,112,0,0,0,0,0,0
2026-06-03,Affiliate Network,Seasonal Select Demand Initiative,Metro Region Loyalty Cohort,18477671,Quick Refill Buyers Retention Segment,185265442205907450,Offer Spotlight Bold Voice,966012141165852674,Brand Awareness,1.64,149,0,59,0,100,100,100,100,0,130,97,148,0,0,0,0,131,0,0,0,0,0,0
2026-06-03,Social Feed,Home Essentials Promo Initiative,East Region Prospecting Cohort,18477671,Health Conscious Buyers Interest Segment,364535938237621249,Offer Spotlight Bold Voice,103276194285622030,Brand Awareness,0.45,477,0,488,2,1,3,2,1,0,1,1,12,0,0,0,2,6,0,0,0,0,0,0
2026-06-03,Social Feed,Seasonal Select Demand Initiative,Metro Region Loyalty Cohort,18477671,Health Conscious Buyers Interest Segment,282702381896898873,Offer Spotlight Bold Voice,819625215333485369,Brand Awareness,76.11,5809,0,2342,6,100,100,100,100,0,5796,4600,5820,0,0,0,5,4672,0,0,0,0,0,0
2026-06-03,Video Network,Seasonal Select Demand Initiative,Metro Region Loyalty Cohort,18477671,Weekend Deal Hunters Interest Segment,139993609999854281,Offer Spotlight Bold Voice,114177678369764321,Brand Awareness,91.06,6643,0,2800,5,100,100,100,100,0,6769,6327,6407,0,0,0,4,7195,0,0,0,0,0,0
2026-06-03,Search Network,Family Pantry Retention Initiative,East Region Conversion Cohort,18477671,Weekend Deal Hunters Interest Segment,149582435915186674,Shelf Story Warm Voice,771766932430929551,Brand Awareness,16.42,13629,0,12226,28,0,0,0,0,0,0,0,0,0,0,0,12,12,0,0,0,0,0,0
2026-06-03,Marketplace Feed,Family Pantry Retention Initiative,East Region Conversion Cohort,18477671,Family Planners Interest Segment,118913640049972056,Shelf Story Warm Voice,118757879921027344,Brand Awareness,100.06,92281,0,106978,146,0,0,0,0,0,0,0,0,1,0,0,72,77,0,0,0,0,0,0
2026-06-03,Retail Media Network,Family Pantry Retention Initiative,East Region Conversion Cohort,18477671,Health Conscious Buyers Interest Segment,177146400897430092,Shelf Story Warm Voice,125010800506358682,Brand Awareness,91.42,87146,0,76991,110,0,0,0,0,0,0,0,0,0,1,0,46,71,0,0,0,0,0,0
2026-06-03,Discovery Network,Family Pantry Retention Initiative,Metro Region Loyalty Cohort,18477671,Family Planners Lookalike Segment,131110122694256392,Shelf Story Warm Voice,585790054530420953,Brand Awareness,0,0,0,0,0,0,0,0,0,0,0,0,0,0,0,0,0,0,0,0,0,0,0,0
2026-06-02,Retail Media Network,Family Pantry Retention Initiative,Metro Region Loyalty Cohort,18477671,Weekend Deal Hunters Interest Segment,174176954196329732,Shelf Story Warm Voice,925460221944962698,Brand Awareness,0,0,0,0,0,0,0,0,0,0,0,0,0,0,0,0,0,0,0,0,0,0,0,0
2026-06-02,Marketplace Feed,Family Pantry Retention Initiative,Metro Region Loyalty Cohort,18477671,Family Planners Lookalike Segment,131110122694256392,Shelf Story Warm Voice,585790054530420953,Brand Awareness,0,0,0,0,0,0,0,0,0,0,0,0,0,0,0,0,0,0,0,0,0,0,0,0
2026-06-02,In-App Display,Family Pantry Retention Initiative,East Region Conversion Cohort,18477671,Weekend Deal Hunters Interest Segment,149582435915186674,Shelf Story Warm Voice,771766932430929551,Brand Awareness,14.17,11318,0,11803,32,0,0,0,0,0,0,0,0,0,0,0,14,18,0,0,0,0,0,0
2026-06-02,Influencer Network,Family Pantry Retention Initiative,East Region Conversion Cohort,18477671,Health Conscious Buyers Interest Segment,177146400897430092,Shelf Story Warm Voice,125010800506358682,Brand Awareness,117.44,122615,0,138100,270,0,0,0,0,0,0,0,0,0,0,0,142,184,0,0,0,0,0,0
2026-06-02,Affiliate Network,Seasonal Select Demand Initiative,Metro Region Loyalty Cohort,18477671,Quick Refill Buyers Retention Segment,185265442205907450,Offer Spotlight Bold Voice,966012141165852674,Brand Awareness,6.23,432,0,120,0,100,100,100,100,0,385,328,440,0,0,0,0,353,0,0,0,0,0,0
2026-06-02,Affiliate Network,Seasonal Select Demand Initiative,Metro Region Loyalty Cohort,18477671,Health Conscious Buyers Interest Segment,282702381896898873,Offer Spotlight Bold Voice,819625215333485369,Brand Awareness,84.63,5202,0,2351,5,100,100,100,100,0,5627,5049,6189,0,0,0,4,5727,0,0,0,0,0,0
2026-06-02,Display Network,Seasonal Select Demand Initiative,Metro Region Loyalty Cohort,18477671,Weekend Deal Hunters Interest Segment,139993609999854281,Offer Spotlight Bold Voice,114177678369764321,Brand Awareness,98.10,7529,0,3071,7,100,100,100,100,0,6665,6018,7850,0,0,0,5,6877,0,0,0,0,0,0
2026-06-02,Marketplace Feed,Smart Choice Impact Initiative,East Region Prospecting Cohort,18477671,Health Conscious Buyers Interest Segment,950593568547477339,Shelf Story Warm Voice,776672657555918232,Brand Awareness,1.74,1514,0,1380,1,0,9,3,1,0,6,5,1301,0,0,0,0,107,0,0,0,0,0,0
2026-06-02,Marketplace Feed,Home Essentials Scale Initiative,Metro Region Loyalty Cohort,18477671,Family Planners Lookalike Segment,446016762288579880,Shelf Story Bold Voice,113800263724801222,Brand Awareness,0,0,0,0,0,0,0,0,0,0,0,0,0,0,0,0,0,0,0,0,0,0,0,0
2026-06-02,Social Feed,Home Essentials Scale Initiative,Metro Region Loyalty Cohort,18477671,Quick Refill Buyers Retention Segment,680094259900990869,Shelf Story Bold Voice,769886055999783877,Brand Awareness,0,0,0,0,0,0,0,0,0,0,0,0,0,0,0,0,0,0,0,0,0,0,0,0
2026-06-02,Video Network,Home Essentials Scale Initiative,Metro Region Loyalty Cohort,18477671,Health Conscious Buyers Interest Segment,159508469974487548,Shelf Story Bold Voice,113329620542890551,Brand Awareness,0,0,0,0,0,0,0,0,0,0,0,0,0,0,0,0,0,0,0,0,0,0,0,0
2026-06-02,Retail Media Network,Market Fresh Demand Initiative,Metro Region Prospecting Cohort,18477671,Weekend Deal Hunters Interest Segment,161376797460090312,Product Reel Bold Voice,509760748397830743,Brand Awareness,14.97,15394,0,13297,35,0,0,0,0,0,0,0,0,0,0,0,7,11,0,0,0,0,0,0
2026-06-02,Retail Media Network,Home Essentials Promo Initiative,East Region Prospecting Cohort,18477671,Bulk Buyers Retention Segment,248674078184555859,Offer Spotlight Bold Voice,452112915739182326,Brand Awareness,70.81,50176,0,60869,70,4,44,14,7,0,4,3,340,0,0,0,10,79,0,0,0,0,0,0
2026-06-02,Influencer Network,Home Essentials Promo Initiative,East Region Prospecting Cohort,18477671,Family Planners Interest Segment,126757682204121107,Offer Spotlight Bold Voice,121926468845256924,Brand Awareness,45.31,41583,0,41361,51,24,100,85,33,0,25,21,1298,0,0,0,13,388,0,0,0,0,0,0
2026-06-02,Display Network,Home Essentials Promo Initiative,East Region Prospecting Cohort,18477671,Health Conscious Buyers Interest Segment,159890011514394505,Offer Spotlight Bold Voice,142381176949482591,Brand Awareness,3.7,2465,0,3221,6,1,2,1,1,0,1,1,17,0,0,0,0,4,0,0,0,0,0,0
2026-06-02,Video Network,Smart Choice Impact Initiative,East Region Prospecting Cohort,18477671,Bulk Buyers Retention Segment,727021043852924192,Shelf Story Warm Voice,133409347016678165,Brand Awareness,50.23,33983,0,37221,52,18,100,51,21,0,163,123,32942,0,0,0,7,1951,0,0,0,0,0,0
2026-06-02,Connected TV,Home Essentials Promo Initiative,East Region Prospecting Cohort,18477671,Health Conscious Buyers Interest Segment,364535938237621249,Offer Spotlight Bold Voice,103276194285622030,Brand Awareness,0.48,369,0,404,0,1,5,1,1,0,1,1,11,0,0,0,0,4,0,0,0,0,0,0
2026-06-02,Affiliate Network,Smart Choice Impact Initiative,East Region Prospecting Cohort,18477671,Health Conscious Buyers Interest Segment,762486691540035959,Shelf Story Warm Voice,410836238484767847,Brand Awareness,0.25,207,0,184,1,0,0,0,0,0,0,0,150,0,0,0,0,13,0,0,0,0,0,0
2026-06-02,Social Feed,Smart Choice Impact Initiative,East Region Prospecting Cohort,18477671,Family Planners Interest Segment,373256667201293858,Shelf Story Warm Voice,883079818290164457,Brand Awareness,62.05,44557,0,44745,76,24,100,65,45,0,208,202,42877,0,0,0,12,2740,0,0,0,0,0,0
2026-06-02,Shopping Grid,Home Essentials Scale Initiative,Metro Region Loyalty Cohort,18477671,Weekend Deal Hunters Interest Segment,377247011822843168,Shelf Story Bold Voice,643135492237413482,Brand Awareness,0,0,0,0,0,0,0,0,0,0,0,0,0,0,0,0,0,0,0,0,0,0,0,0
2026-06-02,Search Network,Market Fresh Demand Initiative,Metro Region Prospecting Cohort,18477671,Health Conscious Buyers Interest Segment,111425641592502989,Product Reel Bold Voice,973295260612807555,Brand Awareness,46.05,43707,0,48808,73,0,0,0,0,0,0,0,0,0,0,0,26,43,0,0,0,0,0,0
2026-06-02,Social Feed,Family Pantry Retention Initiative,East Region Conversion Cohort,18477671,Family Planners Interest Segment,118913640049972056,Shelf Story Warm Voice,118757879921027344,Brand Awareness,99.26,76918,0,73306,167,0,0,0,0,0,0,0,0,0,0,0,70,88,0,0,0,0,0,0
2026-06-01,Display Network,Home Essentials Scale Initiative,Metro Region Loyalty Cohort,18477671,Family Planners Lookalike Segment,446016762288579880,Shelf Story Bold Voice,113800263724801222,Brand Awareness,0,0,0,0,0,0,0,0,0,0,0,0,0,0,0,0,0,0,0,0,0,0,0,0
2026-06-01,Social Feed,Home Essentials Scale Initiative,Metro Region Loyalty Cohort,18477671,Quick Refill Buyers Retention Segment,680094259900990869,Shelf Story Bold Voice,769886055999783877,Brand Awareness,0,0,0,0,0,0,0,0,0,0,0,0,0,0,0,0,0,0,0,0,0,0,0,0
2026-06-01,Affiliate Network,Home Essentials Scale Initiative,Metro Region Loyalty Cohort,18477671,Health Conscious Buyers Interest Segment,159508469974487548,Shelf Story Bold Voice,113329620542890551,Brand Awareness,0,0,0,0,0,0,0,0,0,0,0,0,0,0,0,0,0,0,0,0,0,0,0,0
2026-06-01,Marketplace Feed,Market Fresh Demand Initiative,Metro Region Prospecting Cohort,18477671,Weekend Deal Hunters Interest Segment,161376797460090312,Product Reel Bold Voice,509760748397830743,Brand Awareness,25.47,25134,0,21093,51,0,0,0,0,0,0,0,0,0,0,0,21,29,0,0,0,0,0,0
2026-06-01,Search Network,Home Essentials Promo Initiative,East Region Prospecting Cohort,18477671,Bulk Buyers Retention Segment,248674078184555859,Offer Spotlight Bold Voice,452112915739182326,Brand Awareness,55.9,52030,0,48051,41,4,33,11,7,0,4,3,305,0,0,0,5,54,0,0,0,0,0,0
2026-06-01,Marketplace Feed,Home Essentials Promo Initiative,East Region Prospecting Cohort,18477671,Family Planners Interest Segment,126757682204121107,Offer Spotlight Bold Voice,121926468845256924,Brand Awareness,67.12,55899,0,58450,42,35,100,100,46,0,33,30,1593,0,0,0,11,484,0,0,0,0,0,0
2026-06-01,Retail Media Network,Home Essentials Promo Initiative,East Region Prospecting Cohort,18477671,Health Conscious Buyers Interest Segment,159890011514394505,Offer Spotlight Bold Voice,142381176949482591,Brand Awareness,3.62,2883,0,2978,14,1,9,3,2,0,2,2,26,0,0,0,6,11,0,0,0,0,0,0
2026-06-01,Search Network,Smart Choice Impact Initiative,East Region Prospecting Cohort,18477671,Bulk Buyers Retention Segment,727021043852924192,Shelf Story Warm Voice,133409347016678165,Brand Awareness,57.60,53814,0,50627,82,29,100,77,45,0,233,182,46454,0,0,0,10,2765,0,0,0,0,0,0
2026-06-01,Display Network,Smart Choice Impact Initiative,East Region Prospecting Cohort,18477671,Health Conscious Buyers Interest Segment,762486691540035959,Shelf Story Warm Voice,410836238484767847,Brand Awareness,0.21,128,0,102,0,0,0,0,0,0,0,0,95,0,0,0,0,6,0,0,0,0,0,0
2026-06-01,Social Feed,Smart Choice Impact Initiative,East Region Prospecting Cohort,18477671,Family Planners Interest Segment,373256667201293858,Shelf Story Warm Voice,883079818290164457,Brand Awareness,53.06,37513,0,37466,93,31,100,57,40,0,197,184,37326,0,0,0,11,2345,0,0,0,0,0,0
2026-06-01,Marketplace Feed,Smart Choice Impact Initiative,East Region Prospecting Cohort,18477671,Health Conscious Buyers Interest Segment,950593568547477339,Shelf Story Warm Voice,776672657555918232,Brand Awareness,0.89,718,0,720,2,0,4,2,1,0,3,3,595,0,0,0,0,49,0,0,0,0,0,0
2026-06-01,Influencer Network,Family Pantry Retention Initiative,East Region Conversion Cohort,18477671,Family Planners Interest Segment,118913640049972056,Shelf Story Warm Voice,118757879921027344,Brand Awareness,79.28,66788,0,72122,109,0,0,0,0,0,0,0,0,0,0,0,53,65,0,0,0,0,0,0
2026-06-01,Affiliate Network,Family Pantry Retention Initiative,East Region Conversion Cohort,18477671,Health Conscious Buyers Interest Segment,177146400897430092,Shelf Story Warm Voice,125010800506358682,Brand Awareness,115.21,94843,0,98555,231,0,0,0,0,0,0,0,0,0,0,0,108,133,0,0,0,0,0,0
2026-06-01,Video Network,Seasonal Select Demand Initiative,Metro Region Loyalty Cohort,18477671,Quick Refill Buyers Retention Segment,185265442205907450,Offer Spotlight Bold Voice,966012141165852674,Brand Awareness,14.68,876,0,234,2,100,100,100,100,0,796,776,897,0,0,0,2,922,0,0,0,0,0,0
2026-06-01,Shopping Grid,Market Fresh Demand Initiative,Metro Region Prospecting Cohort,18477671,Health Conscious Buyers Interest Segment,111425641592502989,Product Reel Bold Voice,973295260612807555,Brand Awareness,37.44,41441,0,40785,69,0,0,0,0,0,0,0,0,0,0,0,37,45,0,0,0,0,0,0
2026-06-01,Connected TV,Home Essentials Promo Initiative,East Region Prospecting Cohort,18477671,Health Conscious Buyers Interest Segment,364535938237621249,Offer Spotlight Bold Voice,103276194285622030,Brand Awareness,0.44,291,0,277,0,0,1,0,0,0,0,0,12,0,0,0,0,1,0,0,0,0,0,0
2026-06-01,Affiliate Network,Family Pantry Retention Initiative,East Region Conversion Cohort,18477671,Weekend Deal Hunters Interest Segment,149582435915186674,Shelf Story Warm Voice,771766932430929551,Brand Awareness,22.21,21384,0,20683,62,0,0,0,0,0,0,0,0,0,0,0,34,31,0,0,0,0,0,0
2026-06-01,Influencer Network,Seasonal Select Demand Initiative,Metro Region Loyalty Cohort,18477671,Health Conscious Buyers Interest Segment,282702381896898873,Offer Spotlight Bold Voice,819625215333485369,Brand Awareness,70.52,5366,0,2149,12,100,100,100,100,0,4795,4788,5529,0,0,0,9,4196,0,0,0,0,0,0
2026-06-01,Display Network,Family Pantry Retention Initiative,Metro Region Loyalty Cohort,18477671,Quick Refill Buyers Retention Segment,513232078006145092,Shelf Story Warm Voice,133729297815049595,Brand Awareness,0,0,0,0,0,0,0,0,0,0,0,0,0,0,0,0,0,0,0,0,0,0,0,0
2026-06-01,Connected TV,Family Pantry Retention Initiative,Metro Region Loyalty Cohort,18477671,Family Planners Lookalike Segment,131110122694256392,Shelf Story Warm Voice,585790054530420953,Brand Awareness,0,0,0,0,0,0,0,0,0,0,0,0,0,0,0,0,0,0,0,0,0,0,0,0
2026-06-01,Search Network,Home Essentials Scale Initiative,Metro Region Loyalty Cohort,18477671,Weekend Deal Hunters Interest Segment,377247011822843168,Shelf Story Bold Voice,643135492237413482,Brand Awareness,0,0,0,0,0,0,0,0,0,0,0,0,0,0,0,0,0,0,0,0,0,0,0,0
2026-06-01,Retail Media Network,Seasonal Select Demand Initiative,Metro Region Loyalty Cohort,18477671,Weekend Deal Hunters Interest Segment,139993609999854281,Offer Spotlight Bold Voice,114177678369764321,Brand Awareness,123.39,7238,0,2797,16,100,100,100,100,0,7893,6865,7576,0,0,0,12,7631,0,0,0,0,0,0
2026-06-30,Affiliate Network,Family Pantry Retention Initiative,Metro Region Loyalty Cohort,15908997,Family Planners Lookalike Segment,1002710949555221,Shelf Story Warm Voice,5797898098365146,Brand Awareness,0,0,0,0,0,0,0,0,0,0,0,0,0,0,0,0,0,0,0,0,0,0,0,0
2026-06-30,Display Network,Weekend Saver Retention Initiative,Metro Region Loyalty Cohort,15908997,Health Conscious Buyers Retention Segment,4136110625615180,Offer Spotlight Bold Voice,3833443174798849,Brand Awareness,0,0,0,0,0,0,0,0,0,0,0,0,0,0,0,0,0,0,0,0,0,0,0,0
2026-06-30,Affiliate Network,Family Pantry Retention Initiative,Metro Region Loyalty Cohort,15908997,Health Conscious Buyers Retention Segment,4976789753470273,Shelf Story Warm Voice,4041974945367907,Brand Awareness,0,0,0,0,0,0,0,0,0,0,0,0,0,0,0,0,0,0,0,0,0,0,0,0
2026-06-30,Video Network,Weekend Saver Retention Initiative,Metro Region Loyalty Cohort,15908997,Health Conscious Buyers Interest Segment,1334393532567969,Price Drop Cut Value Voice,2051943278335934,Brand Awareness,0,0,0,0,0,0,0,0,0,0,0,0,0,0,0,0,0,0,0,0,0,0,0,0
2026-06-30,Video Network,Family Pantry Retention Initiative,Metro Region Conversion Cohort,38881639,Family Planners Lookalike Segment,1010331617086390,Shelf Story Warm Voice,1022962676348579,Brand Awareness,0,0,0,0,0,0,0,0,0,0,0,0,0,0,0,0,0,0,0,0,0,0,0,0
2026-06-30,Affiliate Network,Seasonal Select Promo Initiative,Metro Region Loyalty Cohort,15908997,Family Planners Lookalike Segment,1718074286658736,Offer Spotlight Bold Voice,1638167476571035,Brand Awareness,78.3,15041,0,14247,25,78,100,100,100,241,227,0,0,0,0,133,0,172,0.84,0,2,0,16873,0
2026-06-30,Shopping Grid,Seasonal Select Promo Initiative,Metro Region Loyalty Cohort,15908997,Health Conscious Buyers Retention Segment,3613956286158588,Shelf Story Bold Voice,1755467445485119,Brand Awareness,110.59,23433,0,22443,51,100,100,100,100,466,386,0,0,0,0,35,0,95,0.39,0,6,0,20732,0
2026-06-30,Retail Media Network,Weekend Saver Retention Initiative,Metro Region Loyalty Cohort,15908997,Health Conscious Buyers Interest Segment,1334393532567969,Shelf Story Warm Voice,2520693897922300,Brand Awareness,0,0,0,0,0,0,0,0,0,0,0,0,0,0,0,0,0,0,0,0,0,0,0,0
2026-06-30,Influencer Network,Seasonal Select Promo Initiative,Metro Region Loyalty Cohort,15908997,Health Conscious Buyers Interest Segment,1532426936569806,Shelf Story Warm Voice,9953353036347574,Brand Awareness,240.24,36475,0,38194,111,100,100,100,100,1181,911,0,0,0,0,151,0,282,0.57,1,3,0,42980,0
2026-06-30,Discovery Network,Family Pantry Retention Initiative,Metro Region Loyalty Cohort,15908997,Health Conscious Buyers Retention Segment,4976789753470273,Shelf Story Warm Voice,5506678816268127,Brand Awareness,0,0,0,0,0,0,0,0,0,0,0,0,0,0,0,0,0,0,0,0,0,0,0,0
2026-06-30,Influencer Network,Weekend Saver Retention Initiative,Metro Region Loyalty Cohort,15908997,Family Planners Lookalike Segment,7248228093339312,Price Drop Cut Value Voice,9781212069592701,Brand Awareness,0,0,0,0,0,0,0,0,0,0,0,0,0,0,0,0,0,0,0,0,0,0,0,0
2026-06-30,Influencer Network,Family Pantry Retention Initiative,Metro Region Loyalty Cohort,15908997,Health Conscious Buyers Interest Segment,1474840462607869,Shelf Story Warm Voice,5682500646683685,Brand Awareness,0,0,0,0,0,0,0,0,0,0,0,0,0,0,0,0,0,0,0,0,0,0,0,0
2026-06-30,Discovery Network,Seasonal Select Promo Initiative,Metro Region Loyalty Cohort,15908997,Health Conscious Buyers Retention Segment,3613956286158588,Promo Banner Warm Voice,3456261421148856,Brand Awareness,148.10,25031,0,26577,100,100,100,100,100,940,752,0,0,0,0,77,0,176,0.54,0,2,0,26745,0
2026-06-30,Video Network,Family Pantry Retention Initiative,Metro Region Loyalty Cohort,15908997,Family Planners Lookalike Segment,1665761135741679,Shelf Story Warm Voice,2793262031628184,Brand Awareness,0,0,0,0,0,0,0,0,0,0,0,0,0,0,0,0,0,0,0,0,0,0,0,0
2026-06-30,Influencer Network,Family Pantry Retention Initiative,Metro Region Conversion Cohort,15908997,Bulk Buyers Retention Segment,1412316301536073,Offer Spotlight Friendly Voice,9097155454198752,Catalog Engagement,0,0,0,0,0,0,0,0,0,0,0,0,0,0,0,0,0,0,0,0,0,0,0,0
2026-06-30,Connected TV,Family Pantry Retention Initiative,Metro Region Conversion Cohort,44948390,Health Conscious Buyers Retention Segment,1425500821334288,Product Reel Bold Voice,2476416610568674,Catalog Engagement,0,0,0,0,0,0,0,0,0,0,0,0,0,0,0,0,0,0,0,0,0,0,0,0
2026-06-30,Video Network,Family Pantry Retention Initiative,Metro Region Loyalty Cohort,15908997,Health Conscious Buyers Retention Segment,1669733702699813,Shelf Story Warm Voice,2604915282803870,Brand Awareness,0,0,0,0,0,0,0,0,0,0,0,0,0,0,0,0,0,0,0,0,0,0,0,0
2026-06-30,Connected TV,Family Pantry Retention Initiative,Metro Region Loyalty Cohort,15908997,Family Planners Lookalike Segment,1665761135741679,Promo Banner Friendly Voice,1647756988327695,Brand Awareness,0,0,0,0,0,0,0,0,0,0,0,0,0,0,0,0,0,0,0,0,0,0,0,0
2026-06-30,Affiliate Network,Weekend Saver Retention Initiative,Metro Region Loyalty Cohort,15908997,Health Conscious Buyers Interest Segment,1334393532567969,Shelf Story Bold Voice,8314765461987923,Brand Awareness,0,0,0,0,0,0,0,0,0,0,0,0,0,0,0,0,0,0,0,0,0,0,0,0
2026-06-30,Video Network,Weekend Saver Retention Initiative,Metro Region Loyalty Cohort,15908997,Health Conscious Buyers Interest Segment,1334393532567969,Offer Spotlight Bold Voice,3220054077294586,Brand Awareness,0,0,0,0,0,0,0,0,0,0,0,0,0,0,0,0,0,0,0,0,0,0,0,0
2026-06-30,Search Network,Seasonal Select Promo Initiative,Metro Region Loyalty Cohort,15908997,Family Planners Lookalike Segment,1718074286658736,Shelf Story Warm Voice,1533493773187614,Brand Awareness,134.76,27644,0,27601,78,100,100,100,100,534,490,0,0,1,0,229,0,290,0.92,3,3,0,25111,0
2026-06-30,Affiliate Network,Seasonal Select Promo Initiative,Metro Region Loyalty Cohort,15908997,Family Planners Lookalike Segment,1718074286658736,Shelf Story Warm Voice,1532291780998103,Brand Awareness,149.50,30470,0,29320,74,100,100,100,100,891,649,0,0,2,0,333,0,394,1.26,0,1,0,25449,0
2026-06-30,Discovery Network,Seasonal Select Promo Initiative,Metro Region Loyalty Cohort,15908997,Health Conscious Buyers Retention Segment,3613956286158588,Offer Spotlight Bold Voice,4607696881668990,Brand Awareness,53.94,10264,0,10867,18,92,100,100,100,188,174,0,0,0,0,22,0,53,0.48,0,2,0,9602,0
2026-06-30,Shopping Grid,Weekend Saver Retention Initiative,Metro Region Loyalty Cohort,15908997,Family Planners Lookalike Segment,7248228093339312,Shelf Story Bold Voice,3411200546175283,Brand Awareness,0,0,0,0,0,0,0,0,0,0,0,0,0,0,0,0,0,0,0,0,0,0,0,0
2026-06-30,Display Network,Family Pantry Retention Initiative,Metro Region Loyalty Cohort,15908997,Family Planners Lookalike Segment,1665761135741679,Shelf Story Warm Voice,2902136042807068,Brand Awareness,0,0,0,0,0,0,0,0,0,0,0,0,0,0,0,0,0,0,0,0,0,0,0,0
2026-06-30,Discovery Network,Family Pantry Retention Initiative,Metro Region Loyalty Cohort,15908997,Health Conscious Buyers Retention Segment,1669733702699813,Promo Banner Friendly Voice,4647140982681565,Brand Awareness,0,0,0,0,0,0,0,0,0,0,0,0,0,0,0,0,0,0,0,0,0,0,0,0
2026-06-30,Retail Media Network,Home Essentials Scale Initiative,Metro Region Prospecting Cohort,86057605,Family Planners Interest Segment,2052479131570920,Shelf Story Warm Voice,1453411941100364,Brand Awareness,0,0,0,0,0,0,0,0,0,0,0,0,0,0,0,0,0,0,0,0,0,0,0,0
2026-06-30,Retail Media Network,Family Pantry Retention Initiative,Metro Region Conversion Cohort,15908997,Weekend Deal Hunters Interest Segment,6202516839870495,Shelf Story Value Voice,1077582730962642,Catalog Engagement,0,0,0,0,0,0,0,0,0,0,0,0,0,0,0,0,0,0,0,0,0,0,0,0
2026-06-30,Marketplace Feed,Home Essentials Scale Initiative,Metro Region Prospecting Cohort,86057605,Family Planners Interest Segment,2052479131570920,Product Reel Warm Voice,1464656530089556,Brand Awareness,0,0,0,0,0,0,0,0,0,0,0,0,0,0,0,0,0,0,0,0,0,0,0,0
2026-06-30,Search Network,Seasonal Select Promo Initiative,Metro Region Loyalty Cohort,15908997,Family Planners Lookalike Segment,1718074286658736,Promo Banner Warm Voice,1089449421739833,Brand Awareness,256.37,40811,0,46572,149,100,100,100,100,1677,1190,0,0,0,0,817,0,744,1.91,1,8,0,42848,0
2026-06-30,Video Network,Seasonal Select Promo Initiative,Metro Region Loyalty Cohort,15908997,Health Conscious Buyers Retention Segment,3613956286158588,Shelf Story Warm Voice,9626373394400677,Brand Awareness,72.17,15234,0,15665,39,100,100,100,100,331,278,0,0,0,0,11,0,58,0.39,0,2,0,13851,0
2026-06-30,Video Network,Family Pantry Retention Initiative,Metro Region Loyalty Cohort,15908997,Family Planners Lookalike Segment,1665761135741679,Shelf Story Warm Voice,2616618213121749,Brand Awareness,0,0,0,0,0,0,0,0,0,0,0,0,0,0,0,0,0,0,0,0,0,0,0,0
2026-06-30,Marketplace Feed,Family Pantry Retention Initiative,Metro Region Loyalty Cohort,15908997,Health Conscious Buyers Interest Segment,9013382232369046,Shelf Story Value Voice,1103993184708534,Brand Awareness,0,0,0,0,0,0,0,0,0,0,0,0,0,0,0,0,0,0,0,0,0,0,0,0
2026-06-30,Video Network,Seasonal Select Promo Initiative,Metro Region Loyalty Cohort,15908997,Health Conscious Buyers Interest Segment,1532426936569806,Shelf Story Warm Voice,7193200529405455,Brand Awareness,115,27120,0,24302,68,100,100,100,100,393,297,0,0,0,0,72,0,136,0.5,1,2,0,22760,0
2026-06-30,Discovery Network,Family Pantry Retention Initiative,Metro Region Loyalty Cohort,15908997,Health Conscious Buyers Retention Segment,1669733702699813,Shelf Story Warm Voice,1837904232519606,Brand Awareness,0,0,0,0,0,0,0,0,0,0,0,0,0,0,0,0,0,0,0,0,0,0,0,0
2026-06-30,Social Feed,Family Pantry Retention Initiative,Metro Region Loyalty Cohort,15908997,Health Conscious Buyers Interest Segment,1474840462607869,Offer Spotlight Bold Voice,3530423296641236,Brand Awareness,0,0,0,0,0,0,0,0,0,0,0,0,0,0,0,0,0,0,0,0,0,0,0,0
2026-06-30,Connected TV,Seasonal Select Demand Initiative,Metro Region Loyalty Cohort,15908997,Health Conscious Buyers Retention Segment,9223925519536552,Offer Spotlight Bold Voice,1119314133689227,Catalog Engagement,0,0,0,0,0,0,0,0,0,0,0,0,0,0,0,0,0,0,0,0,0,0,0,0
2026-06-30,Display Network,Family Pantry Retention Initiative,Metro Region Loyalty Cohort,15908997,Health Conscious Buyers Retention Segment,1669733702699813,Shelf Story Warm Voice,5602072675253918,Brand Awareness,0,0,0,0,0,0,0,0,0,0,0,0,0,0,0,0,0,0,0,0,0,0,0,0
2026-06-30,Display Network,Weekend Saver Retention Initiative,Metro Region Loyalty Cohort,15908997,Family Planners Lookalike Segment,7248228093339312,Shelf Story Warm Voice,1150526236199258,Brand Awareness,0,0,0,0,0,0,0,0,0,0,0,0,0,0,0,0,0,0,0,0,0,0,0,0
2026-06-30,Shopping Grid,Weekend Saver Retention Initiative,Metro Region Loyalty Cohort,15908997,Family Planners Lookalike Segment,7248228093339312,Offer Spotlight Bold Voice,1757288035719114,Brand Awareness,0,0,0,0,0,0,0,0,0,0,0,0,0,0,0,0,0,0,0,0,0,0,0,0
2026-06-30,Influencer Network,Family Pantry Retention Initiative,Metro Region Loyalty Cohort,15908997,Family Planners Lookalike Segment,1665761135741679,Collection Showcase Warm Voice,5654112849815777,Brand Awareness,0,0,0,0,0,0,0,0,0,0,0,0,0,0,0,0,0,0,0,0,0,0,0,0
2026-06-30,Social Feed,Family Pantry Retention Initiative,Metro Region Loyalty Cohort,15908997,Family Planners Lookalike Segment,1665761135741679,Price Drop Cut Value Voice,1192366617925175,Brand Awareness,0,0,0,0,0,0,0,0,0,0,0,0,0,0,0,0,0,0,0,0,0,0,0,0
2026-06-30,Connected TV,Seasonal Select Promo Initiative,Metro Region Loyalty Cohort,15908997,Health Conscious Buyers Retention Segment,3613956286158588,Shelf Story Warm Voice,2259713911990191,Brand Awareness,140.99,25814,0,26625,71,100,100,100,100,854,705,0,0,1,0,50,0,138,0.51,0,13,0,21805,0
2026-06-30,Social Feed,Weekend Saver Retention Initiative,Metro Region Loyalty Cohort,15908997,Health Conscious Buyers Interest Segment,1334393532567969,Price Drop Cut Value Voice,1109002298095593,Brand Awareness,0,0,0,0,0,0,0,0,0,0,0,0,0,0,0,0,0,0,0,0,0,0,0,0
2026-06-30,Influencer Network,Family Pantry Retention Initiative,Metro Region Loyalty Cohort,15908997,Health Conscious Buyers Interest Segment,1474840462607869,Shelf Story Warm Voice,4340134105081797,Brand Awareness,0,0,0,0,0,0,0,0,0,0,0,0,0,0,0,0,0,0,0,0,0,0,0,0
2026-06-30,Social Feed,Seasonal Select Promo Initiative,Metro Region Loyalty Cohort,15908997,Health Conscious Buyers Interest Segment,1532426936569806,Offer Spotlight Bold Voice,4433422745438620,Brand Awareness,75.67,12437,0,13829,34,64,100,100,78,174,155,0,0,1,0,38,0,68,0.53,0,1,0,12108,0
2026-06-30,Shopping Grid,Family Pantry Retention Initiative,Metro Region Loyalty Cohort,15908997,Health Conscious Buyers Retention Segment,1669733702699813,Shelf Story Warm Voice,1173063753252113,Brand Awareness,0,0,0,0,0,0,0,0,0,0,0,0,0,0,0,0,0,0,0,0,0,0,0,0
2026-06-30,Connected TV,Family Pantry Retention Initiative,Metro Region Loyalty Cohort,15908997,Health Conscious Buyers Interest Segment,9013382232369046,Shelf Story Warm Voice,5257839822274418,Brand Awareness,0,0,0,0,0,0,0,0,0,0,0,0,0,0,0,0,0,0,0,0,0,0,0,0
2026-06-30,Video Network,Weekend Saver Retention Initiative,Metro Region Loyalty Cohort,15908997,Health Conscious Buyers Interest Segment,1334393532567969,Shelf Story Bold Voice,7232280368739505,Brand Awareness,0,0,0,0,0,0,0,0,0,0,0,0,0,0,0,0,0,0,0,0,0,0,0,0
2026-06-30,Influencer Network,Seasonal Select Promo Initiative,Metro Region Loyalty Cohort,15908997,Health Conscious Buyers Retention Segment,3613956286158588,Offer Spotlight Value Voice,9011752711561329,Brand Awareness,88.51,14139,0,14993,46,100,100,100,100,477,376,0,0,0,0,20,0,76,0.46,0,1,0,16145,0
2026-06-30,Influencer Network,Seasonal Select Promo Initiative,Metro Region Loyalty Cohort,15908997,Health Conscious Buyers Interest Segment,1532426936569806,Shelf Story Bold Voice,1082336609132049,Brand Awareness,184.29,36376,0,35735,74,100,100,100,100,668,572,0,0,0,0,125,0,180,0.44,1,1,0,33518,0
2026-06-30,Search Network,Seasonal Select Promo Initiative,Metro Region Loyalty Cohort,15908997,Family Planners Lookalike Segment,1718074286658736,Shelf Story Bold Voice,4278310985669178,Brand Awareness,190.26,35894,0,39273,72,100,100,100,100,729,625,0,0,0,0,443,0,416,1.16,0,1,0,38859,0
2026-06-30,Video Network,Family Pantry Retention Initiative,Metro Region Loyalty Cohort,15908997,Health Conscious Buyers Interest Segment,1474840462607869,Shelf Story Warm Voice,8486205212439809,Brand Awareness,0,0,0,0,0,0,0,0,0,0,0,0,0,0,0,0,0,0,0,0,0,0,0,0
2026-06-30,Marketplace Feed,Weekend Saver Retention Initiative,Metro Region Loyalty Cohort,15908997,Health Conscious Buyers Retention Segment,4136110625615180,Price Drop Cut Value Voice,1682844113945221,Brand Awareness,0,0,0,0,0,0,0,0,0,0,0,0,0,0,0,0,0,0,0,0,0,0,0,0
2026-06-30,Search Network,Seasonal Select Promo Initiative,Metro Region Loyalty Cohort,15908997,Health Conscious Buyers Interest Segment,1532426936569806,Offer Spotlight Value Voice,2894551765052346,Brand Awareness,107.74,19195,0,20644,65,100,100,100,100,461,368,0,0,0,0,55,0,121,0.47,1,2,0,17732,0
2026-06-30,Video Network,Weekend Saver Retention Initiative,Metro Region Loyalty Cohort,15908997,Family Planners Lookalike Segment,7248228093339312,Shelf Story Warm Voice,6451368560487732,Brand Awareness,0,0,0,0,0,0,0,0,0,0,0,0,0,0,0,0,0,0,0,0,0,0,0,0
2026-06-30,Retail Media Network,Weekend Saver Retention Initiative,Metro Region Loyalty Cohort,15908997,Family Planners Lookalike Segment,7248228093339312,Price Drop Cut Value Voice,9318406623487279,Brand Awareness,0,0,0,0,0,0,0,0,0,0,0,0,0,0,0,0,0,0,0,0,0,0,0,0
2026-06-30,Search Network,Seasonal Select Promo Initiative,Metro Region Loyalty Cohort,15908997,Health Conscious Buyers Interest Segment,1532426936569806,Promo Banner Warm Voice,5732401046815275,Brand Awareness,189.47,35981,0,41599,130,100,100,100,100,1168,1039,0,0,0,0,269,0,335,0.95,3,2,0,37265,0
2026-06-30,Marketplace Feed,Seasonal Select Promo Initiative,Metro Region Loyalty Cohort,15908997,Family Planners Lookalike Segment,1718074286658736,Offer Spotlight Value Voice,2074777970281390,Brand Awareness,109.10,18861,0,19821,46,100,100,100,100,502,402,0,0,0,0,125,0,168,0.78,0,2,0,18363,0
2026-06-30,Video Network,Seasonal Select Demand Initiative,Metro Region Conversion Cohort,15908997,Bulk Buyers Retention Segment,1061064502710542,Offer Spotlight Bold Voice,1741856265266256,Catalog Engagement,0,0,0,0,0,0,0,0,0,0,0,0,0,0,0,0,0,0,0,0,0,0,0,0
2026-06-30,Display Network,Family Pantry Retention Initiative,Metro Region Loyalty Cohort,15908997,Health Conscious Buyers Interest Segment,9013382232369046,Shelf Story Warm Voice,1099249066640891,Brand Awareness,0,0,0,0,0,0,0,0,0,0,0,0,0,0,0,0,0,0,0,0,0,0,0,0
2026-06-30,Discovery Network,Weekend Saver Retention Initiative,Metro Region Loyalty Cohort,15908997,Family Planners Lookalike Segment,7248228093339312,Shelf Story Bold Voice,1269408759613688,Brand Awareness,0,0,0,0,0,0,0,0,0,0,0,0,0,0,0,0,0,0,0,0,0,0,0,0
2026-06-30,Discovery Network,Family Pantry Retention Initiative,Metro Region Loyalty Cohort,15908997,Health Conscious Buyers Interest Segment,9013382232369046,Shelf Story Warm Voice,1177430610668804,Brand Awareness,0,0,0,0,0,0,0,0,0,0,0,0,0,0,0,0,0,0,0,0,0,0,0,0
2026-06-29,Influencer Network,Seasonal Select Promo Initiative,Metro Region Loyalty Cohort,15908997,Health Conscious Buyers Retention Segment,3613956286158588,Offer Spotlight Bold Voice,4607696881668990,Brand Awareness,49.7,9171,0,10462,21,63,100,100,95,165,158,0,0,0,0,15,0,45,0.37,0,0,0,10404,0
2026-06-29,Display Network,Family Pantry Retention Initiative,Metro Region Loyalty Cohort,15908997,Health Conscious Buyers Interest Segment,9013382232369046,Promo Banner Friendly Voice,1538508227020088,Brand Awareness,0,0,0,0,0,0,0,0,0,0,0,0,0,0,0,0,0,0,0,0,0,0,0,0
2026-06-29,In-App Display,Weekend Saver Retention Initiative,Metro Region Loyalty Cohort,15908997,Family Planners Lookalike Segment,7248228093339312,Price Drop Cut Value Voice,9781212069592701,Brand Awareness,0,0,0,0,0,0,0,0,0,0,0,0,0,0,0,0,0,0,0,0,0,0,0,0
2026-06-29,Affiliate Network,Seasonal Select Promo Initiative,Metro Region Loyalty Cohort,15908997,Family Planners Lookalike Segment,1718074286658736,Offer Spotlight Value Voice,2074777970281390,Brand Awareness,120.06,18484,0,21226,46,100,100,100,100,401,375,0,0,0,0,55,0,105,0.5,0,1,0,21706,0
2026-06-29,Shopping Grid,Seasonal Select Promo Initiative,Metro Region Loyalty Cohort,15908997,Health Conscious Buyers Interest Segment,1532426936569806,Shelf Story Warm Voice,9953353036347574,Brand Awareness,250.62,49907,0,45490,119,100,100,100,100,1392,1139,0,0,0,0,136,0,289,0.57,1,6,0,39205,0
2026-06-29,Video Network,Weekend Saver Retention Initiative,Metro Region Loyalty Cohort,15908997,Family Planners Lookalike Segment,7248228093339312,Shelf Story Warm Voice,1150526236199258,Brand Awareness,0,0,0,0,0,0,0,0,0,0,0,0,0,0,0,0,0,0,0,0,0,0,0,0
2026-06-29,Connected TV,Family Pantry Retention Initiative,Metro Region Loyalty Cohort,15908997,Family Planners Lookalike Segment,1665761135741679,Shelf Story Warm Voice,1280290142112652,Brand Awareness,0,0,0,0,0,0,0,0,0,0,0,0,0,0,0,0,0,0,0,0,0,0,0,0
2026-06-29,Affiliate Network,Family Pantry Retention Initiative,Metro Region Loyalty Cohort,15908997,Health Conscious Buyers Retention Segment,1669733702699813,Shelf Story Warm Voice,5602072675253918,Brand Awareness,0,0,0,0,0,0,0,0,0,0,0,0,0,0,0,0,0,0,0,0,0,0,0,0
2026-06-29,Connected TV,Market Fresh Demand Initiative,Metro Region Conversion Cohort,86057605,Weekend Deal Hunters Interest Segment,2737857498400057,Product Reel Warm Voice,1640779927447931,Catalog Engagement,0,0,0,0,0,0,0,0,0,0,0,0,0,0,0,0,0,0,0,0,0,0,0,0
2026-06-29,Marketplace Feed,Seasonal Select Promo Initiative,Metro Region Loyalty Cohort,15908997,Family Planners Lookalike Segment,1718074286658736,Shelf Story Bold Voice,4278310985669178,Brand Awareness,194.84,45523,0,43828,125,100,100,100,100,867,614,0,0,2,0,218,0,333,0.61,0,2,0,43570,0
2026-06-29,Social Feed,Family Pantry Retention Initiative,Metro Region Loyalty Cohort,15908997,Family Planners Lookalike Segment,1002710949555221,Offer Spotlight Bold Voice,7401589860358191,Brand Awareness,0,0,0,0,0,0,0,0,0,0,0,0,0,0,0,0,0,0,0,0,0,0,0,0
2026-06-29,Connected TV,Weekend Saver Retention Initiative,Metro Region Loyalty Cohort,15908997,Health Conscious Buyers Retention Segment,4136110625615180,Shelf Story Bold Voice,1238862856159509,Brand Awareness,0,0,0,0,0,0,0,0,0,0,0,0,0,0,0,0,0,0,0,0,0,0,0,0
2026-06-29,Influencer Network,Home Essentials Promo Initiative,Metro Region Conversion Cohort,44948390,Quick Refill Buyers Retention Segment,1899712342036110,Shelf Story Warm Voice,8585579191193727,Brand Awareness,0,0,0,0,0,0,0,0,0,0,0,0,0,0,0,0,0,0,0,0,0,0,0,0
2026-06-29,Connected TV,Family Pantry Retention Initiative,Metro Region Loyalty Cohort,15908997,Health Conscious Buyers Interest Segment,9013382232369046,Shelf Story Warm Voice,5257839822274418,Brand Awareness,0,0,0,0,0,0,0,0,0,0,0,0,0,0,0,0,0,0,0,0,0,0,0,0
2026-06-29,Shopping Grid,Seasonal Select Promo Initiative,Metro Region Loyalty Cohort,15908997,Health Conscious Buyers Interest Segment,1532426936569806,Offer Spotlight Value Voice,2894551765052346,Brand Awareness,85.05,17175,0,18713,61,100,100,100,100,488,459,0,0,3,0,50,0,116,0.51,0,2,0,18237,0
2026-06-29,Discovery Network,Family Pantry Retention Initiative,Metro Region Conversion Cohort,15908997,Bulk Buyers Retention Segment,1777717557426296,Shelf Story Value Voice,8084225603313437,Catalog Engagement,0,0,0,0,0,0,0,0,0,0,0,0,0,0,0,0,0,0,0,0,0,0,0,0
2026-06-29,Discovery Network,Weekend Saver Retention Initiative,Metro Region Loyalty Cohort,15908997,Health Conscious Buyers Interest Segment,1334393532567969,Shelf Story Warm Voice,2520693897922300,Brand Awareness,0,0,0,0,0,0,0,0,0,0,0,0,0,0,0,0,0,0,0,0,0,0,0,0
2026-06-29,Search Network,Seasonal Select Promo Initiative,Metro Region Loyalty Cohort,15908997,Health Conscious Buyers Interest Segment,1532426936569806,Offer Spotlight Bold Voice,4433422745438620,Brand Awareness,93.26,20662,0,17765,38,71,100,100,90,199,179,0,0,0,0,32,0,69,0.39,0,2,0,19717,0
2026-06-29,Video Network,Family Pantry Retention Initiative,Metro Region Loyalty Cohort,15908997,Health Conscious Buyers Retention Segment,1669733702699813,Collection Showcase Warm Voice,1788908453907262,Brand Awareness,0,0,0,0,0,0,0,0,0,0,0,0,0,0,0,0,0,0,0,0,0,0,0,0
2026-06-29,Discovery Network,Weekend Saver Retention Initiative,Metro Region Loyalty Cohort,15908997,Family Planners Lookalike Segment,7248228093339312,Shelf Story Bold Voice,3411200546175283,Brand Awareness,0,0,0,0,0,0,0,0,0,0,0,0,0,0,0,0,0,0,0,0,0,0,0,0
2026-06-29,Affiliate Network,Weekend Saver Retention Initiative,Metro Region Loyalty Cohort,15908997,Health Conscious Buyers Retention Segment,4136110625615180,Price Drop Cut Value Voice,1316048837324374,Brand Awareness,0,0,0,0,0,0,0,0,0,0,0,0,0,0,0,0,0,0,0,0,0,0,0,0
2026-06-29,Social Feed,Family Pantry Retention Initiative,Metro Region Loyalty Cohort,15908997,Family Planners Lookalike Segment,1665761135741679,Shelf Story Warm Voice,2902136042807068,Brand Awareness,0,0,0,0,0,0,0,0,0,0,0,0,0,0,0,0,0,0,0,0,0,0,0,0
2026-06-29,Video Network,Home Essentials Scale Initiative,Metro Region Prospecting Cohort,86057605,Family Planners Interest Segment,2052479131570920,Price Drop Cut Value Voice,1337311684616332,Brand Awareness,0,0,0,0,0,0,0,0,0,0,0,0,0,0,0,0,0,0,0,0,0,0,0,0
2026-06-29,Connected TV,Family Pantry Retention Initiative,Metro Region Loyalty Cohort,15908997,Family Planners Lookalike Segment,1665761135741679,Shelf Story Warm Voice,1450951256520921,Brand Awareness,0,0,0,0,0,0,0,0,0,0,0,0,0,0,0,0,0,0,0,0,0,0,0,0
2026-06-29,Affiliate Network,Weekend Saver Retention Initiative,Metro Region Loyalty Cohort,15908997,Family Planners Lookalike Segment,7248228093339312,Offer Spotlight Bold Voice,1757288035719114,Brand Awareness,0,0,0,0,0,0,0,0,0,0,0,0,0,0,0,0,0,0,0,0,0,0,0,0
2026-06-29,Search Network,Family Pantry Retention Initiative,Metro Region Loyalty Cohort,15908997,Health Conscious Buyers Interest Segment,9013382232369046,Shelf Story Warm Voice,1177430610668804,Brand Awareness,0,0,0,0,0,0,0,0,0,0,0,0,0,0,0,0,0,0,0,0,0,0,0,0
2026-06-29,Retail Media Network,Family Pantry Retention Initiative,Metro Region Loyalty Cohort,15908997,Family Planners Lookalike Segment,1665761135741679,Shelf Story Warm Voice,2793262031628184,Brand Awareness,0,0,0,0,0,0,0,0,0,0,0,0,0,0,0,0,0,0,0,0,0,0,0,0
2026-06-29,Marketplace Feed,Family Pantry Retention Initiative,Metro Region Loyalty Cohort,15908997,Health Conscious Buyers Interest Segment,1474840462607869,Offer Spotlight Bold Voice,3530423296641236,Brand Awareness,0,0,0,0,0,0,0,0,0,0,0,0,0,0,0,0,0,0,0,0,0,0,0,0
2026-06-29,In-App Display,Weekend Saver Retention Initiative,Metro Region Loyalty Cohort,15908997,Health Conscious Buyers Retention Segment,4136110625615180,Offer Spotlight Bold Voice,3833443174798849,Brand Awareness,0,0,0,0,0,0,0,0,0,0,0,0,0,0,0,0,0,0,0,0,0,0,0,0
2026-06-29,Display Network,Family Pantry Retention Initiative,Metro Region Loyalty Cohort,15908997,Family Planners Lookalike Segment,1665761135741679,Promo Banner Friendly Voice,1647756988327695,Brand Awareness,0,0,0,0,0,0,0,0,0,0,0,0,0,0,0,0,0,0,0,0,0,0,0,0
2026-06-29,Retail Media Network,Family Pantry Retention Initiative,Metro Region Loyalty Cohort,15908997,Family Planners Lookalike Segment,1002710949555221,Shelf Story Warm Voice,3185083078735744,Brand Awareness,0,0,0,0,0,0,0,0,0,0,0,0,0,0,0,0,0,0,0,0,0,0,0,0
2026-06-29,In-App Display,Family Pantry Retention Initiative,Metro Region Loyalty Cohort,15908997,Health Conscious Buyers Interest Segment,1474840462607869,Shelf Story Warm Voice,8486205212439809,Brand Awareness,0,0,0,0,0,0,0,0,0,0,0,0,0,0,0,0,0,0,0,0,0,0,0,0
2026-06-29,In-App Display,Seasonal Select Promo Initiative,Metro Region Loyalty Cohort,15908997,Health Conscious Buyers Retention Segment,3613956286158588,Shelf Story Warm Voice,2259713911990191,Brand Awareness,153.47,22426,0,24203,90,100,100,100,100,836,760,0,0,0,0,43,0,121,0.44,0,2,0,22318,0
2026-06-29,Retail Media Network,Weekend Saver Retention Initiative,Metro Region Loyalty Cohort,15908997,Family Planners Lookalike Segment,7248228093339312,Shelf Story Warm Voice,6451368560487732,Brand Awareness,0,0,0,0,0,0,0,0,0,0,0,0,0,0,0,0,0,0,0,0,0,0,0,0
2026-06-29,Display Network,Home Essentials Scale Initiative,Metro Region Prospecting Cohort,86057605,Family Planners Interest Segment,2052479131570920,Promo Banner Friendly Voice,7057211523700123,Brand Awareness,0,0,0,0,0,0,0,0,0,0,0,0,0,0,0,0,0,0,0,0,0,0,0,0
2026-06-29,Influencer Network,Family Pantry Retention Initiative,Metro Region Loyalty Cohort,15908997,Health Conscious Buyers Retention Segment,1669733702699813,Shelf Story Warm Voice,1837904232519606,Brand Awareness,0,0,0,0,0,0,0,0,0,0,0,0,0,0,0,0,0,0,0,0,0,0,0,0
2026-06-29,Search Network,Weekend Saver Retention Initiative,Metro Region Loyalty Cohort,15908997,Health Conscious Buyers Interest Segment,1334393532567969,Offer Spotlight Bold Voice,3220054077294586,Brand Awareness,0,0,0,0,0,0,0,0,0,0,0,0,0,0,0,0,0,0,0,0,0,0,0,0
2026-06-29,Marketplace Feed,Family Pantry Retention Initiative,Metro Region Loyalty Cohort,15908997,Family Planners Lookalike Segment,1665761135741679,Shelf Story Warm Voice,2616618213121749,Brand Awareness,0,0,0,0,0,0,0,0,0,0,0,0,0,0,0,0,0,0,0,0,0,0,0,0
2026-06-29,Discovery Network,Seasonal Select Promo Initiative,Metro Region Loyalty Cohort,15908997,Health Conscious Buyers Interest Segment,1532426936569806,Promo Banner Warm Voice,5732401046815275,Brand Awareness,201.32,40565,0,41994,117,100,100,100,100,1066,914,0,0,1,0,171,0,273,0.76,1,10,0,31475,0
2026-06-29,Video Network,Family Pantry Retention Initiative,Metro Region Loyalty Cohort,15908997,Family Planners Lookalike Segment,1665761135741679,Collection Showcase Warm Voice,5654112849815777,Brand Awareness,0,0,0,0,0,0,0,0,0,0,0,0,0,0,0,0,0,0,0,0,0,0,0,0
2026-06-29,Discovery Network,Weekend Saver Retention Initiative,Metro Region Loyalty Cohort,15908997,Family Planners Lookalike Segment,7248228093339312,Shelf Story Bold Voice,1269408759613688,Brand Awareness,0,0,0,0,0,0,0,0,0,0,0,0,0,0,0,0,0,0,0,0,0,0,0,0
2026-06-29,Influencer Network,Family Pantry Retention Initiative,Metro Region Loyalty Cohort,15908997,Health Conscious Buyers Interest Segment,9013382232369046,Shelf Story Warm Voice,1099249066640891,Brand Awareness,0,0,0,0,0,0,0,0,0,0,0,0,0,0,0,0,0,0,0,0,0,0,0,0
2026-06-29,Affiliate Network,Family Pantry Retention Initiative,Metro Region Loyalty Cohort,15908997,Health Conscious Buyers Interest Segment,1474840462607869,Shelf Story Warm Voice,4340134105081797,Brand Awareness,0,0,0,0,0,0,0,0,0,0,0,0,0,0,0,0,0,0,0,0,0,0,0,0
2026-06-29,Display Network,Seasonal Select Promo Initiative,Metro Region Loyalty Cohort,15908997,Family Planners Lookalike Segment,1718074286658736,Shelf Story Warm Voice,1533493773187614,Brand Awareness,182.80,39843,0,40051,99,100,100,100,100,723,561,0,0,0,0,109,0,221,0.50,0,2,0,37979,0
2026-06-29,Video Network,Family Pantry Retention Initiative,Metro Region Loyalty Cohort,15908997,Family Planners Lookalike Segment,1665761135741679,Shelf Story Value Voice,5225143865411760,Brand Awareness,0,0,0,0,0,0,0,0,0,0,0,0,0,0,0,0,0,0,0,0,0,0,0,0
2026-06-29,Shopping Grid,Family Pantry Retention Initiative,Metro Region Loyalty Cohort,15908997,Health Conscious Buyers Interest Segment,9013382232369046,Shelf Story Value Voice,1103993184708534,Brand Awareness,0,0,0,0,0,0,0,0,0,0,0,0,0,0,0,0,0,0,0,0,0,0,0,0
2026-06-29,Discovery Network,Weekend Saver Retention Initiative,Metro Region Loyalty Cohort,15908997,Health Conscious Buyers Interest Segment,1334393532567969,Shelf Story Warm Voice,8045514033882153,Brand Awareness,0,0,0,0,0,0,0,0,0,0,0,0,0,0,0,0,0,0,0,0,0,0,0,0
2026-06-29,Display Network,Family Pantry Retention Initiative,Metro Region Loyalty Cohort,15908997,Health Conscious Buyers Retention Segment,1669733702699813,Promo Banner Friendly Voice,4647140982681565,Brand Awareness,0,0,0,0,0,0,0,0,0,0,0,0,0,0,0,0,0,0,0,0,0,0,0,0
2026-06-29,Discovery Network,Seasonal Select Promo Initiative,Metro Region Loyalty Cohort,15908997,Health Conscious Buyers Interest Segment,1532426936569806,Shelf Story Warm Voice,7193200529405455,Brand Awareness,158.66,31938,0,32009,98,100,100,100,100,595,480,0,0,1,0,59,0,181,0.45,0,7,0,38420,0
2026-06-29,Discovery Network,Seasonal Select Promo Initiative,Metro Region Loyalty Cohort,15908997,Health Conscious Buyers Retention Segment,3613956286158588,Promo Banner Warm Voice,3456261421148856,Brand Awareness,130.48,27064,0,24926,82,100,100,100,100,999,672,0,0,0,0,48,0,132,0.51,0,7,0,22230,0
2026-06-29,Video Network,Seasonal Select Promo Initiative,Metro Region Loyalty Cohort,15908997,Family Planners Lookalike Segment,1718074286658736,Promo Banner Warm Voice,1089449421739833,Brand Awareness,221.85,51429,0,43612,157,100,100,100,100,1684,1180,0,0,1,0,418,0,480,0.91,1,3,0,43261,0
2026-06-29,Retail Media Network,Family Pantry Retention Initiative,Metro Region Conversion Cohort,38881639,Family Planners Lookalike Segment,1010331617086390,Shelf Story Warm Voice,1022962676348579,Brand Awareness,0,0,0,0,0,0,0,0,0,0,0,0,0,0,0,0,0,0,0,0,0,0,0,0
2026-06-29,Video Network,Seasonal Select Promo Initiative,Metro Region Loyalty Cohort,15908997,Health Conscious Buyers Retention Segment,3613956286158588,Shelf Story Bold Voice,1755467445485119,Brand Awareness,122.93,28075,0,27339,60,100,100,100,100,570,515,0,0,0,0,35,0,108,0.41,0,4,0,28091,0
2026-06-29,Shopping Grid,Family Pantry Retention Initiative,Metro Region Conversion Cohort,15908997,Family Planners Lookalike Segment,3017606229260592,Shelf Story Value Voice,5691206288583839,Catalog Engagement,0,0,0,0,0,0,0,0,0,0,0,0,0,0,0,0,0,0,0,0,0,0,0,0
2026-06-29,Search Network,Weekend Saver Retention Initiative,Metro Region Loyalty Cohort,15908997,Health Conscious Buyers Retention Segment,4136110625615180,Price Drop Cut Value Voice,1682844113945221,Brand Awareness,0,0,0,0,0,0,0,0,0,0,0,0,0,0,0,0,0,0,0,0,0,0,0,0
2026-06-29,In-App Display,Seasonal Select Promo Initiative,Metro Region Loyalty Cohort,15908997,Family Planners Lookalike Segment,1718074286658736,Shelf Story Warm Voice,1532291780998103,Brand Awareness,164.00,31272,0,35051,95,100,100,100,100,861,814,0,0,0,0,132,0,205,0.68,0,4,0,28613,0
2026-06-29,Influencer Network,Seasonal Select Promo Initiative,Metro Region Loyalty Cohort,15908997,Family Planners Lookalike Segment,1718074286658736,Offer Spotlight Bold Voice,1638167476571035,Brand Awareness,79.10,16647,0,19066,32,96,100,100,95,254,211,0,0,0,0,61,0,102,0.55,0,5,0,17360,0
2026-06-29,Discovery Network,Family Pantry Retention Initiative,Metro Region Loyalty Cohort,15908997,Health Conscious Buyers Retention Segment,4976789753470273,Shelf Story Warm Voice,5506678816268127,Brand Awareness,0,0,0,0,0,0,0,0,0,0,0,0,0,0,0,0,0,0,0,0,0,0,0,0
2026-06-29,Shopping Grid,Weekend Saver Retention Initiative,Metro Region Loyalty Cohort,15908997,Health Conscious Buyers Interest Segment,1334393532567969,Shelf Story Bold Voice,7232280368739505,Brand Awareness,0,0,0,0,0,0,0,0,0,0,0,0,0,0,0,0,0,0,0,0,0,0,0,0
2026-06-29,Discovery Network,Family Pantry Retention Initiative,Metro Region Loyalty Cohort,15908997,Family Planners Lookalike Segment,1665761135741679,Shelf Story Warm Voice,6549680554582288,Brand Awareness,0,0,0,0,0,0,0,0,0,0,0,0,0,0,0,0,0,0,0,0,0,0,0,0
2026-06-29,Influencer Network,Seasonal Select Promo Initiative,Metro Region Loyalty Cohort,15908997,Health Conscious Buyers Retention Segment,3613956286158588,Offer Spotlight Value Voice,9011752711561329,Brand Awareness,71.03,12622,0,15868,34,100,100,100,100,344,352,0,0,0,0,17,0,48,0.40,0,2,0,12276,0
2026-06-29,In-App Display,Family Pantry Retention Initiative,Metro Region Loyalty Cohort,15908997,Family Planners Lookalike Segment,1002710949555221,Shelf Story Warm Voice,1647332301297595,Brand Awareness,0,0,0,0,0,0,0,0,0,0,0,0,0,0,0,0,0,0,0,0,0,0,0,0
2026-06-29,Video Network,Weekend Saver Retention Initiative,Metro Region Loyalty Cohort,15908997,Health Conscious Buyers Interest Segment,1334393532567969,Shelf Story Bold Voice,8314765461987923,Brand Awareness,0,0,0,0,0,0,0,0,0,0,0,0,0,0,0,0,0,0,0,0,0,0,0,0
2026-06-29,Connected TV,Family Pantry Retention Initiative,Metro Region Loyalty Cohort,15908997,Health Conscious Buyers Interest Segment,9013382232369046,Shelf Story Warm Voice,3768518651506601,Brand Awareness,0,0,0,0,0,0,0,0,0,0,0,0,0,0,0,0,0,0,0,0,0,0,0,0
2026-06-29,Search Network,Seasonal Select Promo Initiative,Metro Region Loyalty Cohort,15908997,Health Conscious Buyers Retention Segment,3613956286158588,Shelf Story Warm Voice,9626373394400677,Brand Awareness,74.42,16454,0,17007,49,100,100,100,100,390,316,0,0,0,0,21,0,75,0.50,0,1,0,14888,0
2026-06-29,Influencer Network,Family Pantry Retention Initiative,Metro Region Loyalty Cohort,15908997,Health Conscious Buyers Interest Segment,1474840462607869,Shelf Story Warm Voice,5682500646683685,Brand Awareness,0,0,0,0,0,0,0,0,0,0,0,0,0,0,0,0,0,0,0,0,0,0,0,0
2026-06-29,Discovery Network,Weekend Saver Retention Initiative,Metro Region Loyalty Cohort,15908997,Family Planners Lookalike Segment,7248228093339312,Price Drop Cut Value Voice,9318406623487279,Brand Awareness,0,0,0,0,0,0,0,0,0,0,0,0,0,0,0,0,0,0,0,0,0,0,0,0
2026-06-29,Connected TV,Weekend Saver Retention Initiative,Metro Region Loyalty Cohort,15908997,Health Conscious Buyers Interest Segment,1334393532567969,Price Drop Cut Value Voice,2051943278335934,Brand Awareness,0,0,0,0,0,0,0,0,0,0,0,0,0,0,0,0,0,0,0,0,0,0,0,0
2026-06-29,Display Network,Family Pantry Retention Initiative,Metro Region Conversion Cohort,15908997,Bulk Buyers Retention Segment,1096889057602193,Offer Spotlight Friendly Voice,5703717592430862,Catalog Engagement,0,0,0,0,0,0,0,0,0,0,0,0,0,0,0,0,0,0,0,0,0,0,0,0
2026-06-29,Connected TV,Weekend Saver Retention Initiative,Metro Region Loyalty Cohort,15908997,Health Conscious Buyers Interest Segment,1334393532567969,Price Drop Cut Value Voice,1109002298095593,Brand Awareness,0,0,0,0,0,0,0,0,0,0,0,0,0,0,0,0,0,0,0,0,0,0,0,0
2026-06-29,Search Network,Family Pantry Retention Initiative,Metro Region Loyalty Cohort,15908997,Family Planners Lookalike Segment,1665761135741679,Price Drop Cut Value Voice,1192366617925175,Brand Awareness,0,0,0,0,0,0,0,0,0,0,0,0,0,0,0,0,0,0,0,0,0,0,0,0
2026-06-29,Video Network,Family Pantry Retention Initiative,Metro Region Loyalty Cohort,15908997,Family Planners Lookalike Segment,1002710949555221,Shelf Story Warm Voice,5797898098365146,Brand Awareness,0,0,0,0,0,0,0,0,0,0,0,0,0,0,0,0,0,0,0,0,0,0,0,0
2026-06-29,Shopping Grid,Family Pantry Retention Initiative,Metro Region Loyalty Cohort,15908997,Health Conscious Buyers Retention Segment,1669733702699813,Shelf Story Warm Voice,1173063753252113,Brand Awareness,0,0,0,0,0,0,0,0,0,0,0,0,0,0,0,0,0,0,0,0,0,0,0,0
2026-06-29,Affiliate Network,Family Pantry Retention Initiative,Metro Region Loyalty Cohort,15908997,Health Conscious Buyers Retention Segment,1669733702699813,Shelf Story Value Voice,1365467474223726,Brand Awareness,0,0,0,0,0,0,0,0,0,0,0,0,0,0,0,0,0,0,0,0,0,0,0,0
2026-06-29,In-App Display,Family Pantry Retention Initiative,Metro Region Loyalty Cohort,15908997,Health Conscious Buyers Retention Segment,1669733702699813,Price Drop Cut Value Voice,6906673719698824,Brand Awareness,0,0,0,0,0,0,0,0,0,0,0,0,0,0,0,0,0,0,0,0,0,0,0,0
2026-06-29,Marketplace Feed,Seasonal Select Promo Initiative,Metro Region Loyalty Cohort,15908997,Health Conscious Buyers Interest Segment,1532426936569806,Shelf Story Bold Voice,1082336609132049,Brand Awareness,185.6,42254,0,43006,86,100,100,100,100,585,616,0,0,1,0,62,0,170,0.39,0,3,0,43827,0
2026-06-28,Search Network,Family Pantry Retention Initiative,Metro Region Loyalty Cohort,15908997,Health Conscious Buyers Retention Segment,4976789753470273,Shelf Story Warm Voice,1220076337258804,Brand Awareness,0,0,0,0,0,0,0,0,0,0,0,0,0,0,0,0,0,0,0,0,0,0,0,0
2026-06-28,Video Network,Family Pantry Retention Initiative,Metro Region Loyalty Cohort,15908997,Health Conscious Buyers Retention Segment,1669733702699813,Shelf Story Warm Voice,6197978194612129,Brand Awareness,0,0,0,0,0,0,0,0,0,0,0,0,0,0,0,0,0,0,0,0,0,0,0,0
2026-06-28,Discovery Network,Seasonal Select Promo Initiative,Metro Region Loyalty Cohort,15908997,Health Conscious Buyers Retention Segment,3613956286158588,Shelf Story Warm Voice,2259713911990191,Brand Awareness,144.76,29515,0,32290,100,100,100,100,100,880,698,0,0,0,0,38,0,128,0.4,0,2,0,31898,0
2026-06-28,Connected TV,Seasonal Select Promo Initiative,Metro Region Loyalty Cohort,15908997,Health Conscious Buyers Interest Segment,1532426936569806,Offer Spotlight Value Voice,2894551765052346,Brand Awareness,120.16,22650,0,26749,58,100,100,100,100,574,531,0,0,0,0,44,0,98,0.42,0,2,0,22179,0
2026-06-28,Search Network,Family Pantry Retention Initiative,Metro Region Loyalty Cohort,15908997,Health Conscious Buyers Interest Segment,1474840462607869,Shelf Story Warm Voice,9110304031000052,Brand Awareness,0,0,0,0,0,0,0,0,0,0,0,0,0,0,0,0,0,0,0,0,0,0,0,0
2026-06-28,Affiliate Network,Family Pantry Retention Initiative,Metro Region Conversion Cohort,38881639,Family Planners Lookalike Segment,1010331617086390,Shelf Story Warm Voice,1022962676348579,Brand Awareness,0,0,0,0,0,0,0,0,0,0,0,0,0,0,0,0,0,0,0,0,0,0,0,0
2026-06-28,Connected TV,Family Pantry Retention Initiative,Metro Region Loyalty Cohort,15908997,Health Conscious Buyers Interest Segment,1474840462607869,Offer Spotlight Bold Voice,3530423296641236,Brand Awareness,0,0,0,0,0,0,0,0,0,0,0,0,0,0,0,0,0,0,0,0,0,0,0,0
2026-06-28,Search Network,Weekend Saver Retention Initiative,Metro Region Loyalty Cohort,15908997,Health Conscious Buyers Interest Segment,1334393532567969,Shelf Story Warm Voice,8045514033882153,Brand Awareness,0,0,0,0,0,0,0,0,0,0,0,0,0,0,0,0,0,0,0,0,0,0,0,0
2026-06-28,Influencer Network,Seasonal Select Promo Initiative,Metro Region Loyalty Cohort,15908997,Health Conscious Buyers Interest Segment,1532426936569806,Shelf Story Bold Voice,1082336609132049,Brand Awareness,177.57,52722,0,47899,103,100,100,100,100,811,658,0,0,0,0,76,0,210,0.35,0,5,0,52960,0
2026-06-28,Connected TV,Family Pantry Retention Initiative,Metro Region Loyalty Cohort,15908997,Health Conscious Buyers Retention Segment,1669733702699813,Shelf Story Warm Voice,1837904232519606,Brand Awareness,0,0,0,0,0,0,0,0,0,0,0,0,0,0,0,0,0,0,0,0,0,0,0,0
2026-06-28,Affiliate Network,Weekend Saver Retention Initiative,Metro Region Loyalty Cohort,15908997,Family Planners Lookalike Segment,7248228093339312,Price Drop Cut Value Voice,9781212069592701,Brand Awareness,0,0,0,0,0,0,0,0,0,0,0,0,0,0,0,0,0,0,0,0,0,0,0,0
2026-06-28,Social Feed,Seasonal Select Promo Initiative,Metro Region Loyalty Cohort,15908997,Health Conscious Buyers Retention Segment,3613956286158588,Offer Spotlight Value Voice,9011752711561329,Brand Awareness,87.75,17592,0,21511,44,100,100,100,100,447,381,0,0,0,0,25,0,89,0.41,0,2,0,20693,0
2026-06-28,Social Feed,Weekend Saver Retention Initiative,Metro Region Loyalty Cohort,15908997,Health Conscious Buyers Interest Segment,1334393532567969,Shelf Story Warm Voice,2520693897922300,Brand Awareness,0,0,0,0,0,0,0,0,0,0,0,0,0,0,0,0,0,0,0,0,0,0,0,0
2026-06-28,Influencer Network,Family Pantry Retention Initiative,Metro Region Loyalty Cohort,15908997,Health Conscious Buyers Retention Segment,4976789753470273,Offer Spotlight Bold Voice,1582932391745882,Brand Awareness,0,0,0,0,0,0,0,0,0,0,0,0,0,0,0,0,0,0,0,0,0,0,0,0
2026-06-28,Retail Media Network,Seasonal Select Promo Initiative,Metro Region Loyalty Cohort,15908997,Health Conscious Buyers Interest Segment,1532426936569806,Shelf Story Warm Voice,7193200529405455,Brand Awareness,213.63,51387,0,50833,130,100,100,100,100,964,807,0,0,0,0,77,0,261,0.51,0,5,0,46288,0
2026-06-28,In-App Display,Weekend Saver Retention Initiative,Metro Region Loyalty Cohort,15908997,Family Planners Lookalike Segment,7248228093339312,Shelf Story Warm Voice,1150526236199258,Brand Awareness,0,0,0,0,0,0,0,0,0,0,0,0,0,0,0,0,0,0,0,0,0,0,0,0
2026-06-28,Display Network,Family Pantry Retention Initiative,Metro Region Loyalty Cohort,15908997,Family Planners Lookalike Segment,1665761135741679,Shelf Story Warm Voice,6549680554582288,Brand Awareness,0,0,0,0,0,0,0,0,0,0,0,0,0,0,0,0,0,0,0,0,0,0,0,0
2026-06-28,Display Network,Family Pantry Retention Initiative,Metro Region Loyalty Cohort,15908997,Family Planners Lookalike Segment,1665761135741679,Promo Banner Friendly Voice,6598720554447191,Brand Awareness,0,0,0,0,0,0,0,0,0,0,0,0,0,0,0,0,0,0,0,0,0,0,0,0
2026-06-28,Connected TV,Seasonal Select Promo Initiative,Metro Region Loyalty Cohort,15908997,Health Conscious Buyers Interest Segment,1532426936569806,Shelf Story Warm Voice,9953353036347574,Brand Awareness,229.74,49703,0,49833,149,100,100,100,100,1172,1133,0,0,1,0,126,0,272,0.50,0,3,0,48846,0
2026-06-28,In-App Display,Family Pantry Retention Initiative,Metro Region Loyalty Cohort,15908997,Family Planners Lookalike Segment,1665761135741679,Shelf Story Warm Voice,2616618213121749,Brand Awareness,0,0,0,0,0,0,0,0,0,0,0,0,0,0,0,0,0,0,0,0,0,0,0,0
2026-06-28,Connected TV,Seasonal Select Promo Initiative,Metro Region Loyalty Cohort,15908997,Family Planners Lookalike Segment,1718074286658736,Shelf Story Warm Voice,1533493773187614,Brand Awareness,202.45,45884,0,44400,130,100,100,100,100,773,732,0,0,0,0,131,0,225,0.54,6,1,0,47911,0
2026-06-28,Discovery Network,Seasonal Select Promo Initiative,Metro Region Loyalty Cohort,15908997,Family Planners Lookalike Segment,1718074286658736,Shelf Story Warm Voice,1532291780998103,Brand Awareness,142.01,34496,0,33626,97,100,100,100,100,831,712,0,0,5,0,137,0,253,0.67,0,6,0,30441,0
2026-06-28,Affiliate Network,Weekend Saver Retention Initiative,Metro Region Loyalty Cohort,15908997,Health Conscious Buyers Interest Segment,1334393532567969,Shelf Story Bold Voice,7232280368739505,Brand Awareness,0,0,0,0,0,0,0,0,0,0,0,0,0,0,0,0,0,0,0,0,0,0,0,0
2026-06-28,Display Network,Family Pantry Retention Initiative,Metro Region Conversion Cohort,15908997,Bulk Buyers Retention Segment,1096889057602193,Offer Spotlight Friendly Voice,5703717592430862,Catalog Engagement,0,0,0,0,0,0,0,0,0,0,0,0,0,0,0,0,0,0,0,0,0,0,0,0
2026-06-28,Shopping Grid,Seasonal Select Promo Initiative,Metro Region Loyalty Cohort,15908997,Health Conscious Buyers Retention Segment,3613956286158588,Promo Banner Warm Voice,3456261421148856,Brand Awareness,125.53,23863,0,31153,79,100,100,100,100,767,619,0,0,0,0,41,0,116,0.34,1,2,0,29059,0
2026-06-28,Video Network,Family Pantry Retention Initiative,Metro Region Loyalty Cohort,15908997,Family Planners Lookalike Segment,1002710949555221,Shelf Story Warm Voice,1647332301297595,Brand Awareness,0,0,0,0,0,0,0,0,0,0,0,0,0,0,0,0,0,0,0,0,0,0,0,0
2026-06-28,Affiliate Network,Family Pantry Retention Initiative,Metro Region Loyalty Cohort,15908997,Health Conscious Buyers Interest Segment,9013382232369046,Shelf Story Warm Voice,3768518651506601,Brand Awareness,0,0,0,0,0,0,0,0,0,0,0,0,0,0,0,0,0,0,0,0,0,0,0,0
2026-06-28,Display Network,Family Pantry Retention Initiative,Metro Region Loyalty Cohort,15908997,Health Conscious Buyers Interest Segment,1474840462607869,Shelf Story Warm Voice,4340134105081797,Brand Awareness,0,0,0,0,0,0,0,0,0,0,0,0,0,0,0,0,0,0,0,0,0,0,0,0
2026-06-28,Display Network,Weekend Saver Retention Initiative,Metro Region Loyalty Cohort,15908997,Family Planners Lookalike Segment,7248228093339312,Shelf Story Warm Voice,6451368560487732,Brand Awareness,0,0,0,0,0,0,0,0,0,0,0,0,0,0,0,0,0,0,0,0,0,0,0,0
2026-06-28,Video Network,Seasonal Select Promo Initiative,Metro Region Loyalty Cohort,15908997,Health Conscious Buyers Retention Segment,3613956286158588,Shelf Story Bold Voice,1755467445485119,Brand Awareness,119.00,27972,0,27224,62,100,100,100,100,532,400,0,0,0,0,31,0,95,0.3,2,3,0,25760,0
2026-06-28,Marketplace Feed,Weekend Saver Retention Initiative,Metro Region Loyalty Cohort,15908997,Family Planners Lookalike Segment,7248228093339312,Price Drop Cut Value Voice,9318406623487279,Brand Awareness,0,0,0,0,0,0,0,0,0,0,0,0,0,0,0,0,0,0,0,0,0,0,0,0
2026-06-28,Connected TV,Weekend Saver Retention Initiative,Metro Region Loyalty Cohort,15908997,Health Conscious Buyers Interest Segment,1334393532567969,Price Drop Cut Value Voice,2051943278335934,Brand Awareness,0,0,0,0,0,0,0,0,0,0,0,0,0,0,0,0,0,0,0,0,0,0,0,0
2026-06-28,Marketplace Feed,Seasonal Select Promo Initiative,Metro Region Loyalty Cohort,15908997,Health Conscious Buyers Interest Segment,1532426936569806,Promo Banner Warm Voice,5732401046815275,Brand Awareness,173.23,38411,0,41585,134,100,100,100,100,1222,1080,0,0,1,0,163,0,317,0.66,0,3,0,47624,0
2026-06-28,Shopping Grid,Family Pantry Retention Initiative,Metro Region Loyalty Cohort,15908997,Health Conscious Buyers Retention Segment,1669733702699813,Promo Banner Friendly Voice,4647140982681565,Brand Awareness,0,0,0,0,0,0,0,0,0,0,0,0,0,0,0,0,0,0,0,0,0,0,0,0
2026-06-28,In-App Display,Family Pantry Retention Initiative,Metro Region Loyalty Cohort,15908997,Health Conscious Buyers Retention Segment,4976789753470273,Shelf Story Warm Voice,4041974945367907,Brand Awareness,0,0,0,0,0,0,0,0,0,0,0,0,0,0,0,0,0,0,0,0,0,0,0,0
2026-06-28,Video Network,Weekend Saver Retention Initiative,Metro Region Loyalty Cohort,15908997,Health Conscious Buyers Retention Segment,4136110625615180,Price Drop Cut Value Voice,1682844113945221,Brand Awareness,0,0,0,0,0,0,0,0,0,0,0,0,0,0,0,0,0,0,0,0,0,0,0,0
2026-06-28,Discovery Network,Family Pantry Retention Initiative,Metro Region Loyalty Cohort,15908997,Family Planners Lookalike Segment,1665761135741679,Promo Banner Friendly Voice,1647756988327695,Brand Awareness,0,0,0,0,0,0,0,0,0,0,0,0,0,0,0,0,0,0,0,0,0,0,0,0
2026-06-28,In-App Display,Family Pantry Retention Initiative,Metro Region Loyalty Cohort,15908997,Family Planners Lookalike Segment,1665761135741679,Shelf Story Warm Voice,2793262031628184,Brand Awareness,0,0,0,0,0,0,0,0,0,0,0,0,0,0,0,0,0,0,0,0,0,0,0,0
2026-06-28,Influencer Network,Family Pantry Retention Initiative,Metro Region Loyalty Cohort,15908997,Family Planners Lookalike Segment,1665761135741679,Shelf Story Warm Voice,2902136042807068,Brand Awareness,0,0,0,0,0,0,0,0,0,0,0,0,0,0,0,0,0,0,0,0,0,0,0,0
2026-06-28,Video Network,Family Pantry Retention Initiative,Metro Region Loyalty Cohort,15908997,Health Conscious Buyers Interest Segment,1474840462607869,Shelf Story Warm Voice,8486205212439809,Brand Awareness,0,0,0,0,0,0,0,0,0,0,0,0,0,0,0,0,0,0,0,0,0,0,0,0
2026-06-28,Social Feed,Seasonal Select Promo Initiative,Metro Region Loyalty Cohort,15908997,Family Planners Lookalike Segment,1718074286658736,Offer Spotlight Bold Voice,1638167476571035,Brand Awareness,73.30,22857,0,22328,41,100,100,100,100,221,217,0,0,0,0,41,0,107,0.45,0,3,0,21160,0
2026-06-28,Marketplace Feed,Family Pantry Retention Initiative,Metro Region Loyalty Cohort,15908997,Family Planners Lookalike Segment,1002710949555221,Shelf Story Warm Voice,5797898098365146,Brand Awareness,0,0,0,0,0,0,0,0,0,0,0,0,0,0,0,0,0,0,0,0,0,0,0,0
2026-06-28,Connected TV,Family Pantry Retention Initiative,Metro Region Loyalty Cohort,15908997,Family Planners Lookalike Segment,1002710949555221,Shelf Story Warm Voice,1655044419034925,Brand Awareness,0,0,0,0,0,0,0,0,0,0,0,0,0,0,0,0,0,0,0,0,0,0,0,0
2026-06-28,Display Network,Seasonal Select Promo Initiative,Metro Region Loyalty Cohort,15908997,Health Conscious Buyers Retention Segment,3613956286158588,Offer Spotlight Bold Voice,4607696881668990,Brand Awareness,46.36,12683,0,13459,22,69,100,100,74,178,126,0,0,0,0,8,0,41,0.34,0,1,0,11844,0
2026-06-28,Display Network,Weekend Saver Retention Initiative,Metro Region Loyalty Cohort,15908997,Health Conscious Buyers Interest Segment,1334393532567969,Offer Spotlight Bold Voice,3220054077294586,Brand Awareness,0,0,0,0,0,0,0,0,0,0,0,0,0,0,0,0,0,0,0,0,0,0,0,0
2026-06-28,Search Network,Weekend Saver Retention Initiative,Metro Region Loyalty Cohort,15908997,Health Conscious Buyers Interest Segment,1334393532567969,Shelf Story Bold Voice,8314765461987923,Brand Awareness,0,0,0,0,0,0,0,0,0,0,0,0,0,0,0,0,0,0,0,0,0,0,0,0
2026-06-28,Search Network,Weekend Saver Retention Initiative,Metro Region Loyalty Cohort,15908997,Health Conscious Buyers Retention Segment,4136110625615180,Shelf Story Warm Voice,5443423299390877,Brand Awareness,0,0,0,0,0,0,0,0,0,0,0,0,0,0,0,0,0,0,0,0,0,0,0,0
2026-06-28,Shopping Grid,Family Pantry Retention Initiative,Metro Region Loyalty Cohort,15908997,Health Conscious Buyers Retention Segment,1669733702699813,Shelf Story Warm Voice,5602072675253918,Brand Awareness,0,0,0,0,0,0,0,0,0,0,0,0,0,0,0,0,0,0,0,0,0,0,0,0
2026-06-28,Affiliate Network,Weekend Saver Retention Initiative,Metro Region Loyalty Cohort,15908997,Family Planners Lookalike Segment,7248228093339312,Shelf Story Bold Voice,1269408759613688,Brand Awareness,0,0,0,0,0,0,0,0,0,0,0,0,0,0,0,0,0,0,0,0,0,0,0,0
2026-06-28,Retail Media Network,Family Pantry Retention Initiative,Metro Region Loyalty Cohort,15908997,Family Planners Lookalike Segment,1665761135741679,Shelf Story Value Voice,5225143865411760,Brand Awareness,0,0,0,0,0,0,0,0,0,0,0,0,0,0,0,0,0,0,0,0,0,0,0,0
2026-06-28,Video Network,Family Pantry Retention Initiative,Metro Region Loyalty Cohort,15908997,Health Conscious Buyers Interest Segment,9013382232369046,Shelf Story Value Voice,1103993184708534,Brand Awareness,0,0,0,0,0,0,0,0,0,0,0,0,0,0,0,0,0,0,0,0,0,0,0,0
2026-06-28,Display Network,Seasonal Select Promo Initiative,Metro Region Loyalty Cohort,15908997,Family Planners Lookalike Segment,1718074286658736,Shelf Story Bold Voice,4278310985669178,Brand Awareness,159.18,38402,0,47055,110,100,100,100,100,771,571,0,0,0,0,182,0,252,0.57,0,1,0,37724,0
2026-06-28,Social Feed,Weekend Saver Retention Initiative,Metro Region Loyalty Cohort,15908997,Health Conscious Buyers Interest Segment,1334393532567969,Price Drop Cut Value Voice,1109002298095593,Brand Awareness,0,0,0,0,0,0,0,0,0,0,0,0,0,0,0,0,0,0,0,0,0,0,0,0
2026-06-28,Search Network,Seasonal Select Promo Initiative,Metro Region Loyalty Cohort,15908997,Health Conscious Buyers Retention Segment,3613956286158588,Shelf Story Warm Voice,9626373394400677,Brand Awareness,98.86,19742,0,24578,57,100,100,100,100,453,382,0,0,0,0,24,0,84,0.4,0,0,0,22926,0
2026-06-28,Display Network,Family Pantry Retention Initiative,Metro Region Loyalty Cohort,15908997,Health Conscious Buyers Retention Segment,1669733702699813,Shelf Story Warm Voice,1173063753252113,Brand Awareness,0,0,0,0,0,0,0,0,0,0,0,0,0,0,0,0,0,0,0,0,0,0,0,0
2026-06-28,In-App Display,Family Pantry Retention Initiative,Metro Region Loyalty Cohort,15908997,Health Conscious Buyers Interest Segment,9013382232369046,Shelf Story Warm Voice,1099249066640891,Brand Awareness,0,0,0,0,0,0,0,0,0,0,0,0,0,0,0,0,0,0,0,0,0,0,0,0
2026-06-28,Influencer Network,Seasonal Select Promo Initiative,Metro Region Loyalty Cohort,15908997,Family Planners Lookalike Segment,1718074286658736,Promo Banner Warm Voice,1089449421739833,Brand Awareness,216.07,58767,0,57685,143,100,100,100,100,1556,1474,0,0,1,0,347,0,456,0.8,2,8,0,55696,0
2026-06-28,Shopping Grid,Home Essentials Promo Initiative,Metro Region Conversion Cohort,44948390,Quick Refill Buyers Retention Segment,1899712342036110,Shelf Story Warm Voice,8585579191193727,Brand Awareness,0,0,0,0,0,0,0,0,0,0,0,0,0,0,0,0,0,0,0,0,0,0,0,0
2026-06-28,In-App Display,Seasonal Select Promo Initiative,Metro Region Loyalty Cohort,15908997,Health Conscious Buyers Interest Segment,1532426936569806,Offer Spotlight Bold Voice,4433422745438620,Brand Awareness,88.53,23557,0,24744,53,100,100,100,100,319,250,0,0,0,0,40,0,104,0.43,0,2,0,26675,0
2026-06-28,Shopping Grid,Family Pantry Retention Initiative,Metro Region Loyalty Cohort,15908997,Health Conscious Buyers Interest Segment,9013382232369046,Shelf Story Warm Voice,5257839822274418,Brand Awareness,0,0,0,0,0,0,0,0,0,0,0,0,0,0,0,0,0,0,0,0,0,0,0,0
2026-06-28,Display Network,Family Pantry Retention Initiative,Metro Region Loyalty Cohort,15908997,Health Conscious Buyers Retention Segment,1669733702699813,Price Drop Cut Value Voice,6906673719698824,Brand Awareness,0,0,0,0,0,0,0,0,0,0,0,0,0,0,0,0,0,0,0,0,0,0,0,0
2026-06-28,Video Network,Family Pantry Retention Initiative,Metro Region Loyalty Cohort,15908997,Health Conscious Buyers Retention Segment,1669733702699813,Shelf Story Value Voice,1365467474223726,Brand Awareness,0,0,0,0,0,0,0,0,0,0,0,0,0,0,0,0,0,0,0,0,0,0,0,0
2026-06-28,Connected TV,Weekend Saver Retention Initiative,Metro Region Loyalty Cohort,15908997,Family Planners Lookalike Segment,7248228093339312,Shelf Story Bold Voice,3411200546175283,Brand Awareness,0,0,0,0,0,0,0,0,0,0,0,0,0,0,0,0,0,0,0,0,0,0,0,0
2026-06-28,Affiliate Network,Family Pantry Retention Initiative,Metro Region Loyalty Cohort,15908997,Health Conscious Buyers Interest Segment,9013382232369046,Promo Banner Friendly Voice,1538508227020088,Brand Awareness,0,0,0,0,0,0,0,0,0,0,0,0,0,0,0,0,0,0,0,0,0,0,0,0
2026-06-28,In-App Display,Seasonal Select Promo Initiative,Metro Region Loyalty Cohort,15908997,Family Planners Lookalike Segment,1718074286658736,Offer Spotlight Value Voice,2074777970281390,Brand Awareness,115.33,20992,0,25672,57,100,100,100,100,511,428,0,0,0,0,67,0,134,0.57,0,2,0,21455,0
2026-06-28,Influencer Network,Weekend Saver Retention Initiative,Metro Region Loyalty Cohort,15908997,Family Planners Lookalike Segment,7248228093339312,Offer Spotlight Bold Voice,1757288035719114,Brand Awareness,0,0,0,0,0,0,0,0,0,0,0,0,0,0,0,0,0,0,0,0,0,0,0,0
2026-06-28,Influencer Network,Family Pantry Retention Initiative,Metro Region Loyalty Cohort,15908997,Family Planners Lookalike Segment,1665761135741679,Price Drop Cut Value Voice,1192366617925175,Brand Awareness,0,0,0,0,0,0,0,0,0,0,0,0,0,0,0,0,0,0,0,0,0,0,0,0
2026-06-28,Display Network,Family Pantry Retention Initiative,Metro Region Loyalty Cohort,15908997,Health Conscious Buyers Interest Segment,9013382232369046,Shelf Story Warm Voice,1177430610668804,Brand Awareness,0,0,0,0,0,0,0,0,0,0,0,0,0,0,0,0,0,0,0,0,0,0,0,0
2026-06-28,Search Network,Family Pantry Retention Initiative,Metro Region Loyalty Cohort,15908997,Family Planners Lookalike Segment,1002710949555221,Shelf Story Warm Voice,3185083078735744,Brand Awareness,0,0,0,0,0,0,0,0,0,0,0,0,0,0,0,0,0,0,0,0,0,0,0,0
2026-06-28,Shopping Grid,Family Pantry Retention Initiative,Metro Region Loyalty Cohort,15908997,Health Conscious Buyers Interest Segment,1474840462607869,Shelf Story Warm Voice,5682500646683685,Brand Awareness,0,0,0,0,0,0,0,0,0,0,0,0,0,0,0,0,0,0,0,0,0,0,0,0
2026-06-27,Search Network,Weekend Saver Retention Initiative,Metro Region Loyalty Cohort,15908997,Health Conscious Buyers Retention Segment,4136110625615180,Price Drop Cut Value Voice,1682844113945221,Brand Awareness,0,0,0,0,0,0,0,0,0,0,0,0,0,0,0,0,0,0,0,0,0,0,0,0
2026-06-27,Social Feed,Family Pantry Retention Initiative,Metro Region Loyalty Cohort,15908997,Family Planners Lookalike Segment,1665761135741679,Shelf Story Warm Voice,2616618213121749,Brand Awareness,0,0,0,0,0,0,0,0,0,0,0,0,0,0,0,0,0,0,0,0,0,0,0,0
2026-06-27,Social Feed,Family Pantry Retention Initiative,Metro Region Conversion Cohort,15908997,Family Planners Lookalike Segment,3017606229260592,Shelf Story Value Voice,5691206288583839,Catalog Engagement,0,0,0,0,0,0,0,0,0,0,0,0,0,0,0,0,0,0,0,0,0,0,0,0
2026-06-27,Influencer Network,Weekend Saver Retention Initiative,Metro Region Loyalty Cohort,15908997,Family Planners Lookalike Segment,7248228093339312,Price Drop Cut Value Voice,9781212069592701,Brand Awareness,0,0,0,0,0,0,0,0,0,0,0,0,0,0,0,0,0,0,0,0,0,0,0,0
2026-06-27,Retail Media Network,Family Pantry Retention Initiative,Metro Region Conversion Cohort,15908997,Weekend Deal Hunters Interest Segment,6202516839870495,Shelf Story Value Voice,1077582730962642,Catalog Engagement,0,0,0,0,0,0,0,0,0,0,0,0,0,0,0,0,0,0,0,0,0,0,0,0
2026-06-27,Display Network,Family Pantry Retention Initiative,Metro Region Loyalty Cohort,15908997,Family Planners Lookalike Segment,1665761135741679,Shelf Story Bold Voice,1220357368781053,Brand Awareness,0,0,0,0,0,0,0,0,0,0,0,0,0,0,0,0,0,0,0,0,0,0,0,0
2026-06-27,Social Feed,Seasonal Select Promo Initiative,Metro Region Loyalty Cohort,15908997,Family Planners Lookalike Segment,1718074286658736,Shelf Story Bold Voice,4278310985669178,Brand Awareness,144.24,45205,0,43364,84,100,100,100,100,580,585,0,0,2,0,116,0,241,0.53,4,8,0,43036,0
2026-06-27,Shopping Grid,Weekend Saver Retention Initiative,Metro Region Loyalty Cohort,15908997,Health Conscious Buyers Retention Segment,4136110625615180,Shelf Story Warm Voice,1781261912151237,Brand Awareness,0,0,0,0,0,0,0,0,0,0,0,0,0,0,0,0,0,0,0,0,0,0,0,0
2026-06-27,Shopping Grid,Family Pantry Retention Initiative,Metro Region Loyalty Cohort,15908997,Health Conscious Buyers Retention Segment,1669733702699813,Shelf Story Warm Voice,6197978194612129,Brand Awareness,0,0,0,0,0,0,0,0,0,0,0,0,0,0,0,0,0,0,0,0,0,0,0,0
2026-06-27,Social Feed,Family Pantry Retention Initiative,Metro Region Loyalty Cohort,15908997,Health Conscious Buyers Interest Segment,1474840462607869,Shelf Story Warm Voice,4340134105081797,Brand Awareness,0,0,0,0,0,0,0,0,0,0,0,0,0,0,0,0,0,0,0,0,0,0,0,0
2026-06-27,Video Network,Seasonal Select Promo Initiative,Metro Region Loyalty Cohort,15908997,Health Conscious Buyers Interest Segment,1532426936569806,Offer Spotlight Value Voice,2894551765052346,Brand Awareness,90.31,19114,0,20055,65,100,100,100,100,541,474,0,0,0,0,33,0,90,0.42,0,3,0,17705,0
2026-06-27,Affiliate Network,Seasonal Select Promo Initiative,Metro Region Loyalty Cohort,15908997,Health Conscious Buyers Interest Segment,1532426936569806,Offer Spotlight Bold Voice,4433422745438620,Brand Awareness,91.00,26729,0,24618,47,100,100,100,100,255,234,0,0,0,0,18,0,79,0.30,0,0,0,21640,0
2026-06-27,Discovery Network,Family Pantry Retention Initiative,Metro Region Loyalty Cohort,15908997,Health Conscious Buyers Retention Segment,1669733702699813,Promo Banner Friendly Voice,1414897562821209,Brand Awareness,0,0,0,0,0,0,0,0,0,0,0,0,0,0,0,0,0,0,0,0,0,0,0,0
2026-06-27,Discovery Network,Family Pantry Retention Initiative,Metro Region Loyalty Cohort,15908997,Health Conscious Buyers Retention Segment,4976789753470273,Shelf Story Warm Voice,1220076337258804,Brand Awareness,0,0,0,0,0,0,0,0,0,0,0,0,0,0,0,0,0,0,0,0,0,0,0,0
2026-06-27,Influencer Network,Weekend Saver Retention Initiative,Metro Region Loyalty Cohort,15908997,Family Planners Lookalike Segment,7248228093339312,Shelf Story Warm Voice,6451368560487732,Brand Awareness,0,0,0,0,0,0,0,0,0,0,0,0,0,0,0,0,0,0,0,0,0,0,0,0
2026-06-27,Social Feed,Weekend Saver Retention Initiative,Metro Region Loyalty Cohort,15908997,Health Conscious Buyers Interest Segment,1334393532567969,Shelf Story Bold Voice,7232280368739505,Brand Awareness,0,0,0,0,0,0,0,0,0,0,0,0,0,0,0,0,0,0,0,0,0,0,0,0
2026-06-27,Affiliate Network,Seasonal Select Promo Initiative,Metro Region Loyalty Cohort,15908997,Health Conscious Buyers Retention Segment,3613956286158588,Shelf Story Warm Voice,2259713911990191,Brand Awareness,131.12,25542,0,31518,106,100,100,100,100,782,614,0,0,0,0,49,0,162,0.48,3,5,0,27003,0
2026-06-27,Video Network,Family Pantry Retention Initiative,Metro Region Loyalty Cohort,15908997,Health Conscious Buyers Retention Segment,4976789753470273,Shelf Story Warm Voice,4041974945367907,Brand Awareness,0,0,0,0,0,0,0,0,0,0,0,0,0,0,0,0,0,0,0,0,0,0,0,0
2026-06-27,Affiliate Network,Family Pantry Retention Initiative,Metro Region Loyalty Cohort,15908997,Health Conscious Buyers Retention Segment,1669733702699813,Collection Showcase Warm Voice,1788908453907262,Brand Awareness,0,0,0,0,0,0,0,0,0,0,0,0,0,0,0,0,0,0,0,0,0,0,0,0
2026-06-27,Shopping Grid,Seasonal Select Promo Initiative,Metro Region Loyalty Cohort,15908997,Health Conscious Buyers Retention Segment,3613956286158588,Shelf Story Bold Voice,1755467445485119,Brand Awareness,112.18,29430,0,30306,60,100,100,100,100,449,398,0,0,0,0,30,0,111,0.41,0,0,0,23462,0
2026-06-27,Display Network,Weekend Saver Retention Initiative,Metro Region Loyalty Cohort,15908997,Health Conscious Buyers Interest Segment,1334393532567969,Shelf Story Warm Voice,2520693897922300,Brand Awareness,0,0,0,0,0,0,0,0,0,0,0,0,0,0,0,0,0,0,0,0,0,0,0,0
2026-06-27,Shopping Grid,Family Pantry Retention Initiative,Metro Region Loyalty Cohort,15908997,Family Planners Lookalike Segment,1002710949555221,Shelf Story Warm Voice,1655044419034925,Brand Awareness,0,0,0,0,0,0,0,0,0,0,0,0,0,0,0,0,0,0,0,0,0,0,0,0
2026-06-27,Social Feed,Family Pantry Retention Initiative,Metro Region Loyalty Cohort,15908997,Family Planners Lookalike Segment,1665761135741679,Shelf Story Value Voice,5225143865411760,Brand Awareness,0,0,0,0,0,0,0,0,0,0,0,0,0,0,0,0,0,0,0,0,0,0,0,0
2026-06-27,Affiliate Network,Family Pantry Retention Initiative,Metro Region Loyalty Cohort,15908997,Family Planners Lookalike Segment,1665761135741679,Shelf Story Warm Voice,2902136042807068,Brand Awareness,0,0,0,0,0,0,0,0,0,0,0,0,0,0,0,0,0,0,0,0,0,0,0,0
2026-06-27,Video Network,Family Pantry Retention Initiative,Metro Region Loyalty Cohort,15908997,Family Planners Lookalike Segment,1002710949555221,Shelf Story Warm Voice,5797898098365146,Brand Awareness,0,0,0,0,0,0,0,0,0,0,0,0,0,0,0,0,0,0,0,0,0,0,0,0
2026-06-27,Retail Media Network,Weekend Saver Retention Initiative,Metro Region Loyalty Cohort,15908997,Family Planners Lookalike Segment,7248228093339312,Price Drop Cut Value Voice,9318406623487279,Brand Awareness,0,0,0,0,0,0,0,0,0,0,0,0,0,0,0,0,0,0,0,0,0,0,0,0
2026-06-27,Video Network,Family Pantry Retention Initiative,Metro Region Loyalty Cohort,15908997,Health Conscious Buyers Interest Segment,1474840462607869,Shelf Story Warm Voice,5682500646683685,Brand Awareness,0,0,0,0,0,0,0,0,0,0,0,0,0,0,0,0,0,0,0,0,0,0,0,0
2026-06-27,Marketplace Feed,Family Pantry Retention Initiative,Metro Region Conversion Cohort,15908997,Bulk Buyers Retention Segment,1096889057602193,Offer Spotlight Friendly Voice,5703717592430862,Catalog Engagement,0,0,0,0,0,0,0,0,0,0,0,0,0,0,0,0,0,0,0,0,0,0,0,0
2026-06-27,Search Network,Family Pantry Retention Initiative,Metro Region Loyalty Cohort,15908997,Family Planners Lookalike Segment,1665761135741679,Shelf Story Warm Voice,1280290142112652,Brand Awareness,0,0,0,0,0,0,0,0,0,0,0,0,0,0,0,0,0,0,0,0,0,0,0,0
2026-06-27,Display Network,Weekend Saver Retention Initiative,Metro Region Loyalty Cohort,15908997,Health Conscious Buyers Retention Segment,4136110625615180,Shelf Story Bold Voice,5160906508093401,Brand Awareness,0,0,0,0,0,0,0,0,0,0,0,0,0,0,0,0,0,0,0,0,0,0,0,0
2026-06-27,Search Network,Seasonal Select Promo Initiative,Metro Region Loyalty Cohort,15908997,Health Conscious Buyers Retention Segment,3613956286158588,Promo Banner Warm Voice,3456261421148856,Brand Awareness,126.1,24001,0,25656,86,100,100,100,100,958,718,0,0,0,0,46,0,165,0.6,0,2,0,25690,0
2026-06-27,Retail Media Network,Weekend Saver Retention Initiative,Metro Region Loyalty Cohort,15908997,Health Conscious Buyers Retention Segment,4136110625615180,Offer Spotlight Bold Voice,3833443174798849,Brand Awareness,0,0,0,0,0,0,0,0,0,0,0,0,0,0,0,0,0,0,0,0,0,0,0,0
2026-06-27,Discovery Network,Family Pantry Retention Initiative,Metro Region Loyalty Cohort,15908997,Health Conscious Buyers Interest Segment,1474840462607869,Offer Spotlight Bold Voice,3530423296641236,Brand Awareness,0,0,0,0,0,0,0,0,0,0,0,0,0,0,0,0,0,0,0,0,0,0,0,0
2026-06-27,Influencer Network,Family Pantry Retention Initiative,Metro Region Loyalty Cohort,86057605,Family Planners Lookalike Segment,1541980607257120,Shelf Story Warm Voice,1227821280716912,Brand Awareness,0,0,0,0,0,0,0,0,0,0,0,0,0,0,0,0,0,0,0,0,0,0,0,0
2026-06-27,Affiliate Network,Weekend Saver Retention Initiative,Metro Region Loyalty Cohort,15908997,Health Conscious Buyers Interest Segment,1334393532567969,Shelf Story Bold Voice,8314765461987923,Brand Awareness,0,0,0,0,0,0,0,0,0,0,0,0,0,0,0,0,0,0,0,0,0,0,0,0
2026-06-27,Video Network,Weekend Saver Retention Initiative,Metro Region Loyalty Cohort,15908997,Health Conscious Buyers Interest Segment,1334393532567969,Offer Spotlight Bold Voice,3220054077294586,Brand Awareness,0,0,0,0,0,0,0,0,0,0,0,0,0,0,0,0,0,0,0,0,0,0,0,0
2026-06-27,Affiliate Network,Weekend Saver Retention Initiative,Metro Region Loyalty Cohort,15908997,Family Planners Lookalike Segment,7248228093339312,Shelf Story Bold Voice,1269408759613688,Brand Awareness,0,0,0,0,0,0,0,0,0,0,0,0,0,0,0,0,0,0,0,0,0,0,0,0
2026-06-27,Affiliate Network,Family Pantry Retention Initiative,Metro Region Loyalty Cohort,15908997,Family Planners Lookalike Segment,1002710949555221,Shelf Story Warm Voice,1647332301297595,Brand Awareness,0,0,0,0,0,0,0,0,0,0,0,0,0,0,0,0,0,0,0,0,0,0,0,0
2026-06-27,In-App Display,Family Pantry Retention Initiative,Metro Region Loyalty Cohort,15908997,Health Conscious Buyers Interest Segment,9013382232369046,Promo Banner Friendly Voice,1538508227020088,Brand Awareness,0,0,0,0,0,0,0,0,0,0,0,0,0,0,0,0,0,0,0,0,0,0,0,0
2026-06-27,Connected TV,Family Pantry Retention Initiative,Metro Region Loyalty Cohort,15908997,Family Planners Lookalike Segment,1665761135741679,Promo Banner Friendly Voice,1647756988327695,Brand Awareness,0,0,0,0,0,0,0,0,0,0,0,0,0,0,0,0,0,0,0,0,0,0,0,0
2026-06-27,Display Network,Family Pantry Retention Initiative,Metro Region Loyalty Cohort,15908997,Health Conscious Buyers Retention Segment,1669733702699813,Shelf Story Warm Voice,5602072675253918,Brand Awareness,0,0,0,0,0,0,0,0,0,0,0,0,0,0,0,0,0,0,0,0,0,0,0,0
2026-06-27,Influencer Network,Family Pantry Retention Initiative,Metro Region Loyalty Cohort,15908997,Family Planners Lookalike Segment,1665761135741679,Shelf Story Warm Voice,2793262031628184,Brand Awareness,0,0,0,0,0,0,0,0,0,0,0,0,0,0,0,0,0,0,0,0,0,0,0,0
2026-06-27,Marketplace Feed,Seasonal Select Promo Initiative,Metro Region Loyalty Cohort,15908997,Family Planners Lookalike Segment,1718074286658736,Shelf Story Warm Voice,1532291780998103,Brand Awareness,139.22,30232,0,32713,91,100,100,100,100,786,793,0,0,0,0,99,0,227,0.53,1,3,0,32590,0
2026-06-27,Shopping Grid,Seasonal Select Promo Initiative,Metro Region Loyalty Cohort,15908997,Family Planners Lookalike Segment,1718074286658736,Shelf Story Warm Voice,1533493773187614,Brand Awareness,181.57,43443,0,42090,126,100,100,100,100,851,656,0,0,0,0,100,0,244,0.50,0,3,0,37823,0
2026-06-27,Discovery Network,Family Pantry Retention Initiative,Metro Region Loyalty Cohort,15908997,Health Conscious Buyers Interest Segment,9013382232369046,Shelf Story Warm Voice,3768518651506601,Brand Awareness,0,0,0,0,0,0,0,0,0,0,0,0,0,0,0,0,0,0,0,0,0,0,0,0
2026-06-27,Social Feed,Seasonal Select Promo Initiative,Metro Region Loyalty Cohort,15908997,Health Conscious Buyers Retention Segment,3613956286158588,Offer Spotlight Bold Voice,4607696881668990,Brand Awareness,51.93,13329,0,14003,29,60,100,100,88,184,147,0,0,0,0,12,0,42,0.30,0,0,0,13447,0
2026-06-27,Connected TV,Family Pantry Retention Initiative,Metro Region Loyalty Cohort,15908997,Health Conscious Buyers Retention Segment,1669733702699813,Shelf Story Bold Voice,4391005331160720,Brand Awareness,0,0,0,0,0,0,0,0,0,0,0,0,0,0,0,0,0,0,0,0,0,0,0,0
2026-06-27,Shopping Grid,Weekend Saver Retention Initiative,Metro Region Loyalty Cohort,15908997,Health Conscious Buyers Retention Segment,4136110625615180,Shelf Story Bold Voice,1238862856159509,Brand Awareness,0,0,0,0,0,0,0,0,0,0,0,0,0,0,0,0,0,0,0,0,0,0,0,0
2026-06-27,In-App Display,Weekend Saver Retention Initiative,Metro Region Loyalty Cohort,15908997,Health Conscious Buyers Interest Segment,1334393532567969,Price Drop Cut Value Voice,1109002298095593,Brand Awareness,0,0,0,0,0,0,0,0,0,0,0,0,0,0,0,0,0,0,0,0,0,0,0,0
2026-06-27,In-App Display,Family Pantry Retention Initiative,Metro Region Loyalty Cohort,15908997,Health Conscious Buyers Retention Segment,1669733702699813,Shelf Story Value Voice,1365467474223726,Brand Awareness,0,0,0,0,0,0,0,0,0,0,0,0,0,0,0,0,0,0,0,0,0,0,0,0
2026-06-27,Shopping Grid,Family Pantry Retention Initiative,Metro Region Loyalty Cohort,15908997,Health Conscious Buyers Retention Segment,1669733702699813,Shelf Story Warm Voice,1837904232519606,Brand Awareness,0,0,0,0,0,0,0,0,0,0,0,0,0,0,0,0,0,0,0,0,0,0,0,0
2026-06-27,Social Feed,Weekend Saver Retention Initiative,Metro Region Loyalty Cohort,15908997,Family Planners Lookalike Segment,7248228093339312,Shelf Story Warm Voice,1150526236199258,Brand Awareness,0,0,0,0,0,0,0,0,0,0,0,0,0,0,0,0,0,0,0,0,0,0,0,0
2026-06-27,In-App Display,Family Pantry Retention Initiative,Metro Region Loyalty Cohort,15908997,Health Conscious Buyers Interest Segment,9013382232369046,Shelf Story Warm Voice,5257839822274418,Brand Awareness,0,0,0,0,0,0,0,0,0,0,0,0,0,0,0,0,0,0,0,0,0,0,0,0
2026-06-27,Search Network,Weekend Saver Retention Initiative,Metro Region Loyalty Cohort,15908997,Health Conscious Buyers Interest Segment,1334393532567969,Price Drop Cut Value Voice,2051943278335934,Brand Awareness,0,0,0,0,0,0,0,0,0,0,0,0,0,0,0,0,0,0,0,0,0,0,0,0
2026-06-27,Retail Media Network,Family Pantry Retention Initiative,Metro Region Loyalty Cohort,15908997,Health Conscious Buyers Retention Segment,1669733702699813,Promo Banner Friendly Voice,4647140982681565,Brand Awareness,0,0,0,0,0,0,0,0,0,0,0,0,0,0,0,0,0,0,0,0,0,0,0,0
2026-06-27,Connected TV,Seasonal Select Promo Initiative,Metro Region Loyalty Cohort,15908997,Family Planners Lookalike Segment,1718074286658736,Offer Spotlight Bold Voice,1638167476571035,Brand Awareness,83.50,22774,0,22303,45,83,100,100,100,240,237,0,0,0,0,45,0,95,0.34,0,1,0,23527,0
2026-06-27,Discovery Network,Family Pantry Retention Initiative,Metro Region Loyalty Cohort,15908997,Health Conscious Buyers Retention Segment,4976789753470273,Shelf Story Warm Voice,5506678816268127,Brand Awareness,0,0,0,0,0,0,0,0,0,0,0,0,0,0,0,0,0,0,0,0,0,0,0,0
2026-06-27,Display Network,Weekend Saver Retention Initiative,Metro Region Loyalty Cohort,15908997,Health Conscious Buyers Retention Segment,4136110625615180,Price Drop Cut Value Voice,1316048837324374,Brand Awareness,0,0,0,0,0,0,0,0,0,0,0,0,0,0,0,0,0,0,0,0,0,0,0,0
2026-06-27,Affiliate Network,Weekend Saver Retention Initiative,Metro Region Loyalty Cohort,15908997,Health Conscious Buyers Interest Segment,1334393532567969,Shelf Story Warm Voice,8045514033882153,Brand Awareness,0,0,0,0,0,0,0,0,0,0,0,0,0,0,0,0,0,0,0,0,0,0,0,0
2026-06-27,In-App Display,Weekend Saver Retention Initiative,Metro Region Loyalty Cohort,15908997,Health Conscious Buyers Retention Segment,4136110625615180,Shelf Story Warm Voice,5443423299390877,Brand Awareness,0,0,0,0,0,0,0,0,0,0,0,0,0,0,0,0,0,0,0,0,0,0,0,0
2026-06-27,Video Network,Seasonal Select Promo Initiative,Metro Region Loyalty Cohort,15908997,Health Conscious Buyers Interest Segment,1532426936569806,Shelf Story Warm Voice,9953353036347574,Brand Awareness,252.14,48483,0,51145,123,100,100,100,100,1216,1014,0,0,0,0,90,0,259,0.46,0,1,0,53917,0
2026-06-27,Affiliate Network,Family Pantry Retention Initiative,Metro Region Loyalty Cohort,15908997,Family Planners Lookalike Segment,1665761135741679,Price Drop Cut Value Voice,1192366617925175,Brand Awareness,0,0,0,0,0,0,0,0,0,0,0,0,0,0,0,0,0,0,0,0,0,0,0,0
2026-06-27,Search Network,Seasonal Select Promo Initiative,Metro Region Loyalty Cohort,15908997,Health Conscious Buyers Retention Segment,3613956286158588,Offer Spotlight Value Voice,9011752711561329,Brand Awareness,81.62,16432,0,17404,51,100,100,100,100,342,291,0,0,0,0,25,0,86,0.40,0,3,0,17994,0
2026-06-27,Display Network,Family Pantry Retention Initiative,Metro Region Loyalty Cohort,15908997,Health Conscious Buyers Interest Segment,9013382232369046,Shelf Story Warm Voice,1641518074556035,Brand Awareness,0,0,0,0,0,0,0,0,0,0,0,0,0,0,0,0,0,0,0,0,0,0,0,0
2026-06-27,Marketplace Feed,Weekend Saver Retention Initiative,Metro Region Loyalty Cohort,15908997,Family Planners Lookalike Segment,7248228093339312,Offer Spotlight Bold Voice,1757288035719114,Brand Awareness,0,0,0,0,0,0,0,0,0,0,0,0,0,0,0,0,0,0,0,0,0,0,0,0
2026-06-27,Search Network,Family Pantry Retention Initiative,Metro Region Loyalty Cohort,15908997,Family Planners Lookalike Segment,1002710949555221,Shelf Story Warm Voice,3185083078735744,Brand Awareness,0,0,0,0,0,0,0,0,0,0,0,0,0,0,0,0,0,0,0,0,0,0,0,0
2026-06-27,Influencer Network,Family Pantry Retention Initiative,Metro Region Loyalty Cohort,15908997,Family Planners Lookalike Segment,1665761135741679,Shelf Story Warm Voice,6549680554582288,Brand Awareness,0,0,0,0,0,0,0,0,0,0,0,0,0,0,0,0,0,0,0,0,0,0,0,0
2026-06-27,Display Network,Family Pantry Retention Initiative,Metro Region Loyalty Cohort,15908997,Health Conscious Buyers Interest Segment,9013382232369046,Shelf Story Value Voice,1103993184708534,Brand Awareness,0,0,0,0,0,0,0,0,0,0,0,0,0,0,0,0,0,0,0,0,0,0,0,0
2026-06-27,Display Network,Weekend Saver Retention Initiative,Metro Region Loyalty Cohort,15908997,Family Planners Lookalike Segment,7248228093339312,Shelf Story Bold Voice,3411200546175283,Brand Awareness,0,0,0,0,0,0,0,0,0,0,0,0,0,0,0,0,0,0,0,0,0,0,0,0
2026-06-27,In-App Display,Seasonal Select Promo Initiative,Metro Region Loyalty Cohort,15908997,Health Conscious Buyers Interest Segment,1532426936569806,Shelf Story Warm Voice,7193200529405455,Brand Awareness,171.06,48997,0,48048,143,100,100,100,100,896,666,0,0,0,0,53,0,250,0.47,2,8,0,46224,0
2026-06-27,Connected TV,Seasonal Select Demand Initiative,Metro Region Conversion Cohort,15908997,Bulk Buyers Retention Segment,1061064502710542,Offer Spotlight Bold Voice,1741856265266256,Catalog Engagement,0,0,0,0,0,0,0,0,0,0,0,0,0,0,0,0,0,0,0,0,0,0,0,0
2026-06-27,Shopping Grid,Family Pantry Retention Initiative,Metro Region Loyalty Cohort,15908997,Family Planners Lookalike Segment,1665761135741679,Collection Showcase Warm Voice,5654112849815777,Brand Awareness,0,0,0,0,0,0,0,0,0,0,0,0,0,0,0,0,0,0,0,0,0,0,0,0
2026-06-27,Affiliate Network,Family Pantry Retention Initiative,Metro Region Loyalty Cohort,15908997,Health Conscious Buyers Interest Segment,9013382232369046,Shelf Story Warm Voice,1099249066640891,Brand Awareness,0,0,0,0,0,0,0,0,0,0,0,0,0,0,0,0,0,0,0,0,0,0,0,0
2026-06-27,Marketplace Feed,Family Pantry Retention Initiative,Metro Region Loyalty Cohort,15908997,Health Conscious Buyers Interest Segment,9013382232369046,Shelf Story Warm Voice,1177430610668804,Brand Awareness,0,0,0,0,0,0,0,0,0,0,0,0,0,0,0,0,0,0,0,0,0,0,0,0
2026-06-27,Display Network,Seasonal Select Promo Initiative,Metro Region Loyalty Cohort,15908997,Family Planners Lookalike Segment,1718074286658736,Promo Banner Warm Voice,1089449421739833,Brand Awareness,239.18,45179,0,50468,179,100,100,100,100,1800,1466,0,0,0,0,210,0,411,0.75,1,8,0,53147,0
2026-06-27,Video Network,Seasonal Select Promo Initiative,Metro Region Loyalty Cohort,15908997,Health Conscious Buyers Retention Segment,3613956286158588,Shelf Story Warm Voice,9626373394400677,Brand Awareness,103.59,19551,0,24365,57,100,100,100,100,461,382,0,0,0,0,17,0,67,0.28,0,2,0,21418,0
2026-06-27,Marketplace Feed,Family Pantry Retention Initiative,Metro Region Loyalty Cohort,15908997,Health Conscious Buyers Retention Segment,1669733702699813,Shelf Story Warm Voice,1173063753252113,Brand Awareness,0,0,0,0,0,0,0,0,0,0,0,0,0,0,0,0,0,0,0,0,0,0,0,0
2026-06-27,Display Network,Family Pantry Retention Initiative,Metro Region Loyalty Cohort,15908997,Health Conscious Buyers Interest Segment,1474840462607869,Shelf Story Warm Voice,9110304031000052,Brand Awareness,0,0,0,0,0,0,0,0,0,0,0,0,0,0,0,0,0,0,0,0,0,0,0,0
2026-06-27,Display Network,Family Pantry Retention Initiative,Metro Region Loyalty Cohort,15908997,Health Conscious Buyers Retention Segment,1669733702699813,Price Drop Cut Value Voice,6906673719698824,Brand Awareness,0,0,0,0,0,0,0,0,0,0,0,0,0,0,0,0,0,0,0,0,0,0,0,0
2026-06-27,Social Feed,Family Pantry Retention Initiative,Metro Region Loyalty Cohort,15908997,Health Conscious Buyers Interest Segment,9013382232369046,Collection Showcase Warm Voice,3199746654625132,Brand Awareness,0,0,0,0,0,0,0,0,0,0,0,0,0,0,0,0,0,0,0,0,0,0,0,0
2026-06-27,Retail Media Network,Family Pantry Retention Initiative,Metro Region Loyalty Cohort,15908997,Health Conscious Buyers Retention Segment,4976789753470273,Offer Spotlight Bold Voice,1582932391745882,Brand Awareness,0,0,0,0,0,0,0,0,0,0,0,0,0,0,0,0,0,0,0,0,0,0,0,0
2026-06-27,Influencer Network,Seasonal Select Promo Initiative,Metro Region Loyalty Cohort,15908997,Health Conscious Buyers Interest Segment,1532426936569806,Promo Banner Warm Voice,5732401046815275,Brand Awareness,217.02,47971,0,52235,185,100,100,100,100,1574,1383,0,0,0,0,136,0,292,0.57,0,5,0,50941,0
2026-06-27,Connected TV,Family Pantry Retention Initiative,Metro Region Loyalty Cohort,15908997,Health Conscious Buyers Interest Segment,1474840462607869,Shelf Story Warm Voice,8486205212439809,Brand Awareness,0,0,0,0,0,0,0,0,0,0,0,0,0,0,0,0,0,0,0,0,0,0,0,0
2026-06-27,Shopping Grid,Seasonal Select Promo Initiative,Metro Region Loyalty Cohort,15908997,Health Conscious Buyers Interest Segment,1532426936569806,Shelf Story Bold Voice,1082336609132049,Brand Awareness,172.48,44219,0,48694,75,100,100,100,100,660,696,0,0,0,0,75,0,195,0.39,1,10,0,41074,0
2026-06-27,Affiliate Network,Family Pantry Retention Initiative,Metro Region Loyalty Cohort,15908997,Health Conscious Buyers Retention Segment,1669733702699813,Shelf Story Warm Voice,4211876559793011,Brand Awareness,0,0,0,0,0,0,0,0,0,0,0,0,0,0,0,0,0,0,0,0,0,0,0,0
2026-06-27,Shopping Grid,Seasonal Select Promo Initiative,Metro Region Loyalty Cohort,15908997,Family Planners Lookalike Segment,1718074286658736,Offer Spotlight Value Voice,2074777970281390,Brand Awareness,101.10,21351,0,21516,54,100,100,100,100,561,443,0,0,0,0,51,0,101,0.49,0,4,0,20196,0
2026-06-27,Shopping Grid,Family Pantry Retention Initiative,Metro Region Loyalty Cohort,15908997,Family Planners Lookalike Segment,1002710949555221,Offer Spotlight Bold Voice,7401589860358191,Brand Awareness,0,0,0,0,0,0,0,0,0,0,0,0,0,0,0,0,0,0,0,0,0,0,0,0
2026-06-26,Display Network,Family Pantry Retention Initiative,Metro Region Loyalty Cohort,86057605,Family Planners Lookalike Segment,1389792323919646,Shelf Story Warm Voice,1559200281199121,Brand Awareness,0,0,0,0,0,0,0,0,0,0,0,0,0,0,0,0,0,0,0,0,0,0,0,0
2026-06-26,Search Network,Family Pantry Retention Initiative,Metro Region Loyalty Cohort,15908997,Family Planners Lookalike Segment,1665761135741679,Shelf Story Warm Voice,2616618213121749,Brand Awareness,0,0,0,0,0,0,0,0,0,0,0,0,0,0,0,0,0,0,0,0,0,0,0,0
2026-06-26,Affiliate Network,Family Pantry Retention Initiative,Metro Region Conversion Cohort,15908997,Weekend Deal Hunters Interest Segment,6202516839870495,Shelf Story Value Voice,1077582730962642,Catalog Engagement,0,0,0,0,0,0,0,0,0,0,0,0,0,0,0,0,0,0,0,0,0,0,0,0
2026-06-26,Social Feed,Family Pantry Retention Initiative,Metro Region Loyalty Cohort,15908997,Health Conscious Buyers Interest Segment,9013382232369046,Shelf Story Warm Voice,1099249066640891,Brand Awareness,0,0,0,0,0,0,0,0,0,0,0,0,0,0,0,0,0,0,0,0,0,0,0,0
2026-06-26,In-App Display,Family Pantry Retention Initiative,Metro Region Loyalty Cohort,15908997,Health Conscious Buyers Interest Segment,9013382232369046,Shelf Story Warm Voice,1177430610668804,Brand Awareness,0,0,0,0,0,0,0,0,0,0,0,0,0,0,0,0,0,0,0,0,0,0,0,0
2026-06-26,Retail Media Network,Family Pantry Retention Initiative,Metro Region Loyalty Cohort,15908997,Family Planners Lookalike Segment,1665761135741679,Collection Showcase Warm Voice,5654112849815777,Brand Awareness,0,0,0,0,0,0,0,0,0,0,0,0,0,0,0,0,0,0,0,0,0,0,0,0
2026-06-26,Marketplace Feed,Family Pantry Retention Initiative,Metro Region Loyalty Cohort,15908997,Health Conscious Buyers Interest Segment,1474840462607869,Shelf Story Warm Voice,9110304031000052,Brand Awareness,0,0,0,0,0,0,0,0,0,0,0,0,0,0,0,0,0,0,0,0,0,0,0,0
2026-06-26,Video Network,Family Pantry Retention Initiative,Metro Region Loyalty Cohort,15908997,Health Conscious Buyers Retention Segment,1669733702699813,Shelf Story Warm Voice,4211876559793011,Brand Awareness,0,0,0,0,0,0,0,0,0,0,0,0,0,0,0,0,0,0,0,0,0,0,0,0
2026-06-26,Marketplace Feed,Seasonal Select Promo Initiative,Metro Region Loyalty Cohort,15908997,Health Conscious Buyers Retention Segment,3613956286158588,Shelf Story Warm Voice,2259713911990191,Brand Awareness,118.90,26418,0,31191,80,100,100,100,100,716,541,0,0,1,0,21,0,126,0.52,0,9,0,27926,0
2026-06-26,Connected TV,Weekend Saver Retention Initiative,Metro Region Loyalty Cohort,15908997,Family Planners Lookalike Segment,7248228093339312,Shelf Story Warm Voice,6451368560487732,Brand Awareness,0,0,0,0,0,0,0,0,0,0,0,0,0,0,0,0,0,0,0,0,0,0,0,0
2026-06-26,Connected TV,Family Pantry Retention Initiative,Metro Region Loyalty Cohort,15908997,Health Conscious Buyers Retention Segment,1669733702699813,Shelf Story Warm Voice,1837904232519606,Brand Awareness,0,0,0,0,0,0,0,0,0,0,0,0,0,0,0,0,0,0,0,0,0,0,0,0
2026-06-26,Video Network,Family Pantry Retention Initiative,Metro Region Loyalty Cohort,15908997,Health Conscious Buyers Interest Segment,9013382232369046,Shelf Story Warm Voice,1641518074556035,Brand Awareness,0,0,0,0,0,0,0,0,0,0,0,0,0,0,0,0,0,0,0,0,0,0,0,0
2026-06-26,Connected TV,Seasonal Select Promo Initiative,Metro Region Loyalty Cohort,15908997,Health Conscious Buyers Interest Segment,1532426936569806,Offer Spotlight Value Voice,2894551765052346,Brand Awareness,101.05,19582,0,20396,46,100,100,100,100,428,409,0,0,0,0,18,0,66,0.34,0,4,0,19555,0
2026-06-26,Display Network,Family Pantry Retention Initiative,Metro Region Loyalty Cohort,15908997,Health Conscious Buyers Interest Segment,9013382232369046,Shelf Story Warm Voice,5257839822274418,Brand Awareness,0,0,0,0,0,0,0,0,0,0,0,0,0,0,0,0,0,0,0,0,0,0,0,0
2026-06-26,Shopping Grid,Weekend Saver Retention Initiative,Metro Region Loyalty Cohort,15908997,Health Conscious Buyers Interest Segment,1334393532567969,Shelf Story Warm Voice,2520693897922300,Brand Awareness,0,0,0,0,0,0,0,0,0,0,0,0,0,0,0,0,0,0,0,0,0,0,0,0
2026-06-26,Marketplace Feed,Family Pantry Retention Initiative,Metro Region Loyalty Cohort,15908997,Health Conscious Buyers Retention Segment,1669733702699813,Shelf Story Bold Voice,4391005331160720,Brand Awareness,0,0,0,0,0,0,0,0,0,0,0,0,0,0,0,0,0,0,0,0,0,0,0,0
2026-06-26,Retail Media Network,Family Pantry Retention Initiative,Metro Region Loyalty Cohort,15908997,Health Conscious Buyers Retention Segment,4976789753470273,Offer Spotlight Bold Voice,1582932391745882,Brand Awareness,0,0,0,0,0,0,0,0,0,0,0,0,0,0,0,0,0,0,0,0,0,0,0,0
2026-06-26,Video Network,Weekend Saver Retention Initiative,Metro Region Loyalty Cohort,15908997,Family Planners Lookalike Segment,7248228093339312,Shelf Story Warm Voice,1150526236199258,Brand Awareness,0,0,0,0,0,0,0,0,0,0,0,0,0,0,0,0,0,0,0,0,0,0,0,0
2026-06-26,Influencer Network,Family Pantry Retention Initiative,Metro Region Loyalty Cohort,15908997,Family Planners Lookalike Segment,1665761135741679,Shelf Story Value Voice,5225143865411760,Brand Awareness,0,0,0,0,0,0,0,0,0,0,0,0,0,0,0,0,0,0,0,0,0,0,0,0
2026-06-26,Influencer Network,Family Pantry Retention Initiative,Metro Region Loyalty Cohort,15908997,Family Planners Lookalike Segment,1002710949555221,Offer Spotlight Bold Voice,7401589860358191,Brand Awareness,0,0,0,0,0,0,0,0,0,0,0,0,0,0,0,0,0,0,0,0,0,0,0,0
2026-06-26,Shopping Grid,Weekend Saver Retention Initiative,Metro Region Loyalty Cohort,15908997,Family Planners Lookalike Segment,7248228093339312,Price Drop Cut Value Voice,9781212069592701,Brand Awareness,0,0,0,0,0,0,0,0,0,0,0,0,0,0,0,0,0,0,0,0,0,0,0,0
2026-06-26,Discovery Network,Weekend Saver Retention Initiative,Metro Region Loyalty Cohort,15908997,Health Conscious Buyers Retention Segment,4136110625615180,Price Drop Cut Value Voice,1316048837324374,Brand Awareness,0,0,0,0,0,0,0,0,0,0,0,0,0,0,0,0,0,0,0,0,0,0,0,0
2026-06-26,Retail Media Network,Family Pantry Retention Initiative,Metro Region Loyalty Cohort,15908997,Family Planners Lookalike Segment,1665761135741679,Shelf Story Warm Voice,1450951256520921,Brand Awareness,0,0,0,0,0,0,0,0,0,0,0,0,0,0,0,0,0,0,0,0,0,0,0,0
2026-06-26,Connected TV,Weekend Saver Retention Initiative,Metro Region Loyalty Cohort,15908997,Health Conscious Buyers Interest Segment,1334393532567969,Shelf Story Warm Voice,8045514033882153,Brand Awareness,0,0,0,0,0,0,0,0,0,0,0,0,0,0,0,0,0,0,0,0,0,0,0,0
2026-06-26,In-App Display,Family Pantry Retention Initiative,Metro Region Loyalty Cohort,15908997,Health Conscious Buyers Retention Segment,1669733702699813,Promo Banner Friendly Voice,4647140982681565,Brand Awareness,0,0,0,0,0,0,0,0,0,0,0,0,0,0,0,0,0,0,0,0,0,0,0,0
2026-06-26,Marketplace Feed,Weekend Saver Retention Initiative,Metro Region Loyalty Cohort,15908997,Health Conscious Buyers Retention Segment,4136110625615180,Shelf Story Bold Voice,1238862856159509,Brand Awareness,0,0,0,0,0,0,0,0,0,0,0,0,0,0,0,0,0,0,0,0,0,0,0,0
2026-06-26,Discovery Network,Family Pantry Retention Initiative,Metro Region Loyalty Cohort,15908997,Health Conscious Buyers Retention Segment,1669733702699813,Collection Showcase Warm Voice,1788908453907262,Brand Awareness,0,0,0,0,0,0,0,0,0,0,0,0,0,0,0,0,0,0,0,0,0,0,0,0
2026-06-26,Video Network,Family Pantry Retention Initiative,Metro Region Loyalty Cohort,15908997,Family Planners Lookalike Segment,1002710949555221,Shelf Story Warm Voice,3185083078735744,Brand Awareness,0,0,0,0,0,0,0,0,0,0,0,0,0,0,0,0,0,0,0,0,0,0,0,0
2026-06-26,Video Network,Family Pantry Retention Initiative,Metro Region Loyalty Cohort,15908997,Health Conscious Buyers Retention Segment,4976789753470273,Shelf Story Warm Voice,1212856722898025,Brand Awareness,0,0,0,0,0,0,0,0,0,0,0,0,0,0,0,0,0,0,0,0,0,0,0,0
2026-06-26,Search Network,Family Pantry Retention Initiative,Metro Region Loyalty Cohort,15908997,Health Conscious Buyers Retention Segment,1669733702699813,Shelf Story Warm Voice,2604915282803870,Brand Awareness,0,0,0,0,0,0,0,0,0,0,0,0,0,0,0,0,0,0,0,0,0,0,0,0
2026-06-26,Shopping Grid,Seasonal Select Promo Initiative,Metro Region Loyalty Cohort,15908997,Health Conscious Buyers Retention Segment,3613956286158588,Shelf Story Bold Voice,1755467445485119,Brand Awareness,89.36,22105,0,25031,38,100,100,100,100,273,239,0,0,0,0,17,0,88,0.33,4,2,0,21315,0
2026-06-26,Search Network,Weekend Saver Retention Initiative,Metro Region Loyalty Cohort,15908997,Family Planners Lookalike Segment,7248228093339312,Offer Spotlight Bold Voice,1757288035719114,Brand Awareness,0,0,0,0,0,0,0,0,0,0,0,0,0,0,0,0,0,0,0,0,0,0,0,0
2026-06-26,Shopping Grid,Family Pantry Retention Initiative,Metro Region Loyalty Cohort,15908997,Family Planners Lookalike Segment,1665761135741679,Shelf Story Warm Voice,2793262031628184,Brand Awareness,0,0,0,0,0,0,0,0,0,0,0,0,0,0,0,0,0,0,0,0,0,0,0,0
2026-06-26,Marketplace Feed,Family Pantry Retention Initiative,Metro Region Loyalty Cohort,15908997,Health Conscious Buyers Interest Segment,9013382232369046,Promo Banner Friendly Voice,1538508227020088,Brand Awareness,0,0,0,0,0,0,0,0,0,0,0,0,0,0,0,0,0,0,0,0,0,0,0,0
2026-06-26,Display Network,Family Pantry Retention Initiative,Metro Region Conversion Cohort,15908997,Bulk Buyers Retention Segment,1412316301536073,Offer Spotlight Friendly Voice,9097155454198752,Catalog Engagement,0,0,0,0,0,0,0,0,0,0,0,0,0,0,0,0,0,0,0,0,0,0,0,0
2026-06-26,In-App Display,Weekend Saver Retention Initiative,Metro Region Loyalty Cohort,15908997,Family Planners Lookalike Segment,7248228093339312,Shelf Story Bold Voice,3411200546175283,Brand Awareness,0,0,0,0,0,0,0,0,0,0,0,0,0,0,0,0,0,0,0,0,0,0,0,0
2026-06-26,Shopping Grid,Family Pantry Retention Initiative,Metro Region Loyalty Cohort,15908997,Family Planners Lookalike Segment,1665761135741679,Promo Banner Friendly Voice,1647756988327695,Brand Awareness,0,0,0,0,0,0,0,0,0,0,0,0,0,0,0,0,0,0,0,0,0,0,0,0
2026-06-26,Retail Media Network,Seasonal Select Promo Initiative,Metro Region Loyalty Cohort,15908997,Family Planners Lookalike Segment,1718074286658736,Promo Banner Warm Voice,1089449421739833,Brand Awareness,216.12,48139,0,52360,162,100,100,100,100,1501,1336,0,0,0,0,251,0,372,0.71,1,4,0,53906,0
2026-06-26,Discovery Network,Weekend Saver Retention Initiative,Metro Region Loyalty Cohort,15908997,Health Conscious Buyers Retention Segment,4136110625615180,Shelf Story Warm Voice,5443423299390877,Brand Awareness,0,0,0,0,0,0,0,0,0,0,0,0,0,0,0,0,0,0,0,0,0,0,0,0
2026-06-26,In-App Display,Seasonal Select Promo Initiative,Metro Region Loyalty Cohort,15908997,Health Conscious Buyers Retention Segment,3613956286158588,Offer Spotlight Value Voice,9011752711561329,Brand Awareness,66.92,15565,0,16243,45,100,100,100,100,250,205,0,0,0,0,10,0,54,0.28,0,0,0,15878,0
2026-06-26,Shopping Grid,Family Pantry Retention Initiative,Metro Region Loyalty Cohort,15908997,Health Conscious Buyers Interest Segment,9013382232369046,Shelf Story Warm Voice,3768518651506601,Brand Awareness,0,0,0,0,0,0,0,0,0,0,0,0,0,0,0,0,0,0,0,0,0,0,0,0
2026-06-26,Retail Media Network,Weekend Saver Retention Initiative,Metro Region Loyalty Cohort,15908997,Family Planners Lookalike Segment,7248228093339312,Shelf Story Bold Voice,1269408759613688,Brand Awareness,0,0,0,0,0,0,0,0,0,0,0,0,0,0,0,0,0,0,0,0,0,0,0,0
2026-06-26,Search Network,Family Pantry Retention Initiative,Metro Region Loyalty Cohort,15908997,Health Conscious Buyers Interest Segment,9013382232369046,Shelf Story Bold Voice,5904212741788775,Brand Awareness,0,0,0,0,0,0,0,0,0,0,0,0,0,0,0,0,0,0,0,0,0,0,0,0
2026-06-26,Marketplace Feed,Family Pantry Retention Initiative,Metro Region Loyalty Cohort,15908997,Health Conscious Buyers Interest Segment,9013382232369046,Price Drop Cut Value Voice,4186893344787278,Brand Awareness,0,0,0,0,0,0,0,0,0,0,0,0,0,0,0,0,0,0,0,0,0,0,0,0
2026-06-26,Search Network,Family Pantry Retention Initiative,Metro Region Loyalty Cohort,15908997,Health Conscious Buyers Interest Segment,1474840462607869,Shelf Story Warm Voice,5682500646683685,Brand Awareness,0,0,0,0,0,0,0,0,0,0,0,0,0,0,0,0,0,0,0,0,0,0,0,0
2026-06-26,Affiliate Network,Seasonal Select Promo Initiative,Metro Region Loyalty Cohort,15908997,Family Planners Lookalike Segment,1718074286658736,Shelf Story Bold Voice,4278310985669178,Brand Awareness,185.77,52193,0,54661,108,100,100,100,100,832,682,0,0,0,0,168,0,280,0.45,0,3,0,56168,0
2026-06-26,Discovery Network,Family Pantry Retention Initiative,Metro Region Loyalty Cohort,15908997,Family Planners Lookalike Segment,1665761135741679,Shelf Story Warm Voice,2902136042807068,Brand Awareness,0,0,0,0,0,0,0,0,0,0,0,0,0,0,0,0,0,0,0,0,0,0,0,0
2026-06-26,Search Network,Seasonal Select Promo Initiative,Metro Region Loyalty Cohort,15908997,Health Conscious Buyers Retention Segment,3613956286158588,Promo Banner Warm Voice,3456261421148856,Brand Awareness,130.1,29818,0,31257,106,100,100,100,100,1087,922,0,0,1,0,54,0,169,0.48,1,3,0,28865,0
2026-06-26,Influencer Network,Family Pantry Retention Initiative,Metro Region Loyalty Cohort,15908997,Health Conscious Buyers Interest Segment,1474840462607869,Shelf Story Warm Voice,4340134105081797,Brand Awareness,0,0,0,0,0,0,0,0,0,0,0,0,0,0,0,0,0,0,0,0,0,0,0,0
2026-06-26,Display Network,Weekend Saver Retention Initiative,Metro Region Loyalty Cohort,15908997,Health Conscious Buyers Retention Segment,4136110625615180,Shelf Story Warm Voice,1781261912151237,Brand Awareness,0,0,0,0,0,0,0,0,0,0,0,0,0,0,0,0,0,0,0,0,0,0,0,0
2026-06-26,In-App Display,Family Pantry Retention Initiative,Metro Region Loyalty Cohort,15908997,Health Conscious Buyers Interest Segment,9013382232369046,Promo Banner Friendly Voice,1255871739760170,Brand Awareness,0,0,0,0,0,0,0,0,0,0,0,0,0,0,0,0,0,0,0,0,0,0,0,0
2026-06-26,Influencer Network,Weekend Saver Retention Initiative,Metro Region Loyalty Cohort,15908997,Health Conscious Buyers Interest Segment,1334393532567969,Shelf Story Bold Voice,7232280368739505,Brand Awareness,0,0,0,0,0,0,0,0,0,0,0,0,0,0,0,0,0,0,0,0,0,0,0,0
2026-06-26,In-App Display,Seasonal Select Promo Initiative,Metro Region Loyalty Cohort,15908997,Health Conscious Buyers Interest Segment,1532426936569806,Offer Spotlight Bold Voice,4433422745438620,Brand Awareness,86.18,21840,0,25529,61,100,100,100,100,269,212,0,0,0,0,20,0,102,0.36,0,0,0,20996,0
2026-06-26,In-App Display,Family Pantry Retention Initiative,Metro Region Loyalty Cohort,15908997,Health Conscious Buyers Retention Segment,4976789753470273,Shelf Story Warm Voice,5506678816268127,Brand Awareness,0,0,0,0,0,0,0,0,0,0,0,0,0,0,0,0,0,0,0,0,0,0,0,0
2026-06-26,Affiliate Network,Family Pantry Retention Initiative,Metro Region Loyalty Cohort,15908997,Health Conscious Buyers Retention Segment,1669733702699813,Price Drop Cut Value Voice,6906673719698824,Brand Awareness,0,0,0,0,0,0,0,0,0,0,0,0,0,0,0,0,0,0,0,0,0,0,0,0
2026-06-26,Display Network,Weekend Saver Retention Initiative,Metro Region Loyalty Cohort,15908997,Health Conscious Buyers Interest Segment,1334393532567969,Price Drop Cut Value Voice,2051943278335934,Brand Awareness,0,0,0,0,0,0,0,0,0,0,0,0,0,0,0,0,0,0,0,0,0,0,0,0
2026-06-26,Retail Media Network,Seasonal Select Promo Initiative,Metro Region Loyalty Cohort,15908997,Health Conscious Buyers Interest Segment,1532426936569806,Promo Banner Warm Voice,5732401046815275,Brand Awareness,209.36,45514,0,39391,150,100,100,100,100,1305,1199,0,0,0,0,100,0,222,0.58,0,4,0,38688,0
2026-06-26,Display Network,Family Pantry Retention Initiative,Metro Region Loyalty Cohort,15908997,Health Conscious Buyers Retention Segment,1669733702699813,Shelf Story Value Voice,1365467474223726,Brand Awareness,0,0,0,0,0,0,0,0,0,0,0,0,0,0,0,0,0,0,0,0,0,0,0,0
2026-06-26,Social Feed,Family Pantry Retention Initiative,Metro Region Loyalty Cohort,15908997,Health Conscious Buyers Interest Segment,9013382232369046,Collection Showcase Warm Voice,3199746654625132,Brand Awareness,0,0,0,0,0,0,0,0,0,0,0,0,0,0,0,0,0,0,0,0,0,0,0,0
2026-06-26,Display Network,Family Pantry Retention Initiative,Metro Region Loyalty Cohort,15908997,Health Conscious Buyers Retention Segment,4976789753470273,Shelf Story Warm Voice,4041974945367907,Brand Awareness,0,0,0,0,0,0,0,0,0,0,0,0,0,0,0,0,0,0,0,0,0,0,0,0
2026-06-26,Display Network,Family Pantry Retention Initiative,Metro Region Loyalty Cohort,15908997,Health Conscious Buyers Retention Segment,1669733702699813,Shelf Story Warm Voice,1173063753252113,Brand Awareness,0,0,0,0,0,0,0,0,0,0,0,0,0,0,0,0,0,0,0,0,0,0,0,0
2026-06-26,Discovery Network,Family Pantry Retention Initiative,Metro Region Loyalty Cohort,15908997,Family Planners Lookalike Segment,1002710949555221,Shelf Story Warm Voice,5797898098365146,Brand Awareness,0,0,0,0,0,0,0,0,0,0,0,0,0,0,0,0,0,0,0,0,0,0,0,0
2026-06-26,Video Network,Seasonal Select Promo Initiative,Metro Region Loyalty Cohort,15908997,Family Planners Lookalike Segment,1718074286658736,Offer Spotlight Bold Voice,1638167476571035,Brand Awareness,93.01,25908,0,27269,53,100,100,100,100,394,297,0,0,0,0,57,0,111,0.36,0,1,0,30313,0
2026-06-26,Video Network,Family Pantry Retention Initiative,Metro Region Loyalty Cohort,15908997,Health Conscious Buyers Interest Segment,1474840462607869,Shelf Story Warm Voice,8486205212439809,Brand Awareness,0,0,0,0,0,0,0,0,0,0,0,0,0,0,0,0,0,0,0,0,0,0,0,0
2026-06-26,Influencer Network,Family Pantry Retention Initiative,Metro Region Loyalty Cohort,15908997,Family Planners Lookalike Segment,1665761135741679,Price Drop Cut Value Voice,1192366617925175,Brand Awareness,0,0,0,0,0,0,0,0,0,0,0,0,0,0,0,0,0,0,0,0,0,0,0,0
2026-06-26,Search Network,Family Pantry Retention Initiative,Metro Region Loyalty Cohort,15908997,Family Planners Lookalike Segment,1002710949555221,Shelf Story Warm Voice,1655044419034925,Brand Awareness,0,0,0,0,0,0,0,0,0,0,0,0,0,0,0,0,0,0,0,0,0,0,0,0
2026-06-26,Influencer Network,Weekend Saver Retention Initiative,Metro Region Loyalty Cohort,15908997,Family Planners Lookalike Segment,7248228093339312,Price Drop Cut Value Voice,9318406623487279,Brand Awareness,0,0,0,0,0,0,0,0,0,0,0,0,0,0,0,0,0,0,0,0,0,0,0,0
2026-06-26,In-App Display,Weekend Saver Retention Initiative,Metro Region Loyalty Cohort,15908997,Health Conscious Buyers Retention Segment,4136110625615180,Price Drop Cut Value Voice,1682844113945221,Brand Awareness,0,0,0,0,0,0,0,0,0,0,0,0,0,0,0,0,0,0,0,0,0,0,0,0
2026-06-26,Influencer Network,Family Pantry Retention Initiative,Metro Region Conversion Cohort,15908997,Bulk Buyers Retention Segment,1777717557426296,Shelf Story Value Voice,8084225603313437,Catalog Engagement,0,0,0,0,0,0,0,0,0,0,0,0,0,0,0,0,0,0,0,0,0,0,0,0
2026-06-26,Video Network,Weekend Saver Retention Initiative,Metro Region Loyalty Cohort,15908997,Health Conscious Buyers Retention Segment,4136110625615180,Shelf Story Bold Voice,5160906508093401,Brand Awareness,0,0,0,0,0,0,0,0,0,0,0,0,0,0,0,0,0,0,0,0,0,0,0,0
2026-06-26,Display Network,Family Pantry Retention Initiative,Metro Region Conversion Cohort,38881639,Family Planners Lookalike Segment,1010331617086390,Shelf Story Warm Voice,1022962676348579,Brand Awareness,0,0,0,0,0,0,0,0,0,0,0,0,0,0,0,0,0,0,0,0,0,0,0,0
2026-06-26,Display Network,Seasonal Select Promo Initiative,Metro Region Loyalty Cohort,15908997,Health Conscious Buyers Interest Segment,1532426936569806,Shelf Story Warm Voice,9953353036347574,Brand Awareness,208.8,55939,0,58042,134,100,100,100,100,1153,952,0,0,0,0,80,0,218,0.37,0,7,0,52198,0
2026-06-26,In-App Display,Family Pantry Retention Initiative,Metro Region Loyalty Cohort,15908997,Health Conscious Buyers Retention Segment,1669733702699813,Shelf Story Warm Voice,5602072675253918,Brand Awareness,0,0,0,0,0,0,0,0,0,0,0,0,0,0,0,0,0,0,0,0,0,0,0,0
2026-06-26,Shopping Grid,Family Pantry Retention Initiative,Metro Region Loyalty Cohort,15908997,Family Planners Lookalike Segment,1665761135741679,Shelf Story Warm Voice,1280290142112652,Brand Awareness,0,0,0,0,0,0,0,0,0,0,0,0,0,0,0,0,0,0,0,0,0,0,0,0
2026-06-26,Affiliate Network,Family Pantry Retention Initiative,Metro Region Loyalty Cohort,86057605,Health Conscious Buyers Interest Segment,1317849022166581,Shelf Story Warm Voice,4835139745633214,Brand Awareness,0,0,0,0,0,0,0,0,0,0,0,0,0,0,0,0,0,0,0,0,0,0,0,0
2026-06-26,Affiliate Network,Seasonal Select Promo Initiative,Metro Region Loyalty Cohort,15908997,Health Conscious Buyers Retention Segment,3613956286158588,Offer Spotlight Bold Voice,4607696881668990,Brand Awareness,25.78,9448,0,7874,16,31,100,65,37,78,66,0,0,0,0,6,0,22,0.29,0,0,0,8225,0
2026-06-26,Marketplace Feed,Family Pantry Retention Initiative,Metro Region Loyalty Cohort,15908997,Health Conscious Buyers Interest Segment,9013382232369046,Shelf Story Warm Voice,8148838999548557,Brand Awareness,0,0,0,0,0,0,0,0,0,0,0,0,0,0,0,0,0,0,0,0,0,0,0,0
2026-06-26,Social Feed,Family Pantry Retention Initiative,Metro Region Loyalty Cohort,15908997,Health Conscious Buyers Interest Segment,1474840462607869,Offer Spotlight Bold Voice,3530423296641236,Brand Awareness,0,0,0,0,0,0,0,0,0,0,0,0,0,0,0,0,0,0,0,0,0,0,0,0
2026-06-26,Social Feed,Seasonal Select Promo Initiative,Metro Region Loyalty Cohort,15908997,Family Planners Lookalike Segment,1718074286658736,Offer Spotlight Value Voice,2074777970281390,Brand Awareness,151.27,31526,0,30905,82,100,100,100,100,621,557,0,0,0,0,65,0,130,0.4,0,3,0,28110,0
2026-06-26,Search Network,Weekend Saver Retention Initiative,Metro Region Loyalty Cohort,15908997,Health Conscious Buyers Retention Segment,4136110625615180,Offer Spotlight Bold Voice,3833443174798849,Brand Awareness,0,0,0,0,0,0,0,0,0,0,0,0,0,0,0,0,0,0,0,0,0,0,0,0
2026-06-26,Video Network,Family Pantry Retention Initiative,Metro Region Loyalty Cohort,15908997,Health Conscious Buyers Retention Segment,4976789753470273,Shelf Story Warm Voice,1220076337258804,Brand Awareness,0,0,0,0,0,0,0,0,0,0,0,0,0,0,0,0,0,0,0,0,0,0,0,0
2026-06-26,Display Network,Family Pantry Retention Initiative,Metro Region Loyalty Cohort,15908997,Health Conscious Buyers Retention Segment,1669733702699813,Promo Banner Friendly Voice,1414897562821209,Brand Awareness,0,0,0,0,0,0,0,0,0,0,0,0,0,0,0,0,0,0,0,0,0,0,0,0
2026-06-26,Discovery Network,Family Pantry Retention Initiative,Metro Region Loyalty Cohort,15908997,Family Planners Lookalike Segment,1002710949555221,Shelf Story Warm Voice,1647332301297595,Brand Awareness,0,0,0,0,0,0,0,0,0,0,0,0,0,0,0,0,0,0,0,0,0,0,0,0
2026-06-26,Retail Media Network,Family Pantry Retention Initiative,Metro Region Loyalty Cohort,15908997,Health Conscious Buyers Retention Segment,1669733702699813,Shelf Story Warm Voice,6197978194612129,Brand Awareness,0,0,0,0,0,0,0,0,0,0,0,0,0,0,0,0,0,0,0,0,0,0,0,0
2026-06-26,In-App Display,Seasonal Select Promo Initiative,Metro Region Loyalty Cohort,15908997,Health Conscious Buyers Interest Segment,1532426936569806,Shelf Story Bold Voice,1082336609132049,Brand Awareness,171.60,43186,0,44620,88,100,100,100,100,761,540,0,0,0,0,37,0,177,0.31,0,2,0,42466,0
2026-06-26,Shopping Grid,Weekend Saver Retention Initiative,Metro Region Loyalty Cohort,15908997,Health Conscious Buyers Interest Segment,1334393532567969,Shelf Story Bold Voice,8314765461987923,Brand Awareness,0,0,0,0,0,0,0,0,0,0,0,0,0,0,0,0,0,0,0,0,0,0,0,0
2026-06-26,Shopping Grid,Family Pantry Retention Initiative,Metro Region Loyalty Cohort,15908997,Family Planners Lookalike Segment,1665761135741679,Promo Banner Friendly Voice,6598720554447191,Brand Awareness,0,0,0,0,0,0,0,0,0,0,0,0,0,0,0,0,0,0,0,0,0,0,0,0
2026-06-26,Shopping Grid,Seasonal Select Promo Initiative,Metro Region Loyalty Cohort,15908997,Family Planners Lookalike Segment,1718074286658736,Shelf Story Warm Voice,1533493773187614,Brand Awareness,211.41,63073,0,62419,145,100,100,100,100,1057,949,0,0,0,0,138,0,318,0.48,2,5,0,56274,0
2026-06-26,Display Network,Seasonal Select Promo Initiative,Metro Region Loyalty Cohort,15908997,Health Conscious Buyers Interest Segment,1532426936569806,Shelf Story Warm Voice,7193200529405455,Brand Awareness,177.23,39526,0,46497,119,100,100,100,100,864,778,0,0,0,0,55,0,181,0.38,0,2,0,45877,0
2026-06-26,Connected TV,Weekend Saver Retention Initiative,Metro Region Loyalty Cohort,15908997,Health Conscious Buyers Interest Segment,1334393532567969,Offer Spotlight Bold Voice,3220054077294586,Brand Awareness,0,0,0,0,0,0,0,0,0,0,0,0,0,0,0,0,0,0,0,0,0,0,0,0
2026-06-26,Affiliate Network,Family Pantry Retention Initiative,Metro Region Loyalty Cohort,15908997,Health Conscious Buyers Interest Segment,9013382232369046,Shelf Story Value Voice,1103993184708534,Brand Awareness,0,0,0,0,0,0,0,0,0,0,0,0,0,0,0,0,0,0,0,0,0,0,0,0
2026-06-26,Shopping Grid,Family Pantry Retention Initiative,Metro Region Loyalty Cohort,15908997,Family Planners Lookalike Segment,1665761135741679,Shelf Story Warm Voice,6549680554582288,Brand Awareness,0,0,0,0,0,0,0,0,0,0,0,0,0,0,0,0,0,0,0,0,0,0,0,0
2026-06-26,Shopping Grid,Family Pantry Retention Initiative,Metro Region Conversion Cohort,15908997,Bulk Buyers Retention Segment,1096889057602193,Offer Spotlight Friendly Voice,5703717592430862,Catalog Engagement,0,0,0,0,0,0,0,0,0,0,0,0,0,0,0,0,0,0,0,0,0,0,0,0
2026-06-26,In-App Display,Weekend Saver Retention Initiative,Metro Region Loyalty Cohort,15908997,Health Conscious Buyers Interest Segment,1334393532567969,Price Drop Cut Value Voice,1109002298095593,Brand Awareness,0,0,0,0,0,0,0,0,0,0,0,0,0,0,0,0,0,0,0,0,0,0,0,0
2026-06-26,In-App Display,Seasonal Select Promo Initiative,Metro Region Loyalty Cohort,15908997,Family Planners Lookalike Segment,1718074286658736,Shelf Story Warm Voice,1532291780998103,Brand Awareness,161.52,38250,0,43222,111,100,100,100,100,1016,804,0,0,0,0,119,0,224,0.62,0,3,0,33676,0
2026-06-26,Search Network,Seasonal Select Promo Initiative,Metro Region Loyalty Cohort,15908997,Health Conscious Buyers Retention Segment,3613956286158588,Shelf Story Warm Voice,9626373394400677,Brand Awareness,86.19,20905,0,22360,64,100,100,100,100,512,442,0,0,0,0,23,0,94,0.44,0,2,0,19375,0
2026-06-26,Video Network,Family Pantry Retention Initiative,Metro Region Loyalty Cohort,15908997,Family Planners Lookalike Segment,1665761135741679,Shelf Story Bold Voice,1220357368781053,Brand Awareness,0,0,0,0,0,0,0,0,0,0,0,0,0,0,0,0,0,0,0,0,0,0,0,0
2026-06-25,Affiliate Network,Weekend Saver Retention Initiative,Metro Region Loyalty Cohort,15908997,Family Planners Lookalike Segment,7248228093339312,Shelf Story Bold Voice,1269408759613688,Brand Awareness,165.63,37735,0,40324,84,92,100,100,100,362,295,0,0,0,0,31,0,137,0.28,0,2,0,39585,0
2026-06-25,Display Network,Family Pantry Retention Initiative,Metro Region Loyalty Cohort,15908997,Health Conscious Buyers Interest Segment,9013382232369046,Shelf Story Bold Voice,5904212741788775,Brand Awareness,34.44,5346,0,5817,4,8,49,23,11,50,45,0,0,0,0,5,0,19,0.3,1,0,0,4444,0
2026-06-25,Discovery Network,Family Pantry Retention Initiative,Metro Region Loyalty Cohort,15908997,Family Planners Lookalike Segment,1665761135741679,Promo Banner Friendly Voice,1647756988327695,Brand Awareness,313.56,37906,0,36214,119,100,100,100,100,1982,1481,0,0,0,0,724,0,712,1.55,1,8,0,39210,0
2026-06-25,Influencer Network,Family Pantry Retention Initiative,Metro Region Loyalty Cohort,15908997,Family Planners Lookalike Segment,1665761135741679,Shelf Story Warm Voice,2793262031628184,Brand Awareness,347.66,41991,0,40542,141,100,100,100,100,3144,2234,0,0,2,0,566,0,540,1.22,8,15,0,40774,0
2026-06-25,Video Network,Weekend Saver Retention Initiative,Metro Region Loyalty Cohort,15908997,Health Conscious Buyers Retention Segment,4136110625615180,Shelf Story Warm Voice,1781261912151237,Brand Awareness,29.73,6133,0,6356,16,38,100,82,41,137,121,0,0,0,0,8,0,32,0.4,0,0,0,5997,0
2026-06-25,Video Network,Family Pantry Retention Initiative,Metro Region Loyalty Cohort,15908997,Health Conscious Buyers Interest Segment,9013382232369046,Promo Banner Friendly Voice,1255871739760170,Brand Awareness,20.85,3401,0,3068,6,5,26,11,6,27,21,0,0,0,0,6,0,14,0.34,0,0,0,3069,0
2026-06-25,Marketplace Feed,Family Pantry Retention Initiative,Metro Region Loyalty Cohort,15908997,Health Conscious Buyers Interest Segment,9013382232369046,Shelf Story Warm Voice,3768518651506601,Brand Awareness,19.97,3770,0,3805,7,13,68,29,17,61,46,0,0,0,0,6,0,16,0.43,0,0,0,3419,0
2026-06-25,Shopping Grid,Weekend Saver Retention Initiative,Metro Region Loyalty Cohort,15908997,Health Conscious Buyers Interest Segment,1334393532567969,Shelf Story Bold Voice,8314765461987923,Brand Awareness,72.04,14940,0,14037,44,74,100,100,98,252,214,0,0,0,0,57,0,89,0.54,0,1,0,15352,0
2026-06-25,Affiliate Network,Family Pantry Retention Initiative,Metro Region Loyalty Cohort,15908997,Health Conscious Buyers Interest Segment,1474840462607869,Shelf Story Warm Voice,4340134105081797,Brand Awareness,528.0,64299,0,66229,230,100,100,100,100,10445,8845,0,0,2,0,1475,0,1236,2.13,4,29,0,67759,0
2026-06-25,Display Network,Family Pantry Retention Initiative,Metro Region Loyalty Cohort,15908997,Health Conscious Buyers Retention Segment,1669733702699813,Shelf Story Warm Voice,2604915282803870,Brand Awareness,10.51,1352,0,1097,1,4,24,12,5,23,19,0,0,0,0,2,0,2,0.22,0,0,0,1181,0
2026-06-25,Video Network,Seasonal Select Promo Initiative,Metro Region Loyalty Cohort,15908997,Family Planners Lookalike Segment,1718074286658736,Shelf Story Warm Voice,1533493773187614,Brand Awareness,350.48,59983,0,59232,190,100,100,100,100,1689,1346,0,0,1,0,239,0,428,0.69,2,2,0,53091,0
2026-06-25,Marketplace Feed,Family Pantry Retention Initiative,Metro Region Loyalty Cohort,15908997,Family Planners Lookalike Segment,1002710949555221,Offer Spotlight Bold Voice,7401589860358191,Brand Awareness,21.8,3946,0,3751,9,17,98,31,28,95,97,0,0,0,0,18,0,31,0.70,0,1,0,4252,0
2026-06-25,Discovery Network,Family Pantry Retention Initiative,Metro Region Loyalty Cohort,15908997,Health Conscious Buyers Retention Segment,4976789753470273,Shelf Story Warm Voice,1220076337258804,Brand Awareness,30.74,6985,0,7000,12,22,100,69,40,156,110,0,0,0,0,18,0,30,0.40,0,0,0,7387,0
2026-06-25,In-App Display,Seasonal Select Promo Initiative,Metro Region Loyalty Cohort,15908997,Health Conscious Buyers Interest Segment,1532426936569806,Offer Spotlight Value Voice,2894551765052346,Brand Awareness,52.8,9847,0,9573,24,100,100,100,100,299,212,0,0,0,0,13,0,37,0.40,0,2,0,8900,0
2026-06-25,Shopping Grid,Seasonal Select Promo Initiative,Metro Region Loyalty Cohort,15908997,Health Conscious Buyers Retention Segment,3613956286158588,Offer Spotlight Bold Voice,4607696881668990,Brand Awareness,5.69,1857,0,1963,1,12,47,19,11,25,17,0,0,0,0,0,0,3,0.15,0,0,0,1539,0
2026-06-25,In-App Display,Family Pantry Retention Initiative,Metro Region Loyalty Cohort,15908997,Family Planners Lookalike Segment,1665761135741679,Shelf Story Bold Voice,1220357368781053,Brand Awareness,15.13,2510,0,3065,6,5,23,7,6,35,29,0,0,0,0,9,0,15,0.52,0,0,0,2482,0
2026-06-25,Discovery Network,Family Pantry Retention Initiative,Metro Region Loyalty Cohort,15908997,Health Conscious Buyers Interest Segment,9013382232369046,Price Drop Cut Value Voice,4186893344787278,Brand Awareness,36.06,6435,0,6327,10,19,100,43,29,58,53,0,0,0,0,8,0,22,0.32,0,0,0,6199,0
2026-06-25,Video Network,Family Pantry Retention Initiative,Metro Region Loyalty Cohort,15908997,Health Conscious Buyers Interest Segment,9013382232369046,Shelf Story Warm Voice,8148838999548557,Brand Awareness,35.21,7023,0,6741,17,47,100,61,50,133,100,0,0,0,0,11,0,29,0.36,0,0,0,7246,0
2026-06-25,In-App Display,Seasonal Select Promo Initiative,Metro Region Loyalty Cohort,15908997,Family Planners Lookalike Segment,1718074286658736,Offer Spotlight Value Voice,2074777970281390,Brand Awareness,194.10,33005,0,30500,94,100,100,100,100,869,869,0,0,0,0,88,0,180,0.53,3,5,0,28423,0
2026-06-25,In-App Display,Weekend Saver Retention Initiative,Metro Region Loyalty Cohort,15908997,Family Planners Lookalike Segment,7248228093339312,Offer Spotlight Bold Voice,1757288035719114,Brand Awareness,131.04,32129,0,34986,51,39,100,100,62,211,170,0,0,0,0,29,0,89,0.27,0,2,0,32407,0
2026-06-25,Affiliate Network,Family Pantry Retention Initiative,Metro Region Loyalty Cohort,15908997,Family Planners Lookalike Segment,1002710949555221,Shelf Story Warm Voice,3185083078735744,Brand Awareness,68.48,11511,0,12170,42,100,100,100,100,1183,818,0,0,1,0,93,0,149,0.95,1,4,0,13058,0
2026-06-25,Display Network,Weekend Saver Retention Initiative,Metro Region Loyalty Cohort,15908997,Health Conscious Buyers Interest Segment,1334393532567969,Shelf Story Warm Voice,2520693897922300,Brand Awareness,149.9,22933,0,22957,53,100,100,100,100,724,581,0,0,2,0,229,0,256,0.96,3,1,0,23422,0
2026-06-25,Marketplace Feed,Family Pantry Retention Initiative,Metro Region Loyalty Cohort,15908997,Family Planners Lookalike Segment,1665761135741679,Shelf Story Warm Voice,6549680554582288,Brand Awareness,113.17,24385,0,25613,52,71,100,100,100,260,208,0,0,0,0,19,0,89,0.34,0,0,0,22623,0
2026-06-25,Discovery Network,Weekend Saver Retention Initiative,Metro Region Loyalty Cohort,15908997,Health Conscious Buyers Retention Segment,4136110625615180,Offer Spotlight Bold Voice,3833443174798849,Brand Awareness,18.88,4730,0,3996,5,13,58,18,13,37,30,0,0,0,0,1,0,10,0.21,0,1,0,4663,0
2026-06-25,Social Feed,Family Pantry Retention Initiative,Metro Region Loyalty Cohort,15908997,Health Conscious Buyers Retention Segment,1669733702699813,Promo Banner Friendly Voice,1414897562821209,Brand Awareness,12.68,1542,0,1360,2,3,14,7,3,17,12,0,0,0,0,1,0,5,0.37,0,0,0,1557,0
2026-06-25,Marketplace Feed,Family Pantry Retention Initiative,Metro Region Loyalty Cohort,15908997,Health Conscious Buyers Interest Segment,1474840462607869,Offer Spotlight Bold Voice,3530423296641236,Brand Awareness,62.43,10268,0,9384,34,38,100,100,64,465,455,0,0,0,0,72,0,102,0.97,0,1,0,9361,0
2026-06-25,Display Network,Family Pantry Retention Initiative,Metro Region Loyalty Cohort,15908997,Health Conscious Buyers Interest Segment,1474840462607869,Shelf Story Warm Voice,9110304031000052,Brand Awareness,263.74,28760,0,28740,100,100,100,100,100,2571,1848,0,0,0,0,366,0,393,1.58,1,5,0,28200,0
2026-06-25,Marketplace Feed,Family Pantry Retention Initiative,Metro Region Loyalty Cohort,15908997,Family Planners Lookalike Segment,1665761135741679,Promo Banner Friendly Voice,6598720554447191,Brand Awareness,11.67,1883,0,2171,1,4,19,9,5,22,16,0,0,0,0,6,0,6,0.30,0,0,0,2119,0
2026-06-25,Influencer Network,Family Pantry Retention Initiative,Metro Region Loyalty Cohort,15908997,Health Conscious Buyers Retention Segment,1669733702699813,Shelf Story Warm Voice,6197978194612129,Brand Awareness,9.20,1240,0,1370,3,5,19,10,4,17,17,0,0,0,0,2,0,7,0.49,0,0,0,1340,0
2026-06-25,Affiliate Network,Weekend Saver Retention Initiative,Metro Region Loyalty Cohort,15908997,Family Planners Lookalike Segment,7248228093339312,Shelf Story Bold Voice,3411200546175283,Brand Awareness,88.34,15110,0,18770,70,100,100,100,100,741,578,0,0,1,0,65,0,131,0.65,0,3,0,15582,0
2026-06-25,In-App Display,Seasonal Select Promo Initiative,Metro Region Loyalty Cohort,15908997,Health Conscious Buyers Retention Segment,3613956286158588,Shelf Story Bold Voice,1755467445485119,Brand Awareness,45.09,9024,0,9162,20,100,100,100,100,188,140,0,0,0,0,14,0,40,0.36,0,0,0,10407,0
2026-06-25,Shopping Grid,Family Pantry Retention Initiative,Metro Region Loyalty Cohort,15908997,Health Conscious Buyers Retention Segment,4976789753470273,Shelf Story Warm Voice,1212856722898025,Brand Awareness,38.59,6126,0,7604,22,77,100,100,82,258,232,0,0,0,0,13,0,38,0.64,0,0,0,6405,0
2026-06-25,Influencer Network,Family Pantry Retention Initiative,Metro Region Loyalty Cohort,15908997,Health Conscious Buyers Interest Segment,9013382232369046,Shelf Story Value Voice,1103993184708534,Brand Awareness,80.1,19500,0,22324,40,67,100,100,68,204,178,0,0,0,0,35,0,78,0.38,1,1,0,23151,0
2026-06-25,Marketplace Feed,Seasonal Select Promo Initiative,Metro Region Loyalty Cohort,15908997,Family Planners Lookalike Segment,1718074286658736,Promo Banner Warm Voice,1089449421739833,Brand Awareness,374.65,56602,0,52916,190,100,100,100,100,2227,2203,0,0,1,0,518,0,582,1.2,0,11,0,57496,0
2026-06-25,In-App Display,Weekend Saver Retention Initiative,Metro Region Loyalty Cohort,15908997,Health Conscious Buyers Retention Segment,4136110625615180,Shelf Story Bold Voice,5160906508093401,Brand Awareness,27.64,5181,0,5579,17,40,100,100,70,223,227,0,0,0,0,10,0,33,0.48,0,0,0,5839,0
2026-06-25,Search Network,Seasonal Select Demand Initiative,Metro Region Loyalty Cohort,15908997,Health Conscious Buyers Retention Segment,9223925519536552,Offer Spotlight Bold Voice,1119314133689227,Catalog Engagement,0,0,0,0,0,0,0,0,0,0,0,0,0,0,0,0,0,0,0,0,0,0,0,0
2026-06-25,Marketplace Feed,Weekend Saver Retention Initiative,Metro Region Loyalty Cohort,15908997,Health Conscious Buyers Retention Segment,4136110625615180,Price Drop Cut Value Voice,1316048837324374,Brand Awareness,79.96,15884,0,15986,38,89,100,100,100,343,330,0,0,0,0,26,0,78,0.46,0,1,0,15297,0
2026-06-25,In-App Display,Family Pantry Retention Initiative,Metro Region Loyalty Cohort,15908997,Family Planners Lookalike Segment,1665761135741679,Shelf Story Warm Voice,2616618213121749,Brand Awareness,955.86,140492,0,129436,625,100,100,100,100,23471,22326,0,0,29,0,4190,0,4957,2.74,43,216,0,142035,0
2026-06-25,Display Network,Seasonal Select Promo Initiative,Metro Region Loyalty Cohort,15908997,Health Conscious Buyers Interest Segment,1532426936569806,Shelf Story Warm Voice,9953353036347574,Brand Awareness,238.53,35799,0,43183,102,100,100,100,100,1064,1117,0,0,0,0,64,0,168,0.44,0,4,0,38633,0
2026-06-25,Shopping Grid,Seasonal Select Promo Initiative,Metro Region Loyalty Cohort,15908997,Health Conscious Buyers Interest Segment,1532426936569806,Shelf Story Warm Voice,7193200529405455,Brand Awareness,91.53,17704,0,16817,31,100,100,100,100,311,258,0,0,0,0,23,0,52,0.33,0,2,0,16036,0
2026-06-25,Video Network,Seasonal Select Promo Initiative,Metro Region Loyalty Cohort,15908997,Health Conscious Buyers Retention Segment,3613956286158588,Promo Banner Warm Voice,3456261421148856,Brand Awareness,151.80,22148,0,24178,80,100,100,100,100,982,860,0,0,0,0,51,0,111,0.56,0,2,0,19807,0
2026-06-25,Shopping Grid,Family Pantry Retention Initiative,Metro Region Loyalty Cohort,15908997,Health Conscious Buyers Retention Segment,1669733702699813,Shelf Story Warm Voice,4211876559793011,Brand Awareness,43.43,6789,0,7746,11,26,100,42,27,61,58,0,0,0,0,7,0,21,0.28,0,0,0,7863,0
2026-06-25,In-App Display,Weekend Saver Retention Initiative,Metro Region Loyalty Cohort,15908997,Health Conscious Buyers Interest Segment,1334393532567969,Shelf Story Warm Voice,8045514033882153,Brand Awareness,258.62,44388,0,43812,108,100,100,100,100,1327,1096,0,0,0,0,588,0,541,1.20,1,8,0,44015,0
2026-06-25,Discovery Network,Family Pantry Retention Initiative,Metro Region Loyalty Cohort,15908997,Health Conscious Buyers Interest Segment,9013382232369046,Shelf Story Warm Voice,1099249066640891,Brand Awareness,407.24,49116,0,50316,231,100,100,100,100,4985,4169,0,0,11,0,1069,0,1157,2.3,6,17,0,45081,0
2026-06-25,Shopping Grid,Family Pantry Retention Initiative,Metro Region Loyalty Cohort,15908997,Health Conscious Buyers Interest Segment,9013382232369046,Shelf Story Warm Voice,1177430610668804,Brand Awareness,706.39,113164,0,116166,409,100,100,100,100,16068,13807,0,0,17,0,2880,0,3302,2.75,23,104,0,98469,0
2026-06-25,Connected TV,Family Pantry Retention Initiative,Metro Region Loyalty Cohort,15908997,Family Planners Lookalike Segment,1665761135741679,Collection Showcase Warm Voice,5654112849815777,Brand Awareness,119.54,18890,0,20060,70,100,100,100,100,780,819,0,0,1,0,389,0,366,1.94,1,6,0,16973,0
2026-06-25,Search Network,Family Pantry Retention Initiative,Metro Region Loyalty Cohort,15908997,Health Conscious Buyers Retention Segment,1669733702699813,Shelf Story Warm Voice,1837904232519606,Brand Awareness,97.80,14750,0,16198,51,100,100,100,100,866,790,0,0,0,0,41,0,76,0.53,0,1,0,14862,0
2026-06-25,Retail Media Network,Family Pantry Retention Initiative,Metro Region Loyalty Cohort,15908997,Health Conscious Buyers Interest Segment,9013382232369046,Shelf Story Warm Voice,1641518074556035,Brand Awareness,68.62,8581,0,7866,14,20,71,35,19,52,42,0,0,0,0,8,0,31,0.29,0,1,0,10110,0
2026-06-25,Affiliate Network,Family Pantry Retention Initiative,Metro Region Loyalty Cohort,15908997,Family Planners Lookalike Segment,1002710949555221,Shelf Story Warm Voice,1647332301297595,Brand Awareness,15.48,4510,0,4538,8,20,100,49,28,100,86,0,0,0,0,25,0,35,0.66,0,2,0,4364,0
2026-06-25,Influencer Network,Seasonal Select Promo Initiative,Metro Region Loyalty Cohort,15908997,Family Planners Lookalike Segment,1718074286658736,Shelf Story Warm Voice,1532291780998103,Brand Awareness,377.56,49694,0,49331,162,100,100,100,100,1486,1310,0,0,0,0,288,0,402,1.00,0,7,0,49599,0
2026-06-25,In-App Display,Seasonal Select Promo Initiative,Metro Region Loyalty Cohort,15908997,Health Conscious Buyers Retention Segment,3613956286158588,Offer Spotlight Value Voice,9011752711561329,Brand Awareness,29.40,6190,0,6452,20,98,100,100,100,131,115,0,0,0,0,5,0,33,0.49,0,0,0,5124,0
2026-06-25,Retail Media Network,Weekend Saver Retention Initiative,Metro Region Loyalty Cohort,15908997,Health Conscious Buyers Interest Segment,1334393532567969,Offer Spotlight Bold Voice,3220054077294586,Brand Awareness,55.3,10058,0,12810,24,29,100,47,28,99,72,0,0,0,0,12,0,44,0.31,0,1,0,10271,0
2026-06-25,Marketplace Feed,Weekend Saver Retention Initiative,Metro Region Loyalty Cohort,15908997,Health Conscious Buyers Retention Segment,4136110625615180,Price Drop Cut Value Voice,1682844113945221,Brand Awareness,43.44,10421,0,8862,21,27,100,55,32,70,62,0,0,0,0,7,0,39,0.34,0,0,0,9809,0
2026-06-25,Video Network,Family Pantry Retention Initiative,Metro Region Loyalty Cohort,15908997,Family Planners Lookalike Segment,1665761135741679,Shelf Story Warm Voice,2902136042807068,Brand Awareness,621.08,71379,0,65426,400,100,100,100,100,10937,8574,0,0,13,0,1923,0,1932,3.12,15,48,0,75801,0
2026-06-25,Retail Media Network,Seasonal Select Promo Initiative,Metro Region Loyalty Cohort,15908997,Health Conscious Buyers Retention Segment,3613956286158588,Shelf Story Warm Voice,2259713911990191,Brand Awareness,140.36,18879,0,23082,83,100,100,100,100,696,518,0,0,0,0,29,0,103,0.52,1,3,0,18837,0
2026-06-25,In-App Display,Family Pantry Retention Initiative,Metro Region Loyalty Cohort,15908997,Health Conscious Buyers Interest Segment,1474840462607869,Shelf Story Warm Voice,8486205212439809,Brand Awareness,151.96,22596,0,24842,59,100,100,100,100,975,902,0,0,2,0,332,0,330,1.45,7,1,0,21568,0
2026-06-25,Discovery Network,Family Pantry Retention Initiative,Metro Region Loyalty Cohort,15908997,Health Conscious Buyers Retention Segment,1669733702699813,Promo Banner Friendly Voice,4647140982681565,Brand Awareness,63.23,11453,0,9995,29,100,100,100,100,327,262,0,0,10,0,26,0,64,0.58,0,3,0,9237,0
2026-06-25,Social Feed,Family Pantry Retention Initiative,Metro Region Loyalty Cohort,15908997,Family Planners Lookalike Segment,1665761135741679,Shelf Story Warm Voice,1450951256520921,Brand Awareness,14.34,2643,0,2606,5,13,77,29,19,70,55,0,0,0,0,11,0,23,0.71,0,2,0,2735,0
2026-06-25,Affiliate Network,Weekend Saver Retention Initiative,Metro Region Loyalty Cohort,15908997,Family Planners Lookalike Segment,7248228093339312,Shelf Story Warm Voice,6451368560487732,Brand Awareness,134.9,23895,0,25059,61,90,100,100,100,490,432,0,0,0,0,43,0,138,0.43,0,1,0,25856,0
2026-06-25,Marketplace Feed,Weekend Saver Retention Initiative,Metro Region Loyalty Cohort,15908997,Health Conscious Buyers Interest Segment,1334393532567969,Shelf Story Bold Voice,7232280368739505,Brand Awareness,438.4,44862,0,49878,193,100,100,100,100,4587,3942,0,0,2,0,975,0,978,1.70,7,16,0,51869,0
2026-06-25,Discovery Network,Seasonal Select Promo Initiative,Metro Region Loyalty Cohort,15908997,Health Conscious Buyers Interest Segment,1532426936569806,Promo Banner Warm Voice,5732401046815275,Brand Awareness,129.64,23244,0,22877,93,100,100,100,100,981,881,0,0,0,0,64,0,149,0.64,0,1,0,22106,0
2026-06-25,Search Network,Family Pantry Retention Initiative,Metro Region Loyalty Cohort,15908997,Health Conscious Buyers Retention Segment,1669733702699813,Collection Showcase Warm Voice,1788908453907262,Brand Awareness,20.46,3999,0,4464,8,34,100,67,43,143,118,0,0,0,0,4,0,11,0.2,0,1,0,4345,0
2026-06-25,Social Feed,Family Pantry Retention Initiative,Metro Region Loyalty Cohort,15908997,Health Conscious Buyers Retention Segment,1669733702699813,Shelf Story Bold Voice,4391005331160720,Brand Awareness,17.29,2037,0,1808,2,5,19,8,5,27,22,0,0,0,0,7,0,11,0.52,0,1,0,2101,0
2026-06-25,Discovery Network,Family Pantry Retention Initiative,Metro Region Loyalty Cohort,15908997,Family Planners Lookalike Segment,1665761135741679,Shelf Story Value Voice,5225143865411760,Brand Awareness,66.95,13465,0,16737,33,30,100,66,37,138,125,0,0,0,0,44,0,86,0.49,0,1,0,14189,0
2026-06-25,Social Feed,Family Pantry Retention Initiative,Metro Region Loyalty Cohort,15908997,Health Conscious Buyers Interest Segment,1474840462607869,Shelf Story Warm Voice,5682500646683685,Brand Awareness,413.2,54585,0,63162,170,100,100,100,100,6749,4864,0,0,3,0,566,0,675,1.35,6,12,0,58303,0
2026-06-25,Display Network,Family Pantry Retention Initiative,Metro Region Loyalty Cohort,15908997,Family Planners Lookalike Segment,1002710949555221,Shelf Story Warm Voice,5797898098365146,Brand Awareness,193.21,31522,0,28528,108,100,100,100,100,3152,2379,0,0,0,0,205,0,317,1.0,1,7,0,28372,0
2026-06-25,Affiliate Network,Weekend Saver Retention Initiative,Metro Region Loyalty Cohort,15908997,Family Planners Lookalike Segment,7248228093339312,Price Drop Cut Value Voice,9318406623487279,Brand Awareness,259.52,50625,0,55439,105,100,100,100,100,369,302,0,0,0,0,52,0,217,0.30,0,3,0,53045,0
2026-06-25,Display Network,Weekend Saver Retention Initiative,Metro Region Loyalty Cohort,15908997,Family Planners Lookalike Segment,7248228093339312,Shelf Story Warm Voice,1150526236199258,Brand Awareness,85.32,17958,0,18829,37,66,100,100,81,300,259,0,0,1,0,52,0,86,0.6,0,1,0,15956,0
2026-06-25,Influencer Network,Family Pantry Retention Initiative,Metro Region Loyalty Cohort,15908997,Family Planners Lookalike Segment,1665761135741679,Price Drop Cut Value Voice,1192366617925175,Brand Awareness,171.58,25771,0,30206,57,100,100,100,100,592,558,0,0,0,0,126,0,157,0.59,0,1,0,26936,0
2026-06-25,Marketplace Feed,Weekend Saver Retention Initiative,Metro Region Loyalty Cohort,15908997,Family Planners Lookalike Segment,7248228093339312,Price Drop Cut Value Voice,9781212069592701,Brand Awareness,184.01,37035,0,42761,66,100,100,100,100,726,651,0,0,0,0,71,0,206,0.41,1,2,0,33054,0
2026-06-25,In-App Display,Seasonal Select Promo Initiative,Metro Region Loyalty Cohort,15908997,Family Planners Lookalike Segment,1718074286658736,Shelf Story Bold Voice,4278310985669178,Brand Awareness,260.93,50946,0,48777,119,100,100,100,100,950,741,0,0,0,0,218,0,282,0.5,1,7,0,41850,0
2026-06-25,Shopping Grid,Family Pantry Retention Initiative,Metro Region Loyalty Cohort,15908997,Health Conscious Buyers Interest Segment,9013382232369046,Promo Banner Friendly Voice,1538508227020088,Brand Awareness,51.72,8509,0,6657,13,29,100,59,33,88,76,0,0,0,0,14,0,37,0.41,0,0,0,8438,0
2026-06-25,Influencer Network,Family Pantry Retention Initiative,Metro Region Loyalty Cohort,15908997,Family Planners Lookalike Segment,1665761135741679,Shelf Story Warm Voice,1280290142112652,Brand Awareness,9.67,1730,0,1595,4,4,30,12,4,30,27,0,0,0,0,1,0,11,0.79,0,1,0,1797,0
2026-06-25,Shopping Grid,Seasonal Select Promo Initiative,Metro Region Loyalty Cohort,15908997,Health Conscious Buyers Interest Segment,1532426936569806,Shelf Story Bold Voice,1082336609132049,Brand Awareness,114.21,19047,0,24392,58,100,100,100,100,448,362,0,0,0,0,24,0,93,0.41,0,2,0,23008,0
2026-06-25,Search Network,Seasonal Select Promo Initiative,Metro Region Loyalty Cohort,15908997,Family Planners Lookalike Segment,1718074286658736,Offer Spotlight Bold Voice,1638167476571035,Brand Awareness,65.75,12405,0,13984,35,100,100,100,100,281,256,0,0,0,0,43,0,61,0.43,0,2,0,12439,0
2026-06-25,Connected TV,Family Pantry Retention Initiative,Metro Region Loyalty Cohort,15908997,Health Conscious Buyers Retention Segment,1669733702699813,Shelf Story Warm Voice,1173063753252113,Brand Awareness,140.00,20948,0,24462,107,100,100,100,100,2790,2684,0,0,2,0,107,0,233,0.98,1,11,0,22645,0
2026-06-25,Connected TV,Family Pantry Retention Initiative,Metro Region Loyalty Cohort,15908997,Health Conscious Buyers Retention Segment,4976789753470273,Offer Spotlight Bold Voice,1582932391745882,Brand Awareness,24.98,4101,0,3583,11,4,68,24,10,73,72,0,0,0,0,13,0,27,0.69,0,0,0,3811,0
2026-06-25,In-App Display,Family Pantry Retention Initiative,Metro Region Loyalty Cohort,15908997,Health Conscious Buyers Interest Segment,9013382232369046,Shelf Story Warm Voice,5257839822274418,Brand Awareness,188.85,30978,0,36644,97,100,100,100,100,1570,1299,0,0,1,0,344,0,387,1.2,1,11,0,32315,0
2026-06-25,Influencer Network,Family Pantry Retention Initiative,Metro Region Loyalty Cohort,15908997,Health Conscious Buyers Retention Segment,1669733702699813,Shelf Story Value Voice,1365467474223726,Brand Awareness,25.21,4761,0,5158,8,9,59,21,14,42,33,0,0,0,0,1,0,14,0.3,0,1,0,4719,0
2026-06-25,In-App Display,Weekend Saver Retention Initiative,Metro Region Loyalty Cohort,15908997,Health Conscious Buyers Retention Segment,4136110625615180,Shelf Story Bold Voice,1238862856159509,Brand Awareness,29.0,6791,0,7601,15,25,100,56,32,102,86,0,0,0,0,4,0,23,0.30,0,2,0,7806,0
2026-06-25,Shopping Grid,Family Pantry Retention Initiative,Metro Region Loyalty Cohort,15908997,Health Conscious Buyers Retention Segment,1669733702699813,Price Drop Cut Value Voice,6906673719698824,Brand Awareness,44.3,7606,0,7719,27,60,100,100,63,127,123,0,0,0,0,12,0,40,0.47,0,1,0,7538,0
2026-06-25,Marketplace Feed,Seasonal Select Promo Initiative,Metro Region Loyalty Cohort,15908997,Health Conscious Buyers Retention Segment,3613956286158588,Shelf Story Warm Voice,9626373394400677,Brand Awareness,51.53,12295,0,13310,24,100,100,100,100,231,182,0,0,0,0,9,0,40,0.27,1,1,0,10009,0
2026-06-25,Affiliate Network,Weekend Saver Retention Initiative,Metro Region Loyalty Cohort,15908997,Health Conscious Buyers Retention Segment,4136110625615180,Shelf Story Warm Voice,5443423299390877,Brand Awareness,23.20,4915,0,5878,9,24,100,50,36,104,91,0,0,0,0,4,0,16,0.28,0,0,0,5362,0
2026-06-25,Social Feed,Family Pantry Retention Initiative,Metro Region Loyalty Cohort,15908997,Health Conscious Buyers Retention Segment,4976789753470273,Shelf Story Warm Voice,4041974945367907,Brand Awareness,97.73,14655,0,14689,34,100,100,100,100,872,812,0,0,0,0,48,0,83,0.50,0,1,0,13462,0
2026-06-25,Social Feed,Weekend Saver Retention Initiative,Metro Region Loyalty Cohort,15908997,Health Conscious Buyers Interest Segment,1334393532567969,Price Drop Cut Value Voice,1109002298095593,Brand Awareness,568.63,87913,0,105457,166,100,100,100,100,2688,2341,0,0,2,0,310,0,539,0.55,0,12,0,81599,0
2026-06-25,Video Network,Family Pantry Retention Initiative,Metro Region Loyalty Cohort,15908997,Health Conscious Buyers Interest Segment,9013382232369046,Collection Showcase Warm Voice,3199746654625132,Brand Awareness,8.78,1200,0,1393,2,8,31,14,11,36,28,0,0,0,0,5,0,8,0.50,0,1,0,1080,0
2026-06-25,Shopping Grid,Seasonal Select Promo Initiative,Metro Region Loyalty Cohort,15908997,Health Conscious Buyers Interest Segment,1532426936569806,Offer Spotlight Bold Voice,4433422745438620,Brand Awareness,32.89,7016,0,7504,16,38,100,93,44,102,80,0,0,0,0,5,0,30,0.35,0,1,0,7206,0
2026-06-25,Influencer Network,Weekend Saver Retention Initiative,Metro Region Loyalty Cohort,15908997,Health Conscious Buyers Interest Segment,1334393532567969,Price Drop Cut Value Voice,2051943278335934,Brand Awareness,143.87,24702,0,27881,54,92,100,100,100,287,217,0,0,0,0,61,0,121,0.36,0,4,0,30237,0
2026-06-25,In-App Display,Family Pantry Retention Initiative,Metro Region Loyalty Cohort,15908997,Family Planners Lookalike Segment,1002710949555221,Shelf Story Warm Voice,1655044419034925,Brand Awareness,28.31,4571,0,5618,29,94,100,100,100,292,245,0,0,0,0,41,0,73,1.12,0,1,0,4927,0
2026-06-25,Shopping Grid,Family Pantry Retention Initiative,Metro Region Loyalty Cohort,15908997,Health Conscious Buyers Retention Segment,4976789753470273,Shelf Story Warm Voice,5506678816268127,Brand Awareness,101.46,15795,0,15669,50,94,100,100,100,838,770,0,0,0,0,67,0,108,0.65,1,1,0,17617,0
2026-06-25,Marketplace Feed,Family Pantry Retention Initiative,Metro Region Loyalty Cohort,15908997,Health Conscious Buyers Retention Segment,1669733702699813,Shelf Story Warm Voice,5602072675253918,Brand Awareness,138.92,18133,0,20261,74,100,100,100,100,2445,2038,0,0,1,0,115,0,196,1.11,1,3,0,16318,0
2026-06-24,Marketplace Feed,Weekend Saver Retention Initiative,Metro Region Loyalty Cohort,15908997,Family Planners Lookalike Segment,7248228093339312,Offer Spotlight Bold Voice,1757288035719114,Brand Awareness,37.07,10776,0,11432,25,16,100,36,27,79,70,0,0,0,0,7,0,36,0.28,0,0,0,11879,0
2026-06-24,Affiliate Network,Family Pantry Retention Initiative,Metro Region Loyalty Cohort,15908997,Family Planners Lookalike Segment,1665761135741679,Price Drop Cut Value Voice,1192366617925175,Brand Awareness,104.81,20797,0,23895,56,100,100,100,100,415,334,0,0,0,0,47,0,111,0.53,0,4,0,20406,0
2026-06-24,Search Network,Family Pantry Retention Initiative,Metro Region Loyalty Cohort,15908997,Health Conscious Buyers Retention Segment,1669733702699813,Shelf Story Value Voice,1365467474223726,Brand Awareness,53.32,13340,0,14076,26,33,100,83,38,189,161,0,0,0,0,19,0,54,0.43,1,1,0,13948,0
2026-06-24,In-App Display,Family Pantry Retention Initiative,Metro Region Loyalty Cohort,15908997,Health Conscious Buyers Interest Segment,9013382232369046,Collection Showcase Warm Voice,3199746654625132,Brand Awareness,6.07,873,0,789,1,12,24,16,10,33,23,0,0,0,0,5,0,5,0.58,0,0,0,772,0
2026-06-24,Social Feed,Family Pantry Retention Initiative,Metro Region Loyalty Cohort,15908997,Health Conscious Buyers Interest Segment,1474840462607869,Shelf Story Warm Voice,9110304031000052,Brand Awareness,178.26,29089,0,25232,65,100,100,100,100,1724,1470,0,0,0,0,278,0,358,1.10,4,0,0,24912,0
2026-06-24,Affiliate Network,Weekend Saver Retention Initiative,Metro Region Loyalty Cohort,15908997,Family Planners Lookalike Segment,7248228093339312,Shelf Story Bold Voice,3411200546175283,Brand Awareness,33.13,5998,0,5721,23,56,100,100,72,318,276,0,0,0,0,27,0,58,0.86,1,1,0,6062,0
2026-06-24,Connected TV,Seasonal Select Promo Initiative,Metro Region Loyalty Cohort,15908997,Family Planners Lookalike Segment,1718074286658736,Promo Banner Warm Voice,1089449421739833,Brand Awareness,390.44,53504,0,68005,236,100,100,100,100,2984,2452,0,0,2,0,786,0,866,1.13,3,5,0,55190,0
2026-06-24,Influencer Network,Family Pantry Retention Initiative,Metro Region Loyalty Cohort,15908997,Health Conscious Buyers Retention Segment,4976789753470273,Shelf Story Warm Voice,1212856722898025,Brand Awareness,48.87,8824,0,9006,20,88,100,100,100,370,307,0,0,0,0,26,0,59,0.53,1,1,0,8645,0
2026-06-24,Discovery Network,Family Pantry Retention Initiative,Metro Region Loyalty Cohort,15908997,Family Planners Lookalike Segment,1002710949555221,Shelf Story Warm Voice,3185083078735744,Brand Awareness,60.22,13619,0,12890,48,100,100,100,100,1166,923,0,0,1,0,78,0,148,1.02,3,2,0,13615,0
2026-06-24,Influencer Network,Family Pantry Retention Initiative,Metro Region Loyalty Cohort,15908997,Health Conscious Buyers Interest Segment,9013382232369046,Promo Banner Friendly Voice,1538508227020088,Brand Awareness,24.15,3585,0,3091,9,37,100,66,50,98,92,0,0,1,0,18,0,23,0.70,0,0,0,3394,0
2026-06-24,Affiliate Network,Seasonal Select Promo Initiative,Metro Region Loyalty Cohort,15908997,Health Conscious Buyers Retention Segment,3613956286158588,Shelf Story Warm Voice,2259713911990191,Brand Awareness,127.27,23223,0,24974,75,100,100,100,100,814,586,0,0,0,0,35,0,119,0.43,0,2,0,23511,0
2026-06-24,Social Feed,Seasonal Select Promo Initiative,Metro Region Loyalty Cohort,15908997,Health Conscious Buyers Interest Segment,1532426936569806,Shelf Story Warm Voice,9953353036347574,Brand Awareness,153.86,27301,0,33853,67,100,100,100,100,964,705,0,0,0,0,50,0,121,0.43,0,2,0,28169,0
2026-06-24,Display Network,Seasonal Select Promo Initiative,Metro Region Loyalty Cohort,15908997,Health Conscious Buyers Interest Segment,1532426936569806,Offer Spotlight Value Voice,2894551765052346,Brand Awareness,42.17,8143,0,8627,13,100,100,100,100,223,174,0,0,0,0,13,0,23,0.31,0,1,0,8611,0
2026-06-24,Display Network,Family Pantry Retention Initiative,Metro Region Loyalty Cohort,15908997,Family Planners Lookalike Segment,1665761135741679,Shelf Story Warm Voice,2616618213121749,Brand Awareness,991.11,131327,0,151348,838,100,100,100,100,32904,26307,0,0,34,0,4695,0,5183,3.46,42,255,0,135659,0
2026-06-24,Marketplace Feed,Family Pantry Retention Initiative,Metro Region Loyalty Cohort,15908997,Health Conscious Buyers Interest Segment,1474840462607869,Shelf Story Warm Voice,8486205212439809,Brand Awareness,165.00,29963,0,30990,73,100,100,100,100,1026,826,0,0,2,0,263,0,349,1.00,6,3,0,28708,0
2026-06-24,Social Feed,Family Pantry Retention Initiative,Metro Region Loyalty Cohort,86057605,Family Planners Lookalike Segment,1541980607257120,Shelf Story Warm Voice,1227821280716912,Brand Awareness,0,0,0,0,0,0,0,0,0,0,0,0,0,0,0,0,0,0,0,0,0,0,0,0
2026-06-24,Discovery Network,Family Pantry Retention Initiative,Metro Region Loyalty Cohort,15908997,Health Conscious Buyers Retention Segment,1669733702699813,Shelf Story Warm Voice,5602072675253918,Brand Awareness,313.93,37770,0,38874,192,100,100,100,100,4587,4392,0,0,1,0,276,0,404,0.90,1,20,0,37042,0
2026-06-24,Marketplace Feed,Family Pantry Retention Initiative,Metro Region Loyalty Cohort,15908997,Family Planners Lookalike Segment,1665761135741679,Shelf Story Value Voice,5225143865411760,Brand Awareness,84.89,22293,0,21843,43,33,100,89,53,179,152,0,0,0,0,40,0,81,0.43,0,0,0,18167,0
2026-06-24,Video Network,Weekend Saver Retention Initiative,Metro Region Loyalty Cohort,15908997,Health Conscious Buyers Interest Segment,1334393532567969,Shelf Story Bold Voice,8314765461987923,Brand Awareness,155.10,32037,0,37930,49,100,100,100,100,454,414,0,0,1,0,75,0,121,0.34,0,2,0,28122,0
2026-06-24,Shopping Grid,Family Pantry Retention Initiative,Metro Region Prospecting Cohort,86057605,Health Conscious Buyers Affinity Segment,1135622965987651,Promo Banner Friendly Voice,8513428259763770,Brand Awareness,0,0,0,0,0,0,0,0,0,0,0,0,0,0,0,0,0,0,0,0,0,0,0,0
2026-06-24,Shopping Grid,Family Pantry Retention Initiative,Metro Region Loyalty Cohort,15908997,Health Conscious Buyers Retention Segment,1669733702699813,Shelf Story Warm Voice,1173063753252113,Brand Awareness,336.37,38854,0,40506,200,100,100,100,100,7315,6071,0,0,3,0,379,0,539,1.17,2,22,0,43182,0
2026-06-24,Retail Media Network,Family Pantry Retention Initiative,Metro Region Loyalty Cohort,15908997,Health Conscious Buyers Retention Segment,1669733702699813,Price Drop Cut Value Voice,6906673719698824,Brand Awareness,84.37,18449,0,17786,33,100,100,100,100,273,276,0,0,0,0,19,0,72,0.28,0,3,0,19508,0
2026-06-24,Shopping Grid,Family Pantry Retention Initiative,Metro Region Loyalty Cohort,15908997,Health Conscious Buyers Interest Segment,9013382232369046,Shelf Story Warm Voice,1177430610668804,Brand Awareness,712.90,117625,0,108229,502,100,100,100,100,17830,17778,0,0,27,0,3441,0,3622,2.76,37,124,0,111628,0
2026-06-24,Discovery Network,Family Pantry Retention Initiative,Metro Region Loyalty Cohort,15908997,Health Conscious Buyers Interest Segment,9013382232369046,Shelf Story Warm Voice,8148838999548557,Brand Awareness,14.36,3335,0,3557,7,14,94,34,20,70,62,0,0,0,0,5,0,13,0.42,0,0,0,3451,0
2026-06-24,Retail Media Network,Family Pantry Retention Initiative,Metro Region Loyalty Cohort,15908997,Health Conscious Buyers Retention Segment,4976789753470273,Shelf Story Warm Voice,1220076337258804,Brand Awareness,47.06,13695,0,13793,16,28,100,94,42,217,155,0,0,0,0,25,0,53,0.38,0,0,0,10857,0
2026-06-24,Affiliate Network,Weekend Saver Retention Initiative,Metro Region Loyalty Cohort,15908997,Family Planners Lookalike Segment,7248228093339312,Shelf Story Warm Voice,6451368560487732,Brand Awareness,57.90,15815,0,16413,41,56,100,100,100,460,386,0,0,0,0,29,0,77,0.58,1,3,0,15091,0
2026-06-24,Shopping Grid,Family Pantry Retention Initiative,Metro Region Loyalty Cohort,15908997,Family Planners Lookalike Segment,1665761135741679,Collection Showcase Warm Voice,5654112849815777,Brand Awareness,117.12,17783,0,16815,48,100,100,100,100,702,685,0,0,2,0,280,0,265,1.49,1,0,0,15038,0
2026-06-24,In-App Display,Family Pantry Retention Initiative,Metro Region Loyalty Cohort,15908997,Health Conscious Buyers Retention Segment,1669733702699813,Shelf Story Warm Voice,1837904232519606,Brand Awareness,177.47,32560,0,30662,73,100,100,100,100,1223,1053,0,0,0,0,98,0,193,0.60,0,7,0,26691,0
2026-06-24,Discovery Network,Seasonal Select Promo Initiative,Metro Region Loyalty Cohort,15908997,Family Planners Lookalike Segment,1718074286658736,Offer Spotlight Value Voice,2074777970281390,Brand Awareness,217.82,26222,0,31038,85,100,100,100,100,1121,810,0,0,0,0,83,0,184,0.56,3,3,0,27305,0
2026-06-24,Influencer Network,Family Pantry Retention Initiative,Metro Region Loyalty Cohort,15908997,Health Conscious Buyers Interest Segment,9013382232369046,Shelf Story Warm Voice,1641518074556035,Brand Awareness,16.5,2883,0,2183,3,6,22,8,7,17,14,0,0,0,0,2,0,9,0.34,0,0,0,2386,0
2026-06-24,Influencer Network,Family Pantry Retention Initiative,Metro Region Loyalty Cohort,15908997,Health Conscious Buyers Interest Segment,9013382232369046,Shelf Story Warm Voice,1099249066640891,Brand Awareness,349.12,46007,0,48673,245,100,100,100,100,6594,4990,0,0,5,0,1427,0,1494,3.62,2,27,0,35801,0
2026-06-24,Social Feed,Family Pantry Retention Initiative,Metro Region Loyalty Cohort,15908997,Health Conscious Buyers Retention Segment,1669733702699813,Shelf Story Warm Voice,4211876559793011,Brand Awareness,96.53,20879,0,21335,47,68,100,100,88,236,223,0,0,0,0,14,0,66,0.30,0,2,0,23162,0
2026-06-24,Shopping Grid,Seasonal Select Promo Initiative,Metro Region Loyalty Cohort,15908997,Health Conscious Buyers Interest Segment,1532426936569806,Promo Banner Warm Voice,5732401046815275,Brand Awareness,124.32,22915,0,23954,76,100,100,100,100,903,665,0,0,0,0,79,0,156,0.65,2,1,0,22565,0
2026-06-24,In-App Display,Family Pantry Retention Initiative,Metro Region Loyalty Cohort,15908997,Family Planners Lookalike Segment,1002710949555221,Offer Spotlight Bold Voice,7401589860358191,Brand Awareness,8.68,2563,0,2753,6,9,90,29,21,105,74,0,0,0,0,21,0,18,0.82,0,0,0,2459,0
2026-06-24,Marketplace Feed,Weekend Saver Retention Initiative,Metro Region Loyalty Cohort,15908997,Family Planners Lookalike Segment,7248228093339312,Shelf Story Warm Voice,1150526236199258,Brand Awareness,32.22,9427,0,9506,17,35,100,76,40,143,116,0,0,0,0,20,0,43,0.46,0,1,0,9443,0
2026-06-24,Affiliate Network,Family Pantry Retention Initiative,Metro Region Loyalty Cohort,15908997,Family Planners Lookalike Segment,1665761135741679,Shelf Story Warm Voice,6549680554582288,Brand Awareness,99.9,24760,0,22927,42,87,100,100,100,245,201,0,0,0,0,36,0,84,0.33,0,2,0,25352,0
2026-06-24,Marketplace Feed,Family Pantry Retention Initiative,Metro Region Loyalty Cohort,15908997,Health Conscious Buyers Interest Segment,9013382232369046,Shelf Story Bold Voice,5904212741788775,Brand Awareness,18.67,3417,0,4128,10,18,49,26,21,52,43,0,0,0,0,3,0,21,0.50,0,0,0,3368,0
2026-06-24,Social Feed,Family Pantry Retention Initiative,Metro Region Loyalty Cohort,15908997,Health Conscious Buyers Interest Segment,1474840462607869,Shelf Story Warm Voice,4340134105081797,Brand Awareness,597.26,68614,0,68645,230,100,100,100,100,9761,7060,0,0,2,0,1436,0,1437,1.83,4,21,0,70808,0
2026-06-24,Discovery Network,Family Pantry Retention Initiative,Metro Region Loyalty Cohort,15908997,Health Conscious Buyers Retention Segment,1669733702699813,Promo Banner Friendly Voice,1414897562821209,Brand Awareness,8.08,1898,0,2044,6,8,43,13,8,37,31,0,0,0,0,0,0,7,0.32,0,0,0,1692,0
2026-06-24,Search Network,Weekend Saver Retention Initiative,Metro Region Loyalty Cohort,15908997,Health Conscious Buyers Retention Segment,4136110625615180,Price Drop Cut Value Voice,1682844113945221,Brand Awareness,54.75,14900,0,16096,31,50,100,93,57,159,111,0,0,0,0,8,0,49,0.29,0,1,0,14432,0
2026-06-24,Discovery Network,Weekend Saver Retention Initiative,Metro Region Loyalty Cohort,15908997,Health Conscious Buyers Retention Segment,4136110625615180,Shelf Story Warm Voice,1781261912151237,Brand Awareness,19.64,5862,0,6641,10,28,100,53,37,83,88,0,0,0,0,3,0,13,0.21,0,1,0,6225,0
2026-06-24,Discovery Network,Family Pantry Retention Initiative,Metro Region Loyalty Cohort,15908997,Family Planners Lookalike Segment,1665761135741679,Promo Banner Friendly Voice,6598720554447191,Brand Awareness,7.56,1971,0,1882,4,3,29,10,3,31,23,0,0,0,0,3,0,11,0.57,0,1,0,1542,0
2026-06-24,In-App Display,Family Pantry Retention Initiative,Metro Region Loyalty Cohort,15908997,Health Conscious Buyers Interest Segment,9013382232369046,Promo Banner Friendly Voice,1255871739760170,Brand Awareness,13.94,1996,0,2429,1,9,27,17,11,26,20,0,0,0,0,5,0,4,0.2,0,0,0,2030,0
2026-06-24,Influencer Network,Seasonal Select Promo Initiative,Metro Region Loyalty Cohort,15908997,Health Conscious Buyers Interest Segment,1532426936569806,Offer Spotlight Bold Voice,4433422745438620,Brand Awareness,15.76,4511,0,4591,6,45,100,67,57,79,81,0,0,0,0,5,0,12,0.26,0,1,0,4790,0
2026-06-24,Video Network,Family Pantry Retention Initiative,Metro Region Loyalty Cohort,15908997,Health Conscious Buyers Retention Segment,4976789753470273,Offer Spotlight Bold Voice,1582932391745882,Brand Awareness,36.53,9540,0,9674,19,19,100,63,35,221,202,0,0,0,0,20,0,43,0.48,1,0,0,8897,0
2026-06-24,Retail Media Network,Home Essentials Scale Initiative,Metro Region Prospecting Cohort,86057605,Family Planners Interest Segment,2052479131570920,Shelf Story Bold Voice,1037070944576843,Brand Awareness,0,0,0,0,0,0,0,0,0,0,0,0,0,0,0,0,0,0,0,0,0,0,0,0
2026-06-24,Discovery Network,Weekend Saver Retention Initiative,Metro Region Loyalty Cohort,15908997,Family Planners Lookalike Segment,7248228093339312,Price Drop Cut Value Voice,9781212069592701,Brand Awareness,98.98,21986,0,21241,44,93,100,100,100,370,319,0,0,0,0,23,0,92,0.38,0,1,0,23448,0
2026-06-24,Marketplace Feed,Family Pantry Retention Initiative,Metro Region Conversion Cohort,15908997,Weekend Deal Hunters Interest Segment,6202516839870495,Shelf Story Value Voice,1077582730962642,Catalog Engagement,0,0,0,0,0,0,0,0,0,0,0,0,0,0,0,0,0,0,0,0,0,0,0,0
2026-06-24,Social Feed,Seasonal Select Promo Initiative,Metro Region Loyalty Cohort,15908997,Health Conscious Buyers Interest Segment,1532426936569806,Shelf Story Bold Voice,1082336609132049,Brand Awareness,81.11,22634,0,24350,44,100,100,100,100,414,333,0,0,0,0,32,0,79,0.35,0,3,0,22062,0
2026-06-24,Affiliate Network,Seasonal Select Promo Initiative,Metro Region Loyalty Cohort,15908997,Family Planners Lookalike Segment,1718074286658736,Shelf Story Bold Voice,4278310985669178,Brand Awareness,241.71,49118,0,50107,110,100,100,100,100,933,770,0,0,0,0,243,0,403,0.70,0,2,0,49239,0
2026-06-24,Discovery Network,Seasonal Select Promo Initiative,Metro Region Loyalty Cohort,15908997,Health Conscious Buyers Retention Segment,3613956286158588,Offer Spotlight Value Voice,9011752711561329,Brand Awareness,33.17,6724,0,6758,30,100,100,100,100,165,141,0,0,0,0,5,0,30,0.45,0,0,0,6808,0
2026-06-24,Influencer Network,Weekend Saver Retention Initiative,Metro Region Loyalty Cohort,15908997,Health Conscious Buyers Interest Segment,1334393532567969,Shelf Story Warm Voice,2520693897922300,Brand Awareness,309.37,52497,0,59715,131,100,100,100,100,1525,1255,0,0,3,0,374,0,543,0.93,1,4,0,61456,0
2026-06-24,Influencer Network,Seasonal Select Promo Initiative,Metro Region Loyalty Cohort,15908997,Health Conscious Buyers Retention Segment,3613956286158588,Promo Banner Warm Voice,3456261421148856,Brand Awareness,136.97,26059,0,27455,72,100,100,100,100,865,839,0,0,0,0,43,0,102,0.39,0,3,0,26831,0
2026-06-24,Affiliate Network,Home Essentials Scale Initiative,Metro Region Prospecting Cohort,86057605,Family Planners Interest Segment,2052479131570920,Product Reel Bold Voice,8230132190292546,Brand Awareness,0,0,0,0,0,0,0,0,0,0,0,0,0,0,0,0,0,0,0,0,0,0,0,0
2026-06-24,Influencer Network,Weekend Saver Retention Initiative,Metro Region Loyalty Cohort,15908997,Health Conscious Buyers Retention Segment,4136110625615180,Price Drop Cut Value Voice,1316048837324374,Brand Awareness,88.03,21411,0,23182,30,100,100,100,100,463,388,0,0,1,0,16,0,62,0.31,0,1,0,17570,0
2026-06-24,Discovery Network,Family Pantry Retention Initiative,Metro Region Loyalty Cohort,15908997,Family Planners Lookalike Segment,1665761135741679,Shelf Story Warm Voice,2902136042807068,Brand Awareness,446.68,62400,0,56823,323,100,100,100,100,9947,8980,0,0,11,0,2163,0,2114,2.80,2,58,0,56437,0
2026-06-24,Connected TV,Weekend Saver Retention Initiative,Metro Region Loyalty Cohort,15908997,Health Conscious Buyers Interest Segment,1334393532567969,Shelf Story Warm Voice,8045514033882153,Brand Awareness,299.6,53181,0,58593,132,100,100,100,100,1565,1403,0,0,3,0,568,0,624,0.99,1,4,0,55394,0
2026-06-24,Discovery Network,Family Pantry Retention Initiative,Metro Region Loyalty Cohort,15908997,Health Conscious Buyers Retention Segment,4976789753470273,Shelf Story Warm Voice,5506678816268127,Brand Awareness,167.36,30393,0,34013,68,100,100,100,100,1580,1440,0,0,0,0,100,0,169,0.59,1,3,0,28114,0
2026-06-24,Discovery Network,Family Pantry Retention Initiative,Metro Region Loyalty Cohort,15908997,Health Conscious Buyers Interest Segment,1474840462607869,Shelf Story Warm Voice,5682500646683685,Brand Awareness,376.94,50095,0,50466,175,100,100,100,100,5553,4430,0,0,2,0,585,0,737,1.17,1,10,0,53754,0
2026-06-24,Display Network,Family Pantry Retention Initiative,Metro Region Loyalty Cohort,15908997,Family Planners Lookalike Segment,1665761135741679,Shelf Story Warm Voice,1450951256520921,Brand Awareness,9.8,2215,0,2414,2,11,57,22,12,37,32,0,0,0,0,9,0,9,0.3,0,0,0,2578,0
2026-06-24,Connected TV,Family Pantry Retention Initiative,Metro Region Loyalty Cohort,15908997,Health Conscious Buyers Retention Segment,1669733702699813,Collection Showcase Warm Voice,1788908453907262,Brand Awareness,65.01,11883,0,13209,31,83,100,100,94,452,382,0,0,0,0,34,0,69,0.44,0,0,0,11344,0
2026-06-24,Marketplace Feed,Weekend Saver Retention Initiative,Metro Region Loyalty Cohort,15908997,Health Conscious Buyers Interest Segment,1334393532567969,Shelf Story Bold Voice,7232280368739505,Brand Awareness,495.15,54798,0,62127,243,100,100,100,100,5344,4241,0,0,5,0,1135,0,1208,1.9,1,13,0,56637,0
2026-06-24,Search Network,Family Pantry Retention Initiative,Metro Region Loyalty Cohort,15908997,Health Conscious Buyers Retention Segment,1669733702699813,Promo Banner Friendly Voice,4647140982681565,Brand Awareness,175.93,33254,0,35783,112,100,100,100,100,991,1058,0,0,0,0,41,0,170,0.44,0,0,0,32801,0
2026-06-24,In-App Display,Weekend Saver Retention Initiative,Metro Region Loyalty Cohort,15908997,Health Conscious Buyers Retention Segment,4136110625615180,Offer Spotlight Bold Voice,3833443174798849,Brand Awareness,17.80,5573,0,6086,11,9,75,24,14,48,39,0,0,0,0,0,0,20,0.33,0,0,0,6692,0
2026-06-24,Affiliate Network,Family Pantry Retention Initiative,Metro Region Loyalty Cohort,15908997,Family Planners Lookalike Segment,1665761135741679,Promo Banner Friendly Voice,1647756988327695,Brand Awareness,260.50,36419,0,33285,88,100,100,100,100,1611,1467,0,0,1,0,502,0,593,1.34,1,7,0,34084,0
2026-06-24,Affiliate Network,Family Pantry Retention Initiative,Metro Region Loyalty Cohort,15908997,Family Planners Lookalike Segment,1002710949555221,Shelf Story Warm Voice,1655044419034925,Brand Awareness,18.0,3795,0,3987,5,64,100,100,79,170,157,0,0,0,0,27,0,32,0.83,0,3,0,4001,0
2026-06-24,Shopping Grid,Family Pantry Retention Initiative,Metro Region Loyalty Cohort,15908997,Health Conscious Buyers Retention Segment,1669733702699813,Shelf Story Warm Voice,2604915282803870,Brand Awareness,4.6,970,0,1149,1,6,34,12,7,26,24,0,0,0,0,1,0,3,0.22,0,0,0,855,0
2026-06-24,Retail Media Network,Home Essentials Scale Initiative,Metro Region Prospecting Cohort,86057605,Family Planners Interest Segment,2052479131570920,Shelf Story Warm Voice,1781570544556972,Brand Awareness,0,0,0,0,0,0,0,0,0,0,0,0,0,0,0,0,0,0,0,0,0,0,0,0
2026-06-24,Marketplace Feed,Family Pantry Retention Initiative,Metro Region Loyalty Cohort,15908997,Family Planners Lookalike Segment,1002710949555221,Shelf Story Warm Voice,5797898098365146,Brand Awareness,247.81,52326,0,47718,177,100,100,100,100,3989,3940,0,0,0,0,308,0,545,1.00,5,9,0,49135,0
2026-06-24,Display Network,Family Pantry Retention Initiative,Metro Region Loyalty Cohort,15908997,Family Planners Lookalike Segment,1665761135741679,Shelf Story Warm Voice,2793262031628184,Brand Awareness,318.1,51243,0,57956,180,100,100,100,100,2825,2084,0,0,0,0,452,0,612,1.05,2,14,0,58051,0
2026-06-24,Video Network,Family Pantry Retention Initiative,Metro Region Loyalty Cohort,15908997,Health Conscious Buyers Interest Segment,1474840462607869,Offer Spotlight Bold Voice,3530423296641236,Brand Awareness,82.02,16622,0,20716,51,79,100,100,100,826,660,0,0,0,0,108,0,171,0.89,0,1,0,17353,0
2026-06-24,Marketplace Feed,Weekend Saver Retention Initiative,Metro Region Loyalty Cohort,15908997,Family Planners Lookalike Segment,7248228093339312,Price Drop Cut Value Voice,9318406623487279,Brand Awareness,76.65,20154,0,24309,39,49,100,100,76,206,169,0,0,0,0,10,0,66,0.36,0,1,0,23303,0
2026-06-24,Influencer Network,Family Pantry Retention Initiative,Metro Region Loyalty Cohort,15908997,Health Conscious Buyers Retention Segment,4976789753470273,Shelf Story Warm Voice,4041974945367907,Brand Awareness,103.13,20407,0,22091,53,100,100,100,100,1241,1167,0,0,0,0,51,0,128,0.56,0,3,0,21877,0
2026-06-24,Display Network,Weekend Saver Retention Initiative,Metro Region Loyalty Cohort,15908997,Health Conscious Buyers Interest Segment,1334393532567969,Price Drop Cut Value Voice,1109002298095593,Brand Awareness,541.12,123988,0,110262,177,100,100,100,100,3006,2550,0,0,0,0,243,0,505,0.44,3,7,0,119087,0
2026-06-24,Display Network,Family Pantry Retention Initiative,Metro Region Loyalty Cohort,15908997,Family Planners Lookalike Segment,1665761135741679,Shelf Story Bold Voice,1220357368781053,Brand Awareness,11.80,2248,0,1988,1,7,33,15,10,42,33,0,0,0,0,14,0,12,0.57,0,1,0,1844,0
2026-06-24,In-App Display,Family Pantry Retention Initiative,Metro Region Loyalty Cohort,15908997,Health Conscious Buyers Interest Segment,9013382232369046,Shelf Story Value Voice,1103993184708534,Brand Awareness,82.32,22469,0,20407,35,71,100,100,78,281,213,0,0,0,0,52,0,98,0.43,0,2,0,19781,0
2026-06-24,Discovery Network,Family Pantry Retention Initiative,Metro Region Loyalty Cohort,15908997,Health Conscious Buyers Interest Segment,9013382232369046,Price Drop Cut Value Voice,4186893344787278,Brand Awareness,9.85,1723,0,1737,5,13,47,24,18,25,25,0,0,0,0,4,0,9,0.41,0,0,0,1950,0
2026-06-24,Shopping Grid,Family Pantry Retention Initiative,Metro Region Loyalty Cohort,15908997,Health Conscious Buyers Retention Segment,1669733702699813,Shelf Story Warm Voice,6197978194612129,Brand Awareness,9.48,2856,0,3004,2,9,66,22,15,44,46,0,0,0,0,1,0,4,0.14,0,0,0,2634,0
2026-06-24,Marketplace Feed,Family Pantry Retention Initiative,Metro Region Loyalty Cohort,15908997,Health Conscious Buyers Interest Segment,9013382232369046,Shelf Story Warm Voice,5257839822274418,Brand Awareness,160.75,28245,0,26026,81,100,100,100,100,995,929,0,0,2,0,257,0,359,1.05,1,3,0,25498,0
2026-06-24,Video Network,Seasonal Select Promo Initiative,Metro Region Loyalty Cohort,15908997,Family Planners Lookalike Segment,1718074286658736,Shelf Story Warm Voice,1532291780998103,Brand Awareness,330.02,57801,0,56943,179,100,100,100,100,1879,1880,0,0,2,0,423,0,472,1.00,1,11,0,59185,0
2026-06-24,In-App Display,Family Pantry Retention Initiative,Metro Region Loyalty Cohort,15908997,Health Conscious Buyers Interest Segment,9013382232369046,Shelf Story Warm Voice,3768518651506601,Brand Awareness,10.92,2192,0,2322,6,8,50,20,12,40,33,0,0,0,0,2,0,14,0.60,0,0,0,1924,0
2026-06-24,Display Network,Family Pantry Retention Initiative,Metro Region Loyalty Cohort,15908997,Health Conscious Buyers Retention Segment,1669733702699813,Shelf Story Bold Voice,4391005331160720,Brand Awareness,5.82,1105,0,1215,0,3,25,11,3,23,19,0,0,0,0,1,0,2,0.16,0,0,0,1020,0
2026-06-24,Search Network,Weekend Saver Retention Initiative,Metro Region Loyalty Cohort,15908997,Health Conscious Buyers Interest Segment,1334393532567969,Offer Spotlight Bold Voice,3220054077294586,Brand Awareness,157.10,42072,0,38875,61,88,100,100,96,391,306,0,0,0,0,45,0,144,0.29,0,3,0,40557,0
2026-06-24,Marketplace Feed,Family Pantry Retention Initiative,Metro Region Loyalty Cohort,15908997,Family Planners Lookalike Segment,1002710949555221,Shelf Story Warm Voice,1647332301297595,Brand Awareness,9.85,3207,0,3113,7,11,68,29,14,52,48,0,0,0,0,11,0,18,0.56,0,1,0,2879,0
2026-06-24,Affiliate Network,Seasonal Select Promo Initiative,Metro Region Loyalty Cohort,15908997,Family Planners Lookalike Segment,1718074286658736,Shelf Story Warm Voice,1533493773187614,Brand Awareness,347.4,57094,0,74180,205,100,100,100,100,1482,1313,0,0,1,0,285,0,467,0.74,0,7,0,62885,0
2026-06-24,Shopping Grid,Seasonal Select Promo Initiative,Metro Region Loyalty Cohort,15908997,Health Conscious Buyers Interest Segment,1532426936569806,Shelf Story Warm Voice,7193200529405455,Brand Awareness,43.60,12264,0,12021,34,100,100,100,100,192,164,0,0,0,0,6,0,42,0.30,0,1,0,10801,0
2026-06-24,In-App Display,Seasonal Select Promo Initiative,Metro Region Loyalty Cohort,15908997,Health Conscious Buyers Retention Segment,3613956286158588,Shelf Story Warm Voice,9626373394400677,Brand Awareness,103.11,22813,0,21155,51,100,100,100,100,357,372,0,0,0,0,15,0,80,0.39,1,2,0,20603,0
2026-06-24,Retail Media Network,Weekend Saver Retention Initiative,Metro Region Loyalty Cohort,15908997,Health Conscious Buyers Interest Segment,1334393532567969,Price Drop Cut Value Voice,2051943278335934,Brand Awareness,301.23,79079,0,82326,142,100,100,100,100,773,650,0,0,0,0,72,0,268,0.30,0,9,0,75800,0
2026-06-24,In-App Display,Weekend Saver Retention Initiative,Metro Region Loyalty Cohort,15908997,Health Conscious Buyers Retention Segment,4136110625615180,Shelf Story Bold Voice,5160906508093401,Brand Awareness,28.77,6213,0,5683,14,59,100,100,84,352,256,0,0,0,0,10,0,24,0.36,0,3,0,6367,0
2026-06-24,Video Network,Home Essentials Scale Initiative,Metro Region Prospecting Cohort,86057605,Family Planners Interest Segment,2052479131570920,Promo Banner Friendly Voice,7057211523700123,Brand Awareness,0,0,0,0,0,0,0,0,0,0,0,0,0,0,0,0,0,0,0,0,0,0,0,0
2026-06-24,Retail Media Network,Weekend Saver Retention Initiative,Metro Region Loyalty Cohort,15908997,Health Conscious Buyers Retention Segment,4136110625615180,Shelf Story Bold Voice,1238862856159509,Brand Awareness,17.4,5747,0,6401,8,18,100,42,26,76,68,0,0,0,0,4,0,12,0.16,0,0,0,6108,0
2026-06-24,Marketplace Feed,Seasonal Select Promo Initiative,Metro Region Loyalty Cohort,15908997,Family Planners Lookalike Segment,1718074286658736,Offer Spotlight Bold Voice,1638167476571035,Brand Awareness,54.65,13872,0,16545,26,82,100,100,100,293,247,0,0,0,0,49,0,83,0.51,0,0,0,12979,0
2026-06-24,Influencer Network,Weekend Saver Retention Initiative,Metro Region Loyalty Cohort,15908997,Health Conscious Buyers Retention Segment,4136110625615180,Shelf Story Warm Voice,5443423299390877,Brand Awareness,34.98,7927,0,8069,17,19,100,65,35,155,130,0,0,0,0,5,0,28,0.35,0,0,0,7880,0
2026-06-24,Search Network,Seasonal Select Promo Initiative,Metro Region Loyalty Cohort,15908997,Health Conscious Buyers Retention Segment,3613956286158588,Offer Spotlight Bold Voice,4607696881668990,Brand Awareness,6.21,1778,0,1850,3,2,29,6,3,8,7,0,0,0,0,1,0,2,0.14,0,0,0,1523,0
2026-06-24,Affiliate Network,Family Pantry Retention Initiative,Metro Region Loyalty Cohort,15908997,Family Planners Lookalike Segment,1665761135741679,Shelf Story Warm Voice,1280290142112652,Brand Awareness,4.82,947,0,880,1,6,20,9,9,15,11,0,0,0,0,2,0,3,0.27,0,0,0,801,0
2026-06-24,Influencer Network,Seasonal Select Promo Initiative,Metro Region Loyalty Cohort,15908997,Health Conscious Buyers Retention Segment,3613956286158588,Shelf Story Bold Voice,1755467445485119,Brand Awareness,63.71,16545,0,17838,33,100,100,100,100,251,210,0,0,0,0,19,0,75,0.40,0,2,0,16484,0
2026-06-24,Search Network,Weekend Saver Retention Initiative,Metro Region Loyalty Cohort,15908997,Family Planners Lookalike Segment,7248228093339312,Shelf Story Bold Voice,1269408759613688,Brand Awareness,52.61,15478,0,16689,30,42,100,92,50,148,145,0,0,0,0,4,0,53,0.4,1,3,0,15939,0
2026-06-23,Affiliate Network,Weekend Saver Retention Initiative,Metro Region Loyalty Cohort,15908997,Health Conscious Buyers Interest Segment,1334393532567969,Offer Spotlight Bold Voice,3220054077294586,Brand Awareness,75.20,21124,0,20064,34,35,100,86,50,158,150,0,0,0,0,56,0,79,0.42,0,1,0,22509,0
2026-06-23,Search Network,Seasonal Select Promo Initiative,Metro Region Loyalty Cohort,15908997,Health Conscious Buyers Interest Segment,1532426936569806,Shelf Story Warm Voice,7193200529405455,Brand Awareness,19.70,4192,0,4432,8,86,100,100,100,97,85,0,0,0,0,13,0,15,0.38,0,0,0,4414,0
2026-06-23,Video Network,Family Pantry Retention Initiative,Metro Region Loyalty Cohort,15908997,Health Conscious Buyers Retention Segment,1669733702699813,Shelf Story Warm Voice,1837904232519606,Brand Awareness,144.71,32660,0,30149,110,100,100,100,100,1140,1091,0,0,0,0,100,0,200,0.64,1,3,0,30655,0
2026-06-23,Retail Media Network,Family Pantry Retention Initiative,Metro Region Loyalty Cohort,15908997,Health Conscious Buyers Interest Segment,9013382232369046,Shelf Story Value Voice,1103993184708534,Brand Awareness,63.55,15918,0,18166,24,77,100,100,100,251,197,0,0,0,0,24,0,65,0.34,0,5,0,18381,0
2026-06-23,Discovery Network,Family Pantry Retention Initiative,Metro Region Loyalty Cohort,15908997,Health Conscious Buyers Interest Segment,9013382232369046,Shelf Story Warm Voice,1641518074556035,Brand Awareness,4.74,820,0,834,1,5,28,11,7,14,14,0,0,0,0,2,0,5,0.49,0,0,0,840,0
2026-06-23,Search Network,Family Pantry Retention Initiative,Metro Region Loyalty Cohort,15908997,Family Planners Lookalike Segment,1665761135741679,Shelf Story Warm Voice,2616618213121749,Brand Awareness,1037.82,161385,0,182847,840,100,100,100,100,37197,26859,0,0,30,0,6383,0,6550,3.94,35,231,0,185159,0
2026-06-23,Video Network,Family Pantry Retention Initiative,Metro Region Loyalty Cohort,15908997,Health Conscious Buyers Interest Segment,9013382232369046,Shelf Story Bold Voice,5904212741788775,Brand Awareness,16.09,3538,0,4449,6,20,70,33,20,85,74,0,0,0,0,10,0,15,0.36,0,0,0,4079,0
2026-06-23,Display Network,Family Pantry Retention Initiative,Metro Region Loyalty Cohort,15908997,Health Conscious Buyers Interest Segment,9013382232369046,Shelf Story Warm Voice,1099249066640891,Brand Awareness,401.14,57736,0,47235,292,100,100,100,100,8373,6542,0,0,5,0,1612,0,1430,2.9,4,30,0,55131,0
2026-06-23,Retail Media Network,Weekend Saver Retention Initiative,Metro Region Loyalty Cohort,15908997,Family Planners Lookalike Segment,7248228093339312,Price Drop Cut Value Voice,9781212069592701,Brand Awareness,185.34,42672,0,45057,85,100,100,100,100,930,939,0,0,1,0,61,0,180,0.42,1,4,0,38397,0
2026-06-23,In-App Display,Weekend Saver Retention Initiative,Metro Region Loyalty Cohort,15908997,Family Planners Lookalike Segment,7248228093339312,Offer Spotlight Bold Voice,1757288035719114,Brand Awareness,82.08,19015,0,18207,22,37,100,100,59,202,172,0,0,0,0,17,0,62,0.32,0,0,0,17089,0
2026-06-23,Marketplace Feed,Seasonal Select Promo Initiative,Metro Region Prospecting Cohort,86057605,Health Conscious Buyers Affinity Segment,1583198464464326,Promo Banner Friendly Voice,1472199163581113,Brand Awareness,0,0,0,0,0,0,0,0,0,0,0,0,0,0,0,0,0,0,0,0,0,0,0,0
2026-06-23,Video Network,Family Pantry Retention Initiative,Metro Region Loyalty Cohort,15908997,Family Planners Lookalike Segment,1002710949555221,Shelf Story Warm Voice,3185083078735744,Brand Awareness,102.56,17776,0,21321,60,100,100,100,100,1560,1474,0,0,1,0,93,0,161,0.82,0,5,0,19526,0
2026-06-23,Shopping Grid,Family Pantry Retention Initiative,Metro Region Loyalty Cohort,15908997,Health Conscious Buyers Interest Segment,1474840462607869,Shelf Story Warm Voice,4340134105081797,Brand Awareness,469.16,58621,0,57861,171,100,100,100,100,7420,6181,0,0,3,0,1215,0,1293,1.9,1,20,0,53600,0
2026-06-23,Search Network,Family Pantry Retention Initiative,Metro Region Loyalty Cohort,15908997,Health Conscious Buyers Interest Segment,9013382232369046,Shelf Story Warm Voice,5257839822274418,Brand Awareness,143.55,31095,0,30260,79,100,100,100,100,1165,981,0,0,0,0,201,0,239,0.90,0,5,0,27441,0
2026-06-23,Affiliate Network,Weekend Saver Retention Initiative,Metro Region Loyalty Cohort,15908997,Family Planners Lookalike Segment,7248228093339312,Shelf Story Bold Voice,1269408759613688,Brand Awareness,87.63,23855,0,23530,57,72,100,100,100,300,267,0,0,0,0,10,0,78,0.25,0,2,0,26285,0
2026-06-23,Marketplace Feed,Weekend Saver Retention Initiative,Metro Region Loyalty Cohort,15908997,Health Conscious Buyers Interest Segment,1334393532567969,Price Drop Cut Value Voice,1109002298095593,Brand Awareness,456.72,83838,0,81326,178,100,100,100,100,2156,2141,0,0,0,0,447,0,607,0.71,1,6,0,80274,0
2026-06-23,Marketplace Feed,Family Pantry Retention Initiative,Metro Region Loyalty Cohort,15908997,Family Planners Lookalike Segment,1665761135741679,Collection Showcase Warm Voice,5654112849815777,Brand Awareness,172.61,25194,0,28495,95,100,100,100,100,1045,838,0,0,1,0,352,0,408,1.4,0,2,0,27370,0
2026-06-23,Retail Media Network,Seasonal Select Promo Initiative,Metro Region Loyalty Cohort,15908997,Health Conscious Buyers Interest Segment,1532426936569806,Shelf Story Bold Voice,1082336609132049,Brand Awareness,123.31,32837,0,33970,71,100,100,100,100,507,356,0,0,0,0,32,0,112,0.3,0,2,0,28296,0
2026-06-23,Discovery Network,Seasonal Select Promo Initiative,Metro Region Loyalty Cohort,15908997,Family Planners Lookalike Segment,1718074286658736,Shelf Story Bold Voice,4278310985669178,Brand Awareness,196.90,39488,0,40814,87,100,100,100,100,1043,877,0,0,0,0,403,0,441,1.23,0,2,0,32862,0
2026-06-23,Discovery Network,Family Pantry Retention Initiative,Metro Region Loyalty Cohort,15908997,Health Conscious Buyers Interest Segment,9013382232369046,Shelf Story Warm Voice,8148838999548557,Brand Awareness,31.17,9063,0,9479,11,60,100,100,84,198,148,0,0,0,0,6,0,21,0.19,0,0,0,8071,0
2026-06-23,Discovery Network,Family Pantry Retention Initiative,Metro Region Loyalty Cohort,15908997,Health Conscious Buyers Interest Segment,1474840462607869,Shelf Story Warm Voice,8486205212439809,Brand Awareness,175.76,35791,0,38729,80,100,100,100,100,911,855,0,0,0,0,263,0,371,0.97,6,0,0,36015,0
2026-06-23,Connected TV,Weekend Saver Retention Initiative,Metro Region Loyalty Cohort,15908997,Health Conscious Buyers Retention Segment,4136110625615180,Price Drop Cut Value Voice,1682844113945221,Brand Awareness,69.52,18890,0,20644,30,79,100,100,99,210,197,0,0,0,0,8,0,58,0.25,1,2,0,17838,0
2026-06-23,Video Network,Seasonal Select Promo Initiative,Metro Region Loyalty Cohort,15908997,Health Conscious Buyers Retention Segment,3613956286158588,Shelf Story Warm Voice,2259713911990191,Brand Awareness,160.32,26313,0,24939,81,100,100,100,100,932,669,0,0,0,0,46,0,131,0.5,1,1,0,22993,0
2026-06-23,Affiliate Network,Weekend Saver Retention Initiative,Metro Region Loyalty Cohort,15908997,Family Planners Lookalike Segment,7248228093339312,Shelf Story Warm Voice,6451368560487732,Brand Awareness,115.59,25471,0,25475,71,100,100,100,100,844,591,0,0,1,0,69,0,163,0.6,1,4,0,24269,0
2026-06-23,Shopping Grid,Seasonal Select Promo Initiative,Metro Region Loyalty Cohort,15908997,Health Conscious Buyers Interest Segment,1532426936569806,Offer Spotlight Value Voice,2894551765052346,Brand Awareness,55.7,10833,0,9108,29,100,100,100,100,289,233,0,0,0,0,10,0,43,0.38,0,1,0,10262,0
2026-06-23,Affiliate Network,Weekend Saver Retention Initiative,Metro Region Loyalty Cohort,15908997,Family Planners Lookalike Segment,7248228093339312,Price Drop Cut Value Voice,9318406623487279,Brand Awareness,129.71,29290,0,32054,51,87,100,100,100,292,266,0,0,0,0,31,0,88,0.29,0,3,0,28253,0
2026-06-23,Retail Media Network,Seasonal Select Promo Initiative,Metro Region Loyalty Cohort,15908997,Health Conscious Buyers Interest Segment,1532426936569806,Promo Banner Warm Voice,5732401046815275,Brand Awareness,126.95,28258,0,32102,101,100,100,100,100,1037,803,0,0,0,0,98,0,150,0.58,0,4,0,28564,0
2026-06-23,Discovery Network,Seasonal Select Promo Initiative,Metro Region Loyalty Cohort,15908997,Family Planners Lookalike Segment,1718074286658736,Offer Spotlight Value Voice,2074777970281390,Brand Awareness,174.82,24184,0,25164,111,100,100,100,100,869,728,0,0,0,0,107,0,188,0.74,0,6,0,26906,0
2026-06-23,Shopping Grid,Family Pantry Retention Initiative,Metro Region Loyalty Cohort,15908997,Family Planners Lookalike Segment,1665761135741679,Shelf Story Bold Voice,1220357368781053,Brand Awareness,30.52,5165,0,5403,6,8,54,23,10,76,75,0,0,0,0,34,0,33,0.66,0,0,0,4806,0
2026-06-23,In-App Display,Family Pantry Retention Initiative,Metro Region Loyalty Cohort,15908997,Health Conscious Buyers Interest Segment,9013382232369046,Collection Showcase Warm Voice,3199746654625132,Brand Awareness,22.14,3986,0,3899,20,74,100,100,93,252,204,0,0,0,0,14,0,41,0.89,0,1,0,4309,0
2026-06-23,In-App Display,Family Pantry Retention Initiative,Metro Region Loyalty Cohort,15908997,Family Planners Lookalike Segment,1665761135741679,Shelf Story Value Voice,5225143865411760,Brand Awareness,76.20,20708,0,18667,27,40,100,72,40,147,137,0,0,0,0,42,0,75,0.41,0,4,0,20401,0
2026-06-23,Retail Media Network,Weekend Saver Retention Initiative,Metro Region Loyalty Cohort,15908997,Health Conscious Buyers Retention Segment,4136110625615180,Price Drop Cut Value Voice,1316048837324374,Brand Awareness,117.89,30206,0,26899,69,100,100,100,100,736,728,0,0,0,0,36,0,126,0.41,1,2,0,24585,0
2026-06-23,Connected TV,Seasonal Select Promo Initiative,Metro Region Loyalty Cohort,15908997,Health Conscious Buyers Interest Segment,1532426936569806,Shelf Story Warm Voice,9953353036347574,Brand Awareness,185.51,35853,0,41218,129,100,100,100,100,1009,763,0,0,0,0,68,0,170,0.53,1,8,0,40085,0
2026-06-23,Connected TV,Family Pantry Retention Initiative,Metro Region Loyalty Cohort,15908997,Health Conscious Buyers Retention Segment,1669733702699813,Shelf Story Warm Voice,5602072675253918,Brand Awareness,206.84,30300,0,27762,150,100,100,100,100,3341,2791,0,0,1,0,292,0,400,1.29,1,7,0,32937,0
2026-06-23,Influencer Network,Family Pantry Retention Initiative,Metro Region Loyalty Cohort,15908997,Family Planners Lookalike Segment,1665761135741679,Shelf Story Warm Voice,1280290142112652,Brand Awareness,4.40,863,0,947,2,15,43,24,17,30,31,0,0,0,0,3,0,6,0.69,0,0,0,856,0
2026-06-23,Shopping Grid,Weekend Saver Retention Initiative,Metro Region Loyalty Cohort,15908997,Family Planners Lookalike Segment,7248228093339312,Shelf Story Warm Voice,1150526236199258,Brand Awareness,100.8,20633,0,24466,41,100,100,100,100,459,379,0,0,0,0,64,0,104,0.43,0,0,0,22440,0
2026-06-23,In-App Display,Family Pantry Retention Initiative,Metro Region Loyalty Cohort,15908997,Family Planners Lookalike Segment,1665761135741679,Shelf Story Warm Voice,2793262031628184,Brand Awareness,252.58,41266,0,42495,183,100,100,100,100,2253,1727,0,0,1,0,432,0,574,1.14,7,10,0,49314,0
2026-06-23,Video Network,Family Pantry Retention Initiative,Metro Region Loyalty Cohort,15908997,Family Planners Lookalike Segment,1665761135741679,Promo Banner Friendly Voice,1647756988327695,Brand Awareness,299.6,35479,0,39915,115,100,100,100,100,2095,1565,0,0,0,0,579,0,536,1.52,0,12,0,39436,0
2026-06-23,Marketplace Feed,Weekend Saver Retention Initiative,Metro Region Loyalty Cohort,15908997,Health Conscious Buyers Retention Segment,4136110625615180,Shelf Story Bold Voice,1238862856159509,Brand Awareness,11.56,3511,0,3329,8,24,99,33,27,70,54,0,0,0,0,4,0,14,0.38,0,0,0,3175,0
2026-06-23,Search Network,Family Pantry Retention Initiative,Metro Region Loyalty Cohort,15908997,Health Conscious Buyers Retention Segment,1669733702699813,Shelf Story Warm Voice,2604915282803870,Brand Awareness,3.95,722,0,676,0,2,33,10,3,24,20,0,0,0,0,0,0,0,0,0,0,0,688,0
2026-06-23,Marketplace Feed,Seasonal Select Promo Initiative,Metro Region Loyalty Cohort,15908997,Family Planners Lookalike Segment,1718074286658736,Shelf Story Warm Voice,1532291780998103,Brand Awareness,338.02,48681,0,45898,174,100,100,100,100,1912,1601,0,0,1,0,619,0,663,1.58,1,7,0,48165,0
2026-06-23,Social Feed,Seasonal Select Promo Initiative,Metro Region Loyalty Cohort,15908997,Family Planners Lookalike Segment,1718074286658736,Shelf Story Warm Voice,1533493773187614,Brand Awareness,293.49,47667,0,45651,156,100,100,100,100,1527,1298,0,0,1,0,531,0,628,1.20,0,10,0,46245,0
2026-06-23,Influencer Network,Family Pantry Retention Initiative,Metro Region Loyalty Cohort,15908997,Family Planners Lookalike Segment,1002710949555221,Shelf Story Warm Voice,1647332301297595,Brand Awareness,17.40,6685,0,7281,13,28,100,51,31,95,91,0,0,0,0,10,0,29,0.41,0,0,0,6699,0
2026-06-23,Discovery Network,Family Pantry Retention Initiative,Metro Region Loyalty Cohort,15908997,Health Conscious Buyers Interest Segment,9013382232369046,Shelf Story Warm Voice,3768518651506601,Brand Awareness,13.70,3763,0,4305,10,21,100,43,28,94,71,0,0,0,0,4,0,22,0.46,0,1,0,4158,0
2026-06-23,Retail Media Network,Weekend Saver Retention Initiative,Metro Region Loyalty Cohort,15908997,Health Conscious Buyers Interest Segment,1334393532567969,Shelf Story Bold Voice,8314765461987923,Brand Awareness,78.09,17224,0,20758,29,90,100,100,100,333,286,0,0,0,0,88,0,129,0.59,0,0,0,16979,0
2026-06-23,Display Network,Family Pantry Retention Initiative,Metro Region Loyalty Cohort,15908997,Health Conscious Buyers Interest Segment,9013382232369046,Price Drop Cut Value Voice,4186893344787278,Brand Awareness,16.82,3816,0,3923,10,46,100,75,56,95,77,0,0,0,0,6,0,17,0.50,0,0,0,3615,0
2026-06-23,Video Network,Family Pantry Retention Initiative,Metro Region Loyalty Cohort,15908997,Health Conscious Buyers Interest Segment,9013382232369046,Promo Banner Friendly Voice,1538508227020088,Brand Awareness,31.45,5901,0,5930,25,100,100,100,100,203,191,0,0,0,0,23,0,59,0.88,0,2,0,4681,0
2026-06-23,Search Network,Family Pantry Retention Initiative,Metro Region Loyalty Cohort,15908997,Health Conscious Buyers Retention Segment,1669733702699813,Promo Banner Friendly Voice,4647140982681565,Brand Awareness,102.92,23078,0,23688,69,100,100,100,100,645,562,0,0,0,0,36,0,111,0.45,3,6,0,24292,0
2026-06-23,Shopping Grid,Seasonal Select Promo Initiative,Metro Region Loyalty Cohort,15908997,Health Conscious Buyers Retention Segment,3613956286158588,Offer Spotlight Bold Voice,4607696881668990,Brand Awareness,6,1690,0,1925,1,7,34,17,13,21,17,0,0,0,0,0,0,2,0.09,0,0,0,1682,0
2026-06-23,Marketplace Feed,Weekend Saver Retention Initiative,Metro Region Loyalty Cohort,15908997,Family Planners Lookalike Segment,7248228093339312,Shelf Story Bold Voice,3411200546175283,Brand Awareness,92.93,16716,0,16036,82,100,100,100,100,1171,1127,0,0,0,0,76,0,138,0.75,0,1,0,14527,0
2026-06-23,Retail Media Network,Family Pantry Retention Initiative,Metro Region Loyalty Cohort,15908997,Health Conscious Buyers Retention Segment,1669733702699813,Collection Showcase Warm Voice,1788908453907262,Brand Awareness,56.27,12612,0,12554,25,59,100,100,91,402,309,0,0,0,0,28,0,58,0.38,1,3,0,11369,0
2026-06-23,Connected TV,Family Pantry Retention Initiative,Metro Region Loyalty Cohort,15908997,Family Planners Lookalike Segment,1665761135741679,Shelf Story Warm Voice,2902136042807068,Brand Awareness,575.47,66836,0,70582,324,100,100,100,100,10261,9212,0,0,11,0,3027,0,2860,3.36,10,52,0,66839,0
2026-06-23,Influencer Network,Family Pantry Retention Initiative,Metro Region Loyalty Cohort,15908997,Family Planners Lookalike Segment,1665761135741679,Shelf Story Warm Voice,1450951256520921,Brand Awareness,10.63,2731,0,2428,5,11,81,33,18,68,54,0,0,0,0,5,0,11,0.40,0,0,0,2711,0
2026-06-23,Retail Media Network,Family Pantry Retention Initiative,Metro Region Loyalty Cohort,15908997,Health Conscious Buyers Interest Segment,1474840462607869,Shelf Story Warm Voice,9110304031000052,Brand Awareness,183.48,24414,0,26588,60,100,100,100,100,1600,1448,0,0,0,0,431,0,389,1.50,1,3,0,22808,0
2026-06-23,Display Network,Family Pantry Retention Initiative,Metro Region Loyalty Cohort,15908997,Family Planners Lookalike Segment,1665761135741679,Promo Banner Friendly Voice,6598720554447191,Brand Awareness,4.14,938,0,1091,1,7,29,18,11,26,22,0,0,0,0,1,0,3,0.32,0,0,0,924,0
2026-06-23,Retail Media Network,Family Pantry Retention Initiative,Metro Region Loyalty Cohort,15908997,Family Planners Lookalike Segment,1665761135741679,Shelf Story Warm Voice,6549680554582288,Brand Awareness,97.13,24347,0,22595,49,90,100,100,100,297,235,0,0,0,0,32,0,86,0.4,0,0,0,25759,0
2026-06-23,Search Network,Home Essentials Scale Initiative,Metro Region Prospecting Cohort,86057605,Family Planners Interest Segment,2052479131570920,Shelf Story Warm Voice,1453411941100364,Brand Awareness,0,0,0,0,0,0,0,0,0,0,0,0,0,0,0,0,0,0,0,0,0,0,0,0
2026-06-23,Video Network,Family Pantry Retention Initiative,Metro Region Loyalty Cohort,15908997,Health Conscious Buyers Retention Segment,1669733702699813,Promo Banner Friendly Voice,1414897562821209,Brand Awareness,4.38,1142,0,1192,3,5,23,11,5,13,12,0,0,0,0,0,0,2,0.15,0,0,0,1073,0
2026-06-23,Shopping Grid,Family Pantry Retention Initiative,Metro Region Loyalty Cohort,15908997,Health Conscious Buyers Retention Segment,1669733702699813,Shelf Story Warm Voice,6197978194612129,Brand Awareness,8.11,1869,0,1957,1,13,61,22,16,49,39,0,0,0,0,1,0,2,0.08,0,0,0,1839,0
2026-06-23,Video Network,Family Pantry Retention Initiative,Metro Region Loyalty Cohort,15908997,Health Conscious Buyers Retention Segment,4976789753470273,Shelf Story Warm Voice,1212856722898025,Brand Awareness,42,7655,0,7621,12,90,100,100,100,274,284,0,0,0,0,24,0,40,0.38,0,1,0,8322,0
2026-06-23,Shopping Grid,Seasonal Select Promo Initiative,Metro Region Loyalty Cohort,15908997,Family Planners Lookalike Segment,1718074286658736,Promo Banner Warm Voice,1089449421739833,Brand Awareness,382.25,50253,0,53232,189,100,100,100,100,2745,2213,0,0,0,0,1079,0,1125,1.96,2,14,0,59446,0
2026-06-23,Discovery Network,Family Pantry Retention Initiative,Metro Region Loyalty Cohort,15908997,Health Conscious Buyers Retention Segment,1669733702699813,Shelf Story Warm Voice,4211876559793011,Brand Awareness,52.03,16731,0,17413,14,51,100,95,66,162,119,0,0,0,0,4,0,27,0.2,1,0,0,15415,0
2026-06-23,Influencer Network,Seasonal Select Promo Initiative,Metro Region Loyalty Cohort,15908997,Health Conscious Buyers Retention Segment,3613956286158588,Shelf Story Warm Voice,9626373394400677,Brand Awareness,117.46,21487,0,26575,48,100,100,100,100,409,415,0,0,0,0,38,0,93,0.33,0,0,0,22936,0
2026-06-23,Retail Media Network,Home Essentials Scale Initiative,Metro Region Prospecting Cohort,86057605,Family Planners Interest Segment,2052479131570920,Price Drop Cut Value Voice,1450690616595384,Brand Awareness,0,0,0,0,0,0,0,0,0,0,0,0,0,0,0,0,0,0,0,0,0,0,0,0
2026-06-23,Influencer Network,Weekend Saver Retention Initiative,Metro Region Loyalty Cohort,15908997,Health Conscious Buyers Retention Segment,4136110625615180,Shelf Story Warm Voice,5443423299390877,Brand Awareness,66.33,17851,0,18011,31,68,100,100,100,347,347,0,0,0,0,28,0,58,0.35,0,0,0,17758,0
2026-06-23,In-App Display,Family Pantry Retention Initiative,Metro Region Loyalty Cohort,15908997,Health Conscious Buyers Interest Segment,9013382232369046,Shelf Story Warm Voice,1177430610668804,Brand Awareness,630.39,134785,0,134135,563,100,100,100,100,23220,18262,0,0,29,0,5045,0,4733,3.40,21,149,0,135374,0
2026-06-23,Marketplace Feed,Family Pantry Retention Initiative,Metro Region Loyalty Cohort,15908997,Health Conscious Buyers Interest Segment,9013382232369046,Promo Banner Friendly Voice,1255871739760170,Brand Awareness,8.41,2884,0,2631,7,22,49,33,28,53,52,0,0,0,0,8,0,14,0.47,0,1,0,2473,0
2026-06-23,Affiliate Network,Weekend Saver Retention Initiative,Metro Region Loyalty Cohort,15908997,Health Conscious Buyers Retention Segment,4136110625615180,Shelf Story Warm Voice,1781261912151237,Brand Awareness,22.3,6448,0,5953,12,37,100,69,40,163,133,0,0,0,0,14,0,23,0.45,0,0,0,5437,0
2026-06-23,Social Feed,Family Pantry Retention Initiative,Metro Region Loyalty Cohort,15908997,Family Planners Lookalike Segment,1665761135741679,Price Drop Cut Value Voice,1192366617925175,Brand Awareness,84.95,15911,0,15912,38,100,100,100,100,356,313,0,0,0,0,80,0,115,0.64,0,6,0,19031,0
2026-06-23,Marketplace Feed,Family Pantry Retention Initiative,Metro Region Loyalty Cohort,15908997,Family Planners Lookalike Segment,1002710949555221,Offer Spotlight Bold Voice,7401589860358191,Brand Awareness,15.2,5109,0,5510,14,22,100,47,31,151,127,0,0,0,0,26,0,40,0.76,0,0,0,5040,0
2026-06-23,Shopping Grid,Weekend Saver Retention Initiative,Metro Region Loyalty Cohort,15908997,Health Conscious Buyers Interest Segment,1334393532567969,Shelf Story Bold Voice,7232280368739505,Brand Awareness,403.65,46938,0,39571,198,100,100,100,100,3914,3003,0,0,0,0,1520,0,1252,3.14,1,13,0,36444,0
2026-06-23,Display Network,Seasonal Select Promo Initiative,Metro Region Loyalty Cohort,15908997,Health Conscious Buyers Interest Segment,1532426936569806,Offer Spotlight Bold Voice,4433422745438620,Brand Awareness,18.13,5447,0,5607,18,38,100,70,41,83,83,0,0,0,0,5,0,31,0.48,0,0,0,5282,0
2026-06-23,Video Network,Seasonal Select Promo Initiative,Metro Region Loyalty Cohort,15908997,Health Conscious Buyers Retention Segment,3613956286158588,Offer Spotlight Value Voice,9011752711561329,Brand Awareness,34.56,8155,0,7100,17,100,100,100,100,184,143,0,0,0,0,6,0,29,0.41,1,2,0,8146,0
2026-06-23,Video Network,Family Pantry Retention Initiative,Metro Region Loyalty Cohort,15908997,Health Conscious Buyers Retention Segment,1669733702699813,Price Drop Cut Value Voice,6906673719698824,Brand Awareness,44.18,11866,0,11790,19,81,100,100,100,173,151,0,0,0,0,13,0,32,0.29,0,1,0,12909,0
2026-06-23,Social Feed,Family Pantry Retention Initiative,Metro Region Loyalty Cohort,15908997,Health Conscious Buyers Retention Segment,1669733702699813,Shelf Story Value Voice,1365467474223726,Brand Awareness,46.61,12212,0,13068,12,25,100,73,40,127,94,0,0,0,0,13,0,32,0.21,0,0,0,13527,0
2026-06-23,Discovery Network,Family Pantry Retention Initiative,Metro Region Loyalty Cohort,15908997,Health Conscious Buyers Retention Segment,1669733702699813,Shelf Story Warm Voice,1173063753252113,Brand Awareness,312.90,42877,0,46356,206,100,100,100,100,7067,5962,0,0,5,0,371,0,610,1.25,6,33,0,40581,0
2026-06-23,Marketplace Feed,Family Pantry Retention Initiative,Metro Region Loyalty Cohort,15908997,Health Conscious Buyers Retention Segment,4976789753470273,Offer Spotlight Bold Voice,1582932391745882,Brand Awareness,34.93,10025,0,9802,20,18,100,66,29,218,174,0,0,0,0,15,0,38,0.47,0,0,0,8710,0
2026-06-23,Retail Media Network,Family Pantry Retention Initiative,Metro Region Loyalty Cohort,15908997,Health Conscious Buyers Retention Segment,4976789753470273,Shelf Story Warm Voice,1220076337258804,Brand Awareness,48.20,12746,0,13254,31,57,100,100,58,257,190,0,0,0,0,23,0,64,0.38,1,0,0,13663,0
2026-06-23,Video Network,Family Pantry Retention Initiative,Metro Region Loyalty Cohort,15908997,Family Planners Lookalike Segment,1002710949555221,Shelf Story Warm Voice,5797898098365146,Brand Awareness,302.42,56796,0,56592,142,100,100,100,100,4939,4100,0,0,3,0,442,0,527,1.02,0,12,0,49303,0
2026-06-23,Connected TV,Weekend Saver Retention Initiative,Metro Region Loyalty Cohort,15908997,Health Conscious Buyers Retention Segment,4136110625615180,Offer Spotlight Bold Voice,3833443174798849,Brand Awareness,18.5,5412,0,5381,3,12,86,28,16,46,39,0,0,0,0,8,0,12,0.18,1,0,0,5454,0
2026-06-23,Display Network,Weekend Saver Retention Initiative,Metro Region Loyalty Cohort,15908997,Health Conscious Buyers Interest Segment,1334393532567969,Shelf Story Warm Voice,2520693897922300,Brand Awareness,284.80,46743,0,47892,120,100,100,100,100,1615,1355,0,0,3,0,833,0,847,1.65,0,2,0,48279,0
2026-06-23,Retail Media Network,Weekend Saver Retention Initiative,Metro Region Loyalty Cohort,15908997,Health Conscious Buyers Interest Segment,1334393532567969,Price Drop Cut Value Voice,2051943278335934,Brand Awareness,166.15,45073,0,40621,78,100,100,100,100,455,401,0,0,0,0,140,0,229,0.43,0,3,0,45319,0
2026-06-23,In-App Display,Weekend Saver Retention Initiative,Metro Region Loyalty Cohort,15908997,Health Conscious Buyers Retention Segment,4136110625615180,Shelf Story Bold Voice,5160906508093401,Brand Awareness,77.88,12873,0,14179,54,100,100,100,100,957,683,0,0,0,0,34,0,72,0.5,1,2,0,13015,0
2026-06-23,Social Feed,Family Pantry Retention Initiative,Metro Region Loyalty Cohort,15908997,Health Conscious Buyers Retention Segment,1669733702699813,Shelf Story Bold Voice,4391005331160720,Brand Awareness,3.84,1143,0,1135,2,2,17,8,3,19,17,0,0,0,0,4,0,5,0.48,0,0,0,1131,0
2026-06-23,Affiliate Network,Family Pantry Retention Initiative,Metro Region Conversion Cohort,38881639,Family Planners Lookalike Segment,1010331617086390,Shelf Story Warm Voice,1022962676348579,Brand Awareness,0,0,0,0,0,0,0,0,0,0,0,0,0,0,0,0,0,0,0,0,0,0,0,0
2026-06-23,Discovery Network,Family Pantry Retention Initiative,Metro Region Loyalty Cohort,15908997,Health Conscious Buyers Retention Segment,4976789753470273,Shelf Story Warm Voice,4041974945367907,Brand Awareness,135.17,28039,0,25725,56,100,100,100,100,1734,1290,0,0,1,0,107,0,186,0.65,1,3,0,26024,0
2026-06-23,Marketplace Feed,Seasonal Select Promo Initiative,Metro Region Loyalty Cohort,15908997,Health Conscious Buyers Retention Segment,3613956286158588,Shelf Story Bold Voice,1755467445485119,Brand Awareness,74.47,17668,0,15999,33,100,100,100,100,327,268,0,0,0,0,24,0,59,0.36,0,0,0,18412,0
2026-06-23,Connected TV,Seasonal Select Promo Initiative,Metro Region Loyalty Cohort,15908997,Family Planners Lookalike Segment,1718074286658736,Offer Spotlight Bold Voice,1638167476571035,Brand Awareness,61.12,12081,0,12152,21,100,100,100,100,365,244,0,0,0,0,68,0,87,0.64,0,4,0,13938,0
2026-06-23,Search Network,Family Pantry Retention Initiative,Metro Region Loyalty Cohort,15908997,Health Conscious Buyers Interest Segment,1474840462607869,Shelf Story Warm Voice,5682500646683685,Brand Awareness,400.21,59297,0,64034,151,100,100,100,100,5438,5083,0,0,2,0,964,0,806,1.34,0,16,0,58886,0
2026-06-23,Search Network,Seasonal Select Promo Initiative,Metro Region Loyalty Cohort,15908997,Health Conscious Buyers Retention Segment,3613956286158588,Promo Banner Warm Voice,3456261421148856,Brand Awareness,144.94,21482,0,22292,81,100,100,100,100,942,909,0,0,0,0,52,0,127,0.48,1,2,0,22340,0
2026-06-23,Influencer Network,Weekend Saver Retention Initiative,Metro Region Loyalty Cohort,15908997,Health Conscious Buyers Interest Segment,1334393532567969,Shelf Story Warm Voice,8045514033882153,Brand Awareness,280.6,40215,0,43237,79,100,100,100,100,1582,1361,0,0,1,0,1238,0,1115,1.85,2,10,0,49163,0
2026-06-23,Video Network,Family Pantry Retention Initiative,Metro Region Loyalty Cohort,15908997,Health Conscious Buyers Retention Segment,4976789753470273,Shelf Story Warm Voice,5506678816268127,Brand Awareness,140.08,24677,0,31035,53,100,100,100,100,1708,1724,0,0,0,0,136,0,152,0.60,2,4,0,23995,0
2026-06-23,Shopping Grid,Family Pantry Retention Initiative,Metro Region Loyalty Cohort,86057605,Health Conscious Buyers Interest Segment,1317849022166581,Shelf Story Warm Voice,4835139745633214,Brand Awareness,0,0,0,0,0,0,0,0,0,0,0,0,0,0,0,0,0,0,0,0,0,0,0,0
2026-06-23,Social Feed,Family Pantry Retention Initiative,Metro Region Loyalty Cohort,15908997,Health Conscious Buyers Interest Segment,1474840462607869,Offer Spotlight Bold Voice,3530423296641236,Brand Awareness,82.98,17978,0,20694,54,73,100,100,100,702,705,0,0,0,0,146,0,196,1.01,0,4,0,21007,0
2026-06-23,Video Network,Family Pantry Retention Initiative,Metro Region Loyalty Cohort,15908997,Family Planners Lookalike Segment,1002710949555221,Shelf Story Warm Voice,1655044419034925,Brand Awareness,21.07,4370,0,4970,12,87,100,100,100,271,191,0,0,0,0,29,0,44,1.01,0,4,0,4817,0
2026-06-22,Video Network,Family Pantry Retention Initiative,Metro Region Loyalty Cohort,15908997,Family Planners Lookalike Segment,1665761135741679,Shelf Story Warm Voice,2616618213121749,Brand Awareness,1089.2,197769,0,188969,883,100,100,100,100,38267,29433,0,0,55,0,7968,0,7953,3.76,41,241,0,193009,0
2026-06-22,Discovery Network,Seasonal Select Promo Initiative,Metro Region Loyalty Cohort,15908997,Health Conscious Buyers Interest Segment,1532426936569806,Promo Banner Warm Voice,5732401046815275,Brand Awareness,211.2,49905,0,52052,104,100,100,100,100,816,691,0,0,0,0,93,0,200,0.40,0,2,0,47736,0
2026-06-22,Connected TV,Family Pantry Retention Initiative,Metro Region Loyalty Cohort,15908997,Family Planners Lookalike Segment,1665761135741679,Collection Showcase Warm Voice,5654112849815777,Brand Awareness,239.24,28242,0,31712,82,100,100,100,100,1367,1219,0,0,0,0,581,0,506,1.92,0,8,0,30123,0
2026-06-22,Video Network,Family Pantry Retention Initiative,Metro Region Loyalty Cohort,15908997,Health Conscious Buyers Interest Segment,9013382232369046,Shelf Story Bold Voice,5904212741788775,Brand Awareness,8.52,1956,0,2078,7,13,59,24,18,64,51,0,0,0,0,5,0,14,0.49,0,0,0,1956,0
2026-06-22,Social Feed,Family Pantry Retention Initiative,Metro Region Loyalty Cohort,15908997,Health Conscious Buyers Interest Segment,9013382232369046,Shelf Story Warm Voice,1099249066640891,Brand Awareness,286.85,25458,0,29089,121,100,100,100,100,4621,4032,0,0,7,0,758,0,768,2.67,4,13,0,23835,0
2026-06-22,In-App Display,Family Pantry Retention Initiative,Metro Region Loyalty Cohort,15908997,Health Conscious Buyers Interest Segment,1474840462607869,Shelf Story Warm Voice,4340134105081797,Brand Awareness,354.02,49542,0,59291,189,100,100,100,100,7588,6308,0,0,3,0,1059,0,885,1.92,8,17,0,52758,0
2026-06-22,Retail Media Network,Seasonal Select Promo Initiative,Metro Region Loyalty Cohort,15908997,Family Planners Lookalike Segment,1718074286658736,Shelf Story Warm Voice,1532291780998103,Brand Awareness,392.37,51943,0,55629,155,100,100,100,100,1948,1621,0,0,0,0,727,0,911,1.57,5,18,0,48221,0
2026-06-22,Discovery Network,Seasonal Select Promo Initiative,Metro Region Loyalty Cohort,15908997,Family Planners Lookalike Segment,1718074286658736,Shelf Story Warm Voice,1533493773187614,Brand Awareness,295.12,42197,0,50342,140,100,100,100,100,1462,1341,0,0,0,0,488,0,523,1.15,1,6,0,43728,0
2026-06-22,Shopping Grid,Family Pantry Retention Initiative,Metro Region Loyalty Cohort,15908997,Family Planners Lookalike Segment,1665761135741679,Promo Banner Friendly Voice,6598720554447191,Brand Awareness,6.56,1368,0,1501,1,18,36,22,21,38,33,0,0,0,0,1,0,4,0.25,0,0,0,1386,0
2026-06-22,Affiliate Network,Seasonal Select Promo Initiative,Metro Region Loyalty Cohort,15908997,Health Conscious Buyers Retention Segment,3613956286158588,Promo Banner Warm Voice,3456261421148856,Brand Awareness,145.28,25465,0,22958,85,100,100,100,100,1200,838,0,0,0,0,49,0,129,0.51,0,1,0,26223,0
2026-06-22,Influencer Network,Family Pantry Retention Initiative,Metro Region Loyalty Cohort,15908997,Health Conscious Buyers Retention Segment,1669733702699813,Shelf Story Warm Voice,6197978194612129,Brand Awareness,9.76,2616,0,3028,5,13,53,31,20,47,48,0,0,0,0,5,0,7,0.2,0,0,0,2879,0
2026-06-22,Video Network,Family Pantry Retention Initiative,Metro Region Loyalty Cohort,15908997,Health Conscious Buyers Interest Segment,1474840462607869,Shelf Story Warm Voice,5682500646683685,Brand Awareness,362.17,56490,0,65472,143,100,100,100,100,6033,4631,0,0,2,0,759,0,824,1.19,4,11,0,59841,0
2026-06-22,Affiliate Network,Family Pantry Retention Initiative,Metro Region Loyalty Cohort,15908997,Health Conscious Buyers Retention Segment,1669733702699813,Shelf Story Warm Voice,1173063753252113,Brand Awareness,226.27,38630,0,39800,139,100,100,100,100,5014,4704,0,0,7,0,350,0,527,1.34,3,26,0,39589,0
2026-06-22,Discovery Network,Family Pantry Retention Initiative,Metro Region Loyalty Cohort,15908997,Health Conscious Buyers Interest Segment,9013382232369046,Promo Banner Friendly Voice,1255871739760170,Brand Awareness,6.22,1322,0,1460,3,16,44,21,17,38,32,0,0,0,0,3,0,8,0.59,0,0,0,1177,0
2026-06-22,Social Feed,Weekend Saver Retention Initiative,Metro Region Loyalty Cohort,15908997,Health Conscious Buyers Interest Segment,1334393532567969,Shelf Story Bold Voice,7232280368739505,Brand Awareness,205.81,18829,0,21712,72,100,100,100,100,1751,1662,0,0,5,0,1515,0,1364,5.83,1,8,0,21524,0
2026-06-22,Video Network,Family Pantry Retention Initiative,Metro Region Loyalty Cohort,15908997,Family Planners Lookalike Segment,1665761135741679,Shelf Story Warm Voice,6549680554582288,Brand Awareness,67.84,18139,0,15934,28,53,100,90,71,139,120,0,0,0,0,21,0,65,0.30,0,0,0,17359,0
2026-06-22,Affiliate Network,Family Pantry Retention Initiative,Metro Region Loyalty Cohort,15908997,Health Conscious Buyers Retention Segment,1669733702699813,Promo Banner Friendly Voice,1414897562821209,Brand Awareness,5.5,1073,0,1170,3,6,22,11,9,18,14,0,0,0,0,0,0,4,0.27,0,0,0,1253,0
2026-06-22,Affiliate Network,Family Pantry Retention Initiative,Metro Region Loyalty Cohort,15908997,Family Planners Lookalike Segment,1002710949555221,Shelf Story Warm Voice,1647332301297595,Brand Awareness,36.34,9859,0,10039,10,43,100,95,48,142,130,0,0,0,0,18,0,35,0.4,3,2,0,8783,0
2026-06-22,Influencer Network,Seasonal Select Promo Initiative,Metro Region Loyalty Cohort,15908997,Health Conscious Buyers Retention Segment,3613956286158588,Shelf Story Warm Voice,2259713911990191,Brand Awareness,156.76,25115,0,25919,61,100,100,100,100,1019,824,0,0,0,0,44,0,102,0.36,0,8,0,23900,0
2026-06-22,Display Network,Family Pantry Retention Initiative,Metro Region Loyalty Cohort,15908997,Health Conscious Buyers Interest Segment,9013382232369046,Shelf Story Warm Voice,3768518651506601,Brand Awareness,9.93,2302,0,2344,6,25,81,32,23,68,59,0,0,0,0,7,0,15,0.55,1,0,0,2518,0
2026-06-22,Influencer Network,Family Pantry Retention Initiative,Metro Region Conversion Cohort,15908997,Weekend Deal Hunters Interest Segment,6202516839870495,Shelf Story Value Voice,1077582730962642,Catalog Engagement,0,0,0,0,0,0,0,0,0,0,0,0,0,0,0,0,0,0,0,0,0,0,0,0
2026-06-22,Shopping Grid,Weekend Saver Retention Initiative,Metro Region Loyalty Cohort,15908997,Health Conscious Buyers Retention Segment,4136110625615180,Shelf Story Warm Voice,1781261912151237,Brand Awareness,2.53,493,0,500,1,9,21,9,9,17,15,0,0,0,0,1,0,2,0.28,0,0,0,500,0
2026-06-22,In-App Display,Seasonal Select Promo Initiative,Metro Region Loyalty Cohort,15908997,Family Planners Lookalike Segment,1718074286658736,Offer Spotlight Value Voice,2074777970281390,Brand Awareness,171.02,23651,0,24344,76,100,100,100,100,1076,893,0,0,0,0,119,0,192,0.8,0,6,0,23510,0
2026-06-22,Retail Media Network,Seasonal Select Promo Initiative,Metro Region Loyalty Cohort,15908997,Health Conscious Buyers Interest Segment,1532426936569806,Shelf Story Warm Voice,9953353036347574,Brand Awareness,63.78,17258,0,15258,38,100,100,100,100,287,238,0,0,0,0,21,0,73,0.42,0,1,0,14602,0
2026-06-22,Video Network,Weekend Saver Retention Initiative,Metro Region Loyalty Cohort,15908997,Family Planners Lookalike Segment,7248228093339312,Shelf Story Warm Voice,1150526236199258,Brand Awareness,208.62,33911,0,38379,69,100,100,100,100,837,845,0,0,1,0,108,0,179,0.47,1,7,0,38072,0
2026-06-22,In-App Display,Family Pantry Retention Initiative,Metro Region Loyalty Cohort,15908997,Family Planners Lookalike Segment,1665761135741679,Shelf Story Warm Voice,1280290142112652,Brand Awareness,7.11,1606,0,1591,5,17,51,23,19,52,50,0,0,0,0,5,0,9,0.53,0,0,0,1401,0
2026-06-22,Influencer Network,Family Pantry Retention Initiative,Metro Region Loyalty Cohort,15908997,Health Conscious Buyers Retention Segment,1669733702699813,Shelf Story Warm Voice,5602072675253918,Brand Awareness,201.94,26337,0,24538,94,100,100,100,100,3365,2776,0,0,0,0,222,0,309,1.08,0,6,0,22670,0
2026-06-22,Display Network,Family Pantry Retention Initiative,Metro Region Loyalty Cohort,15908997,Family Planners Lookalike Segment,1665761135741679,Shelf Story Value Voice,5225143865411760,Brand Awareness,107.5,21848,0,21392,36,46,100,100,57,221,191,0,0,0,0,82,0,129,0.52,0,0,0,22577,0
2026-06-22,Marketplace Feed,Seasonal Select Promo Initiative,Metro Region Loyalty Cohort,15908997,Family Planners Lookalike Segment,1718074286658736,Shelf Story Bold Voice,4278310985669178,Brand Awareness,259.2,47728,0,45185,105,100,100,100,100,1148,831,0,0,0,0,486,0,487,1.17,4,10,0,45479,0
2026-06-22,Retail Media Network,Family Pantry Retention Initiative,Metro Region Prospecting Cohort,86057605,Health Conscious Buyers Retention Segment,1345308351935222,Price Drop Cut Value Voice,6635833234332869,Brand Awareness,0,0,0,0,0,0,0,0,0,0,0,0,0,0,0,0,0,0,0,0,0,0,0,0
2026-06-22,Display Network,Family Pantry Retention Initiative,Metro Region Loyalty Cohort,15908997,Family Planners Lookalike Segment,1002710949555221,Offer Spotlight Bold Voice,7401589860358191,Brand Awareness,24.78,5424,0,6226,17,31,100,72,47,242,171,0,0,0,0,29,0,63,0.84,0,3,0,6814,0
2026-06-22,Search Network,Seasonal Select Demand Initiative,Metro Region Loyalty Cohort,15908997,Health Conscious Buyers Retention Segment,9223925519536552,Offer Spotlight Bold Voice,1119314133689227,Catalog Engagement,0,0,0,0,0,0,0,0,0,0,0,0,0,0,0,0,0,0,0,0,0,0,0,0
2026-06-22,Retail Media Network,Seasonal Select Promo Initiative,Metro Region Loyalty Cohort,15908997,Health Conscious Buyers Interest Segment,1532426936569806,Offer Spotlight Value Voice,2894551765052346,Brand Awareness,13.60,2333,0,2215,3,42,100,86,62,53,39,0,0,0,0,4,0,8,0.4,0,0,0,2438,0
2026-06-22,Social Feed,Family Pantry Retention Initiative,Metro Region Loyalty Cohort,15908997,Health Conscious Buyers Retention Segment,1669733702699813,Shelf Story Bold Voice,4391005331160720,Brand Awareness,10.14,2718,0,3199,11,10,49,19,12,51,41,0,0,0,0,3,0,14,0.48,0,0,0,2609,0
2026-06-22,Video Network,Family Pantry Retention Initiative,Metro Region Loyalty Cohort,15908997,Health Conscious Buyers Interest Segment,9013382232369046,Shelf Story Warm Voice,5257839822274418,Brand Awareness,118.42,26459,0,27937,62,100,100,100,100,740,663,0,0,1,0,163,0,219,0.70,0,4,0,24832,0
2026-06-22,Search Network,Seasonal Select Promo Initiative,Metro Region Loyalty Cohort,15908997,Health Conscious Buyers Interest Segment,1532426936569806,Offer Spotlight Bold Voice,4433422745438620,Brand Awareness,8.49,2769,0,2501,5,26,99,42,32,57,44,0,0,0,0,1,0,8,0.32,0,0,0,2752,0
2026-06-22,In-App Display,Weekend Saver Retention Initiative,Metro Region Loyalty Cohort,15908997,Health Conscious Buyers Retention Segment,4136110625615180,Shelf Story Bold Voice,1238862856159509,Brand Awareness,3.06,830,0,748,1,3,17,7,4,10,8,0,0,0,0,0,0,1,0.11,0,0,0,809,0
2026-06-22,Affiliate Network,Weekend Saver Retention Initiative,Metro Region Loyalty Cohort,15908997,Health Conscious Buyers Interest Segment,1334393532567969,Shelf Story Warm Voice,2520693897922300,Brand Awareness,316.09,47577,0,48015,84,94,100,100,100,1257,1047,0,0,0,0,1456,0,1095,2.80,1,10,0,43448,0
2026-06-22,Retail Media Network,Family Pantry Retention Initiative,Metro Region Loyalty Cohort,15908997,Health Conscious Buyers Retention Segment,4976789753470273,Shelf Story Warm Voice,1220076337258804,Brand Awareness,57.26,13984,0,14992,21,33,100,82,46,179,157,0,0,1,0,17,0,55,0.37,0,0,0,11959,0
2026-06-22,In-App Display,Seasonal Select Promo Initiative,Metro Region Loyalty Cohort,15908997,Health Conscious Buyers Retention Segment,3613956286158588,Offer Spotlight Bold Voice,4607696881668990,Brand Awareness,10.27,3360,0,3241,7,17,100,39,20,49,38,0,0,0,0,2,0,10,0.26,0,0,0,3327,0
2026-06-22,In-App Display,Family Pantry Retention Initiative,Metro Region Loyalty Cohort,15908997,Health Conscious Buyers Retention Segment,1669733702699813,Promo Banner Friendly Voice,4647140982681565,Brand Awareness,145.34,23388,0,25434,84,100,100,100,100,925,875,0,0,0,0,41,0,128,0.51,0,5,0,22414,0
2026-06-22,Shopping Grid,Family Pantry Retention Initiative,Metro Region Loyalty Cohort,15908997,Health Conscious Buyers Interest Segment,9013382232369046,Shelf Story Value Voice,1103993184708534,Brand Awareness,56.58,17822,0,20100,39,74,100,100,81,199,195,0,0,0,0,24,0,76,0.43,0,1,0,15159,0
2026-06-22,Marketplace Feed,Seasonal Select Promo Initiative,Metro Region Loyalty Cohort,15908997,Health Conscious Buyers Retention Segment,3613956286158588,Shelf Story Bold Voice,1755467445485119,Brand Awareness,113.79,22839,0,27312,66,100,100,100,100,460,410,0,0,0,0,23,0,108,0.39,0,2,0,23308,0
2026-06-22,Affiliate Network,Weekend Saver Retention Initiative,Metro Region Loyalty Cohort,15908997,Family Planners Lookalike Segment,7248228093339312,Shelf Story Bold Voice,3411200546175283,Brand Awareness,316.69,51064,0,49397,169,100,100,100,100,4088,3252,0,0,1,0,199,0,350,0.84,2,17,0,40858,0
2026-06-22,Search Network,Family Pantry Retention Initiative,Metro Region Loyalty Cohort,15908997,Health Conscious Buyers Retention Segment,4976789753470273,Shelf Story Warm Voice,1212856722898025,Brand Awareness,37.17,6935,0,6792,6,100,100,100,100,298,276,0,0,0,0,39,0,44,0.58,3,1,0,7607,0
2026-06-22,Connected TV,Weekend Saver Retention Initiative,Metro Region Loyalty Cohort,15908997,Health Conscious Buyers Interest Segment,1334393532567969,Shelf Story Warm Voice,8045514033882153,Brand Awareness,195.43,29881,0,29306,58,100,100,100,100,1029,1089,0,0,0,0,1124,0,1001,3.74,0,4,0,28206,0
2026-06-22,Discovery Network,Family Pantry Retention Initiative,Metro Region Loyalty Cohort,15908997,Health Conscious Buyers Retention Segment,1669733702699813,Collection Showcase Warm Voice,1788908453907262,Brand Awareness,50.46,11158,0,9879,24,65,100,100,84,398,331,0,0,0,0,25,0,58,0.46,0,1,0,10172,0
2026-06-22,In-App Display,Weekend Saver Retention Initiative,Metro Region Loyalty Cohort,15908997,Health Conscious Buyers Retention Segment,4136110625615180,Price Drop Cut Value Voice,1316048837324374,Brand Awareness,55.00,13213,0,12625,12,48,100,100,79,199,200,0,0,0,0,12,0,38,0.27,0,0,0,11874,0
2026-06-22,Video Network,Family Pantry Retention Initiative,Metro Region Loyalty Cohort,15908997,Family Planners Lookalike Segment,1665761135741679,Shelf Story Warm Voice,2902136042807068,Brand Awareness,771.36,69489,0,86459,400,100,100,100,100,14323,12580,0,0,9,0,3070,0,3073,3.64,3,41,0,77940,0
2026-06-22,Affiliate Network,Weekend Saver Retention Initiative,Metro Region Loyalty Cohort,15908997,Family Planners Lookalike Segment,7248228093339312,Offer Spotlight Bold Voice,1757288035719114,Brand Awareness,147.59,34731,0,40272,60,58,100,100,95,291,240,0,0,0,0,46,0,101,0.26,0,2,0,38453,0
2026-06-22,Social Feed,Seasonal Select Promo Initiative,Metro Region Loyalty Cohort,15908997,Health Conscious Buyers Interest Segment,1532426936569806,Shelf Story Warm Voice,7193200529405455,Brand Awareness,10.06,2306,0,2219,8,48,100,96,60,64,53,0,0,0,0,1,0,8,0.3,0,0,0,2166,0
2026-06-22,Shopping Grid,Family Pantry Retention Initiative,Metro Region Loyalty Cohort,15908997,Family Planners Lookalike Segment,1665761135741679,Shelf Story Warm Voice,1450951256520921,Brand Awareness,8.13,1722,0,2031,4,20,76,30,27,54,51,0,0,0,0,6,0,10,0.56,0,0,0,1835,0
2026-06-22,Affiliate Network,Family Pantry Retention Initiative,Metro Region Loyalty Cohort,15908997,Health Conscious Buyers Interest Segment,9013382232369046,Shelf Story Warm Voice,1177430610668804,Brand Awareness,578.75,113241,0,112654,523,100,100,100,100,18548,15917,0,0,43,0,4126,0,3953,3.05,26,114,0,109161,0
2026-06-22,Video Network,Family Pantry Retention Initiative,Metro Region Loyalty Cohort,15908997,Health Conscious Buyers Interest Segment,1474840462607869,Shelf Story Warm Voice,9110304031000052,Brand Awareness,161.98,24119,0,22981,53,100,100,100,100,1505,1453,0,0,0,0,351,0,320,1.56,1,5,0,21364,0
2026-06-22,Display Network,Seasonal Select Promo Initiative,Metro Region Loyalty Cohort,15908997,Family Planners Lookalike Segment,1718074286658736,Promo Banner Warm Voice,1089449421739833,Brand Awareness,354.52,51708,0,59333,237,100,100,100,100,2987,2346,0,0,3,0,1084,0,998,1.77,0,9,0,48284,0
2026-06-22,Discovery Network,Weekend Saver Retention Initiative,Metro Region Loyalty Cohort,15908997,Health Conscious Buyers Interest Segment,1334393532567969,Offer Spotlight Bold Voice,3220054077294586,Brand Awareness,38.28,9237,0,10747,11,16,88,31,18,67,51,0,0,0,0,41,0,53,0.47,0,0,0,8806,0
2026-06-22,Marketplace Feed,Weekend Saver Retention Initiative,Metro Region Loyalty Cohort,15908997,Family Planners Lookalike Segment,7248228093339312,Shelf Story Bold Voice,1269408759613688,Brand Awareness,152.66,35345,0,37220,64,100,100,100,100,466,422,0,0,0,0,29,0,109,0.32,0,2,0,33190,0
2026-06-22,Discovery Network,Weekend Saver Retention Initiative,Metro Region Loyalty Cohort,15908997,Health Conscious Buyers Retention Segment,4136110625615180,Offer Spotlight Bold Voice,3833443174798849,Brand Awareness,16.99,4838,0,5698,6,7,46,18,7,29,29,0,0,0,0,2,0,11,0.2,0,0,0,4817,0
2026-06-22,Search Network,Family Pantry Retention Initiative,Metro Region Loyalty Cohort,15908997,Health Conscious Buyers Retention Segment,1669733702699813,Shelf Story Warm Voice,1837904232519606,Brand Awareness,91.54,20262,0,22008,56,97,100,100,100,801,634,0,0,0,0,62,0,114,0.60,0,1,0,18045,0
2026-06-22,Video Network,Seasonal Select Promo Initiative,Metro Region Loyalty Cohort,15908997,Family Planners Lookalike Segment,1718074286658736,Offer Spotlight Bold Voice,1638167476571035,Brand Awareness,36.00,7979,0,7980,22,53,100,100,64,170,141,0,0,0,0,34,0,56,0.65,0,2,0,7462,0
2026-06-22,Connected TV,Family Pantry Retention Initiative,Metro Region Loyalty Cohort,15908997,Family Planners Lookalike Segment,1002710949555221,Shelf Story Warm Voice,5797898098365146,Brand Awareness,450.87,66705,0,66783,217,100,100,100,100,7514,6505,0,0,5,0,994,0,1084,1.6,3,15,0,71575,0
2026-06-22,Social Feed,Family Pantry Retention Initiative,Metro Region Loyalty Cohort,15908997,Family Planners Lookalike Segment,1665761135741679,Price Drop Cut Value Voice,1192366617925175,Brand Awareness,85.56,15461,0,17420,41,100,100,100,100,292,270,0,0,1,0,66,0,117,0.67,0,0,0,16734,0
2026-06-22,Shopping Grid,Family Pantry Retention Initiative,Metro Region Loyalty Cohort,15908997,Family Planners Lookalike Segment,1002710949555221,Shelf Story Warm Voice,1655044419034925,Brand Awareness,26.58,5010,0,6270,9,100,100,100,100,278,242,0,0,0,0,31,0,41,0.80,0,0,0,5743,0
2026-06-22,Social Feed,Family Pantry Retention Initiative,Metro Region Loyalty Cohort,15908997,Health Conscious Buyers Retention Segment,4976789753470273,Shelf Story Warm Voice,5506678816268127,Brand Awareness,119.01,22630,0,21022,56,100,100,100,100,1114,997,0,0,0,0,92,0,131,0.63,0,1,0,19198,0
2026-06-22,Influencer Network,Family Pantry Retention Initiative,Metro Region Loyalty Cohort,15908997,Health Conscious Buyers Retention Segment,1669733702699813,Shelf Story Value Voice,1365467474223726,Brand Awareness,33.63,8672,0,9093,16,32,100,49,28,100,89,0,0,0,0,11,0,32,0.27,0,0,0,9633,0
2026-06-22,Influencer Network,Family Pantry Retention Initiative,Metro Region Loyalty Cohort,15908997,Health Conscious Buyers Retention Segment,1669733702699813,Price Drop Cut Value Voice,6906673719698824,Brand Awareness,64.93,16194,0,16183,36,100,100,100,100,320,252,0,0,0,0,14,0,57,0.40,0,2,0,15154,0
2026-06-22,Marketplace Feed,Family Pantry Retention Initiative,Metro Region Loyalty Cohort,15908997,Health Conscious Buyers Interest Segment,9013382232369046,Collection Showcase Warm Voice,3199746654625132,Brand Awareness,11.59,2133,0,2074,11,43,100,58,39,101,102,0,0,1,0,19,0,27,1.22,0,0,0,1905,0
2026-06-22,Retail Media Network,Seasonal Select Promo Initiative,Metro Region Loyalty Cohort,15908997,Health Conscious Buyers Retention Segment,3613956286158588,Shelf Story Warm Voice,9626373394400677,Brand Awareness,133.14,26834,0,26379,80,100,100,100,100,680,535,0,0,0,0,30,0,101,0.41,1,3,0,24016,0
2026-06-22,Social Feed,Weekend Saver Retention Initiative,Metro Region Loyalty Cohort,15908997,Health Conscious Buyers Retention Segment,4136110625615180,Price Drop Cut Value Voice,1682844113945221,Brand Awareness,46.87,10438,0,11437,16,24,100,41,31,73,66,0,0,0,0,6,0,32,0.25,0,0,0,11771,0
2026-06-22,Shopping Grid,Seasonal Select Promo Initiative,Metro Region Loyalty Cohort,15908997,Health Conscious Buyers Retention Segment,3613956286158588,Offer Spotlight Value Voice,9011752711561329,Brand Awareness,109.09,16801,0,15067,49,100,100,100,100,565,434,0,0,0,0,22,0,65,0.45,0,1,0,15024,0
2026-06-22,In-App Display,Family Pantry Retention Initiative,Metro Region Loyalty Cohort,15908997,Health Conscious Buyers Interest Segment,9013382232369046,Shelf Story Warm Voice,1641518074556035,Brand Awareness,5.63,883,0,1034,3,15,30,21,14,22,20,0,0,0,0,0,0,2,0.26,0,0,0,1063,0
2026-06-22,Display Network,Family Pantry Retention Initiative,Metro Region Loyalty Cohort,15908997,Health Conscious Buyers Interest Segment,1474840462607869,Shelf Story Warm Voice,8486205212439809,Brand Awareness,128.68,27334,0,25665,39,100,100,100,100,713,571,0,0,0,0,122,0,183,0.63,2,3,0,25632,0
2026-06-22,Affiliate Network,Weekend Saver Retention Initiative,Metro Region Loyalty Cohort,15908997,Health Conscious Buyers Retention Segment,4136110625615180,Shelf Story Warm Voice,5443423299390877,Brand Awareness,50.26,13730,0,12503,17,26,100,90,50,178,152,0,0,0,0,14,0,35,0.28,0,1,0,12094,0
2026-06-22,Display Network,Family Pantry Retention Initiative,Metro Region Loyalty Cohort,15908997,Health Conscious Buyers Retention Segment,1669733702699813,Shelf Story Warm Voice,4211876559793011,Brand Awareness,80.19,16542,0,18293,36,57,100,100,79,182,162,0,0,0,0,12,0,70,0.30,0,2,0,17867,0
2026-06-22,Discovery Network,Weekend Saver Retention Initiative,Metro Region Loyalty Cohort,15908997,Family Planners Lookalike Segment,7248228093339312,Shelf Story Warm Voice,6451368560487732,Brand Awareness,223.31,47056,0,43883,91,100,100,100,100,1149,954,0,0,0,0,147,0,295,0.49,3,3,0,46989,0
2026-06-22,Marketplace Feed,Seasonal Select Promo Initiative,Metro Region Loyalty Cohort,15908997,Health Conscious Buyers Interest Segment,1532426936569806,Shelf Story Bold Voice,1082336609132049,Brand Awareness,106.91,27274,0,32897,65,100,100,100,100,278,250,0,0,0,0,24,0,105,0.36,0,1,0,31887,0
2026-06-22,In-App Display,Weekend Saver Retention Initiative,Metro Region Loyalty Cohort,15908997,Family Planners Lookalike Segment,7248228093339312,Price Drop Cut Value Voice,9318406623487279,Brand Awareness,255.11,52435,0,50446,72,100,100,100,100,621,455,0,0,0,0,43,0,158,0.26,1,5,0,51830,0
2026-06-22,Display Network,Family Pantry Retention Initiative,Metro Region Loyalty Cohort,15908997,Health Conscious Buyers Retention Segment,4976789753470273,Shelf Story Warm Voice,4041974945367907,Brand Awareness,113.75,20508,0,22199,54,100,100,100,100,1244,897,0,0,2,0,69,0,143,0.56,1,4,0,21076,0
2026-06-22,Affiliate Network,Weekend Saver Retention Initiative,Metro Region Loyalty Cohort,15908997,Health Conscious Buyers Interest Segment,1334393532567969,Price Drop Cut Value Voice,2051943278335934,Brand Awareness,96.91,22964,0,21381,24,33,100,68,40,164,129,0,0,1,0,118,0,126,0.58,0,2,0,19297,0
2026-06-22,Shopping Grid,Family Pantry Retention Initiative,Metro Region Loyalty Cohort,15908997,Health Conscious Buyers Retention Segment,4976789753470273,Offer Spotlight Bold Voice,1582932391745882,Brand Awareness,29.7,7945,0,7590,12,17,100,57,30,174,144,0,0,0,0,12,0,31,0.36,0,0,0,7406,0
2026-06-22,Influencer Network,Weekend Saver Retention Initiative,Metro Region Loyalty Cohort,15908997,Health Conscious Buyers Interest Segment,1334393532567969,Price Drop Cut Value Voice,1109002298095593,Brand Awareness,383.57,79703,0,84023,137,100,100,100,100,1548,1304,0,0,0,0,473,0,519,0.7,1,3,0,75934,0
2026-06-22,Shopping Grid,Family Pantry Retention Initiative,Metro Region Loyalty Cohort,15908997,Family Planners Lookalike Segment,1665761135741679,Shelf Story Bold Voice,1220357368781053,Brand Awareness,44.20,7892,0,8662,12,19,100,53,25,130,107,0,0,1,0,60,0,75,0.83,0,2,0,8678,0
2026-06-22,Connected TV,Family Pantry Retention Initiative,Metro Region Loyalty Cohort,15908997,Family Planners Lookalike Segment,1665761135741679,Shelf Story Warm Voice,2793262031628184,Brand Awareness,243.65,43026,0,38384,128,100,100,100,100,2105,1801,0,0,0,0,459,0,576,1.32,2,12,0,39198,0
2026-06-22,Display Network,Family Pantry Retention Initiative,Metro Region Loyalty Cohort,15908997,Health Conscious Buyers Interest Segment,1474840462607869,Offer Spotlight Bold Voice,3530423296641236,Brand Awareness,71.92,15437,0,17047,50,56,100,100,75,658,484,0,0,1,0,103,0,157,0.85,0,0,0,13870,0
2026-06-22,Social Feed,Family Pantry Retention Initiative,Metro Region Loyalty Cohort,15908997,Health Conscious Buyers Retention Segment,1669733702699813,Shelf Story Warm Voice,2604915282803870,Brand Awareness,5.07,1397,0,1392,2,9,38,10,10,33,28,0,0,0,0,3,0,7,0.5,0,0,0,1303,0
2026-06-22,Video Network,Family Pantry Retention Initiative,Metro Region Loyalty Cohort,15908997,Health Conscious Buyers Interest Segment,9013382232369046,Price Drop Cut Value Voice,4186893344787278,Brand Awareness,5.09,1287,0,1276,2,9,48,16,11,18,17,0,0,0,0,0,0,3,0.18,0,0,0,1314,0
2026-06-22,Display Network,Family Pantry Retention Initiative,Metro Region Loyalty Cohort,15908997,Health Conscious Buyers Interest Segment,9013382232369046,Promo Banner Friendly Voice,1538508227020088,Brand Awareness,14.87,2611,0,2559,12,47,100,67,56,87,86,0,0,0,0,6,0,17,0.53,0,0,0,2733,0
2026-06-22,Social Feed,Home Essentials Scale Initiative,Metro Region Prospecting Cohort,86057605,Family Planners Interest Segment,2052479131570920,Promo Banner Friendly Voice,7057211523700123,Brand Awareness,0,0,0,0,0,0,0,0,0,0,0,0,0,0,0,0,0,0,0,0,0,0,0,0
2026-06-22,In-App Display,Weekend Saver Retention Initiative,Metro Region Loyalty Cohort,15908997,Family Planners Lookalike Segment,7248228093339312,Price Drop Cut Value Voice,9781212069592701,Brand Awareness,315.60,49737,0,55622,107,100,100,100,100,1492,1536,0,0,2,0,71,0,248,0.42,1,7,0,57635,0
2026-06-22,Search Network,Family Pantry Retention Initiative,Metro Region Loyalty Cohort,15908997,Health Conscious Buyers Interest Segment,9013382232369046,Shelf Story Warm Voice,8148838999548557,Brand Awareness,4.83,1028,0,1124,3,16,31,17,16,28,27,0,0,0,0,3,0,8,0.54,0,0,0,948,0
2026-06-22,Influencer Network,Weekend Saver Retention Initiative,Metro Region Loyalty Cohort,15908997,Health Conscious Buyers Retention Segment,4136110625615180,Shelf Story Bold Voice,5160906508093401,Brand Awareness,34.6,7232,0,7994,20,43,100,87,51,227,172,0,0,0,0,15,0,32,0.38,0,3,0,7314,0
2026-06-22,Display Network,Family Pantry Retention Initiative,Metro Region Conversion Cohort,15908997,Bulk Buyers Retention Segment,1412316301536073,Offer Spotlight Friendly Voice,9097155454198752,Catalog Engagement,0,0,0,0,0,0,0,0,0,0,0,0,0,0,0,0,0,0,0,0,0,0,0,0
2026-06-22,Search Network,Family Pantry Retention Initiative,Metro Region Conversion Cohort,38881639,Family Planners Lookalike Segment,1010331617086390,Shelf Story Warm Voice,1022962676348579,Brand Awareness,0,0,0,0,0,0,0,0,0,0,0,0,0,0,0,0,0,0,0,0,0,0,0,0
2026-06-22,Affiliate Network,Family Pantry Retention Initiative,Metro Region Loyalty Cohort,15908997,Family Planners Lookalike Segment,1002710949555221,Shelf Story Warm Voice,3185083078735744,Brand Awareness,151.60,26301,0,22638,78,100,100,100,100,2139,1785,0,0,1,0,172,0,273,1.10,0,8,0,20782,0
2026-06-22,Social Feed,Family Pantry Retention Initiative,Metro Region Loyalty Cohort,15908997,Family Planners Lookalike Segment,1665761135741679,Promo Banner Friendly Voice,1647756988327695,Brand Awareness,410.0,43862,0,47670,167,100,100,100,100,2326,1840,0,0,2,0,787,0,912,1.68,2,8,0,40022,0
2026-06-22,Display Network,Weekend Saver Retention Initiative,Metro Region Loyalty Cohort,15908997,Health Conscious Buyers Interest Segment,1334393532567969,Shelf Story Bold Voice,8314765461987923,Brand Awareness,31.19,7771,0,8752,10,19,100,46,23,86,69,0,0,0,0,36,0,34,0.52,0,0,0,8034,0
2026-06-21,Connected TV,Seasonal Select Promo Initiative,Metro Region Loyalty Cohort,15908997,Health Conscious Buyers Interest Segment,1532426936569806,Promo Banner Warm Voice,5732401046815275,Brand Awareness,152.20,33320,0,42216,89,100,100,100,100,658,565,0,0,0,0,67,0,154,0.38,1,3,0,34407,0
2026-06-21,Display Network,Family Pantry Retention Initiative,Metro Region Loyalty Cohort,15908997,Health Conscious Buyers Retention Segment,1669733702699813,Promo Banner Friendly Voice,4647140982681565,Brand Awareness,131.17,26564,0,26936,54,100,100,100,100,662,590,0,0,0,0,42,0,95,0.38,0,1,0,24530,0
2026-06-21,Display Network,Family Pantry Retention Initiative,Metro Region Loyalty Cohort,15908997,Health Conscious Buyers Retention Segment,4976789753470273,Shelf Story Warm Voice,4041974945367907,Brand Awareness,103.89,19195,0,23710,64,100,100,100,100,1288,1194,0,0,0,0,92,0,126,0.57,0,4,0,21251,0
2026-06-21,Shopping Grid,Family Pantry Retention Initiative,Metro Region Loyalty Cohort,15908997,Family Planners Lookalike Segment,1002710949555221,Shelf Story Warm Voice,1655044419034925,Brand Awareness,25.52,5628,0,5783,19,85,100,100,100,315,282,0,0,1,0,31,0,53,1,0,1,0,5931,0
2026-06-21,Shopping Grid,Weekend Saver Retention Initiative,Metro Region Loyalty Cohort,15908997,Health Conscious Buyers Retention Segment,4136110625615180,Price Drop Cut Value Voice,1682844113945221,Brand Awareness,26.97,7821,0,8548,20,9,88,24,13,48,38,0,0,0,0,7,0,31,0.4,0,1,0,8668,0
2026-06-21,Social Feed,Family Pantry Retention Initiative,Metro Region Loyalty Cohort,15908997,Health Conscious Buyers Retention Segment,1669733702699813,Shelf Story Warm Voice,4211876559793011,Brand Awareness,92.52,22451,0,23630,47,93,100,100,100,332,271,0,0,0,0,22,0,97,0.4,1,0,0,25693,0
2026-06-21,Retail Media Network,Family Pantry Retention Initiative,Metro Region Conversion Cohort,15908997,Bulk Buyers Retention Segment,1096889057602193,Offer Spotlight Friendly Voice,5703717592430862,Catalog Engagement,0,0,0,0,0,0,0,0,0,0,0,0,0,0,0,0,0,0,0,0,0,0,0,0
2026-06-21,Search Network,Family Pantry Retention Initiative,Metro Region Loyalty Cohort,15908997,Family Planners Lookalike Segment,1665761135741679,Promo Banner Friendly Voice,1647756988327695,Brand Awareness,315.34,47955,0,51311,185,100,100,100,100,2490,1764,0,0,2,0,856,0,802,1.49,0,11,0,54439,0
2026-06-21,Discovery Network,Family Pantry Retention Initiative,Metro Region Loyalty Cohort,15908997,Family Planners Lookalike Segment,1002710949555221,Shelf Story Warm Voice,5797898098365146,Brand Awareness,419.14,77995,0,68441,225,100,100,100,100,8022,5536,0,0,1,0,1002,0,964,1.27,7,24,0,69504,0
2026-06-21,Connected TV,Family Pantry Retention Initiative,Metro Region Loyalty Cohort,15908997,Family Planners Lookalike Segment,1665761135741679,Shelf Story Warm Voice,2793262031628184,Brand Awareness,262.3,55678,0,47679,131,100,100,100,100,1917,1539,0,0,1,0,438,0,612,1.04,3,14,0,44048,0
2026-06-21,Shopping Grid,Weekend Saver Retention Initiative,Metro Region Loyalty Cohort,15908997,Health Conscious Buyers Interest Segment,1334393532567969,Price Drop Cut Value Voice,1109002298095593,Brand Awareness,396.67,100258,0,96816,164,100,100,100,100,2074,1764,0,0,0,0,426,0,609,0.52,2,9,0,94336,0
2026-06-21,Shopping Grid,Family Pantry Retention Initiative,Metro Region Loyalty Cohort,15908997,Family Planners Lookalike Segment,1665761135741679,Shelf Story Bold Voice,1220357368781053,Brand Awareness,68.0,12845,0,13341,31,58,100,100,78,322,323,0,0,1,0,195,0,211,1.33,1,2,0,12284,0
2026-06-21,Video Network,Seasonal Select Promo Initiative,Metro Region Loyalty Cohort,15908997,Family Planners Lookalike Segment,1718074286658736,Shelf Story Bold Voice,4278310985669178,Brand Awareness,288.18,63544,0,59960,126,100,100,100,100,1182,1099,0,0,0,0,579,0,605,0.91,2,9,0,62489,0
2026-06-21,Video Network,Weekend Saver Retention Initiative,Metro Region Loyalty Cohort,15908997,Health Conscious Buyers Retention Segment,4136110625615180,Shelf Story Bold Voice,1238862856159509,Brand Awareness,5.52,2090,0,2469,4,4,22,11,6,21,16,0,0,0,0,1,0,4,0.2,0,0,0,2350,0
2026-06-21,Retail Media Network,Seasonal Select Promo Initiative,Metro Region Loyalty Cohort,15908997,Health Conscious Buyers Interest Segment,1532426936569806,Offer Spotlight Bold Voice,4433422745438620,Brand Awareness,3.92,890,0,1010,3,8,30,16,8,16,14,0,0,0,0,0,0,3,0.25,0,0,0,922,0
2026-06-21,Retail Media Network,Family Pantry Retention Initiative,Metro Region Loyalty Cohort,15908997,Health Conscious Buyers Retention Segment,1669733702699813,Price Drop Cut Value Voice,6906673719698824,Brand Awareness,80.95,16911,0,21059,43,100,100,100,100,307,226,0,0,0,0,23,0,85,0.36,0,2,0,20339,0
2026-06-21,Search Network,Seasonal Select Promo Initiative,Metro Region Loyalty Cohort,15908997,Health Conscious Buyers Retention Segment,3613956286158588,Shelf Story Warm Voice,9626373394400677,Brand Awareness,111.27,24078,0,23286,68,100,100,100,100,507,503,0,0,0,0,38,0,121,0.44,0,0,0,25431,0
2026-06-21,Retail Media Network,Family Pantry Retention Initiative,Metro Region Loyalty Cohort,15908997,Health Conscious Buyers Interest Segment,9013382232369046,Shelf Story Warm Voice,5257839822274418,Brand Awareness,104.22,28102,0,27351,64,93,100,100,100,663,545,0,0,0,0,63,0,142,0.50,2,5,0,27548,0
2026-06-21,Shopping Grid,Family Pantry Retention Initiative,Metro Region Loyalty Cohort,15908997,Health Conscious Buyers Retention Segment,1669733702699813,Shelf Story Value Voice,1365467474223726,Brand Awareness,48.61,13865,0,13609,17,37,100,67,47,152,151,0,0,0,0,16,0,41,0.24,0,0,0,12577,0
2026-06-21,Search Network,Family Pantry Retention Initiative,Metro Region Loyalty Cohort,15908997,Health Conscious Buyers Interest Segment,9013382232369046,Collection Showcase Warm Voice,3199746654625132,Brand Awareness,7.92,1568,0,1869,4,27,68,40,30,79,54,0,0,0,0,7,0,9,0.46,0,0,0,1481,0
2026-06-21,Display Network,Family Pantry Retention Initiative,Metro Region Loyalty Cohort,15908997,Health Conscious Buyers Retention Segment,1669733702699813,Shelf Story Warm Voice,1173063753252113,Brand Awareness,161.87,29395,0,30054,121,100,100,100,100,3925,3724,0,0,1,0,216,0,293,1.04,1,12,0,30836,0
2026-06-21,Discovery Network,Seasonal Select Promo Initiative,Metro Region Loyalty Cohort,15908997,Family Planners Lookalike Segment,1718074286658736,Offer Spotlight Value Voice,2074777970281390,Brand Awareness,170.07,25052,0,27065,65,100,100,100,100,883,851,0,0,0,0,111,0,155,0.65,0,2,0,25734,0
2026-06-21,Social Feed,Family Pantry Retention Initiative,Metro Region Loyalty Cohort,15908997,Health Conscious Buyers Retention Segment,4976789753470273,Shelf Story Warm Voice,1212856722898025,Brand Awareness,36.1,7726,0,8750,17,72,100,100,98,302,243,0,0,0,0,25,0,42,0.51,0,2,0,8292,0
2026-06-21,Discovery Network,Weekend Saver Retention Initiative,Metro Region Loyalty Cohort,15908997,Family Planners Lookalike Segment,7248228093339312,Shelf Story Bold Voice,3411200546175283,Brand Awareness,152.28,23451,0,25115,118,100,100,100,100,2126,1829,0,0,1,0,102,0,238,0.81,1,7,0,23587,0
2026-06-21,Connected TV,Family Pantry Retention Initiative,Metro Region Loyalty Cohort,15908997,Health Conscious Buyers Interest Segment,9013382232369046,Price Drop Cut Value Voice,4186893344787278,Brand Awareness,4.00,789,0,824,4,8,33,12,7,17,13,0,0,0,0,0,0,3,0.37,0,0,0,788,0
2026-06-21,Shopping Grid,Seasonal Select Promo Initiative,Metro Region Loyalty Cohort,15908997,Health Conscious Buyers Interest Segment,1532426936569806,Offer Spotlight Value Voice,2894551765052346,Brand Awareness,5.91,795,0,1026,1,22,100,46,30,32,26,0,0,0,0,0,0,2,0.2,0,0,0,813,0
2026-06-21,Influencer Network,Family Pantry Retention Initiative,Metro Region Conversion Cohort,38881639,Family Planners Lookalike Segment,1010331617086390,Shelf Story Warm Voice,1022962676348579,Brand Awareness,0,0,0,0,0,0,0,0,0,0,0,0,0,0,0,0,0,0,0,0,0,0,0,0
2026-06-21,In-App Display,Family Pantry Retention Initiative,Metro Region Loyalty Cohort,15908997,Health Conscious Buyers Interest Segment,1474840462607869,Shelf Story Warm Voice,9110304031000052,Brand Awareness,197.31,28551,0,29798,82,100,100,100,100,2197,1685,0,0,2,0,258,0,306,0.97,0,2,0,34152,0
2026-06-21,In-App Display,Family Pantry Retention Initiative,Metro Region Loyalty Cohort,15908997,Health Conscious Buyers Retention Segment,1669733702699813,Promo Banner Friendly Voice,1414897562821209,Brand Awareness,17.1,5089,0,4981,5,15,65,23,18,64,59,0,0,0,0,4,0,16,0.31,0,0,0,4715,0
2026-06-21,Discovery Network,Family Pantry Retention Initiative,Metro Region Loyalty Cohort,15908997,Health Conscious Buyers Interest Segment,1474840462607869,Offer Spotlight Bold Voice,3530423296641236,Brand Awareness,85.57,23297,0,30603,56,70,100,100,94,766,531,0,0,0,0,105,0,181,0.57,0,3,0,26603,0
2026-06-21,Shopping Grid,Seasonal Select Promo Initiative,Metro Region Loyalty Cohort,15908997,Health Conscious Buyers Retention Segment,3613956286158588,Shelf Story Warm Voice,2259713911990191,Brand Awareness,108.30,23138,0,21277,75,100,100,100,100,622,609,0,0,0,0,27,0,99,0.49,0,1,0,23126,0
2026-06-21,Shopping Grid,Seasonal Select Promo Initiative,Metro Region Loyalty Cohort,15908997,Health Conscious Buyers Interest Segment,1532426936569806,Shelf Story Bold Voice,1082336609132049,Brand Awareness,16.76,5134,0,5513,9,45,100,65,43,57,40,0,0,0,0,2,0,15,0.34,0,0,0,5082,0
2026-06-21,In-App Display,Weekend Saver Retention Initiative,Metro Region Loyalty Cohort,15908997,Family Planners Lookalike Segment,7248228093339312,Price Drop Cut Value Voice,9781212069592701,Brand Awareness,156.99,36681,0,35882,71,100,100,100,100,884,623,0,0,0,0,53,0,179,0.39,0,1,0,42807,0
2026-06-21,Display Network,Family Pantry Retention Initiative,Metro Region Loyalty Cohort,15908997,Health Conscious Buyers Retention Segment,1669733702699813,Shelf Story Warm Voice,1837904232519606,Brand Awareness,99.52,19721,0,24054,68,98,100,100,100,763,676,0,0,0,0,72,0,136,0.63,1,7,0,22301,0
2026-06-21,Connected TV,Family Pantry Retention Initiative,Metro Region Loyalty Cohort,15908997,Health Conscious Buyers Interest Segment,9013382232369046,Shelf Story Value Voice,1103993184708534,Brand Awareness,70.67,20934,0,24334,37,74,100,100,82,245,242,0,0,0,0,39,0,94,0.38,0,0,0,21251,0
2026-06-21,Social Feed,Family Pantry Retention Initiative,Metro Region Loyalty Cohort,15908997,Health Conscious Buyers Interest Segment,9013382232369046,Shelf Story Warm Voice,1641518074556035,Brand Awareness,4.48,1256,0,1158,2,8,26,12,8,21,18,0,0,0,0,0,0,2,0.19,0,0,0,1214,0
2026-06-21,In-App Display,Weekend Saver Retention Initiative,Metro Region Loyalty Cohort,15908997,Health Conscious Buyers Interest Segment,1334393532567969,Shelf Story Warm Voice,2520693897922300,Brand Awareness,402.37,68862,0,74374,150,100,100,100,100,1969,1479,0,0,1,0,1458,0,1581,1.8,2,14,0,60194,0
2026-06-21,Shopping Grid,Seasonal Select Promo Initiative,Metro Region Loyalty Cohort,15908997,Health Conscious Buyers Retention Segment,3613956286158588,Offer Spotlight Value Voice,9011752711561329,Brand Awareness,53.70,10133,0,8818,19,100,100,100,100,270,214,0,0,0,0,8,0,29,0.30,0,1,0,8311,0
2026-06-21,Shopping Grid,Family Pantry Retention Initiative,Metro Region Loyalty Cohort,15908997,Health Conscious Buyers Retention Segment,4976789753470273,Offer Spotlight Bold Voice,1582932391745882,Brand Awareness,34.14,8976,0,10005,22,17,100,49,21,142,133,0,0,0,0,19,0,44,0.42,0,0,0,10501,0
2026-06-21,Shopping Grid,Family Pantry Retention Initiative,Metro Region Loyalty Cohort,15908997,Family Planners Lookalike Segment,1002710949555221,Offer Spotlight Bold Voice,7401589860358191,Brand Awareness,51.39,16722,0,16051,42,36,100,100,57,362,283,0,0,0,0,58,0,106,0.68,0,2,0,14404,0
2026-06-21,Marketplace Feed,Home Essentials Scale Initiative,Metro Region Prospecting Cohort,86057605,Family Planners Interest Segment,2052479131570920,Price Drop Cut Value Voice,1337311684616332,Brand Awareness,0,0,0,0,0,0,0,0,0,0,0,0,0,0,0,0,0,0,0,0,0,0,0,0
2026-06-21,Marketplace Feed,Weekend Saver Retention Initiative,Metro Region Loyalty Cohort,15908997,Family Planners Lookalike Segment,7248228093339312,Shelf Story Warm Voice,1150526236199258,Brand Awareness,56.99,17155,0,17435,40,71,100,100,90,310,280,0,0,0,0,57,0,94,0.5,0,1,0,15708,0
2026-06-21,Social Feed,Seasonal Select Promo Initiative,Metro Region Loyalty Cohort,15908997,Health Conscious Buyers Interest Segment,1532426936569806,Shelf Story Warm Voice,7193200529405455,Brand Awareness,6.14,1200,0,1485,6,24,100,58,36,33,26,0,0,0,0,0,0,5,0.30,0,0,0,1178,0
2026-06-21,Affiliate Network,Weekend Saver Retention Initiative,Metro Region Loyalty Cohort,15908997,Health Conscious Buyers Retention Segment,4136110625615180,Price Drop Cut Value Voice,1316048837324374,Brand Awareness,36.20,12688,0,12368,19,39,100,98,59,216,186,0,0,0,0,6,0,38,0.30,0,1,0,12657,0
2026-06-21,Marketplace Feed,Family Pantry Retention Initiative,Metro Region Loyalty Cohort,15908997,Family Planners Lookalike Segment,1665761135741679,Shelf Story Warm Voice,6549680554582288,Brand Awareness,164.56,41663,0,49570,84,100,100,100,100,409,332,0,0,0,0,56,0,184,0.39,1,1,0,40570,0
2026-06-21,Video Network,Family Pantry Retention Initiative,Metro Region Loyalty Cohort,15908997,Health Conscious Buyers Interest Segment,9013382232369046,Shelf Story Bold Voice,5904212741788775,Brand Awareness,5.94,1244,0,1168,1,7,29,13,11,32,24,0,0,0,0,2,0,4,0.32,0,0,0,1108,0
2026-06-21,Shopping Grid,Family Pantry Retention Initiative,Metro Region Loyalty Cohort,15908997,Family Planners Lookalike Segment,1665761135741679,Promo Banner Friendly Voice,6598720554447191,Brand Awareness,18,5315,0,5422,7,22,78,30,19,71,54,0,0,0,0,6,0,13,0.26,0,0,0,4897,0
2026-06-21,In-App Display,Family Pantry Retention Initiative,Metro Region Loyalty Cohort,15908997,Family Planners Lookalike Segment,1665761135741679,Shelf Story Warm Voice,2616618213121749,Brand Awareness,1163.76,218391,0,230527,907,100,100,100,100,43247,33872,0,0,55,0,6898,0,7560,3.37,50,257,0,204947,0
2026-06-21,Video Network,Seasonal Select Promo Initiative,Metro Region Loyalty Cohort,15908997,Health Conscious Buyers Interest Segment,1532426936569806,Shelf Story Warm Voice,9953353036347574,Brand Awareness,28.34,8388,0,9108,20,76,100,100,100,100,91,0,0,2,0,4,0,42,0.47,0,1,0,6797,0
2026-06-21,Discovery Network,Weekend Saver Retention Initiative,Metro Region Loyalty Cohort,15908997,Health Conscious Buyers Interest Segment,1334393532567969,Shelf Story Bold Voice,7232280368739505,Brand Awareness,300.11,43201,0,47184,171,100,100,100,100,3823,3095,0,0,2,0,1555,0,1257,2.66,6,20,0,45267,0
2026-06-21,Affiliate Network,Family Pantry Retention Initiative,Metro Region Loyalty Cohort,15908997,Family Planners Lookalike Segment,1665761135741679,Shelf Story Warm Voice,1450951256520921,Brand Awareness,21.18,4925,0,5347,9,55,100,80,55,137,119,0,0,0,0,28,0,34,0.62,0,1,0,5148,0
2026-06-21,Affiliate Network,Home Essentials Scale Initiative,Metro Region Prospecting Cohort,86057605,Family Planners Interest Segment,2052479131570920,Price Drop Cut Direct Voice,7324105902810892,Brand Awareness,0,0,0,0,0,0,0,0,0,0,0,0,0,0,0,0,0,0,0,0,0,0,0,0
2026-06-21,Display Network,Seasonal Select Promo Initiative,Metro Region Loyalty Cohort,15908997,Family Planners Lookalike Segment,1718074286658736,Shelf Story Warm Voice,1533493773187614,Brand Awareness,362.1,78951,0,72292,192,100,100,100,100,1995,1718,0,0,0,0,528,0,671,0.87,0,8,0,67619,0
2026-06-21,Shopping Grid,Seasonal Select Promo Initiative,Metro Region Loyalty Cohort,15908997,Family Planners Lookalike Segment,1718074286658736,Shelf Story Warm Voice,1532291780998103,Brand Awareness,411.67,70348,0,74762,208,100,100,100,100,2654,2496,0,0,2,0,941,0,881,1.38,2,16,0,65947,0
2026-06-21,Connected TV,Seasonal Select Promo Initiative,Metro Region Loyalty Cohort,15908997,Health Conscious Buyers Retention Segment,3613956286158588,Promo Banner Warm Voice,3456261421148856,Brand Awareness,130.40,20811,0,21772,66,100,100,100,100,912,728,0,0,0,0,40,0,106,0.45,1,6,0,20994,0
2026-06-21,Display Network,Family Pantry Retention Initiative,Metro Region Loyalty Cohort,15908997,Health Conscious Buyers Retention Segment,4976789753470273,Shelf Story Warm Voice,5506678816268127,Brand Awareness,105.47,23097,0,22589,76,100,100,100,100,1746,1495,0,0,0,0,139,0,218,0.71,2,4,0,20994,0
2026-06-21,Discovery Network,Family Pantry Retention Initiative,Metro Region Loyalty Cohort,15908997,Health Conscious Buyers Retention Segment,1669733702699813,Shelf Story Warm Voice,2604915282803870,Brand Awareness,9.62,2850,0,3195,8,11,72,24,13,69,53,0,0,0,0,5,0,18,0.49,0,0,0,3171,0
2026-06-21,Affiliate Network,Family Pantry Retention Initiative,Metro Region Loyalty Cohort,15908997,Health Conscious Buyers Interest Segment,9013382232369046,Shelf Story Warm Voice,3768518651506601,Brand Awareness,5.97,1350,0,1485,5,12,49,25,16,41,33,0,0,0,0,4,0,11,0.75,0,0,0,1379,0
2026-06-21,Connected TV,Family Pantry Retention Initiative,Metro Region Loyalty Cohort,15908997,Health Conscious Buyers Interest Segment,1474840462607869,Shelf Story Warm Voice,4340134105081797,Brand Awareness,393.7,53340,0,69171,158,100,100,100,100,7274,6073,0,0,3,0,1087,0,904,1.48,3,19,0,51290,0
2026-06-21,Retail Media Network,Weekend Saver Retention Initiative,Metro Region Loyalty Cohort,15908997,Health Conscious Buyers Retention Segment,4136110625615180,Shelf Story Warm Voice,1781261912151237,Brand Awareness,2.41,667,0,748,5,2,12,4,3,14,10,0,0,0,0,1,0,6,0.92,0,0,0,615,0
2026-06-21,Affiliate Network,Weekend Saver Retention Initiative,Metro Region Loyalty Cohort,15908997,Health Conscious Buyers Interest Segment,1334393532567969,Shelf Story Warm Voice,8045514033882153,Brand Awareness,299.52,54286,0,48636,113,100,100,100,100,2261,1819,0,0,0,0,1484,0,1272,2.27,3,4,0,54306,0
2026-06-21,Shopping Grid,Family Pantry Retention Initiative,Metro Region Loyalty Cohort,15908997,Health Conscious Buyers Interest Segment,9013382232369046,Promo Banner Friendly Voice,1255871739760170,Brand Awareness,4.01,921,0,1016,1,10,29,15,13,29,23,0,0,0,0,0,0,1,0.08,0,0,0,874,0
2026-06-21,Search Network,Weekend Saver Retention Initiative,Metro Region Loyalty Cohort,15908997,Family Planners Lookalike Segment,7248228093339312,Shelf Story Warm Voice,6451368560487732,Brand Awareness,174.00,44879,0,41636,89,100,100,100,100,948,858,0,0,0,0,137,0,256,0.45,0,0,0,45119,0
2026-06-21,Social Feed,Weekend Saver Retention Initiative,Metro Region Loyalty Cohort,15908997,Family Planners Lookalike Segment,7248228093339312,Price Drop Cut Value Voice,9318406623487279,Brand Awareness,154.87,41847,0,51886,69,100,100,100,100,419,317,0,0,0,0,34,0,155,0.27,0,4,0,46789,0
2026-06-21,Affiliate Network,Seasonal Select Promo Initiative,Metro Region Loyalty Cohort,15908997,Health Conscious Buyers Retention Segment,3613956286158588,Shelf Story Bold Voice,1755467445485119,Brand Awareness,74.95,18063,0,20155,39,100,100,100,100,345,316,0,0,0,0,31,0,68,0.32,0,1,0,19349,0
2026-06-21,Video Network,Family Pantry Retention Initiative,Metro Region Loyalty Cohort,15908997,Health Conscious Buyers Retention Segment,1669733702699813,Collection Showcase Warm Voice,1788908453907262,Brand Awareness,45.80,12394,0,10261,36,41,100,87,49,245,236,0,0,0,0,21,0,59,0.53,0,0,0,9915,0
2026-06-21,Influencer Network,Weekend Saver Retention Initiative,Metro Region Loyalty Cohort,15908997,Health Conscious Buyers Interest Segment,1334393532567969,Price Drop Cut Value Voice,2051943278335934,Brand Awareness,134.67,37817,0,41194,81,100,100,100,100,398,328,0,0,1,0,109,0,185,0.45,0,0,0,39203,0
2026-06-21,Social Feed,Family Pantry Retention Initiative,Metro Region Loyalty Cohort,15908997,Health Conscious Buyers Retention Segment,1669733702699813,Shelf Story Bold Voice,4391005331160720,Brand Awareness,28.01,7373,0,7985,8,21,100,46,24,148,113,0,0,0,0,14,0,21,0.31,1,0,0,8054,0
2026-06-21,Search Network,Weekend Saver Retention Initiative,Metro Region Loyalty Cohort,15908997,Health Conscious Buyers Interest Segment,1334393532567969,Offer Spotlight Bold Voice,3220054077294586,Brand Awareness,140.72,42776,0,43179,42,93,100,100,100,376,355,0,0,1,0,141,0,178,0.38,0,3,0,35474,0
2026-06-21,Retail Media Network,Weekend Saver Retention Initiative,Metro Region Loyalty Cohort,15908997,Health Conscious Buyers Interest Segment,1334393532567969,Shelf Story Bold Voice,8314765461987923,Brand Awareness,101.34,24701,0,26058,52,100,100,100,100,461,366,0,0,0,0,94,0,132,0.45,1,3,0,27544,0
2026-06-21,Connected TV,Weekend Saver Retention Initiative,Metro Region Loyalty Cohort,15908997,Health Conscious Buyers Retention Segment,4136110625615180,Shelf Story Warm Voice,5443423299390877,Brand Awareness,37.89,11842,0,11004,23,18,100,68,30,132,128,0,0,0,0,13,0,39,0.30,0,0,0,11745,0
2026-06-21,Shopping Grid,Family Pantry Retention Initiative,Metro Region Loyalty Cohort,15908997,Health Conscious Buyers Interest Segment,9013382232369046,Shelf Story Warm Voice,8148838999548557,Brand Awareness,4.62,1138,0,975,2,9,31,16,13,22,22,0,0,0,0,2,0,5,0.52,0,0,0,1004,0
2026-06-21,Shopping Grid,Family Pantry Retention Initiative,Metro Region Loyalty Cohort,15908997,Health Conscious Buyers Interest Segment,9013382232369046,Promo Banner Friendly Voice,1538508227020088,Brand Awareness,30.1,8105,0,8377,26,78,100,100,95,195,138,0,0,0,0,12,0,43,0.57,0,1,0,7094,0
2026-06-21,Affiliate Network,Family Pantry Retention Initiative,Metro Region Loyalty Cohort,15908997,Family Planners Lookalike Segment,1002710949555221,Shelf Story Warm Voice,3185083078735744,Brand Awareness,175.13,30066,0,34885,91,100,100,100,100,2788,2234,0,0,2,0,207,0,283,0.82,2,1,0,30295,0
2026-06-21,Marketplace Feed,Weekend Saver Retention Initiative,Metro Region Loyalty Cohort,15908997,Family Planners Lookalike Segment,7248228093339312,Offer Spotlight Bold Voice,1757288035719114,Brand Awareness,166.45,52851,0,51681,71,94,100,100,100,365,304,0,0,0,0,48,0,154,0.31,0,4,0,50983,0
2026-06-21,Marketplace Feed,Family Pantry Retention Initiative,Metro Region Loyalty Cohort,15908997,Family Planners Lookalike Segment,1665761135741679,Price Drop Cut Value Voice,1192366617925175,Brand Awareness,58.32,15860,0,16484,27,100,100,100,100,286,210,0,0,1,0,46,0,86,0.51,0,4,0,12945,0
2026-06-21,Retail Media Network,Family Pantry Retention Initiative,Metro Region Conversion Cohort,15908997,Weekend Deal Hunters Interest Segment,6202516839870495,Shelf Story Value Voice,1077582730962642,Catalog Engagement,0,0,0,0,0,0,0,0,0,0,0,0,0,0,0,0,0,0,0,0,0,0,0,0
2026-06-21,Connected TV,Family Pantry Retention Initiative,Metro Region Loyalty Cohort,15908997,Family Planners Lookalike Segment,1665761135741679,Collection Showcase Warm Voice,5654112849815777,Brand Awareness,189.35,26383,0,28857,73,100,100,100,100,1273,889,0,0,1,0,649,0,707,2.37,0,5,0,24743,0
2026-06-21,Influencer Network,Home Essentials Scale Initiative,Metro Region Prospecting Cohort,86057605,Family Planners Interest Segment,2052479131570920,Shelf Story Bold Voice,1037070944576843,Brand Awareness,0,0,0,0,0,0,0,0,0,0,0,0,0,0,0,0,0,0,0,0,0,0,0,0
2026-06-21,Discovery Network,Family Pantry Retention Initiative,Metro Region Loyalty Cohort,15908997,Health Conscious Buyers Interest Segment,9013382232369046,Shelf Story Warm Voice,1099249066640891,Brand Awareness,233.47,25913,0,29420,151,100,100,100,100,6090,5099,0,0,2,0,624,0,738,2.22,1,13,0,27504,0
2026-06-21,Affiliate Network,Seasonal Select Promo Initiative,Metro Region Loyalty Cohort,15908997,Family Planners Lookalike Segment,1718074286658736,Promo Banner Warm Voice,1089449421739833,Brand Awareness,480.23,82184,0,87563,244,100,100,100,100,3168,2764,0,0,0,0,810,0,1112,1.18,1,12,0,85299,0
2026-06-21,Video Network,Family Pantry Retention Initiative,Metro Region Loyalty Cohort,15908997,Health Conscious Buyers Interest Segment,9013382232369046,Shelf Story Warm Voice,1177430610668804,Brand Awareness,627.15,140995,0,125175,623,100,100,100,100,25629,19334,0,0,36,0,3493,0,3570,2.69,88,134,0,137613,0
2026-06-21,In-App Display,Weekend Saver Retention Initiative,Metro Region Loyalty Cohort,15908997,Health Conscious Buyers Retention Segment,4136110625615180,Shelf Story Bold Voice,5160906508093401,Brand Awareness,39.63,8818,0,9189,29,59,100,100,74,322,285,0,0,0,0,29,0,66,0.53,0,1,0,9886,0
2026-06-21,Retail Media Network,Family Pantry Retention Initiative,Metro Region Loyalty Cohort,15908997,Health Conscious Buyers Retention Segment,1669733702699813,Shelf Story Warm Voice,6197978194612129,Brand Awareness,28.48,8794,0,8261,12,34,100,78,52,155,112,0,0,0,0,13,0,29,0.30,0,0,0,7503,0
2026-06-21,Social Feed,Weekend Saver Retention Initiative,Metro Region Loyalty Cohort,15908997,Health Conscious Buyers Retention Segment,4136110625615180,Offer Spotlight Bold Voice,3833443174798849,Brand Awareness,21.52,6687,0,8388,9,15,89,37,25,65,48,0,0,0,0,9,0,20,0.27,0,0,0,7652,0
2026-06-21,Affiliate Network,Family Pantry Retention Initiative,Metro Region Loyalty Cohort,15908997,Health Conscious Buyers Retention Segment,4976789753470273,Shelf Story Warm Voice,1220076337258804,Brand Awareness,39.70,13163,0,12187,20,36,100,100,51,168,149,0,0,0,0,9,0,36,0.28,0,1,0,11120,0
2026-06-21,Affiliate Network,Weekend Saver Retention Initiative,Metro Region Loyalty Cohort,15908997,Family Planners Lookalike Segment,7248228093339312,Shelf Story Bold Voice,1269408759613688,Brand Awareness,73.42,23199,0,23950,45,75,100,100,91,231,236,0,0,0,0,22,0,75,0.35,0,3,0,24533,0
2026-06-21,Influencer Network,Family Pantry Retention Initiative,Metro Region Loyalty Cohort,15908997,Health Conscious Buyers Interest Segment,1474840462607869,Shelf Story Warm Voice,5682500646683685,Brand Awareness,334.77,53510,0,54615,136,100,100,100,100,4787,4700,0,0,2,0,419,0,537,1.0,1,6,0,61194,0
2026-06-21,Marketplace Feed,Family Pantry Retention Initiative,Metro Region Loyalty Cohort,15908997,Family Planners Lookalike Segment,1665761135741679,Shelf Story Value Voice,5225143865411760,Brand Awareness,141.76,30259,0,30497,56,78,100,100,84,361,305,0,0,0,0,208,0,271,0.6,1,3,0,34041,0
2026-06-21,Video Network,Family Pantry Retention Initiative,Metro Region Loyalty Cohort,15908997,Family Planners Lookalike Segment,1002710949555221,Shelf Story Warm Voice,1647332301297595,Brand Awareness,52.60,17425,0,16630,27,41,100,100,66,263,258,0,0,0,0,30,0,75,0.38,2,0,0,17850,0
2026-06-21,Influencer Network,Seasonal Select Promo Initiative,Metro Region Loyalty Cohort,38881639,Family Planners Lookalike Segment,1421168983094447,Shelf Story Bold Voice,1136326772918040,Catalog Engagement,0,0,0,0,0,0,0,0,0,0,0,0,0,0,0,0,0,0,0,0,0,0,0,0
2026-06-21,Connected TV,Seasonal Select Promo Initiative,Metro Region Loyalty Cohort,15908997,Health Conscious Buyers Retention Segment,3613956286158588,Offer Spotlight Bold Voice,4607696881668990,Brand Awareness,22.45,8178,0,7714,11,53,100,96,59,125,91,0,0,0,0,8,0,21,0.30,0,0,0,7633,0
2026-06-21,In-App Display,Seasonal Select Promo Initiative,Metro Region Loyalty Cohort,15908997,Family Planners Lookalike Segment,1718074286658736,Offer Spotlight Bold Voice,1638167476571035,Brand Awareness,92.45,25188,0,21634,45,100,100,100,100,497,374,0,0,0,0,92,0,125,0.53,0,1,0,19695,0
2026-06-21,Display Network,Family Pantry Retention Initiative,Metro Region Loyalty Cohort,15908997,Family Planners Lookalike Segment,1665761135741679,Shelf Story Warm Voice,1280290142112652,Brand Awareness,8.9,1839,0,2094,8,24,61,30,23,64,50,0,0,0,0,4,0,12,0.7,0,0,0,1929,0
2026-06-21,Video Network,Family Pantry Retention Initiative,Metro Region Conversion Cohort,15908997,Bulk Buyers Retention Segment,1777717557426296,Shelf Story Value Voice,8084225603313437,Catalog Engagement,0,0,0,0,0,0,0,0,0,0,0,0,0,0,0,0,0,0,0,0,0,0,0,0
2026-06-21,Retail Media Network,Home Essentials Scale Initiative,Metro Region Prospecting Cohort,86057605,Family Planners Interest Segment,2052479131570920,Shelf Story Warm Voice,1431189176757496,Brand Awareness,0,0,0,0,0,0,0,0,0,0,0,0,0,0,0,0,0,0,0,0,0,0,0,0
2026-06-21,In-App Display,Family Pantry Retention Initiative,Metro Region Loyalty Cohort,15908997,Health Conscious Buyers Retention Segment,1669733702699813,Shelf Story Warm Voice,5602072675253918,Brand Awareness,100.56,15303,0,15979,48,100,100,100,100,1469,1234,0,0,2,0,155,0,180,1.22,0,6,0,14395,0
2026-06-21,In-App Display,Family Pantry Retention Initiative,Metro Region Loyalty Cohort,15908997,Health Conscious Buyers Interest Segment,1474840462607869,Shelf Story Warm Voice,8486205212439809,Brand Awareness,121.90,36819,0,36681,68,100,100,100,100,714,566,0,0,1,0,101,0,184,0.49,2,4,0,29661,0
2026-06-21,In-App Display,Family Pantry Retention Initiative,Metro Region Loyalty Cohort,15908997,Family Planners Lookalike Segment,1665761135741679,Shelf Story Warm Voice,2902136042807068,Brand Awareness,757.17,84588,0,95622,444,100,100,100,100,15494,13397,0,0,8,0,3847,0,3632,3.67,23,61,0,85368,0
2026-06-20,Social Feed,Family Pantry Retention Initiative,Metro Region Loyalty Cohort,15908997,Family Planners Lookalike Segment,1002710949555221,Shelf Story Warm Voice,1647332301297595,Brand Awareness,53.19,20623,0,23075,42,34,100,100,44,246,171,0,0,0,0,29,0,103,0.45,0,0,0,21092,0
2026-06-20,Discovery Network,Family Pantry Retention Initiative,Metro Region Loyalty Cohort,15908997,Health Conscious Buyers Interest Segment,9013382232369046,Price Drop Cut Value Voice,4186893344787278,Brand Awareness,4.37,980,0,1110,6,9,30,14,13,16,16,0,0,0,0,0,0,8,0.72,0,0,0,1089,0
2026-06-20,Marketplace Feed,Family Pantry Retention Initiative,Metro Region Loyalty Cohort,15908997,Family Planners Lookalike Segment,1665761135741679,Shelf Story Warm Voice,2793262031628184,Brand Awareness,244.64,57771,0,59663,132,100,100,100,100,2109,1822,0,0,0,0,521,0,583,1.0,0,8,0,56307,0
2026-06-20,In-App Display,Family Pantry Retention Initiative,Metro Region Loyalty Cohort,15908997,Health Conscious Buyers Interest Segment,9013382232369046,Promo Banner Friendly Voice,1538508227020088,Brand Awareness,107.08,27373,0,32055,62,100,100,100,100,309,274,0,0,0,0,23,0,119,0.41,0,3,0,24005,0
2026-06-20,Discovery Network,Home Essentials Scale Initiative,Metro Region Prospecting Cohort,86057605,Family Planners Interest Segment,2052479131570920,Shelf Story Bold Voice,1642534966349722,Brand Awareness,0,0,0,0,0,0,0,0,0,0,0,0,0,0,0,0,0,0,0,0,0,0,0,0
2026-06-20,In-App Display,Family Pantry Retention Initiative,Metro Region Loyalty Cohort,15908997,Family Planners Lookalike Segment,1665761135741679,Promo Banner Friendly Voice,1647756988327695,Brand Awareness,346.53,64279,0,71866,163,100,100,100,100,2092,2088,0,0,1,0,334,0,470,0.65,1,4,0,61205,0
2026-06-20,Video Network,Weekend Saver Retention Initiative,Metro Region Loyalty Cohort,15908997,Health Conscious Buyers Interest Segment,1334393532567969,Shelf Story Warm Voice,8045514033882153,Brand Awareness,466.9,70675,0,59843,121,100,100,100,100,3353,2362,0,0,4,0,2580,0,2471,3.06,0,18,0,70170,0
2026-06-20,Marketplace Feed,Family Pantry Retention Initiative,Central Region Loyalty Cohort,86057605,Health Conscious Buyers Interest Segment,1161108588535845,Product Reel Warm Voice,4476083296875111,Catalog Engagement,0,0,0,0,0,0,0,0,0,0,0,0,0,0,0,0,0,0,0,0,0,0,0,0
2026-06-20,Connected TV,Seasonal Select Promo Initiative,Metro Region Loyalty Cohort,15908997,Health Conscious Buyers Retention Segment,3613956286158588,Shelf Story Warm Voice,9626373394400677,Brand Awareness,8.85,2843,0,3080,6,24,100,45,32,35,29,0,0,0,0,2,0,9,0.4,0,0,0,2874,0
2026-06-20,Search Network,Weekend Saver Retention Initiative,Metro Region Loyalty Cohort,15908997,Health Conscious Buyers Retention Segment,4136110625615180,Shelf Story Warm Voice,1781261912151237,Brand Awareness,0.81,177,0,171,0,1,3,2,1,3,3,0,0,0,0,0,0,0,0,0,0,0,200,0
2026-06-20,Display Network,Family Pantry Retention Initiative,Metro Region Loyalty Cohort,15908997,Health Conscious Buyers Retention Segment,1669733702699813,Shelf Story Warm Voice,5602072675253918,Brand Awareness,55.90,6654,0,6666,55,100,100,100,100,1173,1026,0,0,0,0,43,0,78,1.22,0,2,0,6698,0
2026-06-20,Affiliate Network,Seasonal Select Promo Initiative,Metro Region Loyalty Cohort,15908997,Family Planners Lookalike Segment,1718074286658736,Shelf Story Warm Voice,1533493773187614,Brand Awareness,456.84,65848,0,80013,209,100,100,100,100,2329,1726,0,0,0,0,1237,0,1274,1.69,4,18,0,79752,0
2026-06-20,Display Network,Seasonal Select Promo Initiative,Metro Region Loyalty Cohort,15908997,Family Planners Lookalike Segment,1718074286658736,Shelf Story Warm Voice,1532291780998103,Brand Awareness,463,74538,0,82410,211,100,100,100,100,2622,2095,0,0,0,0,1174,0,1104,1.58,2,12,0,75367,0
2026-06-20,Marketplace Feed,Family Pantry Retention Initiative,Metro Region Loyalty Cohort,15908997,Family Planners Lookalike Segment,1665761135741679,Shelf Story Warm Voice,1450951256520921,Brand Awareness,45.4,8849,0,8877,25,73,100,100,84,268,240,0,0,0,0,47,0,78,0.80,0,0,0,8162,0
2026-06-20,Search Network,Family Pantry Retention Initiative,Metro Region Conversion Cohort,15908997,Bulk Buyers Retention Segment,1777717557426296,Shelf Story Value Voice,8084225603313437,Catalog Engagement,0,0,0,0,0,0,0,0,0,0,0,0,0,0,0,0,0,0,0,0,0,0,0,0
2026-06-20,Retail Media Network,Family Pantry Retention Initiative,Metro Region Loyalty Cohort,15908997,Health Conscious Buyers Interest Segment,9013382232369046,Shelf Story Warm Voice,3768518651506601,Brand Awareness,4.77,691,0,816,0,16,34,23,15,33,27,0,0,0,0,1,0,2,0.22,0,0,0,749,0
2026-06-20,Video Network,Seasonal Select Promo Initiative,Metro Region Loyalty Cohort,15908997,Health Conscious Buyers Retention Segment,3613956286158588,Offer Spotlight Bold Voice,4607696881668990,Brand Awareness,3.84,1163,0,1349,3,2,18,5,2,8,7,0,0,0,0,0,0,4,0.25,0,0,0,1276,0
2026-06-20,Marketplace Feed,Family Pantry Retention Initiative,Metro Region Loyalty Cohort,15908997,Health Conscious Buyers Retention Segment,1669733702699813,Shelf Story Bold Voice,4391005331160720,Brand Awareness,7.93,2056,0,2001,3,10,51,20,13,63,46,0,0,0,0,6,0,10,0.53,0,0,0,1868,0
2026-06-20,Discovery Network,Weekend Saver Retention Initiative,Metro Region Loyalty Cohort,15908997,Health Conscious Buyers Retention Segment,4136110625615180,Shelf Story Bold Voice,1238862856159509,Brand Awareness,1.64,540,0,588,0,3,8,5,3,5,5,0,0,0,0,0,0,0,0,0,0,0,648,0
2026-06-20,Display Network,Home Essentials Scale Initiative,Metro Region Conversion Cohort,44948390,Health Conscious Buyers Affinity Segment,1198664249496341,Collection Showcase Warm Voice,1443579063929415,Brand Awareness,0,0,0,0,0,0,0,0,0,0,0,0,0,0,0,0,0,0,0,0,0,0,0,0
2026-06-20,Affiliate Network,Weekend Saver Retention Initiative,Metro Region Loyalty Cohort,15908997,Family Planners Lookalike Segment,7248228093339312,Offer Spotlight Bold Voice,1757288035719114,Brand Awareness,65.75,27313,0,28834,47,35,100,82,43,150,128,0,0,0,0,16,0,79,0.2,0,0,0,28167,0
2026-06-20,Social Feed,Family Pantry Retention Initiative,Metro Region Loyalty Cohort,15908997,Family Planners Lookalike Segment,1002710949555221,Shelf Story Warm Voice,3185083078735744,Brand Awareness,143.15,27668,0,29458,83,100,100,100,100,2340,1727,0,0,0,0,125,0,215,0.63,0,3,0,26455,0
2026-06-20,Video Network,Family Pantry Retention Initiative,Metro Region Loyalty Cohort,15908997,Health Conscious Buyers Retention Segment,4976789753470273,Shelf Story Warm Voice,1212856722898025,Brand Awareness,7.74,1930,0,2056,2,15,95,30,24,66,52,0,0,0,0,1,0,4,0.20,0,0,0,1643,0
2026-06-20,Retail Media Network,Family Pantry Retention Initiative,Metro Region Loyalty Cohort,15908997,Family Planners Lookalike Segment,1665761135741679,Promo Banner Friendly Voice,6598720554447191,Brand Awareness,63.79,14827,0,14134,25,38,100,85,48,200,191,0,0,0,0,57,0,81,0.47,0,0,0,13127,0
2026-06-20,Shopping Grid,Weekend Saver Retention Initiative,Metro Region Loyalty Cohort,15908997,Family Planners Lookalike Segment,7248228093339312,Shelf Story Bold Voice,3411200546175283,Brand Awareness,93.42,20532,0,18220,90,100,100,100,100,1495,1160,0,0,0,0,63,0,142,0.64,1,4,0,21301,0
2026-06-20,Affiliate Network,Family Pantry Retention Initiative,Metro Region Loyalty Cohort,15908997,Health Conscious Buyers Interest Segment,9013382232369046,Shelf Story Value Voice,1103993184708534,Brand Awareness,109.12,29495,0,37708,67,88,100,100,85,334,224,0,0,0,0,46,0,105,0.36,0,2,0,28021,0
2026-06-20,In-App Display,Family Pantry Retention Initiative,Metro Region Loyalty Cohort,15908997,Family Planners Lookalike Segment,1665761135741679,Shelf Story Warm Voice,6549680554582288,Brand Awareness,321.2,72594,0,73278,143,100,100,100,100,652,572,0,0,1,0,113,0,333,0.33,0,5,0,74898,0
2026-06-20,Discovery Network,Seasonal Select Promo Initiative,Metro Region Loyalty Cohort,15908997,Health Conscious Buyers Interest Segment,1532426936569806,Shelf Story Warm Voice,7193200529405455,Brand Awareness,29.6,10083,0,11033,19,66,100,100,89,79,66,0,0,0,0,7,0,29,0.3,0,0,0,10600,0
2026-06-20,Search Network,Family Pantry Retention Initiative,Metro Region Loyalty Cohort,15908997,Health Conscious Buyers Interest Segment,9013382232369046,Shelf Story Warm Voice,1099249066640891,Brand Awareness,253.19,29994,0,29037,179,100,100,100,100,5582,4353,0,0,7,0,567,0,625,2.14,4,15,0,28847,0
2026-06-20,Shopping Grid,Weekend Saver Retention Initiative,Metro Region Loyalty Cohort,15908997,Health Conscious Buyers Interest Segment,1334393532567969,Price Drop Cut Value Voice,1109002298095593,Brand Awareness,415.07,108552,0,96546,222,100,100,100,100,3020,2087,0,0,2,0,634,0,737,0.7,0,2,0,92868,0
2026-06-20,Influencer Network,Family Pantry Retention Initiative,Metro Region Loyalty Cohort,15908997,Health Conscious Buyers Interest Segment,9013382232369046,Shelf Story Warm Voice,1177430610668804,Brand Awareness,817.22,160683,0,156377,611,100,100,100,100,32008,22960,0,0,32,0,4056,0,4735,2.92,21,114,0,168518,0
2026-06-20,Social Feed,Family Pantry Retention Initiative,Metro Region Loyalty Cohort,15908997,Family Planners Lookalike Segment,1665761135741679,Collection Showcase Warm Voice,5654112849815777,Brand Awareness,172.1,27626,0,30099,84,100,100,100,100,1079,836,0,0,0,0,327,0,313,1.04,0,2,0,29938,0
2026-06-20,Influencer Network,Seasonal Select Promo Initiative,Metro Region Loyalty Cohort,15908997,Family Planners Lookalike Segment,1718074286658736,Promo Banner Warm Voice,1089449421739833,Brand Awareness,419.0,86520,0,76919,295,100,100,100,100,3826,3257,0,0,5,0,1303,0,1362,1.50,4,14,0,70247,0
2026-06-20,Connected TV,Family Pantry Retention Initiative,Metro Region Loyalty Cohort,15908997,Health Conscious Buyers Interest Segment,9013382232369046,Shelf Story Warm Voice,8148838999548557,Brand Awareness,2.82,494,0,561,1,6,17,11,5,18,12,0,0,0,0,3,0,6,0.91,0,0,0,512,0
2026-06-20,Video Network,Family Pantry Retention Initiative,Metro Region Loyalty Cohort,15908997,Family Planners Lookalike Segment,1665761135741679,Price Drop Cut Value Voice,1192366617925175,Brand Awareness,143.75,36371,0,42324,69,100,100,100,100,577,438,0,0,0,0,87,0,146,0.45,0,1,0,36930,0
2026-06-20,Connected TV,Family Pantry Retention Initiative,Metro Region Loyalty Cohort,15908997,Family Planners Lookalike Segment,1002710949555221,Offer Spotlight Bold Voice,7401589860358191,Brand Awareness,76.58,25084,0,21395,44,54,100,100,87,446,385,0,0,0,0,100,0,127,0.62,0,0,0,21266,0
2026-06-20,Video Network,Family Pantry Retention Initiative,Metro Region Loyalty Cohort,15908997,Health Conscious Buyers Interest Segment,1474840462607869,Shelf Story Warm Voice,8486205212439809,Brand Awareness,130.21,45372,0,44581,86,100,100,100,100,742,568,0,0,0,0,125,0,190,0.52,0,0,0,37119,0
2026-06-20,Shopping Grid,Family Pantry Retention Initiative,Metro Region Loyalty Cohort,15908997,Family Planners Lookalike Segment,1665761135741679,Shelf Story Warm Voice,2616618213121749,Brand Awareness,1133.47,196993,0,227508,882,100,100,100,100,39651,36522,0,0,50,0,8116,0,8422,3.60,36,232,0,188684,0
2026-06-20,Video Network,Seasonal Select Promo Initiative,Metro Region Loyalty Cohort,15908997,Health Conscious Buyers Interest Segment,1532426936569806,Shelf Story Warm Voice,9953353036347574,Brand Awareness,136.60,42582,0,36661,73,100,100,100,100,297,262,0,0,0,0,21,0,146,0.32,1,0,0,41373,0
2026-06-20,Affiliate Network,Weekend Saver Retention Initiative,Metro Region Loyalty Cohort,15908997,Health Conscious Buyers Retention Segment,4136110625615180,Price Drop Cut Value Voice,1682844113945221,Brand Awareness,6.00,2120,0,1821,1,9,33,14,10,20,14,0,0,0,0,0,0,2,0.07,0,0,0,1814,0
2026-06-20,Marketplace Feed,Weekend Saver Retention Initiative,Metro Region Loyalty Cohort,15908997,Family Planners Lookalike Segment,7248228093339312,Price Drop Cut Value Voice,9781212069592701,Brand Awareness,139.37,38878,0,48239,80,100,100,100,100,768,698,0,0,0,0,56,0,149,0.36,0,1,0,38182,0
2026-06-20,In-App Display,Family Pantry Retention Initiative,Metro Region Conversion Cohort,15908997,Family Planners Lookalike Segment,3017606229260592,Shelf Story Value Voice,5691206288583839,Catalog Engagement,0,0,0,0,0,0,0,0,0,0,0,0,0,0,0,0,0,0,0,0,0,0,0,0
2026-06-20,Affiliate Network,Family Pantry Retention Initiative,Metro Region Conversion Cohort,15908997,Weekend Deal Hunters Interest Segment,6202516839870495,Shelf Story Value Voice,1077582730962642,Catalog Engagement,0,0,0,0,0,0,0,0,0,0,0,0,0,0,0,0,0,0,0,0,0,0,0,0
2026-06-20,Discovery Network,Family Pantry Retention Initiative,Metro Region Loyalty Cohort,15908997,Family Planners Lookalike Segment,1665761135741679,Shelf Story Bold Voice,1220357368781053,Brand Awareness,56.27,8509,0,9110,27,41,100,69,54,230,228,0,0,0,0,112,0,141,1.17,0,0,0,9167,0
2026-06-20,Search Network,Family Pantry Retention Initiative,Metro Region Loyalty Cohort,15908997,Health Conscious Buyers Interest Segment,1474840462607869,Shelf Story Warm Voice,9110304031000052,Brand Awareness,179.98,32191,0,36798,54,100,100,100,100,1706,1737,0,0,1,0,340,0,404,1.27,3,3,0,28440,0
2026-06-20,Marketplace Feed,Seasonal Select Promo Initiative,Metro Region Loyalty Cohort,15908997,Family Planners Lookalike Segment,1718074286658736,Shelf Story Bold Voice,4278310985669178,Brand Awareness,418.62,72448,0,69520,143,100,100,100,100,1779,1396,0,0,0,0,1086,0,1075,1.26,0,8,0,76035,0
2026-06-20,Video Network,Home Essentials Scale Initiative,Metro Region Prospecting Cohort,86057605,Family Planners Interest Segment,2052479131570920,Shelf Story Warm Voice,6668703011220466,Brand Awareness,0,0,0,0,0,0,0,0,0,0,0,0,0,0,0,0,0,0,0,0,0,0,0,0
2026-06-20,Retail Media Network,Family Pantry Retention Initiative,Metro Region Loyalty Cohort,15908997,Health Conscious Buyers Interest Segment,9013382232369046,Promo Banner Friendly Voice,1255871739760170,Brand Awareness,4.13,636,0,666,4,12,25,15,12,27,18,0,0,0,0,0,0,5,0.74,0,0,0,604,0
2026-06-20,Affiliate Network,Family Pantry Retention Initiative,Metro Region Loyalty Cohort,15908997,Health Conscious Buyers Retention Segment,1669733702699813,Shelf Story Warm Voice,6197978194612129,Brand Awareness,10.97,2484,0,2567,1,23,69,47,30,60,49,0,0,0,0,2,0,4,0.14,0,0,0,2812,0
2026-06-20,Affiliate Network,Family Pantry Retention Initiative,Metro Region Loyalty Cohort,15908997,Health Conscious Buyers Interest Segment,1474840462607869,Shelf Story Warm Voice,4340134105081797,Brand Awareness,500.20,92787,0,86673,290,100,100,100,100,9560,7651,0,0,3,0,1950,0,1952,2.18,6,30,0,92379,0
2026-06-20,Influencer Network,Family Pantry Retention Initiative,Metro Region Loyalty Cohort,15908997,Health Conscious Buyers Retention Segment,4976789753470273,Shelf Story Warm Voice,1220076337258804,Brand Awareness,7.02,2326,0,2320,3,6,28,9,8,17,16,0,0,0,0,2,0,7,0.31,0,0,0,2071,0
2026-06-20,Social Feed,Seasonal Select Promo Initiative,Metro Region Loyalty Cohort,15908997,Health Conscious Buyers Interest Segment,1532426936569806,Offer Spotlight Bold Voice,4433422745438620,Brand Awareness,11.79,4021,0,3737,6,10,56,22,14,31,21,0,0,0,0,1,0,9,0.20,0,0,0,3680,0
2026-06-20,Marketplace Feed,Family Pantry Retention Initiative,Metro Region Loyalty Cohort,15908997,Health Conscious Buyers Interest Segment,9013382232369046,Shelf Story Warm Voice,5257839822274418,Brand Awareness,149.0,35863,0,35806,79,100,100,100,100,797,780,0,0,2,0,96,0,189,0.47,0,2,0,40150,0
2026-06-20,Social Feed,Seasonal Select Promo Initiative,Metro Region Loyalty Cohort,15908997,Health Conscious Buyers Interest Segment,1532426936569806,Offer Spotlight Value Voice,2894551765052346,Brand Awareness,4.32,841,0,888,2,16,77,29,18,21,14,0,0,0,0,0,0,2,0.16,0,0,0,911,0
2026-06-20,Connected TV,Weekend Saver Retention Initiative,Metro Region Loyalty Cohort,15908997,Family Planners Lookalike Segment,7248228093339312,Shelf Story Warm Voice,6451368560487732,Brand Awareness,110.88,31998,0,33025,55,76,100,100,100,538,437,0,0,0,0,50,0,129,0.37,1,4,0,34513,0
2026-06-20,Marketplace Feed,Seasonal Select Promo Initiative,Metro Region Loyalty Cohort,15908997,Health Conscious Buyers Retention Segment,3613956286158588,Shelf Story Warm Voice,2259713911990191,Brand Awareness,10.54,2646,0,3179,5,39,100,90,48,44,38,0,0,0,0,3,0,11,0.32,0,1,0,3178,0
2026-06-20,In-App Display,Weekend Saver Retention Initiative,Metro Region Loyalty Cohort,15908997,Health Conscious Buyers Interest Segment,1334393532567969,Shelf Story Bold Voice,7232280368739505,Brand Awareness,485.87,55993,0,59930,205,100,100,100,100,5479,4257,0,0,6,0,1847,0,1866,3.11,6,15,0,56834,0
2026-06-20,Retail Media Network,Family Pantry Retention Initiative,Metro Region Loyalty Cohort,15908997,Health Conscious Buyers Retention Segment,1669733702699813,Promo Banner Friendly Voice,1414897562821209,Brand Awareness,3.82,856,0,1059,0,1,18,6,2,15,14,0,0,0,0,1,0,1,0.08,0,0,0,920,0
2026-06-20,Discovery Network,Family Pantry Retention Initiative,Metro Region Loyalty Cohort,15908997,Health Conscious Buyers Retention Segment,4976789753470273,Shelf Story Warm Voice,4041974945367907,Brand Awareness,26.24,4979,0,5609,14,95,100,100,100,487,343,0,0,0,0,21,0,41,0.64,0,0,0,4719,0
2026-06-20,Marketplace Feed,Weekend Saver Retention Initiative,Metro Region Loyalty Cohort,15908997,Health Conscious Buyers Interest Segment,1334393532567969,Price Drop Cut Value Voice,2051943278335934,Brand Awareness,236.57,62070,0,61780,90,100,100,100,100,516,501,0,0,0,0,229,0,321,0.45,1,1,0,55266,0
2026-06-20,Video Network,Family Pantry Retention Initiative,Metro Region Loyalty Cohort,15908997,Health Conscious Buyers Retention Segment,1669733702699813,Collection Showcase Warm Voice,1788908453907262,Brand Awareness,12.67,3011,0,2666,2,19,76,29,19,84,60,0,0,0,0,4,0,5,0.16,0,0,0,3104,0
2026-06-20,Retail Media Network,Family Pantry Retention Initiative,Metro Region Loyalty Cohort,15908997,Health Conscious Buyers Retention Segment,1669733702699813,Promo Banner Friendly Voice,4647140982681565,Brand Awareness,38.28,7599,0,6764,20,91,100,100,100,302,251,0,0,0,0,13,0,29,0.42,0,2,0,6673,0
2026-06-20,Connected TV,Seasonal Select Promo Initiative,Metro Region Loyalty Cohort,15908997,Health Conscious Buyers Retention Segment,3613956286158588,Shelf Story Bold Voice,1755467445485119,Brand Awareness,10.57,2926,0,2964,7,21,100,43,29,27,25,0,0,0,0,4,0,14,0.37,0,0,0,2749,0
2026-06-20,Search Network,Weekend Saver Retention Initiative,Metro Region Loyalty Cohort,15908997,Health Conscious Buyers Interest Segment,1334393532567969,Shelf Story Warm Voice,2520693897922300,Brand Awareness,364.13,68464,0,87738,173,100,100,100,100,1966,1530,0,0,1,0,1272,0,1013,1.28,1,7,0,74366,0
2026-06-20,Video Network,Family Pantry Retention Initiative,Metro Region Loyalty Cohort,15908997,Family Planners Lookalike Segment,1665761135741679,Shelf Story Value Voice,5225143865411760,Brand Awareness,181.73,39736,0,45658,87,100,100,100,100,487,447,0,0,0,0,221,0,340,0.76,0,8,0,38285,0
2026-06-20,Affiliate Network,Family Pantry Retention Initiative,Metro Region Loyalty Cohort,15908997,Family Planners Lookalike Segment,1002710949555221,Shelf Story Warm Voice,1655044419034925,Brand Awareness,32.59,8238,0,9794,22,100,100,100,100,389,340,0,0,0,0,50,0,70,0.7,0,0,0,8091,0
2026-06-20,In-App Display,Weekend Saver Retention Initiative,Metro Region Loyalty Cohort,15908997,Health Conscious Buyers Retention Segment,4136110625615180,Price Drop Cut Value Voice,1316048837324374,Brand Awareness,8.7,2463,0,2732,6,9,100,24,11,48,45,0,0,0,0,2,0,11,0.41,0,0,0,2880,0
2026-06-20,Connected TV,Family Pantry Retention Initiative,Metro Region Loyalty Cohort,15908997,Family Planners Lookalike Segment,1665761135741679,Shelf Story Warm Voice,2902136042807068,Brand Awareness,606.01,85539,0,70645,411,100,100,100,100,14127,11968,0,0,11,0,3611,0,2805,3.29,4,50,0,74380,0
2026-06-20,Connected TV,Family Pantry Retention Initiative,Metro Region Loyalty Cohort,15908997,Health Conscious Buyers Interest Segment,1474840462607869,Shelf Story Warm Voice,5682500646683685,Brand Awareness,441,63951,0,65758,186,100,100,100,100,6746,4780,0,0,5,0,784,0,808,1.24,1,12,0,74333,0
2026-06-20,In-App Display,Family Pantry Retention Initiative,Metro Region Loyalty Cohort,15908997,Family Planners Lookalike Segment,1002710949555221,Shelf Story Warm Voice,5797898098365146,Brand Awareness,395.39,71326,0,73011,218,100,100,100,100,7295,5323,0,0,0,0,614,0,751,1.04,3,14,0,69462,0
2026-06-20,Retail Media Network,Weekend Saver Retention Initiative,Metro Region Loyalty Cohort,15908997,Family Planners Lookalike Segment,7248228093339312,Price Drop Cut Value Voice,9318406623487279,Brand Awareness,105.22,38364,0,38199,60,65,100,100,81,214,204,0,0,0,0,19,0,119,0.26,4,4,0,33427,0
2026-06-20,Search Network,Weekend Saver Retention Initiative,Metro Region Loyalty Cohort,15908997,Health Conscious Buyers Retention Segment,4136110625615180,Shelf Story Bold Voice,5160906508093401,Brand Awareness,17.45,3901,0,3641,13,93,100,100,100,300,269,0,0,0,0,11,0,24,0.62,0,0,0,3263,0
2026-06-20,Connected TV,Family Pantry Retention Initiative,Metro Region Loyalty Cohort,15908997,Family Planners Lookalike Segment,1665761135741679,Shelf Story Warm Voice,1280290142112652,Brand Awareness,12.24,2432,0,2631,12,26,100,41,31,100,77,0,0,0,0,29,0,40,1.41,0,0,0,2903,0
2026-06-20,Discovery Network,Seasonal Select Promo Initiative,Metro Region Loyalty Cohort,15908997,Family Planners Lookalike Segment,1718074286658736,Offer Spotlight Bold Voice,1638167476571035,Brand Awareness,155.2,36092,0,35290,70,100,100,100,100,616,586,0,0,1,0,317,0,324,0.75,0,1,0,34782,0
2026-06-20,Discovery Network,Family Pantry Retention Initiative,Metro Region Loyalty Cohort,15908997,Health Conscious Buyers Interest Segment,1474840462607869,Offer Spotlight Bold Voice,3530423296641236,Brand Awareness,143.09,38105,0,40289,87,100,100,100,100,1114,955,0,0,1,0,170,0,254,0.64,1,3,0,37755,0
2026-06-20,Discovery Network,Family Pantry Retention Initiative,Metro Region Loyalty Cohort,15908997,Health Conscious Buyers Retention Segment,1669733702699813,Shelf Story Warm Voice,2604915282803870,Brand Awareness,2.45,645,0,838,6,0,28,3,1,21,17,0,0,0,0,0,0,6,0.73,0,0,0,771,0
2026-06-20,Social Feed,Family Pantry Retention Initiative,Metro Region Loyalty Cohort,15908997,Health Conscious Buyers Retention Segment,4976789753470273,Shelf Story Warm Voice,5506678816268127,Brand Awareness,42.08,7018,0,8908,24,100,100,100,100,967,713,0,0,0,0,32,0,65,0.8,0,1,0,7590,0
2026-06-20,Retail Media Network,Seasonal Select Promo Initiative,Metro Region Loyalty Cohort,15908997,Health Conscious Buyers Retention Segment,3613956286158588,Promo Banner Warm Voice,3456261421148856,Brand Awareness,10.14,2370,0,2928,4,45,100,100,78,60,44,0,0,0,0,3,0,13,0.47,0,0,0,2625,0
2026-06-20,Discovery Network,Weekend Saver Retention Initiative,Metro Region Loyalty Cohort,15908997,Health Conscious Buyers Retention Segment,4136110625615180,Offer Spotlight Bold Voice,3833443174798849,Brand Awareness,3.87,1613,0,1396,2,3,20,3,3,13,10,0,0,0,0,1,0,3,0.16,0,0,0,1561,0
2026-06-20,Search Network,Weekend Saver Retention Initiative,Metro Region Loyalty Cohort,15908997,Health Conscious Buyers Interest Segment,1334393532567969,Shelf Story Bold Voice,8314765461987923,Brand Awareness,165.54,42779,0,39340,72,98,100,100,100,453,440,0,0,0,0,155,0,232,0.44,0,2,0,41853,0
2026-06-20,Retail Media Network,Weekend Saver Retention Initiative,Metro Region Loyalty Cohort,15908997,Health Conscious Buyers Interest Segment,1334393532567969,Offer Spotlight Bold Voice,3220054077294586,Brand Awareness,188.80,51410,0,51556,82,73,100,100,100,368,389,0,0,0,0,268,0,318,0.57,0,4,0,52280,0
2026-06-20,Influencer Network,Weekend Saver Retention Initiative,Metro Region Loyalty Cohort,15908997,Family Planners Lookalike Segment,7248228093339312,Shelf Story Bold Voice,1269408759613688,Brand Awareness,39.44,13212,0,14338,39,39,100,72,48,126,102,0,0,0,0,9,0,60,0.35,0,0,0,15535,0
2026-06-20,In-App Display,Weekend Saver Retention Initiative,Metro Region Loyalty Cohort,15908997,Health Conscious Buyers Retention Segment,4136110625615180,Shelf Story Warm Voice,5443423299390877,Brand Awareness,9.34,2503,0,2584,13,6,38,19,10,35,35,0,0,0,0,2,0,16,0.47,0,0,0,2893,0
2026-06-20,Marketplace Feed,Family Pantry Retention Initiative,Metro Region Loyalty Cohort,15908997,Health Conscious Buyers Interest Segment,9013382232369046,Collection Showcase Warm Voice,3199746654625132,Brand Awareness,8.28,2250,0,2650,12,21,50,29,21,65,49,0,0,0,0,6,0,15,0.63,0,0,0,2207,0
2026-06-20,Retail Media Network,Family Pantry Retention Initiative,Metro Region Loyalty Cohort,86057605,Health Conscious Buyers Interest Segment,1317849022166581,Shelf Story Warm Voice,4835139745633214,Brand Awareness,0,0,0,0,0,0,0,0,0,0,0,0,0,0,0,0,0,0,0,0,0,0,0,0
2026-06-20,In-App Display,Family Pantry Retention Initiative,Metro Region Loyalty Cohort,15908997,Health Conscious Buyers Retention Segment,1669733702699813,Shelf Story Warm Voice,1173063753252113,Brand Awareness,87.68,13796,0,14011,64,100,100,100,100,3315,2331,0,0,2,0,148,0,188,1.24,1,10,0,12665,0
2026-06-20,Video Network,Family Pantry Retention Initiative,Metro Region Loyalty Cohort,15908997,Health Conscious Buyers Retention Segment,1669733702699813,Shelf Story Value Voice,1365467474223726,Brand Awareness,16.39,3919,0,4718,11,19,90,33,20,77,59,0,0,0,0,4,0,17,0.43,0,0,0,4368,0
2026-06-20,Social Feed,Family Pantry Retention Initiative,Metro Region Loyalty Cohort,15908997,Health Conscious Buyers Retention Segment,1669733702699813,Shelf Story Warm Voice,1837904232519606,Brand Awareness,30.67,7497,0,8698,25,61,100,100,74,345,294,0,0,0,0,22,0,54,0.62,0,1,0,7738,0
2026-06-20,Marketplace Feed,Seasonal Select Promo Initiative,Metro Region Loyalty Cohort,15908997,Health Conscious Buyers Interest Segment,1532426936569806,Promo Banner Warm Voice,5732401046815275,Brand Awareness,145.25,32266,0,39990,87,100,100,100,100,718,616,0,0,0,0,78,0,184,0.45,0,2,0,36819,0
2026-06-20,In-App Display,Family Pantry Retention Initiative,Metro Region Loyalty Cohort,15908997,Health Conscious Buyers Interest Segment,9013382232369046,Shelf Story Warm Voice,1641518074556035,Brand Awareness,12.98,3425,0,3468,12,8,32,16,9,30,25,0,0,0,0,2,0,17,0.45,0,0,0,3620,0
2026-06-20,In-App Display,Family Pantry Retention Initiative,Metro Region Loyalty Cohort,15908997,Health Conscious Buyers Retention Segment,4976789753470273,Offer Spotlight Bold Voice,1582932391745882,Brand Awareness,10.80,3095,0,3554,5,15,95,32,20,90,80,0,0,0,0,10,0,15,0.47,0,0,0,3429,0
2026-06-20,Display Network,Seasonal Select Promo Initiative,Metro Region Loyalty Cohort,15908997,Family Planners Lookalike Segment,1718074286658736,Offer Spotlight Value Voice,2074777970281390,Brand Awareness,187.94,24662,0,25216,86,100,100,100,100,909,761,0,0,0,0,249,0,306,1.21,2,6,0,23626,0
2026-06-20,Retail Media Network,Family Pantry Retention Initiative,Metro Region Loyalty Cohort,15908997,Health Conscious Buyers Retention Segment,1669733702699813,Shelf Story Warm Voice,4211876559793011,Brand Awareness,15.21,4261,0,4814,3,9,86,24,14,40,36,0,0,0,0,2,0,7,0.15,0,0,0,4611,0
2026-06-20,Influencer Network,Seasonal Select Promo Initiative,Metro Region Loyalty Cohort,15908997,Health Conscious Buyers Interest Segment,1532426936569806,Shelf Story Bold Voice,1082336609132049,Brand Awareness,70.20,25509,0,25436,37,100,100,100,100,172,125,0,0,0,0,12,0,67,0.2,0,0,0,22473,0
2026-06-20,Influencer Network,Family Pantry Retention Initiative,Metro Region Loyalty Cohort,15908997,Health Conscious Buyers Interest Segment,9013382232369046,Shelf Story Bold Voice,5904212741788775,Brand Awareness,3.58,783,0,805,1,5,23,9,7,26,19,0,0,0,0,4,0,6,0.68,0,0,0,915,0
2026-06-20,Shopping Grid,Weekend Saver Retention Initiative,Metro Region Loyalty Cohort,15908997,Family Planners Lookalike Segment,7248228093339312,Shelf Story Warm Voice,1150526236199258,Brand Awareness,21.93,5079,0,5380,11,22,100,48,29,103,83,0,0,0,0,21,0,33,0.53,0,0,0,6401,0
2026-06-20,Retail Media Network,Family Pantry Retention Initiative,Metro Region Conversion Cohort,15908997,Family Planners Lookalike Segment,5543611230519311,Offer Spotlight Friendly Voice,1716769906634105,Catalog Engagement,0,0,0,0,0,0,0,0,0,0,0,0,0,0,0,0,0,0,0,0,0,0,0,0
2026-06-20,In-App Display,Family Pantry Retention Initiative,Metro Region Loyalty Cohort,15908997,Health Conscious Buyers Retention Segment,1669733702699813,Price Drop Cut Value Voice,6906673719698824,Brand Awareness,18.48,4616,0,4411,7,40,100,71,58,85,79,0,0,0,0,3,0,15,0.30,0,1,0,4494,0
2026-06-20,Discovery Network,Seasonal Select Promo Initiative,Metro Region Loyalty Cohort,15908997,Health Conscious Buyers Retention Segment,3613956286158588,Offer Spotlight Value Voice,9011752711561329,Brand Awareness,1.89,490,0,503,1,6,33,14,9,7,6,0,0,0,0,0,0,2,0.3,0,0,0,392,0
2026-06-19,Retail Media Network,Family Pantry Retention Initiative,Metro Region Loyalty Cohort,15908997,Health Conscious Buyers Retention Segment,1669733702699813,Shelf Story Warm Voice,4211876559793011,Brand Awareness,13.86,2785,0,2783,10,25,96,30,23,59,47,0,0,0,0,5,0,17,0.54,0,1,0,2350,0
2026-06-19,Influencer Network,Family Pantry Retention Initiative,Metro Region Loyalty Cohort,15908997,Health Conscious Buyers Interest Segment,1474840462607869,Shelf Story Warm Voice,9110304031000052,Brand Awareness,80.21,16945,0,16037,24,100,100,100,100,733,563,0,0,0,0,49,0,82,0.53,0,0,0,13525,0
2026-06-19,Shopping Grid,Seasonal Select Promo Initiative,Metro Region Loyalty Cohort,15908997,Health Conscious Buyers Retention Segment,3613956286158588,Shelf Story Warm Voice,2259713911990191,Brand Awareness,1.88,366,0,405,5,11,67,20,13,14,13,0,0,0,0,1,0,4,1.03,0,0,0,315,0
2026-06-19,Discovery Network,Weekend Saver Retention Initiative,Metro Region Loyalty Cohort,15908997,Family Planners Lookalike Segment,7248228093339312,Shelf Story Warm Voice,6451368560487732,Brand Awareness,117.40,35008,0,41123,65,62,100,100,100,659,512,0,0,1,0,42,0,126,0.31,0,0,0,40634,0
2026-06-19,Social Feed,Family Pantry Retention Initiative,Metro Region Loyalty Cohort,15908997,Health Conscious Buyers Retention Segment,1669733702699813,Shelf Story Warm Voice,1837904232519606,Brand Awareness,29.23,4320,0,4241,16,53,100,100,58,305,297,0,0,0,0,26,0,32,0.77,0,2,0,4667,0
2026-06-19,Shopping Grid,Family Pantry Retention Initiative,Metro Region Loyalty Cohort,15908997,Health Conscious Buyers Interest Segment,9013382232369046,Shelf Story Warm Voice,1641518074556035,Brand Awareness,120.1,36815,0,37978,56,77,100,100,87,234,240,0,0,0,0,36,0,115,0.27,0,1,0,32543,0
2026-06-19,Search Network,Seasonal Select Promo Initiative,Metro Region Loyalty Cohort,15908997,Health Conscious Buyers Retention Segment,3613956286158588,Offer Spotlight Value Voice,9011752711561329,Brand Awareness,0.37,84,0,87,1,2,7,3,2,3,3,0,0,0,0,0,0,1,0.81,0,0,0,98,0
2026-06-19,Discovery Network,Family Pantry Retention Initiative,Metro Region Loyalty Cohort,15908997,Health Conscious Buyers Retention Segment,1669733702699813,Promo Banner Friendly Voice,1414897562821209,Brand Awareness,2.60,660,0,640,1,8,18,8,8,18,15,0,0,0,0,1,0,2,0.3,0,0,0,553,0
2026-06-19,Shopping Grid,Family Pantry Retention Initiative,Metro Region Loyalty Cohort,15908997,Family Planners Lookalike Segment,1665761135741679,Shelf Story Warm Voice,2793262031628184,Brand Awareness,226.58,63261,0,61595,130,100,100,100,100,1776,1786,0,0,2,0,446,0,543,0.81,1,9,0,52343,0
2026-06-19,Connected TV,Family Pantry Retention Initiative,Metro Region Loyalty Cohort,15908997,Health Conscious Buyers Retention Segment,4976789753470273,Shelf Story Warm Voice,1212856722898025,Brand Awareness,0.20,66,0,64,0,1,3,1,1,2,2,0,0,0,0,0,0,0,0,0,0,0,61,0
2026-06-19,Retail Media Network,Family Pantry Retention Initiative,Metro Region Loyalty Cohort,15908997,Health Conscious Buyers Interest Segment,9013382232369046,Promo Banner Friendly Voice,1538508227020088,Brand Awareness,161.91,51272,0,53419,106,100,100,100,100,661,575,0,0,1,0,101,0,233,0.40,0,2,0,51161,0
2026-06-19,Retail Media Network,Family Pantry Retention Initiative,Metro Region Conversion Cohort,15908997,Bulk Buyers Retention Segment,1412316301536073,Offer Spotlight Friendly Voice,9097155454198752,Catalog Engagement,0,0,0,0,0,0,0,0,0,0,0,0,0,0,0,0,0,0,0,0,0,0,0,0
2026-06-19,Display Network,Family Pantry Retention Initiative,Metro Region Loyalty Cohort,15908997,Family Planners Lookalike Segment,1665761135741679,Promo Banner Friendly Voice,1647756988327695,Brand Awareness,217.71,67993,0,68984,104,100,100,100,100,880,661,0,0,1,0,240,0,319,0.53,2,4,0,63970,0
2026-06-19,Influencer Network,Weekend Saver Retention Initiative,Metro Region Loyalty Cohort,15908997,Family Planners Lookalike Segment,7248228093339312,Shelf Story Bold Voice,3411200546175283,Brand Awareness,179.34,32810,0,30541,114,100,100,100,100,2728,2145,0,0,2,0,342,0,396,0.99,0,5,0,29846,0
2026-06-19,Display Network,Seasonal Select Promo Initiative,Metro Region Loyalty Cohort,15908997,Family Planners Lookalike Segment,1718074286658736,Shelf Story Bold Voice,4278310985669178,Brand Awareness,393.70,60848,0,66757,108,100,100,100,100,1362,1331,0,0,1,0,2305,0,1732,2.60,1,8,0,71759,0
2026-06-19,Search Network,Seasonal Select Promo Initiative,Metro Region Loyalty Cohort,15908997,Health Conscious Buyers Interest Segment,1532426936569806,Shelf Story Warm Voice,7193200529405455,Brand Awareness,47.28,16661,0,18490,30,96,100,100,100,118,94,0,0,0,0,15,0,55,0.34,1,2,0,17222,0
2026-06-19,In-App Display,Family Pantry Retention Initiative,Metro Region Loyalty Cohort,15908997,Family Planners Lookalike Segment,1665761135741679,Shelf Story Warm Voice,6549680554582288,Brand Awareness,206.86,54627,0,56082,87,93,100,100,100,436,369,0,0,0,0,80,0,206,0.31,0,4,0,57748,0
2026-06-19,Social Feed,Weekend Saver Retention Initiative,Metro Region Loyalty Cohort,15908997,Health Conscious Buyers Interest Segment,1334393532567969,Offer Spotlight Bold Voice,3220054077294586,Brand Awareness,216.61,53340,0,54494,86,97,100,100,100,445,423,0,0,0,0,468,0,418,0.69,0,2,0,58411,0
2026-06-19,Social Feed,Family Pantry Retention Initiative,Metro Region Loyalty Cohort,15908997,Health Conscious Buyers Retention Segment,4976789753470273,Shelf Story Warm Voice,5506678816268127,Brand Awareness,24.58,3172,0,2808,13,100,100,100,100,789,688,0,0,0,0,15,0,26,0.70,0,1,0,2870,0
2026-06-19,Social Feed,Family Pantry Retention Initiative,Metro Region Conversion Cohort,15908997,Bulk Buyers Retention Segment,1096889057602193,Offer Spotlight Friendly Voice,5703717592430862,Catalog Engagement,0,0,0,0,0,0,0,0,0,0,0,0,0,0,0,0,0,0,0,0,0,0,0,0
2026-06-19,Social Feed,Weekend Saver Retention Initiative,Metro Region Loyalty Cohort,15908997,Health Conscious Buyers Interest Segment,1334393532567969,Price Drop Cut Value Voice,1109002298095593,Brand Awareness,478.52,108430,0,107410,225,100,100,100,100,2695,2041,0,0,2,0,1161,0,1129,1.0,2,3,0,117771,0
2026-06-19,Shopping Grid,Family Pantry Retention Initiative,Metro Region Loyalty Cohort,15908997,Family Planners Lookalike Segment,1665761135741679,Shelf Story Bold Voice,1220357368781053,Brand Awareness,42.63,7387,0,8380,28,36,100,73,49,267,213,0,0,0,0,141,0,149,1.47,0,0,0,7761,0
2026-06-19,Search Network,Family Pantry Retention Initiative,Metro Region Loyalty Cohort,15908997,Health Conscious Buyers Interest Segment,1474840462607869,Shelf Story Warm Voice,4340134105081797,Brand Awareness,601.36,119236,0,139569,407,100,100,100,100,12154,12219,0,0,4,0,2231,0,2240,1.50,8,25,0,134421,0
2026-06-19,Search Network,Weekend Saver Retention Initiative,Metro Region Loyalty Cohort,15908997,Health Conscious Buyers Retention Segment,4136110625615180,Shelf Story Warm Voice,1781261912151237,Brand Awareness,0.14,13,0,15,0,0,1,1,0,1,1,0,0,0,0,0,0,0,0,0,0,0,14,0
2026-06-19,Affiliate Network,Family Pantry Retention Initiative,Metro Region Loyalty Cohort,15908997,Health Conscious Buyers Interest Segment,9013382232369046,Promo Banner Friendly Voice,1255871739760170,Brand Awareness,17.82,4935,0,6519,12,10,50,21,13,59,41,0,0,0,0,15,0,24,0.48,0,0,0,5050,0
2026-06-19,Affiliate Network,Weekend Saver Retention Initiative,Metro Region Loyalty Cohort,15908997,Health Conscious Buyers Interest Segment,1334393532567969,Shelf Story Bold Voice,7232280368739505,Brand Awareness,503.34,43401,0,53298,129,100,100,100,100,4299,3289,0,0,4,0,4959,0,3494,7.66,5,7,0,51501,0
2026-06-19,Search Network,Home Essentials Scale Initiative,Metro Region Prospecting Cohort,86057605,Family Planners Interest Segment,2052479131570920,Shelf Story Warm Voice,6668703011220466,Brand Awareness,0,0,0,0,0,0,0,0,0,0,0,0,0,0,0,0,0,0,0,0,0,0,0,0
2026-06-19,In-App Display,Family Pantry Retention Initiative,Metro Region Loyalty Cohort,15908997,Health Conscious Buyers Retention Segment,1669733702699813,Shelf Story Warm Voice,1173063753252113,Brand Awareness,115.51,10929,0,12664,103,100,100,100,100,3622,3205,0,0,2,0,190,0,260,1.9,1,14,0,10885,0
2026-06-19,Discovery Network,Family Pantry Retention Initiative,Metro Region Loyalty Cohort,15908997,Health Conscious Buyers Interest Segment,9013382232369046,Shelf Story Value Voice,1103993184708534,Brand Awareness,89.70,31412,0,26729,51,72,100,100,86,345,265,0,0,0,0,124,0,165,0.53,0,2,0,27918,0
2026-06-19,Marketplace Feed,Family Pantry Retention Initiative,Metro Region Loyalty Cohort,15908997,Health Conscious Buyers Retention Segment,1669733702699813,Shelf Story Value Voice,1365467474223726,Brand Awareness,16.99,2883,0,3098,8,13,56,26,16,54,41,0,0,0,0,5,0,12,0.42,0,0,0,2481,0
2026-06-19,In-App Display,Family Pantry Retention Initiative,Metro Region Loyalty Cohort,15908997,Health Conscious Buyers Interest Segment,9013382232369046,Collection Showcase Warm Voice,3199746654625132,Brand Awareness,13.32,4003,0,4321,5,21,87,27,19,79,72,0,0,0,0,7,0,16,0.36,0,0,0,4092,0
2026-06-19,Social Feed,Family Pantry Retention Initiative,Metro Region Loyalty Cohort,15908997,Health Conscious Buyers Retention Segment,1669733702699813,Price Drop Cut Value Voice,6906673719698824,Brand Awareness,9.82,1727,0,1817,8,18,93,40,25,42,39,0,0,0,0,5,0,19,0.94,0,0,0,1677,0
2026-06-19,Marketplace Feed,Seasonal Select Promo Initiative,Metro Region Loyalty Cohort,15908997,Health Conscious Buyers Interest Segment,1532426936569806,Promo Banner Warm Voice,5732401046815275,Brand Awareness,140.43,48944,0,52437,92,100,100,100,100,1023,854,0,0,0,0,68,0,163,0.38,0,7,0,44046,0
2026-06-19,Marketplace Feed,Family Pantry Retention Initiative,Metro Region Loyalty Cohort,15908997,Family Planners Lookalike Segment,1665761135741679,Price Drop Cut Value Voice,1192366617925175,Brand Awareness,92.83,29216,0,31122,57,100,100,100,100,276,200,0,0,0,0,54,0,104,0.4,0,2,0,28164,0
2026-06-19,Video Network,Family Pantry Retention Initiative,Metro Region Loyalty Cohort,15908997,Family Planners Lookalike Segment,1002710949555221,Shelf Story Warm Voice,5797898098365146,Brand Awareness,272.08,65506,0,73473,203,100,100,100,100,6802,5789,0,0,1,0,291,0,562,0.66,2,10,0,66233,0
2026-06-19,Shopping Grid,Family Pantry Retention Initiative,Metro Region Loyalty Cohort,15908997,Health Conscious Buyers Interest Segment,1474840462607869,Shelf Story Warm Voice,8486205212439809,Brand Awareness,153.91,44396,0,48756,91,100,100,100,100,802,666,0,0,0,0,115,0,213,0.50,1,2,0,44299,0
2026-06-19,Affiliate Network,Seasonal Select Promo Initiative,Metro Region Loyalty Cohort,15908997,Family Planners Lookalike Segment,1718074286658736,Offer Spotlight Bold Voice,1638167476571035,Brand Awareness,73.7,11428,0,13310,28,100,100,100,100,349,302,0,0,1,0,264,0,227,1.87,0,0,0,11447,0
2026-06-19,Influencer Network,Weekend Saver Retention Initiative,Metro Region Loyalty Cohort,15908997,Family Planners Lookalike Segment,7248228093339312,Price Drop Cut Value Voice,9318406623487279,Brand Awareness,97.62,39383,0,33205,38,49,100,100,62,244,200,0,0,0,0,14,0,69,0.21,0,1,0,30640,0
2026-06-19,Social Feed,Family Pantry Retention Initiative,Metro Region Loyalty Cohort,15908997,Health Conscious Buyers Retention Segment,4976789753470273,Shelf Story Warm Voice,4041974945367907,Brand Awareness,11.96,1681,0,1549,4,66,100,100,77,268,205,0,0,0,0,5,0,11,0.64,0,0,0,1671,0
2026-06-19,Affiliate Network,Family Pantry Retention Initiative,Metro Region Loyalty Cohort,15908997,Family Planners Lookalike Segment,1002710949555221,Shelf Story Warm Voice,1655044419034925,Brand Awareness,6.13,2494,0,2614,6,4,45,14,7,31,29,0,0,0,0,7,0,14,0.54,0,0,0,2462,0
2026-06-19,Affiliate Network,Weekend Saver Retention Initiative,Metro Region Loyalty Cohort,15908997,Health Conscious Buyers Retention Segment,4136110625615180,Price Drop Cut Value Voice,1682844113945221,Brand Awareness,0.32,79,0,96,1,0,0,0,0,1,1,0,0,0,0,0,0,2,1.78,0,0,0,89,0
2026-06-19,Influencer Network,Weekend Saver Retention Initiative,Metro Region Loyalty Cohort,15908997,Health Conscious Buyers Interest Segment,1334393532567969,Price Drop Cut Value Voice,2051943278335934,Brand Awareness,127.23,38970,0,37847,56,100,100,100,100,332,283,0,0,0,0,185,0,214,0.47,1,2,0,37772,0
2026-06-19,Video Network,Weekend Saver Retention Initiative,Metro Region Loyalty Cohort,15908997,Health Conscious Buyers Retention Segment,4136110625615180,Shelf Story Bold Voice,5160906508093401,Brand Awareness,6.25,1190,0,1131,3,48,100,84,57,188,140,0,0,0,0,8,0,8,0.7,0,0,0,1162,0
2026-06-19,Social Feed,Seasonal Select Promo Initiative,Metro Region Loyalty Cohort,15908997,Health Conscious Buyers Interest Segment,1532426936569806,Shelf Story Warm Voice,9953353036347574,Brand Awareness,104.28,35798,0,32482,80,100,100,100,100,312,228,0,0,0,0,25,0,130,0.3,0,2,0,35607,0
2026-06-19,Video Network,Seasonal Select Promo Initiative,Metro Region Loyalty Cohort,15908997,Health Conscious Buyers Interest Segment,1532426936569806,Offer Spotlight Value Voice,2894551765052346,Brand Awareness,13.1,4001,0,4323,7,25,100,42,25,26,22,0,0,0,0,0,0,10,0.27,0,0,0,3634,0
2026-06-19,Connected TV,Family Pantry Retention Initiative,Metro Region Conversion Cohort,15908997,Bulk Buyers Retention Segment,1777717557426296,Shelf Story Value Voice,8084225603313437,Catalog Engagement,0,0,0,0,0,0,0,0,0,0,0,0,0,0,0,0,0,0,0,0,0,0,0,0
2026-06-19,Discovery Network,Family Pantry Retention Initiative,Metro Region Conversion Cohort,38881639,Family Planners Lookalike Segment,1010331617086390,Shelf Story Warm Voice,1022962676348579,Brand Awareness,0,0,0,0,0,0,0,0,0,0,0,0,0,0,0,0,0,0,0,0,0,0,0,0
2026-06-19,Influencer Network,Seasonal Select Demand Initiative,Metro Region Loyalty Cohort,15908997,Health Conscious Buyers Retention Segment,9223925519536552,Offer Spotlight Bold Voice,1119314133689227,Catalog Engagement,0,0,0,0,0,0,0,0,0,0,0,0,0,0,0,0,0,0,0,0,0,0,0,0
2026-06-19,Influencer Network,Family Pantry Retention Initiative,Metro Region Loyalty Cohort,15908997,Health Conscious Buyers Retention Segment,4976789753470273,Shelf Story Warm Voice,1220076337258804,Brand Awareness,0.57,173,0,167,0,2,2,2,2,2,2,0,0,0,0,0,0,0,0,0,0,0,174,0
2026-06-19,Social Feed,Family Pantry Retention Initiative,Metro Region Loyalty Cohort,15908997,Health Conscious Buyers Retention Segment,1669733702699813,Shelf Story Warm Voice,5602072675253918,Brand Awareness,93.67,7807,0,7631,66,100,100,100,100,1676,1384,0,0,0,0,84,0,129,1.37,0,7,0,6552,0
2026-06-19,Search Network,Family Pantry Retention Initiative,Metro Region Loyalty Cohort,15908997,Family Planners Lookalike Segment,1665761135741679,Shelf Story Warm Voice,1280290142112652,Brand Awareness,42.19,6792,0,6209,23,30,100,70,42,238,221,0,0,1,0,119,0,108,1.7,0,3,0,6143,0
2026-06-19,Discovery Network,Seasonal Select Promo Initiative,Metro Region Loyalty Cohort,15908997,Health Conscious Buyers Retention Segment,3613956286158588,Offer Spotlight Bold Voice,4607696881668990,Brand Awareness,0.21,69,0,92,0,2,3,3,2,3,3,0,0,0,0,0,0,0,0,0,0,0,75,0
2026-06-19,Search Network,Family Pantry Retention Initiative,Metro Region Loyalty Cohort,15908997,Health Conscious Buyers Interest Segment,9013382232369046,Price Drop Cut Value Voice,4186893344787278,Brand Awareness,91.46,26143,0,29854,56,95,100,100,100,242,203,0,0,0,0,33,0,134,0.5,0,0,0,26892,0
2026-06-19,In-App Display,Family Pantry Retention Initiative,Metro Region Loyalty Cohort,15908997,Health Conscious Buyers Interest Segment,9013382232369046,Shelf Story Warm Voice,8148838999548557,Brand Awareness,1.86,459,0,508,0,3,11,6,2,9,8,0,0,0,0,1,0,2,0.37,0,0,0,397,0
2026-06-19,Affiliate Network,Family Pantry Retention Initiative,Metro Region Loyalty Cohort,15908997,Health Conscious Buyers Interest Segment,1474840462607869,Offer Spotlight Bold Voice,3530423296641236,Brand Awareness,204.81,53836,0,57662,108,100,100,100,100,1951,1431,0,0,0,0,229,0,359,0.67,0,5,0,52070,0
2026-06-19,Affiliate Network,Weekend Saver Retention Initiative,Metro Region Loyalty Cohort,15908997,Health Conscious Buyers Retention Segment,4136110625615180,Offer Spotlight Bold Voice,3833443174798849,Brand Awareness,0.32,103,0,119,0,0,4,1,1,2,2,0,0,0,0,0,0,0,0,0,0,0,115,0
2026-06-19,Affiliate Network,Weekend Saver Retention Initiative,Metro Region Loyalty Cohort,15908997,Health Conscious Buyers Retention Segment,4136110625615180,Price Drop Cut Value Voice,1316048837324374,Brand Awareness,3.95,941,0,782,0,12,95,18,12,36,33,0,0,0,0,1,0,4,0.48,0,0,0,925,0
2026-06-19,Social Feed,Seasonal Select Promo Initiative,Metro Region Loyalty Cohort,15908997,Health Conscious Buyers Retention Segment,3613956286158588,Shelf Story Bold Voice,1755467445485119,Brand Awareness,0.6,146,0,165,0,4,13,6,4,6,4,0,0,0,0,1,0,1,0.53,0,0,0,136,0
2026-06-19,Retail Media Network,Family Pantry Retention Initiative,Metro Region Loyalty Cohort,15908997,Family Planners Lookalike Segment,1665761135741679,Shelf Story Warm Voice,2616618213121749,Brand Awareness,868.52,165271,0,208196,841,100,100,100,100,48455,39892,0,0,37,0,10174,0,8670,5.22,19,194,0,164710,0
2026-06-19,Influencer Network,Family Pantry Retention Initiative,Metro Region Loyalty Cohort,15908997,Family Planners Lookalike Segment,1665761135741679,Collection Showcase Warm Voice,5654112849815777,Brand Awareness,91.68,15284,0,16264,36,66,100,100,98,495,452,0,0,0,0,313,0,275,1.49,0,1,0,15626,0
2026-06-19,Search Network,Family Pantry Retention Initiative,Metro Region Conversion Cohort,15908997,Weekend Deal Hunters Interest Segment,6202516839870495,Shelf Story Value Voice,1077582730962642,Catalog Engagement,0,0,0,0,0,0,0,0,0,0,0,0,0,0,0,0,0,0,0,0,0,0,0,0
2026-06-19,Video Network,Seasonal Select Promo Initiative,Metro Region Loyalty Cohort,15908997,Family Planners Lookalike Segment,1718074286658736,Promo Banner Warm Voice,1089449421739833,Brand Awareness,337.02,49420,0,64454,270,100,100,100,100,4440,3035,0,0,5,0,1937,0,1884,3.23,3,22,0,51777,0
2026-06-19,Affiliate Network,Family Pantry Retention Initiative,Metro Region Loyalty Cohort,15908997,Health Conscious Buyers Interest Segment,9013382232369046,Shelf Story Warm Voice,1099249066640891,Brand Awareness,372.20,50717,0,51887,222,100,100,100,100,8125,7278,0,0,0,0,2566,0,2039,3.83,0,23,0,47143,0
2026-06-19,Affiliate Network,Family Pantry Retention Initiative,Metro Region Loyalty Cohort,15908997,Health Conscious Buyers Interest Segment,9013382232369046,Shelf Story Warm Voice,1177430610668804,Brand Awareness,1121.66,165272,0,181340,799,100,100,100,100,47413,43332,0,0,34,0,9590,0,8044,4.82,39,236,0,188142,0
2026-06-19,Marketplace Feed,Weekend Saver Retention Initiative,Metro Region Loyalty Cohort,15908997,Health Conscious Buyers Retention Segment,4136110625615180,Shelf Story Warm Voice,5443423299390877,Brand Awareness,0.52,150,0,134,0,1,2,2,1,2,2,0,0,0,0,0,0,0,0,0,0,0,151,0
2026-06-19,Search Network,Seasonal Select Promo Initiative,Metro Region Loyalty Cohort,15908997,Health Conscious Buyers Retention Segment,3613956286158588,Shelf Story Warm Voice,9626373394400677,Brand Awareness,0.20,50,0,65,0,2,11,5,2,2,2,0,0,0,0,0,0,0,0,0,0,0,54,0
2026-06-19,Video Network,Family Pantry Retention Initiative,Metro Region Loyalty Cohort,15908997,Family Planners Lookalike Segment,1665761135741679,Shelf Story Value Voice,5225143865411760,Brand Awareness,167.72,36849,0,38604,65,90,100,100,100,488,455,0,0,0,0,340,0,390,0.87,0,6,0,36615,0
2026-06-19,Social Feed,Family Pantry Retention Initiative,Metro Region Loyalty Cohort,15908997,Health Conscious Buyers Retention Segment,4976789753470273,Offer Spotlight Bold Voice,1582932391745882,Brand Awareness,9.11,1303,0,1260,10,19,100,50,31,162,150,0,0,0,0,4,0,12,0.86,0,0,0,1204,0
2026-06-19,Video Network,Family Pantry Retention Initiative,Metro Region Loyalty Cohort,15908997,Family Planners Lookalike Segment,1002710949555221,Offer Spotlight Bold Voice,7401589860358191,Brand Awareness,79.41,30023,0,33457,59,58,100,100,100,583,492,0,0,1,0,60,0,143,0.51,0,3,0,27218,0
2026-06-19,Search Network,Weekend Saver Retention Initiative,Metro Region Loyalty Cohort,15908997,Family Planners Lookalike Segment,7248228093339312,Price Drop Cut Value Voice,9781212069592701,Brand Awareness,271.25,69584,0,73634,111,100,100,100,100,1942,1737,0,0,0,0,168,0,291,0.44,1,6,0,57254,0
2026-06-19,Shopping Grid,Family Pantry Retention Initiative,Metro Region Loyalty Cohort,15908997,Family Planners Lookalike Segment,1665761135741679,Shelf Story Warm Voice,2902136042807068,Brand Awareness,414.62,62334,0,72631,321,100,100,100,100,13865,9458,0,0,8,0,3478,0,3199,4.51,0,45,0,68583,0
2026-06-19,Affiliate Network,Family Pantry Retention Initiative,Metro Region Loyalty Cohort,15908997,Family Planners Lookalike Segment,1665761135741679,Shelf Story Warm Voice,1450951256520921,Brand Awareness,8.5,2198,0,2139,4,11,63,26,15,49,46,0,0,0,0,7,0,13,0.56,0,1,0,2152,0
2026-06-19,In-App Display,Weekend Saver Retention Initiative,Metro Region Loyalty Cohort,15908997,Health Conscious Buyers Interest Segment,1334393532567969,Shelf Story Warm Voice,8045514033882153,Brand Awareness,243.76,41526,0,45396,77,100,100,100,100,1570,1304,0,0,0,0,1652,0,1551,2.99,1,7,0,45892,0
2026-06-19,Shopping Grid,Family Pantry Retention Initiative,Metro Region Loyalty Cohort,15908997,Health Conscious Buyers Retention Segment,1669733702699813,Promo Banner Friendly Voice,4647140982681565,Brand Awareness,28.71,3564,0,3431,14,58,100,100,79,227,168,0,0,0,0,15,0,29,0.74,0,0,0,3050,0
2026-06-19,Connected TV,Family Pantry Retention Initiative,Metro Region Loyalty Cohort,15908997,Health Conscious Buyers Retention Segment,1669733702699813,Collection Showcase Warm Voice,1788908453907262,Brand Awareness,5.65,1120,0,1156,5,16,73,29,23,81,70,0,0,0,0,3,0,8,0.60,0,0,0,1077,0
2026-06-19,Discovery Network,Family Pantry Retention Initiative,Metro Region Loyalty Cohort,15908997,Family Planners Lookalike Segment,1002710949555221,Shelf Story Warm Voice,1647332301297595,Brand Awareness,57.94,17408,0,17647,48,32,100,100,53,222,204,0,0,0,0,20,0,84,0.39,0,1,0,19968,0
2026-06-19,Search Network,Weekend Saver Retention Initiative,Metro Region Loyalty Cohort,15908997,Health Conscious Buyers Interest Segment,1334393532567969,Shelf Story Bold Voice,8314765461987923,Brand Awareness,116.39,34114,0,31418,49,75,100,100,100,325,283,0,0,0,0,120,0,178,0.50,1,2,0,36137,0
2026-06-19,Influencer Network,Weekend Saver Retention Initiative,Metro Region Loyalty Cohort,15908997,Family Planners Lookalike Segment,7248228093339312,Shelf Story Bold Voice,1269408759613688,Brand Awareness,17.89,8494,0,7405,20,10,100,27,14,54,44,0,0,0,0,5,0,28,0.38,0,0,0,7158,0
2026-06-19,Display Network,Family Pantry Retention Initiative,Metro Region Conversion Cohort,15908997,Family Planners Lookalike Segment,3017606229260592,Shelf Story Value Voice,5691206288583839,Catalog Engagement,0,0,0,0,0,0,0,0,0,0,0,0,0,0,0,0,0,0,0,0,0,0,0,0
2026-06-19,Discovery Network,Family Pantry Retention Initiative,Metro Region Loyalty Cohort,15908997,Health Conscious Buyers Retention Segment,1669733702699813,Shelf Story Warm Voice,6197978194612129,Brand Awareness,2.08,401,0,386,2,2,14,6,4,12,10,0,0,0,0,1,0,4,1.02,0,0,0,403,0
2026-06-19,Search Network,Seasonal Select Promo Initiative,Metro Region Loyalty Cohort,15908997,Health Conscious Buyers Interest Segment,1532426936569806,Shelf Story Bold Voice,1082336609132049,Brand Awareness,57.36,18374,0,20434,34,90,100,100,100,121,118,0,0,0,0,7,0,55,0.25,1,0,0,21265,0
2026-06-19,Affiliate Network,Seasonal Select Promo Initiative,Metro Region Loyalty Cohort,15908997,Health Conscious Buyers Retention Segment,3613956286158588,Promo Banner Warm Voice,3456261421148856,Brand Awareness,4.70,805,0,747,4,58,100,100,80,57,58,0,0,0,0,4,0,9,1.00,0,0,0,809,0
2026-06-19,Retail Media Network,Seasonal Select Demand Initiative,Metro Region Conversion Cohort,15908997,Bulk Buyers Retention Segment,1061064502710542,Offer Spotlight Bold Voice,1741856265266256,Catalog Engagement,0,0,0,0,0,0,0,0,0,0,0,0,0,0,0,0,0,0,0,0,0,0,0,0
2026-06-19,Connected TV,Weekend Saver Retention Initiative,Metro Region Loyalty Cohort,15908997,Health Conscious Buyers Retention Segment,4136110625615180,Shelf Story Bold Voice,1238862856159509,Brand Awareness,0.13,37,0,48,0,0,1,1,1,1,1,0,0,0,0,0,0,0,0,0,0,0,38,0
2026-06-19,In-App Display,Family Pantry Retention Initiative,Metro Region Loyalty Cohort,15908997,Health Conscious Buyers Interest Segment,9013382232369046,Shelf Story Warm Voice,3768518651506601,Brand Awareness,14.51,4376,0,4851,6,16,91,30,18,76,68,0,0,0,0,18,0,25,0.58,0,1,0,3859,0
2026-06-19,In-App Display,Seasonal Select Promo Initiative,Metro Region Loyalty Cohort,15908997,Family Planners Lookalike Segment,1718074286658736,Shelf Story Warm Voice,1533493773187614,Brand Awareness,555.70,102008,0,105406,284,100,100,100,100,2806,2000,0,0,2,0,2572,0,2103,2.15,1,7,0,99228,0
2026-06-19,Discovery Network,Weekend Saver Retention Initiative,Metro Region Loyalty Cohort,15908997,Family Planners Lookalike Segment,7248228093339312,Offer Spotlight Bold Voice,1757288035719114,Brand Awareness,95.26,31751,0,29288,45,29,100,100,56,221,160,0,0,0,0,30,0,89,0.25,0,1,0,32291,0
2026-06-19,Retail Media Network,Family Pantry Retention Initiative,Metro Region Loyalty Cohort,15908997,Health Conscious Buyers Interest Segment,9013382232369046,Shelf Story Bold Voice,5904212741788775,Brand Awareness,2.47,751,0,789,0,2,10,5,3,9,8,0,0,0,0,1,0,3,0.33,0,0,0,709,0
2026-06-19,Retail Media Network,Weekend Saver Retention Initiative,Metro Region Loyalty Cohort,15908997,Health Conscious Buyers Interest Segment,1334393532567969,Shelf Story Warm Voice,2520693897922300,Brand Awareness,359.94,64073,0,72463,117,100,100,100,100,1451,1235,0,0,1,0,1255,0,1212,1.41,0,4,0,74846,0
2026-06-19,Connected TV,Seasonal Select Promo Initiative,Metro Region Loyalty Cohort,15908997,Health Conscious Buyers Interest Segment,1532426936569806,Offer Spotlight Bold Voice,4433422745438620,Brand Awareness,49.24,18510,0,19539,23,34,100,83,45,125,108,0,0,0,0,13,0,45,0.24,0,2,0,19746,0
2026-06-19,Affiliate Network,Family Pantry Retention Initiative,Metro Region Loyalty Cohort,15908997,Health Conscious Buyers Interest Segment,1474840462607869,Shelf Story Warm Voice,5682500646683685,Brand Awareness,422.22,97252,0,94646,266,100,100,100,100,6474,5648,0,0,8,0,788,0,970,0.77,4,25,0,90906,0
2026-06-19,Retail Media Network,Weekend Saver Retention Initiative,Metro Region Loyalty Cohort,15908997,Family Planners Lookalike Segment,7248228093339312,Shelf Story Warm Voice,1150526236199258,Brand Awareness,20.64,5835,0,5467,7,18,98,38,22,78,66,0,0,0,0,10,0,13,0.22,0,0,0,6189,0
2026-06-19,Video Network,Family Pantry Retention Initiative,Metro Region Loyalty Cohort,15908997,Health Conscious Buyers Retention Segment,1669733702699813,Shelf Story Warm Voice,2604915282803870,Brand Awareness,4.43,721,0,675,1,7,38,19,10,29,28,0,0,0,0,3,0,4,0.52,0,0,0,620,0
2026-06-19,Discovery Network,Seasonal Select Promo Initiative,Metro Region Loyalty Cohort,15908997,Family Planners Lookalike Segment,1718074286658736,Offer Spotlight Value Voice,2074777970281390,Brand Awareness,197.55,22240,0,20822,68,100,100,100,100,894,720,0,0,2,0,847,0,719,3.09,1,5,0,21871,0
2026-06-19,Video Network,Seasonal Select Promo Initiative,Metro Region Loyalty Cohort,15908997,Family Planners Lookalike Segment,1718074286658736,Shelf Story Warm Voice,1532291780998103,Brand Awareness,448.91,49088,0,56042,175,100,100,100,100,2760,2441,0,0,4,0,3406,0,2682,4.30,1,12,0,54807,0
2026-06-19,Connected TV,Family Pantry Retention Initiative,Metro Region Loyalty Cohort,15908997,Family Planners Lookalike Segment,1665761135741679,Promo Banner Friendly Voice,6598720554447191,Brand Awareness,56.04,13657,0,13462,26,25,100,54,36,194,151,0,0,0,0,88,0,102,0.64,1,3,0,12969,0
2026-06-19,Retail Media Network,Family Pantry Retention Initiative,Metro Region Loyalty Cohort,15908997,Health Conscious Buyers Retention Segment,1669733702699813,Shelf Story Bold Voice,4391005331160720,Brand Awareness,3.14,452,0,523,0,3,27,8,6,20,16,0,0,0,0,0,0,0,0,0,0,0,450,0
2026-06-19,Search Network,Family Pantry Retention Initiative,Metro Region Loyalty Cohort,15908997,Family Planners Lookalike Segment,1002710949555221,Shelf Story Warm Voice,3185083078735744,Brand Awareness,87.76,28090,0,30304,55,100,100,100,100,1455,1196,0,0,2,0,98,0,178,0.61,2,4,0,28514,0
2026-06-19,Retail Media Network,Family Pantry Retention Initiative,Metro Region Loyalty Cohort,15908997,Health Conscious Buyers Interest Segment,9013382232369046,Shelf Story Warm Voice,5257839822274418,Brand Awareness,216.30,48244,0,52972,104,100,100,100,100,1374,1050,0,0,0,0,447,0,547,1.06,0,5,0,49817,0
2026-06-18,Discovery Network,Seasonal Select Demand Initiative,Metro Region Conversion Cohort,15908997,Weekend Deal Hunters Interest Segment,2579958354523595,Offer Spotlight Bold Voice,1300165410973170,Catalog Engagement,0,0,0,0,0,0,0,0,0,0,0,0,0,0,0,0,0,0,0,0,0,0,0,0
2026-06-18,Search Network,Family Pantry Retention Initiative,Metro Region Conversion Cohort,15908997,Family Planners Lookalike Segment,3017606229260592,Shelf Story Value Voice,5691206288583839,Catalog Engagement,0,0,0,0,0,0,0,0,0,0,0,0,0,0,0,0,0,0,0,0,0,0,0,0
2026-06-18,Social Feed,Family Pantry Retention Initiative,Metro Region Conversion Cohort,15908997,Bulk Buyers Retention Segment,1412316301536073,Offer Spotlight Friendly Voice,9097155454198752,Catalog Engagement,0,0,0,0,0,0,0,0,0,0,0,0,0,0,0,0,0,0,0,0,0,0,0,0
2026-06-18,Social Feed,Family Pantry Retention Initiative,Metro Region Conversion Cohort,15908997,Weekend Deal Hunters Interest Segment,6202516839870495,Shelf Story Value Voice,1077582730962642,Catalog Engagement,0,0,0,0,0,0,0,0,0,0,0,0,0,0,0,0,0,0,0,0,0,0,0,0
2026-06-18,Search Network,Family Pantry Retention Initiative,Metro Region Loyalty Cohort,86057605,Family Planners Lookalike Segment,1541980607257120,Shelf Story Warm Voice,1227821280716912,Brand Awareness,0,0,0,0,0,0,0,0,0,0,0,0,0,0,0,0,0,0,0,0,0,0,0,0
2026-06-18,Search Network,Family Pantry Retention Initiative,Metro Region Conversion Cohort,15908997,Bulk Buyers Retention Segment,1096889057602193,Offer Spotlight Friendly Voice,5703717592430862,Catalog Engagement,0,0,0,0,0,0,0,0,0,0,0,0,0,0,0,0,0,0,0,0,0,0,0,0
2026-06-18,Marketplace Feed,Family Pantry Retention Initiative,Metro Region Conversion Cohort,15908997,Bulk Buyers Retention Segment,1777717557426296,Shelf Story Value Voice,8084225603313437,Catalog Engagement,0,0,0,0,0,0,0,0,0,0,0,0,0,0,0,0,0,0,0,0,0,0,0,0
2026-06-18,Search Network,Market Fresh Demand Initiative,Metro Region Conversion Cohort,86057605,Weekend Deal Hunters Interest Segment,2737857498400057,Product Reel Warm Voice,1640779927447931,Catalog Engagement,0,0,0,0,0,0,0,0,0,0,0,0,0,0,0,0,0,0,0,0,0,0,0,0
2026-06-18,Marketplace Feed,Seasonal Select Demand Initiative,Metro Region Conversion Cohort,15908997,Bulk Buyers Retention Segment,1061064502710542,Offer Spotlight Bold Voice,1741856265266256,Catalog Engagement,0,0,0,0,0,0,0,0,0,0,0,0,0,0,0,0,0,0,0,0,0,0,0,0
2026-06-17,Video Network,Home Essentials Promo Initiative,Metro Region Loyalty Cohort,38881639,Family Planners Lookalike Segment,8962004814279482,Shelf Story Value Voice,1020691786654074,Brand Awareness,0,0,0,0,0,0,0,0,0,0,0,0,0,0,0,0,0,0,0,0,0,0,0,0
2026-06-17,Connected TV,Home Essentials Scale Initiative,Metro Region Prospecting Cohort,86057605,Family Planners Interest Segment,2052479131570920,Promo Banner Friendly Voice,7057211523700123,Brand Awareness,0,0,0,0,0,0,0,0,0,0,0,0,0,0,0,0,0,0,0,0,0,0,0,0
2026-06-17,Affiliate Network,Family Pantry Retention Initiative,Metro Region Conversion Cohort,15908997,Bulk Buyers Retention Segment,1777717557426296,Shelf Story Value Voice,8084225603313437,Catalog Engagement,0,0,0,0,0,0,0,0,0,0,0,0,0,0,0,0,0,0,0,0,0,0,0,0
2026-06-17,Social Feed,Home Essentials Scale Initiative,Metro Region Prospecting Cohort,86057605,Family Planners Interest Segment,2052479131570920,Shelf Story Warm Voice,1431189176757496,Brand Awareness,0,0,0,0,0,0,0,0,0,0,0,0,0,0,0,0,0,0,0,0,0,0,0,0
2026-06-17,Display Network,Home Essentials Scale Initiative,Metro Region Prospecting Cohort,86057605,Family Planners Interest Segment,2052479131570920,Price Drop Cut Value Voice,1337311684616332,Brand Awareness,0,0,0,0,0,0,0,0,0,0,0,0,0,0,0,0,0,0,0,0,0,0,0,0
2026-06-17,In-App Display,Market Fresh Demand Initiative,Metro Region Conversion Cohort,86057605,Weekend Deal Hunters Interest Segment,2737857498400057,Product Reel Warm Voice,1640779927447931,Catalog Engagement,0,0,0,0,0,0,0,0,0,0,0,0,0,0,0,0,0,0,0,0,0,0,0,0
2026-06-17,Social Feed,Family Pantry Retention Initiative,Metro Region Conversion Cohort,38881639,Family Planners Lookalike Segment,1010331617086390,Shelf Story Warm Voice,1022962676348579,Brand Awareness,0,0,0,0,0,0,0,0,0,0,0,0,0,0,0,0,0,0,0,0,0,0,0,0
2026-06-17,Shopping Grid,Family Pantry Retention Initiative,Metro Region Conversion Cohort,15908997,Family Planners Lookalike Segment,3017606229260592,Shelf Story Value Voice,5691206288583839,Catalog Engagement,0,0,0,0,0,0,0,0,0,0,0,0,0,0,0,0,0,0,0,0,0,0,0,0
2026-06-17,Marketplace Feed,Family Pantry Retention Initiative,Metro Region Prospecting Cohort,86057605,Health Conscious Buyers Affinity Segment,1135622965987651,Product Reel Warm Voice,1149004867408980,Brand Awareness,0,0,0,0,0,0,0,0,0,0,0,0,0,0,0,0,0,0,0,0,0,0,0,0
2026-06-17,Discovery Network,Family Pantry Retention Initiative,Metro Region Conversion Cohort,15908997,Weekend Deal Hunters Interest Segment,6202516839870495,Shelf Story Value Voice,1077582730962642,Catalog Engagement,0,0,0,0,0,0,0,0,0,0,0,0,0,0,0,0,0,0,0,0,0,0,0,0
2026-06-17,Affiliate Network,Seasonal Select Demand Initiative,Metro Region Loyalty Cohort,15908997,Health Conscious Buyers Retention Segment,9223925519536552,Offer Spotlight Bold Voice,1119314133689227,Catalog Engagement,0,0,0,0,0,0,0,0,0,0,0,0,0,0,0,0,0,0,0,0,0,0,0,0
2026-06-16,Display Network,Family Pantry Retention Initiative,Metro Region Conversion Cohort,15908997,Bulk Buyers Retention Segment,1777717557426296,Shelf Story Value Voice,8084225603313437,Catalog Engagement,0,0,0,0,0,0,0,0,0,0,0,0,0,0,0,0,0,0,0,0,0,0,0,0
2026-06-16,Retail Media Network,Family Pantry Retention Initiative,Metro Region Conversion Cohort,15908997,Bulk Buyers Retention Segment,1096889057602193,Offer Spotlight Friendly Voice,5703717592430862,Catalog Engagement,0,0,0,0,0,0,0,0,0,0,0,0,0,0,0,0,0,0,0,0,0,0,0,0
2026-06-16,Discovery Network,Family Pantry Retention Initiative,Metro Region Prospecting Cohort,86057605,Health Conscious Buyers Affinity Segment,1135622965987651,Price Drop Cut Direct Voice,1738411410074119,Brand Awareness,0,0,0,0,0,0,0,0,0,0,0,0,0,0,0,0,0,0,0,0,0,0,0,0
2026-06-16,Retail Media Network,Family Pantry Retention Initiative,Metro Region Conversion Cohort,15908997,Bulk Buyers Retention Segment,1412316301536073,Offer Spotlight Friendly Voice,9097155454198752,Catalog Engagement,0,0,0,0,0,0,0,0,0,0,0,0,0,0,0,0,0,0,0,0,0,0,0,0
2026-06-16,Discovery Network,Seasonal Select Demand Initiative,Metro Region Conversion Cohort,15908997,Bulk Buyers Retention Segment,1061064502710542,Offer Spotlight Bold Voice,1741856265266256,Catalog Engagement,0,0,0,0,0,0,0,0,0,0,0,0,0,0,0,0,0,0,0,0,0,0,0,0
2026-06-16,Discovery Network,Family Pantry Retention Initiative,Metro Region Conversion Cohort,15908997,Weekend Deal Hunters Interest Segment,6202516839870495,Shelf Story Value Voice,1077582730962642,Catalog Engagement,0,0,0,0,0,0,0,0,0,0,0,0,0,0,0,0,0,0,0,0,0,0,0,0
2026-06-16,In-App Display,Family Pantry Retention Initiative,Metro Region Conversion Cohort,15908997,Family Planners Lookalike Segment,3017606229260592,Shelf Story Value Voice,5691206288583839,Catalog Engagement,0,0,0,0,0,0,0,0,0,0,0,0,0,0,0,0,0,0,0,0,0,0,0,0
2026-06-16,Search Network,Market Fresh Demand Initiative,Metro Region Conversion Cohort,86057605,Bulk Buyers Retention Segment,2856518857723944,Product Reel Warm Voice,1829249393081722,Catalog Engagement,0,0,0,0,0,0,0,0,0,0,0,0,0,0,0,0,0,0,0,0,0,0,0,0
2026-06-15,Connected TV,Market Fresh Demand Initiative,Metro Region Conversion Cohort,86057605,Bulk Buyers Retention Segment,2856518857723944,Product Reel Warm Voice,1829249393081722,Catalog Engagement,0,0,0,0,0,0,0,0,0,0,0,0,0,0,0,0,0,0,0,0,0,0,0,0
2026-06-15,Video Network,Seasonal Select Demand Initiative,Metro Region Conversion Cohort,15908997,Bulk Buyers Retention Segment,1061064502710542,Offer Spotlight Bold Voice,1741856265266256,Catalog Engagement,0,0,0,0,0,0,0,0,0,0,0,0,0,0,0,0,0,0,0,0,0,0,0,0
2026-06-15,In-App Display,Family Pantry Retention Initiative,Metro Region Conversion Cohort,15908997,Bulk Buyers Retention Segment,1412316301536073,Offer Spotlight Friendly Voice,9097155454198752,Catalog Engagement,0,0,0,0,0,0,0,0,0,0,0,0,0,0,0,0,0,0,0,0,0,0,0,0
2026-06-15,Affiliate Network,Family Pantry Retention Initiative,Metro Region Conversion Cohort,15908997,Family Planners Lookalike Segment,3017606229260592,Shelf Story Value Voice,5691206288583839,Catalog Engagement,0,0,0,0,0,0,0,0,0,0,0,0,0,0,0,0,0,0,0,0,0,0,0,0
2026-06-15,Marketplace Feed,Family Pantry Retention Initiative,Metro Region Conversion Cohort,15908997,Weekend Deal Hunters Interest Segment,6202516839870495,Shelf Story Value Voice,1077582730962642,Catalog Engagement,0,0,0,0,0,0,0,0,0,0,0,0,0,0,0,0,0,0,0,0,0,0,0,0
2026-06-15,Marketplace Feed,Family Pantry Retention Initiative,Metro Region Conversion Cohort,15908997,Bulk Buyers Retention Segment,1096889057602193,Offer Spotlight Friendly Voice,5703717592430862,Catalog Engagement,0,0,0,0,0,0,0,0,0,0,0,0,0,0,0,0,0,0,0,0,0,0,0,0
2026-06-15,Search Network,Market Fresh Demand Initiative,Metro Region Conversion Cohort,86057605,Weekend Deal Hunters Interest Segment,2737857498400057,Product Reel Warm Voice,1640779927447931,Catalog Engagement,0,0,0,0,0,0,0,0,0,0,0,0,0,0,0,0,0,0,0,0,0,0,0,0
2026-06-15,In-App Display,Seasonal Select Demand Initiative,Metro Region Loyalty Cohort,15908997,Health Conscious Buyers Retention Segment,9223925519536552,Offer Spotlight Bold Voice,1119314133689227,Catalog Engagement,0,0,0,0,0,0,0,0,0,0,0,0,0,0,0,0,0,0,0,0,0,0,0,0
2026-06-15,Retail Media Network,Family Pantry Retention Initiative,Metro Region Conversion Cohort,15908997,Bulk Buyers Retention Segment,1777717557426296,Shelf Story Value Voice,8084225603313437,Catalog Engagement,0,0,0,0,0,0,0,0,0,0,0,0,0,0,0,0,0,0,0,0,0,0,0,0
2026-06-14,Discovery Network,Family Pantry Retention Initiative,Metro Region Conversion Cohort,15908997,Bulk Buyers Retention Segment,1777717557426296,Shelf Story Value Voice,8084225603313437,Catalog Engagement,0,0,0,0,0,0,0,0,0,0,0,0,0,0,0,0,0,0,0,0,0,0,0,0
2026-06-14,Retail Media Network,Family Pantry Retention Initiative,Metro Region Loyalty Cohort,86057605,Health Conscious Buyers Interest Segment,1317849022166581,Shelf Story Warm Voice,4835139745633214,Brand Awareness,0,0,0,0,0,0,0,0,0,0,0,0,0,0,0,0,0,0,0,0,0,0,0,0
2026-06-14,Display Network,Home Essentials Scale Initiative,Metro Region Prospecting Cohort,86057605,Family Planners Interest Segment,2052479131570920,Shelf Story Bold Voice,1642534966349722,Brand Awareness,0,0,0,0,0,0,0,0,0,0,0,0,0,0,0,0,0,0,0,0,0,0,0,0
2026-06-14,Search Network,Seasonal Select Demand Initiative,Metro Region Conversion Cohort,15908997,Bulk Buyers Retention Segment,1061064502710542,Offer Spotlight Bold Voice,1741856265266256,Catalog Engagement,0,0,0,0,0,0,0,0,0,0,0,0,0,0,0,0,0,0,0,0,0,0,0,0
2026-06-14,Influencer Network,Market Fresh Demand Initiative,Metro Region Conversion Cohort,86057605,Bulk Buyers Retention Segment,2856518857723944,Product Reel Warm Voice,1829249393081722,Catalog Engagement,0,0,0,0,0,0,0,0,0,0,0,0,0,0,0,0,0,0,0,0,0,0,0,0
2026-06-14,Retail Media Network,Seasonal Select Demand Initiative,Metro Region Loyalty Cohort,15908997,Health Conscious Buyers Retention Segment,9223925519536552,Offer Spotlight Bold Voice,1119314133689227,Catalog Engagement,0,0,0,0,0,0,0,0,0,0,0,0,0,0,0,0,0,0,0,0,0,0,0,0
2026-06-14,Connected TV,Family Pantry Retention Initiative,Metro Region Conversion Cohort,38881639,Family Planners Lookalike Segment,1010331617086390,Shelf Story Warm Voice,1022962676348579,Brand Awareness,0,0,0,0,0,0,0,0,0,0,0,0,0,0,0,0,0,0,0,0,0,0,0,0
2026-06-14,Social Feed,Family Pantry Retention Initiative,Metro Region Conversion Cohort,15908997,Weekend Deal Hunters Interest Segment,6202516839870495,Shelf Story Value Voice,1077582730962642,Catalog Engagement,0,0,0,0,0,0,0,0,0,0,0,0,0,0,0,0,0,0,0,0,0,0,0,0
2026-06-14,Social Feed,Family Pantry Retention Initiative,Metro Region Conversion Cohort,15908997,Bulk Buyers Retention Segment,1096889057602193,Offer Spotlight Friendly Voice,5703717592430862,Catalog Engagement,0,0,0,0,0,0,0,0,0,0,0,0,0,0,0,0,0,0,0,0,0,0,0,0
2026-06-14,Search Network,Family Pantry Retention Initiative,Metro Region Conversion Cohort,15908997,Family Planners Lookalike Segment,3017606229260592,Shelf Story Value Voice,5691206288583839,Catalog Engagement,0,0,0,0,0,0,0,0,0,0,0,0,0,0,0,0,0,0,0,0,0,0,0,0
2026-06-14,Retail Media Network,Family Pantry Retention Initiative,Metro Region Loyalty Cohort,86057605,Family Planners Lookalike Segment,1541980607257120,Shelf Story Warm Voice,1227821280716912,Brand Awareness,0,0,0,0,0,0,0,0,0,0,0,0,0,0,0,0,0,0,0,0,0,0,0,0
2026-06-14,Connected TV,Home Essentials Scale Initiative,Metro Region Prospecting Cohort,86057605,Family Planners Interest Segment,2052479131570920,Shelf Story Warm Voice,6668703011220466,Brand Awareness,0,0,0,0,0,0,0,0,0,0,0,0,0,0,0,0,0,0,0,0,0,0,0,0
2026-06-13,Search Network,Market Fresh Demand Initiative,Metro Region Conversion Cohort,86057605,Bulk Buyers Retention Segment,2856518857723944,Product Reel Warm Voice,1829249393081722,Catalog Engagement,0,0,0,0,0,0,0,0,0,0,0,0,0,0,0,0,0,0,0,0,0,0,0,0
2026-06-13,Social Feed,Seasonal Select Demand Initiative,Metro Region Conversion Cohort,15908997,Bulk Buyers Retention Segment,1061064502710542,Offer Spotlight Bold Voice,1741856265266256,Catalog Engagement,0,0,0,0,0,0,0,0,0,0,0,0,0,0,0,0,0,0,0,0,0,0,0,0
2026-06-13,Display Network,Family Pantry Retention Initiative,Metro Region Conversion Cohort,15908997,Family Planners Lookalike Segment,3017606229260592,Shelf Story Value Voice,5691206288583839,Catalog Engagement,0,0,0,0,0,0,0,0,0,0,0,0,0,0,0,0,0,0,0,0,0,0,0,0
2026-06-13,Social Feed,Family Pantry Retention Initiative,Metro Region Conversion Cohort,15908997,Weekend Deal Hunters Interest Segment,6202516839870495,Shelf Story Value Voice,1077582730962642,Catalog Engagement,0,0,0,0,0,0,0,0,0,0,0,0,0,0,0,0,0,0,0,0,0,0,0,0
2026-06-13,Connected TV,Seasonal Select Demand Initiative,Metro Region Loyalty Cohort,15908997,Health Conscious Buyers Retention Segment,9223925519536552,Offer Spotlight Bold Voice,1119314133689227,Catalog Engagement,0,0,0,0,0,0,0,0,0,0,0,0,0,0,0,0,0,0,0,0,0,0,0,0
2026-06-13,Display Network,Family Pantry Retention Initiative,Metro Region Conversion Cohort,15908997,Bulk Buyers Retention Segment,1096889057602193,Offer Spotlight Friendly Voice,5703717592430862,Catalog Engagement,0,0,0,0,0,0,0,0,0,0,0,0,0,0,0,0,0,0,0,0,0,0,0,0
2026-06-13,Social Feed,Family Pantry Retention Initiative,Metro Region Conversion Cohort,38881639,Family Planners Lookalike Segment,1010331617086390,Shelf Story Warm Voice,1022962676348579,Brand Awareness,0,0,0,0,0,0,0,0,0,0,0,0,0,0,0,0,0,0,0,0,0,0,0,0
2026-06-13,Social Feed,Family Pantry Retention Initiative,Metro Region Conversion Cohort,15908997,Bulk Buyers Retention Segment,1412316301536073,Offer Spotlight Friendly Voice,9097155454198752,Catalog Engagement,0,0,0,0,0,0,0,0,0,0,0,0,0,0,0,0,0,0,0,0,0,0,0,0
2026-06-13,Social Feed,Family Pantry Retention Initiative,Metro Region Conversion Cohort,15908997,Bulk Buyers Retention Segment,1777717557426296,Shelf Story Value Voice,8084225603313437,Catalog Engagement,0,0,0,0,0,0,0,0,0,0,0,0,0,0,0,0,0,0,0,0,0,0,0,0
2026-06-13,Retail Media Network,Family Pantry Retention Initiative,Metro Region Loyalty Cohort,86057605,Health Conscious Buyers Interest Segment,1317849022166581,Shelf Story Warm Voice,4835139745633214,Brand Awareness,0,0,0,0,0,0,0,0,0,0,0,0,0,0,0,0,0,0,0,0,0,0,0,0
2026-06-13,Discovery Network,Home Essentials Scale Initiative,Metro Region Prospecting Cohort,86057605,Family Planners Interest Segment,2052479131570920,Shelf Story Warm Voice,1453411941100364,Brand Awareness,0,0,0,0,0,0,0,0,0,0,0,0,0,0,0,0,0,0,0,0,0,0,0,0
2026-06-12,Marketplace Feed,Family Pantry Retention Initiative,Metro Region Loyalty Cohort,86057605,Family Planners Lookalike Segment,1389792323919646,Shelf Story Warm Voice,1559200281199121,Brand Awareness,0,0,0,0,0,0,0,0,0,0,0,0,0,0,0,0,0,0,0,0,0,0,0,0
2026-06-12,Display Network,Family Pantry Retention Initiative,Metro Region Conversion Cohort,15908997,Weekend Deal Hunters Interest Segment,6202516839870495,Shelf Story Value Voice,1077582730962642,Catalog Engagement,0,0,0,0,0,0,0,0,0,0,0,0,0,0,0,0,0,0,0,0,0,0,0,0
2026-06-12,Video Network,Seasonal Select Demand Initiative,Metro Region Conversion Cohort,15908997,Weekend Deal Hunters Interest Segment,2579958354523595,Offer Spotlight Bold Voice,1300165410973170,Catalog Engagement,0,0,0,0,0,0,0,0,0,0,0,0,0,0,0,0,0,0,0,0,0,0,0,0
2026-06-12,Affiliate Network,Family Pantry Retention Initiative,Metro Region Conversion Cohort,15908997,Family Planners Lookalike Segment,3017606229260592,Shelf Story Value Voice,5691206288583839,Catalog Engagement,0,0,0,0,0,0,0,0,0,0,0,0,0,0,0,0,0,0,0,0,0,0,0,0
2026-06-12,Discovery Network,Home Essentials Promo Initiative,Metro Region Loyalty Cohort,38881639,Family Planners Lookalike Segment,8962004814279482,Shelf Story Value Voice,1020691786654074,Brand Awareness,0,0,0,0,0,0,0,0,0,0,0,0,0,0,0,0,0,0,0,0,0,0,0,0
2026-06-12,Shopping Grid,Family Pantry Retention Initiative,Metro Region Conversion Cohort,15908997,Bulk Buyers Retention Segment,1096889057602193,Offer Spotlight Friendly Voice,5703717592430862,Catalog Engagement,0,0,0,0,0,0,0,0,0,0,0,0,0,0,0,0,0,0,0,0,0,0,0,0
2026-06-12,Influencer Network,Smart Choice Impact Initiative,Central Region Loyalty Cohort,44948390,Family Planners Interest Segment,4141466458949862,Shelf Story Bold Voice,1119693786488421,Brand Awareness,0,0,0,0,0,0,0,0,0,0,0,0,0,0,0,0,0,0,0,0,0,0,0,0
2026-06-12,Shopping Grid,Seasonal Select Demand Initiative,Metro Region Loyalty Cohort,15908997,Health Conscious Buyers Retention Segment,9223925519536552,Offer Spotlight Bold Voice,1119314133689227,Catalog Engagement,0,0,0,0,0,0,0,0,0,0,0,0,0,0,0,0,0,0,0,0,0,0,0,0
2026-06-12,Discovery Network,Family Pantry Retention Initiative,Metro Region Conversion Cohort,15908997,Bulk Buyers Retention Segment,1777717557426296,Shelf Story Value Voice,8084225603313437,Catalog Engagement,0,0,0,0,0,0,0,0,0,0,0,0,0,0,0,0,0,0,0,0,0,0,0,0
2026-06-12,Video Network,Market Fresh Demand Initiative,Metro Region Conversion Cohort,86057605,Weekend Deal Hunters Interest Segment,2737857498400057,Product Reel Warm Voice,1640779927447931,Catalog Engagement,0,0,0,0,0,0,0,0,0,0,0,0,0,0,0,0,0,0,0,0,0,0,0,0
2026-06-12,Discovery Network,Seasonal Select Demand Initiative,Metro Region Conversion Cohort,15908997,Bulk Buyers Retention Segment,1061064502710542,Offer Spotlight Bold Voice,1741856265266256,Catalog Engagement,0,0,0,0,0,0,0,0,0,0,0,0,0,0,0,0,0,0,0,0,0,0,0,0
2026-06-12,Video Network,Family Pantry Retention Initiative,Metro Region Conversion Cohort,15908997,Bulk Buyers Retention Segment,1412316301536073,Offer Spotlight Friendly Voice,9097155454198752,Catalog Engagement,0,0,0,0,0,0,0,0,0,0,0,0,0,0,0,0,0,0,0,0,0,0,0,0
2026-06-12,In-App Display,Market Fresh Demand Initiative,Metro Region Conversion Cohort,86057605,Bulk Buyers Retention Segment,2856518857723944,Product Reel Warm Voice,1829249393081722,Catalog Engagement,0,0,0,0,0,0,0,0,0,0,0,0,0,0,0,0,0,0,0,0,0,0,0,0
2026-06-11,Search Network,Family Pantry Retention Initiative,Metro Region Conversion Cohort,15908997,Bulk Buyers Retention Segment,1777717557426296,Shelf Story Value Voice,8084225603313437,Catalog Engagement,0,0,0,0,0,0,0,0,0,0,0,0,0,0,0,0,0,0,0,0,0,0,0,0
2026-06-11,Connected TV,Seasonal Select Demand Initiative,Metro Region Loyalty Cohort,15908997,Family Planners Lookalike Segment,1409583213200047,Offer Spotlight Bold Voice,2174063222301993,Catalog Engagement,0,0,0,0,0,0,0,0,0,0,0,0,0,0,0,0,0,0,0,0,0,0,0,0
2026-06-11,Shopping Grid,Family Pantry Retention Initiative,Metro Region Loyalty Cohort,86057605,Family Planners Lookalike Segment,1541980607257120,Shelf Story Warm Voice,1227821280716912,Brand Awareness,0,0,0,0,0,0,0,0,0,0,0,0,0,0,0,0,0,0,0,0,0,0,0,0
2026-06-11,Retail Media Network,Family Pantry Retention Initiative,Metro Region Conversion Cohort,15908997,Bulk Buyers Retention Segment,1096889057602193,Offer Spotlight Friendly Voice,5703717592430862,Catalog Engagement,0,0,0,0,0,0,0,0,0,0,0,0,0,0,0,0,0,0,0,0,0,0,0,0
2026-06-11,Shopping Grid,Home Essentials Promo Initiative,Metro Region Conversion Cohort,44948390,Quick Refill Buyers Retention Segment,1899712342036110,Shelf Story Warm Voice,8585579191193727,Brand Awareness,0,0,0,0,0,0,0,0,0,0,0,0,0,0,0,0,0,0,0,0,0,0,0,0
2026-06-11,Influencer Network,Market Fresh Demand Initiative,Metro Region Conversion Cohort,86057605,Weekend Deal Hunters Interest Segment,2737857498400057,Product Reel Warm Voice,1640779927447931,Catalog Engagement,0,0,0,0,0,0,0,0,0,0,0,0,0,0,0,0,0,0,0,0,0,0,0,0
2026-06-11,Connected TV,Family Pantry Retention Initiative,Metro Region Conversion Cohort,15908997,Weekend Deal Hunters Interest Segment,6202516839870495,Shelf Story Value Voice,1077582730962642,Catalog Engagement,0,0,0,0,0,0,0,0,0,0,0,0,0,0,0,0,0,0,0,0,0,0,0,0
2026-06-11,Social Feed,Seasonal Select Demand Initiative,Metro Region Loyalty Cohort,15908997,Health Conscious Buyers Retention Segment,9223925519536552,Offer Spotlight Bold Voice,1119314133689227,Catalog Engagement,0,0,0,0,0,0,0,0,0,0,0,0,0,0,0,0,0,0,0,0,0,0,0,0
2026-06-11,Affiliate Network,Family Pantry Retention Initiative,Metro Region Conversion Cohort,38881639,Family Planners Lookalike Segment,1010331617086390,Shelf Story Warm Voice,1022962676348579,Brand Awareness,0,0,0,0,0,0,0,0,0,0,0,0,0,0,0,0,0,0,0,0,0,0,0,0
2026-06-11,In-App Display,Family Pantry Retention Initiative,Metro Region Loyalty Cohort,86057605,Family Planners Lookalike Segment,1389792323919646,Shelf Story Warm Voice,1559200281199121,Brand Awareness,0,0,0,0,0,0,0,0,0,0,0,0,0,0,0,0,0,0,0,0,0,0,0,0
2026-06-11,Search Network,Market Fresh Demand Initiative,Metro Region Conversion Cohort,86057605,Bulk Buyers Retention Segment,2856518857723944,Product Reel Warm Voice,1829249393081722,Catalog Engagement,0,0,0,0,0,0,0,0,0,0,0,0,0,0,0,0,0,0,0,0,0,0,0,0
2026-06-11,Shopping Grid,Seasonal Select Demand Initiative,Metro Region Conversion Cohort,15908997,Bulk Buyers Retention Segment,1061064502710542,Offer Spotlight Bold Voice,1741856265266256,Catalog Engagement,0,0,0,0,0,0,0,0,0,0,0,0,0,0,0,0,0,0,0,0,0,0,0,0
2026-06-11,Search Network,Family Pantry Retention Initiative,Metro Region Conversion Cohort,15908997,Bulk Buyers Retention Segment,1412316301536073,Offer Spotlight Friendly Voice,9097155454198752,Catalog Engagement,0,0,0,0,0,0,0,0,0,0,0,0,0,0,0,0,0,0,0,0,0,0,0,0
2026-06-11,Video Network,Seasonal Select Demand Initiative,Metro Region Conversion Cohort,15908997,Weekend Deal Hunters Interest Segment,2579958354523595,Offer Spotlight Bold Voice,1300165410973170,Catalog Engagement,0,0,0,0,0,0,0,0,0,0,0,0,0,0,0,0,0,0,0,0,0,0,0,0
2026-06-11,Affiliate Network,Home Essentials Scale Initiative,Metro Region Prospecting Cohort,86057605,Family Planners Interest Segment,2052479131570920,Shelf Story Warm Voice,1431189176757496,Brand Awareness,0,0,0,0,0,0,0,0,0,0,0,0,0,0,0,0,0,0,0,0,0,0,0,0
2026-06-11,Discovery Network,Family Pantry Retention Initiative,Metro Region Conversion Cohort,15908997,Family Planners Lookalike Segment,3017606229260592,Shelf Story Value Voice,5691206288583839,Catalog Engagement,0,0,0,0,0,0,0,0,0,0,0,0,0,0,0,0,0,0,0,0,0,0,0,0
2026-06-11,Shopping Grid,Family Pantry Retention Initiative,Metro Region Loyalty Cohort,86057605,Health Conscious Buyers Interest Segment,1317849022166581,Shelf Story Warm Voice,4835139745633214,Brand Awareness,0,0,0,0,0,0,0,0,0,0,0,0,0,0,0,0,0,0,0,0,0,0,0,0
2026-06-10,Retail Media Network,Family Pantry Retention Initiative,Metro Region Conversion Cohort,15908997,Bulk Buyers Retention Segment,1096889057602193,Offer Spotlight Friendly Voice,5703717592430862,Catalog Engagement,0,0,0,0,0,0,0,0,0,0,0,0,0,0,0,0,0,0,0,0,0,0,0,0
2026-06-10,Shopping Grid,Family Pantry Retention Initiative,Metro Region Prospecting Cohort,86057605,Health Conscious Buyers Interest Segment,4038732375076011,Price Drop Cut Value Voice,5368036527923125,Brand Awareness,0,0,0,0,0,0,0,0,0,0,0,0,0,0,0,0,0,0,0,0,0,0,0,0
2026-06-10,Influencer Network,Family Pantry Retention Initiative,Metro Region Conversion Cohort,15908997,Bulk Buyers Retention Segment,1412316301536073,Offer Spotlight Friendly Voice,9097155454198752,Catalog Engagement,0,0,0,0,0,0,0,0,0,0,0,0,0,0,0,0,0,0,0,0,0,0,0,0
2026-06-10,Retail Media Network,Family Pantry Retention Initiative,Metro Region Prospecting Cohort,86057605,Health Conscious Buyers Affinity Segment,1135622965987651,Price Drop Cut Direct Voice,1376321213572515,Brand Awareness,0,0,0,0,0,0,0,0,0,0,0,0,0,0,0,0,0,0,0,0,0,0,0,0
2026-06-10,Connected TV,Family Pantry Retention Initiative,Metro Region Conversion Cohort,38881639,Family Planners Lookalike Segment,1010331617086390,Shelf Story Warm Voice,1022962676348579,Brand Awareness,0,0,0,0,0,0,0,0,0,0,0,0,0,0,0,0,0,0,0,0,0,0,0,0
2026-06-10,Display Network,Seasonal Select Demand Initiative,Metro Region Conversion Cohort,15908997,Weekend Deal Hunters Interest Segment,2579958354523595,Offer Spotlight Bold Voice,1300165410973170,Catalog Engagement,0,0,0,0,0,0,0,0,0,0,0,0,0,0,0,0,0,0,0,0,0,0,0,0
2026-06-10,Influencer Network,Family Pantry Retention Initiative,Metro Region Conversion Cohort,15908997,Family Planners Lookalike Segment,3017606229260592,Shelf Story Value Voice,5691206288583839,Catalog Engagement,0,0,0,0,0,0,0,0,0,0,0,0,0,0,0,0,0,0,0,0,0,0,0,0
2026-06-10,Video Network,Family Pantry Retention Initiative,Metro Region Prospecting Cohort,86057605,Health Conscious Buyers Affinity Segment,1135622965987651,Shelf Story Warm Voice,6310646509441659,Brand Awareness,0,0,0,0,0,0,0,0,0,0,0,0,0,0,0,0,0,0,0,0,0,0,0,0
2026-06-10,Search Network,Family Pantry Retention Initiative,Metro Region Loyalty Cohort,15908997,Family Planners Lookalike Segment,4652266771659829,Offer Spotlight Value Voice,1434973701169276,Catalog Engagement,0,0,0,0,0,0,0,0,0,0,0,0,0,0,0,0,0,0,0,0,0,0,0,0
2026-06-10,Video Network,Family Pantry Retention Initiative,Metro Region Conversion Cohort,15908997,Weekend Deal Hunters Interest Segment,6202516839870495,Shelf Story Value Voice,1077582730962642,Catalog Engagement,0,0,0,0,0,0,0,0,0,0,0,0,0,0,0,0,0,0,0,0,0,0,0,0
2026-06-10,Shopping Grid,Seasonal Select Demand Initiative,Metro Region Loyalty Cohort,15908997,Health Conscious Buyers Retention Segment,9223925519536552,Offer Spotlight Bold Voice,1119314133689227,Catalog Engagement,0,0,0,0,0,0,0,0,0,0,0,0,0,0,0,0,0,0,0,0,0,0,0,0
2026-06-10,Shopping Grid,Home Essentials Promo Initiative,Metro Region Conversion Cohort,44948390,Quick Refill Buyers Retention Segment,1899712342036110,Shelf Story Warm Voice,8585579191193727,Brand Awareness,0,0,0,0,0,0,0,0,0,0,0,0,0,0,0,0,0,0,0,0,0,0,0,0
2026-06-10,Marketplace Feed,Family Pantry Retention Initiative,Metro Region Loyalty Cohort,86057605,Family Planners Lookalike Segment,1389792323919646,Shelf Story Warm Voice,1559200281199121,Brand Awareness,0,0,0,0,0,0,0,0,0,0,0,0,0,0,0,0,0,0,0,0,0,0,0,0
2026-06-10,Marketplace Feed,Family Pantry Retention Initiative,Metro Region Conversion Cohort,15908997,Weekend Deal Hunters Interest Segment,1797636588654079,Offer Spotlight Friendly Voice,1157639135138193,Catalog Engagement,0,0,0,0,0,0,0,0,0,0,0,0,0,0,0,0,0,0,0,0,0,0,0,0
2026-06-10,Marketplace Feed,Seasonal Select Demand Initiative,Metro Region Conversion Cohort,15908997,Bulk Buyers Retention Segment,1061064502710542,Offer Spotlight Bold Voice,1741856265266256,Catalog Engagement,0,0,0,0,0,0,0,0,0,0,0,0,0,0,0,0,0,0,0,0,0,0,0,0
2026-06-10,Marketplace Feed,Family Pantry Retention Initiative,Metro Region Conversion Cohort,44948390,Family Planners Lookalike Segment,1494635147050178,Shelf Story Bold Voice,2499053457209784,Catalog Engagement,0,0,0,0,0,0,0,0,0,0,0,0,0,0,0,0,0,0,0,0,0,0,0,0
2026-06-10,Retail Media Network,Family Pantry Retention Initiative,Metro Region Conversion Cohort,15908997,Bulk Buyers Retention Segment,1777717557426296,Shelf Story Value Voice,8084225603313437,Catalog Engagement,0,0,0,0,0,0,0,0,0,0,0,0,0,0,0,0,0,0,0,0,0,0,0,0
2026-06-10,Discovery Network,Market Fresh Demand Initiative,Metro Region Conversion Cohort,86057605,Bulk Buyers Retention Segment,2856518857723944,Product Reel Warm Voice,1829249393081722,Catalog Engagement,0,0,0,0,0,0,0,0,0,0,0,0,0,0,0,0,0,0,0,0,0,0,0,0
2026-06-09,Shopping Grid,Seasonal Select Demand Initiative,Metro Region Conversion Cohort,15908997,Family Planners Lookalike Segment,5759016641689799,Offer Spotlight Bold Voice,9554297992940714,Catalog Engagement,0,0,0,0,0,0,0,0,0,0,0,0,0,0,0,0,0,0,0,0,0,0,0,0
2026-06-09,Discovery Network,Family Pantry Retention Initiative,Metro Region Conversion Cohort,15908997,Bulk Buyers Retention Segment,1777717557426296,Shelf Story Value Voice,8084225603313437,Catalog Engagement,0,0,0,0,0,0,0,0,0,0,0,0,0,0,0,0,0,0,0,0,0,0,0,0
2026-06-09,Retail Media Network,Family Pantry Retention Initiative,Metro Region Conversion Cohort,15908997,Bulk Buyers Retention Segment,1096889057602193,Offer Spotlight Friendly Voice,5703717592430862,Catalog Engagement,0,0,0,0,0,0,0,0,0,0,0,0,0,0,0,0,0,0,0,0,0,0,0,0
2026-06-09,Shopping Grid,Market Fresh Demand Initiative,Metro Region Conversion Cohort,86057605,Weekend Deal Hunters Interest Segment,2737857498400057,Product Reel Warm Voice,1640779927447931,Catalog Engagement,0,0,0,0,0,0,0,0,0,0,0,0,0,0,0,0,0,0,0,0,0,0,0,0
2026-06-09,Marketplace Feed,Family Pantry Retention Initiative,Metro Region Conversion Cohort,15908997,Bulk Buyers Retention Segment,1412316301536073,Offer Spotlight Friendly Voice,9097155454198752,Catalog Engagement,0,0,0,0,0,0,0,0,0,0,0,0,0,0,0,0,0,0,0,0,0,0,0,0
2026-06-09,Retail Media Network,Seasonal Select Demand Initiative,Metro Region Conversion Cohort,15908997,Bulk Buyers Retention Segment,1061064502710542,Offer Spotlight Bold Voice,1741856265266256,Catalog Engagement,0,0,0,0,0,0,0,0,0,0,0,0,0,0,0,0,0,0,0,0,0,0,0,0
2026-06-09,Discovery Network,Family Pantry Retention Initiative,Metro Region Prospecting Cohort,86057605,Health Conscious Buyers Interest Segment,4038732375076011,Shelf Story Bold Voice,3214725233808965,Brand Awareness,0,0,0,0,0,0,0,0,0,0,0,0,0,0,0,0,0,0,0,0,0,0,0,0
2026-06-09,Video Network,Family Pantry Retention Initiative,Metro Region Conversion Cohort,15908997,Weekend Deal Hunters Interest Segment,6202516839870495,Shelf Story Value Voice,1077582730962642,Catalog Engagement,0,0,0,0,0,0,0,0,0,0,0,0,0,0,0,0,0,0,0,0,0,0,0,0
2026-06-09,Affiliate Network,Market Fresh Demand Initiative,Metro Region Conversion Cohort,86057605,Bulk Buyers Retention Segment,2856518857723944,Product Reel Warm Voice,1829249393081722,Catalog Engagement,0,0,0,0,0,0,0,0,0,0,0,0,0,0,0,0,0,0,0,0,0,0,0,0
2026-06-09,Retail Media Network,Family Pantry Retention Initiative,Metro Region Conversion Cohort,15908997,Family Planners Lookalike Segment,3017606229260592,Shelf Story Value Voice,5691206288583839,Catalog Engagement,0,0,0,0,0,0,0,0,0,0,0,0,0,0,0,0,0,0,0,0,0,0,0,0
2026-06-09,Affiliate Network,Seasonal Select Demand Initiative,Metro Region Conversion Cohort,15908997,Weekend Deal Hunters Interest Segment,2579958354523595,Offer Spotlight Bold Voice,1300165410973170,Catalog Engagement,0,0,0,0,0,0,0,0,0,0,0,0,0,0,0,0,0,0,0,0,0,0,0,0
2026-06-09,Affiliate Network,Seasonal Select Demand Initiative,Metro Region Loyalty Cohort,15908997,Health Conscious Buyers Retention Segment,9223925519536552,Offer Spotlight Bold Voice,1119314133689227,Catalog Engagement,0,0,0,0,0,0,0,0,0,0,0,0,0,0,0,0,0,0,0,0,0,0,0,0
2026-06-09,Search Network,Family Pantry Retention Initiative,Metro Region Loyalty Cohort,86057605,Family Planners Lookalike Segment,1541980607257120,Shelf Story Warm Voice,1227821280716912,Brand Awareness,0,0,0,0,0,0,0,0,0,0,0,0,0,0,0,0,0,0,0,0,0,0,0,0
2026-06-08,Video Network,Seasonal Select Demand Initiative,Metro Region Conversion Cohort,15908997,Family Planners Lookalike Segment,5759016641689799,Offer Spotlight Bold Voice,9554297992940714,Catalog Engagement,0.61,96,0,103,0,3,25,9,7,24,21,0,0,0,0,3,0,2,1.68,0,0,0,97,0
2026-06-08,Discovery Network,Family Pantry Retention Initiative,Metro Region Conversion Cohort,15908997,Bulk Buyers Retention Segment,1777717557426296,Shelf Story Value Voice,8084225603313437,Catalog Engagement,104.43,15075,0,18925,176,100,100,100,100,2764,2359,0,0,0,0,150,0,427,2.11,0,18,0,17615,0
2026-06-08,Video Network,Family Pantry Retention Initiative,Metro Region Loyalty Cohort,86057605,Health Conscious Buyers Interest Segment,1317849022166581,Shelf Story Warm Voice,4835139745633214,Brand Awareness,0,0,0,0,0,0,0,0,0,0,0,0,0,0,0,0,0,0,0,0,0,0,0,0
2026-06-08,Social Feed,Seasonal Select Demand Initiative,Metro Region Conversion Cohort,15908997,Bulk Buyers Retention Segment,1061064502710542,Offer Spotlight Bold Voice,1741856265266256,Catalog Engagement,201.90,40271,0,43867,302,100,100,100,100,5200,4322,0,0,1,0,692,0,891,2.12,3,23,0,40812,0
2026-06-08,Shopping Grid,Family Pantry Retention Initiative,Metro Region Conversion Cohort,15908997,Bulk Buyers Retention Segment,1412316301536073,Offer Spotlight Friendly Voice,9097155454198752,Catalog Engagement,0,0,0,0,0,0,0,0,0,0,0,0,0,0,0,0,0,0,0,0,0,0,0,0
2026-06-08,Influencer Network,Family Pantry Retention Initiative,Metro Region Loyalty Cohort,86057605,Family Planners Lookalike Segment,1389792323919646,Shelf Story Warm Voice,1559200281199121,Brand Awareness,0,0,0,0,0,0,0,0,0,0,0,0,0,0,0,0,0,0,0,0,0,0,0,0
2026-06-08,Marketplace Feed,Market Fresh Demand Initiative,Metro Region Conversion Cohort,86057605,Bulk Buyers Retention Segment,2856518857723944,Product Reel Warm Voice,1829249393081722,Catalog Engagement,0,0,0,0,0,0,0,0,0,0,0,0,0,0,0,0,0,0,0,0,0,0,0,0
2026-06-08,Connected TV,Family Pantry Retention Initiative,Metro Region Conversion Cohort,38881639,Family Planners Lookalike Segment,1010331617086390,Shelf Story Warm Voice,1022962676348579,Brand Awareness,0,0,0,0,0,0,0,0,0,0,0,0,0,0,0,0,0,0,0,0,0,0,0,0
2026-06-08,Marketplace Feed,Family Pantry Retention Initiative,Metro Region Conversion Cohort,15908997,Family Planners Lookalike Segment,3017606229260592,Shelf Story Value Voice,5691206288583839,Catalog Engagement,43.44,9578,0,9995,105,100,100,100,100,1205,1227,0,0,1,0,42,0,162,1.74,0,9,0,10765,0
2026-06-08,Social Feed,Seasonal Select Demand Initiative,Metro Region Loyalty Cohort,15908997,Family Planners Lookalike Segment,1409583213200047,Offer Spotlight Bold Voice,2174063222301993,Catalog Engagement,0,0,0,0,0,0,0,0,0,0,0,0,0,0,0,0,0,0,0,0,0,0,0,0
2026-06-08,Influencer Network,Seasonal Select Demand Initiative,Metro Region Conversion Cohort,15908997,Weekend Deal Hunters Interest Segment,2579958354523595,Offer Spotlight Bold Voice,1300165410973170,Catalog Engagement,15.19,1808,0,1883,12,33,100,100,66,435,390,0,0,0,0,34,0,48,2.45,0,1,0,1548,0
2026-06-08,In-App Display,Home Essentials Scale Initiative,Metro Region Prospecting Cohort,86057605,Family Planners Interest Segment,2052479131570920,Shelf Story Warm Voice,1453411941100364,Brand Awareness,0,0,0,0,0,0,0,0,0,0,0,0,0,0,0,0,0,0,0,0,0,0,0,0
2026-06-08,In-App Display,Family Pantry Retention Initiative,Metro Region Conversion Cohort,15908997,Weekend Deal Hunters Interest Segment,6202516839870495,Shelf Story Value Voice,1077582730962642,Catalog Engagement,85.33,21582,0,22433,134,100,100,100,100,2384,2211,0,0,3,0,518,0,567,2.60,4,5,0,20110,0
2026-06-08,Shopping Grid,Family Pantry Retention Initiative,Metro Region Conversion Cohort,15908997,Bulk Buyers Retention Segment,1096889057602193,Offer Spotlight Friendly Voice,5703717592430862,Catalog Engagement,0,0,0,0,0,0,0,0,0,0,0,0,0,0,0,0,0,0,0,0,0,0,0,0
2026-06-08,Search Network,Seasonal Select Demand Initiative,Metro Region Loyalty Cohort,15908997,Health Conscious Buyers Retention Segment,9223925519536552,Offer Spotlight Bold Voice,1119314133689227,Catalog Engagement,0,0,0,0,0,0,0,0,0,0,0,0,0,0,0,0,0,0,0,0,0,0,0,0
2026-06-08,Affiliate Network,Market Fresh Demand Initiative,Metro Region Conversion Cohort,86057605,Weekend Deal Hunters Interest Segment,2737857498400057,Product Reel Warm Voice,1640779927447931,Catalog Engagement,0,0,0,0,0,0,0,0,0,0,0,0,0,0,0,0,0,0,0,0,0,0,0,0
2026-06-07,Marketplace Feed,Seasonal Select Demand Initiative,Metro Region Conversion Cohort,15908997,Bulk Buyers Retention Segment,1061064502710542,Offer Spotlight Bold Voice,1741856265266256,Catalog Engagement,212.47,45629,0,48375,394,100,100,100,100,6865,5892,0,0,4,0,968,0,1286,2.13,2,37,0,44954,0
2026-06-07,Connected TV,Market Fresh Demand Initiative,Metro Region Conversion Cohort,86057605,Weekend Deal Hunters Interest Segment,2737857498400057,Product Reel Warm Voice,1640779927447931,Catalog Engagement,0,0,0,0,0,0,0,0,0,0,0,0,0,0,0,0,0,0,0,0,0,0,0,0
2026-06-07,Social Feed,Family Pantry Retention Initiative,Metro Region Conversion Cohort,15908997,Family Planners Lookalike Segment,3017606229260592,Shelf Story Value Voice,5691206288583839,Catalog Engagement,53.00,11924,0,14035,102,100,100,100,100,1429,1374,0,0,0,0,50,0,185,1.56,0,10,0,13432,0
2026-06-07,Video Network,Family Pantry Retention Initiative,Metro Region Conversion Cohort,15908997,Weekend Deal Hunters Interest Segment,6202516839870495,Shelf Story Value Voice,1077582730962642,Catalog Engagement,101.11,27493,0,31270,164,100,100,100,100,3022,2556,0,0,1,0,554,0,575,1.94,1,15,0,25787,0
2026-06-07,Discovery Network,Seasonal Select Demand Initiative,Metro Region Loyalty Cohort,15908997,Health Conscious Buyers Retention Segment,9223925519536552,Offer Spotlight Bold Voice,1119314133689227,Catalog Engagement,0,0,0,0,0,0,0,0,0,0,0,0,0,0,0,0,0,0,0,0,0,0,0,0
2026-06-07,Search Network,Seasonal Select Demand Initiative,Metro Region Conversion Cohort,15908997,Family Planners Lookalike Segment,5759016641689799,Offer Spotlight Bold Voice,9554297992940714,Catalog Engagement,0.43,108,0,119,0,1,15,5,1,17,15,0,0,0,0,1,0,1,0.66,0,0,0,103,0
2026-06-07,Retail Media Network,Family Pantry Retention Initiative,Metro Region Conversion Cohort,15908997,Bulk Buyers Retention Segment,1096889057602193,Offer Spotlight Friendly Voice,5703717592430862,Catalog Engagement,0,0,0,0,0,0,0,0,0,0,0,0,0,0,0,0,0,0,0,0,0,0,0,0
2026-06-07,Video Network,Family Pantry Retention Initiative,Metro Region Loyalty Cohort,86057605,Family Planners Lookalike Segment,1541980607257120,Shelf Story Warm Voice,1227821280716912,Brand Awareness,0,0,0,0,0,0,0,0,0,0,0,0,0,0,0,0,0,0,0,0,0,0,0,0
2026-06-07,In-App Display,Seasonal Select Demand Initiative,Metro Region Loyalty Cohort,15908997,Health Conscious Buyers Interest Segment,9149918565845118,Offer Spotlight Bold Voice,1532175116888722,Catalog Engagement,0,0,0,0,0,0,0,0,0,0,0,0,0,0,0,0,0,0,0,0,0,0,0,0
2026-06-07,Shopping Grid,Seasonal Select Demand Initiative,Metro Region Conversion Cohort,15908997,Weekend Deal Hunters Interest Segment,2579958354523595,Offer Spotlight Bold Voice,1300165410973170,Catalog Engagement,20.1,2396,0,2502,17,60,100,100,100,599,435,0,0,0,0,41,0,58,2.01,0,2,0,2865,0
2026-06-07,Display Network,Market Fresh Demand Initiative,South Region Prospecting Cohort,44948390,Family Planners Lookalike Segment,1424611946506635,Shelf Story Warm Voice,4022981261236123,Catalog Engagement,0,0,0,0,0,0,0,0,0,0,0,0,0,0,0,0,0,0,0,0,0,0,0,0
2026-06-07,Display Network,Family Pantry Retention Initiative,Metro Region Loyalty Cohort,86057605,Health Conscious Buyers Interest Segment,1317849022166581,Shelf Story Warm Voice,4835139745633214,Brand Awareness,0,0,0,0,0,0,0,0,0,0,0,0,0,0,0,0,0,0,0,0,0,0,0,0
2026-06-07,Discovery Network,Family Pantry Retention Initiative,Metro Region Conversion Cohort,15908997,Bulk Buyers Retention Segment,1412316301536073,Offer Spotlight Friendly Voice,9097155454198752,Catalog Engagement,0,0,0,0,0,0,0,0,0,0,0,0,0,0,0,0,0,0,0,0,0,0,0,0
2026-06-07,Connected TV,Market Fresh Demand Initiative,Metro Region Conversion Cohort,86057605,Bulk Buyers Retention Segment,2856518857723944,Product Reel Warm Voice,1829249393081722,Catalog Engagement,0,0,0,0,0,0,0,0,0,0,0,0,0,0,0,0,0,0,0,0,0,0,0,0
2026-06-07,Search Network,Seasonal Select Demand Initiative,Metro Region Loyalty Cohort,15908997,Family Planners Lookalike Segment,1409583213200047,Offer Spotlight Bold Voice,2174063222301993,Catalog Engagement,0,0,0,0,0,0,0,0,0,0,0,0,0,0,0,0,0,0,0,0,0,0,0,0
2026-06-07,In-App Display,Family Pantry Retention Initiative,Metro Region Conversion Cohort,15908997,Bulk Buyers Retention Segment,1777717557426296,Shelf Story Value Voice,8084225603313437,Catalog Engagement,95.26,19813,0,19706,215,100,100,100,100,2596,2206,0,0,3,0,164,0,412,2.3,0,15,0,19822,0
2026-06-07,In-App Display,Family Pantry Retention Initiative,Metro Region Loyalty Cohort,86057605,Family Planners Lookalike Segment,1389792323919646,Shelf Story Warm Voice,1559200281199121,Brand Awareness,0,0,0,0,0,0,0,0,0,0,0,0,0,0,0,0,0,0,0,0,0,0,0,0
2026-06-06,Influencer Network,Family Pantry Retention Initiative,Metro Region Loyalty Cohort,86057605,Family Planners Lookalike Segment,1541980607257120,Shelf Story Warm Voice,1227821280716912,Brand Awareness,0,0,0,0,0,0,0,0,0,0,0,0,0,0,0,0,0,0,0,0,0,0,0,0
2026-06-06,Marketplace Feed,Seasonal Select Demand Initiative,Metro Region Conversion Cohort,15908997,Weekend Deal Hunters Interest Segment,2579958354523595,Offer Spotlight Bold Voice,1300165410973170,Catalog Engagement,19.42,3285,0,2837,23,68,100,100,100,639,494,0,0,0,0,40,0,68,2.22,1,1,0,2538,0
2026-06-06,Discovery Network,Family Pantry Retention Initiative,Metro Region Conversion Cohort,15908997,Bulk Buyers Retention Segment,1412316301536073,Offer Spotlight Friendly Voice,9097155454198752,Catalog Engagement,0,0,0,0,0,0,0,0,0,0,0,0,0,0,0,0,0,0,0,0,0,0,0,0
2026-06-06,Search Network,Seasonal Select Demand Initiative,Metro Region Loyalty Cohort,15908997,Family Planners Lookalike Segment,1409583213200047,Offer Spotlight Bold Voice,2174063222301993,Catalog Engagement,0,0,0,0,0,0,0,0,0,0,0,0,0,0,0,0,0,0,0,0,0,0,0,0
2026-06-06,In-App Display,Family Pantry Retention Initiative,Metro Region Conversion Cohort,15908997,Bulk Buyers Retention Segment,1777717557426296,Shelf Story Value Voice,8084225603313437,Catalog Engagement,80.7,17734,0,14942,172,100,100,100,100,2454,1824,0,0,0,0,133,0,372,2.18,3,16,0,16087,0
2026-06-06,Discovery Network,Family Pantry Retention Initiative,Metro Region Loyalty Cohort,15908997,Health Conscious Buyers Interest Segment,2349481798369276,Offer Spotlight Value Voice,5280093134790707,Catalog Engagement,0,0,0,0,0,0,0,0,0,0,0,0,0,0,0,0,0,0,0,0,0,0,0,0
2026-06-06,In-App Display,Family Pantry Retention Initiative,Metro Region Conversion Cohort,15908997,Weekend Deal Hunters Interest Segment,6202516839870495,Shelf Story Value Voice,1077582730962642,Catalog Engagement,88.91,23229,0,27495,139,100,100,100,100,2879,2126,0,0,0,0,349,0,576,1.84,0,17,0,24697,0
2026-06-06,Display Network,Family Pantry Retention Initiative,Metro Region Conversion Cohort,15908997,Bulk Buyers Retention Segment,1096889057602193,Offer Spotlight Friendly Voice,5703717592430862,Catalog Engagement,0,0,0,0,0,0,0,0,0,0,0,0,0,0,0,0,0,0,0,0,0,0,0,0
2026-06-06,Affiliate Network,Seasonal Select Demand Initiative,Metro Region Conversion Cohort,15908997,Bulk Buyers Retention Segment,1061064502710542,Offer Spotlight Bold Voice,1741856265266256,Catalog Engagement,201.74,58043,0,60097,467,100,100,100,100,6892,5494,0,0,3,0,951,0,1385,2.31,10,28,0,57757,0
2026-06-06,Marketplace Feed,Family Pantry Retention Initiative,Metro Region Conversion Cohort,15908997,Weekend Deal Hunters Interest Segment,1797636588654079,Offer Spotlight Friendly Voice,1157639135138193,Catalog Engagement,0,0,0,0,0,0,0,0,0,0,0,0,0,0,0,0,0,0,0,0,0,0,0,0
2026-06-06,Video Network,Family Pantry Retention Initiative,Metro Region Conversion Cohort,15908997,Family Planners Lookalike Segment,3017606229260592,Shelf Story Value Voice,5691206288583839,Catalog Engagement,64.56,17488,0,18826,164,100,100,100,100,2085,1898,0,0,1,0,78,0,319,1.80,2,12,0,16319,0
2026-06-06,Marketplace Feed,Family Pantry Retention Initiative,Metro Region Conversion Cohort,38881639,Family Planners Lookalike Segment,1010331617086390,Shelf Story Warm Voice,1022962676348579,Brand Awareness,0,0,0,0,0,0,0,0,0,0,0,0,0,0,0,0,0,0,0,0,0,0,0,0
2026-06-06,Video Network,Family Pantry Retention Initiative,Metro Region Prospecting Cohort,86057605,Health Conscious Buyers Retention Segment,1345308351935222,Product Reel Warm Voice,9896466908906225,Brand Awareness,0,0,0,0,0,0,0,0,0,0,0,0,0,0,0,0,0,0,0,0,0,0,0,0
2026-06-06,Influencer Network,Family Pantry Retention Initiative,Metro Region Conversion Cohort,15908997,Weekend Deal Hunters Interest Segment,9663578947718335,Offer Spotlight Friendly Voice,4064886041583361,Catalog Engagement,0,0,0,0,0,0,0,0,0,0,0,0,0,0,0,0,0,0,0,0,0,0,0,0
2026-06-06,Affiliate Network,Home Essentials Scale Initiative,Metro Region Prospecting Cohort,86057605,Family Planners Interest Segment,2052479131570920,Price Drop Cut Value Voice,1337311684616332,Brand Awareness,0,0,0,0,0,0,0,0,0,0,0,0,0,0,0,0,0,0,0,0,0,0,0,0
2026-06-06,Social Feed,Market Fresh Demand Initiative,Metro Region Conversion Cohort,86057605,Bulk Buyers Retention Segment,2856518857723944,Product Reel Warm Voice,1829249393081722,Catalog Engagement,0,0,0,0,0,0,0,0,0,0,0,0,0,0,0,0,0,0,0,0,0,0,0,0
2026-06-06,Display Network,Seasonal Select Demand Initiative,Metro Region Loyalty Cohort,15908997,Health Conscious Buyers Retention Segment,9223925519536552,Offer Spotlight Bold Voice,1119314133689227,Catalog Engagement,0,0,0,0,0,0,0,0,0,0,0,0,0,0,0,0,0,0,0,0,0,0,0,0
2026-06-06,Search Network,Seasonal Select Demand Initiative,Metro Region Conversion Cohort,15908997,Family Planners Lookalike Segment,5759016641689799,Offer Spotlight Bold Voice,9554297992940714,Catalog Engagement,0.32,75,0,79,1,1,16,3,2,15,12,0,0,0,0,1,0,2,3.54,0,0,0,72,0
2026-06-05,Influencer Network,Seasonal Select Demand Initiative,Metro Region Loyalty Cohort,15908997,Family Planners Lookalike Segment,1409583213200047,Offer Spotlight Bold Voice,2174063222301993,Catalog Engagement,0,0,0,0,0,0,0,0,0,0,0,0,0,0,0,0,0,0,0,0,0,0,0,0
2026-06-05,Video Network,Family Pantry Retention Initiative,Metro Region Conversion Cohort,15908997,Weekend Deal Hunters Interest Segment,6202516839870495,Shelf Story Value Voice,1077582730962642,Catalog Engagement,122.08,33705,0,36408,173,100,100,100,100,3333,2668,0,0,0,0,515,0,741,2.07,0,28,0,34016,0
2026-06-05,Shopping Grid,Family Pantry Retention Initiative,Metro Region Loyalty Cohort,86057605,Family Planners Lookalike Segment,1389792323919646,Shelf Story Warm Voice,1559200281199121,Brand Awareness,0,0,0,0,0,0,0,0,0,0,0,0,0,0,0,0,0,0,0,0,0,0,0,0
2026-06-05,Shopping Grid,Seasonal Select Demand Initiative,Metro Region Conversion Cohort,15908997,Weekend Deal Hunters Interest Segment,2579958354523595,Offer Spotlight Bold Voice,1300165410973170,Catalog Engagement,23.00,3533,0,3722,20,58,100,100,100,636,663,0,0,0,0,52,0,71,1.70,0,0,0,3279,0
2026-06-05,Marketplace Feed,Family Pantry Retention Initiative,Metro Region Conversion Cohort,15908997,Family Planners Lookalike Segment,3017606229260592,Shelf Story Value Voice,5691206288583839,Catalog Engagement,74.81,15678,0,18444,182,100,100,100,100,2571,1742,0,0,0,0,74,0,308,1.46,2,11,0,18490,0
2026-06-05,Marketplace Feed,Family Pantry Retention Initiative,Metro Region Loyalty Cohort,86057605,Family Planners Lookalike Segment,1541980607257120,Shelf Story Warm Voice,1227821280716912,Brand Awareness,0,0,0,0,0,0,0,0,0,0,0,0,0,0,0,0,0,0,0,0,0,0,0,0
2026-06-05,Shopping Grid,Family Pantry Retention Initiative,Metro Region Conversion Cohort,15908997,Bulk Buyers Retention Segment,1096889057602193,Offer Spotlight Friendly Voice,5703717592430862,Catalog Engagement,0,0,0,0,0,0,0,0,0,0,0,0,0,0,0,0,0,0,0,0,0,0,0,0
2026-06-05,Video Network,Family Pantry Retention Initiative,Metro Region Conversion Cohort,15908997,Weekend Deal Hunters Interest Segment,1797636588654079,Offer Spotlight Friendly Voice,1157639135138193,Catalog Engagement,0,0,0,0,0,0,0,0,0,0,0,0,0,0,0,0,0,0,0,0,0,0,0,0
2026-06-05,Search Network,Seasonal Select Demand Initiative,Metro Region Conversion Cohort,15908997,Family Planners Lookalike Segment,5759016641689799,Offer Spotlight Bold Voice,9554297992940714,Catalog Engagement,0.15,59,0,66,0,0,10,3,2,7,6,0,0,0,0,0,0,0,0,0,0,0,54,0
2026-06-05,Connected TV,Family Pantry Retention Initiative,Metro Region Conversion Cohort,15908997,Bulk Buyers Retention Segment,1777717557426296,Shelf Story Value Voice,8084225603313437,Catalog Engagement,49.5,10823,0,10691,152,100,100,100,100,1791,1268,0,0,1,0,88,0,246,2.40,1,12,0,11363,0
2026-06-05,Marketplace Feed,Family Pantry Retention Initiative,Metro Region Conversion Cohort,38881639,Family Planners Lookalike Segment,1010331617086390,Shelf Story Warm Voice,1022962676348579,Brand Awareness,0,0,0,0,0,0,0,0,0,0,0,0,0,0,0,0,0,0,0,0,0,0,0,0
2026-06-05,Retail Media Network,Family Pantry Retention Initiative,Metro Region Loyalty Cohort,86057605,Health Conscious Buyers Interest Segment,1317849022166581,Shelf Story Warm Voice,4835139745633214,Brand Awareness,0,0,0,0,0,0,0,0,0,0,0,0,0,0,0,0,0,0,0,0,0,0,0,0
2026-06-05,Retail Media Network,Seasonal Select Demand Initiative,Metro Region Loyalty Cohort,15908997,Health Conscious Buyers Retention Segment,9223925519536552,Offer Spotlight Bold Voice,1119314133689227,Catalog Engagement,0,0,0,0,0,0,0,0,0,0,0,0,0,0,0,0,0,0,0,0,0,0,0,0
2026-06-05,Retail Media Network,Market Fresh Demand Initiative,Metro Region Conversion Cohort,86057605,Bulk Buyers Retention Segment,2856518857723944,Product Reel Warm Voice,1829249393081722,Catalog Engagement,0,0,0,0,0,0,0,0,0,0,0,0,0,0,0,0,0,0,0,0,0,0,0,0
2026-06-05,Search Network,Seasonal Select Demand Initiative,Metro Region Conversion Cohort,15908997,Bulk Buyers Retention Segment,1061064502710542,Offer Spotlight Bold Voice,1741856265266256,Catalog Engagement,204.99,55192,0,63621,561,100,100,100,100,6844,6784,0,0,0,0,1119,0,1706,2.83,11,29,0,62437,0
2026-06-05,Video Network,Family Pantry Retention Initiative,Metro Region Loyalty Cohort,86057605,Health Conscious Buyers Interest Segment,2521243424639338,Price Drop Cut Direct Voice,1418260482152184,Catalog Engagement,0,0,0,0,0,0,0,0,0,0,0,0,0,0,0,0,0,0,0,0,0,0,0,0
2026-06-05,Retail Media Network,Family Pantry Retention Initiative,Metro Region Conversion Cohort,15908997,Family Planners Lookalike Segment,5543611230519311,Offer Spotlight Friendly Voice,1716769906634105,Catalog Engagement,0,0,0,0,0,0,0,0,0,0,0,0,0,0,0,0,0,0,0,0,0,0,0,0
2026-06-05,Retail Media Network,Family Pantry Retention Initiative,Metro Region Conversion Cohort,15908997,Bulk Buyers Retention Segment,1412316301536073,Offer Spotlight Friendly Voice,9097155454198752,Catalog Engagement,0,0,0,0,0,0,0,0,0,0,0,0,0,0,0,0,0,0,0,0,0,0,0,0
2026-06-04,In-App Display,Seasonal Select Demand Initiative,Metro Region Loyalty Cohort,15908997,Health Conscious Buyers Interest Segment,9149918565845118,Offer Spotlight Bold Voice,1532175116888722,Catalog Engagement,0,0,0,0,0,0,0,0,0,0,0,0,0,0,0,0,0,0,0,0,0,0,0,0
2026-06-04,Video Network,Family Pantry Retention Initiative,Metro Region Loyalty Cohort,86057605,Health Conscious Buyers Interest Segment,1317849022166581,Shelf Story Warm Voice,4835139745633214,Brand Awareness,0,0,0,0,0,0,0,0,0,0,0,0,0,0,0,0,0,0,0,0,0,0,0,0
2026-06-04,Search Network,Family Pantry Retention Initiative,Metro Region Conversion Cohort,15908997,Bulk Buyers Retention Segment,1777717557426296,Shelf Story Value Voice,8084225603313437,Catalog Engagement,43.66,8691,0,8759,141,100,100,100,100,1309,1099,0,0,2,0,85,0,245,3.00,0,7,0,7955,0
2026-06-04,Influencer Network,Seasonal Select Demand Initiative,Metro Region Loyalty Cohort,15908997,Family Planners Lookalike Segment,1409583213200047,Offer Spotlight Bold Voice,2174063222301993,Catalog Engagement,0,0,0,0,0,0,0,0,0,0,0,0,0,0,0,0,0,0,0,0,0,0,0,0
2026-06-04,Social Feed,Family Pantry Retention Initiative,Metro Region Loyalty Cohort,86057605,Family Planners Lookalike Segment,1541980607257120,Shelf Story Warm Voice,1227821280716912,Brand Awareness,0,0,0,0,0,0,0,0,0,0,0,0,0,0,0,0,0,0,0,0,0,0,0,0
2026-06-04,Connected TV,Seasonal Select Promo Initiative,Metro Region Prospecting Cohort,86057605,Health Conscious Buyers Affinity Segment,1583198464464326,Shelf Story Warm Voice,1398435806475897,Brand Awareness,0,0,0,0,0,0,0,0,0,0,0,0,0,0,0,0,0,0,0,0,0,0,0,0
2026-06-04,Retail Media Network,Family Pantry Retention Initiative,Metro Region Conversion Cohort,15908997,Bulk Buyers Retention Segment,1096889057602193,Offer Spotlight Friendly Voice,5703717592430862,Catalog Engagement,0,0,0,0,0,0,0,0,0,0,0,0,0,0,0,0,0,0,0,0,0,0,0,0
2026-06-04,Search Network,Family Pantry Retention Initiative,Metro Region Conversion Cohort,15908997,Weekend Deal Hunters Interest Segment,1797636588654079,Offer Spotlight Friendly Voice,1157639135138193,Catalog Engagement,0,0,0,0,0,0,0,0,0,0,0,0,0,0,0,0,0,0,0,0,0,0,0,0
2026-06-04,Discovery Network,Seasonal Select Demand Initiative,Metro Region Conversion Cohort,15908997,Family Planners Lookalike Segment,5759016641689799,Offer Spotlight Bold Voice,9554297992940714,Catalog Engagement,0.10,52,0,55,0,0,7,3,1,5,4,0,0,0,0,0,0,0,0,0,0,0,55,0
2026-06-04,Retail Media Network,Family Pantry Retention Initiative,Metro Region Loyalty Cohort,15908997,Health Conscious Buyers Retention Segment,4056111085043817,Offer Spotlight Value Voice,8603697568951240,Catalog Engagement,0,0,0,0,0,0,0,0,0,0,0,0,0,0,0,0,0,0,0,0,0,0,0,0
2026-06-04,Shopping Grid,Family Pantry Retention Initiative,Metro Region Conversion Cohort,15908997,Family Planners Lookalike Segment,6458788079175331,Shelf Story Warm Voice,5787456630362778,Catalog Engagement,0,0,0,0,0,0,0,0,0,0,0,0,0,0,0,0,0,0,0,0,0,0,0,0
2026-06-04,Connected TV,Family Pantry Retention Initiative,Metro Region Conversion Cohort,15908997,Weekend Deal Hunters Interest Segment,6202516839870495,Shelf Story Value Voice,1077582730962642,Catalog Engagement,140.45,40598,0,42956,215,100,100,100,100,3669,3836,0,0,1,0,572,0,733,1.92,0,26,0,32427,0
2026-06-04,Shopping Grid,Seasonal Select Demand Initiative,Metro Region Loyalty Cohort,15908997,Health Conscious Buyers Retention Segment,9223925519536552,Offer Spotlight Bold Voice,1119314133689227,Catalog Engagement,0,0,0,0,0,0,0,0,0,0,0,0,0,0,0,0,0,0,0,0,0,0,0,0
2026-06-04,Search Network,Market Fresh Demand Initiative,Metro Region Conversion Cohort,86057605,Bulk Buyers Retention Segment,2856518857723944,Product Reel Warm Voice,1829249393081722,Catalog Engagement,0,0,0,0,0,0,0,0,0,0,0,0,0,0,0,0,0,0,0,0,0,0,0,0
2026-06-04,Affiliate Network,Family Pantry Retention Initiative,Metro Region Conversion Cohort,38881639,Family Planners Lookalike Segment,1010331617086390,Shelf Story Warm Voice,1022962676348579,Brand Awareness,0,0,0,0,0,0,0,0,0,0,0,0,0,0,0,0,0,0,0,0,0,0,0,0
2026-06-04,Retail Media Network,Family Pantry Retention Initiative,Metro Region Conversion Cohort,15908997,Family Planners Lookalike Segment,3017606229260592,Shelf Story Value Voice,5691206288583839,Catalog Engagement,78.78,18224,0,20589,209,100,100,100,100,2501,2104,0,0,1,0,77,0,285,1.56,1,18,0,18489,0
2026-06-04,Discovery Network,Family Pantry Retention Initiative,Metro Region Loyalty Cohort,86057605,Family Planners Lookalike Segment,1389792323919646,Shelf Story Warm Voice,1559200281199121,Brand Awareness,0,0,0,0,0,0,0,0,0,0,0,0,0,0,0,0,0,0,0,0,0,0,0,0
2026-06-04,Video Network,Seasonal Select Demand Initiative,Metro Region Conversion Cohort,15908997,Bulk Buyers Retention Segment,1061064502710542,Offer Spotlight Bold Voice,1741856265266256,Catalog Engagement,228.46,66935,0,71515,413,100,100,100,100,7892,6221,0,0,0,0,1110,0,1441,2.5,5,28,0,62104,0
2026-06-04,Influencer Network,Family Pantry Retention Initiative,Metro Region Conversion Cohort,15908997,Weekend Deal Hunters Interest Segment,9663578947718335,Offer Spotlight Friendly Voice,4064886041583361,Catalog Engagement,0,0,0,0,0,0,0,0,0,0,0,0,0,0,0,0,0,0,0,0,0,0,0,0
2026-06-04,Search Network,Market Fresh Demand Initiative,Metro Region Conversion Cohort,86057605,Weekend Deal Hunters Interest Segment,2737857498400057,Product Reel Warm Voice,1640779927447931,Catalog Engagement,0,0,0,0,0,0,0,0,0,0,0,0,0,0,0,0,0,0,0,0,0,0,0,0
2026-06-04,In-App Display,Family Pantry Retention Initiative,Metro Region Conversion Cohort,15908997,Bulk Buyers Retention Segment,1412316301536073,Offer Spotlight Friendly Voice,9097155454198752,Catalog Engagement,0,0,0,0,0,0,0,0,0,0,0,0,0,0,0,0,0,0,0,0,0,0,0,0
2026-06-04,Connected TV,Seasonal Select Demand Initiative,Metro Region Conversion Cohort,15908997,Weekend Deal Hunters Interest Segment,2579958354523595,Offer Spotlight Bold Voice,1300165410973170,Catalog Engagement,22.84,3390,0,3121,23,51,100,100,100,627,567,0,0,0,0,42,0,68,1.8,1,1,0,3619,0
2026-06-04,Affiliate Network,Weekend Saver Retention Initiative,Metro Region Conversion Cohort,44948390,Family Planners Lookalike Segment,6414513530178736,Shelf Story Warm Voice,1528485474993574,Brand Awareness,0,0,0,0,0,0,0,0,0,0,0,0,0,0,0,0,0,0,0,0,0,0,0,0
2026-06-03,Connected TV,Home Essentials Promo Initiative,Metro Region Loyalty Cohort,38881639,Family Planners Lookalike Segment,8962004814279482,Shelf Story Value Voice,1020691786654074,Brand Awareness,0,0,0,0,0,0,0,0,0,0,0,0,0,0,0,0,0,0,0,0,0,0,0,0
2026-06-03,Discovery Network,Seasonal Select Demand Initiative,Metro Region Loyalty Cohort,15908997,Family Planners Lookalike Segment,1409583213200047,Offer Spotlight Bold Voice,2174063222301993,Catalog Engagement,66.97,10612,0,11647,54,100,100,100,100,1912,1621,0,0,0,0,825,0,643,5.9,1,5,0,9888,0
2026-06-03,Affiliate Network,Seasonal Select Demand Initiative,Metro Region Conversion Cohort,15908997,Weekend Deal Hunters Interest Segment,2579958354523595,Offer Spotlight Bold Voice,1300165410973170,Catalog Engagement,13,2493,0,2609,8,34,100,100,74,441,371,0,0,0,0,22,0,33,1.0,0,0,0,2339,0
2026-06-03,Retail Media Network,Family Pantry Retention Initiative,Metro Region Loyalty Cohort,86057605,Health Conscious Buyers Interest Segment,1317849022166581,Shelf Story Warm Voice,4835139745633214,Brand Awareness,0,0,0,0,0,0,0,0,0,0,0,0,0,0,0,0,0,0,0,0,0,0,0,0
2026-06-03,Marketplace Feed,Family Pantry Retention Initiative,Metro Region Conversion Cohort,15908997,Bulk Buyers Retention Segment,1777717557426296,Shelf Story Value Voice,8084225603313437,Catalog Engagement,35.42,7275,0,6489,101,100,100,100,100,1053,1003,0,0,0,0,47,0,217,2.34,0,12,0,5979,0
2026-06-03,In-App Display,Family Pantry Retention Initiative,Metro Region Loyalty Cohort,86057605,Family Planners Lookalike Segment,1541980607257120,Shelf Story Warm Voice,1227821280716912,Brand Awareness,0,0,0,0,0,0,0,0,0,0,0,0,0,0,0,0,0,0,0,0,0,0,0,0
2026-06-03,In-App Display,Family Pantry Retention Initiative,Metro Region Conversion Cohort,15908997,Bulk Buyers Retention Segment,1096889057602193,Offer Spotlight Friendly Voice,5703717592430862,Catalog Engagement,173.11,32177,0,28948,317,100,100,100,100,5433,4443,0,0,2,0,1250,0,1485,4.34,1,39,0,26053,0
2026-06-03,In-App Display,Seasonal Select Demand Initiative,Metro Region Loyalty Cohort,15908997,Health Conscious Buyers Interest Segment,9149918565845118,Offer Spotlight Bold Voice,1532175116888722,Catalog Engagement,0.15,102,0,95,0,5,50,17,10,6,5,0,0,0,0,0,0,0,0,0,0,0,95,0
2026-06-03,Social Feed,Family Pantry Retention Initiative,Metro Region Conversion Cohort,15908997,Family Planners Lookalike Segment,6458788079175331,Shelf Story Warm Voice,5787456630362778,Catalog Engagement,0.01,21,0,24,1,0,0,0,0,1,1,0,0,0,0,0,0,1,3.25,0,0,0,23,0
2026-06-03,Social Feed,Family Pantry Retention Initiative,Metro Region Loyalty Cohort,86057605,Family Planners Lookalike Segment,1389792323919646,Shelf Story Warm Voice,1559200281199121,Brand Awareness,0,0,0,0,0,0,0,0,0,0,0,0,0,0,0,0,0,0,0,0,0,0,0,0
2026-06-03,Display Network,Family Pantry Retention Initiative,Metro Region Conversion Cohort,15908997,Weekend Deal Hunters Interest Segment,1797636588654079,Offer Spotlight Friendly Voice,1157639135138193,Catalog Engagement,0,0,0,0,0,0,0,0,0,0,0,0,0,0,0,0,0,0,0,0,0,0,0,0
2026-06-03,Display Network,Seasonal Select Demand Initiative,Metro Region Conversion Cohort,15908997,Family Planners Lookalike Segment,5759016641689799,Offer Spotlight Bold Voice,9554297992940714,Catalog Engagement,0.14,29,0,27,0,0,4,2,2,4,4,0,0,0,0,0,0,0,0,0,0,0,29,0
2026-06-03,Marketplace Feed,Family Pantry Retention Initiative,Metro Region Conversion Cohort,15908997,Family Planners Lookalike Segment,3017606229260592,Shelf Story Value Voice,5691206288583839,Catalog Engagement,76.45,23090,0,21075,256,100,100,100,100,2940,2152,0,0,1,0,104,0,479,2.10,0,33,0,20507,0
2026-06-03,Retail Media Network,Family Pantry Retention Initiative,Metro Region Conversion Cohort,15908997,Weekend Deal Hunters Interest Segment,6202516839870495,Shelf Story Value Voice,1077582730962642,Catalog Engagement,132.50,38829,0,41278,237,100,100,100,100,4201,3442,0,0,2,0,542,0,915,2.10,3,19,0,34535,0
2026-06-03,Search Network,Seasonal Select Demand Initiative,Metro Region Loyalty Cohort,15908997,Health Conscious Buyers Retention Segment,9223925519536552,Offer Spotlight Bold Voice,1119314133689227,Catalog Engagement,89.72,15265,0,15910,70,100,100,100,100,2558,2386,0,0,2,0,682,0,547,3.15,0,2,0,17013,0
2026-06-03,Discovery Network,Market Fresh Demand Initiative,Metro Region Conversion Cohort,86057605,Weekend Deal Hunters Interest Segment,2737857498400057,Product Reel Warm Voice,1640779927447931,Catalog Engagement,0,0,0,0,0,0,0,0,0,0,0,0,0,0,0,0,0,0,0,0,0,0,0,0
2026-06-03,Retail Media Network,Market Fresh Demand Initiative,Metro Region Conversion Cohort,86057605,Bulk Buyers Retention Segment,2856518857723944,Product Reel Warm Voice,1829249393081722,Catalog Engagement,0,0,0,0,0,0,0,0,0,0,0,0,0,0,0,0,0,0,0,0,0,0,0,0
2026-06-03,Video Network,Family Pantry Retention Initiative,Metro Region Conversion Cohort,15908997,Bulk Buyers Retention Segment,1412316301536073,Offer Spotlight Friendly Voice,9097155454198752,Catalog Engagement,0,0,0,0,0,0,0,0,0,0,0,0,0,0,0,0,0,0,0,0,0,0,0,0
2026-06-03,Search Network,Family Pantry Retention Initiative,Metro Region Conversion Cohort,15908997,Weekend Deal Hunters Interest Segment,9663578947718335,Offer Spotlight Friendly Voice,4064886041583361,Catalog Engagement,19.1,4074,0,4588,38,43,100,100,93,678,576,0,0,0,0,57,0,101,2.01,0,5,0,4173,0
2026-06-03,Search Network,Family Pantry Retention Initiative,Metro Region Conversion Cohort,38881639,Family Planners Lookalike Segment,1010331617086390,Shelf Story Warm Voice,1022962676348579,Brand Awareness,0,0,0,0,0,0,0,0,0,0,0,0,0,0,0,0,0,0,0,0,0,0,0,0
2026-06-03,Influencer Network,Home Essentials Scale Initiative,Metro Region Conversion Cohort,44948390,Weekend Deal Hunters Interest Segment,4343805881369289,Shelf Story Warm Voice,4145707611858469,Brand Awareness,0,0,0,0,0,0,0,0,0,0,0,0,0,0,0,0,0,0,0,0,0,0,0,0
2026-06-03,Connected TV,Seasonal Select Demand Initiative,Metro Region Conversion Cohort,15908997,Bulk Buyers Retention Segment,1061064502710542,Offer Spotlight Bold Voice,1741856265266256,Catalog Engagement,248.49,62890,0,64866,456,100,100,100,100,7621,5856,0,0,4,0,895,0,1506,1.9,9,28,0,62825,0
2026-06-02,Affiliate Network,Seasonal Select Demand Initiative,Metro Region Loyalty Cohort,15908997,Health Conscious Buyers Retention Segment,9223925519536552,Offer Spotlight Bold Voice,1119314133689227,Catalog Engagement,123.17,27886,0,29029,106,100,100,100,100,3482,3162,0,0,0,0,853,0,647,2.33,2,16,0,26809,0
2026-06-02,Search Network,Family Pantry Retention Initiative,Metro Region Conversion Cohort,38881639,Family Planners Lookalike Segment,1010331617086390,Shelf Story Warm Voice,1022962676348579,Brand Awareness,0,0,0,0,0,0,0,0,0,0,0,0,0,0,0,0,0,0,0,0,0,0,0,0
2026-06-02,Shopping Grid,Family Pantry Retention Initiative,Metro Region Conversion Cohort,15908997,Bulk Buyers Retention Segment,1777717557426296,Shelf Story Value Voice,8084225603313437,Catalog Engagement,36.56,8963,0,9132,147,100,100,100,100,1103,1134,0,0,0,0,102,0,249,3.1,1,5,0,7541,0
2026-06-02,Display Network,Seasonal Select Demand Initiative,Metro Region Conversion Cohort,15908997,Family Planners Lookalike Segment,5759016641689799,Offer Spotlight Bold Voice,9554297992940714,Catalog Engagement,0.16,68,0,73,0,2,6,2,2,7,6,0,0,0,0,3,0,2,2.51,0,0,0,60,0
2026-06-02,Influencer Network,Home Essentials Promo Initiative,Metro Region Loyalty Cohort,86057605,Health Conscious Buyers Interest Segment,1547932434152739,Shelf Story Bold Voice,1607803194966386,Catalog Engagement,0,0,0,0,0,0,0,0,0,0,0,0,0,0,0,0,0,0,0,0,0,0,0,0
2026-06-02,Marketplace Feed,Family Pantry Retention Initiative,Metro Region Loyalty Cohort,86057605,Health Conscious Buyers Interest Segment,1317849022166581,Shelf Story Warm Voice,4835139745633214,Brand Awareness,0,0,0,0,0,0,0,0,0,0,0,0,0,0,0,0,0,0,0,0,0,0,0,0
2026-06-02,Connected TV,Family Pantry Retention Initiative,Metro Region Loyalty Cohort,86057605,Family Planners Lookalike Segment,1541980607257120,Shelf Story Warm Voice,1227821280716912,Brand Awareness,0,0,0,0,0,0,0,0,0,0,0,0,0,0,0,0,0,0,0,0,0,0,0,0
2026-06-02,Social Feed,Market Fresh Demand Initiative,Metro Region Conversion Cohort,86057605,Weekend Deal Hunters Interest Segment,2737857498400057,Product Reel Warm Voice,1640779927447931,Catalog Engagement,0,0,0,0,0,0,0,0,0,0,0,0,0,0,0,0,0,0,0,0,0,0,0,0
2026-06-02,Display Network,Seasonal Select Demand Initiative,Metro Region Conversion Cohort,15908997,Bulk Buyers Retention Segment,1061064502710542,Offer Spotlight Bold Voice,1741856265266256,Catalog Engagement,247.50,56701,0,65019,443,100,100,100,100,8031,6240,0,0,5,0,1065,0,1340,2.4,7,33,0,55689,0
2026-06-02,Display Network,Family Pantry Retention Initiative,Metro Region Loyalty Cohort,86057605,Health Conscious Buyers Retention Segment,3498408274906447,Shelf Story Warm Voice,8734198326451158,Brand Awareness,0,0,0,0,0,0,0,0,0,0,0,0,0,0,0,0,0,0,0,0,0,0,0,0
2026-06-02,Display Network,Family Pantry Retention Initiative,Metro Region Conversion Cohort,15908997,Weekend Deal Hunters Interest Segment,9663578947718335,Offer Spotlight Friendly Voice,4064886041583361,Catalog Engagement,15.85,2848,0,2992,29,22,100,100,53,432,403,0,0,0,0,95,0,96,3.59,1,5,0,2602,0
2026-06-02,Retail Media Network,Market Fresh Demand Initiative,Metro Region Conversion Cohort,86057605,Family Planners Lookalike Segment,1772224591172120,Product Reel Warm Voice,5445284725858050,Catalog Engagement,0,0,0,0,0,0,0,0,0,0,0,0,0,0,0,0,0,0,0,0,0,0,0,0
2026-06-02,In-App Display,Family Pantry Retention Initiative,Metro Region Conversion Cohort,15908997,Family Planners Lookalike Segment,6458788079175331,Shelf Story Warm Voice,5787456630362778,Catalog Engagement,0.08,42,0,36,0,0,2,0,0,3,3,0,0,0,0,1,0,1,1.97,0,0,0,35,0
2026-06-02,Display Network,Seasonal Select Demand Initiative,Metro Region Loyalty Cohort,15908997,Health Conscious Buyers Interest Segment,9149918565845118,Offer Spotlight Bold Voice,1532175116888722,Catalog Engagement,3.28,448,0,486,0,69,100,100,100,93,74,0,0,0,0,6,0,6,1.14,0,0,0,395,0
2026-06-02,Retail Media Network,Seasonal Select Demand Initiative,Metro Region Loyalty Cohort,15908997,Family Planners Lookalike Segment,1409583213200047,Offer Spotlight Bold Voice,2174063222301993,Catalog Engagement,68.45,13067,0,13523,79,100,100,100,100,2310,1866,0,0,1,0,1181,0,1059,7.49,0,11,0,15721,0
2026-06-02,Marketplace Feed,Seasonal Select Demand Initiative,Metro Region Conversion Cohort,15908997,Weekend Deal Hunters Interest Segment,2579958354523595,Offer Spotlight Bold Voice,1300165410973170,Catalog Engagement,25.87,4462,0,5006,15,76,100,100,100,834,665,0,0,0,0,42,0,52,1.03,1,2,0,4653,0
2026-06-02,Retail Media Network,Weekend Saver Retention Initiative,Metro Region Conversion Cohort,44948390,Family Planners Interest Segment,1394673896902429,Collection Showcase Warm Voice,1465857572073203,Brand Awareness,0,0,0,0,0,0,0,0,0,0,0,0,0,0,0,0,0,0,0,0,0,0,0,0
2026-06-02,Search Network,Family Pantry Retention Initiative,Metro Region Conversion Cohort,15908997,Bulk Buyers Retention Segment,1096889057602193,Offer Spotlight Friendly Voice,5703717592430862,Catalog Engagement,220.08,46759,0,60557,646,100,100,100,100,7885,6685,0,0,5,0,1869,0,1894,3.6,6,23,0,57219,0
2026-06-02,Display Network,Family Pantry Retention Initiative,Metro Region Conversion Cohort,15908997,Weekend Deal Hunters Interest Segment,1797636588654079,Offer Spotlight Friendly Voice,1157639135138193,Catalog Engagement,0,0,0,0,0,0,0,0,0,0,0,0,0,0,0,0,0,0,0,0,0,0,0,0
2026-06-02,Connected TV,Family Pantry Retention Initiative,Metro Region Loyalty Cohort,86057605,Family Planners Lookalike Segment,1389792323919646,Shelf Story Warm Voice,1559200281199121,Brand Awareness,0,0,0,0,0,0,0,0,0,0,0,0,0,0,0,0,0,0,0,0,0,0,0,0
2026-06-02,Discovery Network,Weekend Saver Retention Initiative,Metro Region Conversion Cohort,44948390,Family Planners Interest Segment,9001467427315218,Price Drop Cut Direct Voice,8284422951805925,Brand Awareness,0,0,0,0,0,0,0,0,0,0,0,0,0,0,0,0,0,0,0,0,0,0,0,0
2026-06-02,Affiliate Network,Family Pantry Retention Initiative,Metro Region Conversion Cohort,15908997,Family Planners Lookalike Segment,3017606229260592,Shelf Story Value Voice,5691206288583839,Catalog Engagement,75.77,20709,0,24545,243,100,100,100,100,2594,2698,0,0,1,0,105,0,399,2.00,1,23,0,21912,0
2026-06-02,In-App Display,Market Fresh Demand Initiative,Metro Region Conversion Cohort,86057605,Bulk Buyers Retention Segment,2856518857723944,Product Reel Warm Voice,1829249393081722,Catalog Engagement,0,0,0,0,0,0,0,0,0,0,0,0,0,0,0,0,0,0,0,0,0,0,0,0
2026-06-02,Retail Media Network,Family Pantry Retention Initiative,Metro Region Conversion Cohort,15908997,Bulk Buyers Retention Segment,1412316301536073,Offer Spotlight Friendly Voice,9097155454198752,Catalog Engagement,0,0,0,0,0,0,0,0,0,0,0,0,0,0,0,0,0,0,0,0,0,0,0,0
2026-06-02,Social Feed,Family Pantry Retention Initiative,Metro Region Conversion Cohort,15908997,Weekend Deal Hunters Interest Segment,6202516839870495,Shelf Story Value Voice,1077582730962642,Catalog Engagement,131.05,43167,0,46151,281,100,100,100,100,4563,4108,0,0,1,0,913,0,1040,2.16,1,36,0,46496,0
2026-06-01,Affiliate Network,Family Pantry Retention Initiative,Metro Region Conversion Cohort,38881639,Family Planners Lookalike Segment,1010331617086390,Shelf Story Warm Voice,1022962676348579,Brand Awareness,0,0,0,0,0,0,0,0,0,0,0,0,0,0,0,0,0,0,0,0,0,0,0,0
2026-06-01,Retail Media Network,Family Pantry Retention Initiative,Metro Region Loyalty Cohort,86057605,Family Planners Lookalike Segment,1389792323919646,Shelf Story Warm Voice,1559200281199121,Brand Awareness,0,0,0,0,0,0,0,0,0,0,0,0,0,0,0,0,0,0,0,0,0,0,0,0
2026-06-01,Discovery Network,Market Fresh Demand Initiative,Metro Region Conversion Cohort,86057605,Bulk Buyers Retention Segment,2856518857723944,Product Reel Warm Voice,1829249393081722,Catalog Engagement,0,0,0,0,0,0,0,0,0,0,0,0,0,0,0,0,0,0,0,0,0,0,0,0
2026-06-01,In-App Display,Seasonal Select Demand Initiative,Metro Region Loyalty Cohort,15908997,Health Conscious Buyers Interest Segment,9149918565845118,Offer Spotlight Bold Voice,1532175116888722,Catalog Engagement,1.70,190,0,197,0,48,100,100,69,63,52,0,0,0,0,3,0,2,1.24,0,0,0,212,0
2026-06-01,Shopping Grid,Family Pantry Retention Initiative,Metro Region Conversion Cohort,15908997,Bulk Buyers Retention Segment,1096889057602193,Offer Spotlight Friendly Voice,5703717592430862,Catalog Engagement,221.20,51500,0,49246,622,100,100,100,100,7786,6312,0,0,2,0,1439,0,1624,3.45,11,25,0,48282,0
2026-06-01,Connected TV,Seasonal Select Demand Initiative,Metro Region Conversion Cohort,15908997,Bulk Buyers Retention Segment,1061064502710542,Offer Spotlight Bold Voice,1741856265266256,Catalog Engagement,253.1,61894,0,63556,500,100,100,100,100,7475,7938,0,0,2,0,937,0,1443,1.94,9,44,0,62999,0
2026-06-01,In-App Display,Family Pantry Retention Initiative,Metro Region Conversion Cohort,15908997,Weekend Deal Hunters Interest Segment,9663578947718335,Offer Spotlight Friendly Voice,4064886041583361,Catalog Engagement,10.98,2480,0,2967,19,23,100,100,77,464,364,0,0,0,0,47,0,73,2.62,0,2,0,2418,0
2026-06-01,Video Network,Family Pantry Retention Initiative,Metro Region Conversion Cohort,15908997,Weekend Deal Hunters Interest Segment,6202516839870495,Shelf Story Value Voice,1077582730962642,Catalog Engagement,125.54,39885,0,39874,295,100,100,100,100,3952,3380,0,0,3,0,579,0,927,1.99,0,19,0,41947,0
2026-06-01,Shopping Grid,Family Pantry Retention Initiative,Metro Region Loyalty Cohort,86057605,Family Planners Lookalike Segment,1541980607257120,Shelf Story Warm Voice,1227821280716912,Brand Awareness,0,0,0,0,0,0,0,0,0,0,0,0,0,0,0,0,0,0,0,0,0,0,0,0
2026-06-01,Search Network,Seasonal Select Demand Initiative,Metro Region Conversion Cohort,15908997,Weekend Deal Hunters Interest Segment,2579958354523595,Offer Spotlight Bold Voice,1300165410973170,Catalog Engagement,18.35,3442,0,3780,28,49,100,100,100,551,515,0,0,0,0,40,0,62,1.73,0,0,0,3706,0
2026-06-01,Retail Media Network,Family Pantry Retention Initiative,Metro Region Conversion Cohort,15908997,Family Planners Lookalike Segment,3017606229260592,Shelf Story Value Voice,5691206288583839,Catalog Engagement,92.75,28457,0,30980,291,100,100,100,100,3336,3375,0,0,5,0,125,0,498,1.73,1,26,0,25429,0
2026-06-01,Discovery Network,Weekend Saver Retention Initiative,Metro Region Conversion Cohort,44948390,Family Planners Interest Segment,1394673896902429,Shelf Story Warm Voice,3933844935781169,Brand Awareness,0,0,0,0,0,0,0,0,0,0,0,0,0,0,0,0,0,0,0,0,0,0,0,0
2026-06-01,Display Network,Market Fresh Demand Initiative,Metro Region Conversion Cohort,86057605,Weekend Deal Hunters Interest Segment,2737857498400057,Product Reel Warm Voice,1640779927447931,Catalog Engagement,0,0,0,0,0,0,0,0,0,0,0,0,0,0,0,0,0,0,0,0,0,0,0,0
2026-06-01,Display Network,Family Pantry Retention Initiative,Metro Region Loyalty Cohort,86057605,Health Conscious Buyers Retention Segment,3498408274906447,Shelf Story Warm Voice,8734198326451158,Brand Awareness,0,0,0,0,0,0,0,0,0,0,0,0,0,0,0,0,0,0,0,0,0,0,0,0
2026-06-01,Search Network,Family Pantry Retention Initiative,Metro Region Conversion Cohort,15908997,Bulk Buyers Retention Segment,1777717557426296,Shelf Story Value Voice,8084225603313437,Catalog Engagement,29.38,6297,0,5459,104,100,100,100,100,940,897,0,0,1,0,55,0,179,3.12,3,7,0,6227,0
2026-06-01,Display Network,Seasonal Select Demand Initiative,Metro Region Loyalty Cohort,15908997,Health Conscious Buyers Retention Segment,9223925519536552,Offer Spotlight Bold Voice,1119314133689227,Catalog Engagement,141.21,25099,0,22428,123,100,100,100,100,4568,3640,0,0,0,0,1114,0,839,3.69,5,9,0,25920,0
2026-06-01,Affiliate Network,Family Pantry Retention Initiative,Metro Region Loyalty Cohort,86057605,Health Conscious Buyers Interest Segment,1317849022166581,Shelf Story Warm Voice,4835139745633214,Brand Awareness,0,0,0,0,0,0,0,0,0,0,0,0,0,0,0,0,0,0,0,0,0,0,0,0
2026-06-01,Display Network,Seasonal Select Demand Initiative,Metro Region Conversion Cohort,15908997,Family Planners Lookalike Segment,5759016641689799,Offer Spotlight Bold Voice,9554297992940714,Catalog Engagement,0.08,32,0,35,0,1,3,2,2,4,2,0,0,0,0,0,0,0,0,0,0,0,32,0
2026-06-01,Affiliate Network,Family Pantry Retention Initiative,Metro Region Conversion Cohort,15908997,Family Planners Lookalike Segment,6458788079175331,Shelf Story Warm Voice,5787456630362778,Catalog Engagement,0.03,9,0,11,0,0,1,0,0,1,1,0,0,0,0,0,0,0,0,0,0,0,9,0
2026-06-01,Retail Media Network,Weekend Saver Retention Initiative,Metro Region Conversion Cohort,44948390,Family Planners Interest Segment,1394673896902429,Price Drop Cut Direct Voice,1812581034724444,Brand Awareness,0,0,0,0,0,0,0,0,0,0,0,0,0,0,0,0,0,0,0,0,0,0,0,0
2026-06-01,Video Network,Family Pantry Retention Initiative,Metro Region Conversion Cohort,15908997,Bulk Buyers Retention Segment,1412316301536073,Offer Spotlight Friendly Voice,9097155454198752,Catalog Engagement,0,0,0,0,0,0,0,0,0,0,0,0,0,0,0,0,0,0,0,0,0,0,0,0
2026-06-01,In-App Display,Seasonal Select Demand Initiative,Metro Region Loyalty Cohort,15908997,Family Planners Lookalike Segment,1409583213200047,Offer Spotlight Bold Voice,2174063222301993,Catalog Engagement,57.11,9741,0,10084,44,100,100,100,100,1804,1422,0,0,0,0,973,0,850,8.25,0,6,0,9090,0
2026-06-01,Display Network,Family Pantry Retention Initiative,Metro Region Conversion Cohort,15908997,Weekend Deal Hunters Interest Segment,1797636588654079,Offer Spotlight Friendly Voice,1157639135138193,Catalog Engagement,0,0,0,0,0,0,0,0,0,0,0,0,0,0,0,0,0,0,0,0,0,0,0,0
