DATE,PLATFORM,CAMPAIGN_NAME,CAMPAIGN_GROUP,CAMPAIGN_ID,ADSET_NAME,ADSET_ID,AD_NAME,AD_ID,OBJECTIVE,AMOUNT_SPENT,IMPRESSIONS,CONVERSIONS,REACH,CLICKS,VIDEO_PLAYS_AT_100,VIDEO_PLAYS_AT_25,VIDEO_PLAYS_AT_50,VIDEO_PLAYS_AT_75,FOCUSSED_VIEW_15SEC,VIDEO_VIEWS,VIDEO_THRUPLAY,VIDEO_PLAY_ACTIONS,COMMENTS,LEADS,LIKES,LINK_CLICKS,ENGAGEMENT,ENGAGEMENT_RATE,SHARES,FOLLOWS,VIEW_THROUGH_CONVERSION,VIDEO_STARTS,PURCHASE
2026-04-30,Influencer Network,Family Pantry Retention Initiative,Metro Region Loyalty Cohort,13812085527,Bulk Buyers Retention Segment,726269239527,Shelf Story Warm Voice,151153238660,Brand Awareness,78.362013,7653,10,0,32,1.5386,3.1657,1.6980,1.571,0,1980,0,0,0,0,0,0,2761,1.5352,0,0,0,0,0
2026-04-30,Retail Media Network,Family Pantry Retention Initiative,Metro Region Loyalty Cohort,13812085527,Family Planners Lookalike Segment,137071988859,Shelf Story Warm Voice,364128713939,Brand Awareness,73.068275,20260,24,0,58,1.5049,3.3278,1.6442,1.4314,0,3893,0,0,0,0,0,0,5431,1.7825,0,0,0,0,0
2026-04-30,Marketplace Feed,Family Pantry Retention Initiative,Metro Region Loyalty Cohort,87026041619,Health Conscious Buyers Interest Segment,818534359029,Shelf Story Warm Voice,114122319684,Brand Awareness,51.35909,5626,9,0,13,0.8838,1.6937,1.3121,1.0046,0,2427,0,0,0,0,0,0,3230,1.3530,0,0,0,0,0
2026-04-30,Video Network,Family Pantry Retention Initiative,Metro Region Loyalty Cohort,77398847093,Family Planners Lookalike Segment,113147269491,Offer Spotlight Warm Voice,121759510249,Brand Awareness,339.371081,102843,3,0,206,1.6853,3.2483,2.4376,1.901,0,38940,0,0,0,0,0,0,46965,4.176,0,0,0,0,0
2026-04-30,Marketplace Feed,Family Pantry Retention Initiative,Metro Region Loyalty Cohort,87026041619,Family Planners Lookalike Segment,141496402615,Shelf Story Warm Voice,182751913314,Brand Awareness,65.286090,16457,6,0,14,1.6848,3.4607,2.0319,1.5895,0,3186,0,0,0,0,0,0,4759,1.7752,0,0,0,0,0
2026-04-30,Display Network,Family Pantry Retention Initiative,Metro Region Loyalty Cohort,77398847093,Bulk Buyers Retention Segment,307152132159,Offer Spotlight Warm Voice,517946828686,Brand Awareness,149.334761,24801,0,0,73,1.5674,2.6924,1.8018,1.5004,0,7724,0,0,0,0,0,0,10873,3.3930,0,0,0,0,0
2026-04-30,Social Feed,Family Pantry Retention Initiative,Metro Region Loyalty Cohort,87026041619,Bulk Buyers Retention Segment,619759248731,Shelf Story Warm Voice,171194746764,Brand Awareness,61.011955,11735,3,0,12,1.3611,3.2794,1.8974,1.2918,0,1676,0,0,0,0,0,0,2645,1.3948,0,0,0,0,0
2026-04-30,Social Feed,Home Essentials Promo Initiative,Metro Region Loyalty Cohort,58968315460,Family Planners Lookalike Segment,170587862312,Shelf Story Bold Voice,411961161763,Brand Awareness,201.88051,56290,33,0,151,1.5079,4.6386,2.5483,1.9563,0,10009,0,0,0,0,0,0,13063,1.6525,0,0,0,0,0
2026-04-30,Retail Media Network,Family Pantry Retention Initiative,Metro Region Loyalty Cohort,13812085527,Health Conscious Buyers Interest Segment,514661077975,Shelf Story Warm Voice,157313260462,Brand Awareness,45.339588,6138,7,0,15,0.6036,2.7301,0.9104,0.5488,0,1828,0,0,0,0,0,0,2165,1.7300,0,0,0,0,0
2026-04-30,Affiliate Network,Family Pantry Retention Initiative,Metro Region Loyalty Cohort,77398847093,Health Conscious Buyers Interest Segment,141572802958,Offer Spotlight Warm Voice,658353299387,Brand Awareness,40.008573,4181,0,0,15,1.3125,2.4243,1.8046,1.3077,0,1941,0,0,0,0,0,0,2608,2.342,0,0,0,0,0
2026-04-29,Connected TV,Family Pantry Retention Initiative,Metro Region Loyalty Cohort,77398847093,Family Planners Lookalike Segment,113147269491,Offer Spotlight Warm Voice,121759510249,Brand Awareness,146.457395,36351,3,0,91,1.7105,2.8908,2.0516,1.8542,0,15072,0,0,0,0,0,0,18596,3.3015,0,0,0,0,0
2026-04-29,Connected TV,Family Pantry Retention Initiative,Metro Region Loyalty Cohort,77398847093,Bulk Buyers Retention Segment,307152132159,Offer Spotlight Warm Voice,517946828686,Brand Awareness,337.396415,57813,2,0,281,1.6302,2.732,1.9621,1.5874,0,13642,0,0,0,0,0,0,22569,3.33,0,0,0,0,0
2026-04-29,Retail Media Network,Family Pantry Retention Initiative,Metro Region Loyalty Cohort,77398847093,Health Conscious Buyers Interest Segment,141572802958,Offer Spotlight Warm Voice,658353299387,Brand Awareness,41.704208,7485,1,0,19,2.11,3.946,2.7731,1.999,0,3814,0,0,0,0,0,0,4986,3.7690,0,0,0,0,0
2026-04-29,Affiliate Network,Family Pantry Retention Initiative,Metro Region Loyalty Cohort,87026041619,Bulk Buyers Retention Segment,619759248731,Shelf Story Warm Voice,171194746764,Brand Awareness,52.514401,19525,14,0,32,0.7484,2.3673,0.9838,0.6892,0,2853,0,0,0,0,0,0,3509,1.7046,0,0,0,0,0
2026-04-29,Display Network,Family Pantry Retention Initiative,Metro Region Loyalty Cohort,87026041619,Family Planners Lookalike Segment,141496402615,Shelf Story Warm Voice,182751913314,Brand Awareness,128.109652,34172,39,0,123,0.8371,2.3347,1.2165,0.9137,0,5113,0,0,0,0,0,0,8248,1.0562,0,0,0,0,0
2026-04-29,Connected TV,Home Essentials Promo Initiative,Metro Region Loyalty Cohort,58968315460,Family Planners Lookalike Segment,170587862312,Shelf Story Bold Voice,411961161763,Brand Awareness,204.672484,45743,27,0,147,1.7175,4.3876,2.0235,1.8612,0,11029,0,0,0,0,0,0,14038,1.3980,0,0,0,0,0
2026-04-29,In-App Display,Family Pantry Retention Initiative,Metro Region Loyalty Cohort,87026041619,Health Conscious Buyers Interest Segment,818534359029,Shelf Story Warm Voice,114122319684,Brand Awareness,10.130030,4660,3,0,7,0.154,0.5634,0.2262,0.2043,0,497,0,0,0,0,0,0,892,0.714,0,0,0,0,0
2026-04-29,Social Feed,Family Pantry Retention Initiative,Metro Region Loyalty Cohort,13812085527,Family Planners Lookalike Segment,137071988859,Shelf Story Warm Voice,364128713939,Brand Awareness,70.643773,9293,6,0,15,1.2532,3.0590,1.8721,1.535,0,1936,0,0,0,0,0,0,3630,1.5144,0,0,0,0,0
2026-04-29,In-App Display,Family Pantry Retention Initiative,Metro Region Loyalty Cohort,13812085527,Bulk Buyers Retention Segment,726269239527,Shelf Story Warm Voice,151153238660,Brand Awareness,60.527716,12538,9,0,24,1.1903,2.8154,1.4815,1.1937,0,2531,0,0,0,0,0,0,3394,1.4443,0,0,0,0,0
2026-04-29,Discovery Network,Family Pantry Retention Initiative,Metro Region Loyalty Cohort,13812085527,Health Conscious Buyers Interest Segment,514661077975,Shelf Story Warm Voice,157313260462,Brand Awareness,62.782954,18426,22,0,30,0.5736,1.9714,0.7909,0.6221,0,4314,0,0,0,0,0,0,6309,1.53,0,0,0,0,0
2026-04-28,Connected TV,Family Pantry Retention Initiative,Metro Region Loyalty Cohort,77398847093,Family Planners Lookalike Segment,113147269491,Offer Spotlight Warm Voice,121759510249,Brand Awareness,239.65321,45098,1,0,226,2.0216,4.0719,2.3104,1.7729,0,25545,0,0,0,0,0,0,31403,4.8235,0,0,0,0,0
2026-04-28,Shopping Grid,Family Pantry Retention Initiative,Metro Region Loyalty Cohort,77398847093,Bulk Buyers Retention Segment,307152132159,Offer Spotlight Warm Voice,517946828686,Brand Awareness,230.796478,29314,2,0,74,1.4608,2.9422,2.2118,1.6437,0,11240,0,0,0,0,0,0,12250,3.9428,0,0,0,0,0
2026-04-28,In-App Display,Family Pantry Retention Initiative,Metro Region Loyalty Cohort,77398847093,Health Conscious Buyers Interest Segment,141572802958,Offer Spotlight Warm Voice,658353299387,Brand Awareness,20.353732,2934,0,0,8,1.6060,2.9004,1.9287,1.7217,0,1299,0,0,0,0,0,0,1831,1.9332,0,0,0,0,0
2026-04-28,Retail Media Network,Family Pantry Retention Initiative,Metro Region Loyalty Cohort,13812085527,Health Conscious Buyers Interest Segment,514661077975,Shelf Story Warm Voice,157313260462,Brand Awareness,75.469321,17568,17,0,52,0.3490,2.5544,0.6223,0.4773,0,3919,0,0,0,0,0,0,6550,1.1977,0,0,0,0,0
2026-04-28,Shopping Grid,Family Pantry Retention Initiative,Metro Region Loyalty Cohort,13812085527,Bulk Buyers Retention Segment,726269239527,Shelf Story Warm Voice,151153238660,Brand Awareness,42.568448,5543,5,0,16,0.6685,1.7798,0.9258,0.6902,0,1271,0,0,0,0,0,0,1940,1.4433,0,0,0,0,0
2026-04-28,Retail Media Network,Family Pantry Retention Initiative,Metro Region Loyalty Cohort,13812085527,Family Planners Lookalike Segment,137071988859,Shelf Story Warm Voice,364128713939,Brand Awareness,70.121946,24986,21,0,49,0.3053,2.041,0.7488,0.5266,0,4436,0,0,0,0,0,0,6159,1.6,0,0,0,0,0
2026-04-27,Social Feed,Family Pantry Retention Initiative,Metro Region Loyalty Cohort,77398847093,Family Planners Lookalike Segment,113147269491,Offer Spotlight Warm Voice,121759510249,Brand Awareness,389.545408,67811,3,0,244,1.8428,3.5849,2.7014,1.9411,0,31874,0,0,0,0,0,0,37534,4.5040,0,0,0,0,0
2026-04-27,In-App Display,Family Pantry Retention Initiative,Metro Region Loyalty Cohort,77398847093,Bulk Buyers Retention Segment,307152132159,Offer Spotlight Warm Voice,517946828686,Brand Awareness,147.785906,25283,0,0,49,1.4794,3.3519,2.2087,1.8374,0,9096,0,0,0,0,0,0,11682,3.8363,0,0,0,0,0
2026-04-27,Connected TV,Family Pantry Retention Initiative,Metro Region Loyalty Cohort,77398847093,Health Conscious Buyers Interest Segment,141572802958,Offer Spotlight Warm Voice,658353299387,Brand Awareness,17.698645,2943,0,0,5,1.3937,2.172,1.5064,1.2641,0,1098,0,0,0,0,0,0,1482,2.2510,0,0,0,0,0
2026-04-27,In-App Display,Family Pantry Retention Initiative,Metro Region Loyalty Cohort,13812085527,Family Planners Lookalike Segment,137071988859,Shelf Story Warm Voice,364128713939,Brand Awareness,53.896230,8561,9,0,21,1.4748,2.5712,1.7386,1.435,0,1681,0,0,0,0,0,0,2775,1.4705,0,0,0,0,0
2026-04-27,Shopping Grid,Family Pantry Retention Initiative,Metro Region Loyalty Cohort,13812085527,Health Conscious Buyers Interest Segment,514661077975,Shelf Story Warm Voice,157313260462,Brand Awareness,60.878156,11330,18,0,35,0.3631,1.5906,0.7228,0.3947,0,3481,0,0,0,0,0,0,5861,1.3700,0,0,0,0,0
2026-04-27,Retail Media Network,Family Pantry Retention Initiative,Metro Region Loyalty Cohort,13812085527,Bulk Buyers Retention Segment,726269239527,Shelf Story Warm Voice,151153238660,Brand Awareness,86.13757,22581,34,0,69,0.27,1.6152,0.6501,0.3075,0,4683,0,0,0,0,0,0,6564,1.2622,0,0,0,0,0
2026-04-26,Display Network,Family Pantry Retention Initiative,Metro Region Loyalty Cohort,13812085527,Family Planners Lookalike Segment,137071988859,Shelf Story Warm Voice,364128713939,Brand Awareness,86.453762,16530,15,0,41,0.3378,1.9615,0.748,0.4662,0,3425,0,0,0,0,0,0,6482,1.3608,0,0,0,0,0
2026-04-26,Connected TV,Family Pantry Retention Initiative,Metro Region Loyalty Cohort,77398847093,Bulk Buyers Retention Segment,307152132159,Offer Spotlight Warm Voice,517946828686,Brand Awareness,280.215093,46044,2,0,180,1.6122,3.4143,2.0885,1.5977,0,18520,0,0,0,0,0,0,23844,3.5587,0,0,0,0,0
2026-04-26,In-App Display,Family Pantry Retention Initiative,Metro Region Loyalty Cohort,77398847093,Health Conscious Buyers Interest Segment,141572802958,Offer Spotlight Warm Voice,658353299387,Brand Awareness,87.717529,16644,2,0,34,1.5889,3.2118,1.944,1.7524,0,9058,0,0,0,0,0,0,8861,2.4192,0,0,0,0,0
2026-04-26,In-App Display,Family Pantry Retention Initiative,Metro Region Loyalty Cohort,13812085527,Health Conscious Buyers Interest Segment,514661077975,Shelf Story Warm Voice,157313260462,Brand Awareness,63.206708,12356,15,0,37,0.4840,1.8366,0.8406,0.6586,0,3153,0,0,0,0,0,0,4409,1.3600,0,0,0,0,0
2026-04-26,Retail Media Network,Family Pantry Retention Initiative,Metro Region Loyalty Cohort,77398847093,Family Planners Lookalike Segment,113147269491,Offer Spotlight Warm Voice,121759510249,Brand Awareness,195.104966,49812,1,0,138,1.5589,3.0337,1.7283,1.5487,0,18914,0,0,0,0,0,0,24931,3.3213,0,0,0,0,0
2026-04-26,Shopping Grid,Family Pantry Retention Initiative,Metro Region Loyalty Cohort,13812085527,Bulk Buyers Retention Segment,726269239527,Shelf Story Warm Voice,151153238660,Brand Awareness,54.164674,10465,3,0,23,1.3888,2.5982,1.3738,1.4553,0,1648,0,0,0,0,0,0,3059,1.1559,0,0,0,0,0
2026-04-25,Display Network,Family Pantry Retention Initiative,Metro Region Loyalty Cohort,77398847093,Family Planners Lookalike Segment,113147269491,Offer Spotlight Warm Voice,121759510249,Brand Awareness,226.952045,62090,1,0,114,1.4086,3.1430,2.0660,1.6297,0,30085,0,0,0,0,0,0,33025,3.6179,0,0,0,0,0
2026-04-25,Video Network,Family Pantry Retention Initiative,Metro Region Loyalty Cohort,77398847093,Bulk Buyers Retention Segment,307152132159,Offer Spotlight Warm Voice,517946828686,Brand Awareness,227.356905,37732,1,0,217,1.5125,3.9151,2.4361,1.6546,0,17019,0,0,0,0,0,0,21696,3.9457,0,0,0,0,0
2026-04-25,In-App Display,Family Pantry Retention Initiative,Metro Region Loyalty Cohort,77398847093,Health Conscious Buyers Interest Segment,141572802958,Offer Spotlight Warm Voice,658353299387,Brand Awareness,60.464073,14596,0,0,23,1.414,3.3429,1.8610,1.4972,0,6019,0,0,0,0,0,0,6488,2.8215,0,0,0,0,0
2026-04-25,Display Network,Family Pantry Retention Initiative,Metro Region Loyalty Cohort,13812085527,Health Conscious Buyers Interest Segment,514661077975,Shelf Story Warm Voice,157313260462,Brand Awareness,1.815485,194,0,0,0,0.3743,1.33,0.4330,0.4170,0,40,0,0,0,0,0,0,60,1.2303,0,0,0,0,0
2026-04-25,Video Network,Family Pantry Retention Initiative,Metro Region Loyalty Cohort,13812085527,Bulk Buyers Retention Segment,726269239527,Shelf Story Warm Voice,151153238660,Brand Awareness,165.679264,21836,35,0,98,1.6105,3.2249,1.8443,1.5037,0,5911,0,0,0,0,0,0,7692,1.4675,0,0,0,0,0
2026-04-25,Retail Media Network,Family Pantry Retention Initiative,Metro Region Loyalty Cohort,13812085527,Family Planners Lookalike Segment,137071988859,Shelf Story Warm Voice,364128713939,Brand Awareness,36.104675,7589,5,0,22,0.3525,2.0701,0.6535,0.4475,0,1521,0,0,0,0,0,0,2161,1.4616,0,0,0,0,0
2026-04-24,Retail Media Network,Family Pantry Retention Initiative,Metro Region Loyalty Cohort,77398847093,Health Conscious Buyers Interest Segment,141572802958,Offer Spotlight Warm Voice,658353299387,Brand Awareness,27.319780,2442,0,0,10,1.1290,2.1125,1.5992,1.3641,0,1209,0,0,0,0,0,0,1404,2.0969,0,0,0,0,0
2026-04-24,In-App Display,Family Pantry Retention Initiative,Metro Region Loyalty Cohort,13812085527,Family Planners Lookalike Segment,137071988859,Shelf Story Warm Voice,364128713939,Brand Awareness,108.000782,30756,15,0,28,0.4113,1.7165,0.7944,0.4843,0,5679,0,0,0,0,0,0,8081,1.2908,0,0,0,0,0
2026-04-24,In-App Display,Family Pantry Retention Initiative,Metro Region Loyalty Cohort,13812085527,Health Conscious Buyers Interest Segment,514661077975,Shelf Story Warm Voice,157313260462,Brand Awareness,2.851475,275,0,0,0,0.718,1.6445,0.7305,0.7745,0,76,0,0,0,0,0,0,83,1.3653,0,0,0,0,0
2026-04-24,Marketplace Feed,Family Pantry Retention Initiative,Metro Region Loyalty Cohort,77398847093,Family Planners Lookalike Segment,113147269491,Offer Spotlight Warm Voice,121759510249,Brand Awareness,209.657566,48350,1,0,138,1.4451,3.6174,1.9146,1.6248,0,23590,0,0,0,0,0,0,26808,4.4026,0,0,0,0,0
2026-04-24,Discovery Network,Family Pantry Retention Initiative,Metro Region Loyalty Cohort,77398847093,Bulk Buyers Retention Segment,307152132159,Offer Spotlight Warm Voice,517946828686,Brand Awareness,272.590991,46859,1,0,203,1.9142,3.6316,2.2080,1.636,0,16672,0,0,0,0,0,0,26689,4.8404,0,0,0,0,0
2026-04-24,Discovery Network,Family Pantry Retention Initiative,Metro Region Loyalty Cohort,13812085527,Bulk Buyers Retention Segment,726269239527,Shelf Story Warm Voice,151153238660,Brand Awareness,76.243005,21665,9,0,25,0.6277,1.9606,0.9960,0.6921,0,4548,0,0,0,0,0,0,5767,1.4005,0,0,0,0,0
2026-04-23,In-App Display,Family Pantry Retention Initiative,Metro Region Loyalty Cohort,77398847093,Family Planners Lookalike Segment,113147269491,Offer Spotlight Warm Voice,121759510249,Brand Awareness,325.486360,77830,1,0,226,1.8320,4.593,3.2277,2.0904,0,29910,0,0,0,0,0,0,29552,4.7794,0,0,0,0,0
2026-04-23,Retail Media Network,Family Pantry Retention Initiative,Metro Region Loyalty Cohort,77398847093,Bulk Buyers Retention Segment,307152132159,Offer Spotlight Warm Voice,517946828686,Brand Awareness,141.096335,29308,6,0,89,1.8442,4.0099,2.45,2.3105,0,13241,0,0,0,0,0,0,17116,3.6083,0,0,0,0,0
2026-04-23,Influencer Network,Family Pantry Retention Initiative,Metro Region Loyalty Cohort,77398847093,Health Conscious Buyers Interest Segment,141572802958,Offer Spotlight Warm Voice,658353299387,Brand Awareness,46.217392,7844,0,0,17,1.460,2.4613,2.115,1.5756,0,3585,0,0,0,0,0,0,4606,2.1339,0,0,0,0,0
2026-04-22,Connected TV,Family Pantry Retention Initiative,Metro Region Loyalty Cohort,77398847093,Bulk Buyers Retention Segment,307152132159,Offer Spotlight Warm Voice,517946828686,Brand Awareness,124.083935,22555,5,0,23,1.5475,3.2950,1.9148,1.6695,0,7063,0,0,0,0,0,0,10435,2.8509,0,0,0,0,0
2026-04-22,Affiliate Network,Family Pantry Retention Initiative,Metro Region Loyalty Cohort,77398847093,Family Planners Lookalike Segment,113147269491,Offer Spotlight Warm Voice,121759510249,Brand Awareness,144.145239,21781,1,0,34,1.4443,3.1821,2.1862,1.4622,0,5545,0,0,0,0,0,0,8445,2.9186,0,0,0,0,0
2026-04-22,Marketplace Feed,Family Pantry Retention Initiative,Metro Region Loyalty Cohort,77398847093,Health Conscious Buyers Interest Segment,141572802958,Offer Spotlight Warm Voice,658353299387,Brand Awareness,8.726172,2545,0,0,1,2.0772,2.9239,2.5033,2.0931,0,1058,0,0,0,0,0,0,1341,2.050,0,0,0,0,0
2026-04-07,Social Feed,Smart Choice Impact Initiative,Metro Region Prospecting Cohort,10949239110,Weekend Deal Hunters Interest Segment,147963190091,Shelf Story Warm Voice,963403862725,Brand Awareness,0.203823,18,0,0,0,0.25,0.6,0.3,0.20,0,5,0,0,0,0,0,0,13,0.5,0,0,0,0,0
2026-04-07,Affiliate Network,Smart Choice Impact Initiative,Metro Region Prospecting Cohort,10949239110,Bulk Buyers Retention Segment,513234000750,Shelf Story Warm Voice,961212496289,Brand Awareness,899.957928,96438,0,0,270,0.4872,1.6628,0.8168,0.5873,0,35568,0,0,0,0,0,0,48275,2.366,0,0,0,0,0
2026-04-07,Connected TV,Smart Choice Impact Initiative,Metro Region Prospecting Cohort,10949239110,Family Planners Interest Segment,128488096861,Shelf Story Warm Voice,167423504541,Brand Awareness,703.342573,62159,1,0,212,0.4055,1.4215,0.7009,0.4398,0,23163,0,0,0,0,0,0,39754,1.9805,0,0,0,0,0
2026-04-07,Search Network,Family Pantry Retention Initiative,Metro Region Prospecting Cohort,87540148908,Bulk Buyers Retention Segment,525346702145,Shelf Story Warm Voice,147316178278,Brand Awareness,768.744603,88684,0,0,285,1.3644,2.7276,2.0446,1.3953,0,32731,0,0,0,0,0,0,39084,2.7774,0,0,0,0,0
2026-04-07,Display Network,Family Pantry Retention Initiative,Metro Region Prospecting Cohort,87540148908,Weekend Deal Hunters Interest Segment,376536729953,Shelf Story Warm Voice,231641032214,Brand Awareness,0.566606,26,0,0,0,0.4665,0.7695,0.5926,0.5870,0,19,0,0,0,0,0,0,21,0.7027,0,0,0,0,0
2026-04-07,Display Network,Family Pantry Retention Initiative,Metro Region Prospecting Cohort,87540148908,Family Planners Interest Segment,840654217576,Shelf Story Warm Voice,114173324062,Brand Awareness,737.135496,84901,0,0,241,1.5416,3.2536,2.1221,1.5213,0,34344,0,0,0,0,0,0,36925,2.7501,0,0,0,0,0
2026-04-01,Retail Media Network,Home Essentials Scale Initiative,Metro Region Prospecting Cohort,87239281064,Weekend Deal Hunters Interest Segment,259703068436,Offer Spotlight Bold Voice,853180183207,Brand Awareness,117.938325,31438,0,0,155,0.6439,1.3556,0.8105,0.7132,0,6425,0,0,0,0,0,0,7583,1.3407,0,0,0,0,0
2026-04-01,Connected TV,Home Essentials Scale Initiative,Metro Region Prospecting Cohort,87239281064,Family Planners Interest Segment,130267030363,Offer Spotlight Bold Voice,904175289761,Brand Awareness,1291.318172,238048,0,0,680,0.9590,2.0249,1.3110,0.9364,0,45782,0,0,0,0,0,0,75699,2.7865,0,0,0,0,0
2026-04-01,Search Network,Home Essentials Scale Initiative,Metro Region Prospecting Cohort,87239281064,Bulk Buyers Retention Segment,150236562499,Offer Spotlight Bold Voice,847904265267,Brand Awareness,599.758960,145194,0,0,235,0.7915,1.7035,1.2189,0.8227,0,30003,0,0,0,0,0,0,36925,2.3171,0,0,0,0,0
2026-04-30,Shopping Grid,Home Essentials Scale Initiative,Metro Region Loyalty Cohort,18477671,Weekend Deal Hunters Interest Segment,112765600395888630,Shelf Story Bold Voice,133599555318112040,Brand Awareness,33.9,4953,0,4241,192,0,0,0,0,0,0,0,0,0,0,1,85,71,0,0,0,0,0,0
2026-04-30,Search Network,Home Essentials Scale Initiative,Metro Region Loyalty Cohort,18477671,Quick Refill Buyers Retention Segment,904306999983636892,Shelf Story Bold Voice,331629093166289619,Brand Awareness,145.29,23962,0,19749,698,0,0,0,0,0,0,0,0,1,0,0,219,217,0,0,0,0,0,0
2026-04-30,Retail Media Network,Home Essentials Scale Initiative,Metro Region Loyalty Cohort,18477671,Health Conscious Buyers Interest Segment,158681937364607331,Shelf Story Bold Voice,694582080781320957,Brand Awareness,51.52,5946,0,5551,238,0,0,0,0,0,0,0,0,0,0,1,75,87,0,0,0,0,0,0
2026-04-30,Connected TV,Home Essentials Scale Initiative,Metro Region Loyalty Cohort,18477671,Family Planners Lookalike Segment,105822959293344436,Shelf Story Bold Voice,111348416253375468,Brand Awareness,50.32,6689,0,7511,393,0,0,0,0,0,0,0,0,1,0,1,164,129,0,0,0,0,0,0
2026-04-30,In-App Display,Market Fresh Demand Initiative,East Region Conversion Cohort,18477671,Health Conscious Buyers Interest Segment,108867322683615931,Offer Spotlight Bold Voice,474548502796962451,Brand Awareness,0,0,0,0,0,0,0,0,0,0,0,0,0,0,0,0,0,0,0,0,0,0,0,0
2026-04-30,Connected TV,Market Fresh Demand Initiative,East Region Conversion Cohort,18477671,Family Planners Interest Segment,121818762168974858,Offer Spotlight Bold Voice,246388356969315527,Brand Awareness,0,0,0,0,0,0,0,0,0,0,0,0,0,0,0,0,0,0,0,0,0,0,0,0
2026-04-30,Search Network,Weekend Saver Retention Initiative,East Region Conversion Cohort,18477671,Family Planners Interest Segment,163033400066214072,Price Drop Cut Direct Voice,652642569425864784,Brand Awareness,57.88,39977,0,38911,46,82,100,100,100,0,84,74,8245,0,0,0,27,312,0,0,0,0,0,0
2026-04-30,Social Feed,Weekend Saver Retention Initiative,East Region Conversion Cohort,18477671,Weekend Deal Hunters Interest Segment,170774182137491988,Price Drop Cut Direct Voice,994869123933960279,Brand Awareness,45.35,28995,0,26538,86,34,100,91,51,0,34,31,2646,0,0,0,70,226,0,0,0,0,0,0
2026-04-30,Marketplace Feed,Family Pantry Retention Initiative,Metro Region Loyalty Cohort,18477671,Weekend Deal Hunters Interest Segment,833887355637217986,Shelf Story Warm Voice,169527595428423532,Brand Awareness,32.27,3184,0,3741,60,40,100,100,50,0,1502,1581,3571,0,0,0,40,2471,0,0,0,0,0,0
2026-04-30,Influencer Network,Family Pantry Retention Initiative,Metro Region Loyalty Cohort,18477671,Health Conscious Buyers Interest Segment,166010658542979286,Shelf Story Warm Voice,544289880041099230,Brand Awareness,135.31,13582,0,15479,262,100,100,100,100,0,6744,5373,16540,1,0,0,137,7754,0,0,0,0,0,0
2026-04-30,Discovery Network,Family Pantry Retention Initiative,Metro Region Loyalty Cohort,18477671,Quick Refill Buyers Retention Segment,162601743432699617,Shelf Story Warm Voice,902646030800927946,Brand Awareness,2.0,239,0,291,6,2,100,100,2,0,101,96,278,0,0,0,3,186,0,0,0,0,0,0
2026-04-30,Social Feed,Family Pantry Retention Initiative,Metro Region Loyalty Cohort,18477671,Weekend Deal Hunters Interest Segment,174176954196329732,Shelf Story Warm Voice,925460221944962698,Brand Awareness,84.12,16700,0,12493,851,95,100,100,100,0,1574,1358,14601,0,0,0,684,5895,0,0,0,0,0,0
2026-04-30,Connected TV,Family Pantry Retention Initiative,Metro Region Loyalty Cohort,18477671,Health Conscious Buyers Interest Segment,831767333222217053,Shelf Story Warm Voice,982160139961136392,Brand Awareness,26.77,5088,0,4072,236,25,100,100,44,0,543,449,3726,0,0,0,183,1667,0,0,0,0,0,0
2026-04-30,Influencer Network,Family Pantry Retention Initiative,Metro Region Loyalty Cohort,18477671,Quick Refill Buyers Retention Segment,513232078006145092,Shelf Story Warm Voice,133729297815049595,Brand Awareness,4.1,1160,0,1188,31,3,62,36,5,0,30,26,697,0,0,0,37,162,0,0,0,0,0,0
2026-04-30,Connected TV,Family Pantry Retention Initiative,Metro Region Loyalty Cohort,18477671,Family Planners Lookalike Segment,131110122694256392,Shelf Story Warm Voice,585790054530420953,Brand Awareness,5.51,1421,0,1223,36,4,74,36,4,0,33,33,414,0,0,0,41,149,0,0,0,0,0,0
2026-04-30,Search Network,Home Essentials Promo Initiative,Metro Region Loyalty Cohort,18477671,Health Conscious Buyers Interest Segment,501480859908001971,Shelf Story Bold Voice,510400015565431247,Brand Awareness,91.50,6295,0,2572,19,100,100,100,100,0,6370,5824,5975,0,0,0,19,5916,0,0,0,0,0,0
2026-04-30,Marketplace Feed,Home Essentials Promo Initiative,Metro Region Loyalty Cohort,18477671,Weekend Deal Hunters Interest Segment,806287066765575254,Shelf Story Bold Voice,686516845049075568,Brand Awareness,118.25,6953,0,2526,13,100,100,100,100,0,6789,6552,7327,0,0,0,10,5917,0,0,0,0,0,0
2026-04-30,Shopping Grid,Market Fresh Demand Initiative,East Region Conversion Cohort,18477671,Weekend Deal Hunters Interest Segment,118241110961190558,Offer Spotlight Bold Voice,161991315710918766,Brand Awareness,0,0,0,0,0,0,0,0,0,0,0,0,0,0,0,0,0,0,0,0,0,0,0,0
2026-04-30,Social Feed,Weekend Saver Retention Initiative,East Region Conversion Cohort,18477671,Health Conscious Buyers Interest Segment,164123536480795593,Price Drop Cut Direct Voice,152285551965647520,Brand Awareness,124.24,67294,0,64430,131,100,100,100,100,0,171,155,21311,0,0,0,74,793,0,0,0,0,0,0
2026-04-30,Influencer Network,Home Essentials Promo Initiative,Metro Region Loyalty Cohort,18477671,Quick Refill Buyers Retention Segment,752423538186053657,Shelf Story Bold Voice,115947231150120306,Brand Awareness,0.08,27,0,31,0,5,24,13,6,0,5,5,26,0,0,0,0,20,0,0,0,0,0,0
2026-04-29,Affiliate Network,Home Essentials Scale Initiative,Metro Region Loyalty Cohort,18477671,Family Planners Lookalike Segment,105822959293344436,Shelf Story Bold Voice,111348416253375468,Brand Awareness,0.17,37,0,39,0,0,0,0,0,0,0,0,0,0,0,0,0,0,0,0,0,0,0,0
2026-04-29,Affiliate Network,Family Pantry Retention Initiative,Metro Region Loyalty Cohort,18477671,Weekend Deal Hunters Interest Segment,174176954196329732,Shelf Story Warm Voice,925460221944962698,Brand Awareness,89.31,15313,0,11677,872,74,100,100,100,0,1822,1474,13898,0,0,0,807,5868,0,0,0,0,0,0
2026-04-29,Social Feed,Family Pantry Retention Initiative,Metro Region Loyalty Cohort,18477671,Health Conscious Buyers Interest Segment,831767333222217053,Shelf Story Warm Voice,982160139961136392,Brand Awareness,27.41,5262,0,5299,250,43,100,100,69,0,512,469,4773,0,0,0,228,1521,0,0,0,0,0,0
2026-04-29,Retail Media Network,Family Pantry Retention Initiative,Metro Region Loyalty Cohort,18477671,Quick Refill Buyers Retention Segment,513232078006145092,Shelf Story Warm Voice,133729297815049595,Brand Awareness,8.07,1585,0,1203,92,7,100,66,8,0,50,38,940,0,0,0,74,282,0,0,0,0,0,0
2026-04-29,Affiliate Network,Home Essentials Promo Initiative,Metro Region Loyalty Cohort,18477671,Quick Refill Buyers Retention Segment,752423538186053657,Shelf Story Bold Voice,115947231150120306,Brand Awareness,2.55,334,0,252,0,100,100,100,100,0,158,133,313,0,0,0,0,197,0,0,0,0,0,0
2026-04-29,Social Feed,Home Essentials Promo Initiative,Metro Region Loyalty Cohort,18477671,Weekend Deal Hunters Interest Segment,806287066765575254,Shelf Story Bold Voice,686516845049075568,Brand Awareness,118.52,7527,0,3531,14,100,100,100,100,0,6773,5312,7544,0,0,0,13,5872,0,0,0,0,0,0
2026-04-29,Affiliate Network,Home Essentials Scale Initiative,Metro Region Loyalty Cohort,18477671,Weekend Deal Hunters Interest Segment,112765600395888630,Shelf Story Bold Voice,133599555318112040,Brand Awareness,0.6,105,0,100,1,0,0,0,0,0,0,0,0,0,0,0,0,0,0,0,0,0,0,0
2026-04-29,Display Network,Home Essentials Scale Initiative,Metro Region Loyalty Cohort,18477671,Quick Refill Buyers Retention Segment,904306999983636892,Shelf Story Bold Voice,331629093166289619,Brand Awareness,2.02,914,0,871,8,0,0,0,0,0,0,0,0,1,0,0,2,4,0,0,0,0,0,0
2026-04-29,Influencer Network,Home Essentials Scale Initiative,Metro Region Loyalty Cohort,18477671,Health Conscious Buyers Interest Segment,158681937364607331,Shelf Story Bold Voice,694582080781320957,Brand Awareness,1.17,188,0,180,4,0,0,0,0,0,0,0,0,0,0,0,1,1,0,0,0,0,0,0
2026-04-29,Display Network,Family Pantry Retention Initiative,Metro Region Loyalty Cohort,18477671,Family Planners Lookalike Segment,131110122694256392,Shelf Story Warm Voice,585790054530420953,Brand Awareness,8.77,4876,0,4524,59,1,100,59,2,0,53,49,619,0,0,0,54,208,0,0,0,0,0,0
2026-04-29,Display Network,Home Essentials Promo Initiative,Metro Region Loyalty Cohort,18477671,Health Conscious Buyers Interest Segment,501480859908001971,Shelf Story Bold Voice,510400015565431247,Brand Awareness,71.74,4938,0,2614,11,100,100,100,100,0,4515,4203,5438,0,0,0,10,4161,0,0,0,0,0,0
2026-04-29,Social Feed,Family Pantry Retention Initiative,Metro Region Loyalty Cohort,18477671,Health Conscious Buyers Interest Segment,166010658542979286,Shelf Story Warm Voice,544289880041099230,Brand Awareness,138.45,18708,0,17439,216,100,100,100,100,0,6046,6300,18012,1,0,0,130,10530,0,0,0,0,0,0
2026-04-29,Social Feed,Market Fresh Demand Initiative,East Region Conversion Cohort,18477671,Family Planners Interest Segment,121818762168974858,Offer Spotlight Bold Voice,246388356969315527,Brand Awareness,116.71,55946,0,70217,69,100,100,100,100,0,1610,1505,52019,0,0,0,10,1824,0,0,0,0,0,0
2026-04-29,Retail Media Network,Family Pantry Retention Initiative,Metro Region Loyalty Cohort,18477671,Weekend Deal Hunters Interest Segment,833887355637217986,Shelf Story Warm Voice,169527595428423532,Brand Awareness,31.55,3254,0,3948,62,56,100,100,79,0,1549,1213,3683,0,0,0,38,2176,0,0,0,0,0,0
2026-04-29,Marketplace Feed,Family Pantry Retention Initiative,Metro Region Loyalty Cohort,18477671,Quick Refill Buyers Retention Segment,162601743432699617,Shelf Story Warm Voice,902646030800927946,Brand Awareness,10.90,1235,0,1523,24,25,100,100,26,0,575,483,1251,0,0,0,15,913,0,0,0,0,0,0
2026-04-29,Search Network,Market Fresh Demand Initiative,East Region Conversion Cohort,18477671,Weekend Deal Hunters Interest Segment,118241110961190558,Offer Spotlight Bold Voice,161991315710918766,Brand Awareness,7.48,4361,0,3656,10,100,100,100,100,0,122,109,3620,0,0,1,2,148,0,0,0,0,0,0
2026-04-29,Social Feed,Market Fresh Demand Initiative,East Region Conversion Cohort,18477671,Health Conscious Buyers Interest Segment,108867322683615931,Offer Spotlight Bold Voice,474548502796962451,Brand Awareness,115.19,64210,0,69777,51,100,100,100,100,0,1555,1752,58064,0,0,0,6,1781,0,0,0,0,0,0
2026-04-28,Display Network,Family Pantry Retention Initiative,Metro Region Loyalty Cohort,18477671,Quick Refill Buyers Retention Segment,513232078006145092,Shelf Story Warm Voice,133729297815049595,Brand Awareness,7.12,1867,0,1337,73,3,99,52,6,0,40,35,1052,0,0,0,92,237,0,0,0,0,0,0
2026-04-28,Retail Media Network,Family Pantry Retention Initiative,Metro Region Loyalty Cohort,18477671,Family Planners Lookalike Segment,131110122694256392,Shelf Story Warm Voice,585790054530420953,Brand Awareness,4.83,2250,0,2693,51,3,60,40,3,0,33,30,323,0,0,0,34,113,0,0,0,0,0,0
2026-04-28,Connected TV,Family Pantry Retention Initiative,Metro Region Loyalty Cohort,18477671,Quick Refill Buyers Retention Segment,162601743432699617,Shelf Story Warm Voice,902646030800927946,Brand Awareness,1.45,240,0,249,0,4,100,87,9,0,84,68,236,0,0,0,0,172,0,0,0,0,0,0
2026-04-28,Affiliate Network,Family Pantry Retention Initiative,Metro Region Loyalty Cohort,18477671,Weekend Deal Hunters Interest Segment,174176954196329732,Shelf Story Warm Voice,925460221944962698,Brand Awareness,83.54,23831,0,23693,676,78,100,100,98,0,1284,1083,12251,0,0,0,632,3856,0,0,0,0,0,0
2026-04-28,Social Feed,Family Pantry Retention Initiative,Metro Region Loyalty Cohort,18477671,Health Conscious Buyers Interest Segment,831767333222217053,Shelf Story Warm Voice,982160139961136392,Brand Awareness,31.38,5952,0,5097,319,28,100,100,43,0,402,362,5140,0,0,0,283,1848,0,0,0,0,0,0
2026-04-28,Discovery Network,Family Pantry Retention Initiative,Metro Region Loyalty Cohort,18477671,Weekend Deal Hunters Interest Segment,833887355637217986,Shelf Story Warm Voice,169527595428423532,Brand Awareness,55.30,7276,0,7025,99,80,100,100,99,0,2364,2155,6504,0,0,0,54,3801,0,0,0,0,0,0
2026-04-28,Marketplace Feed,Family Pantry Retention Initiative,Metro Region Loyalty Cohort,18477671,Health Conscious Buyers Interest Segment,166010658542979286,Shelf Story Warm Voice,544289880041099230,Brand Awareness,126.40,13436,0,17031,252,100,100,100,100,0,6074,4624,13910,0,0,0,181,8082,0,0,0,0,0,0
2026-04-28,Shopping Grid,Market Fresh Demand Initiative,East Region Conversion Cohort,18477671,Family Planners Interest Segment,121818762168974858,Offer Spotlight Bold Voice,246388356969315527,Brand Awareness,137.2,67905,0,81747,112,100,100,100,100,0,2218,1817,66135,0,0,0,13,2619,0,0,0,0,0,0
2026-04-28,Shopping Grid,Market Fresh Demand Initiative,East Region Conversion Cohort,18477671,Weekend Deal Hunters Interest Segment,118241110961190558,Offer Spotlight Bold Voice,161991315710918766,Brand Awareness,9.19,4762,0,5260,13,100,100,100,100,0,190,195,4816,0,0,0,3,240,0,0,0,0,0,0
2026-04-28,Display Network,Market Fresh Demand Initiative,East Region Conversion Cohort,18477671,Health Conscious Buyers Interest Segment,108867322683615931,Offer Spotlight Bold Voice,474548502796962451,Brand Awareness,97.77,52107,0,54097,55,100,100,100,100,0,1360,1442,49887,0,0,0,9,1833,0,0,0,0,0,0
2026-04-27,Marketplace Feed,Market Fresh Demand Initiative,East Region Conversion Cohort,18477671,Family Planners Interest Segment,121818762168974858,Offer Spotlight Bold Voice,246388356969315527,Brand Awareness,147.89,80330,0,83517,81,100,100,100,100,0,2238,2051,74790,1,0,0,9,2597,0,0,0,0,0,0
2026-04-27,Influencer Network,Family Pantry Retention Initiative,Metro Region Loyalty Cohort,18477671,Family Planners Lookalike Segment,131110122694256392,Shelf Story Warm Voice,585790054530420953,Brand Awareness,1.83,784,0,816,18,1,17,9,2,0,7,6,167,0,0,0,13,48,0,0,0,0,0,0
2026-04-27,Retail Media Network,Family Pantry Retention Initiative,Metro Region Loyalty Cohort,18477671,Health Conscious Buyers Interest Segment,831767333222217053,Shelf Story Warm Voice,982160139961136392,Brand Awareness,32.47,8086,0,5384,376,25,100,100,43,0,545,515,5980,0,0,0,327,1909,0,0,0,0,0,0
2026-04-27,Discovery Network,Family Pantry Retention Initiative,Metro Region Loyalty Cohort,18477671,Quick Refill Buyers Retention Segment,513232078006145092,Shelf Story Warm Voice,133729297815049595,Brand Awareness,8.18,1070,0,632,71,4,100,34,7,0,24,25,1090,0,0,0,82,265,0,0,0,0,0,0
2026-04-27,In-App Display,Family Pantry Retention Initiative,Metro Region Loyalty Cohort,18477671,Quick Refill Buyers Retention Segment,162601743432699617,Shelf Story Warm Voice,902646030800927946,Brand Awareness,2.35,248,0,272,6,3,100,100,4,0,118,116,265,0,0,0,3,184,0,0,0,0,0,0
2026-04-27,Video Network,Family Pantry Retention Initiative,Metro Region Loyalty Cohort,18477671,Weekend Deal Hunters Interest Segment,174176954196329732,Shelf Story Warm Voice,925460221944962698,Brand Awareness,90.61,14835,0,11231,821,77,100,100,100,0,1151,1018,15074,0,0,0,837,4322,0,0,0,0,0,0
2026-04-27,Affiliate Network,Family Pantry Retention Initiative,Metro Region Loyalty Cohort,18477671,Weekend Deal Hunters Interest Segment,833887355637217986,Shelf Story Warm Voice,169527595428423532,Brand Awareness,52.64,6644,0,7102,94,66,100,100,82,0,2350,2463,6052,0,0,0,60,4070,0,0,0,0,0,0
2026-04-27,Retail Media Network,Family Pantry Retention Initiative,Metro Region Loyalty Cohort,18477671,Health Conscious Buyers Interest Segment,166010658542979286,Shelf Story Warm Voice,544289880041099230,Brand Awareness,124.77,17103,0,16177,297,100,100,100,100,0,7167,6110,15083,0,0,0,214,9707,0,0,0,0,0,0
2026-04-27,Influencer Network,Market Fresh Demand Initiative,East Region Conversion Cohort,18477671,Health Conscious Buyers Interest Segment,108867322683615931,Offer Spotlight Bold Voice,474548502796962451,Brand Awareness,94.36,56991,0,60947,72,100,100,100,100,0,1564,1482,52679,0,0,0,12,1865,0,0,0,0,0,0
2026-04-27,Discovery Network,Market Fresh Demand Initiative,East Region Conversion Cohort,18477671,Weekend Deal Hunters Interest Segment,118241110961190558,Offer Spotlight Bold Voice,161991315710918766,Brand Awareness,9.35,6466,0,7333,18,100,100,100,100,0,201,188,6268,0,0,0,1,290,0,0,0,0,0,0
2026-04-26,Search Network,Family Pantry Retention Initiative,Metro Region Loyalty Cohort,18477671,Weekend Deal Hunters Interest Segment,174176954196329732,Shelf Story Warm Voice,925460221944962698,Brand Awareness,77.69,12159,0,6211,797,50,100,100,83,0,641,622,12444,0,0,0,675,3260,0,0,0,0,0,0
2026-04-26,Affiliate Network,Family Pantry Retention Initiative,Metro Region Loyalty Cohort,18477671,Family Planners Lookalike Segment,131110122694256392,Shelf Story Warm Voice,585790054530420953,Brand Awareness,0.80,157,0,135,8,2,20,6,2,0,6,6,120,0,0,0,6,43,0,0,0,0,0,0
2026-04-26,Retail Media Network,Family Pantry Retention Initiative,Metro Region Loyalty Cohort,18477671,Quick Refill Buyers Retention Segment,513232078006145092,Shelf Story Warm Voice,133729297815049595,Brand Awareness,10.22,1404,0,782,122,7,100,67,10,0,46,40,1291,0,0,0,125,364,0,0,0,0,0,0
2026-04-26,Video Network,Family Pantry Retention Initiative,Metro Region Loyalty Cohort,18477671,Health Conscious Buyers Interest Segment,166010658542979286,Shelf Story Warm Voice,544289880041099230,Brand Awareness,125.36,15422,0,17061,216,100,100,100,100,0,6216,6315,15537,0,0,0,175,9090,0,0,0,0,0,0
2026-04-26,Display Network,Family Pantry Retention Initiative,Metro Region Loyalty Cohort,18477671,Quick Refill Buyers Retention Segment,162601743432699617,Shelf Story Warm Voice,902646030800927946,Brand Awareness,1.5,197,0,189,5,3,100,79,3,0,82,72,196,0,0,0,3,141,0,0,0,0,0,0
2026-04-26,Social Feed,Family Pantry Retention Initiative,Metro Region Loyalty Cohort,18477671,Health Conscious Buyers Interest Segment,831767333222217053,Shelf Story Warm Voice,982160139961136392,Brand Awareness,46.68,7789,0,5218,441,26,100,100,48,0,515,513,8409,0,0,0,425,2746,0,0,0,0,0,0
2026-04-26,Shopping Grid,Market Fresh Demand Initiative,East Region Conversion Cohort,18477671,Family Planners Interest Segment,121818762168974858,Offer Spotlight Bold Voice,246388356969315527,Brand Awareness,134.64,79621,0,78122,119,100,100,100,100,0,2347,1982,69092,0,0,1,14,2655,0,0,0,0,0,0
2026-04-26,Display Network,Family Pantry Retention Initiative,Metro Region Loyalty Cohort,18477671,Weekend Deal Hunters Interest Segment,833887355637217986,Shelf Story Warm Voice,169527595428423532,Brand Awareness,55.33,8500,0,7940,124,89,100,100,100,0,3188,2950,7642,1,0,0,69,4366,0,0,0,0,0,0
2026-04-26,Display Network,Market Fresh Demand Initiative,East Region Conversion Cohort,18477671,Weekend Deal Hunters Interest Segment,118241110961190558,Offer Spotlight Bold Voice,161991315710918766,Brand Awareness,11.38,6378,0,6904,15,100,100,100,100,0,221,210,5187,0,0,0,1,252,0,0,0,0,0,0
2026-04-26,Display Network,Market Fresh Demand Initiative,East Region Conversion Cohort,18477671,Health Conscious Buyers Interest Segment,108867322683615931,Offer Spotlight Bold Voice,474548502796962451,Brand Awareness,104.14,60531,0,58794,77,100,100,100,100,0,1985,1469,51392,0,0,0,9,2171,0,0,0,0,0,0
2026-04-25,Video Network,Market Fresh Demand Initiative,East Region Conversion Cohort,18477671,Weekend Deal Hunters Interest Segment,118241110961190558,Offer Spotlight Bold Voice,161991315710918766,Brand Awareness,6.71,3650,0,3729,9,100,100,100,100,0,150,144,3482,0,0,0,1,197,0,0,0,0,0,0
2026-04-25,Connected TV,Market Fresh Demand Initiative,East Region Conversion Cohort,18477671,Health Conscious Buyers Interest Segment,108867322683615931,Offer Spotlight Bold Voice,474548502796962451,Brand Awareness,110.87,52127,0,55226,52,100,100,100,100,0,1825,1750,55141,0,0,0,5,2047,0,0,0,0,0,0
2026-04-25,Search Network,Market Fresh Demand Initiative,East Region Conversion Cohort,18477671,Family Planners Interest Segment,121818762168974858,Offer Spotlight Bold Voice,246388356969315527,Brand Awareness,145.23,68988,0,85990,85,100,100,100,100,0,1933,2080,78878,0,0,0,8,2711,0,0,0,0,0,0
2026-04-25,Video Network,Family Pantry Retention Initiative,Metro Region Loyalty Cohort,18477671,Weekend Deal Hunters Interest Segment,833887355637217986,Shelf Story Warm Voice,169527595428423532,Brand Awareness,75.20,9789,0,8748,147,100,100,100,100,0,3697,3532,9414,0,0,0,101,5163,0,0,0,0,0,0
2026-04-25,Affiliate Network,Family Pantry Retention Initiative,Metro Region Loyalty Cohort,18477671,Health Conscious Buyers Interest Segment,166010658542979286,Shelf Story Warm Voice,544289880041099230,Brand Awareness,124.08,13535,0,14469,211,100,100,100,100,0,5846,4977,11511,0,0,0,147,7172,0,0,0,0,0,0
2026-04-25,Social Feed,Family Pantry Retention Initiative,Metro Region Loyalty Cohort,18477671,Quick Refill Buyers Retention Segment,162601743432699617,Shelf Story Warm Voice,902646030800927946,Brand Awareness,2.34,261,0,261,6,2,100,100,5,0,108,93,263,0,0,0,3,156,0,0,0,0,0,0
2026-04-25,Video Network,Family Pantry Retention Initiative,Metro Region Loyalty Cohort,18477671,Quick Refill Buyers Retention Segment,513232078006145092,Shelf Story Warm Voice,133729297815049595,Brand Awareness,9.0,1219,0,744,116,6,100,82,11,0,66,55,1002,0,0,0,115,354,0,0,0,0,0,0
2026-04-25,Search Network,Family Pantry Retention Initiative,Metro Region Loyalty Cohort,18477671,Family Planners Lookalike Segment,131110122694256392,Shelf Story Warm Voice,585790054530420953,Brand Awareness,2.47,411,0,383,29,5,63,37,8,0,31,25,334,0,0,0,26,112,0,0,0,0,0,0
2026-04-25,Discovery Network,Family Pantry Retention Initiative,Metro Region Loyalty Cohort,18477671,Weekend Deal Hunters Interest Segment,174176954196329732,Shelf Story Warm Voice,925460221944962698,Brand Awareness,56.80,9825,0,5747,687,44,100,100,70,0,614,552,8691,0,0,0,633,3185,0,0,0,0,0,0
2026-04-25,Shopping Grid,Family Pantry Retention Initiative,Metro Region Loyalty Cohort,18477671,Health Conscious Buyers Interest Segment,831767333222217053,Shelf Story Warm Voice,982160139961136392,Brand Awareness,66.56,12919,0,7116,767,70,100,100,100,0,573,618,11317,0,0,1,674,3931,0,0,0,0,0,0
2026-04-24,Retail Media Network,Market Fresh Demand Initiative,East Region Conversion Cohort,18477671,Weekend Deal Hunters Interest Segment,118241110961190558,Offer Spotlight Bold Voice,161991315710918766,Brand Awareness,3.48,2541,0,2739,2,100,100,100,100,0,88,90,1954,0,0,0,0,97,0,0,0,0,0,0
2026-04-24,Discovery Network,Family Pantry Retention Initiative,Metro Region Loyalty Cohort,18477671,Health Conscious Buyers Interest Segment,166010658542979286,Shelf Story Warm Voice,544289880041099230,Brand Awareness,108.53,12307,0,13793,158,100,100,100,100,0,5174,4859,14350,1,0,0,108,9387,0,0,0,0,0,0
2026-04-24,Video Network,Family Pantry Retention Initiative,Metro Region Loyalty Cohort,18477671,Quick Refill Buyers Retention Segment,162601743432699617,Shelf Story Warm Voice,902646030800927946,Brand Awareness,1.97,319,0,363,7,5,100,100,7,0,105,101,353,0,0,0,4,189,0,0,0,0,0,0
2026-04-24,Marketplace Feed,Family Pantry Retention Initiative,Metro Region Loyalty Cohort,18477671,Weekend Deal Hunters Interest Segment,833887355637217986,Shelf Story Warm Voice,169527595428423532,Brand Awareness,51.16,7824,0,7412,88,100,100,100,100,0,2856,2527,6319,0,0,0,55,4294,0,0,0,0,0,0
2026-04-24,Search Network,Market Fresh Demand Initiative,East Region Conversion Cohort,18477671,Family Planners Interest Segment,121818762168974858,Offer Spotlight Bold Voice,246388356969315527,Brand Awareness,93.67,64651,0,60697,90,100,100,100,100,0,1619,1810,54609,0,0,0,5,2249,0,0,0,0,0,0
2026-04-24,Shopping Grid,Family Pantry Retention Initiative,Metro Region Loyalty Cohort,18477671,Health Conscious Buyers Interest Segment,831767333222217053,Shelf Story Warm Voice,982160139961136392,Brand Awareness,53.30,7787,0,4631,567,38,100,100,60,0,298,234,7977,0,0,0,595,2866,0,0,0,0,0,0
2026-04-24,Video Network,Market Fresh Demand Initiative,East Region Conversion Cohort,18477671,Health Conscious Buyers Interest Segment,108867322683615931,Offer Spotlight Bold Voice,474548502796962451,Brand Awareness,126.68,74809,0,78972,90,100,100,100,100,0,1984,2271,71138,0,0,0,6,2336,0,0,0,0,0,0
2026-04-24,Retail Media Network,Family Pantry Retention Initiative,Metro Region Loyalty Cohort,18477671,Weekend Deal Hunters Interest Segment,174176954196329732,Shelf Story Warm Voice,925460221944962698,Brand Awareness,78.81,9270,0,5631,881,62,100,100,97,0,354,403,11110,0,0,0,853,4146,0,0,0,0,0,0
2026-04-24,Display Network,Family Pantry Retention Initiative,Metro Region Loyalty Cohort,18477671,Quick Refill Buyers Retention Segment,513232078006145092,Shelf Story Warm Voice,133729297815049595,Brand Awareness,7.37,984,0,625,81,3,100,52,9,0,40,32,751,0,0,0,97,287,0,0,0,0,0,0
2026-04-24,Affiliate Network,Family Pantry Retention Initiative,Metro Region Loyalty Cohort,18477671,Family Planners Lookalike Segment,131110122694256392,Shelf Story Warm Voice,585790054530420953,Brand Awareness,6.70,1267,0,1110,94,10,100,59,18,0,53,47,951,0,0,0,85,358,0,0,0,0,0,0
2026-04-23,Video Network,Market Fresh Demand Initiative,East Region Conversion Cohort,18477671,Weekend Deal Hunters Interest Segment,118241110961190558,Offer Spotlight Bold Voice,161991315710918766,Brand Awareness,3.87,2548,0,2358,10,100,100,100,100,0,116,88,1925,0,0,0,2,103,0,0,0,0,0,0
2026-04-23,Display Network,Market Fresh Demand Initiative,East Region Conversion Cohort,18477671,Health Conscious Buyers Interest Segment,108867322683615931,Offer Spotlight Bold Voice,474548502796962451,Brand Awareness,106.32,73267,0,80789,76,100,100,100,100,0,1924,2005,72863,0,0,0,9,2153,0,0,0,0,0,0
2026-04-23,Shopping Grid,Market Fresh Demand Initiative,East Region Conversion Cohort,18477671,Family Planners Interest Segment,121818762168974858,Offer Spotlight Bold Voice,246388356969315527,Brand Awareness,107.48,74366,0,81419,104,100,100,100,100,0,1778,2040,68211,0,0,0,11,2256,0,0,0,0,0,0
2026-04-22,Shopping Grid,Market Fresh Demand Initiative,East Region Conversion Cohort,18477671,Weekend Deal Hunters Interest Segment,118241110961190558,Offer Spotlight Bold Voice,161991315710918766,Brand Awareness,6.39,4790,0,5136,10,100,100,100,100,0,212,225,4082,0,0,0,0,268,0,0,0,0,0,0
2026-04-22,Social Feed,Market Fresh Demand Initiative,East Region Conversion Cohort,18477671,Health Conscious Buyers Interest Segment,108867322683615931,Offer Spotlight Bold Voice,474548502796962451,Brand Awareness,78.04,54252,0,49609,65,100,100,100,100,0,1550,1601,52935,0,0,1,6,1715,0,0,0,0,0,0
2026-04-22,Retail Media Network,Market Fresh Demand Initiative,East Region Conversion Cohort,18477671,Family Planners Interest Segment,121818762168974858,Offer Spotlight Bold Voice,246388356969315527,Brand Awareness,123.77,95713,0,101798,95,100,100,100,100,0,2938,2669,98678,0,0,0,16,3068,0,0,0,0,0,0
2026-04-21,Social Feed,Market Fresh Demand Initiative,East Region Conversion Cohort,18477671,Weekend Deal Hunters Interest Segment,118241110961190558,Offer Spotlight Bold Voice,161991315710918766,Brand Awareness,9.57,6540,0,7465,17,100,100,100,100,0,347,317,6442,0,0,0,4,385,0,0,0,0,0,0
2026-04-21,Shopping Grid,Market Fresh Demand Initiative,East Region Conversion Cohort,18477671,Health Conscious Buyers Interest Segment,108867322683615931,Offer Spotlight Bold Voice,474548502796962451,Brand Awareness,106.12,91041,0,86609,132,100,100,100,100,0,3272,2583,77142,0,0,1,24,3760,0,0,0,0,0,0
2026-04-21,Retail Media Network,Market Fresh Demand Initiative,East Region Conversion Cohort,18477671,Family Planners Interest Segment,121818762168974858,Offer Spotlight Bold Voice,246388356969315527,Brand Awareness,98.2,71915,0,71188,69,100,100,100,100,0,1789,1784,59107,0,0,0,3,2181,0,0,0,0,0,0
2026-04-20,Marketplace Feed,Market Fresh Demand Initiative,East Region Conversion Cohort,18477671,Weekend Deal Hunters Interest Segment,118241110961190558,Offer Spotlight Bold Voice,161991315710918766,Brand Awareness,21.62,17645,0,18950,100,100,100,100,100,0,1098,970,13001,0,0,0,5,1161,0,0,0,0,0,0
2026-04-20,Shopping Grid,Market Fresh Demand Initiative,East Region Conversion Cohort,18477671,Health Conscious Buyers Interest Segment,108867322683615931,Offer Spotlight Bold Voice,474548502796962451,Brand Awareness,128.62,93418,0,102415,246,100,100,100,100,0,4583,4647,77132,0,0,0,25,5516,0,0,0,0,0,0
2026-04-20,Search Network,Market Fresh Demand Initiative,East Region Conversion Cohort,18477671,Family Planners Interest Segment,121818762168974858,Offer Spotlight Bold Voice,246388356969315527,Brand Awareness,80.35,58524,0,62267,108,100,100,100,100,0,3304,2480,49763,0,0,0,19,3537,0,0,0,0,0,0
2026-04-17,Social Feed,Home Essentials Scale Initiative,Metro Region Loyalty Cohort,18477671,Health Conscious Buyers Interest Segment,781523944803135997,Shelf Story Bold Voice,709931804279098171,Brand Awareness,0,0,0,0,0,0,0,0,0,0,0,0,0,0,0,0,0,0,0,0,0,0,0,0
2026-04-16,Shopping Grid,Home Essentials Scale Initiative,Metro Region Loyalty Cohort,18477671,Weekend Deal Hunters Interest Segment,964512947946836527,Shelf Story Bold Voice,164648357764320345,Brand Awareness,0,0,0,0,0,0,0,0,0,0,0,0,0,0,0,0,0,0,0,0,0,0,0,0
2026-04-15,Retail Media Network,Home Essentials Scale Initiative,Metro Region Loyalty Cohort,18477671,Weekend Deal Hunters Interest Segment,964512947946836527,Shelf Story Bold Voice,164648357764320345,Brand Awareness,0,0,0,0,0,0,0,0,0,0,0,0,0,0,0,0,0,0,0,0,0,0,0,0
2026-04-15,Affiliate Network,Home Essentials Scale Initiative,Metro Region Loyalty Cohort,18477671,Health Conscious Buyers Interest Segment,781523944803135997,Shelf Story Bold Voice,709931804279098171,Brand Awareness,0,0,0,0,0,0,0,0,0,0,0,0,0,0,0,0,0,0,0,0,0,0,0,0
2026-04-14,Influencer Network,Home Essentials Scale Initiative,Metro Region Loyalty Cohort,18477671,Health Conscious Buyers Interest Segment,781523944803135997,Shelf Story Bold Voice,709931804279098171,Brand Awareness,21.24,18212,0,22906,57,0,0,0,0,0,0,0,0,0,0,0,9,19,0,0,0,0,0,0
2026-04-14,Influencer Network,Home Essentials Scale Initiative,Metro Region Loyalty Cohort,18477671,Weekend Deal Hunters Interest Segment,964512947946836527,Shelf Story Bold Voice,164648357764320345,Brand Awareness,34.49,35708,0,34363,52,0,0,0,0,0,0,0,0,0,0,0,10,21,0,0,0,0,0,0
2026-04-13,Social Feed,Home Essentials Scale Initiative,Metro Region Loyalty Cohort,18477671,Health Conscious Buyers Interest Segment,781523944803135997,Shelf Story Bold Voice,709931804279098171,Brand Awareness,25.79,22345,0,26113,46,0,0,0,0,0,0,0,0,0,0,0,11,18,0,0,0,0,0,0
2026-04-13,Social Feed,Home Essentials Scale Initiative,Metro Region Loyalty Cohort,18477671,Weekend Deal Hunters Interest Segment,964512947946836527,Shelf Story Bold Voice,164648357764320345,Brand Awareness,42.98,34573,0,36514,68,0,0,0,0,0,0,0,0,0,0,1,13,25,0,0,0,0,0,0
2026-04-12,Shopping Grid,Home Essentials Scale Initiative,Metro Region Loyalty Cohort,18477671,Weekend Deal Hunters Interest Segment,964512947946836527,Shelf Story Bold Voice,164648357764320345,Brand Awareness,44.84,38843,0,40722,73,0,0,0,0,0,0,0,0,0,0,0,16,37,0,0,0,0,0,0
2026-04-12,Display Network,Home Essentials Scale Initiative,Metro Region Loyalty Cohort,18477671,Health Conscious Buyers Interest Segment,781523944803135997,Shelf Story Bold Voice,709931804279098171,Brand Awareness,22.67,20520,0,19249,37,0,0,0,0,0,0,0,0,0,0,0,4,10,0,0,0,0,0,0
2026-04-11,Social Feed,Home Essentials Scale Initiative,Metro Region Loyalty Cohort,18477671,Weekend Deal Hunters Interest Segment,964512947946836527,Shelf Story Bold Voice,164648357764320345,Brand Awareness,44.71,37657,0,32153,64,0,0,0,0,0,0,0,0,0,0,0,14,32,0,0,0,0,0,0
2026-04-11,Video Network,Home Essentials Scale Initiative,Metro Region Loyalty Cohort,18477671,Health Conscious Buyers Interest Segment,781523944803135997,Shelf Story Bold Voice,709931804279098171,Brand Awareness,28.98,20163,0,22783,34,0,0,0,0,0,0,0,0,0,0,0,5,17,0,0,0,0,0,0
2026-04-10,Social Feed,Home Essentials Scale Initiative,Metro Region Loyalty Cohort,18477671,Weekend Deal Hunters Interest Segment,964512947946836527,Shelf Story Bold Voice,164648357764320345,Brand Awareness,31.88,27920,0,33811,55,0,0,0,0,0,0,0,0,0,0,0,7,21,0,0,0,0,0,0
2026-04-10,Retail Media Network,Home Essentials Scale Initiative,Metro Region Loyalty Cohort,18477671,Health Conscious Buyers Interest Segment,781523944803135997,Shelf Story Bold Voice,709931804279098171,Brand Awareness,24.16,25288,0,25570,42,0,0,0,0,0,0,0,0,0,0,0,10,19,0,0,0,0,0,0
2026-04-09,Display Network,Home Essentials Scale Initiative,Metro Region Loyalty Cohort,18477671,Weekend Deal Hunters Interest Segment,964512947946836527,Shelf Story Bold Voice,164648357764320345,Brand Awareness,37.27,30953,0,28362,40,0,0,0,0,0,0,0,0,0,0,0,8,17,0,0,0,0,0,0
2026-04-09,Marketplace Feed,Home Essentials Scale Initiative,Metro Region Loyalty Cohort,18477671,Health Conscious Buyers Interest Segment,781523944803135997,Shelf Story Bold Voice,709931804279098171,Brand Awareness,28.45,19453,0,21511,66,0,0,0,0,0,0,0,0,0,0,0,7,20,0,0,0,0,0,0
2026-04-08,Marketplace Feed,Home Essentials Scale Initiative,Metro Region Loyalty Cohort,18477671,Weekend Deal Hunters Interest Segment,964512947946836527,Shelf Story Bold Voice,164648357764320345,Brand Awareness,37.6,31574,0,28273,56,0,0,0,0,0,0,0,0,2,0,0,10,24,0,0,0,0,0,0
2026-04-08,Social Feed,Home Essentials Scale Initiative,Metro Region Loyalty Cohort,18477671,Health Conscious Buyers Interest Segment,781523944803135997,Shelf Story Bold Voice,709931804279098171,Brand Awareness,27.79,25118,0,25330,49,0,0,0,0,0,0,0,0,0,0,0,10,22,0,0,0,0,0,0
2026-04-07,Affiliate Network,Home Essentials Scale Initiative,Metro Region Loyalty Cohort,18477671,Weekend Deal Hunters Interest Segment,964512947946836527,Shelf Story Bold Voice,164648357764320345,Brand Awareness,31.44,24971,0,31051,54,0,0,0,0,0,0,0,0,0,0,0,13,30,0,0,0,0,0,0
2026-04-07,Shopping Grid,Home Essentials Scale Initiative,Metro Region Loyalty Cohort,18477671,Health Conscious Buyers Interest Segment,781523944803135997,Shelf Story Bold Voice,709931804279098171,Brand Awareness,31.55,30404,0,31162,46,0,0,0,0,0,0,0,0,0,0,0,9,19,0,0,0,0,0,0
2026-04-07,Connected TV,Smart Choice Impact Initiative,Metro Region Prospecting Cohort,18477671,Health Conscious Buyers Interest Segment,213671905048580753,Offer Spotlight Bold Voice,819173215253302842,Brand Awareness,0,0,0,0,0,0,0,0,0,0,0,0,0,0,0,0,0,0,0,0,0,0,0,0
2026-04-06,Shopping Grid,Seasonal Select Promo Initiative,Metro Region Prospecting Cohort,18477671,Bulk Buyers Retention Segment,122214934230447492,Offer Spotlight Friendly Voice,320124158856364868,Brand Awareness,0,0,0,0,0,0,0,0,0,0,0,0,0,0,0,0,0,0,0,0,0,0,0,0
2026-04-06,Connected TV,Smart Choice Impact Initiative,Metro Region Prospecting Cohort,18477671,Bulk Buyers Retention Segment,106790603103409334,Offer Spotlight Bold Voice,962327906363246011,Brand Awareness,0,0,0,0,0,0,0,0,0,0,0,0,0,0,0,0,0,0,0,0,0,0,0,0
2026-04-06,Retail Media Network,Seasonal Select Promo Initiative,South Region Loyalty Cohort,18477671,Health Conscious Buyers Affinity Segment,214912264444439209,Shelf Story Bold Voice,179708298907195796,Brand Awareness,0,0,0,0,0,0,0,0,0,0,0,0,0,0,0,0,0,0,0,0,0,0,0,0
2026-04-06,Social Feed,Seasonal Select Promo Initiative,South Region Loyalty Cohort,18477671,Family Planners Lookalike Segment,126631246675685197,Shelf Story Bold Voice,137733057460422322,Brand Awareness,0,0,0,0,0,0,0,0,0,0,0,0,0,0,0,0,0,0,0,0,0,0,0,0
2026-04-06,Display Network,Seasonal Select Promo Initiative,South Region Loyalty Cohort,18477671,Family Planners Lookalike Segment,123115572847900966,Shelf Story Bold Voice,573479972067116302,Brand Awareness,0,0,0,0,0,0,0,0,0,0,0,0,0,0,0,0,0,0,0,0,0,0,0,0
2026-04-06,Retail Media Network,Home Essentials Scale Initiative,Metro Region Loyalty Cohort,18477671,Weekend Deal Hunters Interest Segment,964512947946836527,Shelf Story Bold Voice,164648357764320345,Brand Awareness,37.25,27406,0,30946,41,0,0,0,0,0,0,0,0,0,0,0,2,13,0,0,0,0,0,0
2026-04-06,Display Network,Home Essentials Scale Initiative,Metro Region Loyalty Cohort,18477671,Health Conscious Buyers Interest Segment,781523944803135997,Shelf Story Bold Voice,709931804279098171,Brand Awareness,30.17,29719,0,27907,60,0,0,0,0,0,0,0,0,0,0,0,13,26,0,0,0,0,0,0
2026-04-05,Connected TV,Seasonal Select Promo Initiative,Metro Region Prospecting Cohort,18477671,Health Conscious Buyers Interest Segment,170750676294810705,Offer Spotlight Friendly Voice,706049160223199652,Brand Awareness,0,0,0,0,0,0,0,0,0,0,0,0,0,0,0,0,0,0,0,0,0,0,0,0
2026-04-05,Video Network,Seasonal Select Promo Initiative,Metro Region Prospecting Cohort,18477671,Bulk Buyers Retention Segment,122214934230447492,Offer Spotlight Friendly Voice,320124158856364868,Brand Awareness,0,0,0,0,0,0,0,0,0,0,0,0,0,0,0,0,0,0,0,0,0,0,0,0
2026-04-05,Search Network,Smart Choice Impact Initiative,Metro Region Prospecting Cohort,18477671,Health Conscious Buyers Interest Segment,309462229249833153,Offer Spotlight Bold Voice,971530761745705888,Brand Awareness,0,0,0,0,0,0,0,0,0,0,0,0,0,0,0,0,0,0,0,0,0,0,0,0
2026-04-05,Connected TV,Smart Choice Impact Initiative,Metro Region Prospecting Cohort,18477671,Quick Refill Buyers Retention Segment,149795586205809563,Offer Spotlight Bold Voice,983366482798319920,Brand Awareness,0,0,0,0,0,0,0,0,0,0,0,0,0,0,0,0,0,0,0,0,0,0,0,0
2026-04-05,Social Feed,Smart Choice Impact Initiative,Metro Region Prospecting Cohort,18477671,Weekend Deal Hunters Interest Segment,844527297588972817,Offer Spotlight Bold Voice,177164310508715802,Brand Awareness,0,0,0,0,0,0,0,0,0,0,0,0,0,0,0,0,0,0,0,0,0,0,0,0
2026-04-05,In-App Display,Smart Choice Impact Initiative,Metro Region Prospecting Cohort,18477671,Quick Refill Buyers Retention Segment,646997896731110324,Offer Spotlight Bold Voice,714229748030907423,Brand Awareness,0,0,0,0,0,0,0,0,0,0,0,0,0,0,0,0,0,0,0,0,0,0,0,0
2026-04-05,Video Network,Seasonal Select Promo Initiative,South Region Loyalty Cohort,18477671,Health Conscious Buyers Affinity Segment,214912264444439209,Shelf Story Bold Voice,179708298907195796,Brand Awareness,78.12,8972,0,8614,19,55,100,100,61,0,73,55,7937,0,0,0,16,1182,0,0,0,0,0,0
2026-04-05,Affiliate Network,Seasonal Select Promo Initiative,South Region Loyalty Cohort,18477671,Family Planners Lookalike Segment,126631246675685197,Shelf Story Bold Voice,137733057460422322,Brand Awareness,95.11,8676,0,7583,21,50,100,100,71,0,72,57,7897,0,0,0,12,1207,0,0,0,0,0,0
2026-04-05,In-App Display,Seasonal Select Promo Initiative,South Region Loyalty Cohort,18477671,Health Conscious Buyers Affinity Segment,578464150315387801,Shelf Story Bold Voice,111433653579691563,Brand Awareness,98.2,9833,0,9528,29,71,100,100,86,0,85,71,10128,1,0,0,22,1527,0,0,0,0,0,0
2026-04-05,Search Network,Home Essentials Scale Initiative,Metro Region Loyalty Cohort,18477671,Weekend Deal Hunters Interest Segment,964512947946836527,Shelf Story Bold Voice,164648357764320345,Brand Awareness,40.41,35218,0,37527,59,0,0,0,0,0,0,0,0,0,0,0,25,38,0,0,0,0,0,0
2026-04-05,In-App Display,Seasonal Select Promo Initiative,South Region Loyalty Cohort,18477671,Family Planners Lookalike Segment,123115572847900966,Shelf Story Bold Voice,573479972067116302,Brand Awareness,135.59,15297,0,16309,52,92,100,100,100,0,142,122,13400,0,0,0,29,2213,0,0,0,0,0,0
2026-04-05,Shopping Grid,Home Essentials Scale Initiative,Metro Region Loyalty Cohort,18477671,Health Conscious Buyers Interest Segment,781523944803135997,Shelf Story Bold Voice,709931804279098171,Brand Awareness,30.56,24289,0,24320,38,0,0,0,0,0,0,0,0,0,0,0,11,18,0,0,0,0,0,0
2026-04-04,Video Network,Seasonal Select Promo Initiative,Metro Region Prospecting Cohort,18477671,Health Conscious Buyers Interest Segment,170750676294810705,Offer Spotlight Friendly Voice,706049160223199652,Brand Awareness,0,0,0,0,0,0,0,0,0,0,0,0,0,0,0,0,0,0,0,0,0,0,0,0
2026-04-04,Influencer Network,Seasonal Select Promo Initiative,Metro Region Prospecting Cohort,18477671,Quick Refill Buyers Retention Segment,118700227194845773,Offer Spotlight Friendly Voice,970687669375974374,Brand Awareness,0,0,0,0,0,0,0,0,0,0,0,0,0,0,0,0,0,0,0,0,0,0,0,0
2026-04-04,Search Network,Seasonal Select Promo Initiative,Metro Region Prospecting Cohort,18477671,Bulk Buyers Retention Segment,122214934230447492,Offer Spotlight Friendly Voice,320124158856364868,Brand Awareness,0,0,0,0,0,0,0,0,0,0,0,0,0,0,0,0,0,0,0,0,0,0,0,0
2026-04-04,In-App Display,Seasonal Select Promo Initiative,Metro Region Prospecting Cohort,18477671,Bulk Buyers Retention Segment,179120136234556560,Offer Spotlight Friendly Voice,393653446897232522,Brand Awareness,0,0,0,0,0,0,0,0,0,0,0,0,0,0,0,0,0,0,0,0,0,0,0,0
2026-04-04,Social Feed,Smart Choice Impact Initiative,Metro Region Prospecting Cohort,18477671,Health Conscious Buyers Interest Segment,309462229249833153,Offer Spotlight Bold Voice,971530761745705888,Brand Awareness,0,0,0,0,0,0,0,0,0,0,0,0,0,0,0,0,0,0,0,0,0,0,0,0
2026-04-04,Influencer Network,Smart Choice Impact Initiative,Metro Region Prospecting Cohort,18477671,Quick Refill Buyers Retention Segment,149795586205809563,Offer Spotlight Bold Voice,983366482798319920,Brand Awareness,0,0,0,0,0,0,0,0,0,0,0,0,0,0,0,0,0,0,0,0,0,0,0,0
2026-04-04,Influencer Network,Smart Choice Impact Initiative,Metro Region Prospecting Cohort,18477671,Weekend Deal Hunters Interest Segment,742249477248660951,Offer Spotlight Bold Voice,970203510476334435,Brand Awareness,0,0,0,0,0,0,0,0,0,0,0,0,0,0,0,0,0,0,0,0,0,0,0,0
2026-04-04,Shopping Grid,Smart Choice Impact Initiative,Metro Region Prospecting Cohort,18477671,Quick Refill Buyers Retention Segment,646997896731110324,Offer Spotlight Bold Voice,714229748030907423,Brand Awareness,0,0,0,0,0,0,0,0,0,0,0,0,0,0,0,0,0,0,0,0,0,0,0,0
2026-04-04,Display Network,Seasonal Select Promo Initiative,South Region Loyalty Cohort,18477671,Family Planners Lookalike Segment,126631246675685197,Shelf Story Bold Voice,137733057460422322,Brand Awareness,55.93,4532,0,4096,22,44,100,82,50,0,48,47,4824,0,0,0,15,727,0,0,0,0,0,0
2026-04-04,Discovery Network,Seasonal Select Promo Initiative,South Region Loyalty Cohort,18477671,Health Conscious Buyers Affinity Segment,578464150315387801,Shelf Story Bold Voice,111433653579691563,Brand Awareness,79.4,9043,0,7228,41,64,100,100,96,0,100,75,7387,0,0,0,24,1097,0,0,0,0,0,0
2026-04-04,Affiliate Network,Seasonal Select Promo Initiative,South Region Loyalty Cohort,18477671,Family Planners Lookalike Segment,123115572847900966,Shelf Story Bold Voice,573479972067116302,Brand Awareness,134.3,17306,0,12980,42,100,100,100,100,0,156,151,16186,0,0,0,27,1984,0,0,0,0,0,0
2026-04-04,Affiliate Network,Home Essentials Scale Initiative,Metro Region Loyalty Cohort,18477671,Weekend Deal Hunters Interest Segment,964512947946836527,Shelf Story Bold Voice,164648357764320345,Brand Awareness,34.37,25731,0,23174,55,0,0,0,0,0,0,0,0,0,0,0,15,27,0,0,0,0,0,0
2026-04-04,Influencer Network,Seasonal Select Promo Initiative,South Region Loyalty Cohort,18477671,Health Conscious Buyers Affinity Segment,214912264444439209,Shelf Story Bold Voice,179708298907195796,Brand Awareness,72.00,8668,0,7382,16,55,100,100,63,0,70,61,8545,0,0,0,7,1152,0,0,0,0,0,0
2026-04-04,Influencer Network,Home Essentials Scale Initiative,Metro Region Loyalty Cohort,18477671,Health Conscious Buyers Interest Segment,781523944803135997,Shelf Story Bold Voice,709931804279098171,Brand Awareness,33.48,27598,0,31173,67,0,0,0,0,0,0,0,0,0,0,0,14,29,0,0,0,0,0,0
2026-04-03,Influencer Network,Seasonal Select Promo Initiative,Metro Region Prospecting Cohort,18477671,Quick Refill Buyers Retention Segment,745472182311542450,Offer Spotlight Friendly Voice,422735517921899562,Brand Awareness,0,0,0,0,0,0,0,0,0,0,0,0,0,0,0,0,0,0,0,0,0,0,0,0
2026-04-03,Video Network,Seasonal Select Promo Initiative,Metro Region Prospecting Cohort,18477671,Bulk Buyers Retention Segment,122214934230447492,Offer Spotlight Friendly Voice,320124158856364868,Brand Awareness,0,0,0,0,0,0,0,0,0,0,0,0,0,0,0,0,0,0,0,0,0,0,0,0
2026-04-03,Social Feed,Smart Choice Impact Initiative,Metro Region Prospecting Cohort,18477671,Quick Refill Buyers Retention Segment,149795586205809563,Offer Spotlight Bold Voice,983366482798319920,Brand Awareness,0,0,0,0,0,0,0,0,0,0,0,0,0,0,0,0,0,0,0,0,0,0,0,0
2026-04-03,In-App Display,Smart Choice Impact Initiative,Metro Region Prospecting Cohort,18477671,Quick Refill Buyers Retention Segment,646997896731110324,Offer Spotlight Bold Voice,714229748030907423,Brand Awareness,0,0,0,0,0,0,0,0,0,0,0,0,0,0,0,0,0,0,0,0,0,0,0,0
2026-04-03,Influencer Network,Seasonal Select Promo Initiative,South Region Loyalty Cohort,18477671,Health Conscious Buyers Affinity Segment,181728373237737551,Product Reel Warm Voice,169381331001315384,Brand Awareness,0,0,0,0,0,0,0,0,0,0,0,0,0,0,0,0,0,0,0,0,0,0,0,0
2026-04-03,Shopping Grid,Seasonal Select Promo Initiative,South Region Loyalty Cohort,18477671,Health Conscious Buyers Affinity Segment,214912264444439209,Shelf Story Bold Voice,179708298907195796,Brand Awareness,96.30,16139,0,14614,50,96,100,100,100,0,117,109,13443,0,0,0,32,1800,0,0,0,0,0,0
2026-04-03,Shopping Grid,Seasonal Select Promo Initiative,South Region Loyalty Cohort,18477671,Family Planners Lookalike Segment,126631246675685197,Shelf Story Bold Voice,137733057460422322,Brand Awareness,40.84,5513,0,5123,17,43,100,87,52,0,51,45,4770,0,0,0,13,784,0,0,0,0,0,0
2026-04-03,Social Feed,Seasonal Select Promo Initiative,South Region Loyalty Cohort,18477671,Health Conscious Buyers Affinity Segment,578464150315387801,Shelf Story Bold Voice,111433653579691563,Brand Awareness,54.16,7976,0,8485,16,37,100,100,69,0,74,77,6701,0,0,0,13,988,0,0,0,0,0,0
2026-04-03,Marketplace Feed,Seasonal Select Promo Initiative,South Region Loyalty Cohort,18477671,Family Planners Lookalike Segment,123115572847900966,Shelf Story Bold Voice,573479972067116302,Brand Awareness,109.84,17358,0,14387,57,93,100,100,100,0,144,122,14951,0,0,0,28,1767,0,0,0,0,0,0
2026-04-03,Search Network,Home Essentials Scale Initiative,Metro Region Loyalty Cohort,18477671,Weekend Deal Hunters Interest Segment,964512947946836527,Shelf Story Bold Voice,164648357764320345,Brand Awareness,43.90,49759,0,45793,128,0,0,0,0,0,0,0,0,0,0,0,88,78,0,0,0,0,0,0
2026-04-03,Connected TV,Home Essentials Scale Initiative,Metro Region Loyalty Cohort,18477671,Health Conscious Buyers Interest Segment,781523944803135997,Shelf Story Bold Voice,709931804279098171,Brand Awareness,28.58,22341,0,23300,37,0,0,0,0,0,0,0,0,0,0,0,12,13,0,0,0,0,0,0
2026-04-03,Social Feed,Seasonal Select Promo Initiative,Metro Region Prospecting Cohort,18477671,Weekend Deal Hunters Interest Segment,777503242460854785,Offer Spotlight Friendly Voice,855975854661508462,Brand Awareness,0,0,0,0,0,0,0,0,0,0,0,0,0,0,0,0,0,0,0,0,0,0,0,0
2026-04-03,Influencer Network,Smart Choice Impact Initiative,Metro Region Prospecting Cohort,18477671,Health Conscious Buyers Interest Segment,213671905048580753,Offer Spotlight Bold Voice,819173215253302842,Brand Awareness,0,0,0,0,0,0,0,0,0,0,0,0,0,0,0,0,0,0,0,0,0,0,0,0
2026-04-02,In-App Display,Seasonal Select Promo Initiative,Metro Region Prospecting Cohort,18477671,Weekend Deal Hunters Interest Segment,777503242460854785,Offer Spotlight Friendly Voice,855975854661508462,Brand Awareness,0,0,0,0,0,0,0,0,0,0,0,0,0,0,0,0,0,0,0,0,0,0,0,0
2026-04-02,Discovery Network,Seasonal Select Promo Initiative,Metro Region Prospecting Cohort,18477671,Quick Refill Buyers Retention Segment,118700227194845773,Offer Spotlight Friendly Voice,970687669375974374,Brand Awareness,0,0,0,0,0,0,0,0,0,0,0,0,0,0,0,0,0,0,0,0,0,0,0,0
2026-04-02,Discovery Network,Smart Choice Impact Initiative,Metro Region Prospecting Cohort,18477671,Weekend Deal Hunters Interest Segment,844527297588972817,Offer Spotlight Bold Voice,177164310508715802,Brand Awareness,0,0,0,0,0,0,0,0,0,0,0,0,0,0,0,0,0,0,0,0,0,0,0,0
2026-04-02,Search Network,Smart Choice Impact Initiative,Metro Region Prospecting Cohort,18477671,Health Conscious Buyers Interest Segment,309462229249833153,Offer Spotlight Bold Voice,971530761745705888,Brand Awareness,0,0,0,0,0,0,0,0,0,0,0,0,0,0,0,0,0,0,0,0,0,0,0,0
2026-04-02,Affiliate Network,Smart Choice Impact Initiative,Metro Region Prospecting Cohort,18477671,Weekend Deal Hunters Interest Segment,742249477248660951,Offer Spotlight Bold Voice,970203510476334435,Brand Awareness,0,0,0,0,0,0,0,0,0,0,0,0,0,0,0,0,0,0,0,0,0,0,0,0
2026-04-02,Shopping Grid,Smart Choice Impact Initiative,Metro Region Prospecting Cohort,18477671,Health Conscious Buyers Interest Segment,213671905048580753,Offer Spotlight Bold Voice,819173215253302842,Brand Awareness,0,0,0,0,0,0,0,0,0,0,0,0,0,0,0,0,0,0,0,0,0,0,0,0
2026-04-02,Connected TV,Smart Choice Impact Initiative,Metro Region Prospecting Cohort,18477671,Bulk Buyers Retention Segment,106790603103409334,Offer Spotlight Bold Voice,962327906363246011,Brand Awareness,0,0,0,0,0,0,0,0,0,0,0,0,0,0,0,0,0,0,0,0,0,0,0,0
2026-04-02,Connected TV,Smart Choice Impact Initiative,Metro Region Prospecting Cohort,18477671,Quick Refill Buyers Retention Segment,646997896731110324,Offer Spotlight Bold Voice,714229748030907423,Brand Awareness,0,0,0,0,0,0,0,0,0,0,0,0,0,0,0,0,0,0,0,0,0,0,0,0
2026-04-02,Connected TV,Seasonal Select Promo Initiative,South Region Loyalty Cohort,18477671,Health Conscious Buyers Affinity Segment,406504720027476532,Product Reel Warm Voice,159019546597133495,Brand Awareness,30.76,2647,0,2880,8,41,100,95,55,0,37,32,2546,0,0,0,1,357,0,0,0,0,0,0
2026-04-02,Video Network,Seasonal Select Promo Initiative,South Region Loyalty Cohort,18477671,Family Planners Lookalike Segment,125121044579887767,Product Reel Warm Voice,109093500174916785,Brand Awareness,9.20,754,0,629,3,2,57,20,5,0,2,2,663,0,0,0,1,96,0,0,0,0,0,0
2026-04-02,Retail Media Network,Seasonal Select Promo Initiative,South Region Loyalty Cohort,18477671,Health Conscious Buyers Affinity Segment,181728373237737551,Product Reel Warm Voice,169381331001315384,Brand Awareness,231.1,25426,0,19558,73,100,100,100,100,0,305,284,19296,0,0,0,48,2762,0,0,0,0,0,0
2026-04-02,Retail Media Network,Seasonal Select Promo Initiative,South Region Loyalty Cohort,18477671,Family Planners Lookalike Segment,138020455169801306,Product Reel Warm Voice,125134524667250450,Brand Awareness,38.9,3077,0,2527,8,44,100,100,61,0,39,39,2479,0,0,0,5,319,0,0,0,0,0,0
2026-04-02,Retail Media Network,Seasonal Select Promo Initiative,South Region Loyalty Cohort,18477671,Health Conscious Buyers Affinity Segment,214912264444439209,Shelf Story Bold Voice,179708298907195796,Brand Awareness,97.89,15187,0,15777,69,100,100,100,100,0,138,118,13250,1,0,0,47,2337,0,0,0,0,0,0
2026-04-02,In-App Display,Seasonal Select Promo Initiative,South Region Loyalty Cohort,18477671,Family Planners Lookalike Segment,126631246675685197,Shelf Story Bold Voice,137733057460422322,Brand Awareness,32.3,5068,0,4304,18,32,100,75,44,0,41,35,3994,0,0,0,13,606,0,0,0,0,0,0
2026-04-02,Shopping Grid,Seasonal Select Promo Initiative,South Region Loyalty Cohort,18477671,Health Conscious Buyers Affinity Segment,578464150315387801,Shelf Story Bold Voice,111433653579691563,Brand Awareness,74.03,10654,0,10468,45,73,100,100,100,0,104,96,12139,0,0,0,26,1392,0,0,0,0,0,0
2026-04-02,In-App Display,Seasonal Select Promo Initiative,South Region Loyalty Cohort,18477671,Family Planners Lookalike Segment,123115572847900966,Shelf Story Bold Voice,573479972067116302,Brand Awareness,167.7,27089,0,26147,81,100,100,100,100,0,201,217,21669,0,0,0,52,3380,0,0,0,0,0,0
2026-04-02,Shopping Grid,Home Essentials Scale Initiative,Metro Region Loyalty Cohort,18477671,Weekend Deal Hunters Interest Segment,964512947946836527,Shelf Story Bold Voice,164648357764320345,Brand Awareness,24.0,17392,0,21910,36,0,0,0,0,0,0,0,0,0,0,0,12,18,0,0,0,0,0,0
2026-04-02,Influencer Network,Home Essentials Scale Initiative,Metro Region Loyalty Cohort,18477671,Health Conscious Buyers Interest Segment,781523944803135997,Shelf Story Bold Voice,709931804279098171,Brand Awareness,46.88,44809,0,43635,126,0,0,0,0,0,0,0,0,0,0,0,63,79,0,0,0,0,0,0
2026-04-02,Discovery Network,Seasonal Select Promo Initiative,Metro Region Prospecting Cohort,18477671,Bulk Buyers Retention Segment,122214934230447492,Offer Spotlight Friendly Voice,320124158856364868,Brand Awareness,0,0,0,0,0,0,0,0,0,0,0,0,0,0,0,0,0,0,0,0,0,0,0,0
2026-04-01,Retail Media Network,Seasonal Select Promo Initiative,Metro Region Prospecting Cohort,18477671,Health Conscious Buyers Interest Segment,586410819309381144,Offer Spotlight Friendly Voice,137559156149801360,Brand Awareness,0,0,0,0,0,0,0,0,0,0,0,0,0,0,0,0,0,0,0,0,0,0,0,0
2026-04-01,Shopping Grid,Seasonal Select Promo Initiative,Metro Region Prospecting Cohort,18477671,Weekend Deal Hunters Interest Segment,777503242460854785,Offer Spotlight Friendly Voice,855975854661508462,Brand Awareness,0,0,0,0,0,0,0,0,0,0,0,0,0,0,0,0,0,0,0,0,0,0,0,0
2026-04-01,Shopping Grid,Seasonal Select Promo Initiative,Metro Region Prospecting Cohort,18477671,Quick Refill Buyers Retention Segment,118700227194845773,Offer Spotlight Friendly Voice,970687669375974374,Brand Awareness,0,0,0,0,0,0,0,0,0,0,0,0,0,0,0,0,0,0,0,0,0,0,0,0
2026-04-01,Retail Media Network,Seasonal Select Promo Initiative,Metro Region Prospecting Cohort,18477671,Bulk Buyers Retention Segment,122214934230447492,Offer Spotlight Friendly Voice,320124158856364868,Brand Awareness,0,0,0,0,0,0,0,0,0,0,0,0,0,0,0,0,0,0,0,0,0,0,0,0
2026-04-01,Search Network,Seasonal Select Promo Initiative,Metro Region Prospecting Cohort,18477671,Bulk Buyers Retention Segment,179120136234556560,Offer Spotlight Friendly Voice,393653446897232522,Brand Awareness,0,0,0,0,0,0,0,0,0,0,0,0,0,0,0,0,0,0,0,0,0,0,0,0
2026-04-01,Social Feed,Smart Choice Impact Initiative,Metro Region Prospecting Cohort,18477671,Health Conscious Buyers Interest Segment,309462229249833153,Offer Spotlight Bold Voice,971530761745705888,Brand Awareness,0,0,0,0,0,0,0,0,0,0,0,0,0,0,0,0,0,0,0,0,0,0,0,0
2026-04-01,Video Network,Smart Choice Impact Initiative,Metro Region Prospecting Cohort,18477671,Weekend Deal Hunters Interest Segment,844527297588972817,Offer Spotlight Bold Voice,177164310508715802,Brand Awareness,0,0,0,0,0,0,0,0,0,0,0,0,0,0,0,0,0,0,0,0,0,0,0,0
2026-04-01,Influencer Network,Smart Choice Impact Initiative,Metro Region Prospecting Cohort,18477671,Weekend Deal Hunters Interest Segment,742249477248660951,Offer Spotlight Bold Voice,970203510476334435,Brand Awareness,0,0,0,0,0,0,0,0,0,0,0,0,0,0,0,0,0,0,0,0,0,0,0,0
2026-04-01,Influencer Network,Smart Choice Impact Initiative,Metro Region Prospecting Cohort,18477671,Bulk Buyers Retention Segment,106790603103409334,Offer Spotlight Bold Voice,962327906363246011,Brand Awareness,0,0,0,0,0,0,0,0,0,0,0,0,0,0,0,0,0,0,0,0,0,0,0,0
2026-04-01,Retail Media Network,Smart Choice Impact Initiative,Metro Region Prospecting Cohort,18477671,Quick Refill Buyers Retention Segment,646997896731110324,Offer Spotlight Bold Voice,714229748030907423,Brand Awareness,0,0,0,0,0,0,0,0,0,0,0,0,0,0,0,0,0,0,0,0,0,0,0,0
2026-04-01,Shopping Grid,Smart Choice Impact Initiative,Metro Region Prospecting Cohort,18477671,Weekend Deal Hunters Interest Segment,933804548941331824,Shelf Story Warm Voice,170409686879112303,Brand Awareness,0,0,0,0,0,0,0,0,0,0,0,0,0,0,0,0,0,0,0,0,0,0,0,0
2026-04-01,Discovery Network,Smart Choice Impact Initiative,Metro Region Prospecting Cohort,18477671,Health Conscious Buyers Interest Segment,100317331626120824,Shelf Story Warm Voice,144534916749831700,Brand Awareness,0,0,0,0,0,0,0,0,0,0,0,0,0,0,0,0,0,0,0,0,0,0,0,0
2026-04-01,Affiliate Network,Seasonal Select Promo Initiative,South Region Loyalty Cohort,18477671,Health Conscious Buyers Affinity Segment,406504720027476532,Product Reel Warm Voice,159019546597133495,Brand Awareness,25.08,2154,0,2186,9,22,100,65,37,0,21,21,2033,0,0,0,3,265,0,0,0,0,0,0
2026-04-01,Display Network,Seasonal Select Promo Initiative,South Region Loyalty Cohort,18477671,Family Planners Lookalike Segment,125121044579887767,Product Reel Warm Voice,109093500174916785,Brand Awareness,10.96,732,0,677,1,11,51,18,11,0,10,9,652,0,0,0,1,94,0,0,0,0,0,0
2026-04-01,Retail Media Network,Seasonal Select Promo Initiative,South Region Loyalty Cohort,18477671,Health Conscious Buyers Affinity Segment,181728373237737551,Product Reel Warm Voice,169381331001315384,Brand Awareness,289.26,23405,0,23727,90,100,100,100,100,0,369,330,26366,0,0,0,53,3595,0,0,0,0,0,0
2026-04-01,Marketplace Feed,Seasonal Select Promo Initiative,South Region Loyalty Cohort,18477671,Family Planners Lookalike Segment,138020455169801306,Product Reel Warm Voice,125134524667250450,Brand Awareness,42.71,3550,0,3116,10,34,100,92,60,0,34,33,3189,0,0,0,7,434,0,0,0,0,0,0
2026-04-01,Discovery Network,Seasonal Select Promo Initiative,South Region Loyalty Cohort,18477671,Health Conscious Buyers Affinity Segment,214912264444439209,Shelf Story Bold Voice,179708298907195796,Brand Awareness,84.16,14775,0,14758,44,95,100,100,100,0,116,97,13858,0,0,0,34,1859,0,0,0,0,0,0
2026-04-01,Influencer Network,Seasonal Select Promo Initiative,South Region Loyalty Cohort,18477671,Family Planners Lookalike Segment,126631246675685197,Shelf Story Bold Voice,137733057460422322,Brand Awareness,45.21,7316,0,7470,31,75,100,100,96,0,97,82,6022,0,0,0,20,942,0,0,0,0,0,0
2026-04-01,Video Network,Seasonal Select Promo Initiative,South Region Loyalty Cohort,18477671,Health Conscious Buyers Affinity Segment,578464150315387801,Shelf Story Bold Voice,111433653579691563,Brand Awareness,21.18,3821,0,3944,17,31,100,90,39,0,45,35,3200,0,0,0,11,678,0,0,0,0,0,0
2026-04-01,Marketplace Feed,Seasonal Select Promo Initiative,South Region Loyalty Cohort,18477671,Family Planners Lookalike Segment,123115572847900966,Shelf Story Bold Voice,573479972067116302,Brand Awareness,187,34214,0,32195,127,100,100,100,100,0,328,304,35391,0,0,0,72,4646,0,0,0,0,0,0
2026-04-01,In-App Display,Home Essentials Scale Initiative,Metro Region Loyalty Cohort,18477671,Weekend Deal Hunters Interest Segment,964512947946836527,Shelf Story Bold Voice,164648357764320345,Brand Awareness,15.29,17835,0,22108,37,0,0,0,0,0,0,0,0,0,0,0,16,17,0,0,0,0,0,0
2026-04-01,Affiliate Network,Seasonal Select Promo Initiative,Metro Region Prospecting Cohort,18477671,Health Conscious Buyers Interest Segment,170750676294810705,Offer Spotlight Friendly Voice,706049160223199652,Brand Awareness,0,0,0,0,0,0,0,0,0,0,0,0,0,0,0,0,0,0,0,0,0,0,0,0
2026-04-01,In-App Display,Smart Choice Impact Initiative,Metro Region Prospecting Cohort,18477671,Health Conscious Buyers Interest Segment,213671905048580753,Offer Spotlight Bold Voice,819173215253302842,Brand Awareness,0,0,0,0,0,0,0,0,0,0,0,0,0,0,0,0,0,0,0,0,0,0,0,0
2026-04-01,Display Network,Home Essentials Scale Initiative,Metro Region Loyalty Cohort,18477671,Health Conscious Buyers Interest Segment,781523944803135997,Shelf Story Bold Voice,709931804279098171,Brand Awareness,33.91,33406,0,37781,46,0,0,0,0,0,0,0,0,0,0,0,12,25,0,0,0,0,0,0
2026-04-01,Search Network,Seasonal Select Promo Initiative,Metro Region Prospecting Cohort,18477671,Weekend Deal Hunters Interest Segment,163792930881276004,Offer Spotlight Friendly Voice,152929657559342011,Brand Awareness,0,0,0,0,0,0,0,0,0,0,0,0,0,0,0,0,0,0,0,0,0,0,0,0
2026-04-30,Display Network,Home Essentials Scale Initiative,Metro Region Prospecting Cohort,86057605,Family Planners Interest Segment,2052479131570920,Price Drop Cut Direct Voice,1293082123821342,Brand Awareness,0,0,0,0,0,0,0,0,0,0,0,0,0,0,0,0,0,0,0,0,0,0,0,0
2026-04-30,Influencer Network,Family Pantry Retention Initiative,Metro Region Loyalty Cohort,86057605,Health Conscious Buyers Retention Segment,3498408274906447,Shelf Story Warm Voice,8734198326451158,Brand Awareness,1.46,262,0,240,8,1,2,2,1,11,9,0,0,0,0,0,0,16,5.47,0,0,0,239,0
2026-04-30,Social Feed,Home Essentials Promo Initiative,Metro Region Loyalty Cohort,86057605,Family Planners Lookalike Segment,1651621344407030,Shelf Story Bold Voice,1041287863438891,Catalog Engagement,109.90,17006,0,19946,65,100,100,100,100,3073,2377,0,0,1,0,407,0,392,1.96,0,8,0,17984,0
2026-04-30,Display Network,Home Essentials Scale Initiative,Metro Region Prospecting Cohort,86057605,Family Planners Interest Segment,2052479131570920,Promo Banner Friendly Voice,7057211523700123,Brand Awareness,0,0,0,0,0,0,0,0,0,0,0,0,0,0,0,0,0,0,0,0,0,0,0,0
2026-04-30,Search Network,Family Pantry Retention Initiative,Metro Region Conversion Cohort,38881639,Family Planners Lookalike Segment,1010331617086390,Shelf Story Warm Voice,1022962676348579,Brand Awareness,0,0,0,0,0,0,0,0,0,0,0,0,0,0,0,0,0,0,0,0,0,0,0,0
2026-04-30,In-App Display,Home Essentials Promo Initiative,Metro Region Loyalty Cohort,86057605,Health Conscious Buyers Interest Segment,1547932434152739,Shelf Story Bold Voice,1607803194966386,Catalog Engagement,49.13,8015,0,9286,31,100,100,100,100,1225,1031,0,0,0,0,198,0,171,2.12,1,2,0,8271,0
2026-04-30,Retail Media Network,Family Pantry Retention Initiative,Metro Region Loyalty Cohort,86057605,Family Planners Lookalike Segment,1541980607257120,Shelf Story Warm Voice,1227821280716912,Brand Awareness,72.21,17849,0,14901,489,27,100,73,35,309,294,0,0,0,0,19,0,704,4.28,0,3,0,14018,0
2026-04-30,Social Feed,Home Essentials Scale Initiative,Metro Region Prospecting Cohort,86057605,Family Planners Interest Segment,2052479131570920,Price Drop Cut Value Voice,1337311684616332,Brand Awareness,0,0,0,0,0,0,0,0,0,0,0,0,0,0,0,0,0,0,0,0,0,0,0,0
2026-04-30,Social Feed,Family Pantry Retention Initiative,Metro Region Prospecting Cohort,86057605,Health Conscious Buyers Retention Segment,1345308351935222,Shelf Story Warm Voice,1784605528875708,Brand Awareness,0,0,0,0,0,0,0,0,0,0,0,0,0,0,0,0,0,0,0,0,0,0,0,0
2026-04-30,Influencer Network,Home Essentials Promo Initiative,Metro Region Loyalty Cohort,86057605,Health Conscious Buyers Retention Segment,1018813487171322,Shelf Story Bold Voice,1511733591384906,Catalog Engagement,4.18,569,0,615,4,65,100,100,100,96,83,0,0,0,0,6,0,10,1.5,0,0,0,517,0
2026-04-30,Discovery Network,Home Essentials Scale Initiative,Metro Region Prospecting Cohort,86057605,Family Planners Interest Segment,2052479131570920,Product Reel Bold Voice,8230132190292546,Brand Awareness,0,0,0,0,0,0,0,0,0,0,0,0,0,0,0,0,0,0,0,0,0,0,0,0
2026-04-30,Search Network,Family Pantry Retention Initiative,Metro Region Loyalty Cohort,86057605,Health Conscious Buyers Interest Segment,1317849022166581,Shelf Story Warm Voice,4835139745633214,Brand Awareness,46.82,9912,0,8919,378,30,100,56,43,304,234,0,0,0,0,6,0,439,3.98,0,0,0,10077,0
2026-04-29,Display Network,Family Pantry Retention Initiative,Metro Region Prospecting Cohort,86057605,Health Conscious Buyers Interest Segment,4038732375076011,Product Reel Warm Voice,5024232539393398,Brand Awareness,0,0,0,0,0,0,0,0,0,0,0,0,0,0,0,0,0,0,0,0,0,0,0,0
2026-04-29,Shopping Grid,Family Pantry Retention Initiative,Metro Region Conversion Cohort,38881639,Family Planners Lookalike Segment,1010331617086390,Shelf Story Warm Voice,1022962676348579,Brand Awareness,0,0,0,0,0,0,0,0,0,0,0,0,0,0,0,0,0,0,0,0,0,0,0,0
2026-04-29,Search Network,Home Essentials Scale Initiative,Metro Region Prospecting Cohort,86057605,Family Planners Interest Segment,2052479131570920,Promo Banner Friendly Voice,7057211523700123,Brand Awareness,0,0,0,0,0,0,0,0,0,0,0,0,0,0,0,0,0,0,0,0,0,0,0,0
2026-04-29,In-App Display,Family Pantry Retention Initiative,Metro Region Loyalty Cohort,86057605,Family Planners Lookalike Segment,1541980607257120,Shelf Story Warm Voice,1227821280716912,Brand Awareness,54.36,16353,0,14435,422,34,100,56,39,321,257,0,0,0,0,18,0,728,4.52,0,2,0,15052,0
2026-04-29,Discovery Network,Family Pantry Retention Initiative,Metro Region Prospecting Cohort,86057605,Health Conscious Buyers Interest Segment,4038732375076011,Price Drop Cut Value Voice,5368036527923125,Brand Awareness,0,0,0,0,0,0,0,0,0,0,0,0,0,0,0,0,0,0,0,0,0,0,0,0
2026-04-29,Connected TV,Home Essentials Promo Initiative,Metro Region Loyalty Cohort,86057605,Health Conscious Buyers Retention Segment,1018813487171322,Shelf Story Bold Voice,1511733591384906,Catalog Engagement,4.02,516,0,580,1,86,100,100,100,115,82,0,0,0,0,3,0,3,0.6,0,0,0,548,0
2026-04-29,Video Network,Home Essentials Scale Initiative,Metro Region Prospecting Cohort,86057605,Family Planners Interest Segment,2052479131570920,Product Reel Warm Voice,1464656530089556,Brand Awareness,0,0,0,0,0,0,0,0,0,0,0,0,0,0,0,0,0,0,0,0,0,0,0,0
2026-04-29,Retail Media Network,Home Essentials Scale Initiative,Metro Region Prospecting Cohort,86057605,Family Planners Interest Segment,2052479131570920,Price Drop Cut Value Voice,1450690616595384,Brand Awareness,0,0,0,0,0,0,0,0,0,0,0,0,0,0,0,0,0,0,0,0,0,0,0,0
2026-04-29,Retail Media Network,Family Pantry Retention Initiative,Metro Region Loyalty Cohort,86057605,Health Conscious Buyers Interest Segment,1317849022166581,Shelf Story Warm Voice,4835139745633214,Brand Awareness,44.43,8691,0,8371,339,14,91,38,20,270,193,0,0,0,0,10,0,505,6.43,0,1,0,8501,0
2026-04-29,Affiliate Network,Home Essentials Promo Initiative,Metro Region Loyalty Cohort,86057605,Family Planners Lookalike Segment,1651621344407030,Shelf Story Bold Voice,1041287863438891,Catalog Engagement,108.19,22037,0,25486,93,100,100,100,100,3013,2908,0,0,1,0,383,0,397,1.47,0,7,0,25184,0
2026-04-29,In-App Display,Family Pantry Retention Initiative,Metro Region Loyalty Cohort,86057605,Health Conscious Buyers Retention Segment,3498408274906447,Shelf Story Warm Voice,8734198326451158,Brand Awareness,1.03,176,0,186,7,0,4,0,0,5,5,0,0,0,0,0,0,8,5.17,0,0,0,170,0
2026-04-29,Discovery Network,Home Essentials Promo Initiative,Metro Region Loyalty Cohort,86057605,Health Conscious Buyers Interest Segment,1547932434152739,Shelf Story Bold Voice,1607803194966386,Catalog Engagement,63.91,12648,0,12856,47,100,100,100,100,1819,1545,0,0,2,0,336,0,328,2.35,0,4,0,13253,0
2026-04-28,Search Network,Home Essentials Scale Initiative,Metro Region Prospecting Cohort,86057605,Family Planners Interest Segment,2052479131570920,Shelf Story Bold Voice,1037070944576843,Brand Awareness,0,0,0,0,0,0,0,0,0,0,0,0,0,0,0,0,0,0,0,0,0,0,0,0
2026-04-28,Video Network,Family Pantry Retention Initiative,Metro Region Loyalty Cohort,86057605,Health Conscious Buyers Interest Segment,1317849022166581,Shelf Story Warm Voice,4835139745633214,Brand Awareness,33.82,5320,0,5508,218,14,84,29,19,161,127,0,0,0,0,5,0,278,4.60,0,0,0,6361,0
2026-04-28,In-App Display,Home Essentials Scale Initiative,Metro Region Prospecting Cohort,86057605,Family Planners Interest Segment,2052479131570920,Shelf Story Bold Voice,1642534966349722,Brand Awareness,0,0,0,0,0,0,0,0,0,0,0,0,0,0,0,0,0,0,0,0,0,0,0,0
2026-04-28,Discovery Network,Family Pantry Retention Initiative,Metro Region Prospecting Cohort,86057605,Health Conscious Buyers Affinity Segment,1135622965987651,Product Reel Warm Voice,1149004867408980,Brand Awareness,0,0,0,0,0,0,0,0,0,0,0,0,0,0,0,0,0,0,0,0,0,0,0,0
2026-04-28,In-App Display,Family Pantry Retention Initiative,Metro Region Loyalty Cohort,86057605,Health Conscious Buyers Retention Segment,3498408274906447,Shelf Story Warm Voice,8734198326451158,Brand Awareness,8.4,1315,0,1305,48,8,29,9,9,45,43,0,0,0,0,2,0,74,4.33,0,0,0,1405,0
2026-04-28,Social Feed,Home Essentials Scale Initiative,Metro Region Prospecting Cohort,86057605,Family Planners Interest Segment,2052479131570920,Shelf Story Warm Voice,1431189176757496,Brand Awareness,0,0,0,0,0,0,0,0,0,0,0,0,0,0,0,0,0,0,0,0,0,0,0,0
2026-04-28,Marketplace Feed,Home Essentials Scale Initiative,Metro Region Prospecting Cohort,86057605,Family Planners Interest Segment,2052479131570920,Promo Banner Friendly Voice,7057211523700123,Brand Awareness,0,0,0,0,0,0,0,0,0,0,0,0,0,0,0,0,0,0,0,0,0,0,0,0
2026-04-28,Influencer Network,Family Pantry Retention Initiative,Metro Region Conversion Cohort,38881639,Family Planners Lookalike Segment,1010331617086390,Shelf Story Warm Voice,1022962676348579,Brand Awareness,0,0,0,0,0,0,0,0,0,0,0,0,0,0,0,0,0,0,0,0,0,0,0,0
2026-04-28,Social Feed,Family Pantry Retention Initiative,Metro Region Loyalty Cohort,86057605,Family Planners Lookalike Segment,1541980607257120,Shelf Story Warm Voice,1227821280716912,Brand Awareness,64.70,14822,0,14320,411,48,100,82,58,420,345,0,0,0,0,29,0,628,3.67,0,1,0,14420,0
2026-04-27,Display Network,Seasonal Select Promo Initiative,Metro Region Prospecting Cohort,86057605,Family Planners Affinity Segment,8367846490627350,Shelf Story Warm Voice,1521118647743483,Brand Awareness,0,0,0,0,0,0,0,0,0,0,0,0,0,0,0,0,0,0,0,0,0,0,0,0
2026-04-27,Influencer Network,Family Pantry Retention Initiative,Metro Region Loyalty Cohort,86057605,Family Planners Lookalike Segment,1541980607257120,Shelf Story Warm Voice,1227821280716912,Brand Awareness,53.96,18052,0,15594,371,52,100,78,60,325,261,0,0,0,0,20,0,642,3.25,0,3,0,16792,0
2026-04-27,Social Feed,Family Pantry Retention Initiative,Metro Region Loyalty Cohort,86057605,Health Conscious Buyers Retention Segment,3498408274906447,Shelf Story Warm Voice,8734198326451158,Brand Awareness,18.50,3227,0,2630,105,8,58,17,10,98,92,0,0,0,0,5,0,181,5.53,0,1,0,2808,0
2026-04-27,Affiliate Network,Family Pantry Retention Initiative,Metro Region Loyalty Cohort,86057605,Health Conscious Buyers Interest Segment,1317849022166581,Shelf Story Warm Voice,4835139745633214,Brand Awareness,33.47,8404,0,8646,236,27,100,41,29,166,146,0,0,0,0,5,0,293,3.95,0,0,0,8215,0
2026-04-27,Display Network,Family Pantry Retention Initiative,Metro Region Prospecting Cohort,86057605,Health Conscious Buyers Interest Segment,4038732375076011,Shelf Story Warm Voice,6837754902553756,Brand Awareness,0,0,0,0,0,0,0,0,0,0,0,0,0,0,0,0,0,0,0,0,0,0,0,0
2026-04-27,Display Network,Home Essentials Scale Initiative,Metro Region Prospecting Cohort,86057605,Family Planners Interest Segment,2052479131570920,Shelf Story Warm Voice,6668703011220466,Brand Awareness,0,0,0,0,0,0,0,0,0,0,0,0,0,0,0,0,0,0,0,0,0,0,0,0
2026-04-27,Shopping Grid,Seasonal Select Promo Initiative,Metro Region Prospecting Cohort,86057605,Family Planners Affinity Segment,8367846490627350,Price Drop Cut Value Voice,5563277853788674,Brand Awareness,0,0,0,0,0,0,0,0,0,0,0,0,0,0,0,0,0,0,0,0,0,0,0,0
2026-04-27,Video Network,Family Pantry Retention Initiative,Metro Region Conversion Cohort,44948390,Bulk Buyers Retention Segment,1517535631787237,Shelf Story Warm Voice,1608962313224222,Catalog Engagement,0,0,0,0,0,0,0,0,0,0,0,0,0,0,0,0,0,0,0,0,0,0,0,0
2026-04-26,Marketplace Feed,Seasonal Select Promo Initiative,Metro Region Prospecting Cohort,86057605,Health Conscious Buyers Affinity Segment,1583198464464326,Price Drop Cut Direct Voice,1008360782524529,Brand Awareness,0,0,0,0,0,0,0,0,0,0,0,0,0,0,0,0,0,0,0,0,0,0,0,0
2026-04-26,Marketplace Feed,Home Essentials Scale Initiative,Metro Region Prospecting Cohort,86057605,Family Planners Interest Segment,2052479131570920,Shelf Story Bold Voice,1037070944576843,Brand Awareness,0,0,0,0,0,0,0,0,0,0,0,0,0,0,0,0,0,0,0,0,0,0,0,0
2026-04-26,In-App Display,Home Essentials Scale Initiative,Metro Region Prospecting Cohort,86057605,Family Planners Interest Segment,2052479131570920,Shelf Story Bold Voice,1642534966349722,Brand Awareness,0,0,0,0,0,0,0,0,0,0,0,0,0,0,0,0,0,0,0,0,0,0,0,0
2026-04-26,Affiliate Network,Home Essentials Scale Initiative,Central Region Loyalty Cohort,86057605,Family Planners Interest Segment,1350970894496714,Price Drop Cut Direct Voice,1524894842862814,Brand Awareness,0,0,0,0,0,0,0,0,0,0,0,0,0,0,0,0,0,0,0,0,0,0,0,0
2026-04-26,Display Network,Home Essentials Scale Initiative,Metro Region Prospecting Cohort,86057605,Family Planners Interest Segment,2052479131570920,Price Drop Cut Value Voice,1337311684616332,Brand Awareness,0,0,0,0,0,0,0,0,0,0,0,0,0,0,0,0,0,0,0,0,0,0,0,0
2026-04-26,Discovery Network,Home Essentials Promo Initiative,Metro Region Loyalty Cohort,38881639,Family Planners Lookalike Segment,8962004814279482,Shelf Story Value Voice,1020691786654074,Brand Awareness,0,0,0,0,0,0,0,0,0,0,0,0,0,0,0,0,0,0,0,0,0,0,0,0
2026-04-26,Affiliate Network,Family Pantry Retention Initiative,Metro Region Loyalty Cohort,86057605,Family Planners Lookalike Segment,1541980607257120,Shelf Story Warm Voice,1227821280716912,Brand Awareness,61.53,16523,0,16152,491,37,100,95,50,342,326,0,0,1,0,28,0,663,3.65,0,1,0,14980,0
2026-04-26,Search Network,Home Essentials Promo Initiative,Metro Region Loyalty Cohort,38881639,Family Planners Affinity Segment,9796551807596128,Shelf Story Value Voice,1801846621914108,Brand Awareness,0,0,0,0,0,0,0,0,0,0,0,0,0,0,0,0,0,0,0,0,0,0,0,0
2026-04-26,Affiliate Network,Home Essentials Scale Initiative,Metro Region Prospecting Cohort,86057605,Family Planners Interest Segment,2052479131570920,Product Reel Warm Voice,1464656530089556,Brand Awareness,0,0,0,0,0,0,0,0,0,0,0,0,0,0,0,0,0,0,0,0,0,0,0,0
2026-04-26,Discovery Network,Family Pantry Retention Initiative,Metro Region Conversion Cohort,38881639,Family Planners Lookalike Segment,1010331617086390,Shelf Story Warm Voice,1022962676348579,Brand Awareness,0,0,0,0,0,0,0,0,0,0,0,0,0,0,0,0,0,0,0,0,0,0,0,0
2026-04-26,Display Network,Family Pantry Retention Initiative,Metro Region Loyalty Cohort,86057605,Health Conscious Buyers Interest Segment,1317849022166581,Shelf Story Warm Voice,4835139745633214,Brand Awareness,33.39,7352,0,8227,223,24,100,43,29,193,151,0,0,0,0,7,0,346,4.49,0,1,0,8143,0
2026-04-26,Display Network,Home Essentials Scale Initiative,Metro Region Prospecting Cohort,86057605,Family Planners Interest Segment,2052479131570920,Shelf Story Warm Voice,1431189176757496,Brand Awareness,0,0,0,0,0,0,0,0,0,0,0,0,0,0,0,0,0,0,0,0,0,0,0,0
2026-04-26,Social Feed,Family Pantry Retention Initiative,Metro Region Loyalty Cohort,86057605,Health Conscious Buyers Retention Segment,3498408274906447,Shelf Story Warm Voice,8734198326451158,Brand Awareness,14.78,1704,0,1683,87,8,39,16,10,71,55,0,0,0,0,2,0,137,7.03,0,1,0,1859,0
2026-04-25,Marketplace Feed,Seasonal Select Promo Initiative,Metro Region Prospecting Cohort,86057605,Family Planners Affinity Segment,8367846490627350,Promo Banner Friendly Voice,1307552757281973,Brand Awareness,0,0,0,0,0,0,0,0,0,0,0,0,0,0,0,0,0,0,0,0,0,0,0,0
2026-04-25,Shopping Grid,Home Essentials Scale Initiative,Metro Region Prospecting Cohort,86057605,Family Planners Interest Segment,2052479131570920,Price Drop Cut Direct Voice,7324105902810892,Brand Awareness,0,0,0,0,0,0,0,0,0,0,0,0,0,0,0,0,0,0,0,0,0,0,0,0
2026-04-25,Connected TV,Family Pantry Retention Initiative,Metro Region Prospecting Cohort,86057605,Health Conscious Buyers Affinity Segment,1135622965987651,Price Drop Cut Direct Voice,1738411410074119,Brand Awareness,0,0,0,0,0,0,0,0,0,0,0,0,0,0,0,0,0,0,0,0,0,0,0,0
2026-04-25,In-App Display,Family Pantry Retention Initiative,Metro Region Loyalty Cohort,86057605,Health Conscious Buyers Interest Segment,1317849022166581,Shelf Story Warm Voice,4835139745633214,Brand Awareness,29.46,7921,0,7037,208,19,93,38,26,187,128,0,0,0,0,8,0,362,4.34,0,1,0,7323,0
2026-04-25,Discovery Network,Family Pantry Retention Initiative,Metro Region Loyalty Cohort,86057605,Family Planners Lookalike Segment,1541980607257120,Shelf Story Warm Voice,1227821280716912,Brand Awareness,82.61,16439,0,15618,488,41,100,89,53,379,308,0,0,0,0,32,0,841,4.23,0,4,0,18290,0
2026-04-25,Social Feed,Home Essentials Scale Initiative,Metro Region Prospecting Cohort,86057605,Family Planners Interest Segment,2052479131570920,Shelf Story Warm Voice,6668703011220466,Brand Awareness,0,0,0,0,0,0,0,0,0,0,0,0,0,0,0,0,0,0,0,0,0,0,0,0
2026-04-25,Discovery Network,Family Pantry Retention Initiative,Metro Region Loyalty Cohort,86057605,Health Conscious Buyers Retention Segment,3498408274906447,Shelf Story Warm Voice,8734198326451158,Brand Awareness,6.52,982,0,995,38,5,18,6,4,31,27,0,0,0,0,3,0,63,6.08,0,0,0,1056,0
2026-04-25,Marketplace Feed,Family Pantry Retention Initiative,Metro Region Prospecting Cohort,86057605,Health Conscious Buyers Retention Segment,1345308351935222,Product Reel Bold Voice,3103965387610382,Brand Awareness,0,0,0,0,0,0,0,0,0,0,0,0,0,0,0,0,0,0,0,0,0,0,0,0
2026-04-25,Affiliate Network,Family Pantry Retention Initiative,Metro Region Prospecting Cohort,86057605,Health Conscious Buyers Interest Segment,4038732375076011,Price Drop Cut Direct Voice,1621355325413800,Brand Awareness,0,0,0,0,0,0,0,0,0,0,0,0,0,0,0,0,0,0,0,0,0,0,0,0
2026-04-24,Retail Media Network,Seasonal Select Promo Initiative,Metro Region Prospecting Cohort,86057605,Health Conscious Buyers Affinity Segment,1583198464464326,Shelf Story Warm Voice,8184969027502042,Brand Awareness,0,0,0,0,0,0,0,0,0,0,0,0,0,0,0,0,0,0,0,0,0,0,0,0
2026-04-24,Social Feed,Home Essentials Scale Initiative,Metro Region Prospecting Cohort,86057605,Family Planners Interest Segment,2052479131570920,Shelf Story Warm Voice,1431189176757496,Brand Awareness,0,0,0,0,0,0,0,0,0,0,0,0,0,0,0,0,0,0,0,0,0,0,0,0
2026-04-24,Marketplace Feed,Weekend Saver Retention Initiative,Metro Region Conversion Cohort,44948390,Family Planners Interest Segment,1394673896902429,Offer Spotlight Warm Voice,2577836288304446,Brand Awareness,0,0,0,0,0,0,0,0,0,0,0,0,0,0,0,0,0,0,0,0,0,0,0,0
2026-04-24,In-App Display,Family Pantry Retention Initiative,Metro Region Loyalty Cohort,86057605,Family Planners Lookalike Segment,1541980607257120,Shelf Story Warm Voice,1227821280716912,Brand Awareness,83.77,16366,0,14844,579,35,100,80,58,458,334,0,0,0,0,26,0,862,5.32,0,2,0,15947,0
2026-04-24,Connected TV,Family Pantry Retention Initiative,Metro Region Prospecting Cohort,86057605,Health Conscious Buyers Affinity Segment,1135622965987651,Product Reel Bold Voice,8953408766836705,Brand Awareness,0,0,0,0,0,0,0,0,0,0,0,0,0,0,0,0,0,0,0,0,0,0,0,0
2026-04-24,Search Network,Home Essentials Promo Initiative,Metro Region Conversion Cohort,44948390,Quick Refill Buyers Retention Segment,1899712342036110,Shelf Story Warm Voice,8585579191193727,Brand Awareness,0,0,0,0,0,0,0,0,0,0,0,0,0,0,0,0,0,0,0,0,0,0,0,0
2026-04-24,Display Network,Family Pantry Retention Initiative,Metro Region Conversion Cohort,38881639,Family Planners Lookalike Segment,1010331617086390,Shelf Story Warm Voice,1022962676348579,Brand Awareness,0,0,0,0,0,0,0,0,0,0,0,0,0,0,0,0,0,0,0,0,0,0,0,0
2026-04-24,Social Feed,Family Pantry Retention Initiative,Metro Region Loyalty Cohort,86057605,Health Conscious Buyers Retention Segment,3498408274906447,Shelf Story Warm Voice,8734198326451158,Brand Awareness,7.91,1214,0,1149,46,7,42,15,14,47,36,0,0,0,0,1,0,61,4.91,0,0,0,1256,0
2026-04-24,Video Network,Family Pantry Retention Initiative,Metro Region Loyalty Cohort,86057605,Health Conscious Buyers Interest Segment,1317849022166581,Shelf Story Warm Voice,4835139745633214,Brand Awareness,32.25,8980,0,7632,199,26,100,66,38,208,148,0,0,0,0,21,0,316,3.97,1,1,0,8707,0
2026-04-24,Shopping Grid,Family Pantry Retention Initiative,Metro Region Prospecting Cohort,86057605,Health Conscious Buyers Interest Segment,4038732375076011,Product Reel Warm Voice,5024232539393398,Brand Awareness,0,0,0,0,0,0,0,0,0,0,0,0,0,0,0,0,0,0,0,0,0,0,0,0
2026-04-24,Influencer Network,Weekend Saver Retention Initiative,Metro Region Conversion Cohort,44948390,Family Planners Interest Segment,1394673896902429,Collection Showcase Warm Voice,1465857572073203,Brand Awareness,0,0,0,0,0,0,0,0,0,0,0,0,0,0,0,0,0,0,0,0,0,0,0,0
2026-04-24,Affiliate Network,Family Pantry Retention Initiative,Metro Region Prospecting Cohort,86057605,Health Conscious Buyers Interest Segment,4038732375076011,Price Drop Cut Direct Voice,7463263725071030,Brand Awareness,0,0,0,0,0,0,0,0,0,0,0,0,0,0,0,0,0,0,0,0,0,0,0,0
2026-04-23,Shopping Grid,Family Pantry Retention Initiative,Metro Region Prospecting Cohort,86057605,Health Conscious Buyers Affinity Segment,1135622965987651,Price Drop Cut Value Voice,1665013466361043,Brand Awareness,0,0,0,0,0,0,0,0,0,0,0,0,0,0,0,0,0,0,0,0,0,0,0,0
2026-04-23,In-App Display,Family Pantry Retention Initiative,Metro Region Conversion Cohort,38881639,Family Planners Lookalike Segment,1010331617086390,Shelf Story Warm Voice,1022962676348579,Brand Awareness,0,0,0,0,0,0,0,0,0,0,0,0,0,0,0,0,0,0,0,0,0,0,0,0
2026-04-23,Influencer Network,Family Pantry Retention Initiative,Metro Region Prospecting Cohort,86057605,Health Conscious Buyers Affinity Segment,1135622965987651,Shelf Story Warm Voice,7615538610890160,Brand Awareness,0,0,0,0,0,0,0,0,0,0,0,0,0,0,0,0,0,0,0,0,0,0,0,0
2026-04-23,Discovery Network,Home Essentials Scale Initiative,Metro Region Prospecting Cohort,86057605,Family Planners Interest Segment,2052479131570920,Shelf Story Bold Voice,1037070944576843,Brand Awareness,0,0,0,0,0,0,0,0,0,0,0,0,0,0,0,0,0,0,0,0,0,0,0,0
2026-04-23,Video Network,Family Pantry Retention Initiative,Metro Region Prospecting Cohort,86057605,Health Conscious Buyers Affinity Segment,1135622965987651,Shelf Story Warm Voice,6310646509441659,Brand Awareness,0,0,0,0,0,0,0,0,0,0,0,0,0,0,0,0,0,0,0,0,0,0,0,0
2026-04-23,Influencer Network,Family Pantry Retention Initiative,Metro Region Prospecting Cohort,86057605,Health Conscious Buyers Affinity Segment,1135622965987651,Product Reel Bold Voice,8953408766836705,Brand Awareness,0,0,0,0,0,0,0,0,0,0,0,0,0,0,0,0,0,0,0,0,0,0,0,0
2026-04-23,Video Network,Family Pantry Retention Initiative,Metro Region Prospecting Cohort,86057605,Health Conscious Buyers Interest Segment,4038732375076011,Price Drop Cut Direct Voice,1621355325413800,Brand Awareness,0,0,0,0,0,0,0,0,0,0,0,0,0,0,0,0,0,0,0,0,0,0,0,0
2026-04-23,Marketplace Feed,Home Essentials Scale Initiative,Metro Region Loyalty Cohort,86057605,Weekend Deal Hunters Interest Segment,1459448327666023,Product Reel Bold Voice,1341726046078307,Brand Awareness,0,0,0,0,0,0,0,0,0,0,0,0,0,0,0,0,0,0,0,0,0,0,0,0
2026-04-23,Connected TV,Seasonal Select Promo Initiative,Metro Region Prospecting Cohort,86057605,Family Planners Affinity Segment,8367846490627350,Promo Banner Friendly Voice,1307552757281973,Brand Awareness,0,0,0,0,0,0,0,0,0,0,0,0,0,0,0,0,0,0,0,0,0,0,0,0
2026-04-23,Affiliate Network,Home Essentials Scale Initiative,Metro Region Prospecting Cohort,86057605,Family Planners Interest Segment,2052479131570920,Price Drop Cut Direct Voice,1293082123821342,Brand Awareness,0,0,0,0,0,0,0,0,0,0,0,0,0,0,0,0,0,0,0,0,0,0,0,0
2026-04-23,Social Feed,Family Pantry Retention Initiative,Metro Region Prospecting Cohort,86057605,Health Conscious Buyers Affinity Segment,1135622965987651,Price Drop Cut Direct Voice,1738411410074119,Brand Awareness,0,0,0,0,0,0,0,0,0,0,0,0,0,0,0,0,0,0,0,0,0,0,0,0
2026-04-22,Social Feed,Home Essentials Scale Initiative,Metro Region Conversion Cohort,44948390,Weekend Deal Hunters Interest Segment,4343805881369289,Shelf Story Warm Voice,4145707611858469,Brand Awareness,0,0,0,0,0,0,0,0,0,0,0,0,0,0,0,0,0,0,0,0,0,0,0,0
2026-04-22,Discovery Network,Home Essentials Scale Initiative,Metro Region Prospecting Cohort,86057605,Family Planners Interest Segment,2052479131570920,Shelf Story Warm Voice,8866144267684809,Brand Awareness,0,0,0,0,0,0,0,0,0,0,0,0,0,0,0,0,0,0,0,0,0,0,0,0
2026-04-21,Marketplace Feed,Family Pantry Retention Initiative,Metro Region Prospecting Cohort,86057605,Health Conscious Buyers Interest Segment,4038732375076011,Shelf Story Warm Voice,9220444258600248,Brand Awareness,0,0,0,0,0,0,0,0,0,0,0,0,0,0,0,0,0,0,0,0,0,0,0,0
2026-04-21,Search Network,Family Pantry Retention Initiative,Metro Region Conversion Cohort,38881639,Family Planners Lookalike Segment,1010331617086390,Shelf Story Warm Voice,1022962676348579,Brand Awareness,0,0,0,0,0,0,0,0,0,0,0,0,0,0,0,0,0,0,0,0,0,0,0,0
2026-04-21,Connected TV,Home Essentials Scale Initiative,Metro Region Prospecting Cohort,86057605,Family Planners Interest Segment,2052479131570920,Price Drop Cut Value Voice,1337311684616332,Brand Awareness,0,0,0,0,0,0,0,0,0,0,0,0,0,0,0,0,0,0,0,0,0,0,0,0
2026-04-21,Search Network,Home Essentials Scale Initiative,Metro Region Prospecting Cohort,86057605,Family Planners Interest Segment,2052479131570920,Promo Banner Friendly Voice,7057211523700123,Brand Awareness,0,0,0,0,0,0,0,0,0,0,0,0,0,0,0,0,0,0,0,0,0,0,0,0
2026-04-21,Display Network,Home Essentials Scale Initiative,Metro Region Prospecting Cohort,86057605,Family Planners Interest Segment,2052479131570920,Product Reel Bold Voice,8230132190292546,Brand Awareness,0,0,0,0,0,0,0,0,0,0,0,0,0,0,0,0,0,0,0,0,0,0,0,0
2026-04-20,Connected TV,Family Pantry Retention Initiative,Metro Region Prospecting Cohort,86057605,Health Conscious Buyers Affinity Segment,1135622965987651,Product Reel Bold Voice,8953408766836705,Brand Awareness,0,0,0,0,0,0,0,0,0,0,0,0,0,0,0,0,0,0,0,0,0,0,0,0
2026-04-20,Marketplace Feed,Family Pantry Retention Initiative,Metro Region Conversion Cohort,38881639,Family Planners Lookalike Segment,1010331617086390,Shelf Story Warm Voice,1022962676348579,Brand Awareness,0,0,0,0,0,0,0,0,0,0,0,0,0,0,0,0,0,0,0,0,0,0,0,0
2026-04-20,Affiliate Network,Home Essentials Scale Initiative,Metro Region Prospecting Cohort,86057605,Family Planners Interest Segment,2052479131570920,Price Drop Cut Direct Voice,1293082123821342,Brand Awareness,0,0,0,0,0,0,0,0,0,0,0,0,0,0,0,0,0,0,0,0,0,0,0,0
2026-04-20,Video Network,Home Essentials Scale Initiative,Metro Region Prospecting Cohort,86057605,Family Planners Interest Segment,2052479131570920,Shelf Story Warm Voice,6668703011220466,Brand Awareness,0,0,0,0,0,0,0,0,0,0,0,0,0,0,0,0,0,0,0,0,0,0,0,0
2026-04-20,Marketplace Feed,Home Essentials Scale Initiative,Metro Region Prospecting Cohort,86057605,Family Planners Interest Segment,2052479131570920,Price Drop Cut Value Voice,1337311684616332,Brand Awareness,0,0,0,0,0,0,0,0,0,0,0,0,0,0,0,0,0,0,0,0,0,0,0,0
2026-04-19,Search Network,Home Essentials Scale Initiative,Metro Region Loyalty Cohort,86057605,Weekend Deal Hunters Interest Segment,1459448327666023,Product Reel Bold Voice,1341726046078307,Brand Awareness,0,0,0,0,0,0,0,0,0,0,0,0,0,0,0,0,0,0,0,0,0,0,0,0
2026-04-19,Display Network,Market Fresh Demand Initiative,Central Region Loyalty Cohort,86057605,Health Conscious Buyers Interest Segment,1483388923686775,Product Reel Warm Voice,1073594771460458,Catalog Engagement,0,0,0,0,0,0,0,0,0,0,0,0,0,0,0,0,0,0,0,0,0,0,0,0
2026-04-19,Shopping Grid,Home Essentials Scale Initiative,Metro Region Prospecting Cohort,86057605,Family Planners Interest Segment,2052479131570920,Product Reel Bold Voice,8230132190292546,Brand Awareness,0,0,0,0,0,0,0,0,0,0,0,0,0,0,0,0,0,0,0,0,0,0,0,0
2026-04-19,Social Feed,Home Essentials Scale Initiative,Metro Region Prospecting Cohort,86057605,Family Planners Interest Segment,2052479131570920,Product Reel Warm Voice,1464656530089556,Brand Awareness,0,0,0,0,0,0,0,0,0,0,0,0,0,0,0,0,0,0,0,0,0,0,0,0
2026-04-19,Shopping Grid,Family Pantry Retention Initiative,Metro Region Conversion Cohort,38881639,Family Planners Lookalike Segment,1010331617086390,Shelf Story Warm Voice,1022962676348579,Brand Awareness,0,0,0,0,0,0,0,0,0,0,0,0,0,0,0,0,0,0,0,0,0,0,0,0
2026-04-19,Influencer Network,Home Essentials Promo Initiative,Metro Region Loyalty Cohort,38881639,Family Planners Lookalike Segment,8962004814279482,Shelf Story Value Voice,1020691786654074,Brand Awareness,0,0,0,0,0,0,0,0,0,0,0,0,0,0,0,0,0,0,0,0,0,0,0,0
2026-04-19,Shopping Grid,Home Essentials Scale Initiative,Metro Region Prospecting Cohort,86057605,Family Planners Interest Segment,2052479131570920,Shelf Story Warm Voice,1781570544556972,Brand Awareness,0,0,0,0,0,0,0,0,0,0,0,0,0,0,0,0,0,0,0,0,0,0,0,0
2026-04-19,Social Feed,Home Essentials Scale Initiative,Metro Region Prospecting Cohort,86057605,Family Planners Interest Segment,2052479131570920,Shelf Story Warm Voice,6668703011220466,Brand Awareness,0,0,0,0,0,0,0,0,0,0,0,0,0,0,0,0,0,0,0,0,0,0,0,0
2026-04-19,Discovery Network,Home Essentials Scale Initiative,Metro Region Prospecting Cohort,86057605,Family Planners Interest Segment,2052479131570920,Price Drop Cut Value Voice,1450690616595384,Brand Awareness,0,0,0,0,0,0,0,0,0,0,0,0,0,0,0,0,0,0,0,0,0,0,0,0
2026-04-19,Affiliate Network,Family Pantry Retention Initiative,Metro Region Prospecting Cohort,86057605,Health Conscious Buyers Affinity Segment,1135622965987651,Price Drop Cut Value Voice,3451026948260594,Brand Awareness,0,0,0,0,0,0,0,0,0,0,0,0,0,0,0,0,0,0,0,0,0,0,0,0
2026-04-18,Connected TV,Home Essentials Scale Initiative,Metro Region Prospecting Cohort,86057605,Family Planners Interest Segment,2052479131570920,Shelf Story Warm Voice,6668703011220466,Brand Awareness,0,0,0,0,0,0,0,0,0,0,0,0,0,0,0,0,0,0,0,0,0,0,0,0
2026-04-18,Discovery Network,Seasonal Select Promo Initiative,Metro Region Prospecting Cohort,86057605,Health Conscious Buyers Affinity Segment,1583198464464326,Price Drop Cut Direct Voice,1008360782524529,Brand Awareness,0,0,0,0,0,0,0,0,0,0,0,0,0,0,0,0,0,0,0,0,0,0,0,0
2026-04-18,Shopping Grid,Seasonal Select Promo Initiative,Metro Region Prospecting Cohort,86057605,Family Planners Affinity Segment,8367846490627350,Price Drop Cut Direct Voice,7250010115405304,Brand Awareness,0,0,0,0,0,0,0,0,0,0,0,0,0,0,0,0,0,0,0,0,0,0,0,0
2026-04-18,Marketplace Feed,Family Pantry Retention Initiative,Metro Region Conversion Cohort,38881639,Family Planners Lookalike Segment,1010331617086390,Shelf Story Warm Voice,1022962676348579,Brand Awareness,0,0,0,0,0,0,0,0,0,0,0,0,0,0,0,0,0,0,0,0,0,0,0,0
2026-04-18,Video Network,Seasonal Select Promo Initiative,Metro Region Prospecting Cohort,86057605,Health Conscious Buyers Affinity Segment,1583198464464326,Shelf Story Warm Voice,8184969027502042,Brand Awareness,0,0,0,0,0,0,0,0,0,0,0,0,0,0,0,0,0,0,0,0,0,0,0,0
2026-04-18,Shopping Grid,Family Pantry Retention Initiative,Metro Region Prospecting Cohort,86057605,Health Conscious Buyers Affinity Segment,1135622965987651,Price Drop Cut Direct Voice,1376321213572515,Brand Awareness,0,0,0,0,0,0,0,0,0,0,0,0,0,0,0,0,0,0,0,0,0,0,0,0
2026-04-18,Connected TV,Home Essentials Scale Initiative,Metro Region Prospecting Cohort,86057605,Family Planners Interest Segment,2052479131570920,Shelf Story Warm Voice,1453411941100364,Brand Awareness,0,0,0,0,0,0,0,0,0,0,0,0,0,0,0,0,0,0,0,0,0,0,0,0
2026-04-18,Influencer Network,Home Essentials Scale Initiative,Metro Region Prospecting Cohort,86057605,Family Planners Interest Segment,2052479131570920,Price Drop Cut Value Voice,1450690616595384,Brand Awareness,0,0,0,0,0,0,0,0,0,0,0,0,0,0,0,0,0,0,0,0,0,0,0,0
2026-04-18,Display Network,Home Essentials Scale Initiative,Metro Region Prospecting Cohort,86057605,Family Planners Interest Segment,2052479131570920,Product Reel Warm Voice,1464656530089556,Brand Awareness,0,0,0,0,0,0,0,0,0,0,0,0,0,0,0,0,0,0,0,0,0,0,0,0
2026-04-18,Affiliate Network,Home Essentials Scale Initiative,Metro Region Prospecting Cohort,86057605,Family Planners Interest Segment,2052479131570920,Product Reel Bold Voice,8230132190292546,Brand Awareness,0,0,0,0,0,0,0,0,0,0,0,0,0,0,0,0,0,0,0,0,0,0,0,0
2026-04-18,Video Network,Family Pantry Retention Initiative,Metro Region Prospecting Cohort,86057605,Health Conscious Buyers Interest Segment,4038732375076011,Shelf Story Warm Voice,5571287986311220,Brand Awareness,0,0,0,0,0,0,0,0,0,0,0,0,0,0,0,0,0,0,0,0,0,0,0,0
2026-04-18,Search Network,Family Pantry Retention Initiative,Metro Region Prospecting Cohort,86057605,Health Conscious Buyers Affinity Segment,1135622965987651,Promo Banner Friendly Voice,8513428259763770,Brand Awareness,0,0,0,0,0,0,0,0,0,0,0,0,0,0,0,0,0,0,0,0,0,0,0,0
2026-04-18,Video Network,Home Essentials Scale Initiative,Metro Region Loyalty Cohort,86057605,Weekend Deal Hunters Interest Segment,1459448327666023,Product Reel Bold Voice,1341726046078307,Brand Awareness,0,0,0,0,0,0,0,0,0,0,0,0,0,0,0,0,0,0,0,0,0,0,0,0
2026-04-18,Marketplace Feed,Home Essentials Scale Initiative,Metro Region Prospecting Cohort,86057605,Family Planners Interest Segment,2052479131570920,Shelf Story Bold Voice,1642534966349722,Brand Awareness,0,0,0,0,0,0,0,0,0,0,0,0,0,0,0,0,0,0,0,0,0,0,0,0
2026-04-17,Connected TV,Family Pantry Retention Initiative,Metro Region Prospecting Cohort,86057605,Health Conscious Buyers Retention Segment,1345308351935222,Shelf Story Warm Voice,1109091303659021,Brand Awareness,0,0,0,0,0,0,0,0,0,0,0,0,0,0,0,0,0,0,0,0,0,0,0,0
2026-04-17,Display Network,Home Essentials Scale Initiative,Metro Region Prospecting Cohort,86057605,Family Planners Interest Segment,2052479131570920,Price Drop Cut Direct Voice,1293082123821342,Brand Awareness,0,0,0,0,0,0,0,0,0,0,0,0,0,0,0,0,0,0,0,0,0,0,0,0
2026-04-17,Search Network,Family Pantry Retention Initiative,Metro Region Prospecting Cohort,86057605,Health Conscious Buyers Interest Segment,4038732375076011,Product Reel Bold Voice,2610832510663182,Brand Awareness,0,0,0,0,0,0,0,0,0,0,0,0,0,0,0,0,0,0,0,0,0,0,0,0
2026-04-17,Social Feed,Family Pantry Retention Initiative,Metro Region Prospecting Cohort,86057605,Health Conscious Buyers Interest Segment,4038732375076011,Price Drop Cut Direct Voice,1621355325413800,Brand Awareness,0,0,0,0,0,0,0,0,0,0,0,0,0,0,0,0,0,0,0,0,0,0,0,0
2026-04-17,Influencer Network,Home Essentials Scale Initiative,Metro Region Prospecting Cohort,86057605,Family Planners Interest Segment,2052479131570920,Product Reel Bold Voice,8230132190292546,Brand Awareness,0,0,0,0,0,0,0,0,0,0,0,0,0,0,0,0,0,0,0,0,0,0,0,0
2026-04-17,Search Network,Home Essentials Scale Initiative,Metro Region Prospecting Cohort,86057605,Family Planners Interest Segment,2052479131570920,Promo Banner Friendly Voice,7057211523700123,Brand Awareness,0,0,0,0,0,0,0,0,0,0,0,0,0,0,0,0,0,0,0,0,0,0,0,0
2026-04-17,In-App Display,Family Pantry Retention Initiative,Metro Region Prospecting Cohort,86057605,Health Conscious Buyers Retention Segment,1345308351935222,Product Reel Bold Voice,3103965387610382,Brand Awareness,0,0,0,0,0,0,0,0,0,0,0,0,0,0,0,0,0,0,0,0,0,0,0,0
2026-04-17,Marketplace Feed,Home Essentials Scale Initiative,Metro Region Prospecting Cohort,86057605,Family Planners Interest Segment,2052479131570920,Price Drop Cut Value Voice,1337311684616332,Brand Awareness,0,0,0,0,0,0,0,0,0,0,0,0,0,0,0,0,0,0,0,0,0,0,0,0
2026-04-17,Video Network,Home Essentials Scale Initiative,Metro Region Loyalty Cohort,86057605,Weekend Deal Hunters Interest Segment,1459448327666023,Product Reel Bold Voice,1341726046078307,Brand Awareness,0,0,0,0,0,0,0,0,0,0,0,0,0,0,0,0,0,0,0,0,0,0,0,0
2026-04-17,Search Network,Family Pantry Retention Initiative,Metro Region Prospecting Cohort,86057605,Health Conscious Buyers Affinity Segment,1135622965987651,Shelf Story Warm Voice,1258937255511149,Brand Awareness,0,0,0,0,0,0,0,0,0,0,0,0,0,0,0,0,0,0,0,0,0,0,0,0
2026-04-17,Search Network,Family Pantry Retention Initiative,Metro Region Prospecting Cohort,86057605,Health Conscious Buyers Retention Segment,1345308351935222,Shelf Story Warm Voice,1784605528875708,Brand Awareness,0,0,0,0,0,0,0,0,0,0,0,0,0,0,0,0,0,0,0,0,0,0,0,0
2026-04-17,Marketplace Feed,Home Essentials Scale Initiative,Metro Region Prospecting Cohort,86057605,Family Planners Interest Segment,2052479131570920,Price Drop Cut Direct Voice,7324105902810892,Brand Awareness,0,0,0,0,0,0,0,0,0,0,0,0,0,0,0,0,0,0,0,0,0,0,0,0
2026-04-17,Discovery Network,Family Pantry Retention Initiative,Metro Region Prospecting Cohort,86057605,Health Conscious Buyers Affinity Segment,1135622965987651,Price Drop Cut Direct Voice,1376321213572515,Brand Awareness,0,0,0,0,0,0,0,0,0,0,0,0,0,0,0,0,0,0,0,0,0,0,0,0
2026-04-17,Marketplace Feed,Smart Choice Impact Initiative,Central Region Loyalty Cohort,44948390,Family Planners Interest Segment,4141466458949862,Shelf Story Bold Voice,1119693786488421,Brand Awareness,0,0,0,0,0,0,0,0,0,0,0,0,0,0,0,0,0,0,0,0,0,0,0,0
2026-04-17,Affiliate Network,Home Essentials Scale Initiative,Metro Region Prospecting Cohort,86057605,Family Planners Interest Segment,2052479131570920,Shelf Story Warm Voice,1453411941100364,Brand Awareness,0,0,0,0,0,0,0,0,0,0,0,0,0,0,0,0,0,0,0,0,0,0,0,0
2026-04-17,Retail Media Network,Family Pantry Retention Initiative,Metro Region Prospecting Cohort,86057605,Health Conscious Buyers Affinity Segment,1135622965987651,Product Reel Warm Voice,1149004867408980,Brand Awareness,0,0,0,0,0,0,0,0,0,0,0,0,0,0,0,0,0,0,0,0,0,0,0,0
2026-04-17,Affiliate Network,Home Essentials Scale Initiative,Metro Region Prospecting Cohort,86057605,Family Planners Interest Segment,2052479131570920,Shelf Story Warm Voice,6668703011220466,Brand Awareness,0,0,0,0,0,0,0,0,0,0,0,0,0,0,0,0,0,0,0,0,0,0,0,0
2026-04-17,Influencer Network,Seasonal Select Promo Initiative,Metro Region Prospecting Cohort,86057605,Health Conscious Buyers Affinity Segment,1583198464464326,Promo Banner Friendly Voice,1472199163581113,Brand Awareness,0,0,0,0,0,0,0,0,0,0,0,0,0,0,0,0,0,0,0,0,0,0,0,0
2026-04-17,In-App Display,Family Pantry Retention Initiative,Metro Region Prospecting Cohort,86057605,Health Conscious Buyers Interest Segment,4038732375076011,Promo Banner Friendly Voice,1795647028277080,Brand Awareness,0,0,0,0,0,0,0,0,0,0,0,0,0,0,0,0,0,0,0,0,0,0,0,0
2026-04-17,Shopping Grid,Family Pantry Retention Initiative,Metro Region Conversion Cohort,38881639,Family Planners Lookalike Segment,1010331617086390,Shelf Story Warm Voice,1022962676348579,Brand Awareness,0,0,0,0,0,0,0,0,0,0,0,0,0,0,0,0,0,0,0,0,0,0,0,0
2026-04-17,Social Feed,Home Essentials Scale Initiative,Metro Region Prospecting Cohort,86057605,Family Planners Interest Segment,2052479131570920,Shelf Story Warm Voice,1431189176757496,Brand Awareness,0,0,0,0,0,0,0,0,0,0,0,0,0,0,0,0,0,0,0,0,0,0,0,0
2026-04-17,Retail Media Network,Family Pantry Retention Initiative,Metro Region Prospecting Cohort,86057605,Health Conscious Buyers Retention Segment,1345308351935222,Shelf Story Warm Voice,3386014062513396,Brand Awareness,0,0,0,0,0,0,0,0,0,0,0,0,0,0,0,0,0,0,0,0,0,0,0,0
2026-04-17,Social Feed,Family Pantry Retention Initiative,Metro Region Prospecting Cohort,86057605,Health Conscious Buyers Interest Segment,4038732375076011,Shelf Story Bold Voice,5252167376816900,Brand Awareness,0,0,0,0,0,0,0,0,0,0,0,0,0,0,0,0,0,0,0,0,0,0,0,0
2026-04-17,Marketplace Feed,Home Essentials Scale Initiative,Metro Region Prospecting Cohort,86057605,Family Planners Interest Segment,2052479131570920,Price Drop Cut Value Voice,1450690616595384,Brand Awareness,0,0,0,0,0,0,0,0,0,0,0,0,0,0,0,0,0,0,0,0,0,0,0,0
2026-04-16,Discovery Network,Seasonal Select Promo Initiative,Metro Region Prospecting Cohort,86057605,Family Planners Affinity Segment,8367846490627350,Product Reel Warm Voice,9142555271094977,Brand Awareness,0,0,0,0,0,0,0,0,0,0,0,0,0,0,0,0,0,0,0,0,0,0,0,0
2026-04-16,Influencer Network,Family Pantry Retention Initiative,Metro Region Prospecting Cohort,86057605,Health Conscious Buyers Affinity Segment,1135622965987651,Price Drop Cut Value Voice,3451026948260594,Brand Awareness,0,0,0,0,0,0,0,0,0,0,0,0,0,0,0,0,0,0,0,0,0,0,0,0
2026-04-16,Influencer Network,Family Pantry Retention Initiative,Metro Region Prospecting Cohort,86057605,Health Conscious Buyers Interest Segment,4038732375076011,Product Reel Bold Voice,2610832510663182,Brand Awareness,0,0,0,0,0,0,0,0,0,0,0,0,0,0,0,0,0,0,0,0,0,0,0,0
2026-04-16,Display Network,Family Pantry Retention Initiative,Metro Region Prospecting Cohort,86057605,Health Conscious Buyers Affinity Segment,1135622965987651,Price Drop Cut Direct Voice,1376321213572515,Brand Awareness,0,0,0,0,0,0,0,0,0,0,0,0,0,0,0,0,0,0,0,0,0,0,0,0
2026-04-16,Retail Media Network,Home Essentials Scale Initiative,Metro Region Prospecting Cohort,86057605,Family Planners Interest Segment,2052479131570920,Shelf Story Warm Voice,1431189176757496,Brand Awareness,0,0,0,0,0,0,0,0,0,0,0,0,0,0,0,0,0,0,0,0,0,0,0,0
2026-04-16,Search Network,Home Essentials Scale Initiative,Metro Region Prospecting Cohort,86057605,Family Planners Interest Segment,2052479131570920,Shelf Story Bold Voice,1037070944576843,Brand Awareness,0,0,0,0,0,0,0,0,0,0,0,0,0,0,0,0,0,0,0,0,0,0,0,0
2026-04-16,Shopping Grid,Seasonal Select Promo Initiative,Metro Region Prospecting Cohort,86057605,Family Planners Affinity Segment,8367846490627350,Shelf Story Warm Voice,1731346574968277,Brand Awareness,0,0,0,0,0,0,0,0,0,0,0,0,0,0,0,0,0,0,0,0,0,0,0,0
2026-04-16,Marketplace Feed,Seasonal Select Promo Initiative,Metro Region Prospecting Cohort,86057605,Health Conscious Buyers Affinity Segment,1583198464464326,Shelf Story Warm Voice,1398435806475897,Brand Awareness,0,0,0,0,0,0,0,0,0,0,0,0,0,0,0,0,0,0,0,0,0,0,0,0
2026-04-16,Affiliate Network,Home Essentials Scale Initiative,Metro Region Prospecting Cohort,86057605,Family Planners Interest Segment,2052479131570920,Shelf Story Warm Voice,6668703011220466,Brand Awareness,0,0,0,0,0,0,0,0,0,0,0,0,0,0,0,0,0,0,0,0,0,0,0,0
2026-04-16,Marketplace Feed,Home Essentials Scale Initiative,Metro Region Loyalty Cohort,86057605,Weekend Deal Hunters Interest Segment,1459448327666023,Product Reel Bold Voice,1341726046078307,Brand Awareness,0,0,0,0,0,0,0,0,0,0,0,0,0,0,0,0,0,0,0,0,0,0,0,0
2026-04-16,Social Feed,Family Pantry Retention Initiative,Metro Region Prospecting Cohort,86057605,Health Conscious Buyers Affinity Segment,1135622965987651,Promo Banner Friendly Voice,8513428259763770,Brand Awareness,0,0,0,0,0,0,0,0,0,0,0,0,0,0,0,0,0,0,0,0,0,0,0,0
2026-04-16,Search Network,Seasonal Select Promo Initiative,Metro Region Prospecting Cohort,86057605,Health Conscious Buyers Affinity Segment,1583198464464326,Product Reel Warm Voice,1085328768903302,Brand Awareness,0,0,0,0,0,0,0,0,0,0,0,0,0,0,0,0,0,0,0,0,0,0,0,0
2026-04-16,Influencer Network,Family Pantry Retention Initiative,Metro Region Prospecting Cohort,86057605,Health Conscious Buyers Affinity Segment,1135622965987651,Product Reel Warm Voice,1149004867408980,Brand Awareness,0,0,0,0,0,0,0,0,0,0,0,0,0,0,0,0,0,0,0,0,0,0,0,0
2026-04-16,Affiliate Network,Home Essentials Scale Initiative,Metro Region Prospecting Cohort,86057605,Family Planners Interest Segment,2052479131570920,Price Drop Cut Direct Voice,7324105902810892,Brand Awareness,0,0,0,0,0,0,0,0,0,0,0,0,0,0,0,0,0,0,0,0,0,0,0,0
2026-04-15,Shopping Grid,Family Pantry Retention Initiative,Metro Region Prospecting Cohort,86057605,Health Conscious Buyers Retention Segment,1345308351935222,Shelf Story Warm Voice,1784605528875708,Brand Awareness,0,0,0,0,0,0,0,0,0,0,0,0,0,0,0,0,0,0,0,0,0,0,0,0
2026-04-15,Connected TV,Family Pantry Retention Initiative,Metro Region Prospecting Cohort,86057605,Health Conscious Buyers Interest Segment,4038732375076011,Shelf Story Warm Voice,5571287986311220,Brand Awareness,0,0,0,0,0,0,0,0,0,0,0,0,0,0,0,0,0,0,0,0,0,0,0,0
2026-04-15,Connected TV,Family Pantry Retention Initiative,Metro Region Conversion Cohort,38881639,Family Planners Lookalike Segment,1010331617086390,Shelf Story Warm Voice,1022962676348579,Brand Awareness,0,0,0,0,0,0,0,0,0,0,0,0,0,0,0,0,0,0,0,0,0,0,0,0
2026-04-15,Influencer Network,Home Essentials Scale Initiative,Metro Region Prospecting Cohort,86057605,Family Planners Interest Segment,2052479131570920,Product Reel Warm Voice,1464656530089556,Brand Awareness,0,0,0,0,0,0,0,0,0,0,0,0,0,0,0,0,0,0,0,0,0,0,0,0
2026-04-15,Display Network,Home Essentials Scale Initiative,Metro Region Loyalty Cohort,86057605,Weekend Deal Hunters Interest Segment,1459448327666023,Product Reel Bold Voice,1341726046078307,Brand Awareness,0,0,0,0,0,0,0,0,0,0,0,0,0,0,0,0,0,0,0,0,0,0,0,0
2026-04-15,Retail Media Network,Home Essentials Scale Initiative,Metro Region Prospecting Cohort,86057605,Family Planners Interest Segment,2052479131570920,Price Drop Cut Direct Voice,7324105902810892,Brand Awareness,0,0,0,0,0,0,0,0,0,0,0,0,0,0,0,0,0,0,0,0,0,0,0,0
2026-04-15,Connected TV,Family Pantry Retention Initiative,Metro Region Prospecting Cohort,86057605,Health Conscious Buyers Retention Segment,1345308351935222,Price Drop Cut Direct Voice,1338336336500986,Brand Awareness,0,0,0,0,0,0,0,0,0,0,0,0,0,0,0,0,0,0,0,0,0,0,0,0
2026-04-15,Affiliate Network,Weekend Saver Retention Initiative,Metro Region Conversion Cohort,44948390,Family Planners Interest Segment,1394673896902429,Collection Showcase Warm Voice,1465857572073203,Brand Awareness,0,0,0,0,0,0,0,0,0,0,0,0,0,0,0,0,0,0,0,0,0,0,0,0
2026-04-15,Connected TV,Family Pantry Retention Initiative,Metro Region Prospecting Cohort,86057605,Health Conscious Buyers Retention Segment,1345308351935222,Product Reel Bold Voice,3103965387610382,Brand Awareness,0,0,0,0,0,0,0,0,0,0,0,0,0,0,0,0,0,0,0,0,0,0,0,0
2026-04-15,Retail Media Network,Home Essentials Scale Initiative,Metro Region Prospecting Cohort,86057605,Family Planners Interest Segment,2052479131570920,Shelf Story Bold Voice,1037070944576843,Brand Awareness,0,0,0,0,0,0,0,0,0,0,0,0,0,0,0,0,0,0,0,0,0,0,0,0
2026-04-15,Connected TV,Home Essentials Scale Initiative,Metro Region Prospecting Cohort,86057605,Family Planners Interest Segment,2052479131570920,Shelf Story Warm Voice,8866144267684809,Brand Awareness,0,0,0,0,0,0,0,0,0,0,0,0,0,0,0,0,0,0,0,0,0,0,0,0
2026-04-15,Retail Media Network,Home Essentials Scale Initiative,Metro Region Prospecting Cohort,86057605,Family Planners Interest Segment,2052479131570920,Shelf Story Warm Voice,1453411941100364,Brand Awareness,0,0,0,0,0,0,0,0,0,0,0,0,0,0,0,0,0,0,0,0,0,0,0,0
2026-04-15,Discovery Network,Family Pantry Retention Initiative,Metro Region Prospecting Cohort,86057605,Health Conscious Buyers Retention Segment,1345308351935222,Shelf Story Warm Voice,1336999724226908,Brand Awareness,0,0,0,0,0,0,0,0,0,0,0,0,0,0,0,0,0,0,0,0,0,0,0,0
2026-04-15,In-App Display,Home Essentials Scale Initiative,Metro Region Prospecting Cohort,86057605,Family Planners Interest Segment,2052479131570920,Promo Banner Friendly Voice,7057211523700123,Brand Awareness,0,0,0,0,0,0,0,0,0,0,0,0,0,0,0,0,0,0,0,0,0,0,0,0
2026-04-14,Affiliate Network,Family Pantry Retention Initiative,Metro Region Prospecting Cohort,86057605,Health Conscious Buyers Retention Segment,1345308351935222,Price Drop Cut Value Voice,6635833234332869,Brand Awareness,0,0,0,0,0,0,0,0,0,0,0,0,0,0,0,0,0,0,0,0,0,0,0,0
2026-04-14,Social Feed,Family Pantry Retention Initiative,Metro Region Prospecting Cohort,86057605,Health Conscious Buyers Affinity Segment,1135622965987651,Price Drop Cut Direct Voice,1738411410074119,Brand Awareness,0,0,0,0,0,0,0,0,0,0,0,0,0,0,0,0,0,0,0,0,0,0,0,0
2026-04-14,Affiliate Network,Home Essentials Scale Initiative,Metro Region Prospecting Cohort,86057605,Family Planners Interest Segment,2052479131570920,Shelf Story Warm Voice,1431189176757496,Brand Awareness,0,0,0,0,0,0,0,0,0,0,0,0,0,0,0,0,0,0,0,0,0,0,0,0
2026-04-14,Social Feed,Family Pantry Retention Initiative,Metro Region Conversion Cohort,38881639,Family Planners Lookalike Segment,1010331617086390,Shelf Story Warm Voice,1022962676348579,Brand Awareness,0,0,0,0,0,0,0,0,0,0,0,0,0,0,0,0,0,0,0,0,0,0,0,0
2026-04-14,Social Feed,Family Pantry Retention Initiative,Metro Region Prospecting Cohort,86057605,Health Conscious Buyers Affinity Segment,1135622965987651,Product Reel Bold Voice,8953408766836705,Brand Awareness,0,0,0,0,0,0,0,0,0,0,0,0,0,0,0,0,0,0,0,0,0,0,0,0
2026-04-14,Search Network,Home Essentials Scale Initiative,Metro Region Prospecting Cohort,86057605,Family Planners Interest Segment,2052479131570920,Price Drop Cut Value Voice,1337311684616332,Brand Awareness,0,0,0,0,0,0,0,0,0,0,0,0,0,0,0,0,0,0,0,0,0,0,0,0
2026-04-14,Video Network,Family Pantry Retention Initiative,Metro Region Prospecting Cohort,86057605,Health Conscious Buyers Interest Segment,4038732375076011,Product Reel Bold Voice,2610832510663182,Brand Awareness,0,0,0,0,0,0,0,0,0,0,0,0,0,0,0,0,0,0,0,0,0,0,0,0
2026-04-14,In-App Display,Seasonal Select Promo Initiative,Metro Region Prospecting Cohort,86057605,Health Conscious Buyers Affinity Segment,1583198464464326,Price Drop Cut Direct Voice,1008360782524529,Brand Awareness,0,0,0,0,0,0,0,0,0,0,0,0,0,0,0,0,0,0,0,0,0,0,0,0
2026-04-14,Affiliate Network,Family Pantry Retention Initiative,Metro Region Prospecting Cohort,86057605,Health Conscious Buyers Affinity Segment,1135622965987651,Price Drop Cut Direct Voice,1376321213572515,Brand Awareness,0,0,0,0,0,0,0,0,0,0,0,0,0,0,0,0,0,0,0,0,0,0,0,0
2026-04-14,Discovery Network,Home Essentials Scale Initiative,Metro Region Prospecting Cohort,86057605,Family Planners Interest Segment,2052479131570920,Shelf Story Warm Voice,1453411941100364,Brand Awareness,0,0,0,0,0,0,0,0,0,0,0,0,0,0,0,0,0,0,0,0,0,0,0,0
2026-04-14,Affiliate Network,Family Pantry Retention Initiative,Metro Region Prospecting Cohort,86057605,Health Conscious Buyers Retention Segment,1345308351935222,Shelf Story Warm Voice,1784605528875708,Brand Awareness,0,0,0,0,0,0,0,0,0,0,0,0,0,0,0,0,0,0,0,0,0,0,0,0
2026-04-14,Display Network,Home Essentials Scale Initiative,Metro Region Prospecting Cohort,86057605,Family Planners Interest Segment,2052479131570920,Price Drop Cut Direct Voice,7324105902810892,Brand Awareness,0,0,0,0,0,0,0,0,0,0,0,0,0,0,0,0,0,0,0,0,0,0,0,0
2026-04-14,Display Network,Weekend Saver Retention Initiative,Metro Region Conversion Cohort,44948390,Family Planners Interest Segment,1394673896902429,Collection Showcase Warm Voice,1465857572073203,Brand Awareness,0,0,0,0,0,0,0,0,0,0,0,0,0,0,0,0,0,0,0,0,0,0,0,0
2026-04-14,Discovery Network,Home Essentials Scale Initiative,Metro Region Prospecting Cohort,86057605,Family Planners Interest Segment,2052479131570920,Product Reel Bold Voice,8230132190292546,Brand Awareness,0,0,0,0,0,0,0,0,0,0,0,0,0,0,0,0,0,0,0,0,0,0,0,0
2026-04-14,In-App Display,Home Essentials Scale Initiative,Metro Region Loyalty Cohort,86057605,Weekend Deal Hunters Interest Segment,1459448327666023,Product Reel Bold Voice,1341726046078307,Brand Awareness,27.83,27821,0,20923,28,0,0,0,0,4,4,0,0,0,0,3,0,56,0.22,1,1,0,0,0
2026-04-14,Shopping Grid,Home Essentials Scale Initiative,Metro Region Prospecting Cohort,86057605,Family Planners Interest Segment,2052479131570920,Shelf Story Warm Voice,6668703011220466,Brand Awareness,0,0,0,0,0,0,0,0,0,0,0,0,0,0,0,0,0,0,0,0,0,0,0,0
2026-04-14,Shopping Grid,Family Pantry Retention Initiative,Metro Region Prospecting Cohort,86057605,Health Conscious Buyers Affinity Segment,1135622965987651,Shelf Story Bold Voice,3741790868443346,Brand Awareness,0,0,0,0,0,0,0,0,0,0,0,0,0,0,0,0,0,0,0,0,0,0,0,0
2026-04-14,Discovery Network,Family Pantry Retention Initiative,Metro Region Prospecting Cohort,86057605,Health Conscious Buyers Interest Segment,4038732375076011,Shelf Story Bold Voice,5252167376816900,Brand Awareness,0,0,0,0,0,0,0,0,0,0,0,0,0,0,0,0,0,0,0,0,0,0,0,0
2026-04-14,Affiliate Network,Family Pantry Retention Initiative,Metro Region Prospecting Cohort,86057605,Health Conscious Buyers Retention Segment,1345308351935222,Price Drop Cut Direct Voice,1235697900866550,Brand Awareness,0,0,0,0,0,0,0,0,0,0,0,0,0,0,0,0,0,0,0,0,0,0,0,0
2026-04-13,Video Network,Family Pantry Retention Initiative,Metro Region Prospecting Cohort,86057605,Health Conscious Buyers Retention Segment,1345308351935222,Shelf Story Warm Voice,1784605528875708,Brand Awareness,0,0,0,0,0,0,0,0,0,0,0,0,0,0,0,0,0,0,0,0,0,0,0,0
2026-04-13,Shopping Grid,Family Pantry Retention Initiative,Metro Region Prospecting Cohort,86057605,Health Conscious Buyers Affinity Segment,1135622965987651,Shelf Story Warm Voice,7615538610890160,Brand Awareness,0,0,0,0,0,0,0,0,0,0,0,0,0,0,0,0,0,0,0,0,0,0,0,0
2026-04-13,Shopping Grid,Family Pantry Retention Initiative,Metro Region Prospecting Cohort,86057605,Health Conscious Buyers Affinity Segment,1135622965987651,Product Reel Warm Voice,1149004867408980,Brand Awareness,0,0,0,0,0,0,0,0,0,0,0,0,0,0,0,0,0,0,0,0,0,0,0,0
2026-04-13,Influencer Network,Home Essentials Scale Initiative,Metro Region Prospecting Cohort,86057605,Family Planners Interest Segment,2052479131570920,Shelf Story Bold Voice,1037070944576843,Brand Awareness,0,0,0,0,0,0,0,0,0,0,0,0,0,0,0,0,0,0,0,0,0,0,0,0
2026-04-13,Affiliate Network,Home Essentials Scale Initiative,Metro Region Loyalty Cohort,86057605,Weekend Deal Hunters Interest Segment,1459448327666023,Product Reel Bold Voice,1341726046078307,Brand Awareness,42.00,38732,0,37892,50,0,0,0,0,8,7,0,0,1,0,6,0,81,0.2,0,1,0,0,0
2026-04-13,Discovery Network,Family Pantry Retention Initiative,Metro Region Prospecting Cohort,86057605,Health Conscious Buyers Retention Segment,1345308351935222,Shelf Story Bold Voice,1676408138262740,Brand Awareness,0,0,0,0,0,0,0,0,0,0,0,0,0,0,0,0,0,0,0,0,0,0,0,0
2026-04-13,Connected TV,Family Pantry Retention Initiative,Metro Region Prospecting Cohort,86057605,Health Conscious Buyers Affinity Segment,1135622965987651,Price Drop Cut Direct Voice,1376321213572515,Brand Awareness,0,0,0,0,0,0,0,0,0,0,0,0,0,0,0,0,0,0,0,0,0,0,0,0
2026-04-13,Shopping Grid,Family Pantry Retention Initiative,Metro Region Prospecting Cohort,86057605,Health Conscious Buyers Interest Segment,4038732375076011,Promo Banner Friendly Voice,1795647028277080,Brand Awareness,0,0,0,0,0,0,0,0,0,0,0,0,0,0,0,0,0,0,0,0,0,0,0,0
2026-04-13,Display Network,Family Pantry Retention Initiative,Metro Region Prospecting Cohort,86057605,Health Conscious Buyers Retention Segment,1345308351935222,Shelf Story Warm Voice,3386014062513396,Brand Awareness,0,0,0,0,0,0,0,0,0,0,0,0,0,0,0,0,0,0,0,0,0,0,0,0
2026-04-13,Shopping Grid,Seasonal Select Promo Initiative,Metro Region Prospecting Cohort,86057605,Health Conscious Buyers Affinity Segment,1583198464464326,Shelf Story Warm Voice,1608988073035671,Brand Awareness,0,0,0,0,0,0,0,0,0,0,0,0,0,0,0,0,0,0,0,0,0,0,0,0
2026-04-13,Marketplace Feed,Home Essentials Scale Initiative,Metro Region Prospecting Cohort,86057605,Family Planners Interest Segment,2052479131570920,Product Reel Warm Voice,1464656530089556,Brand Awareness,0,0,0,0,0,0,0,0,0,0,0,0,0,0,0,0,0,0,0,0,0,0,0,0
2026-04-13,Search Network,Family Pantry Retention Initiative,Metro Region Prospecting Cohort,86057605,Health Conscious Buyers Interest Segment,4038732375076011,Product Reel Bold Voice,2610832510663182,Brand Awareness,0,0,0,0,0,0,0,0,0,0,0,0,0,0,0,0,0,0,0,0,0,0,0,0
2026-04-13,Influencer Network,Family Pantry Retention Initiative,Metro Region Prospecting Cohort,86057605,Health Conscious Buyers Affinity Segment,1135622965987651,Price Drop Cut Value Voice,3451026948260594,Brand Awareness,0,0,0,0,0,0,0,0,0,0,0,0,0,0,0,0,0,0,0,0,0,0,0,0
2026-04-13,Shopping Grid,Home Essentials Scale Initiative,Metro Region Prospecting Cohort,86057605,Family Planners Interest Segment,2052479131570920,Price Drop Cut Direct Voice,7324105902810892,Brand Awareness,0,0,0,0,0,0,0,0,0,0,0,0,0,0,0,0,0,0,0,0,0,0,0,0
2026-04-13,Affiliate Network,Home Essentials Scale Initiative,Metro Region Prospecting Cohort,86057605,Family Planners Interest Segment,2052479131570920,Shelf Story Bold Voice,1642534966349722,Brand Awareness,0,0,0,0,0,0,0,0,0,0,0,0,0,0,0,0,0,0,0,0,0,0,0,0
2026-04-13,In-App Display,Home Essentials Promo Initiative,Metro Region Conversion Cohort,44948390,Quick Refill Buyers Retention Segment,1899712342036110,Shelf Story Warm Voice,8585579191193727,Brand Awareness,0,0,0,0,0,0,0,0,0,0,0,0,0,0,0,0,0,0,0,0,0,0,0,0
2026-04-13,Affiliate Network,Family Pantry Retention Initiative,Metro Region Conversion Cohort,38881639,Family Planners Lookalike Segment,1010331617086390,Shelf Story Warm Voice,1022962676348579,Brand Awareness,0,0,0,0,0,0,0,0,0,0,0,0,0,0,0,0,0,0,0,0,0,0,0,0
2026-04-13,Discovery Network,Family Pantry Retention Initiative,Metro Region Prospecting Cohort,86057605,Health Conscious Buyers Affinity Segment,1135622965987651,Price Drop Cut Value Voice,1665013466361043,Brand Awareness,0,0,0,0,0,0,0,0,0,0,0,0,0,0,0,0,0,0,0,0,0,0,0,0
2026-04-13,Shopping Grid,Home Essentials Scale Initiative,Metro Region Conversion Cohort,44948390,Weekend Deal Hunters Interest Segment,4343805881369289,Product Reel Bold Voice,5183665328983570,Brand Awareness,0,0,0,0,0,0,0,0,0,0,0,0,0,0,0,0,0,0,0,0,0,0,0,0
2026-04-13,Influencer Network,Home Essentials Scale Initiative,Metro Region Prospecting Cohort,86057605,Family Planners Interest Segment,2052479131570920,Price Drop Cut Value Voice,1337311684616332,Brand Awareness,0,0,0,0,0,0,0,0,0,0,0,0,0,0,0,0,0,0,0,0,0,0,0,0
2026-04-13,Video Network,Home Essentials Scale Initiative,Metro Region Prospecting Cohort,86057605,Family Planners Interest Segment,2052479131570920,Shelf Story Warm Voice,1453411941100364,Brand Awareness,0,0,0,0,0,0,0,0,0,0,0,0,0,0,0,0,0,0,0,0,0,0,0,0
2026-04-13,Discovery Network,Family Pantry Retention Initiative,Metro Region Prospecting Cohort,86057605,Health Conscious Buyers Interest Segment,4038732375076011,Price Drop Cut Value Voice,8188173117790828,Brand Awareness,0,0,0,0,0,0,0,0,0,0,0,0,0,0,0,0,0,0,0,0,0,0,0,0
2026-04-13,Retail Media Network,Family Pantry Retention Initiative,Metro Region Prospecting Cohort,86057605,Health Conscious Buyers Interest Segment,4038732375076011,Price Drop Cut Direct Voice,1621355325413800,Brand Awareness,0,0,0,0,0,0,0,0,0,0,0,0,0,0,0,0,0,0,0,0,0,0,0,0
2026-04-13,Retail Media Network,Family Pantry Retention Initiative,Metro Region Prospecting Cohort,86057605,Health Conscious Buyers Retention Segment,1345308351935222,Price Drop Cut Value Voice,6635833234332869,Brand Awareness,0,0,0,0,0,0,0,0,0,0,0,0,0,0,0,0,0,0,0,0,0,0,0,0
2026-04-13,Marketplace Feed,Home Essentials Scale Initiative,Metro Region Prospecting Cohort,86057605,Family Planners Interest Segment,2052479131570920,Promo Banner Friendly Voice,7057211523700123,Brand Awareness,0,0,0,0,0,0,0,0,0,0,0,0,0,0,0,0,0,0,0,0,0,0,0,0
2026-04-13,Influencer Network,Home Essentials Scale Initiative,Metro Region Prospecting Cohort,86057605,Family Planners Interest Segment,2052479131570920,Shelf Story Warm Voice,6668703011220466,Brand Awareness,0,0,0,0,0,0,0,0,0,0,0,0,0,0,0,0,0,0,0,0,0,0,0,0
2026-04-13,Search Network,Home Essentials Scale Initiative,Metro Region Prospecting Cohort,86057605,Family Planners Interest Segment,2052479131570920,Shelf Story Warm Voice,8866144267684809,Brand Awareness,0,0,0,0,0,0,0,0,0,0,0,0,0,0,0,0,0,0,0,0,0,0,0,0
2026-04-13,Discovery Network,Family Pantry Retention Initiative,Metro Region Prospecting Cohort,86057605,Health Conscious Buyers Retention Segment,1345308351935222,Price Drop Cut Value Voice,4790194200746643,Brand Awareness,0,0,0,0,0,0,0,0,0,0,0,0,0,0,0,0,0,0,0,0,0,0,0,0
2026-04-13,Shopping Grid,Family Pantry Retention Initiative,Metro Region Prospecting Cohort,86057605,Health Conscious Buyers Interest Segment,4038732375076011,Price Drop Cut Direct Voice,7463263725071030,Brand Awareness,0,0,0,0,0,0,0,0,0,0,0,0,0,0,0,0,0,0,0,0,0,0,0,0
2026-04-13,Retail Media Network,Family Pantry Retention Initiative,Metro Region Prospecting Cohort,86057605,Health Conscious Buyers Interest Segment,4038732375076011,Shelf Story Warm Voice,1588505872211201,Brand Awareness,0,0,0,0,0,0,0,0,0,0,0,0,0,0,0,0,0,0,0,0,0,0,0,0
2026-04-12,Display Network,Family Pantry Retention Initiative,Metro Region Prospecting Cohort,86057605,Health Conscious Buyers Interest Segment,4038732375076011,Shelf Story Warm Voice,1588505872211201,Brand Awareness,0,0,0,0,0,0,0,0,0,0,0,0,0,0,0,0,0,0,0,0,0,0,0,0
2026-04-12,Shopping Grid,Home Essentials Scale Initiative,Metro Region Prospecting Cohort,86057605,Family Planners Interest Segment,2052479131570920,Shelf Story Bold Voice,1642534966349722,Brand Awareness,0,0,0,0,0,0,0,0,0,0,0,0,0,0,0,0,0,0,0,0,0,0,0,0
2026-04-12,Retail Media Network,Home Essentials Promo Initiative,Metro Region Loyalty Cohort,38881639,Family Planners Lookalike Segment,8962004814279482,Shelf Story Value Voice,1020691786654074,Brand Awareness,0,0,0,0,0,0,0,0,0,0,0,0,0,0,0,0,0,0,0,0,0,0,0,0
2026-04-12,Social Feed,Family Pantry Retention Initiative,Metro Region Prospecting Cohort,86057605,Health Conscious Buyers Interest Segment,4038732375076011,Product Reel Warm Voice,5024232539393398,Brand Awareness,0,0,0,0,0,0,0,0,0,0,0,0,0,0,0,0,0,0,0,0,0,0,0,0
2026-04-12,Connected TV,Home Essentials Scale Initiative,Metro Region Prospecting Cohort,86057605,Family Planners Interest Segment,2052479131570920,Shelf Story Warm Voice,8866144267684809,Brand Awareness,0,0,0,0,0,0,0,0,0,0,0,0,0,0,0,0,0,0,0,0,0,0,0,0
2026-04-12,Video Network,Family Pantry Retention Initiative,Metro Region Prospecting Cohort,86057605,Health Conscious Buyers Affinity Segment,1135622965987651,Price Drop Cut Direct Voice,1376321213572515,Brand Awareness,0,0,0,0,0,0,0,0,0,0,0,0,0,0,0,0,0,0,0,0,0,0,0,0
2026-04-12,Retail Media Network,Family Pantry Retention Initiative,Metro Region Prospecting Cohort,86057605,Health Conscious Buyers Affinity Segment,1135622965987651,Shelf Story Warm Voice,7615538610890160,Brand Awareness,0,0,0,0,0,0,0,0,0,0,0,0,0,0,0,0,0,0,0,0,0,0,0,0
2026-04-12,Video Network,Family Pantry Retention Initiative,Metro Region Prospecting Cohort,86057605,Health Conscious Buyers Retention Segment,1345308351935222,Shelf Story Warm Voice,3386014062513396,Brand Awareness,0,0,0,0,0,0,0,0,0,0,0,0,0,0,0,0,0,0,0,0,0,0,0,0
2026-04-12,Connected TV,Home Essentials Scale Initiative,Metro Region Prospecting Cohort,86057605,Family Planners Interest Segment,2052479131570920,Price Drop Cut Value Voice,1337311684616332,Brand Awareness,0,0,0,0,0,0,0,0,0,0,0,0,0,0,0,0,0,0,0,0,0,0,0,0
2026-04-12,Discovery Network,Family Pantry Retention Initiative,Central Region Loyalty Cohort,86057605,Health Conscious Buyers Interest Segment,7830174645888833,Price Drop Cut Direct Voice,9509767682827581,Catalog Engagement,0,0,0,0,0,0,0,0,0,0,0,0,0,0,0,0,0,0,0,0,0,0,0,0
2026-04-12,Affiliate Network,Family Pantry Retention Initiative,Metro Region Prospecting Cohort,86057605,Health Conscious Buyers Interest Segment,4038732375076011,Price Drop Cut Value Voice,8188173117790828,Brand Awareness,0,0,0,0,0,0,0,0,0,0,0,0,0,0,0,0,0,0,0,0,0,0,0,0
2026-04-12,Shopping Grid,Home Essentials Scale Initiative,Metro Region Prospecting Cohort,86057605,Family Planners Interest Segment,2052479131570920,Price Drop Cut Direct Voice,1293082123821342,Brand Awareness,0,0,0,0,0,0,0,0,0,0,0,0,0,0,0,0,0,0,0,0,0,0,0,0
2026-04-12,Shopping Grid,Home Essentials Scale Initiative,Metro Region Prospecting Cohort,86057605,Family Planners Interest Segment,2052479131570920,Product Reel Bold Voice,8230132190292546,Brand Awareness,0,0,0,0,0,0,0,0,0,0,0,0,0,0,0,0,0,0,0,0,0,0,0,0
2026-04-12,Discovery Network,Home Essentials Scale Initiative,Metro Region Prospecting Cohort,86057605,Family Planners Interest Segment,2052479131570920,Promo Banner Friendly Voice,7057211523700123,Brand Awareness,0,0,0,0,0,0,0,0,0,0,0,0,0,0,0,0,0,0,0,0,0,0,0,0
2026-04-12,Retail Media Network,Seasonal Select Promo Initiative,Metro Region Prospecting Cohort,86057605,Family Planners Affinity Segment,8367846490627350,Product Reel Warm Voice,9142555271094977,Brand Awareness,0,0,0,0,0,0,0,0,0,0,0,0,0,0,0,0,0,0,0,0,0,0,0,0
2026-04-12,Search Network,Family Pantry Retention Initiative,Metro Region Prospecting Cohort,86057605,Health Conscious Buyers Affinity Segment,1135622965987651,Product Reel Bold Voice,8953408766836705,Brand Awareness,0,0,0,0,0,0,0,0,0,0,0,0,0,0,0,0,0,0,0,0,0,0,0,0
2026-04-12,Search Network,Home Essentials Scale Initiative,Metro Region Prospecting Cohort,86057605,Family Planners Interest Segment,2052479131570920,Shelf Story Warm Voice,1453411941100364,Brand Awareness,0,0,0,0,0,0,0,0,0,0,0,0,0,0,0,0,0,0,0,0,0,0,0,0
2026-04-12,Marketplace Feed,Family Pantry Retention Initiative,Metro Region Prospecting Cohort,86057605,Health Conscious Buyers Retention Segment,1345308351935222,Shelf Story Warm Voice,1784605528875708,Brand Awareness,0,0,0,0,0,0,0,0,0,0,0,0,0,0,0,0,0,0,0,0,0,0,0,0
2026-04-12,Search Network,Family Pantry Retention Initiative,Metro Region Prospecting Cohort,86057605,Health Conscious Buyers Retention Segment,1345308351935222,Price Drop Cut Value Voice,6635833234332869,Brand Awareness,0,0,0,0,0,0,0,0,0,0,0,0,0,0,0,0,0,0,0,0,0,0,0,0
2026-04-12,Social Feed,Family Pantry Retention Initiative,Metro Region Prospecting Cohort,86057605,Health Conscious Buyers Retention Segment,1345308351935222,Product Reel Bold Voice,3103965387610382,Brand Awareness,0,0,0,0,0,0,0,0,0,0,0,0,0,0,0,0,0,0,0,0,0,0,0,0
2026-04-12,In-App Display,Family Pantry Retention Initiative,Metro Region Prospecting Cohort,86057605,Health Conscious Buyers Interest Segment,4038732375076011,Price Drop Cut Direct Voice,1621355325413800,Brand Awareness,0,0,0,0,0,0,0,0,0,0,0,0,0,0,0,0,0,0,0,0,0,0,0,0
2026-04-12,Connected TV,Family Pantry Retention Initiative,Metro Region Prospecting Cohort,86057605,Health Conscious Buyers Retention Segment,1345308351935222,Product Reel Warm Voice,9896466908906225,Brand Awareness,0,0,0,0,0,0,0,0,0,0,0,0,0,0,0,0,0,0,0,0,0,0,0,0
2026-04-12,Social Feed,Family Pantry Retention Initiative,Metro Region Prospecting Cohort,86057605,Health Conscious Buyers Interest Segment,4038732375076011,Price Drop Cut Value Voice,5368036527923125,Brand Awareness,0,0,0,0,0,0,0,0,0,0,0,0,0,0,0,0,0,0,0,0,0,0,0,0
2026-04-12,In-App Display,Home Essentials Scale Initiative,Metro Region Prospecting Cohort,86057605,Family Planners Interest Segment,2052479131570920,Shelf Story Warm Voice,6668703011220466,Brand Awareness,0,0,0,0,0,0,0,0,0,0,0,0,0,0,0,0,0,0,0,0,0,0,0,0
2026-04-12,Affiliate Network,Home Essentials Scale Initiative,Metro Region Prospecting Cohort,86057605,Family Planners Interest Segment,2052479131570920,Shelf Story Warm Voice,1781570544556972,Brand Awareness,0,0,0,0,0,0,0,0,0,0,0,0,0,0,0,0,0,0,0,0,0,0,0,0
2026-04-12,Display Network,Family Pantry Retention Initiative,Metro Region Prospecting Cohort,86057605,Health Conscious Buyers Affinity Segment,1135622965987651,Price Drop Cut Direct Voice,1738411410074119,Brand Awareness,0,0,0,0,0,0,0,0,0,0,0,0,0,0,0,0,0,0,0,0,0,0,0,0
2026-04-12,Video Network,Family Pantry Retention Initiative,Metro Region Prospecting Cohort,86057605,Health Conscious Buyers Affinity Segment,1135622965987651,Shelf Story Warm Voice,1387340628030834,Brand Awareness,0,0,0,0,0,0,0,0,0,0,0,0,0,0,0,0,0,0,0,0,0,0,0,0
2026-04-12,Display Network,Family Pantry Retention Initiative,Metro Region Prospecting Cohort,86057605,Health Conscious Buyers Affinity Segment,1135622965987651,Price Drop Cut Value Voice,3451026948260594,Brand Awareness,0,0,0,0,0,0,0,0,0,0,0,0,0,0,0,0,0,0,0,0,0,0,0,0
2026-04-12,Search Network,Family Pantry Retention Initiative,Metro Region Prospecting Cohort,86057605,Health Conscious Buyers Affinity Segment,1135622965987651,Shelf Story Bold Voice,3741790868443346,Brand Awareness,0,0,0,0,0,0,0,0,0,0,0,0,0,0,0,0,0,0,0,0,0,0,0,0
2026-04-12,Search Network,Family Pantry Retention Initiative,Metro Region Prospecting Cohort,86057605,Health Conscious Buyers Affinity Segment,1135622965987651,Product Reel Warm Voice,1149004867408980,Brand Awareness,0,0,0,0,0,0,0,0,0,0,0,0,0,0,0,0,0,0,0,0,0,0,0,0
2026-04-12,Retail Media Network,Home Essentials Scale Initiative,Metro Region Prospecting Cohort,86057605,Family Planners Interest Segment,2052479131570920,Price Drop Cut Value Voice,1450690616595384,Brand Awareness,0,0,0,0,0,0,0,0,0,0,0,0,0,0,0,0,0,0,0,0,0,0,0,0
2026-04-12,Discovery Network,Family Pantry Retention Initiative,Metro Region Prospecting Cohort,86057605,Health Conscious Buyers Retention Segment,1345308351935222,Price Drop Cut Direct Voice,1338336336500986,Brand Awareness,0,0,0,0,0,0,0,0,0,0,0,0,0,0,0,0,0,0,0,0,0,0,0,0
2026-04-12,Discovery Network,Home Essentials Scale Initiative,Metro Region Prospecting Cohort,86057605,Family Planners Interest Segment,2052479131570920,Shelf Story Bold Voice,1037070944576843,Brand Awareness,0,0,0,0,0,0,0,0,0,0,0,0,0,0,0,0,0,0,0,0,0,0,0,0
2026-04-12,Shopping Grid,Family Pantry Retention Initiative,Metro Region Prospecting Cohort,86057605,Health Conscious Buyers Interest Segment,4038732375076011,Product Reel Bold Voice,2610832510663182,Brand Awareness,0,0,0,0,0,0,0,0,0,0,0,0,0,0,0,0,0,0,0,0,0,0,0,0
2026-04-12,Search Network,Home Essentials Scale Initiative,Metro Region Prospecting Cohort,86057605,Family Planners Interest Segment,2052479131570920,Shelf Story Warm Voice,1431189176757496,Brand Awareness,0,0,0,0,0,0,0,0,0,0,0,0,0,0,0,0,0,0,0,0,0,0,0,0
2026-04-12,Connected TV,Home Essentials Scale Initiative,Metro Region Prospecting Cohort,86057605,Family Planners Interest Segment,2052479131570920,Product Reel Warm Voice,1464656530089556,Brand Awareness,0,0,0,0,0,0,0,0,0,0,0,0,0,0,0,0,0,0,0,0,0,0,0,0
2026-04-12,In-App Display,Family Pantry Retention Initiative,Metro Region Prospecting Cohort,86057605,Health Conscious Buyers Retention Segment,1345308351935222,Shelf Story Bold Voice,1224071073531602,Brand Awareness,0,0,0,0,0,0,0,0,0,0,0,0,0,0,0,0,0,0,0,0,0,0,0,0
2026-04-12,Retail Media Network,Family Pantry Retention Initiative,Metro Region Prospecting Cohort,86057605,Health Conscious Buyers Interest Segment,4038732375076011,Promo Banner Friendly Voice,1795647028277080,Brand Awareness,0,0,0,0,0,0,0,0,0,0,0,0,0,0,0,0,0,0,0,0,0,0,0,0
2026-04-12,Connected TV,Family Pantry Retention Initiative,Metro Region Prospecting Cohort,86057605,Health Conscious Buyers Interest Segment,4038732375076011,Shelf Story Warm Voice,5571287986311220,Brand Awareness,0,0,0,0,0,0,0,0,0,0,0,0,0,0,0,0,0,0,0,0,0,0,0,0
2026-04-12,Affiliate Network,Family Pantry Retention Initiative,Metro Region Prospecting Cohort,86057605,Health Conscious Buyers Retention Segment,1345308351935222,Shelf Story Warm Voice,1336999724226908,Brand Awareness,0,0,0,0,0,0,0,0,0,0,0,0,0,0,0,0,0,0,0,0,0,0,0,0
2026-04-12,Video Network,Family Pantry Retention Initiative,Metro Region Prospecting Cohort,86057605,Health Conscious Buyers Interest Segment,4038732375076011,Price Drop Cut Direct Voice,7463263725071030,Brand Awareness,0,0,0,0,0,0,0,0,0,0,0,0,0,0,0,0,0,0,0,0,0,0,0,0
2026-04-12,Shopping Grid,Home Essentials Scale Initiative,Metro Region Loyalty Cohort,86057605,Weekend Deal Hunters Interest Segment,1459448327666023,Product Reel Bold Voice,1341726046078307,Brand Awareness,47.12,53896,0,42768,77,0,0,0,0,16,12,0,0,0,0,14,0,115,0.17,0,0,0,0,0
2026-04-12,Marketplace Feed,Home Essentials Scale Initiative,Metro Region Prospecting Cohort,86057605,Family Planners Interest Segment,2052479131570920,Price Drop Cut Direct Voice,7324105902810892,Brand Awareness,0,0,0,0,0,0,0,0,0,0,0,0,0,0,0,0,0,0,0,0,0,0,0,0
2026-04-11,Display Network,Family Pantry Retention Initiative,Metro Region Prospecting Cohort,86057605,Health Conscious Buyers Affinity Segment,1135622965987651,Price Drop Cut Direct Voice,1376321213572515,Brand Awareness,0,0,0,0,0,0,0,0,0,0,0,0,0,0,0,0,0,0,0,0,0,0,0,0
2026-04-11,Social Feed,Family Pantry Retention Initiative,Metro Region Prospecting Cohort,86057605,Health Conscious Buyers Retention Segment,1345308351935222,Shelf Story Bold Voice,1224071073531602,Brand Awareness,0,0,0,0,0,0,0,0,0,0,0,0,0,0,0,0,0,0,0,0,0,0,0,0
2026-04-11,Discovery Network,Home Essentials Scale Initiative,Metro Region Prospecting Cohort,86057605,Family Planners Interest Segment,2052479131570920,Price Drop Cut Value Voice,1337311684616332,Brand Awareness,0,0,0,0,0,0,0,0,0,0,0,0,0,0,0,0,0,0,0,0,0,0,0,0
2026-04-11,Display Network,Family Pantry Retention Initiative,Metro Region Prospecting Cohort,86057605,Health Conscious Buyers Affinity Segment,1135622965987651,Shelf Story Warm Voice,7615538610890160,Brand Awareness,0,0,0,0,0,0,0,0,0,0,0,0,0,0,0,0,0,0,0,0,0,0,0,0
2026-04-11,Discovery Network,Family Pantry Retention Initiative,Metro Region Prospecting Cohort,86057605,Health Conscious Buyers Interest Segment,4038732375076011,Product Reel Bold Voice,2610832510663182,Brand Awareness,0,0,0,0,0,0,0,0,0,0,0,0,0,0,0,0,0,0,0,0,0,0,0,0
2026-04-11,Video Network,Home Essentials Scale Initiative,Metro Region Prospecting Cohort,86057605,Family Planners Interest Segment,2052479131570920,Shelf Story Warm Voice,8866144267684809,Brand Awareness,0,0,0,0,0,0,0,0,0,0,0,0,0,0,0,0,0,0,0,0,0,0,0,0
2026-04-11,Social Feed,Family Pantry Retention Initiative,Metro Region Prospecting Cohort,86057605,Health Conscious Buyers Affinity Segment,1135622965987651,Product Reel Warm Voice,1149004867408980,Brand Awareness,0,0,0,0,0,0,0,0,0,0,0,0,0,0,0,0,0,0,0,0,0,0,0,0
2026-04-11,Influencer Network,Family Pantry Retention Initiative,Metro Region Prospecting Cohort,86057605,Health Conscious Buyers Affinity Segment,1135622965987651,Shelf Story Bold Voice,3741790868443346,Brand Awareness,0,0,0,0,0,0,0,0,0,0,0,0,0,0,0,0,0,0,0,0,0,0,0,0
2026-04-11,Connected TV,Family Pantry Retention Initiative,Metro Region Prospecting Cohort,86057605,Health Conscious Buyers Interest Segment,4038732375076011,Shelf Story Bold Voice,5252167376816900,Brand Awareness,0,0,0,0,0,0,0,0,0,0,0,0,0,0,0,0,0,0,0,0,0,0,0,0
2026-04-11,Display Network,Home Essentials Scale Initiative,Metro Region Prospecting Cohort,86057605,Family Planners Interest Segment,2052479131570920,Shelf Story Warm Voice,1453411941100364,Brand Awareness,0,0,0,0,0,0,0,0,0,0,0,0,0,0,0,0,0,0,0,0,0,0,0,0
2026-04-11,In-App Display,Family Pantry Retention Initiative,Metro Region Prospecting Cohort,86057605,Health Conscious Buyers Interest Segment,4038732375076011,Product Reel Warm Voice,5024232539393398,Brand Awareness,0,0,0,0,0,0,0,0,0,0,0,0,0,0,0,0,0,0,0,0,0,0,0,0
2026-04-11,Shopping Grid,Home Essentials Scale Initiative,Metro Region Prospecting Cohort,86057605,Family Planners Interest Segment,2052479131570920,Shelf Story Bold Voice,1037070944576843,Brand Awareness,0,0,0,0,0,0,0,0,0,0,0,0,0,0,0,0,0,0,0,0,0,0,0,0
2026-04-11,Influencer Network,Home Essentials Scale Initiative,Metro Region Prospecting Cohort,86057605,Family Planners Interest Segment,2052479131570920,Price Drop Cut Direct Voice,1293082123821342,Brand Awareness,0,0,0,0,0,0,0,0,0,0,0,0,0,0,0,0,0,0,0,0,0,0,0,0
2026-04-11,Connected TV,Home Essentials Scale Initiative,Metro Region Prospecting Cohort,86057605,Family Planners Interest Segment,2052479131570920,Price Drop Cut Value Voice,1450690616595384,Brand Awareness,0,0,0,0,0,0,0,0,0,0,0,0,0,0,0,0,0,0,0,0,0,0,0,0
2026-04-11,Search Network,Home Essentials Scale Initiative,Metro Region Prospecting Cohort,86057605,Family Planners Interest Segment,2052479131570920,Product Reel Bold Voice,8230132190292546,Brand Awareness,0,0,0,0,0,0,0,0,0,0,0,0,0,0,0,0,0,0,0,0,0,0,0,0
2026-04-11,Discovery Network,Family Pantry Retention Initiative,Metro Region Prospecting Cohort,86057605,Health Conscious Buyers Retention Segment,1345308351935222,Shelf Story Warm Voice,1336999724226908,Brand Awareness,0,0,0,0,0,0,0,0,0,0,0,0,0,0,0,0,0,0,0,0,0,0,0,0
2026-04-11,Discovery Network,Seasonal Select Promo Initiative,Metro Region Prospecting Cohort,86057605,Health Conscious Buyers Affinity Segment,1583198464464326,Shelf Story Bold Voice,1616439046180252,Brand Awareness,0,0,0,0,0,0,0,0,0,0,0,0,0,0,0,0,0,0,0,0,0,0,0,0
2026-04-11,Discovery Network,Family Pantry Retention Initiative,Metro Region Prospecting Cohort,86057605,Health Conscious Buyers Affinity Segment,1135622965987651,Shelf Story Warm Voice,6310646509441659,Brand Awareness,0,0,0,0,0,0,0,0,0,0,0,0,0,0,0,0,0,0,0,0,0,0,0,0
2026-04-11,Marketplace Feed,Family Pantry Retention Initiative,Metro Region Prospecting Cohort,86057605,Health Conscious Buyers Retention Segment,1345308351935222,Product Reel Bold Voice,3103965387610382,Brand Awareness,0,0,0,0,0,0,0,0,0,0,0,0,0,0,0,0,0,0,0,0,0,0,0,0
2026-04-11,Influencer Network,Home Essentials Scale Initiative,Metro Region Loyalty Cohort,86057605,Weekend Deal Hunters Interest Segment,1459448327666023,Product Reel Bold Voice,1341726046078307,Brand Awareness,63.07,67716,0,46244,50,0,0,0,0,13,10,0,0,0,0,13,0,102,0.15,0,2,0,0,0
2026-04-11,Retail Media Network,Family Pantry Retention Initiative,Metro Region Prospecting Cohort,86057605,Health Conscious Buyers Retention Segment,1345308351935222,Shelf Story Warm Voice,1784605528875708,Brand Awareness,0,0,0,0,0,0,0,0,0,0,0,0,0,0,0,0,0,0,0,0,0,0,0,0
2026-04-11,Social Feed,Family Pantry Retention Initiative,Metro Region Prospecting Cohort,86057605,Health Conscious Buyers Interest Segment,4038732375076011,Shelf Story Warm Voice,9220444258600248,Brand Awareness,0,0,0,0,0,0,0,0,0,0,0,0,0,0,0,0,0,0,0,0,0,0,0,0
2026-04-11,Shopping Grid,Family Pantry Retention Initiative,Metro Region Prospecting Cohort,86057605,Health Conscious Buyers Retention Segment,1345308351935222,Promo Banner Friendly Voice,6475634155019312,Brand Awareness,0,0,0,0,0,0,0,0,0,0,0,0,0,0,0,0,0,0,0,0,0,0,0,0
2026-04-11,Marketplace Feed,Seasonal Select Promo Initiative,Metro Region Prospecting Cohort,86057605,Health Conscious Buyers Affinity Segment,1583198464464326,Shelf Story Warm Voice,8184969027502042,Brand Awareness,0,0,0,0,0,0,0,0,0,0,0,0,0,0,0,0,0,0,0,0,0,0,0,0
2026-04-11,Affiliate Network,Family Pantry Retention Initiative,Metro Region Prospecting Cohort,86057605,Health Conscious Buyers Affinity Segment,1135622965987651,Shelf Story Warm Voice,1387340628030834,Brand Awareness,0,0,0,0,0,0,0,0,0,0,0,0,0,0,0,0,0,0,0,0,0,0,0,0
2026-04-11,Marketplace Feed,Family Pantry Retention Initiative,Metro Region Prospecting Cohort,86057605,Health Conscious Buyers Affinity Segment,1135622965987651,Price Drop Cut Direct Voice,1738411410074119,Brand Awareness,0,0,0,0,0,0,0,0,0,0,0,0,0,0,0,0,0,0,0,0,0,0,0,0
2026-04-11,Retail Media Network,Home Essentials Scale Initiative,Metro Region Prospecting Cohort,86057605,Family Planners Interest Segment,2052479131570920,Shelf Story Bold Voice,1642534966349722,Brand Awareness,0,0,0,0,0,0,0,0,0,0,0,0,0,0,0,0,0,0,0,0,0,0,0,0
2026-04-11,In-App Display,Home Essentials Scale Initiative,Metro Region Prospecting Cohort,86057605,Family Planners Interest Segment,2052479131570920,Price Drop Cut Direct Voice,7324105902810892,Brand Awareness,0,0,0,0,0,0,0,0,0,0,0,0,0,0,0,0,0,0,0,0,0,0,0,0
2026-04-11,Video Network,Seasonal Select Promo Initiative,Metro Region Prospecting Cohort,86057605,Health Conscious Buyers Affinity Segment,1583198464464326,Shelf Story Bold Voice,5059221348780067,Brand Awareness,0,0,0,0,0,0,0,0,0,0,0,0,0,0,0,0,0,0,0,0,0,0,0,0
2026-04-11,Retail Media Network,Family Pantry Retention Initiative,Metro Region Prospecting Cohort,86057605,Health Conscious Buyers Retention Segment,1345308351935222,Price Drop Cut Direct Voice,1235697900866550,Brand Awareness,0,0,0,0,0,0,0,0,0,0,0,0,0,0,0,0,0,0,0,0,0,0,0,0
2026-04-11,Search Network,Family Pantry Retention Initiative,Metro Region Prospecting Cohort,86057605,Health Conscious Buyers Retention Segment,1345308351935222,Shelf Story Warm Voice,3386014062513396,Brand Awareness,0,0,0,0,0,0,0,0,0,0,0,0,0,0,0,0,0,0,0,0,0,0,0,0
2026-04-11,Affiliate Network,Family Pantry Retention Initiative,Metro Region Prospecting Cohort,86057605,Health Conscious Buyers Interest Segment,4038732375076011,Shelf Story Warm Voice,5571287986311220,Brand Awareness,0,0,0,0,0,0,0,0,0,0,0,0,0,0,0,0,0,0,0,0,0,0,0,0
2026-04-11,Connected TV,Family Pantry Retention Initiative,Metro Region Prospecting Cohort,86057605,Health Conscious Buyers Retention Segment,1345308351935222,Price Drop Cut Direct Voice,1338336336500986,Brand Awareness,0,0,0,0,0,0,0,0,0,0,0,0,0,0,0,0,0,0,0,0,0,0,0,0
2026-04-11,Search Network,Family Pantry Retention Initiative,Metro Region Prospecting Cohort,86057605,Health Conscious Buyers Retention Segment,1345308351935222,Price Drop Cut Value Voice,6635833234332869,Brand Awareness,0,0,0,0,0,0,0,0,0,0,0,0,0,0,0,0,0,0,0,0,0,0,0,0
2026-04-11,Connected TV,Family Pantry Retention Initiative,Metro Region Prospecting Cohort,86057605,Health Conscious Buyers Affinity Segment,1135622965987651,Promo Banner Friendly Voice,8513428259763770,Brand Awareness,0,0,0,0,0,0,0,0,0,0,0,0,0,0,0,0,0,0,0,0,0,0,0,0
2026-04-11,Marketplace Feed,Home Essentials Scale Initiative,Metro Region Prospecting Cohort,86057605,Family Planners Interest Segment,2052479131570920,Shelf Story Warm Voice,1781570544556972,Brand Awareness,0,0,0,0,0,0,0,0,0,0,0,0,0,0,0,0,0,0,0,0,0,0,0,0
2026-04-11,Affiliate Network,Family Pantry Retention Initiative,Metro Region Prospecting Cohort,86057605,Health Conscious Buyers Retention Segment,1345308351935222,Product Reel Warm Voice,9896466908906225,Brand Awareness,0,0,0,0,0,0,0,0,0,0,0,0,0,0,0,0,0,0,0,0,0,0,0,0
2026-04-11,Video Network,Family Pantry Retention Initiative,Metro Region Prospecting Cohort,86057605,Health Conscious Buyers Affinity Segment,1135622965987651,Product Reel Bold Voice,8953408766836705,Brand Awareness,0,0,0,0,0,0,0,0,0,0,0,0,0,0,0,0,0,0,0,0,0,0,0,0
2026-04-11,Social Feed,Home Essentials Scale Initiative,Metro Region Prospecting Cohort,86057605,Family Planners Interest Segment,2052479131570920,Shelf Story Warm Voice,6668703011220466,Brand Awareness,0,0,0,0,0,0,0,0,0,0,0,0,0,0,0,0,0,0,0,0,0,0,0,0
2026-04-11,Search Network,Family Pantry Retention Initiative,Metro Region Prospecting Cohort,86057605,Health Conscious Buyers Interest Segment,4038732375076011,Price Drop Cut Direct Voice,1621355325413800,Brand Awareness,0,0,0,0,0,0,0,0,0,0,0,0,0,0,0,0,0,0,0,0,0,0,0,0
2026-04-11,Video Network,Home Essentials Scale Initiative,Metro Region Prospecting Cohort,86057605,Family Planners Interest Segment,2052479131570920,Shelf Story Warm Voice,1431189176757496,Brand Awareness,0,0,0,0,0,0,0,0,0,0,0,0,0,0,0,0,0,0,0,0,0,0,0,0
2026-04-11,In-App Display,Home Essentials Scale Initiative,Metro Region Prospecting Cohort,86057605,Family Planners Interest Segment,2052479131570920,Product Reel Warm Voice,1464656530089556,Brand Awareness,0,0,0,0,0,0,0,0,0,0,0,0,0,0,0,0,0,0,0,0,0,0,0,0
2026-04-11,In-App Display,Family Pantry Retention Initiative,Metro Region Prospecting Cohort,86057605,Health Conscious Buyers Interest Segment,4038732375076011,Price Drop Cut Direct Voice,7463263725071030,Brand Awareness,0,0,0,0,0,0,0,0,0,0,0,0,0,0,0,0,0,0,0,0,0,0,0,0
2026-04-11,Retail Media Network,Home Essentials Scale Initiative,Metro Region Prospecting Cohort,86057605,Family Planners Interest Segment,2052479131570920,Promo Banner Friendly Voice,7057211523700123,Brand Awareness,0,0,0,0,0,0,0,0,0,0,0,0,0,0,0,0,0,0,0,0,0,0,0,0
2026-04-10,Social Feed,Family Pantry Retention Initiative,Metro Region Prospecting Cohort,86057605,Health Conscious Buyers Retention Segment,1345308351935222,Price Drop Cut Direct Voice,1338336336500986,Brand Awareness,0,0,0,0,0,0,0,0,0,0,0,0,0,0,0,0,0,0,0,0,0,0,0,0
2026-04-10,Connected TV,Seasonal Select Promo Initiative,Metro Region Prospecting Cohort,86057605,Health Conscious Buyers Affinity Segment,1583198464464326,Shelf Story Warm Voice,1658988890526399,Brand Awareness,0,0,0,0,0,0,0,0,0,0,0,0,0,0,0,0,0,0,0,0,0,0,0,0
2026-04-10,Connected TV,Home Essentials Scale Initiative,Metro Region Prospecting Cohort,86057605,Family Planners Interest Segment,2052479131570920,Shelf Story Bold Voice,1642534966349722,Brand Awareness,0,0,0,0,0,0,0,0,0,0,0,0,0,0,0,0,0,0,0,0,0,0,0,0
2026-04-10,Search Network,Family Pantry Retention Initiative,Metro Region Prospecting Cohort,86057605,Health Conscious Buyers Affinity Segment,1135622965987651,Product Reel Bold Voice,8953408766836705,Brand Awareness,0,0,0,0,0,0,0,0,0,0,0,0,0,0,0,0,0,0,0,0,0,0,0,0
2026-04-10,Video Network,Family Pantry Retention Initiative,Metro Region Prospecting Cohort,86057605,Health Conscious Buyers Affinity Segment,1135622965987651,Price Drop Cut Value Voice,3451026948260594,Brand Awareness,0,0,0,0,0,0,0,0,0,0,0,0,0,0,0,0,0,0,0,0,0,0,0,0
2026-04-10,Marketplace Feed,Family Pantry Retention Initiative,Metro Region Prospecting Cohort,86057605,Health Conscious Buyers Interest Segment,4038732375076011,Promo Banner Friendly Voice,1795647028277080,Brand Awareness,0,0,0,0,0,0,0,0,0,0,0,0,0,0,0,0,0,0,0,0,0,0,0,0
2026-04-10,Social Feed,Home Essentials Scale Initiative,Metro Region Prospecting Cohort,86057605,Family Planners Interest Segment,2052479131570920,Shelf Story Bold Voice,1037070944576843,Brand Awareness,0,0,0,0,0,0,0,0,0,0,0,0,0,0,0,0,0,0,0,0,0,0,0,0
2026-04-10,Connected TV,Family Pantry Retention Initiative,Metro Region Prospecting Cohort,86057605,Health Conscious Buyers Interest Segment,4038732375076011,Shelf Story Warm Voice,1071265383635459,Brand Awareness,0,0,0,0,0,0,0,0,0,0,0,0,0,0,0,0,0,0,0,0,0,0,0,0
2026-04-10,Video Network,Home Essentials Scale Initiative,Metro Region Prospecting Cohort,86057605,Family Planners Interest Segment,2052479131570920,Shelf Story Warm Voice,8866144267684809,Brand Awareness,0,0,0,0,0,0,0,0,0,0,0,0,0,0,0,0,0,0,0,0,0,0,0,0
2026-04-10,Social Feed,Home Essentials Scale Initiative,Metro Region Prospecting Cohort,86057605,Family Planners Interest Segment,2052479131570920,Product Reel Warm Voice,1464656530089556,Brand Awareness,0,0,0,0,0,0,0,0,0,0,0,0,0,0,0,0,0,0,0,0,0,0,0,0
2026-04-10,Social Feed,Seasonal Select Promo Initiative,Metro Region Prospecting Cohort,86057605,Family Planners Affinity Segment,8367846490627350,Shelf Story Warm Voice,1290711679971752,Brand Awareness,0,0,0,0,0,0,0,0,0,0,0,0,0,0,0,0,0,0,0,0,0,0,0,0
2026-04-10,Search Network,Family Pantry Retention Initiative,Metro Region Prospecting Cohort,86057605,Health Conscious Buyers Interest Segment,4038732375076011,Price Drop Cut Value Voice,5368036527923125,Brand Awareness,0,0,0,0,0,0,0,0,0,0,0,0,0,0,0,0,0,0,0,0,0,0,0,0
2026-04-10,Influencer Network,Family Pantry Retention Initiative,Metro Region Prospecting Cohort,86057605,Health Conscious Buyers Affinity Segment,1135622965987651,Shelf Story Warm Voice,1387340628030834,Brand Awareness,0,0,0,0,0,0,0,0,0,0,0,0,0,0,0,0,0,0,0,0,0,0,0,0
2026-04-10,Discovery Network,Family Pantry Retention Initiative,Metro Region Prospecting Cohort,86057605,Health Conscious Buyers Interest Segment,4038732375076011,Product Reel Warm Voice,5024232539393398,Brand Awareness,0,0,0,0,0,0,0,0,0,0,0,0,0,0,0,0,0,0,0,0,0,0,0,0
2026-04-10,Social Feed,Family Pantry Retention Initiative,Metro Region Prospecting Cohort,86057605,Health Conscious Buyers Retention Segment,1345308351935222,Shelf Story Warm Voice,1717487861401866,Brand Awareness,0,0,0,0,0,0,0,0,0,0,0,0,0,0,0,0,0,0,0,0,0,0,0,0
2026-04-10,Influencer Network,Family Pantry Retention Initiative,Metro Region Prospecting Cohort,86057605,Health Conscious Buyers Interest Segment,4038732375076011,Price Drop Cut Direct Voice,1621355325413800,Brand Awareness,0,0,0,0,0,0,0,0,0,0,0,0,0,0,0,0,0,0,0,0,0,0,0,0
2026-04-10,Marketplace Feed,Home Essentials Scale Initiative,Metro Region Prospecting Cohort,86057605,Family Planners Interest Segment,2052479131570920,Promo Banner Friendly Voice,7057211523700123,Brand Awareness,0,0,0,0,0,0,0,0,0,0,0,0,0,0,0,0,0,0,0,0,0,0,0,0
2026-04-10,Shopping Grid,Family Pantry Retention Initiative,Metro Region Prospecting Cohort,86057605,Health Conscious Buyers Interest Segment,4038732375076011,Shelf Story Warm Voice,5571287986311220,Brand Awareness,0,0,0,0,0,0,0,0,0,0,0,0,0,0,0,0,0,0,0,0,0,0,0,0
2026-04-10,In-App Display,Family Pantry Retention Initiative,Metro Region Prospecting Cohort,86057605,Health Conscious Buyers Affinity Segment,1135622965987651,Shelf Story Warm Voice,6310646509441659,Brand Awareness,0,0,0,0,0,0,0,0,0,0,0,0,0,0,0,0,0,0,0,0,0,0,0,0
2026-04-10,Marketplace Feed,Family Pantry Retention Initiative,Metro Region Prospecting Cohort,86057605,Health Conscious Buyers Retention Segment,1345308351935222,Shelf Story Warm Voice,1784605528875708,Brand Awareness,0,0,0,0,0,0,0,0,0,0,0,0,0,0,0,0,0,0,0,0,0,0,0,0
2026-04-10,Marketplace Feed,Home Essentials Scale Initiative,Metro Region Prospecting Cohort,86057605,Family Planners Interest Segment,2052479131570920,Price Drop Cut Value Voice,1450690616595384,Brand Awareness,0,0,0,0,0,0,0,0,0,0,0,0,0,0,0,0,0,0,0,0,0,0,0,0
2026-04-10,Influencer Network,Family Pantry Retention Initiative,Metro Region Prospecting Cohort,86057605,Health Conscious Buyers Affinity Segment,1135622965987651,Shelf Story Bold Voice,3741790868443346,Brand Awareness,0,0,0,0,0,0,0,0,0,0,0,0,0,0,0,0,0,0,0,0,0,0,0,0
2026-04-10,Search Network,Family Pantry Retention Initiative,Metro Region Prospecting Cohort,86057605,Health Conscious Buyers Affinity Segment,1135622965987651,Product Reel Warm Voice,1149004867408980,Brand Awareness,0,0,0,0,0,0,0,0,0,0,0,0,0,0,0,0,0,0,0,0,0,0,0,0
2026-04-10,Marketplace Feed,Home Essentials Scale Initiative,Metro Region Prospecting Cohort,86057605,Family Planners Interest Segment,2052479131570920,Shelf Story Warm Voice,6668703011220466,Brand Awareness,0,0,0,0,0,0,0,0,0,0,0,0,0,0,0,0,0,0,0,0,0,0,0,0
2026-04-10,Display Network,Home Essentials Scale Initiative,Metro Region Prospecting Cohort,86057605,Family Planners Interest Segment,2052479131570920,Price Drop Cut Direct Voice,7324105902810892,Brand Awareness,0,0,0,0,0,0,0,0,0,0,0,0,0,0,0,0,0,0,0,0,0,0,0,0
2026-04-10,Video Network,Home Essentials Promo Initiative,Metro Region Conversion Cohort,44948390,Quick Refill Buyers Retention Segment,1899712342036110,Shelf Story Warm Voice,8585579191193727,Brand Awareness,0,0,0,0,0,0,0,0,0,0,0,0,0,0,0,0,0,0,0,0,0,0,0,0
2026-04-10,Marketplace Feed,Family Pantry Retention Initiative,Metro Region Prospecting Cohort,86057605,Health Conscious Buyers Retention Segment,1345308351935222,Shelf Story Warm Voice,3386014062513396,Brand Awareness,0,0,0,0,0,0,0,0,0,0,0,0,0,0,0,0,0,0,0,0,0,0,0,0
2026-04-10,Connected TV,Home Essentials Scale Initiative,Metro Region Prospecting Cohort,86057605,Family Planners Interest Segment,2052479131570920,Price Drop Cut Direct Voice,1293082123821342,Brand Awareness,0,0,0,0,0,0,0,0,0,0,0,0,0,0,0,0,0,0,0,0,0,0,0,0
2026-04-10,Marketplace Feed,Home Essentials Scale Initiative,Metro Region Prospecting Cohort,86057605,Family Planners Interest Segment,2052479131570920,Shelf Story Warm Voice,1431189176757496,Brand Awareness,0,0,0,0,0,0,0,0,0,0,0,0,0,0,0,0,0,0,0,0,0,0,0,0
2026-04-10,Shopping Grid,Family Pantry Retention Initiative,Metro Region Prospecting Cohort,86057605,Health Conscious Buyers Interest Segment,4038732375076011,Shelf Story Warm Voice,6837754902553756,Brand Awareness,0,0,0,0,0,0,0,0,0,0,0,0,0,0,0,0,0,0,0,0,0,0,0,0
2026-04-10,Influencer Network,Home Essentials Scale Initiative,Metro Region Prospecting Cohort,86057605,Family Planners Interest Segment,2052479131570920,Product Reel Bold Voice,8230132190292546,Brand Awareness,0,0,0,0,0,0,0,0,0,0,0,0,0,0,0,0,0,0,0,0,0,0,0,0
2026-04-10,Video Network,Family Pantry Retention Initiative,Metro Region Prospecting Cohort,86057605,Health Conscious Buyers Retention Segment,1345308351935222,Shelf Story Bold Voice,1224071073531602,Brand Awareness,0,0,0,0,0,0,0,0,0,0,0,0,0,0,0,0,0,0,0,0,0,0,0,0
2026-04-10,Affiliate Network,Home Essentials Scale Initiative,Metro Region Prospecting Cohort,86057605,Family Planners Interest Segment,2052479131570920,Price Drop Cut Value Voice,1337311684616332,Brand Awareness,0,0,0,0,0,0,0,0,0,0,0,0,0,0,0,0,0,0,0,0,0,0,0,0
2026-04-10,Search Network,Home Essentials Scale Initiative,Metro Region Loyalty Cohort,86057605,Weekend Deal Hunters Interest Segment,1459448327666023,Product Reel Bold Voice,1341726046078307,Brand Awareness,64.70,55843,0,59982,46,0,0,0,0,14,11,0,0,1,0,19,0,128,0.18,0,1,0,0,0
2026-04-10,Marketplace Feed,Family Pantry Retention Initiative,Metro Region Prospecting Cohort,86057605,Health Conscious Buyers Affinity Segment,1135622965987651,Price Drop Cut Value Voice,1665013466361043,Brand Awareness,0,0,0,0,0,0,0,0,0,0,0,0,0,0,0,0,0,0,0,0,0,0,0,0
2026-04-10,Social Feed,Seasonal Select Promo Initiative,Metro Region Prospecting Cohort,86057605,Health Conscious Buyers Affinity Segment,1583198464464326,Price Drop Cut Direct Voice,1008360782524529,Brand Awareness,0,0,0,0,0,0,0,0,0,0,0,0,0,0,0,0,0,0,0,0,0,0,0,0
2026-04-10,Display Network,Home Essentials Scale Initiative,Metro Region Prospecting Cohort,86057605,Family Planners Interest Segment,2052479131570920,Shelf Story Warm Voice,1781570544556972,Brand Awareness,0,0,0,0,0,0,0,0,0,0,0,0,0,0,0,0,0,0,0,0,0,0,0,0
2026-04-10,Shopping Grid,Family Pantry Retention Initiative,Metro Region Prospecting Cohort,86057605,Health Conscious Buyers Affinity Segment,1135622965987651,Price Drop Cut Direct Voice,1376321213572515,Brand Awareness,0,0,0,0,0,0,0,0,0,0,0,0,0,0,0,0,0,0,0,0,0,0,0,0
2026-04-10,Discovery Network,Family Pantry Retention Initiative,Metro Region Prospecting Cohort,86057605,Health Conscious Buyers Interest Segment,4038732375076011,Product Reel Bold Voice,2610832510663182,Brand Awareness,0,0,0,0,0,0,0,0,0,0,0,0,0,0,0,0,0,0,0,0,0,0,0,0
2026-04-10,Marketplace Feed,Family Pantry Retention Initiative,Metro Region Prospecting Cohort,86057605,Health Conscious Buyers Affinity Segment,1135622965987651,Price Drop Cut Direct Voice,1738411410074119,Brand Awareness,0,0,0,0,0,0,0,0,0,0,0,0,0,0,0,0,0,0,0,0,0,0,0,0
2026-04-10,Influencer Network,Family Pantry Retention Initiative,Metro Region Prospecting Cohort,86057605,Health Conscious Buyers Retention Segment,1345308351935222,Price Drop Cut Direct Voice,1235697900866550,Brand Awareness,0,0,0,0,0,0,0,0,0,0,0,0,0,0,0,0,0,0,0,0,0,0,0,0
2026-04-10,Display Network,Family Pantry Retention Initiative,Metro Region Prospecting Cohort,86057605,Health Conscious Buyers Retention Segment,1345308351935222,Promo Banner Friendly Voice,6475634155019312,Brand Awareness,0,0,0,0,0,0,0,0,0,0,0,0,0,0,0,0,0,0,0,0,0,0,0,0
2026-04-10,Shopping Grid,Family Pantry Retention Initiative,Metro Region Prospecting Cohort,86057605,Health Conscious Buyers Retention Segment,1345308351935222,Product Reel Bold Voice,3103965387610382,Brand Awareness,0,0,0,0,0,0,0,0,0,0,0,0,0,0,0,0,0,0,0,0,0,0,0,0
2026-04-10,Search Network,Family Pantry Retention Initiative,Metro Region Prospecting Cohort,86057605,Health Conscious Buyers Retention Segment,1345308351935222,Shelf Story Warm Voice,1336999724226908,Brand Awareness,0,0,0,0,0,0,0,0,0,0,0,0,0,0,0,0,0,0,0,0,0,0,0,0
2026-04-10,Retail Media Network,Family Pantry Retention Initiative,Metro Region Prospecting Cohort,86057605,Health Conscious Buyers Affinity Segment,1135622965987651,Shelf Story Warm Voice,4677512718707653,Brand Awareness,0,0,0,0,0,0,0,0,0,0,0,0,0,0,0,0,0,0,0,0,0,0,0,0
2026-04-10,Affiliate Network,Family Pantry Retention Initiative,Metro Region Prospecting Cohort,86057605,Health Conscious Buyers Interest Segment,4038732375076011,Shelf Story Bold Voice,3214725233808965,Brand Awareness,0,0,0,0,0,0,0,0,0,0,0,0,0,0,0,0,0,0,0,0,0,0,0,0
2026-04-10,Marketplace Feed,Family Pantry Retention Initiative,Metro Region Prospecting Cohort,86057605,Health Conscious Buyers Interest Segment,4038732375076011,Shelf Story Bold Voice,5252167376816900,Brand Awareness,0,0,0,0,0,0,0,0,0,0,0,0,0,0,0,0,0,0,0,0,0,0,0,0
2026-04-10,Search Network,Seasonal Select Promo Initiative,Metro Region Prospecting Cohort,86057605,Health Conscious Buyers Affinity Segment,1583198464464326,Product Reel Bold Voice,9879327331114134,Brand Awareness,0,0,0,0,0,0,0,0,0,0,0,0,0,0,0,0,0,0,0,0,0,0,0,0
2026-04-10,Video Network,Home Essentials Scale Initiative,Metro Region Prospecting Cohort,86057605,Family Planners Interest Segment,2052479131570920,Shelf Story Warm Voice,1453411941100364,Brand Awareness,0,0,0,0,0,0,0,0,0,0,0,0,0,0,0,0,0,0,0,0,0,0,0,0
2026-04-10,Connected TV,Seasonal Select Promo Initiative,Metro Region Prospecting Cohort,86057605,Family Planners Affinity Segment,8367846490627350,Shelf Story Warm Voice,1521118647743483,Brand Awareness,0,0,0,0,0,0,0,0,0,0,0,0,0,0,0,0,0,0,0,0,0,0,0,0
2026-04-10,Influencer Network,Seasonal Select Promo Initiative,Metro Region Prospecting Cohort,86057605,Family Planners Affinity Segment,8367846490627350,Shelf Story Bold Voice,1443072828443197,Brand Awareness,0,0,0,0,0,0,0,0,0,0,0,0,0,0,0,0,0,0,0,0,0,0,0,0
2026-04-10,Discovery Network,Family Pantry Retention Initiative,Metro Region Prospecting Cohort,86057605,Health Conscious Buyers Affinity Segment,1135622965987651,Shelf Story Warm Voice,7615538610890160,Brand Awareness,0,0,0,0,0,0,0,0,0,0,0,0,0,0,0,0,0,0,0,0,0,0,0,0
2026-04-10,Video Network,Family Pantry Retention Initiative,Metro Region Prospecting Cohort,86057605,Health Conscious Buyers Interest Segment,4038732375076011,Shelf Story Warm Voice,9220444258600248,Brand Awareness,0,0,0,0,0,0,0,0,0,0,0,0,0,0,0,0,0,0,0,0,0,0,0,0
2026-04-09,Influencer Network,Family Pantry Retention Initiative,Metro Region Prospecting Cohort,86057605,Health Conscious Buyers Affinity Segment,1135622965987651,Shelf Story Warm Voice,7615538610890160,Brand Awareness,0,0,0,0,0,0,0,0,0,0,0,0,0,0,0,0,0,0,0,0,0,0,0,0
2026-04-09,Influencer Network,Family Pantry Retention Initiative,Metro Region Prospecting Cohort,86057605,Health Conscious Buyers Affinity Segment,1135622965987651,Shelf Story Warm Voice,1258937255511149,Brand Awareness,0,0,0,0,0,0,0,0,0,0,0,0,0,0,0,0,0,0,0,0,0,0,0,0
2026-04-09,Retail Media Network,Family Pantry Retention Initiative,Metro Region Prospecting Cohort,86057605,Health Conscious Buyers Retention Segment,1345308351935222,Price Drop Cut Direct Voice,1235697900866550,Brand Awareness,0,0,0,0,0,0,0,0,0,0,0,0,0,0,0,0,0,0,0,0,0,0,0,0
2026-04-09,Affiliate Network,Family Pantry Retention Initiative,Metro Region Prospecting Cohort,86057605,Health Conscious Buyers Retention Segment,1345308351935222,Product Reel Bold Voice,3103965387610382,Brand Awareness,0,0,0,0,0,0,0,0,0,0,0,0,0,0,0,0,0,0,0,0,0,0,0,0
2026-04-09,Video Network,Seasonal Select Promo Initiative,Metro Region Prospecting Cohort,86057605,Family Planners Affinity Segment,8367846490627350,Shelf Story Warm Voice,1290711679971752,Brand Awareness,0,0,0,0,0,0,0,0,0,0,0,0,0,0,0,0,0,0,0,0,0,0,0,0
2026-04-09,Discovery Network,Family Pantry Retention Initiative,Metro Region Prospecting Cohort,86057605,Health Conscious Buyers Retention Segment,1345308351935222,Promo Banner Friendly Voice,6475634155019312,Brand Awareness,0,0,0,0,0,0,0,0,0,0,0,0,0,0,0,0,0,0,0,0,0,0,0,0
2026-04-09,Affiliate Network,Family Pantry Retention Initiative,Metro Region Prospecting Cohort,86057605,Health Conscious Buyers Interest Segment,4038732375076011,Shelf Story Warm Voice,5571287986311220,Brand Awareness,0,0,0,0,0,0,0,0,0,0,0,0,0,0,0,0,0,0,0,0,0,0,0,0
2026-04-09,Social Feed,Family Pantry Retention Initiative,Metro Region Prospecting Cohort,86057605,Health Conscious Buyers Affinity Segment,1135622965987651,Promo Banner Friendly Voice,8513428259763770,Brand Awareness,0,0,0,0,0,0,0,0,0,0,0,0,0,0,0,0,0,0,0,0,0,0,0,0
2026-04-09,Discovery Network,Family Pantry Retention Initiative,Metro Region Prospecting Cohort,86057605,Health Conscious Buyers Affinity Segment,1135622965987651,Product Reel Warm Voice,1149004867408980,Brand Awareness,0,0,0,0,0,0,0,0,0,0,0,0,0,0,0,0,0,0,0,0,0,0,0,0
2026-04-09,Display Network,Home Essentials Scale Initiative,Metro Region Prospecting Cohort,86057605,Family Planners Interest Segment,2052479131570920,Shelf Story Bold Voice,1037070944576843,Brand Awareness,0,0,0,0,0,0,0,0,0,0,0,0,0,0,0,0,0,0,0,0,0,0,0,0
2026-04-09,Display Network,Home Essentials Scale Initiative,Metro Region Prospecting Cohort,86057605,Family Planners Interest Segment,2052479131570920,Price Drop Cut Value Voice,1450690616595384,Brand Awareness,0,0,0,0,0,0,0,0,0,0,0,0,0,0,0,0,0,0,0,0,0,0,0,0
2026-04-09,Search Network,Family Pantry Retention Initiative,Metro Region Prospecting Cohort,86057605,Health Conscious Buyers Retention Segment,1345308351935222,Product Reel Warm Voice,9896466908906225,Brand Awareness,0,0,0,0,0,0,0,0,0,0,0,0,0,0,0,0,0,0,0,0,0,0,0,0
2026-04-09,Discovery Network,Family Pantry Retention Initiative,Metro Region Prospecting Cohort,86057605,Health Conscious Buyers Interest Segment,4038732375076011,Shelf Story Warm Voice,1588505872211201,Brand Awareness,0,0,0,0,0,0,0,0,0,0,0,0,0,0,0,0,0,0,0,0,0,0,0,0
2026-04-09,In-App Display,Family Pantry Retention Initiative,Metro Region Prospecting Cohort,86057605,Health Conscious Buyers Interest Segment,4038732375076011,Product Reel Warm Voice,5024232539393398,Brand Awareness,0,0,0,0,0,0,0,0,0,0,0,0,0,0,0,0,0,0,0,0,0,0,0,0
2026-04-09,Shopping Grid,Seasonal Select Promo Initiative,Metro Region Prospecting Cohort,86057605,Health Conscious Buyers Affinity Segment,1583198464464326,Price Drop Cut Value Voice,1200554409043688,Brand Awareness,0,0,0,0,0,0,0,0,0,0,0,0,0,0,0,0,0,0,0,0,0,0,0,0
2026-04-09,Video Network,Family Pantry Retention Initiative,Metro Region Prospecting Cohort,86057605,Health Conscious Buyers Interest Segment,4038732375076011,Promo Banner Friendly Voice,1795647028277080,Brand Awareness,0,0,0,0,0,0,0,0,0,0,0,0,0,0,0,0,0,0,0,0,0,0,0,0
2026-04-09,Video Network,Home Essentials Scale Initiative,Metro Region Prospecting Cohort,86057605,Family Planners Interest Segment,2052479131570920,Shelf Story Bold Voice,1642534966349722,Brand Awareness,0,0,0,0,0,0,0,0,0,0,0,0,0,0,0,0,0,0,0,0,0,0,0,0
2026-04-09,Connected TV,Family Pantry Retention Initiative,Metro Region Prospecting Cohort,86057605,Health Conscious Buyers Affinity Segment,1135622965987651,Shelf Story Warm Voice,1387340628030834,Brand Awareness,0,0,0,0,0,0,0,0,0,0,0,0,0,0,0,0,0,0,0,0,0,0,0,0
2026-04-09,In-App Display,Family Pantry Retention Initiative,Metro Region Prospecting Cohort,86057605,Health Conscious Buyers Affinity Segment,1135622965987651,Price Drop Cut Direct Voice,1738411410074119,Brand Awareness,0,0,0,0,0,0,0,0,0,0,0,0,0,0,0,0,0,0,0,0,0,0,0,0
2026-04-09,Discovery Network,Family Pantry Retention Initiative,Metro Region Prospecting Cohort,86057605,Health Conscious Buyers Interest Segment,4038732375076011,Product Reel Bold Voice,2610832510663182,Brand Awareness,0,0,0,0,0,0,0,0,0,0,0,0,0,0,0,0,0,0,0,0,0,0,0,0
2026-04-09,Discovery Network,Home Essentials Scale Initiative,Metro Region Prospecting Cohort,86057605,Family Planners Interest Segment,2052479131570920,Price Drop Cut Direct Voice,7324105902810892,Brand Awareness,0,0,0,0,0,0,0,0,0,0,0,0,0,0,0,0,0,0,0,0,0,0,0,0
2026-04-09,Marketplace Feed,Family Pantry Retention Initiative,Metro Region Prospecting Cohort,86057605,Health Conscious Buyers Retention Segment,1345308351935222,Price Drop Cut Value Voice,4790194200746643,Brand Awareness,0,0,0,0,0,0,0,0,0,0,0,0,0,0,0,0,0,0,0,0,0,0,0,0
2026-04-09,Affiliate Network,Family Pantry Retention Initiative,Metro Region Prospecting Cohort,86057605,Health Conscious Buyers Retention Segment,1345308351935222,Shelf Story Warm Voice,3386014062513396,Brand Awareness,0,0,0,0,0,0,0,0,0,0,0,0,0,0,0,0,0,0,0,0,0,0,0,0
2026-04-09,Discovery Network,Home Essentials Scale Initiative,Metro Region Prospecting Cohort,86057605,Family Planners Interest Segment,2052479131570920,Shelf Story Warm Voice,6668703011220466,Brand Awareness,0,0,0,0,0,0,0,0,0,0,0,0,0,0,0,0,0,0,0,0,0,0,0,0
2026-04-09,Connected TV,Seasonal Select Promo Initiative,Metro Region Prospecting Cohort,86057605,Family Planners Affinity Segment,8367846490627350,Product Reel Warm Voice,9142555271094977,Brand Awareness,0,0,0,0,0,0,0,0,0,0,0,0,0,0,0,0,0,0,0,0,0,0,0,0
2026-04-09,Retail Media Network,Family Pantry Retention Initiative,Metro Region Prospecting Cohort,86057605,Health Conscious Buyers Interest Segment,4038732375076011,Price Drop Cut Direct Voice,7463263725071030,Brand Awareness,0,0,0,0,0,0,0,0,0,0,0,0,0,0,0,0,0,0,0,0,0,0,0,0
2026-04-09,Connected TV,Family Pantry Retention Initiative,Metro Region Prospecting Cohort,86057605,Health Conscious Buyers Retention Segment,1345308351935222,Price Drop Cut Direct Voice,1338336336500986,Brand Awareness,0,0,0,0,0,0,0,0,0,0,0,0,0,0,0,0,0,0,0,0,0,0,0,0
2026-04-09,Connected TV,Family Pantry Retention Initiative,Metro Region Prospecting Cohort,86057605,Health Conscious Buyers Interest Segment,4038732375076011,Price Drop Cut Direct Voice,1621355325413800,Brand Awareness,0,0,0,0,0,0,0,0,0,0,0,0,0,0,0,0,0,0,0,0,0,0,0,0
2026-04-09,Marketplace Feed,Home Essentials Scale Initiative,Metro Region Prospecting Cohort,86057605,Family Planners Interest Segment,2052479131570920,Product Reel Warm Voice,1464656530089556,Brand Awareness,0,0,0,0,0,0,0,0,0,0,0,0,0,0,0,0,0,0,0,0,0,0,0,0
2026-04-09,In-App Display,Seasonal Select Promo Initiative,Metro Region Prospecting Cohort,86057605,Family Planners Affinity Segment,8367846490627350,Promo Banner Friendly Voice,1307552757281973,Brand Awareness,0,0,0,0,0,0,0,0,0,0,0,0,0,0,0,0,0,0,0,0,0,0,0,0
2026-04-09,Discovery Network,Family Pantry Retention Initiative,Metro Region Prospecting Cohort,86057605,Health Conscious Buyers Interest Segment,4038732375076011,Shelf Story Warm Voice,9220444258600248,Brand Awareness,0,0,0,0,0,0,0,0,0,0,0,0,0,0,0,0,0,0,0,0,0,0,0,0
2026-04-09,Video Network,Family Pantry Retention Initiative,Metro Region Prospecting Cohort,86057605,Health Conscious Buyers Affinity Segment,1135622965987651,Price Drop Cut Value Voice,1665013466361043,Brand Awareness,0,0,0,0,0,0,0,0,0,0,0,0,0,0,0,0,0,0,0,0,0,0,0,0
2026-04-09,Marketplace Feed,Family Pantry Retention Initiative,Metro Region Prospecting Cohort,86057605,Health Conscious Buyers Affinity Segment,1135622965987651,Price Drop Cut Value Voice,3451026948260594,Brand Awareness,0,0,0,0,0,0,0,0,0,0,0,0,0,0,0,0,0,0,0,0,0,0,0,0
2026-04-09,Search Network,Family Pantry Retention Initiative,Metro Region Prospecting Cohort,86057605,Health Conscious Buyers Retention Segment,1345308351935222,Price Drop Cut Value Voice,6635833234332869,Brand Awareness,0,0,0,0,0,0,0,0,0,0,0,0,0,0,0,0,0,0,0,0,0,0,0,0
2026-04-09,Retail Media Network,Home Essentials Scale Initiative,Metro Region Prospecting Cohort,86057605,Family Planners Interest Segment,2052479131570920,Shelf Story Warm Voice,8866144267684809,Brand Awareness,0,0,0,0,0,0,0,0,0,0,0,0,0,0,0,0,0,0,0,0,0,0,0,0
2026-04-09,Retail Media Network,Seasonal Select Promo Initiative,Metro Region Prospecting Cohort,86057605,Family Planners Affinity Segment,8367846490627350,Shelf Story Bold Voice,1513766392359337,Brand Awareness,0,0,0,0,0,0,0,0,0,0,0,0,0,0,0,0,0,0,0,0,0,0,0,0
2026-04-09,Retail Media Network,Home Essentials Scale Initiative,Metro Region Prospecting Cohort,86057605,Family Planners Interest Segment,2052479131570920,Promo Banner Friendly Voice,7057211523700123,Brand Awareness,0,0,0,0,0,0,0,0,0,0,0,0,0,0,0,0,0,0,0,0,0,0,0,0
2026-04-09,Search Network,Home Essentials Scale Initiative,Metro Region Prospecting Cohort,86057605,Family Planners Interest Segment,2052479131570920,Shelf Story Warm Voice,1453411941100364,Brand Awareness,0,0,0,0,0,0,0,0,0,0,0,0,0,0,0,0,0,0,0,0,0,0,0,0
2026-04-09,Influencer Network,Home Essentials Scale Initiative,Metro Region Prospecting Cohort,86057605,Family Planners Interest Segment,2052479131570920,Shelf Story Warm Voice,1431189176757496,Brand Awareness,0,0,0,0,0,0,0,0,0,0,0,0,0,0,0,0,0,0,0,0,0,0,0,0
2026-04-09,Retail Media Network,Family Pantry Retention Initiative,Metro Region Prospecting Cohort,86057605,Health Conscious Buyers Interest Segment,4038732375076011,Shelf Story Warm Voice,6837754902553756,Brand Awareness,0,0,0,0,0,0,0,0,0,0,0,0,0,0,0,0,0,0,0,0,0,0,0,0
2026-04-09,Discovery Network,Family Pantry Retention Initiative,Metro Region Conversion Cohort,38881639,Family Planners Lookalike Segment,1010331617086390,Shelf Story Warm Voice,1022962676348579,Brand Awareness,0,0,0,0,0,0,0,0,0,0,0,0,0,0,0,0,0,0,0,0,0,0,0,0
2026-04-09,Video Network,Family Pantry Retention Initiative,Metro Region Prospecting Cohort,86057605,Health Conscious Buyers Retention Segment,1345308351935222,Shelf Story Warm Voice,1784605528875708,Brand Awareness,0,0,0,0,0,0,0,0,0,0,0,0,0,0,0,0,0,0,0,0,0,0,0,0
2026-04-09,Discovery Network,Family Pantry Retention Initiative,Metro Region Prospecting Cohort,86057605,Health Conscious Buyers Retention Segment,1345308351935222,Shelf Story Bold Voice,1224071073531602,Brand Awareness,0,0,0,0,0,0,0,0,0,0,0,0,0,0,0,0,0,0,0,0,0,0,0,0
2026-04-09,Video Network,Family Pantry Retention Initiative,Metro Region Prospecting Cohort,86057605,Health Conscious Buyers Interest Segment,4038732375076011,Price Drop Cut Value Voice,5368036527923125,Brand Awareness,0,0,0,0,0,0,0,0,0,0,0,0,0,0,0,0,0,0,0,0,0,0,0,0
2026-04-09,Social Feed,Home Essentials Scale Initiative,Metro Region Prospecting Cohort,86057605,Family Planners Interest Segment,2052479131570920,Price Drop Cut Value Voice,1337311684616332,Brand Awareness,0,0,0,0,0,0,0,0,0,0,0,0,0,0,0,0,0,0,0,0,0,0,0,0
2026-04-09,Video Network,Home Essentials Scale Initiative,Metro Region Loyalty Cohort,86057605,Weekend Deal Hunters Interest Segment,1459448327666023,Product Reel Bold Voice,1341726046078307,Brand Awareness,59.92,55309,0,54600,51,0,0,0,0,7,6,0,0,0,0,15,0,103,0.2,1,3,0,0,0
2026-04-09,Marketplace Feed,Seasonal Select Promo Initiative,Metro Region Prospecting Cohort,86057605,Health Conscious Buyers Affinity Segment,1583198464464326,Promo Banner Friendly Voice,1472199163581113,Brand Awareness,0,0,0,0,0,0,0,0,0,0,0,0,0,0,0,0,0,0,0,0,0,0,0,0
2026-04-09,Search Network,Family Pantry Retention Initiative,Metro Region Prospecting Cohort,86057605,Health Conscious Buyers Affinity Segment,1135622965987651,Shelf Story Warm Voice,6310646509441659,Brand Awareness,0,0,0,0,0,0,0,0,0,0,0,0,0,0,0,0,0,0,0,0,0,0,0,0
2026-04-09,Connected TV,Home Essentials Scale Initiative,Metro Region Prospecting Cohort,86057605,Family Planners Interest Segment,2052479131570920,Product Reel Bold Voice,8230132190292546,Brand Awareness,0,0,0,0,0,0,0,0,0,0,0,0,0,0,0,0,0,0,0,0,0,0,0,0
2026-04-09,Retail Media Network,Family Pantry Retention Initiative,Metro Region Prospecting Cohort,86057605,Health Conscious Buyers Interest Segment,4038732375076011,Shelf Story Warm Voice,1071265383635459,Brand Awareness,0,0,0,0,0,0,0,0,0,0,0,0,0,0,0,0,0,0,0,0,0,0,0,0
2026-04-09,Influencer Network,Family Pantry Retention Initiative,Metro Region Prospecting Cohort,86057605,Health Conscious Buyers Affinity Segment,1135622965987651,Shelf Story Warm Voice,4677512718707653,Brand Awareness,0,0,0,0,0,0,0,0,0,0,0,0,0,0,0,0,0,0,0,0,0,0,0,0
2026-04-09,Social Feed,Home Essentials Scale Initiative,Metro Region Prospecting Cohort,86057605,Family Planners Interest Segment,2052479131570920,Price Drop Cut Direct Voice,1293082123821342,Brand Awareness,0,0,0,0,0,0,0,0,0,0,0,0,0,0,0,0,0,0,0,0,0,0,0,0
2026-04-09,Shopping Grid,Family Pantry Retention Initiative,Metro Region Prospecting Cohort,86057605,Health Conscious Buyers Affinity Segment,1135622965987651,Product Reel Bold Voice,8953408766836705,Brand Awareness,0,0,0,0,0,0,0,0,0,0,0,0,0,0,0,0,0,0,0,0,0,0,0,0
2026-04-09,Search Network,Family Pantry Retention Initiative,Metro Region Prospecting Cohort,86057605,Health Conscious Buyers Retention Segment,1345308351935222,Shelf Story Warm Voice,1336999724226908,Brand Awareness,0,0,0,0,0,0,0,0,0,0,0,0,0,0,0,0,0,0,0,0,0,0,0,0
2026-04-09,Marketplace Feed,Home Essentials Scale Initiative,Metro Region Prospecting Cohort,86057605,Family Planners Interest Segment,2052479131570920,Shelf Story Warm Voice,1781570544556972,Brand Awareness,0,0,0,0,0,0,0,0,0,0,0,0,0,0,0,0,0,0,0,0,0,0,0,0
2026-04-09,Discovery Network,Family Pantry Retention Initiative,Metro Region Prospecting Cohort,86057605,Health Conscious Buyers Interest Segment,4038732375076011,Shelf Story Bold Voice,5252167376816900,Brand Awareness,0,0,0,0,0,0,0,0,0,0,0,0,0,0,0,0,0,0,0,0,0,0,0,0
2026-04-09,Connected TV,Family Pantry Retention Initiative,Metro Region Prospecting Cohort,86057605,Health Conscious Buyers Affinity Segment,1135622965987651,Price Drop Cut Direct Voice,1376321213572515,Brand Awareness,0,0,0,0,0,0,0,0,0,0,0,0,0,0,0,0,0,0,0,0,0,0,0,0
2026-04-09,Discovery Network,Family Pantry Retention Initiative,Metro Region Prospecting Cohort,86057605,Health Conscious Buyers Affinity Segment,1135622965987651,Shelf Story Bold Voice,3741790868443346,Brand Awareness,0,0,0,0,0,0,0,0,0,0,0,0,0,0,0,0,0,0,0,0,0,0,0,0
2026-04-08,Shopping Grid,Family Pantry Retention Initiative,Metro Region Prospecting Cohort,86057605,Health Conscious Buyers Interest Segment,4038732375076011,Price Drop Cut Value Voice,5368036527923125,Brand Awareness,0,0,0,0,0,0,0,0,0,0,0,0,0,0,0,0,0,0,0,0,0,0,0,0
2026-04-08,Video Network,Seasonal Select Promo Initiative,Metro Region Prospecting Cohort,86057605,Family Planners Affinity Segment,8367846490627350,Promo Banner Friendly Voice,1307552757281973,Brand Awareness,0,0,0,0,0,0,0,0,0,0,0,0,0,0,0,0,0,0,0,0,0,0,0,0
2026-04-08,Search Network,Family Pantry Retention Initiative,Metro Region Prospecting Cohort,86057605,Health Conscious Buyers Retention Segment,1345308351935222,Price Drop Cut Direct Voice,1235697900866550,Brand Awareness,0,0,0,0,0,0,0,0,0,0,0,0,0,0,0,0,0,0,0,0,0,0,0,0
2026-04-08,Connected TV,Home Essentials Scale Initiative,Metro Region Prospecting Cohort,86057605,Family Planners Interest Segment,2052479131570920,Price Drop Cut Direct Voice,7324105902810892,Brand Awareness,0,0,0,0,0,0,0,0,0,0,0,0,0,0,0,0,0,0,0,0,0,0,0,0
2026-04-08,Search Network,Family Pantry Retention Initiative,Metro Region Prospecting Cohort,86057605,Health Conscious Buyers Interest Segment,4038732375076011,Shelf Story Warm Voice,9220444258600248,Brand Awareness,0,0,0,0,0,0,0,0,0,0,0,0,0,0,0,0,0,0,0,0,0,0,0,0
2026-04-08,In-App Display,Family Pantry Retention Initiative,Metro Region Prospecting Cohort,86057605,Health Conscious Buyers Retention Segment,1345308351935222,Shelf Story Bold Voice,1224071073531602,Brand Awareness,0,0,0,0,0,0,0,0,0,0,0,0,0,0,0,0,0,0,0,0,0,0,0,0
2026-04-08,Influencer Network,Family Pantry Retention Initiative,Metro Region Prospecting Cohort,86057605,Health Conscious Buyers Retention Segment,1345308351935222,Product Reel Warm Voice,9896466908906225,Brand Awareness,0,0,0,0,0,0,0,0,0,0,0,0,0,0,0,0,0,0,0,0,0,0,0,0
2026-04-08,In-App Display,Home Essentials Scale Initiative,Metro Region Prospecting Cohort,86057605,Family Planners Interest Segment,2052479131570920,Shelf Story Warm Voice,1781570544556972,Brand Awareness,0,0,0,0,0,0,0,0,0,0,0,0,0,0,0,0,0,0,0,0,0,0,0,0
2026-04-08,Connected TV,Home Essentials Scale Initiative,Metro Region Prospecting Cohort,86057605,Family Planners Interest Segment,2052479131570920,Product Reel Bold Voice,8230132190292546,Brand Awareness,0,0,0,0,0,0,0,0,0,0,0,0,0,0,0,0,0,0,0,0,0,0,0,0
2026-04-08,Discovery Network,Family Pantry Retention Initiative,Metro Region Prospecting Cohort,86057605,Health Conscious Buyers Interest Segment,4038732375076011,Shelf Story Warm Voice,1588505872211201,Brand Awareness,0,0,0,0,0,0,0,0,0,0,0,0,0,0,0,0,0,0,0,0,0,0,0,0
2026-04-08,Marketplace Feed,Family Pantry Retention Initiative,Metro Region Prospecting Cohort,86057605,Health Conscious Buyers Affinity Segment,1135622965987651,Product Reel Warm Voice,1149004867408980,Brand Awareness,0,0,0,0,0,0,0,0,0,0,0,0,0,0,0,0,0,0,0,0,0,0,0,0
2026-04-08,Connected TV,Family Pantry Retention Initiative,Metro Region Prospecting Cohort,86057605,Health Conscious Buyers Affinity Segment,1135622965987651,Price Drop Cut Value Voice,3451026948260594,Brand Awareness,0,0,0,0,0,0,0,0,0,0,0,0,0,0,0,0,0,0,0,0,0,0,0,0
2026-04-08,Search Network,Family Pantry Retention Initiative,Metro Region Prospecting Cohort,86057605,Health Conscious Buyers Affinity Segment,1135622965987651,Product Reel Bold Voice,8953408766836705,Brand Awareness,0,0,0,0,0,0,0,0,0,0,0,0,0,0,0,0,0,0,0,0,0,0,0,0
2026-04-08,Marketplace Feed,Family Pantry Retention Initiative,Metro Region Prospecting Cohort,86057605,Health Conscious Buyers Affinity Segment,1135622965987651,Shelf Story Warm Voice,6310646509441659,Brand Awareness,0,0,0,0,0,0,0,0,0,0,0,0,0,0,0,0,0,0,0,0,0,0,0,0
2026-04-08,Social Feed,Family Pantry Retention Initiative,Metro Region Prospecting Cohort,86057605,Health Conscious Buyers Affinity Segment,1135622965987651,Shelf Story Warm Voice,1258937255511149,Brand Awareness,0,0,0,0,0,0,0,0,0,0,0,0,0,0,0,0,0,0,0,0,0,0,0,0
2026-04-08,In-App Display,Family Pantry Retention Initiative,Metro Region Prospecting Cohort,86057605,Health Conscious Buyers Interest Segment,4038732375076011,Product Reel Bold Voice,2610832510663182,Brand Awareness,0,0,0,0,0,0,0,0,0,0,0,0,0,0,0,0,0,0,0,0,0,0,0,0
2026-04-08,Retail Media Network,Home Essentials Scale Initiative,Metro Region Prospecting Cohort,86057605,Family Planners Interest Segment,2052479131570920,Price Drop Cut Value Voice,1337311684616332,Brand Awareness,0,0,0,0,0,0,0,0,0,0,0,0,0,0,0,0,0,0,0,0,0,0,0,0
2026-04-08,Search Network,Family Pantry Retention Initiative,Metro Region Prospecting Cohort,86057605,Health Conscious Buyers Retention Segment,1345308351935222,Shelf Story Warm Voice,1717487861401866,Brand Awareness,0,0,0,0,0,0,0,0,0,0,0,0,0,0,0,0,0,0,0,0,0,0,0,0
2026-04-08,Influencer Network,Home Essentials Scale Initiative,Metro Region Loyalty Cohort,86057605,Weekend Deal Hunters Interest Segment,1459448327666023,Product Reel Bold Voice,1341726046078307,Brand Awareness,65.54,51011,0,52408,67,0,0,0,0,16,15,0,0,1,0,17,0,120,0.20,0,1,0,0,0
2026-04-08,Connected TV,Family Pantry Retention Initiative,Metro Region Prospecting Cohort,86057605,Health Conscious Buyers Interest Segment,4038732375076011,Price Drop Cut Value Voice,8188173117790828,Brand Awareness,0,0,0,0,0,0,0,0,0,0,0,0,0,0,0,0,0,0,0,0,0,0,0,0
2026-04-08,Affiliate Network,Seasonal Select Promo Initiative,Metro Region Prospecting Cohort,86057605,Health Conscious Buyers Affinity Segment,1583198464464326,Shelf Story Warm Voice,1398435806475897,Brand Awareness,0,0,0,0,0,0,0,0,0,0,0,0,0,0,0,0,0,0,0,0,0,0,0,0
2026-04-08,Influencer Network,Home Essentials Scale Initiative,Metro Region Prospecting Cohort,86057605,Family Planners Interest Segment,2052479131570920,Product Reel Warm Voice,1464656530089556,Brand Awareness,0,0,0,0,0,0,0,0,0,0,0,0,0,0,0,0,0,0,0,0,0,0,0,0
2026-04-08,Affiliate Network,Family Pantry Retention Initiative,Metro Region Prospecting Cohort,86057605,Health Conscious Buyers Affinity Segment,1135622965987651,Shelf Story Warm Voice,4677512718707653,Brand Awareness,0,0,0,0,0,0,0,0,0,0,0,0,0,0,0,0,0,0,0,0,0,0,0,0
2026-04-08,Retail Media Network,Family Pantry Retention Initiative,Metro Region Prospecting Cohort,86057605,Health Conscious Buyers Interest Segment,4038732375076011,Product Reel Warm Voice,5024232539393398,Brand Awareness,0,0,0,0,0,0,0,0,0,0,0,0,0,0,0,0,0,0,0,0,0,0,0,0
2026-04-08,In-App Display,Family Pantry Retention Initiative,Metro Region Prospecting Cohort,86057605,Health Conscious Buyers Interest Segment,4038732375076011,Price Drop Cut Direct Voice,7463263725071030,Brand Awareness,0,0,0,0,0,0,0,0,0,0,0,0,0,0,0,0,0,0,0,0,0,0,0,0
2026-04-08,Social Feed,Family Pantry Retention Initiative,Metro Region Prospecting Cohort,86057605,Health Conscious Buyers Retention Segment,1345308351935222,Shelf Story Warm Voice,3386014062513396,Brand Awareness,0,0,0,0,0,0,0,0,0,0,0,0,0,0,0,0,0,0,0,0,0,0,0,0
2026-04-08,Search Network,Family Pantry Retention Initiative,Metro Region Prospecting Cohort,86057605,Health Conscious Buyers Retention Segment,1345308351935222,Promo Banner Friendly Voice,6475634155019312,Brand Awareness,0,0,0,0,0,0,0,0,0,0,0,0,0,0,0,0,0,0,0,0,0,0,0,0
2026-04-08,In-App Display,Family Pantry Retention Initiative,Metro Region Prospecting Cohort,86057605,Health Conscious Buyers Retention Segment,1345308351935222,Shelf Story Warm Voice,1109091303659021,Brand Awareness,0,0,0,0,0,0,0,0,0,0,0,0,0,0,0,0,0,0,0,0,0,0,0,0
2026-04-08,Social Feed,Family Pantry Retention Initiative,Metro Region Prospecting Cohort,86057605,Health Conscious Buyers Retention Segment,1345308351935222,Price Drop Cut Direct Voice,1338336336500986,Brand Awareness,0,0,0,0,0,0,0,0,0,0,0,0,0,0,0,0,0,0,0,0,0,0,0,0
2026-04-08,Discovery Network,Family Pantry Retention Initiative,Metro Region Prospecting Cohort,86057605,Health Conscious Buyers Interest Segment,4038732375076011,Shelf Story Warm Voice,5571287986311220,Brand Awareness,0,0,0,0,0,0,0,0,0,0,0,0,0,0,0,0,0,0,0,0,0,0,0,0
2026-04-08,Influencer Network,Family Pantry Retention Initiative,Metro Region Prospecting Cohort,86057605,Health Conscious Buyers Affinity Segment,1135622965987651,Shelf Story Warm Voice,7615538610890160,Brand Awareness,0,0,0,0,0,0,0,0,0,0,0,0,0,0,0,0,0,0,0,0,0,0,0,0
2026-04-08,Influencer Network,Family Pantry Retention Initiative,Metro Region Prospecting Cohort,86057605,Health Conscious Buyers Affinity Segment,1135622965987651,Shelf Story Warm Voice,1387340628030834,Brand Awareness,0,0,0,0,0,0,0,0,0,0,0,0,0,0,0,0,0,0,0,0,0,0,0,0
2026-04-08,Display Network,Family Pantry Retention Initiative,Metro Region Prospecting Cohort,86057605,Health Conscious Buyers Affinity Segment,1135622965987651,Price Drop Cut Direct Voice,1738411410074119,Brand Awareness,0,0,0,0,0,0,0,0,0,0,0,0,0,0,0,0,0,0,0,0,0,0,0,0
2026-04-08,Shopping Grid,Family Pantry Retention Initiative,Metro Region Prospecting Cohort,86057605,Health Conscious Buyers Affinity Segment,1135622965987651,Price Drop Cut Value Voice,1665013466361043,Brand Awareness,0,0,0,0,0,0,0,0,0,0,0,0,0,0,0,0,0,0,0,0,0,0,0,0
2026-04-08,Influencer Network,Family Pantry Retention Initiative,Metro Region Prospecting Cohort,86057605,Health Conscious Buyers Affinity Segment,1135622965987651,Shelf Story Bold Voice,7978204024740970,Brand Awareness,0,0,0,0,0,0,0,0,0,0,0,0,0,0,0,0,0,0,0,0,0,0,0,0
2026-04-08,Discovery Network,Home Essentials Scale Initiative,Metro Region Prospecting Cohort,86057605,Family Planners Interest Segment,2052479131570920,Shelf Story Bold Voice,1037070944576843,Brand Awareness,0,0,0,0,0,0,0,0,0,0,0,0,0,0,0,0,0,0,0,0,0,0,0,0
2026-04-08,Discovery Network,Family Pantry Retention Initiative,Metro Region Prospecting Cohort,86057605,Health Conscious Buyers Interest Segment,4038732375076011,Shelf Story Warm Voice,1071265383635459,Brand Awareness,0,0,0,0,0,0,0,0,0,0,0,0,0,0,0,0,0,0,0,0,0,0,0,0
2026-04-08,Discovery Network,Family Pantry Retention Initiative,Metro Region Prospecting Cohort,86057605,Health Conscious Buyers Retention Segment,1345308351935222,Shelf Story Bold Voice,1676408138262740,Brand Awareness,0,0,0,0,0,0,0,0,0,0,0,0,0,0,0,0,0,0,0,0,0,0,0,0
2026-04-08,In-App Display,Home Essentials Scale Initiative,Metro Region Prospecting Cohort,86057605,Family Planners Interest Segment,2052479131570920,Price Drop Cut Direct Voice,1293082123821342,Brand Awareness,0,0,0,0,0,0,0,0,0,0,0,0,0,0,0,0,0,0,0,0,0,0,0,0
2026-04-08,Connected TV,Home Essentials Scale Initiative,Metro Region Prospecting Cohort,86057605,Family Planners Interest Segment,2052479131570920,Price Drop Cut Value Voice,1450690616595384,Brand Awareness,0,0,0,0,0,0,0,0,0,0,0,0,0,0,0,0,0,0,0,0,0,0,0,0
2026-04-08,Affiliate Network,Home Essentials Promo Initiative,Metro Region Conversion Cohort,44948390,Quick Refill Buyers Retention Segment,1899712342036110,Shelf Story Warm Voice,8585579191193727,Brand Awareness,0,0,0,0,0,0,0,0,0,0,0,0,0,0,0,0,0,0,0,0,0,0,0,0
2026-04-08,Marketplace Feed,Home Essentials Scale Initiative,Metro Region Prospecting Cohort,86057605,Family Planners Interest Segment,2052479131570920,Shelf Story Warm Voice,1431189176757496,Brand Awareness,0,0,0,0,0,0,0,0,0,0,0,0,0,0,0,0,0,0,0,0,0,0,0,0
2026-04-08,Video Network,Seasonal Select Promo Initiative,Metro Region Prospecting Cohort,86057605,Family Planners Affinity Segment,8367846490627350,Price Drop Cut Direct Voice,1282017847074823,Brand Awareness,0,0,0,0,0,0,0,0,0,0,0,0,0,0,0,0,0,0,0,0,0,0,0,0
2026-04-08,Discovery Network,Family Pantry Retention Initiative,Metro Region Prospecting Cohort,86057605,Health Conscious Buyers Interest Segment,4038732375076011,Price Drop Cut Direct Voice,1621355325413800,Brand Awareness,0,0,0,0,0,0,0,0,0,0,0,0,0,0,0,0,0,0,0,0,0,0,0,0
2026-04-08,Influencer Network,Home Essentials Scale Initiative,Metro Region Prospecting Cohort,86057605,Family Planners Interest Segment,2052479131570920,Promo Banner Friendly Voice,7057211523700123,Brand Awareness,0,0,0,0,0,0,0,0,0,0,0,0,0,0,0,0,0,0,0,0,0,0,0,0
2026-04-08,Search Network,Family Pantry Retention Initiative,Metro Region Prospecting Cohort,86057605,Health Conscious Buyers Interest Segment,4038732375076011,Shelf Story Warm Voice,6837754902553756,Brand Awareness,0,0,0,0,0,0,0,0,0,0,0,0,0,0,0,0,0,0,0,0,0,0,0,0
2026-04-08,Display Network,Family Pantry Retention Initiative,Metro Region Prospecting Cohort,86057605,Health Conscious Buyers Interest Segment,4038732375076011,Promo Banner Friendly Voice,1795647028277080,Brand Awareness,0,0,0,0,0,0,0,0,0,0,0,0,0,0,0,0,0,0,0,0,0,0,0,0
2026-04-08,Affiliate Network,Family Pantry Retention Initiative,Metro Region Prospecting Cohort,86057605,Health Conscious Buyers Interest Segment,4038732375076011,Shelf Story Bold Voice,5252167376816900,Brand Awareness,0,0,0,0,0,0,0,0,0,0,0,0,0,0,0,0,0,0,0,0,0,0,0,0
2026-04-08,Video Network,Home Essentials Scale Initiative,Metro Region Prospecting Cohort,86057605,Family Planners Interest Segment,2052479131570920,Shelf Story Warm Voice,1453411941100364,Brand Awareness,0,0,0,0,0,0,0,0,0,0,0,0,0,0,0,0,0,0,0,0,0,0,0,0
2026-04-08,Video Network,Home Essentials Scale Initiative,Metro Region Prospecting Cohort,86057605,Family Planners Interest Segment,2052479131570920,Shelf Story Bold Voice,1642534966349722,Brand Awareness,0,0,0,0,0,0,0,0,0,0,0,0,0,0,0,0,0,0,0,0,0,0,0,0
2026-04-08,Discovery Network,Family Pantry Retention Initiative,Metro Region Prospecting Cohort,86057605,Health Conscious Buyers Affinity Segment,1135622965987651,Promo Banner Friendly Voice,8513428259763770,Brand Awareness,0,0,0,0,0,0,0,0,0,0,0,0,0,0,0,0,0,0,0,0,0,0,0,0
2026-04-08,Affiliate Network,Family Pantry Retention Initiative,Metro Region Prospecting Cohort,86057605,Health Conscious Buyers Retention Segment,1345308351935222,Price Drop Cut Value Voice,4790194200746643,Brand Awareness,0,0,0,0,0,0,0,0,0,0,0,0,0,0,0,0,0,0,0,0,0,0,0,0
2026-04-08,Affiliate Network,Home Essentials Scale Initiative,Metro Region Prospecting Cohort,86057605,Family Planners Interest Segment,2052479131570920,Shelf Story Warm Voice,6668703011220466,Brand Awareness,0,0,0,0,0,0,0,0,0,0,0,0,0,0,0,0,0,0,0,0,0,0,0,0
2026-04-08,Connected TV,Home Essentials Scale Initiative,Metro Region Prospecting Cohort,86057605,Family Planners Interest Segment,2052479131570920,Shelf Story Warm Voice,8866144267684809,Brand Awareness,0,0,0,0,0,0,0,0,0,0,0,0,0,0,0,0,0,0,0,0,0,0,0,0
2026-04-08,Marketplace Feed,Family Pantry Retention Initiative,Metro Region Prospecting Cohort,86057605,Health Conscious Buyers Affinity Segment,1135622965987651,Shelf Story Bold Voice,3741790868443346,Brand Awareness,0,0,0,0,0,0,0,0,0,0,0,0,0,0,0,0,0,0,0,0,0,0,0,0
2026-04-08,Display Network,Family Pantry Retention Initiative,Metro Region Prospecting Cohort,86057605,Health Conscious Buyers Retention Segment,1345308351935222,Product Reel Bold Voice,3103965387610382,Brand Awareness,0,0,0,0,0,0,0,0,0,0,0,0,0,0,0,0,0,0,0,0,0,0,0,0
2026-04-08,Video Network,Family Pantry Retention Initiative,Metro Region Prospecting Cohort,86057605,Health Conscious Buyers Interest Segment,4038732375076011,Shelf Story Bold Voice,3214725233808965,Brand Awareness,0,0,0,0,0,0,0,0,0,0,0,0,0,0,0,0,0,0,0,0,0,0,0,0
2026-04-08,Connected TV,Family Pantry Retention Initiative,Metro Region Prospecting Cohort,86057605,Health Conscious Buyers Retention Segment,1345308351935222,Shelf Story Warm Voice,1336999724226908,Brand Awareness,0,0,0,0,0,0,0,0,0,0,0,0,0,0,0,0,0,0,0,0,0,0,0,0
2026-04-08,Retail Media Network,Family Pantry Retention Initiative,Metro Region Prospecting Cohort,86057605,Health Conscious Buyers Affinity Segment,1135622965987651,Price Drop Cut Direct Voice,1376321213572515,Brand Awareness,0,0,0,0,0,0,0,0,0,0,0,0,0,0,0,0,0,0,0,0,0,0,0,0
2026-04-08,Social Feed,Family Pantry Retention Initiative,Metro Region Prospecting Cohort,86057605,Health Conscious Buyers Retention Segment,1345308351935222,Shelf Story Warm Voice,1784605528875708,Brand Awareness,0,0,0,0,0,0,0,0,0,0,0,0,0,0,0,0,0,0,0,0,0,0,0,0
2026-04-08,Discovery Network,Family Pantry Retention Initiative,Metro Region Prospecting Cohort,86057605,Health Conscious Buyers Retention Segment,1345308351935222,Price Drop Cut Value Voice,6635833234332869,Brand Awareness,0,0,0,0,0,0,0,0,0,0,0,0,0,0,0,0,0,0,0,0,0,0,0,0
2026-04-07,Connected TV,Family Pantry Retention Initiative,Metro Region Prospecting Cohort,86057605,Health Conscious Buyers Retention Segment,1345308351935222,Shelf Story Bold Voice,1676408138262740,Brand Awareness,2.27,822,0,898,0,6,22,8,7,26,22,0,0,0,0,1,0,3,0.36,0,1,0,796,0
2026-04-07,Display Network,Family Pantry Retention Initiative,Metro Region Prospecting Cohort,86057605,Health Conscious Buyers Affinity Segment,1135622965987651,Price Drop Cut Direct Voice,1376321213572515,Brand Awareness,187.93,71433,0,72898,146,100,100,100,100,2432,2149,0,0,0,0,60,0,248,0.29,2,6,0,87680,0
2026-04-07,Discovery Network,Home Essentials Scale Initiative,Metro Region Prospecting Cohort,86057605,Family Planners Interest Segment,2052479131570920,Shelf Story Warm Voice,8866144267684809,Brand Awareness,129.32,30042,0,28619,63,100,100,100,100,1003,968,0,0,0,0,32,0,117,0.33,0,0,0,27194,0
2026-04-07,Discovery Network,Family Pantry Retention Initiative,Metro Region Prospecting Cohort,86057605,Health Conscious Buyers Retention Segment,1345308351935222,Shelf Story Bold Voice,1224071073531602,Brand Awareness,43.1,16376,0,19492,28,100,100,100,100,412,327,0,0,0,0,18,0,50,0.28,0,3,0,17511,0
2026-04-07,Display Network,Family Pantry Retention Initiative,Metro Region Prospecting Cohort,86057605,Health Conscious Buyers Retention Segment,1345308351935222,Shelf Story Warm Voice,3386014062513396,Brand Awareness,32.41,10929,0,11638,60,100,100,100,100,594,562,0,0,0,0,22,0,77,0.72,0,1,0,11864,0
2026-04-07,Affiliate Network,Family Pantry Retention Initiative,Metro Region Prospecting Cohort,86057605,Health Conscious Buyers Interest Segment,4038732375076011,Price Drop Cut Value Voice,5368036527923125,Brand Awareness,28.80,9045,0,9768,50,100,100,100,100,985,685,0,0,0,0,18,0,63,0.79,3,0,0,8448,0
2026-04-07,In-App Display,Family Pantry Retention Initiative,Metro Region Prospecting Cohort,86057605,Health Conscious Buyers Retention Segment,1345308351935222,Shelf Story Warm Voice,1109091303659021,Brand Awareness,6.95,3190,0,3172,7,19,100,66,41,106,112,0,0,0,0,8,0,21,0.68,0,1,0,2845,0
2026-04-07,Influencer Network,Home Essentials Scale Initiative,Metro Region Prospecting Cohort,86057605,Family Planners Interest Segment,2052479131570920,Shelf Story Bold Voice,1642534966349722,Brand Awareness,105.24,23115,0,23224,54,100,100,100,100,598,489,0,0,0,0,29,0,101,0.38,0,2,0,26011,0
2026-04-07,Search Network,Home Essentials Scale Initiative,Metro Region Prospecting Cohort,86057605,Family Planners Interest Segment,2052479131570920,Shelf Story Bold Voice,1037070944576843,Brand Awareness,99.38,24078,0,23501,76,100,100,100,100,681,522,0,0,1,0,38,0,122,0.48,0,2,0,25225,0
2026-04-07,Video Network,Family Pantry Retention Initiative,Metro Region Prospecting Cohort,86057605,Health Conscious Buyers Affinity Segment,1135622965987651,Promo Banner Friendly Voice,8513428259763770,Brand Awareness,19.49,9063,0,9039,25,66,100,100,100,410,347,0,0,1,0,30,0,50,0.52,0,0,0,7584,0
2026-04-07,In-App Display,Home Essentials Scale Initiative,Metro Region Prospecting Cohort,86057605,Family Planners Interest Segment,2052479131570920,Price Drop Cut Value Voice,1337311684616332,Brand Awareness,108.21,21894,0,23782,92,100,100,100,100,1123,943,0,0,0,0,34,0,151,0.64,4,9,0,20317,0
2026-04-07,Social Feed,Family Pantry Retention Initiative,Metro Region Prospecting Cohort,86057605,Health Conscious Buyers Affinity Segment,1135622965987651,Shelf Story Warm Voice,1258937255511149,Brand Awareness,8.01,3875,0,4095,9,35,100,71,55,114,101,0,0,0,0,8,0,21,0.45,0,0,0,3879,0
2026-04-07,Connected TV,Seasonal Select Promo Initiative,Metro Region Prospecting Cohort,86057605,Family Planners Affinity Segment,8367846490627350,Price Drop Cut Direct Voice,1282017847074823,Brand Awareness,0,0,0,0,0,0,0,0,0,0,0,0,0,0,0,0,0,0,0,0,0,0,0,0
2026-04-07,Social Feed,Seasonal Select Promo Initiative,Metro Region Prospecting Cohort,86057605,Health Conscious Buyers Affinity Segment,1583198464464326,Shelf Story Bold Voice,5059221348780067,Brand Awareness,0,0,0,0,0,0,0,0,0,0,0,0,0,0,0,0,0,0,0,0,0,0,0,0
2026-04-07,Shopping Grid,Family Pantry Retention Initiative,Metro Region Prospecting Cohort,86057605,Health Conscious Buyers Affinity Segment,1135622965987651,Shelf Story Warm Voice,7615538610890160,Brand Awareness,78.34,26784,0,25654,86,100,100,100,100,1107,1151,0,0,0,0,94,0,196,0.71,8,9,0,30436,0
2026-04-07,Connected TV,Home Essentials Scale Initiative,Metro Region Prospecting Cohort,86057605,Family Planners Interest Segment,2052479131570920,Shelf Story Warm Voice,1431189176757496,Brand Awareness,124.99,23017,0,27488,49,100,100,100,100,917,981,0,0,1,0,48,0,117,0.49,10,0,0,23281,0
2026-04-07,Shopping Grid,Family Pantry Retention Initiative,Metro Region Prospecting Cohort,86057605,Health Conscious Buyers Interest Segment,4038732375076011,Shelf Story Warm Voice,5571287986311220,Brand Awareness,42.4,18503,0,20204,46,100,100,100,100,1158,836,0,0,0,0,62,0,126,0.56,3,4,0,17994,0
2026-04-07,Video Network,Family Pantry Retention Initiative,Metro Region Prospecting Cohort,86057605,Health Conscious Buyers Retention Segment,1345308351935222,Shelf Story Warm Voice,1717487861401866,Brand Awareness,13.28,3478,0,4134,7,1,21,7,7,49,40,0,0,0,0,10,0,14,0.44,0,0,0,3200,0
2026-04-07,Retail Media Network,Smart Choice Impact Initiative,Central Region Loyalty Cohort,86057605,Health Conscious Buyers Interest Segment,1803813881402166,Shelf Story Warm Voice,4799919365905945,Catalog Engagement,0,0,0,0,0,0,0,0,0,0,0,0,0,0,0,0,0,0,0,0,0,0,0,0
2026-04-07,Video Network,Home Essentials Scale Initiative,Metro Region Prospecting Cohort,86057605,Family Planners Interest Segment,2052479131570920,Price Drop Cut Value Voice,1450690616595384,Brand Awareness,125.00,28490,0,33138,70,53,100,100,100,762,814,0,0,0,0,57,0,160,0.48,1,5,0,31697,0
2026-04-07,Marketplace Feed,Home Essentials Scale Initiative,Metro Region Prospecting Cohort,86057605,Family Planners Interest Segment,2052479131570920,Price Drop Cut Direct Voice,1293082123821342,Brand Awareness,152.14,26487,0,29199,72,100,100,100,100,791,650,0,0,0,0,40,0,145,0.38,0,2,0,30702,0
2026-04-07,Connected TV,Family Pantry Retention Initiative,Metro Region Prospecting Cohort,86057605,Health Conscious Buyers Interest Segment,4038732375076011,Shelf Story Warm Voice,6837754902553756,Brand Awareness,18.86,5601,0,5200,8,9,43,16,15,55,50,0,0,0,0,6,0,16,0.27,0,0,0,5983,0
2026-04-07,Display Network,Family Pantry Retention Initiative,Metro Region Prospecting Cohort,86057605,Health Conscious Buyers Interest Segment,4038732375076011,Price Drop Cut Direct Voice,1621355325413800,Brand Awareness,137.2,65734,0,61095,84,100,100,100,100,2232,1882,0,0,1,0,48,0,172,0.26,1,4,0,58213,0
2026-04-07,Discovery Network,Home Essentials Scale Initiative,Metro Region Prospecting Cohort,86057605,Family Planners Interest Segment,2052479131570920,Shelf Story Warm Voice,1453411941100364,Brand Awareness,123.56,29132,0,30730,62,100,100,100,100,1998,1538,0,0,0,0,61,0,144,0.50,4,6,0,27410,0
2026-04-07,Influencer Network,Family Pantry Retention Initiative,Metro Region Prospecting Cohort,86057605,Health Conscious Buyers Interest Segment,4038732375076011,Product Reel Warm Voice,5024232539393398,Brand Awareness,43.12,10074,0,10289,60,100,100,100,100,1001,733,0,0,1,0,48,0,99,1.2,6,5,0,10888,0
2026-04-07,Video Network,Family Pantry Retention Initiative,Metro Region Prospecting Cohort,86057605,Health Conscious Buyers Interest Segment,4038732375076011,Price Drop Cut Value Voice,8188173117790828,Brand Awareness,3.25,1650,0,1731,5,2,26,8,6,31,28,0,0,0,0,4,0,8,0.47,0,0,0,1457,0
2026-04-07,In-App Display,Home Essentials Scale Initiative,Metro Region Prospecting Cohort,86057605,Family Planners Interest Segment,2052479131570920,Promo Banner Friendly Voice,7057211523700123,Brand Awareness,190.88,35860,0,46414,116,100,100,100,100,2167,1922,0,0,2,0,58,0,204,0.48,1,6,0,43380,0
2026-04-07,Marketplace Feed,Family Pantry Retention Initiative,Metro Region Prospecting Cohort,86057605,Health Conscious Buyers Retention Segment,1345308351935222,Shelf Story Warm Voice,1784605528875708,Brand Awareness,43.87,13970,0,14250,36,100,100,100,100,706,558,0,0,1,0,40,0,120,0.7,12,6,0,12972,0
2026-04-07,In-App Display,Home Essentials Scale Initiative,Metro Region Prospecting Cohort,86057605,Family Planners Interest Segment,2052479131570920,Price Drop Cut Direct Voice,7324105902810892,Brand Awareness,97.92,18242,0,22869,65,100,100,100,100,1027,858,0,0,0,0,10,0,93,0.38,1,4,0,19843,0
2026-04-07,Marketplace Feed,Family Pantry Retention Initiative,Metro Region Prospecting Cohort,86057605,Health Conscious Buyers Retention Segment,1345308351935222,Price Drop Cut Value Voice,4790194200746643,Brand Awareness,6.73,2186,0,2333,3,9,37,18,14,69,52,0,0,0,0,4,0,11,0.48,0,0,0,2232,0
2026-04-07,Search Network,Family Pantry Retention Initiative,Metro Region Prospecting Cohort,86057605,Health Conscious Buyers Affinity Segment,1135622965987651,Price Drop Cut Value Voice,3451026948260594,Brand Awareness,35.40,10481,0,11583,39,100,100,100,100,864,721,0,0,1,0,41,0,89,0.66,2,0,0,12110,0
2026-04-07,Display Network,Home Essentials Scale Initiative,Metro Region Prospecting Cohort,86057605,Family Planners Interest Segment,2052479131570920,Product Reel Bold Voice,8230132190292546,Brand Awareness,173.80,38182,0,40455,111,100,100,100,100,1207,952,0,0,1,0,53,0,210,0.47,3,6,0,36263,0
2026-04-07,Affiliate Network,Family Pantry Retention Initiative,Metro Region Prospecting Cohort,86057605,Health Conscious Buyers Retention Segment,1345308351935222,Product Reel Bold Voice,3103965387610382,Brand Awareness,39.42,14676,0,14826,33,100,100,100,100,463,432,0,0,0,0,22,0,74,0.50,0,1,0,12764,0
2026-04-07,Influencer Network,Seasonal Select Promo Initiative,Metro Region Prospecting Cohort,86057605,Family Planners Affinity Segment,8367846490627350,Price Drop Cut Value Voice,8889722625375687,Brand Awareness,0,0,0,0,0,0,0,0,0,0,0,0,0,0,0,0,0,0,0,0,0,0,0,0
2026-04-07,Connected TV,Family Pantry Retention Initiative,Metro Region Prospecting Cohort,86057605,Health Conscious Buyers Retention Segment,1345308351935222,Shelf Story Warm Voice,1336999724226908,Brand Awareness,29.89,11985,0,12733,37,100,100,100,100,620,597,0,0,0,0,27,0,69,0.60,2,6,0,10877,0
2026-04-07,Social Feed,Family Pantry Retention Initiative,Metro Region Prospecting Cohort,86057605,Health Conscious Buyers Affinity Segment,1135622965987651,Shelf Story Bold Voice,7978204024740970,Brand Awareness,3.35,1240,0,1367,3,4,29,9,9,34,24,0,0,0,0,3,0,4,0.26,0,0,0,1449,0
2026-04-07,Retail Media Network,Family Pantry Retention Initiative,Metro Region Prospecting Cohort,86057605,Health Conscious Buyers Affinity Segment,1135622965987651,Shelf Story Bold Voice,3741790868443346,Brand Awareness,60.49,35155,0,33176,57,100,100,100,100,575,479,0,0,0,0,48,0,132,0.34,1,1,0,33417,0
2026-04-07,Video Network,Family Pantry Retention Initiative,Metro Region Prospecting Cohort,86057605,Health Conscious Buyers Affinity Segment,1135622965987651,Product Reel Warm Voice,1149004867408980,Brand Awareness,110.94,30673,0,24733,69,100,100,100,100,996,888,0,0,2,0,115,0,241,0.8,17,3,0,29438,0
2026-04-07,Video Network,Family Pantry Retention Initiative,Metro Region Prospecting Cohort,86057605,Health Conscious Buyers Affinity Segment,1135622965987651,Price Drop Cut Value Voice,1665013466361043,Brand Awareness,10.36,4008,0,3822,9,9,35,18,13,68,62,0,0,0,0,5,0,16,0.35,0,0,0,3807,0
2026-04-07,Search Network,Home Essentials Scale Initiative,Metro Region Loyalty Cohort,86057605,Weekend Deal Hunters Interest Segment,1459448327666023,Product Reel Bold Voice,1341726046078307,Brand Awareness,60.06,70521,0,57334,70,0,0,0,0,18,15,0,0,0,0,22,0,105,0.17,0,4,0,0,0
2026-04-07,Social Feed,Family Pantry Retention Initiative,Metro Region Prospecting Cohort,86057605,Health Conscious Buyers Affinity Segment,1135622965987651,Shelf Story Warm Voice,4677512718707653,Brand Awareness,30.47,9363,0,10906,22,7,59,22,11,97,90,0,0,0,0,16,0,50,0.50,0,2,0,11234,0
2026-04-07,Connected TV,Family Pantry Retention Initiative,Metro Region Prospecting Cohort,86057605,Health Conscious Buyers Interest Segment,4038732375076011,Shelf Story Bold Voice,3214725233808965,Brand Awareness,2.82,1197,0,1449,5,8,36,15,13,34,27,0,0,0,0,2,0,8,0.60,0,0,0,1287,0
2026-04-07,Affiliate Network,Family Pantry Retention Initiative,Metro Region Prospecting Cohort,86057605,Health Conscious Buyers Interest Segment,4038732375076011,Product Reel Bold Voice,2610832510663182,Brand Awareness,37.95,15655,0,16869,34,100,100,100,100,720,540,0,0,0,0,29,0,79,0.43,1,6,0,18592,0
2026-04-07,Retail Media Network,Seasonal Select Promo Initiative,Metro Region Prospecting Cohort,86057605,Health Conscious Buyers Affinity Segment,1583198464464326,Shelf Story Warm Voice,1398435806475897,Brand Awareness,0,0,0,0,0,0,0,0,0,0,0,0,0,0,0,0,0,0,0,0,0,0,0,0
2026-04-07,Retail Media Network,Seasonal Select Promo Initiative,Metro Region Prospecting Cohort,86057605,Health Conscious Buyers Affinity Segment,1583198464464326,Shelf Story Bold Voice,1616439046180252,Brand Awareness,0,0,0,0,0,0,0,0,0,0,0,0,0,0,0,0,0,0,0,0,0,0,0,0
2026-04-07,Connected TV,Home Essentials Scale Initiative,Metro Region Prospecting Cohort,86057605,Family Planners Interest Segment,2052479131570920,Shelf Story Warm Voice,6668703011220466,Brand Awareness,101.95,23164,0,26735,59,100,100,100,100,916,938,0,0,0,0,25,0,120,0.40,1,0,0,22993,0
2026-04-07,Marketplace Feed,Family Pantry Retention Initiative,Metro Region Conversion Cohort,44948390,Weekend Deal Hunters Interest Segment,1111168710985428,Offer Spotlight Bold Voice,4490884174868010,Brand Awareness,0,0,0,0,0,0,0,0,0,0,0,0,0,0,0,0,0,0,0,0,0,0,0,0
2026-04-07,Display Network,Family Pantry Retention Initiative,Metro Region Prospecting Cohort,86057605,Health Conscious Buyers Retention Segment,1345308351935222,Product Reel Warm Voice,9896466908906225,Brand Awareness,31.42,6640,0,7332,29,84,100,100,100,458,404,0,0,0,0,19,0,78,0.87,7,3,0,6639,0
2026-04-07,In-App Display,Family Pantry Retention Initiative,Metro Region Prospecting Cohort,86057605,Health Conscious Buyers Interest Segment,4038732375076011,Price Drop Cut Direct Voice,7463263725071030,Brand Awareness,64.77,24562,0,29762,44,100,100,100,100,631,522,0,0,0,0,26,0,75,0.27,2,2,0,28244,0
2026-04-07,Influencer Network,Home Essentials Scale Initiative,Metro Region Prospecting Cohort,86057605,Family Planners Interest Segment,2052479131570920,Shelf Story Warm Voice,1781570544556972,Brand Awareness,97.69,23959,0,24753,44,17,100,49,24,357,363,0,0,0,0,35,0,93,0.40,1,4,0,22645,0
2026-04-07,Connected TV,Family Pantry Retention Initiative,Metro Region Prospecting Cohort,86057605,Health Conscious Buyers Interest Segment,4038732375076011,Shelf Story Warm Voice,9220444258600248,Brand Awareness,59.60,19709,0,19226,57,100,100,100,100,1036,893,0,0,3,0,66,0,157,0.69,14,7,0,19007,0
2026-04-07,Video Network,Home Essentials Scale Initiative,Metro Region Prospecting Cohort,86057605,Family Planners Interest Segment,2052479131570920,Product Reel Warm Voice,1464656530089556,Brand Awareness,123.91,31179,0,30173,99,75,100,100,100,1012,991,0,0,0,0,75,0,181,0.60,3,2,0,29394,0
2026-04-07,Display Network,Family Pantry Retention Initiative,Metro Region Prospecting Cohort,86057605,Health Conscious Buyers Interest Segment,4038732375076011,Shelf Story Bold Voice,5252167376816900,Brand Awareness,25.45,10406,0,10701,20,100,100,100,100,242,191,0,0,0,0,7,0,35,0.38,0,1,0,9152,0
2026-04-07,Display Network,Family Pantry Retention Initiative,Metro Region Prospecting Cohort,86057605,Health Conscious Buyers Interest Segment,4038732375076011,Shelf Story Warm Voice,1588505872211201,Brand Awareness,7.06,3333,0,3788,4,26,100,70,42,122,101,0,0,0,0,1,0,8,0.21,0,0,0,3180,0
2026-04-07,Marketplace Feed,Family Pantry Retention Initiative,Metro Region Prospecting Cohort,86057605,Health Conscious Buyers Affinity Segment,1135622965987651,Price Drop Cut Direct Voice,1738411410074119,Brand Awareness,66.12,28613,0,27487,75,100,100,100,100,586,454,0,0,1,0,54,0,127,0.51,0,4,0,27959,0
2026-04-07,Influencer Network,Family Pantry Retention Initiative,Metro Region Prospecting Cohort,86057605,Health Conscious Buyers Affinity Segment,1135622965987651,Shelf Story Warm Voice,1387340628030834,Brand Awareness,65.94,21862,0,25374,65,100,100,100,100,1011,876,0,0,1,0,81,0,217,0.76,15,5,0,24057,0
2026-04-07,Search Network,Family Pantry Retention Initiative,Metro Region Prospecting Cohort,86057605,Health Conscious Buyers Retention Segment,1345308351935222,Price Drop Cut Direct Voice,1235697900866550,Brand Awareness,33.6,13808,0,14300,36,100,100,100,100,391,387,0,0,0,0,23,0,71,0.41,0,1,0,14387,0
2026-04-07,Social Feed,Family Pantry Retention Initiative,Metro Region Prospecting Cohort,86057605,Health Conscious Buyers Interest Segment,4038732375076011,Promo Banner Friendly Voice,1795647028277080,Brand Awareness,21.68,9392,0,8773,38,96,100,100,100,556,484,0,0,0,0,32,0,67,0.67,0,1,0,7814,0
2026-04-07,Affiliate Network,Family Pantry Retention Initiative,Metro Region Prospecting Cohort,86057605,Health Conscious Buyers Retention Segment,1345308351935222,Promo Banner Friendly Voice,6475634155019312,Brand Awareness,19.40,6655,0,6630,30,52,100,100,100,376,319,0,0,0,0,19,0,47,0.71,0,0,0,6549,0
2026-04-07,Search Network,Family Pantry Retention Initiative,Metro Region Prospecting Cohort,86057605,Health Conscious Buyers Retention Segment,1345308351935222,Price Drop Cut Direct Voice,1338336336500986,Brand Awareness,94.35,34566,0,35359,77,100,100,100,100,1585,1455,0,0,1,0,41,0,165,0.36,0,5,0,39885,0
2026-04-07,Social Feed,Family Pantry Retention Initiative,Metro Region Prospecting Cohort,86057605,Health Conscious Buyers Retention Segment,1345308351935222,Price Drop Cut Value Voice,6635833234332869,Brand Awareness,32.42,10077,0,9565,35,100,100,100,100,846,810,0,0,0,0,15,0,65,0.49,1,6,0,10800,0
2026-04-07,Video Network,Family Pantry Retention Initiative,Metro Region Conversion Cohort,38881639,Family Planners Lookalike Segment,1010331617086390,Shelf Story Warm Voice,1022962676348579,Brand Awareness,0,0,0,0,0,0,0,0,0,0,0,0,0,0,0,0,0,0,0,0,0,0,0,0
2026-04-07,In-App Display,Family Pantry Retention Initiative,Metro Region Prospecting Cohort,86057605,Health Conscious Buyers Interest Segment,4038732375076011,Shelf Story Warm Voice,1071265383635459,Brand Awareness,19.94,8393,0,7422,40,100,100,100,100,498,404,0,0,0,0,18,0,66,0.79,0,1,0,7112,0
2026-04-07,Retail Media Network,Family Pantry Retention Initiative,Metro Region Prospecting Cohort,86057605,Health Conscious Buyers Affinity Segment,1135622965987651,Shelf Story Warm Voice,6310646509441659,Brand Awareness,33.28,12497,0,12968,30,100,100,100,100,374,396,0,0,0,0,19,0,63,0.51,0,4,0,10919,0
2026-04-07,Search Network,Family Pantry Retention Initiative,Metro Region Prospecting Cohort,86057605,Health Conscious Buyers Affinity Segment,1135622965987651,Product Reel Bold Voice,8953408766836705,Brand Awareness,50.02,23549,0,21993,45,100,100,100,100,551,502,0,0,0,0,45,0,101,0.40,1,1,0,23618,0
2026-04-06,Marketplace Feed,Family Pantry Retention Initiative,Metro Region Prospecting Cohort,86057605,Health Conscious Buyers Affinity Segment,1135622965987651,Shelf Story Warm Voice,1387340628030834,Brand Awareness,71.40,21685,0,24251,83,100,100,100,100,1054,920,0,0,0,0,109,0,214,0.90,11,8,0,25915,0
2026-04-06,In-App Display,Family Pantry Retention Initiative,Metro Region Prospecting Cohort,86057605,Health Conscious Buyers Interest Segment,4038732375076011,Product Reel Bold Voice,2610832510663182,Brand Awareness,35.1,17264,0,17746,41,100,100,100,100,633,491,0,0,0,0,35,0,68,0.37,0,0,0,17411,0
2026-04-06,Affiliate Network,Family Pantry Retention Initiative,Metro Region Prospecting Cohort,86057605,Health Conscious Buyers Retention Segment,1345308351935222,Price Drop Cut Direct Voice,1338336336500986,Brand Awareness,106.10,40157,0,38997,63,100,100,100,100,1881,1565,0,0,0,0,54,0,156,0.31,3,4,0,43476,0
2026-04-06,Search Network,Family Pantry Retention Initiative,Metro Region Prospecting Cohort,86057605,Health Conscious Buyers Retention Segment,1345308351935222,Price Drop Cut Direct Voice,1235697900866550,Brand Awareness,40.3,19377,0,18404,40,100,100,100,100,471,420,0,0,0,0,27,0,78,0.49,0,3,0,15559,0
2026-04-06,Social Feed,Home Essentials Scale Initiative,Metro Region Prospecting Cohort,86057605,Family Planners Interest Segment,2052479131570920,Price Drop Cut Direct Voice,7324105902810892,Brand Awareness,88.72,20420,0,21029,49,100,100,100,100,1103,808,0,0,0,0,24,0,81,0.35,0,3,0,16953,0
2026-04-06,In-App Display,Seasonal Select Promo Initiative,Metro Region Prospecting Cohort,86057605,Family Planners Affinity Segment,8367846490627350,Shelf Story Warm Voice,1521118647743483,Brand Awareness,0,0,0,0,0,0,0,0,0,0,0,0,0,0,0,0,0,0,0,0,0,0,0,0
2026-04-06,In-App Display,Family Pantry Retention Initiative,Metro Region Prospecting Cohort,86057605,Health Conscious Buyers Interest Segment,4038732375076011,Shelf Story Warm Voice,5571287986311220,Brand Awareness,52.86,19488,0,19361,54,100,100,100,100,1130,1036,0,0,0,0,59,0,130,0.62,3,5,0,19478,0
2026-04-06,Marketplace Feed,Home Essentials Scale Initiative,Metro Region Prospecting Cohort,86057605,Family Planners Interest Segment,2052479131570920,Price Drop Cut Direct Voice,1293082123821342,Brand Awareness,130.10,26092,0,32056,83,100,100,100,100,856,720,0,0,1,0,36,0,155,0.52,1,4,0,25961,0
2026-04-06,Social Feed,Family Pantry Retention Initiative,Metro Region Prospecting Cohort,86057605,Health Conscious Buyers Interest Segment,4038732375076011,Shelf Story Warm Voice,6837754902553756,Brand Awareness,21.9,6422,0,7970,4,4,38,10,5,80,63,0,0,0,0,7,0,16,0.20,0,0,0,6970,0
2026-04-06,Discovery Network,Family Pantry Retention Initiative,Metro Region Prospecting Cohort,86057605,Health Conscious Buyers Retention Segment,1345308351935222,Shelf Story Bold Voice,1676408138262740,Brand Awareness,3.0,1553,0,1440,1,8,41,15,11,33,30,0,0,0,0,2,0,3,0.22,0,0,0,1451,0
2026-04-06,Social Feed,Family Pantry Retention Initiative,Metro Region Prospecting Cohort,86057605,Health Conscious Buyers Affinity Segment,1135622965987651,Price Drop Cut Value Voice,1665013466361043,Brand Awareness,16.52,5726,0,7064,10,14,69,30,15,96,96,0,0,0,0,13,0,26,0.5,0,0,0,5606,0
2026-04-06,Retail Media Network,Family Pantry Retention Initiative,Metro Region Prospecting Cohort,86057605,Health Conscious Buyers Retention Segment,1345308351935222,Price Drop Cut Value Voice,6635833234332869,Brand Awareness,35.38,12108,0,10465,47,100,100,100,100,970,812,0,0,0,0,26,0,65,0.6,0,2,0,9884,0
2026-04-06,Search Network,Seasonal Select Promo Initiative,Metro Region Prospecting Cohort,86057605,Health Conscious Buyers Affinity Segment,1583198464464326,Promo Banner Friendly Voice,1472199163581113,Brand Awareness,0,0,0,0,0,0,0,0,0,0,0,0,0,0,0,0,0,0,0,0,0,0,0,0
2026-04-06,Influencer Network,Family Pantry Retention Initiative,Metro Region Prospecting Cohort,86057605,Health Conscious Buyers Affinity Segment,1135622965987651,Product Reel Warm Voice,1149004867408980,Brand Awareness,92.36,27712,0,29917,80,100,100,100,100,1159,988,0,0,0,0,133,0,271,0.95,11,4,0,27523,0
2026-04-06,Social Feed,Family Pantry Retention Initiative,Metro Region Prospecting Cohort,86057605,Health Conscious Buyers Affinity Segment,1135622965987651,Shelf Story Bold Voice,3741790868443346,Brand Awareness,60.70,29006,0,30403,42,100,100,100,100,494,395,0,0,1,0,32,0,88,0.32,0,0,0,26825,0
2026-04-06,In-App Display,Seasonal Select Promo Initiative,Metro Region Prospecting Cohort,86057605,Health Conscious Buyers Affinity Segment,1583198464464326,Product Reel Bold Voice,9879327331114134,Brand Awareness,0,0,0,0,0,0,0,0,0,0,0,0,0,0,0,0,0,0,0,0,0,0,0,0
2026-04-06,In-App Display,Seasonal Select Promo Initiative,Metro Region Prospecting Cohort,86057605,Health Conscious Buyers Affinity Segment,1583198464464326,Shelf Story Bold Voice,5059221348780067,Brand Awareness,0,0,0,0,0,0,0,0,0,0,0,0,0,0,0,0,0,0,0,0,0,0,0,0
2026-04-06,Connected TV,Family Pantry Retention Initiative,Metro Region Prospecting Cohort,86057605,Health Conscious Buyers Retention Segment,1345308351935222,Shelf Story Warm Voice,1784605528875708,Brand Awareness,39.4,12877,0,13813,42,100,100,100,100,717,680,0,0,0,0,34,0,89,0.59,10,0,0,12748,0
2026-04-06,Influencer Network,Seasonal Select Promo Initiative,Metro Region Prospecting Cohort,86057605,Family Planners Affinity Segment,8367846490627350,Shelf Story Warm Voice,1290711679971752,Brand Awareness,0,0,0,0,0,0,0,0,0,0,0,0,0,0,0,0,0,0,0,0,0,0,0,0
2026-04-06,Retail Media Network,Family Pantry Retention Initiative,Metro Region Prospecting Cohort,86057605,Health Conscious Buyers Retention Segment,1345308351935222,Shelf Story Warm Voice,3386014062513396,Brand Awareness,30.33,11635,0,12812,45,100,100,100,100,707,520,0,0,0,0,24,0,90,0.69,0,2,0,12553,0
2026-04-06,Influencer Network,Family Pantry Retention Initiative,Metro Region Prospecting Cohort,86057605,Health Conscious Buyers Interest Segment,4038732375076011,Shelf Story Warm Voice,9220444258600248,Brand Awareness,68.81,22955,0,22954,67,100,100,100,100,1325,993,0,0,1,0,79,0,177,0.71,15,6,0,17846,0
2026-04-06,Retail Media Network,Family Pantry Retention Initiative,Metro Region Prospecting Cohort,86057605,Health Conscious Buyers Retention Segment,1345308351935222,Shelf Story Warm Voice,1109091303659021,Brand Awareness,9.90,4624,0,4542,14,33,100,90,56,187,151,0,0,0,0,11,0,27,0.59,0,1,0,4386,0
2026-04-06,Influencer Network,Family Pantry Retention Initiative,Metro Region Prospecting Cohort,86057605,Health Conscious Buyers Interest Segment,4038732375076011,Price Drop Cut Direct Voice,7463263725071030,Brand Awareness,67.07,30479,0,29756,62,100,100,100,100,738,635,0,0,0,0,43,0,116,0.38,3,5,0,29237,0
2026-04-06,Marketplace Feed,Family Pantry Retention Initiative,Metro Region Prospecting Cohort,86057605,Health Conscious Buyers Affinity Segment,1135622965987651,Price Drop Cut Direct Voice,1738411410074119,Brand Awareness,59.73,29126,0,30590,55,100,100,100,100,630,506,0,0,0,0,49,0,101,0.4,0,2,0,30091,0
2026-04-06,Influencer Network,Family Pantry Retention Initiative,Metro Region Prospecting Cohort,86057605,Health Conscious Buyers Affinity Segment,1135622965987651,Shelf Story Warm Voice,7615538610890160,Brand Awareness,51.62,25239,0,26288,56,100,100,100,100,957,919,0,0,1,0,79,0,174,0.69,5,9,0,19860,0
2026-04-06,Influencer Network,Home Essentials Scale Initiative,Metro Region Prospecting Cohort,86057605,Family Planners Interest Segment,2052479131570920,Shelf Story Bold Voice,1642534966349722,Brand Awareness,106.03,21911,0,24640,55,100,100,100,100,808,572,0,0,0,0,33,0,112,0.44,1,1,0,22680,0
2026-04-06,Shopping Grid,Family Pantry Retention Initiative,Metro Region Prospecting Cohort,86057605,Health Conscious Buyers Retention Segment,1345308351935222,Promo Banner Friendly Voice,6475634155019312,Brand Awareness,18.74,5133,0,6239,14,51,100,100,80,324,255,0,0,0,0,13,0,31,0.51,0,2,0,5347,0
2026-04-06,Retail Media Network,Family Pantry Retention Initiative,Metro Region Prospecting Cohort,86057605,Health Conscious Buyers Interest Segment,4038732375076011,Shelf Story Warm Voice,1588505872211201,Brand Awareness,9.20,4414,0,4771,19,19,100,69,33,150,135,0,0,0,0,10,0,26,0.55,0,3,0,4618,0
2026-04-06,In-App Display,Home Essentials Scale Initiative,Metro Region Prospecting Cohort,86057605,Family Planners Interest Segment,2052479131570920,Promo Banner Friendly Voice,7057211523700123,Brand Awareness,216.51,36899,0,41410,119,100,100,100,100,2414,1993,0,0,1,0,74,0,216,0.58,3,4,0,41802,0
2026-04-06,Discovery Network,Seasonal Select Promo Initiative,Metro Region Prospecting Cohort,86057605,Family Planners Affinity Segment,8367846490627350,Price Drop Cut Direct Voice,7250010115405304,Brand Awareness,0,0,0,0,0,0,0,0,0,0,0,0,0,0,0,0,0,0,0,0,0,0,0,0
2026-04-06,Video Network,Weekend Saver Retention Initiative,Metro Region Conversion Cohort,44948390,Family Planners Lookalike Segment,6414513530178736,Collection Showcase Warm Voice,1516549417031353,Brand Awareness,0,0,0,0,0,0,0,0,0,0,0,0,0,0,0,0,0,0,0,0,0,0,0,0
2026-04-06,Video Network,Seasonal Select Promo Initiative,Metro Region Prospecting Cohort,86057605,Family Planners Affinity Segment,8367846490627350,Product Reel Warm Voice,9142555271094977,Brand Awareness,0,0,0,0,0,0,0,0,0,0,0,0,0,0,0,0,0,0,0,0,0,0,0,0
2026-04-06,Video Network,Family Pantry Retention Initiative,Metro Region Prospecting Cohort,86057605,Health Conscious Buyers Affinity Segment,1135622965987651,Shelf Story Bold Voice,7978204024740970,Brand Awareness,4.05,1773,0,1846,6,13,53,28,15,49,42,0,0,0,0,3,0,9,0.5,0,0,0,1756,0
2026-04-06,Influencer Network,Family Pantry Retention Initiative,Metro Region Prospecting Cohort,86057605,Health Conscious Buyers Interest Segment,4038732375076011,Promo Banner Friendly Voice,1795647028277080,Brand Awareness,29.8,8933,0,9853,32,89,100,100,100,504,433,0,0,0,0,35,0,58,0.53,2,2,0,10754,0
2026-04-06,Discovery Network,Home Essentials Scale Initiative,Metro Region Prospecting Cohort,86057605,Family Planners Interest Segment,2052479131570920,Shelf Story Warm Voice,1453411941100364,Brand Awareness,150.2,32367,0,30354,80,100,100,100,100,1997,1536,0,0,0,0,66,0,165,0.49,4,3,0,25925,0
2026-04-06,Discovery Network,Family Pantry Retention Initiative,Metro Region Prospecting Cohort,86057605,Health Conscious Buyers Interest Segment,4038732375076011,Price Drop Cut Direct Voice,1621355325413800,Brand Awareness,155.67,74745,0,68552,102,100,100,100,100,2178,2105,0,0,0,0,48,0,173,0.27,5,4,0,65502,0
2026-04-06,Search Network,Home Essentials Scale Initiative,Metro Region Prospecting Cohort,86057605,Family Planners Interest Segment,2052479131570920,Shelf Story Warm Voice,6668703011220466,Brand Awareness,108.99,21011,0,21553,73,100,100,100,100,1186,1101,0,0,0,0,35,0,125,0.45,0,5,0,22458,0
2026-04-06,Video Network,Home Essentials Scale Initiative,Metro Region Prospecting Cohort,86057605,Family Planners Interest Segment,2052479131570920,Shelf Story Warm Voice,8866144267684809,Brand Awareness,130,26891,0,29427,67,100,100,100,100,1161,1038,0,0,0,0,31,0,125,0.4,2,9,0,27202,0
2026-04-06,Affiliate Network,Family Pantry Retention Initiative,Metro Region Prospecting Cohort,86057605,Health Conscious Buyers Interest Segment,4038732375076011,Price Drop Cut Value Voice,5368036527923125,Brand Awareness,33.20,9032,0,11439,50,100,100,100,100,969,762,0,0,0,0,32,0,107,0.98,4,5,0,9508,0
2026-04-06,Video Network,Home Essentials Scale Initiative,Metro Region Prospecting Cohort,86057605,Family Planners Interest Segment,2052479131570920,Shelf Story Warm Voice,1781570544556972,Brand Awareness,105.47,19704,0,22657,55,23,100,66,29,501,356,0,0,1,0,20,0,99,0.37,0,4,0,23075,0
2026-04-06,Retail Media Network,Family Pantry Retention Initiative,Metro Region Prospecting Cohort,86057605,Health Conscious Buyers Retention Segment,1345308351935222,Product Reel Warm Voice,9896466908906225,Brand Awareness,34.55,8398,0,8870,39,100,100,100,100,748,634,0,0,0,0,46,0,105,1.10,11,4,0,9038,0
2026-04-06,Search Network,Seasonal Select Promo Initiative,Metro Region Prospecting Cohort,86057605,Health Conscious Buyers Affinity Segment,1583198464464326,Price Drop Cut Value Voice,1693074427559461,Brand Awareness,0,0,0,0,0,0,0,0,0,0,0,0,0,0,0,0,0,0,0,0,0,0,0,0
2026-04-06,Display Network,Family Pantry Retention Initiative,Metro Region Prospecting Cohort,86057605,Health Conscious Buyers Affinity Segment,1135622965987651,Price Drop Cut Value Voice,3451026948260594,Brand Awareness,38.54,11901,0,14458,51,100,100,100,100,876,891,0,0,0,0,45,0,97,0.72,0,4,0,12379,0
2026-04-06,Connected TV,Family Pantry Retention Initiative,Metro Region Prospecting Cohort,86057605,Health Conscious Buyers Interest Segment,4038732375076011,Shelf Story Bold Voice,5252167376816900,Brand Awareness,70.60,28862,0,35616,63,100,100,100,100,584,518,0,0,0,0,36,0,103,0.33,0,3,0,27468,0
2026-04-06,Connected TV,Home Essentials Scale Initiative,Metro Region Prospecting Cohort,86057605,Family Planners Interest Segment,2052479131570920,Price Drop Cut Value Voice,1450690616595384,Brand Awareness,127.82,27672,0,32078,74,78,100,100,100,996,777,0,0,0,0,47,0,146,0.55,0,6,0,30089,0
2026-04-06,Connected TV,Home Essentials Scale Initiative,Metro Region Prospecting Cohort,86057605,Family Planners Interest Segment,2052479131570920,Shelf Story Warm Voice,1431189176757496,Brand Awareness,114.07,26569,0,24143,73,100,100,100,100,1198,950,0,0,0,0,41,0,156,0.53,18,7,0,26646,0
2026-04-06,Social Feed,Home Essentials Scale Initiative,Metro Region Prospecting Cohort,86057605,Family Planners Interest Segment,2052479131570920,Shelf Story Bold Voice,1037070944576843,Brand Awareness,109.64,23115,0,26698,62,100,100,100,100,806,647,0,0,0,0,35,0,107,0.41,1,1,0,19623,0
2026-04-06,Marketplace Feed,Home Essentials Scale Initiative,Metro Region Prospecting Cohort,86057605,Family Planners Interest Segment,2052479131570920,Product Reel Bold Voice,8230132190292546,Brand Awareness,142.62,32812,0,39157,94,100,100,100,100,995,839,0,0,0,0,73,0,202,0.6,1,6,0,34574,0
2026-04-06,In-App Display,Family Pantry Retention Initiative,Metro Region Prospecting Cohort,86057605,Health Conscious Buyers Interest Segment,4038732375076011,Shelf Story Warm Voice,1071265383635459,Brand Awareness,21.1,8554,0,9383,25,100,100,100,100,494,428,0,0,0,0,12,0,41,0.5,1,5,0,7974,0
2026-04-06,Shopping Grid,Home Essentials Scale Initiative,Metro Region Prospecting Cohort,86057605,Family Planners Interest Segment,2052479131570920,Price Drop Cut Value Voice,1337311684616332,Brand Awareness,120.51,23126,0,23473,92,100,100,100,100,1393,1022,0,0,0,0,45,0,139,0.53,2,6,0,20347,0
2026-04-06,Influencer Network,Home Essentials Scale Initiative,Metro Region Loyalty Cohort,86057605,Weekend Deal Hunters Interest Segment,1459448327666023,Product Reel Bold Voice,1341726046078307,Brand Awareness,66.86,68378,0,55935,56,0,0,0,0,10,8,0,0,1,0,21,0,88,0.13,0,1,0,0,0
2026-04-06,Influencer Network,Family Pantry Retention Initiative,Metro Region Prospecting Cohort,86057605,Health Conscious Buyers Retention Segment,1345308351935222,Shelf Story Warm Voice,1336999724226908,Brand Awareness,31.64,11980,0,13896,27,100,100,100,100,764,618,0,0,0,0,38,0,85,0.62,0,3,0,13517,0
2026-04-06,Retail Media Network,Family Pantry Retention Initiative,Metro Region Prospecting Cohort,86057605,Health Conscious Buyers Retention Segment,1345308351935222,Shelf Story Warm Voice,1717487861401866,Brand Awareness,11.17,4183,0,3724,14,6,32,14,11,71,52,0,0,0,0,5,0,23,0.60,0,0,0,3824,0
2026-04-06,Discovery Network,Family Pantry Retention Initiative,Metro Region Conversion Cohort,38881639,Family Planners Lookalike Segment,1010331617086390,Shelf Story Warm Voice,1022962676348579,Brand Awareness,0,0,0,0,0,0,0,0,0,0,0,0,0,0,0,0,0,0,0,0,0,0,0,0
2026-04-06,Affiliate Network,Family Pantry Retention Initiative,Metro Region Prospecting Cohort,86057605,Health Conscious Buyers Affinity Segment,1135622965987651,Product Reel Bold Voice,8953408766836705,Brand Awareness,39.32,18278,0,15683,34,100,100,100,100,469,367,0,0,0,0,47,0,78,0.53,0,3,0,16572,0
2026-04-06,Shopping Grid,Family Pantry Retention Initiative,Metro Region Prospecting Cohort,86057605,Health Conscious Buyers Affinity Segment,1135622965987651,Price Drop Cut Direct Voice,1376321213572515,Brand Awareness,179.09,67318,0,82175,111,100,100,100,100,2107,1692,0,0,0,0,61,0,254,0.30,0,9,0,67042,0
2026-04-06,Affiliate Network,Seasonal Select Promo Initiative,Metro Region Prospecting Cohort,86057605,Health Conscious Buyers Affinity Segment,1583198464464326,Price Drop Cut Value Voice,1200554409043688,Brand Awareness,0,0,0,0,0,0,0,0,0,0,0,0,0,0,0,0,0,0,0,0,0,0,0,0
2026-04-06,Video Network,Family Pantry Retention Initiative,Metro Region Prospecting Cohort,86057605,Health Conscious Buyers Interest Segment,4038732375076011,Product Reel Warm Voice,5024232539393398,Brand Awareness,44.67,9973,0,12080,40,100,100,100,100,1104,1006,0,0,0,0,59,0,113,0.98,13,4,0,11070,0
2026-04-06,Social Feed,Family Pantry Retention Initiative,Metro Region Prospecting Cohort,86057605,Health Conscious Buyers Interest Segment,4038732375076011,Price Drop Cut Value Voice,8188173117790828,Brand Awareness,5.22,2131,0,2086,8,7,42,18,13,57,53,0,0,0,0,7,0,15,0.60,0,0,0,1961,0
2026-04-06,Retail Media Network,Family Pantry Retention Initiative,Metro Region Prospecting Cohort,86057605,Health Conscious Buyers Retention Segment,1345308351935222,Shelf Story Bold Voice,1224071073531602,Brand Awareness,41.31,16350,0,17867,36,100,100,100,100,492,370,0,0,0,0,19,0,56,0.29,1,2,0,18698,0
2026-04-06,In-App Display,Family Pantry Retention Initiative,Metro Region Prospecting Cohort,86057605,Health Conscious Buyers Retention Segment,1345308351935222,Product Reel Bold Voice,3103965387610382,Brand Awareness,32.08,13093,0,13939,34,100,100,100,100,514,388,0,0,0,0,38,0,87,0.58,0,2,0,12531,0
2026-04-06,Retail Media Network,Home Essentials Scale Initiative,Metro Region Prospecting Cohort,86057605,Family Planners Interest Segment,2052479131570920,Product Reel Warm Voice,1464656530089556,Brand Awareness,139.33,27155,0,31428,99,100,100,100,100,1365,1059,0,0,0,0,67,0,180,0.55,8,4,0,28266,0
2026-04-06,Marketplace Feed,Family Pantry Retention Initiative,Metro Region Prospecting Cohort,86057605,Health Conscious Buyers Affinity Segment,1135622965987651,Shelf Story Warm Voice,4677512718707653,Brand Awareness,35.84,13055,0,13644,32,16,67,26,14,116,82,0,0,0,0,19,0,50,0.42,0,0,0,12919,0
2026-04-06,Discovery Network,Seasonal Select Promo Initiative,Metro Region Prospecting Cohort,86057605,Family Planners Affinity Segment,8367846490627350,Shelf Story Warm Voice,1731346574968277,Brand Awareness,0,0,0,0,0,0,0,0,0,0,0,0,0,0,0,0,0,0,0,0,0,0,0,0
2026-04-06,Discovery Network,Family Pantry Retention Initiative,Metro Region Prospecting Cohort,86057605,Health Conscious Buyers Affinity Segment,1135622965987651,Promo Banner Friendly Voice,8513428259763770,Brand Awareness,23.73,8973,0,9204,16,78,100,100,100,381,316,0,0,0,0,40,0,54,0.6,0,2,0,9384,0
2026-04-06,Affiliate Network,Seasonal Select Promo Initiative,Metro Region Prospecting Cohort,86057605,Family Planners Affinity Segment,8367846490627350,Price Drop Cut Value Voice,5563277853788674,Brand Awareness,0,0,0,0,0,0,0,0,0,0,0,0,0,0,0,0,0,0,0,0,0,0,0,0
2026-04-06,Connected TV,Family Pantry Retention Initiative,Metro Region Prospecting Cohort,86057605,Health Conscious Buyers Retention Segment,1345308351935222,Price Drop Cut Value Voice,4790194200746643,Brand Awareness,9.88,3265,0,3442,12,13,66,25,22,89,91,0,0,0,0,7,0,24,0.53,1,0,0,3441,0
2026-04-06,Retail Media Network,Seasonal Select Promo Initiative,Metro Region Prospecting Cohort,86057605,Family Planners Affinity Segment,8367846490627350,Price Drop Cut Value Voice,8889722625375687,Brand Awareness,0,0,0,0,0,0,0,0,0,0,0,0,0,0,0,0,0,0,0,0,0,0,0,0
2026-04-06,Social Feed,Family Pantry Retention Initiative,Metro Region Prospecting Cohort,86057605,Health Conscious Buyers Affinity Segment,1135622965987651,Shelf Story Warm Voice,1258937255511149,Brand Awareness,11.15,4683,0,5480,8,29,100,82,52,158,115,0,0,1,0,15,0,21,0.49,0,0,0,5051,0
2026-04-06,Shopping Grid,Family Pantry Retention Initiative,Metro Region Prospecting Cohort,86057605,Health Conscious Buyers Interest Segment,4038732375076011,Shelf Story Bold Voice,3214725233808965,Brand Awareness,3.60,1666,0,1673,3,8,44,19,14,49,36,0,0,0,0,0,0,6,0.36,0,1,0,1890,0
2026-04-06,Shopping Grid,Family Pantry Retention Initiative,Metro Region Prospecting Cohort,86057605,Health Conscious Buyers Affinity Segment,1135622965987651,Shelf Story Warm Voice,6310646509441659,Brand Awareness,30.7,9779,0,12066,24,98,100,100,100,385,352,0,0,0,0,20,0,51,0.47,0,2,0,9766,0
2026-04-05,Discovery Network,Home Essentials Scale Initiative,Metro Region Loyalty Cohort,86057605,Weekend Deal Hunters Interest Segment,1459448327666023,Product Reel Bold Voice,1341726046078307,Brand Awareness,78.05,85972,0,65592,86,0,0,0,0,19,13,0,0,0,0,12,0,131,0.16,0,4,0,0,0
2026-04-05,Affiliate Network,Seasonal Select Promo Initiative,Metro Region Prospecting Cohort,86057605,Health Conscious Buyers Affinity Segment,1583198464464326,Price Drop Cut Direct Voice,1008360782524529,Brand Awareness,0,0,0,0,0,0,0,0,0,0,0,0,0,0,0,0,0,0,0,0,0,0,0,0
2026-04-05,Shopping Grid,Family Pantry Retention Initiative,Metro Region Prospecting Cohort,86057605,Health Conscious Buyers Affinity Segment,1135622965987651,Promo Banner Friendly Voice,8513428259763770,Brand Awareness,40.3,14169,0,14659,38,68,100,100,100,452,403,0,0,0,0,44,0,86,0.53,0,2,0,14910,0
2026-04-05,Connected TV,Family Pantry Retention Initiative,Metro Region Prospecting Cohort,86057605,Health Conscious Buyers Affinity Segment,1135622965987651,Price Drop Cut Direct Voice,1376321213572515,Brand Awareness,179.23,66690,0,77773,109,100,100,100,100,1990,1803,0,0,2,0,49,0,235,0.29,1,2,0,69143,0
2026-04-05,Marketplace Feed,Family Pantry Retention Initiative,Metro Region Prospecting Cohort,86057605,Health Conscious Buyers Affinity Segment,1135622965987651,Price Drop Cut Direct Voice,1738411410074119,Brand Awareness,71.99,30271,0,33436,65,100,100,100,100,502,520,0,0,0,0,38,0,111,0.39,1,2,0,31470,0
2026-04-05,Video Network,Seasonal Select Promo Initiative,Metro Region Prospecting Cohort,86057605,Health Conscious Buyers Affinity Segment,1583198464464326,Shelf Story Warm Voice,1658988890526399,Brand Awareness,0,0,0,0,0,0,0,0,0,0,0,0,0,0,0,0,0,0,0,0,0,0,0,0
2026-04-05,Affiliate Network,Family Pantry Retention Initiative,Metro Region Prospecting Cohort,86057605,Health Conscious Buyers Affinity Segment,1135622965987651,Shelf Story Warm Voice,6310646509441659,Brand Awareness,39.51,14414,0,13740,32,100,100,100,100,456,370,0,0,1,0,16,0,71,0.49,1,1,0,14045,0
2026-04-05,Search Network,Family Pantry Retention Initiative,Metro Region Prospecting Cohort,86057605,Health Conscious Buyers Retention Segment,1345308351935222,Shelf Story Warm Voice,1784605528875708,Brand Awareness,29.19,11004,0,13632,37,100,100,100,100,691,491,0,0,0,0,37,0,79,0.65,5,4,0,11841,0
2026-04-05,Shopping Grid,Family Pantry Retention Initiative,Metro Region Prospecting Cohort,86057605,Health Conscious Buyers Interest Segment,4038732375076011,Promo Banner Friendly Voice,1795647028277080,Brand Awareness,39.94,12306,0,13299,51,81,100,100,100,560,553,0,0,0,0,34,0,87,0.74,1,3,0,11153,0
2026-04-05,Display Network,Weekend Saver Retention Initiative,Metro Region Conversion Cohort,44948390,Family Planners Interest Segment,9001467427315218,Shelf Story Warm Voice,1469019764729968,Brand Awareness,0,0,0,0,0,0,0,0,0,0,0,0,0,0,0,0,0,0,0,0,0,0,0,0
2026-04-05,Video Network,Family Pantry Retention Initiative,Metro Region Prospecting Cohort,86057605,Health Conscious Buyers Retention Segment,1345308351935222,Price Drop Cut Value Voice,6635833234332869,Brand Awareness,36.61,12983,0,13019,49,100,100,100,100,879,743,0,0,1,0,25,0,90,0.71,1,1,0,11814,0
2026-04-05,Social Feed,Family Pantry Retention Initiative,Metro Region Prospecting Cohort,86057605,Health Conscious Buyers Retention Segment,1345308351935222,Shelf Story Warm Voice,1109091303659021,Brand Awareness,11.57,5136,0,5243,17,35,100,88,51,187,169,0,0,0,0,7,0,31,0.53,0,1,0,5659,0
2026-04-05,Marketplace Feed,Home Essentials Scale Initiative,Metro Region Prospecting Cohort,86057605,Family Planners Interest Segment,2052479131570920,Shelf Story Warm Voice,8866144267684809,Brand Awareness,126.26,25866,0,25863,92,100,100,100,100,1073,1045,0,0,0,0,41,0,161,0.55,0,6,0,25282,0
2026-04-05,Discovery Network,Family Pantry Retention Initiative,Metro Region Prospecting Cohort,86057605,Health Conscious Buyers Retention Segment,1345308351935222,Price Drop Cut Value Voice,4790194200746643,Brand Awareness,11.37,3682,0,4412,9,8,77,39,17,105,101,0,0,0,0,6,0,15,0.34,0,0,0,4234,0
2026-04-05,Marketplace Feed,Family Pantry Retention Initiative,Metro Region Prospecting Cohort,86057605,Health Conscious Buyers Interest Segment,4038732375076011,Shelf Story Warm Voice,1071265383635459,Brand Awareness,24.75,10072,0,10196,35,100,100,100,100,529,451,0,0,0,0,13,0,61,0.46,1,1,0,11922,0
2026-04-05,Influencer Network,Home Essentials Scale Initiative,Metro Region Prospecting Cohort,86057605,Family Planners Interest Segment,2052479131570920,Shelf Story Warm Voice,1431189176757496,Brand Awareness,129.35,26273,0,28817,73,100,100,100,100,1301,1102,0,0,0,0,55,0,175,0.64,9,5,0,23000,0
2026-04-05,Marketplace Feed,Family Pantry Retention Initiative,Metro Region Prospecting Cohort,86057605,Health Conscious Buyers Interest Segment,4038732375076011,Shelf Story Warm Voice,1588505872211201,Brand Awareness,12.79,6214,0,6147,13,40,100,97,50,188,169,0,0,0,0,7,0,18,0.27,0,0,0,5588,0
2026-04-05,In-App Display,Seasonal Select Promo Initiative,Metro Region Prospecting Cohort,86057605,Family Planners Affinity Segment,8367846490627350,Shelf Story Warm Voice,1290711679971752,Brand Awareness,0,0,0,0,0,0,0,0,0,0,0,0,0,0,0,0,0,0,0,0,0,0,0,0
2026-04-05,Discovery Network,Home Essentials Scale Initiative,Metro Region Prospecting Cohort,86057605,Family Planners Interest Segment,2052479131570920,Product Reel Bold Voice,8230132190292546,Brand Awareness,161.26,32805,0,30431,78,100,100,100,100,1090,947,0,0,2,0,69,0,169,0.53,0,5,0,31713,0
2026-04-05,Discovery Network,Family Pantry Retention Initiative,Metro Region Prospecting Cohort,86057605,Health Conscious Buyers Retention Segment,1345308351935222,Shelf Story Warm Voice,1336999724226908,Brand Awareness,35.1,13042,0,12615,37,100,100,100,100,703,659,0,0,0,0,31,0,81,0.60,1,4,0,12933,0
2026-04-05,Affiliate Network,Family Pantry Retention Initiative,Metro Region Prospecting Cohort,86057605,Health Conscious Buyers Affinity Segment,1135622965987651,Shelf Story Bold Voice,7978204024740970,Brand Awareness,5.78,2698,0,2556,4,10,51,19,14,40,39,0,0,0,0,1,0,9,0.28,0,1,0,2585,0
2026-04-05,Shopping Grid,Family Pantry Retention Initiative,Metro Region Prospecting Cohort,86057605,Health Conscious Buyers Affinity Segment,1135622965987651,Price Drop Cut Value Voice,1665013466361043,Brand Awareness,27.5,10674,0,11526,20,23,100,44,32,162,157,0,0,0,0,12,0,51,0.47,1,1,0,10353,0
2026-04-05,Video Network,Seasonal Select Promo Initiative,Metro Region Prospecting Cohort,86057605,Health Conscious Buyers Affinity Segment,1583198464464326,Shelf Story Bold Voice,1616439046180252,Brand Awareness,0,0,0,0,0,0,0,0,0,0,0,0,0,0,0,0,0,0,0,0,0,0,0,0
2026-04-05,Search Network,Family Pantry Retention Initiative,Metro Region Prospecting Cohort,86057605,Health Conscious Buyers Retention Segment,1345308351935222,Product Reel Bold Voice,3103965387610382,Brand Awareness,29.04,12311,0,13804,30,100,100,100,100,513,388,0,0,0,0,14,0,59,0.39,0,2,0,12995,0
2026-04-05,Retail Media Network,Family Pantry Retention Initiative,Metro Region Prospecting Cohort,86057605,Health Conscious Buyers Affinity Segment,1135622965987651,Shelf Story Warm Voice,1258937255511149,Brand Awareness,12.83,5742,0,5925,8,18,100,65,38,153,106,0,0,0,0,4,0,20,0.35,0,0,0,5180,0
2026-04-05,Discovery Network,Family Pantry Retention Initiative,Metro Region Prospecting Cohort,86057605,Health Conscious Buyers Retention Segment,1345308351935222,Product Reel Warm Voice,9896466908906225,Brand Awareness,29.78,8588,0,9354,38,57,100,100,100,433,412,0,0,0,0,36,0,95,0.83,3,2,0,8542,0
2026-04-05,Connected TV,Home Essentials Scale Initiative,Metro Region Prospecting Cohort,86057605,Family Planners Interest Segment,2052479131570920,Price Drop Cut Value Voice,1337311684616332,Brand Awareness,106.83,23694,0,26419,100,100,100,100,100,1234,1114,0,0,0,0,34,0,142,0.50,0,2,0,20056,0
2026-04-05,Shopping Grid,Family Pantry Retention Initiative,Metro Region Prospecting Cohort,86057605,Health Conscious Buyers Interest Segment,4038732375076011,Price Drop Cut Value Voice,5368036527923125,Brand Awareness,29.51,9663,0,12544,56,100,100,100,100,924,751,0,0,0,0,29,0,92,0.82,2,6,0,11280,0
2026-04-05,Display Network,Family Pantry Retention Initiative,Metro Region Prospecting Cohort,86057605,Health Conscious Buyers Retention Segment,1345308351935222,Promo Banner Friendly Voice,6475634155019312,Brand Awareness,18.00,6089,0,6645,22,39,100,100,80,339,283,0,0,1,0,20,0,38,0.61,0,1,0,5743,0
2026-04-05,Retail Media Network,Seasonal Select Promo Initiative,Metro Region Prospecting Cohort,86057605,Family Planners Affinity Segment,8367846490627350,Promo Banner Friendly Voice,1307552757281973,Brand Awareness,0,0,0,0,0,0,0,0,0,0,0,0,0,0,0,0,0,0,0,0,0,0,0,0
2026-04-05,Display Network,Seasonal Select Promo Initiative,Metro Region Prospecting Cohort,86057605,Family Planners Affinity Segment,8367846490627350,Price Drop Cut Value Voice,5563277853788674,Brand Awareness,0,0,0,0,0,0,0,0,0,0,0,0,0,0,0,0,0,0,0,0,0,0,0,0
2026-04-05,Search Network,Family Pantry Retention Initiative,Metro Region Prospecting Cohort,86057605,Health Conscious Buyers Interest Segment,4038732375076011,Shelf Story Warm Voice,9220444258600248,Brand Awareness,51.82,17712,0,19764,44,100,100,100,100,915,747,0,0,0,0,59,0,127,0.64,7,2,0,18975,0
2026-04-05,Display Network,Family Pantry Retention Initiative,Metro Region Prospecting Cohort,86057605,Health Conscious Buyers Affinity Segment,1135622965987651,Shelf Story Warm Voice,7615538610890160,Brand Awareness,68.93,28030,0,29587,52,100,100,100,100,1065,875,0,0,1,0,83,0,156,0.61,5,7,0,25593,0
2026-04-05,Affiliate Network,Family Pantry Retention Initiative,Metro Region Prospecting Cohort,86057605,Health Conscious Buyers Interest Segment,4038732375076011,Shelf Story Bold Voice,5252167376816900,Brand Awareness,49.69,22393,0,26619,42,100,100,100,100,505,364,0,0,0,0,30,0,79,0.35,1,1,0,22708,0
2026-04-05,Retail Media Network,Family Pantry Retention Initiative,Metro Region Prospecting Cohort,86057605,Health Conscious Buyers Affinity Segment,1135622965987651,Shelf Story Warm Voice,1387340628030834,Brand Awareness,76.59,27473,0,24893,72,100,100,100,100,880,737,0,0,2,0,71,0,211,0.71,17,10,0,27270,0
2026-04-05,Discovery Network,Family Pantry Retention Initiative,Metro Region Prospecting Cohort,86057605,Health Conscious Buyers Retention Segment,1345308351935222,Price Drop Cut Direct Voice,1235697900866550,Brand Awareness,40.48,15828,0,19783,39,100,100,100,100,585,472,0,0,0,0,23,0,75,0.40,1,3,0,18993,0
2026-04-05,Shopping Grid,Seasonal Select Promo Initiative,Metro Region Prospecting Cohort,86057605,Family Planners Affinity Segment,8367846490627350,Product Reel Bold Voice,1533913016753531,Brand Awareness,0,0,0,0,0,0,0,0,0,0,0,0,0,0,0,0,0,0,0,0,0,0,0,0
2026-04-05,Display Network,Family Pantry Retention Initiative,Metro Region Prospecting Cohort,86057605,Health Conscious Buyers Affinity Segment,1135622965987651,Shelf Story Warm Voice,4677512718707653,Brand Awareness,40.38,12181,0,14182,22,9,62,22,15,130,105,0,0,0,0,21,0,50,0.4,0,2,0,15176,0
2026-04-05,Affiliate Network,Weekend Saver Retention Initiative,Metro Region Conversion Cohort,44948390,Family Planners Lookalike Segment,6414513530178736,Shelf Story Warm Voice,1528485474993574,Brand Awareness,0,0,0,0,0,0,0,0,0,0,0,0,0,0,0,0,0,0,0,0,0,0,0,0
2026-04-05,Display Network,Home Essentials Scale Initiative,Metro Region Prospecting Cohort,86057605,Family Planners Interest Segment,2052479131570920,Product Reel Warm Voice,1464656530089556,Brand Awareness,140.30,25520,0,26694,83,100,100,100,100,1315,1023,0,0,1,0,78,0,174,0.67,7,3,0,29763,0
2026-04-05,Affiliate Network,Family Pantry Retention Initiative,Metro Region Prospecting Cohort,86057605,Health Conscious Buyers Interest Segment,4038732375076011,Price Drop Cut Direct Voice,7463263725071030,Brand Awareness,53.23,24072,0,30913,59,100,100,100,100,654,624,0,0,0,0,43,0,100,0.33,0,7,0,25645,0
2026-04-05,Video Network,Home Essentials Scale Initiative,Metro Region Prospecting Cohort,86057605,Family Planners Interest Segment,2052479131570920,Promo Banner Friendly Voice,7057211523700123,Brand Awareness,188.72,47679,0,46222,124,100,100,100,100,2374,1932,0,0,2,0,94,0,229,0.50,15,11,0,41385,0
2026-04-05,Connected TV,Home Essentials Scale Initiative,Metro Region Prospecting Cohort,86057605,Family Planners Interest Segment,2052479131570920,Shelf Story Bold Voice,1642534966349722,Brand Awareness,108.53,23374,0,23951,65,100,100,100,100,840,657,0,0,0,0,25,0,106,0.46,0,4,0,24611,0
2026-04-05,Connected TV,Family Pantry Retention Initiative,Metro Region Prospecting Cohort,86057605,Health Conscious Buyers Interest Segment,4038732375076011,Shelf Story Warm Voice,6837754902553756,Brand Awareness,26.04,8616,0,8823,20,11,47,17,15,89,84,0,0,0,0,7,0,40,0.40,1,0,0,7463,0
2026-04-05,Connected TV,Family Pantry Retention Initiative,Metro Region Prospecting Cohort,86057605,Health Conscious Buyers Interest Segment,4038732375076011,Price Drop Cut Value Voice,8188173117790828,Brand Awareness,10.85,3887,0,4239,9,8,50,21,12,85,61,0,0,0,0,2,0,16,0.32,0,0,0,3807,0
2026-04-05,Social Feed,Family Pantry Retention Initiative,Metro Region Prospecting Cohort,86057605,Health Conscious Buyers Retention Segment,1345308351935222,Shelf Story Warm Voice,1717487861401866,Brand Awareness,12.04,3829,0,4368,7,5,31,10,10,64,58,0,0,0,0,10,0,17,0.44,0,0,0,4143,0
2026-04-05,Connected TV,Family Pantry Retention Initiative,Metro Region Conversion Cohort,38881639,Family Planners Lookalike Segment,1010331617086390,Shelf Story Warm Voice,1022962676348579,Brand Awareness,0,0,0,0,0,0,0,0,0,0,0,0,0,0,0,0,0,0,0,0,0,0,0,0
2026-04-05,Connected TV,Family Pantry Retention Initiative,Metro Region Prospecting Cohort,86057605,Health Conscious Buyers Retention Segment,1345308351935222,Price Drop Cut Direct Voice,1338336336500986,Brand Awareness,95.6,39990,0,41233,69,100,100,100,100,1663,1573,0,0,1,0,39,0,110,0.32,0,1,0,39050,0
2026-04-05,Display Network,Family Pantry Retention Initiative,Metro Region Prospecting Cohort,86057605,Health Conscious Buyers Retention Segment,1345308351935222,Shelf Story Bold Voice,1676408138262740,Brand Awareness,3.76,1839,0,2092,7,9,64,25,16,56,46,0,0,0,0,1,0,10,0.6,0,1,0,1632,0
2026-04-05,Connected TV,Family Pantry Retention Initiative,Metro Region Prospecting Cohort,86057605,Health Conscious Buyers Interest Segment,4038732375076011,Product Reel Warm Voice,5024232539393398,Brand Awareness,37.19,11488,0,12052,38,100,100,100,100,608,479,0,0,0,0,34,0,98,0.7,11,2,0,10415,0
2026-04-05,Discovery Network,Home Essentials Scale Initiative,Metro Region Prospecting Cohort,86057605,Family Planners Interest Segment,2052479131570920,Shelf Story Warm Voice,1453411941100364,Brand Awareness,128.35,30142,0,29708,96,100,100,100,100,1967,1859,0,0,1,0,75,0,215,0.60,13,7,0,29801,0
2026-04-05,In-App Display,Home Essentials Scale Initiative,Metro Region Prospecting Cohort,86057605,Family Planners Interest Segment,2052479131570920,Shelf Story Warm Voice,6668703011220466,Brand Awareness,118.18,24844,0,22701,74,100,100,100,100,1098,1038,0,0,0,0,35,0,122,0.53,1,6,0,21557,0
2026-04-05,Connected TV,Seasonal Select Promo Initiative,Metro Region Prospecting Cohort,86057605,Health Conscious Buyers Affinity Segment,1583198464464326,Promo Banner Friendly Voice,1472199163581113,Brand Awareness,0,0,0,0,0,0,0,0,0,0,0,0,0,0,0,0,0,0,0,0,0,0,0,0
2026-04-05,Shopping Grid,Home Essentials Scale Initiative,Metro Region Prospecting Cohort,86057605,Family Planners Interest Segment,2052479131570920,Price Drop Cut Direct Voice,7324105902810892,Brand Awareness,94,19985,0,19088,43,100,100,100,100,1163,950,0,0,1,0,24,0,90,0.41,0,1,0,19568,0
2026-04-05,In-App Display,Seasonal Select Promo Initiative,Metro Region Prospecting Cohort,86057605,Health Conscious Buyers Affinity Segment,1583198464464326,Product Reel Bold Voice,9879327331114134,Brand Awareness,0,0,0,0,0,0,0,0,0,0,0,0,0,0,0,0,0,0,0,0,0,0,0,0
2026-04-05,Discovery Network,Family Pantry Retention Initiative,Metro Region Prospecting Cohort,86057605,Health Conscious Buyers Affinity Segment,1135622965987651,Price Drop Cut Value Voice,3451026948260594,Brand Awareness,54.1,16084,0,16617,48,100,100,100,100,982,755,0,0,0,0,20,0,82,0.43,0,2,0,14116,0
2026-04-05,Affiliate Network,Family Pantry Retention Initiative,Metro Region Prospecting Cohort,86057605,Health Conscious Buyers Affinity Segment,1135622965987651,Shelf Story Bold Voice,3741790868443346,Brand Awareness,49.13,21126,0,23356,44,100,100,100,100,434,353,0,0,0,0,24,0,73,0.28,0,5,0,23829,0
2026-04-05,Shopping Grid,Family Pantry Retention Initiative,Metro Region Prospecting Cohort,86057605,Health Conscious Buyers Affinity Segment,1135622965987651,Product Reel Warm Voice,1149004867408980,Brand Awareness,95.96,28774,0,28924,53,100,100,100,100,865,747,0,0,0,0,111,0,166,0.61,7,1,0,27553,0
2026-04-05,Discovery Network,Weekend Saver Retention Initiative,Metro Region Conversion Cohort,44948390,Family Planners Lookalike Segment,6414513530178736,Price Drop Cut Direct Voice,1778721621071784,Brand Awareness,0,0,0,0,0,0,0,0,0,0,0,0,0,0,0,0,0,0,0,0,0,0,0,0
2026-04-05,Social Feed,Home Essentials Scale Initiative,Metro Region Prospecting Cohort,86057605,Family Planners Interest Segment,2052479131570920,Shelf Story Bold Voice,1037070944576843,Brand Awareness,122.86,21430,0,27211,67,100,100,100,100,725,637,0,0,0,0,47,0,104,0.5,1,4,0,20155,0
2026-04-05,Social Feed,Family Pantry Retention Initiative,Metro Region Prospecting Cohort,86057605,Health Conscious Buyers Retention Segment,1345308351935222,Shelf Story Warm Voice,3386014062513396,Brand Awareness,31.97,12874,0,13756,44,100,100,100,100,710,602,0,0,0,0,23,0,74,0.55,2,0,0,11024,0
2026-04-05,Retail Media Network,Home Essentials Scale Initiative,Metro Region Prospecting Cohort,86057605,Family Planners Interest Segment,2052479131570920,Price Drop Cut Value Voice,1450690616595384,Brand Awareness,121.26,30931,0,29970,93,90,100,100,100,1068,792,0,0,0,0,45,0,167,0.54,0,5,0,29464,0
2026-04-05,Shopping Grid,Home Essentials Scale Initiative,Metro Region Prospecting Cohort,86057605,Family Planners Interest Segment,2052479131570920,Price Drop Cut Direct Voice,1293082123821342,Brand Awareness,134.25,29721,0,33443,98,100,100,100,100,972,763,0,0,0,0,44,0,130,0.50,0,5,0,28762,0
2026-04-05,Marketplace Feed,Home Essentials Scale Initiative,Metro Region Prospecting Cohort,86057605,Family Planners Interest Segment,2052479131570920,Shelf Story Warm Voice,1781570544556972,Brand Awareness,113.42,20337,0,20953,39,20,100,58,29,466,423,0,0,0,0,23,0,91,0.39,0,7,0,22865,0
2026-04-05,Search Network,Family Pantry Retention Initiative,Metro Region Prospecting Cohort,86057605,Health Conscious Buyers Interest Segment,4038732375076011,Product Reel Bold Voice,2610832510663182,Brand Awareness,39.21,16522,0,15771,58,100,100,100,100,594,467,0,0,0,0,18,0,87,0.43,0,2,0,15777,0
2026-04-05,Marketplace Feed,Weekend Saver Retention Initiative,Metro Region Conversion Cohort,44948390,Family Planners Interest Segment,9001467427315218,Shelf Story Bold Voice,1654622554129855,Brand Awareness,0,0,0,0,0,0,0,0,0,0,0,0,0,0,0,0,0,0,0,0,0,0,0,0
2026-04-05,Discovery Network,Family Pantry Retention Initiative,Metro Region Prospecting Cohort,86057605,Health Conscious Buyers Interest Segment,4038732375076011,Shelf Story Warm Voice,5571287986311220,Brand Awareness,55.28,19273,0,23794,59,100,100,100,100,1011,858,0,0,0,0,51,0,119,0.53,1,5,0,23269,0
2026-04-05,Search Network,Seasonal Select Promo Initiative,Metro Region Prospecting Cohort,86057605,Family Planners Affinity Segment,8367846490627350,Shelf Story Warm Voice,1632831223312463,Brand Awareness,0,0,0,0,0,0,0,0,0,0,0,0,0,0,0,0,0,0,0,0,0,0,0,0
2026-04-05,In-App Display,Family Pantry Retention Initiative,Metro Region Prospecting Cohort,86057605,Health Conscious Buyers Affinity Segment,1135622965987651,Product Reel Bold Voice,8953408766836705,Brand Awareness,43.94,18926,0,21196,31,100,100,100,100,453,441,0,0,0,0,37,0,90,0.42,1,3,0,17618,0
2026-04-05,Retail Media Network,Family Pantry Retention Initiative,Metro Region Prospecting Cohort,86057605,Health Conscious Buyers Interest Segment,4038732375076011,Price Drop Cut Direct Voice,1621355325413800,Brand Awareness,139.40,62764,0,70700,86,100,100,100,100,2399,1975,0,0,1,0,50,0,159,0.22,4,4,0,64972,0
2026-04-05,Retail Media Network,Seasonal Select Promo Initiative,Metro Region Prospecting Cohort,86057605,Health Conscious Buyers Affinity Segment,1583198464464326,Price Drop Cut Value Voice,1693074427559461,Brand Awareness,0,0,0,0,0,0,0,0,0,0,0,0,0,0,0,0,0,0,0,0,0,0,0,0
2026-04-05,Shopping Grid,Family Pantry Retention Initiative,Metro Region Prospecting Cohort,86057605,Health Conscious Buyers Interest Segment,4038732375076011,Shelf Story Bold Voice,3214725233808965,Brand Awareness,5.32,2262,0,2115,5,10,54,26,19,51,43,0,0,0,0,0,0,5,0.19,0,0,0,2446,0
2026-04-05,Discovery Network,Seasonal Select Promo Initiative,Metro Region Prospecting Cohort,86057605,Family Planners Affinity Segment,8367846490627350,Price Drop Cut Direct Voice,1282017847074823,Brand Awareness,0,0,0,0,0,0,0,0,0,0,0,0,0,0,0,0,0,0,0,0,0,0,0,0
2026-04-05,Affiliate Network,Family Pantry Retention Initiative,Metro Region Prospecting Cohort,86057605,Health Conscious Buyers Retention Segment,1345308351935222,Shelf Story Bold Voice,1224071073531602,Brand Awareness,38.65,17105,0,15908,30,100,100,100,100,338,298,0,0,0,0,25,0,61,0.39,0,2,0,16818,0
2026-04-04,Video Network,Family Pantry Retention Initiative,Metro Region Conversion Cohort,44948390,Bulk Buyers Retention Segment,1517535631787237,Product Reel Bold Voice,5584704922281582,Catalog Engagement,0,0,0,0,0,0,0,0,0,0,0,0,0,0,0,0,0,0,0,0,0,0,0,0
2026-04-04,Influencer Network,Family Pantry Retention Initiative,Metro Region Prospecting Cohort,86057605,Health Conscious Buyers Retention Segment,1345308351935222,Shelf Story Warm Voice,1717487861401866,Brand Awareness,7.77,2817,0,2449,10,3,26,7,3,45,40,0,0,0,0,4,0,20,0.73,0,0,0,2808,0
2026-04-04,In-App Display,Family Pantry Retention Initiative,Metro Region Prospecting Cohort,86057605,Health Conscious Buyers Retention Segment,1345308351935222,Shelf Story Bold Voice,1676408138262740,Brand Awareness,2.21,826,0,803,6,11,30,23,18,31,23,0,0,0,0,0,0,6,0.74,0,0,0,762,0
2026-04-04,Display Network,Seasonal Select Promo Initiative,Metro Region Prospecting Cohort,86057605,Family Planners Affinity Segment,8367846490627350,Shelf Story Warm Voice,1290711679971752,Brand Awareness,0,0,0,0,0,0,0,0,0,0,0,0,0,0,0,0,0,0,0,0,0,0,0,0
2026-04-04,Retail Media Network,Family Pantry Retention Initiative,Metro Region Prospecting Cohort,86057605,Health Conscious Buyers Affinity Segment,1135622965987651,Product Reel Bold Voice,8953408766836705,Brand Awareness,47.84,16659,0,18399,56,100,100,100,100,440,328,0,0,0,0,27,0,90,0.43,0,4,0,18431,0
2026-04-04,Affiliate Network,Home Essentials Scale Initiative,Metro Region Prospecting Cohort,86057605,Family Planners Interest Segment,2052479131570920,Price Drop Cut Value Voice,1337311684616332,Brand Awareness,109.43,21914,0,23188,95,100,100,100,100,1159,947,0,0,1,0,35,0,170,0.53,4,6,0,20650,0
2026-04-04,Discovery Network,Family Pantry Retention Initiative,Metro Region Prospecting Cohort,86057605,Health Conscious Buyers Retention Segment,1345308351935222,Price Drop Cut Value Voice,4790194200746643,Brand Awareness,6.53,2189,0,2223,7,7,46,17,13,62,47,0,0,0,0,4,0,14,0.58,0,0,0,2158,0
2026-04-04,Discovery Network,Family Pantry Retention Initiative,Metro Region Prospecting Cohort,86057605,Health Conscious Buyers Interest Segment,4038732375076011,Shelf Story Warm Voice,9220444258600248,Brand Awareness,59.48,21887,0,20088,53,100,100,100,100,968,802,0,0,1,0,50,0,163,0.81,14,5,0,20145,0
2026-04-04,Video Network,Home Essentials Scale Initiative,Metro Region Loyalty Cohort,86057605,Weekend Deal Hunters Interest Segment,1459448327666023,Price Drop Cut Direct Voice,1213735991423496,Brand Awareness,0,0,0,0,0,0,0,0,0,0,0,0,0,0,0,0,0,0,0,0,0,0,0,0
2026-04-04,Display Network,Family Pantry Retention Initiative,Metro Region Prospecting Cohort,86057605,Health Conscious Buyers Retention Segment,1345308351935222,Shelf Story Warm Voice,1336999724226908,Brand Awareness,25.77,10801,0,11205,29,100,100,100,100,610,573,0,0,0,0,37,0,68,0.57,4,0,0,9273,0
2026-04-04,Retail Media Network,Seasonal Select Promo Initiative,Metro Region Prospecting Cohort,86057605,Family Planners Affinity Segment,8367846490627350,Product Reel Warm Voice,9142555271094977,Brand Awareness,0,0,0,0,0,0,0,0,0,0,0,0,0,0,0,0,0,0,0,0,0,0,0,0
2026-04-04,Search Network,Market Fresh Demand Initiative,Central Region Loyalty Cohort,86057605,Health Conscious Buyers Interest Segment,1483388923686775,Product Reel Warm Voice,1073594771460458,Catalog Engagement,0,0,0,0,0,0,0,0,0,0,0,0,0,0,0,0,0,0,0,0,0,0,0,0
2026-04-04,Shopping Grid,Family Pantry Retention Initiative,Metro Region Prospecting Cohort,86057605,Health Conscious Buyers Affinity Segment,1135622965987651,Shelf Story Bold Voice,7978204024740970,Brand Awareness,5.82,2248,0,2081,7,7,43,16,14,46,42,0,0,0,0,1,0,12,0.53,0,0,0,1997,0
2026-04-04,Marketplace Feed,Family Pantry Retention Initiative,Metro Region Prospecting Cohort,86057605,Health Conscious Buyers Affinity Segment,1135622965987651,Product Reel Warm Voice,1149004867408980,Brand Awareness,79.43,21679,0,20025,57,100,100,100,100,697,695,0,0,1,0,74,0,147,0.8,6,1,0,21933,0
2026-04-04,Video Network,Home Essentials Scale Initiative,Metro Region Prospecting Cohort,86057605,Family Planners Interest Segment,2052479131570920,Shelf Story Bold Voice,1037070944576843,Brand Awareness,101.38,24242,0,28278,62,100,100,100,100,613,610,0,0,3,0,38,0,112,0.49,3,4,0,25518,0
2026-04-04,Video Network,Family Pantry Retention Initiative,Metro Region Prospecting Cohort,86057605,Health Conscious Buyers Affinity Segment,1135622965987651,Price Drop Cut Direct Voice,1376321213572515,Brand Awareness,178.82,72259,0,68760,104,100,100,100,100,1885,1775,0,0,0,0,49,0,190,0.3,2,3,0,59979,0
2026-04-04,Display Network,Family Pantry Retention Initiative,Metro Region Prospecting Cohort,86057605,Health Conscious Buyers Interest Segment,4038732375076011,Promo Banner Friendly Voice,1795647028277080,Brand Awareness,40.37,14134,0,13855,47,92,100,100,100,654,591,0,0,0,0,29,0,83,0.62,1,3,0,13578,0
2026-04-04,Video Network,Family Pantry Retention Initiative,Metro Region Prospecting Cohort,86057605,Health Conscious Buyers Affinity Segment,1135622965987651,Shelf Story Warm Voice,4677512718707653,Brand Awareness,45.05,12635,0,13976,29,10,61,25,12,127,102,0,0,0,0,12,0,59,0.5,0,0,0,13794,0
2026-04-04,Affiliate Network,Family Pantry Retention Initiative,Metro Region Conversion Cohort,38881639,Family Planners Lookalike Segment,1010331617086390,Shelf Story Warm Voice,1022962676348579,Brand Awareness,0,0,0,0,0,0,0,0,0,0,0,0,0,0,0,0,0,0,0,0,0,0,0,0
2026-04-04,Shopping Grid,Seasonal Select Promo Initiative,Metro Region Prospecting Cohort,86057605,Health Conscious Buyers Affinity Segment,1583198464464326,Price Drop Cut Value Voice,1200554409043688,Brand Awareness,0,0,0,0,0,0,0,0,0,0,0,0,0,0,0,0,0,0,0,0,0,0,0,0
2026-04-04,Marketplace Feed,Family Pantry Retention Initiative,Metro Region Prospecting Cohort,86057605,Health Conscious Buyers Retention Segment,1345308351935222,Shelf Story Warm Voice,1109091303659021,Brand Awareness,6.96,2710,0,3390,6,17,100,73,38,102,100,0,0,0,0,5,0,13,0.36,0,0,0,2629,0
2026-04-04,Social Feed,Family Pantry Retention Initiative,Metro Region Prospecting Cohort,86057605,Health Conscious Buyers Interest Segment,4038732375076011,Price Drop Cut Direct Voice,1621355325413800,Brand Awareness,176.92,64796,0,76744,95,100,100,100,100,2638,2200,0,0,0,0,56,0,206,0.2,1,3,0,74994,0
2026-04-04,Video Network,Weekend Saver Retention Initiative,Metro Region Conversion Cohort,44948390,Family Planners Lookalike Segment,6414513530178736,Shelf Story Warm Voice,1528485474993574,Brand Awareness,0,0,0,0,0,0,0,0,0,0,0,0,0,0,0,0,0,0,0,0,0,0,0,0
2026-04-04,In-App Display,Seasonal Select Promo Initiative,Metro Region Prospecting Cohort,86057605,Family Planners Affinity Segment,8367846490627350,Shelf Story Bold Voice,1513766392359337,Brand Awareness,0,0,0,0,0,0,0,0,0,0,0,0,0,0,0,0,0,0,0,0,0,0,0,0
2026-04-04,Affiliate Network,Home Essentials Scale Initiative,Metro Region Prospecting Cohort,86057605,Family Planners Interest Segment,2052479131570920,Promo Banner Friendly Voice,7057211523700123,Brand Awareness,201.52,37422,0,39170,143,100,100,100,100,1911,1806,0,0,0,0,78,0,231,0.51,0,7,0,36922,0
2026-04-04,Influencer Network,Family Pantry Retention Initiative,Metro Region Prospecting Cohort,86057605,Health Conscious Buyers Interest Segment,4038732375076011,Shelf Story Warm Voice,5571287986311220,Brand Awareness,59.3,23749,0,26414,53,100,100,100,100,1315,1109,0,0,0,0,67,0,136,0.59,1,2,0,23547,0
2026-04-04,Social Feed,Seasonal Select Promo Initiative,Metro Region Prospecting Cohort,86057605,Health Conscious Buyers Affinity Segment,1583198464464326,Product Reel Warm Voice,1085328768903302,Brand Awareness,0,0,0,0,0,0,0,0,0,0,0,0,0,0,0,0,0,0,0,0,0,0,0,0
2026-04-04,Shopping Grid,Home Essentials Scale Initiative,Metro Region Prospecting Cohort,86057605,Family Planners Interest Segment,2052479131570920,Shelf Story Warm Voice,1431189176757496,Brand Awareness,120.56,24384,0,29224,63,100,100,100,100,1112,758,0,0,0,0,41,0,136,0.55,8,6,0,26287,0
2026-04-04,Display Network,Family Pantry Retention Initiative,Metro Region Prospecting Cohort,86057605,Health Conscious Buyers Retention Segment,1345308351935222,Product Reel Bold Voice,3103965387610382,Brand Awareness,21.78,10021,0,9884,26,100,100,100,100,295,306,0,0,0,0,21,0,51,0.58,0,4,0,10132,0
2026-04-04,Shopping Grid,Seasonal Select Promo Initiative,Metro Region Prospecting Cohort,86057605,Family Planners Affinity Segment,8367846490627350,Promo Banner Friendly Voice,1307552757281973,Brand Awareness,0,0,0,0,0,0,0,0,0,0,0,0,0,0,0,0,0,0,0,0,0,0,0,0
2026-04-04,In-App Display,Family Pantry Retention Initiative,Metro Region Prospecting Cohort,86057605,Health Conscious Buyers Affinity Segment,1135622965987651,Price Drop Cut Value Voice,3451026948260594,Brand Awareness,40.04,14906,0,13822,39,100,100,100,100,828,810,0,0,0,0,31,0,68,0.44,1,2,0,12884,0
2026-04-04,Social Feed,Home Essentials Scale Initiative,Metro Region Prospecting Cohort,86057605,Family Planners Interest Segment,2052479131570920,Shelf Story Warm Voice,1453411941100364,Brand Awareness,135.56,34054,0,34367,68,100,100,100,100,1921,1663,0,0,0,0,60,0,170,0.52,1,6,0,29879,0
2026-04-04,Display Network,Seasonal Select Promo Initiative,Metro Region Prospecting Cohort,86057605,Health Conscious Buyers Affinity Segment,1583198464464326,Promo Banner Friendly Voice,1472199163581113,Brand Awareness,0,0,0,0,0,0,0,0,0,0,0,0,0,0,0,0,0,0,0,0,0,0,0,0
2026-04-04,Social Feed,Family Pantry Retention Initiative,Metro Region Prospecting Cohort,86057605,Health Conscious Buyers Interest Segment,4038732375076011,Shelf Story Warm Voice,1071265383635459,Brand Awareness,33.14,13238,0,12640,43,100,100,100,100,582,527,0,0,0,0,26,0,80,0.56,0,2,0,12151,0
2026-04-04,Connected TV,Home Essentials Scale Initiative,Metro Region Prospecting Cohort,86057605,Family Planners Interest Segment,2052479131570920,Price Drop Cut Value Voice,1450690616595384,Brand Awareness,133.49,25122,0,25307,65,60,100,100,95,773,588,0,0,1,0,41,0,137,0.42,0,2,0,27688,0
2026-04-04,Social Feed,Home Essentials Scale Initiative,Metro Region Prospecting Cohort,86057605,Family Planners Interest Segment,2052479131570920,Price Drop Cut Direct Voice,1293082123821342,Brand Awareness,137.3,25576,0,29935,67,100,100,100,100,621,551,0,0,0,0,37,0,116,0.35,0,5,0,29424,0
2026-04-04,In-App Display,Seasonal Select Promo Initiative,Metro Region Prospecting Cohort,86057605,Health Conscious Buyers Affinity Segment,1583198464464326,Price Drop Cut Direct Voice,1008360782524529,Brand Awareness,0,0,0,0,0,0,0,0,0,0,0,0,0,0,0,0,0,0,0,0,0,0,0,0
2026-04-04,Social Feed,Home Essentials Scale Initiative,Metro Region Prospecting Cohort,86057605,Family Planners Interest Segment,2052479131570920,Shelf Story Bold Voice,1642534966349722,Brand Awareness,120.47,27537,0,28728,49,100,100,100,100,731,567,0,0,1,0,17,0,85,0.34,0,7,0,23606,0
2026-04-04,Video Network,Family Pantry Retention Initiative,Metro Region Prospecting Cohort,86057605,Health Conscious Buyers Retention Segment,1345308351935222,Shelf Story Bold Voice,1224071073531602,Brand Awareness,37.35,13922,0,14788,32,100,100,100,100,373,317,0,0,0,0,12,0,64,0.4,0,3,0,16459,0
2026-04-04,Affiliate Network,Seasonal Select Promo Initiative,Metro Region Prospecting Cohort,86057605,Family Planners Affinity Segment,8367846490627350,Price Drop Cut Value Voice,8889722625375687,Brand Awareness,0,0,0,0,0,0,0,0,0,0,0,0,0,0,0,0,0,0,0,0,0,0,0,0
2026-04-04,Retail Media Network,Family Pantry Retention Initiative,Metro Region Prospecting Cohort,86057605,Health Conscious Buyers Retention Segment,1345308351935222,Promo Banner Friendly Voice,6475634155019312,Brand Awareness,15.84,5028,0,5731,23,39,100,100,81,323,283,0,0,0,0,16,0,41,0.76,0,2,0,4562,0
2026-04-04,Influencer Network,Family Pantry Retention Initiative,Metro Region Prospecting Cohort,86057605,Health Conscious Buyers Affinity Segment,1135622965987651,Shelf Story Warm Voice,1387340628030834,Brand Awareness,69.61,21897,0,19926,62,100,100,100,100,795,855,0,0,0,0,73,0,151,0.70,15,1,0,23537,0
2026-04-04,Search Network,Family Pantry Retention Initiative,Metro Region Prospecting Cohort,86057605,Health Conscious Buyers Affinity Segment,1135622965987651,Shelf Story Warm Voice,7615538610890160,Brand Awareness,74.61,24821,0,24475,57,100,100,100,100,1030,881,0,0,0,0,68,0,136,0.48,4,0,0,22540,0
2026-04-04,Shopping Grid,Home Essentials Scale Initiative,Metro Region Prospecting Cohort,86057605,Family Planners Interest Segment,2052479131570920,Shelf Story Warm Voice,6668703011220466,Brand Awareness,122.78,25171,0,22187,77,100,100,100,100,1144,878,0,0,0,0,42,0,145,0.5,1,4,0,20542,0
2026-04-04,Connected TV,Seasonal Select Promo Initiative,Metro Region Prospecting Cohort,86057605,Family Planners Affinity Segment,8367846490627350,Shelf Story Warm Voice,1639408567275675,Brand Awareness,0,0,0,0,0,0,0,0,0,0,0,0,0,0,0,0,0,0,0,0,0,0,0,0
2026-04-04,Affiliate Network,Seasonal Select Promo Initiative,Metro Region Prospecting Cohort,86057605,Family Planners Affinity Segment,8367846490627350,Product Reel Bold Voice,1533913016753531,Brand Awareness,0,0,0,0,0,0,0,0,0,0,0,0,0,0,0,0,0,0,0,0,0,0,0,0
2026-04-04,Retail Media Network,Family Pantry Retention Initiative,Metro Region Prospecting Cohort,86057605,Health Conscious Buyers Interest Segment,4038732375076011,Price Drop Cut Direct Voice,7463263725071030,Brand Awareness,66,29750,0,34926,55,100,100,100,100,843,660,0,0,0,0,44,0,93,0.29,1,3,0,29852,0
2026-04-04,Display Network,Family Pantry Retention Initiative,Metro Region Prospecting Cohort,86057605,Health Conscious Buyers Interest Segment,4038732375076011,Shelf Story Warm Voice,6837754902553756,Brand Awareness,25.64,7999,0,8783,19,9,60,21,11,92,90,0,0,0,0,9,0,31,0.38,0,0,0,7551,0
2026-04-04,Video Network,Seasonal Select Promo Initiative,Metro Region Prospecting Cohort,86057605,Family Planners Affinity Segment,8367846490627350,Price Drop Cut Direct Voice,1282017847074823,Brand Awareness,0,0,0,0,0,0,0,0,0,0,0,0,0,0,0,0,0,0,0,0,0,0,0,0
2026-04-04,Social Feed,Seasonal Select Promo Initiative,Metro Region Prospecting Cohort,86057605,Health Conscious Buyers Affinity Segment,1583198464464326,Shelf Story Warm Voice,1658988890526399,Brand Awareness,0,0,0,0,0,0,0,0,0,0,0,0,0,0,0,0,0,0,0,0,0,0,0,0
2026-04-04,Display Network,Family Pantry Retention Initiative,Metro Region Prospecting Cohort,86057605,Health Conscious Buyers Interest Segment,4038732375076011,Product Reel Warm Voice,5024232539393398,Brand Awareness,48.12,12854,0,12886,52,100,100,100,100,1062,735,0,0,1,0,75,0,139,1.10,7,11,0,13410,0
2026-04-04,Video Network,Family Pantry Retention Initiative,Metro Region Prospecting Cohort,86057605,Health Conscious Buyers Retention Segment,1345308351935222,Product Reel Warm Voice,9896466908906225,Brand Awareness,23.87,5758,0,5890,22,53,100,100,90,335,303,0,0,0,0,20,0,53,0.90,5,1,0,5848,0
2026-04-04,Video Network,Family Pantry Retention Initiative,Metro Region Prospecting Cohort,86057605,Health Conscious Buyers Retention Segment,1345308351935222,Price Drop Cut Value Voice,6635833234332869,Brand Awareness,21.43,8793,0,9396,23,100,100,100,100,760,639,0,0,0,0,13,0,31,0.36,0,0,0,7045,0
2026-04-04,Influencer Network,Seasonal Select Promo Initiative,Metro Region Prospecting Cohort,86057605,Health Conscious Buyers Affinity Segment,1583198464464326,Price Drop Cut Direct Voice,1784287715532418,Brand Awareness,0,0,0,0,0,0,0,0,0,0,0,0,0,0,0,0,0,0,0,0,0,0,0,0
2026-04-04,Shopping Grid,Seasonal Select Promo Initiative,Metro Region Prospecting Cohort,86057605,Health Conscious Buyers Affinity Segment,1583198464464326,Shelf Story Warm Voice,1608988073035671,Brand Awareness,0,0,0,0,0,0,0,0,0,0,0,0,0,0,0,0,0,0,0,0,0,0,0,0
2026-04-04,In-App Display,Seasonal Select Promo Initiative,Metro Region Prospecting Cohort,86057605,Health Conscious Buyers Affinity Segment,1583198464464326,Shelf Story Warm Voice,1398435806475897,Brand Awareness,0,0,0,0,0,0,0,0,0,0,0,0,0,0,0,0,0,0,0,0,0,0,0,0
2026-04-04,Video Network,Family Pantry Retention Initiative,Metro Region Prospecting Cohort,86057605,Health Conscious Buyers Interest Segment,4038732375076011,Price Drop Cut Value Voice,8188173117790828,Brand Awareness,10.35,5046,0,4844,9,12,66,23,15,86,86,0,0,0,0,2,0,17,0.31,0,1,0,4026,0
2026-04-04,Display Network,Family Pantry Retention Initiative,Metro Region Prospecting Cohort,86057605,Health Conscious Buyers Affinity Segment,1135622965987651,Shelf Story Warm Voice,6310646509441659,Brand Awareness,33.82,12611,0,12220,25,94,100,100,100,458,370,0,0,0,0,19,0,45,0.33,0,0,0,11492,0
2026-04-04,Retail Media Network,Seasonal Select Promo Initiative,Metro Region Prospecting Cohort,86057605,Health Conscious Buyers Affinity Segment,1583198464464326,Shelf Story Bold Voice,1616439046180252,Brand Awareness,0,0,0,0,0,0,0,0,0,0,0,0,0,0,0,0,0,0,0,0,0,0,0,0
2026-04-04,Search Network,Family Pantry Retention Initiative,Metro Region Prospecting Cohort,86057605,Health Conscious Buyers Affinity Segment,1135622965987651,Shelf Story Warm Voice,1258937255511149,Brand Awareness,14.02,5599,0,5231,14,22,100,82,34,143,124,0,0,0,0,7,0,29,0.45,0,1,0,5495,0
2026-04-04,Display Network,Family Pantry Retention Initiative,Metro Region Prospecting Cohort,86057605,Health Conscious Buyers Retention Segment,1345308351935222,Shelf Story Warm Voice,1784605528875708,Brand Awareness,32.85,9252,0,9960,24,100,100,100,100,717,542,0,0,1,0,28,0,60,0.61,11,2,0,9999,0
2026-04-04,Influencer Network,Home Essentials Scale Initiative,Metro Region Prospecting Cohort,86057605,Family Planners Interest Segment,2052479131570920,Price Drop Cut Direct Voice,7324105902810892,Brand Awareness,95.21,19022,0,23654,53,100,100,100,100,1141,936,0,0,0,0,19,0,88,0.40,4,0,0,18994,0
2026-04-04,Social Feed,Family Pantry Retention Initiative,Metro Region Prospecting Cohort,86057605,Health Conscious Buyers Affinity Segment,1135622965987651,Price Drop Cut Direct Voice,1738411410074119,Brand Awareness,76.28,30921,0,35025,74,100,100,100,100,755,613,0,0,0,0,45,0,146,0.41,0,9,0,28850,0
2026-04-04,Display Network,Seasonal Select Promo Initiative,Metro Region Prospecting Cohort,86057605,Health Conscious Buyers Affinity Segment,1583198464464326,Shelf Story Warm Voice,6636216253361836,Brand Awareness,0,0,0,0,0,0,0,0,0,0,0,0,0,0,0,0,0,0,0,0,0,0,0,0
2026-04-04,Search Network,Seasonal Select Promo Initiative,Metro Region Prospecting Cohort,86057605,Family Planners Affinity Segment,8367846490627350,Shelf Story Warm Voice,1731346574968277,Brand Awareness,0,0,0,0,0,0,0,0,0,0,0,0,0,0,0,0,0,0,0,0,0,0,0,0
2026-04-04,Social Feed,Family Pantry Retention Initiative,Metro Region Prospecting Cohort,86057605,Health Conscious Buyers Interest Segment,4038732375076011,Shelf Story Bold Voice,3214725233808965,Brand Awareness,6.01,2596,0,2534,5,13,70,30,22,58,58,0,0,0,0,4,0,12,0.39,1,0,0,2729,0
2026-04-04,Display Network,Family Pantry Retention Initiative,Metro Region Prospecting Cohort,86057605,Health Conscious Buyers Retention Segment,1345308351935222,Shelf Story Warm Voice,3386014062513396,Brand Awareness,20.15,9051,0,7638,21,98,100,100,100,412,318,0,0,0,0,11,0,31,0.37,0,1,0,7559,0
2026-04-04,Video Network,Family Pantry Retention Initiative,Metro Region Prospecting Cohort,86057605,Health Conscious Buyers Interest Segment,4038732375076011,Product Reel Bold Voice,2610832510663182,Brand Awareness,45.78,18330,0,18478,62,100,100,100,100,550,487,0,0,0,0,35,0,95,0.44,0,1,0,18724,0
2026-04-04,Marketplace Feed,Seasonal Select Promo Initiative,Metro Region Prospecting Cohort,86057605,Family Planners Affinity Segment,8367846490627350,Shelf Story Bold Voice,1443072828443197,Brand Awareness,0,0,0,0,0,0,0,0,0,0,0,0,0,0,0,0,0,0,0,0,0,0,0,0
2026-04-04,Discovery Network,Home Essentials Scale Initiative,Metro Region Prospecting Cohort,86057605,Family Planners Interest Segment,2052479131570920,Product Reel Warm Voice,1464656530089556,Brand Awareness,127.2,27616,0,32899,72,68,100,100,100,1184,869,0,0,0,0,73,0,191,0.54,4,2,0,30306,0
2026-04-04,Influencer Network,Seasonal Select Promo Initiative,Metro Region Prospecting Cohort,86057605,Family Planners Affinity Segment,8367846490627350,Shelf Story Warm Voice,1632831223312463,Brand Awareness,0,0,0,0,0,0,0,0,0,0,0,0,0,0,0,0,0,0,0,0,0,0,0,0
2026-04-04,Search Network,Family Pantry Retention Initiative,Metro Region Prospecting Cohort,86057605,Health Conscious Buyers Retention Segment,1345308351935222,Price Drop Cut Direct Voice,1338336336500986,Brand Awareness,92.94,36609,0,35416,63,100,100,100,100,1712,1246,0,0,0,0,38,0,114,0.35,4,6,0,36277,0
2026-04-04,Discovery Network,Family Pantry Retention Initiative,Metro Region Prospecting Cohort,86057605,Health Conscious Buyers Interest Segment,4038732375076011,Shelf Story Warm Voice,1588505872211201,Brand Awareness,14.54,7630,0,8538,13,37,100,100,56,218,169,0,0,0,0,11,0,29,0.3,0,1,0,6620,0
2026-04-04,Connected TV,Family Pantry Retention Initiative,Metro Region Prospecting Cohort,86057605,Health Conscious Buyers Affinity Segment,1135622965987651,Promo Banner Friendly Voice,8513428259763770,Brand Awareness,40.98,15227,0,15341,50,76,100,100,100,577,419,0,0,0,0,32,0,83,0.68,0,7,0,12278,0
2026-04-04,In-App Display,Family Pantry Retention Initiative,Metro Region Prospecting Cohort,86057605,Health Conscious Buyers Affinity Segment,1135622965987651,Price Drop Cut Value Voice,1665013466361043,Brand Awareness,27.73,10138,0,9541,23,15,100,36,22,156,137,0,0,0,0,20,0,46,0.51,0,1,0,9728,0
2026-04-04,Discovery Network,Seasonal Select Promo Initiative,Metro Region Prospecting Cohort,86057605,Family Planners Affinity Segment,8367846490627350,Price Drop Cut Value Voice,5563277853788674,Brand Awareness,0,0,0,0,0,0,0,0,0,0,0,0,0,0,0,0,0,0,0,0,0,0,0,0
2026-04-04,Marketplace Feed,Home Essentials Scale Initiative,Metro Region Prospecting Cohort,86057605,Family Planners Interest Segment,2052479131570920,Shelf Story Warm Voice,1781570544556972,Brand Awareness,116.86,22367,0,21975,61,21,100,80,39,460,430,0,0,0,0,18,0,90,0.37,0,2,0,20883,0
2026-04-04,Connected TV,Family Pantry Retention Initiative,Metro Region Prospecting Cohort,86057605,Health Conscious Buyers Interest Segment,4038732375076011,Shelf Story Bold Voice,5252167376816900,Brand Awareness,64.16,25884,0,28393,48,100,100,100,100,522,478,0,0,1,0,30,0,85,0.35,1,1,0,29126,0
2026-04-04,Social Feed,Seasonal Select Promo Initiative,Metro Region Prospecting Cohort,86057605,Health Conscious Buyers Affinity Segment,1583198464464326,Price Drop Cut Value Voice,1693074427559461,Brand Awareness,0,0,0,0,0,0,0,0,0,0,0,0,0,0,0,0,0,0,0,0,0,0,0,0
2026-04-04,Affiliate Network,Home Essentials Scale Initiative,Metro Region Loyalty Cohort,86057605,Weekend Deal Hunters Interest Segment,1459448327666023,Product Reel Bold Voice,1341726046078307,Brand Awareness,75.3,74740,0,73062,63,0,0,0,0,20,15,0,0,0,0,19,0,117,0.14,0,2,0,0,0
2026-04-04,Discovery Network,Seasonal Select Promo Initiative,Metro Region Prospecting Cohort,86057605,Family Planners Affinity Segment,8367846490627350,Price Drop Cut Direct Voice,7250010115405304,Brand Awareness,0,0,0,0,0,0,0,0,0,0,0,0,0,0,0,0,0,0,0,0,0,0,0,0
2026-04-04,Search Network,Family Pantry Retention Initiative,Metro Region Prospecting Cohort,86057605,Health Conscious Buyers Affinity Segment,1135622965987651,Shelf Story Bold Voice,3741790868443346,Brand Awareness,58.39,22516,0,23009,47,100,100,100,100,457,351,0,0,0,0,17,0,89,0.31,0,2,0,23069,0
2026-04-04,Retail Media Network,Home Essentials Scale Initiative,Metro Region Prospecting Cohort,86057605,Family Planners Interest Segment,2052479131570920,Product Reel Bold Voice,8230132190292546,Brand Awareness,148.97,33049,0,30371,80,100,100,100,100,1016,861,0,0,0,0,77,0,155,0.45,1,3,0,33436,0
2026-04-04,Social Feed,Family Pantry Retention Initiative,Metro Region Prospecting Cohort,86057605,Health Conscious Buyers Interest Segment,4038732375076011,Price Drop Cut Value Voice,5368036527923125,Brand Awareness,31.21,10113,0,11613,44,100,100,100,100,1001,877,0,0,0,0,17,0,54,0.5,0,2,0,9890,0
2026-04-04,Video Network,Seasonal Select Promo Initiative,Metro Region Prospecting Cohort,86057605,Health Conscious Buyers Affinity Segment,1583198464464326,Shelf Story Bold Voice,5059221348780067,Brand Awareness,0,0,0,0,0,0,0,0,0,0,0,0,0,0,0,0,0,0,0,0,0,0,0,0
2026-04-04,Discovery Network,Family Pantry Retention Initiative,Metro Region Prospecting Cohort,86057605,Health Conscious Buyers Retention Segment,1345308351935222,Price Drop Cut Direct Voice,1235697900866550,Brand Awareness,39.88,17057,0,17129,45,100,100,100,100,487,437,0,0,0,0,28,0,63,0.34,0,1,0,17447,0
2026-04-04,In-App Display,Seasonal Select Promo Initiative,Metro Region Prospecting Cohort,86057605,Family Planners Affinity Segment,8367846490627350,Shelf Story Warm Voice,1521118647743483,Brand Awareness,0,0,0,0,0,0,0,0,0,0,0,0,0,0,0,0,0,0,0,0,0,0,0,0
2026-04-04,Marketplace Feed,Home Essentials Scale Initiative,Metro Region Prospecting Cohort,86057605,Family Planners Interest Segment,2052479131570920,Shelf Story Warm Voice,8866144267684809,Brand Awareness,133.27,30457,0,29649,78,100,100,100,100,875,716,0,0,0,0,27,0,132,0.4,0,2,0,27409,0
2026-04-03,Marketplace Feed,Family Pantry Retention Initiative,Metro Region Prospecting Cohort,86057605,Health Conscious Buyers Interest Segment,4038732375076011,Price Drop Cut Direct Voice,7463263725071030,Brand Awareness,89.18,39626,0,34160,88,100,100,100,100,924,660,0,0,0,0,46,0,151,0.39,0,5,0,32706,0
2026-04-03,Video Network,Family Pantry Retention Initiative,Metro Region Prospecting Cohort,86057605,Health Conscious Buyers Interest Segment,4038732375076011,Price Drop Cut Direct Voice,1621355325413800,Brand Awareness,127.91,57937,0,60474,94,100,100,100,100,2162,2063,0,0,0,0,52,0,182,0.26,0,6,0,59753,0
2026-04-03,Retail Media Network,Home Essentials Scale Initiative,Metro Region Prospecting Cohort,86057605,Family Planners Interest Segment,2052479131570920,Promo Banner Friendly Voice,7057211523700123,Brand Awareness,187.97,35040,0,39182,118,100,100,100,100,1412,1145,0,0,0,0,80,0,220,0.56,3,3,0,39420,0
2026-04-03,Influencer Network,Home Essentials Scale Initiative,Metro Region Prospecting Cohort,86057605,Family Planners Interest Segment,2052479131570920,Price Drop Cut Value Voice,1450690616595384,Brand Awareness,131.81,31666,0,30315,68,63,100,100,100,664,652,0,0,0,0,35,0,130,0.34,0,2,0,26159,0
2026-04-03,Display Network,Home Essentials Scale Initiative,Metro Region Prospecting Cohort,86057605,Family Planners Interest Segment,2052479131570920,Shelf Story Warm Voice,1453411941100364,Brand Awareness,129.12,32013,0,34618,80,100,100,100,100,1323,1286,0,0,0,0,70,0,193,0.52,6,2,0,31889,0
2026-04-03,Social Feed,Family Pantry Retention Initiative,Metro Region Prospecting Cohort,86057605,Health Conscious Buyers Interest Segment,4038732375076011,Shelf Story Warm Voice,1071265383635459,Brand Awareness,39.63,15792,0,14779,50,100,100,100,100,690,483,0,0,0,0,25,0,84,0.6,0,0,0,15310,0
2026-04-03,Search Network,Home Essentials Scale Initiative,Metro Region Prospecting Cohort,86057605,Family Planners Interest Segment,2052479131570920,Price Drop Cut Direct Voice,7324105902810892,Brand Awareness,107.70,21467,0,24563,43,100,100,100,100,891,890,0,0,0,0,33,0,83,0.38,0,5,0,20870,0
2026-04-03,Affiliate Network,Seasonal Select Promo Initiative,Metro Region Prospecting Cohort,86057605,Family Planners Affinity Segment,8367846490627350,Shelf Story Warm Voice,1731346574968277,Brand Awareness,0,0,0,0,0,0,0,0,0,0,0,0,0,0,0,0,0,0,0,0,0,0,0,0
2026-04-03,Affiliate Network,Family Pantry Retention Initiative,Metro Region Prospecting Cohort,86057605,Health Conscious Buyers Interest Segment,4038732375076011,Shelf Story Warm Voice,6837754902553756,Brand Awareness,29.64,8929,0,8967,33,13,43,19,14,87,84,0,0,0,0,7,0,53,0.45,0,1,0,9633,0
2026-04-03,Display Network,Seasonal Select Promo Initiative,Metro Region Prospecting Cohort,86057605,Family Planners Affinity Segment,8367846490627350,Shelf Story Warm Voice,1290711679971752,Brand Awareness,0,0,0,0,0,0,0,0,0,0,0,0,0,0,0,0,0,0,0,0,0,0,0,0
2026-04-03,Influencer Network,Home Essentials Scale Initiative,Metro Region Loyalty Cohort,86057605,Weekend Deal Hunters Interest Segment,1459448327666023,Price Drop Cut Direct Voice,1213735991423496,Brand Awareness,0,0,0,0,0,0,0,0,0,0,0,0,0,0,0,0,0,0,0,0,0,0,0,0
2026-04-03,Affiliate Network,Family Pantry Retention Initiative,Metro Region Prospecting Cohort,86057605,Health Conscious Buyers Interest Segment,4038732375076011,Shelf Story Warm Voice,9220444258600248,Brand Awareness,48.91,18772,0,18423,49,100,100,100,100,1143,897,0,0,0,0,50,0,121,0.61,27,8,0,15965,0
2026-04-03,Discovery Network,Family Pantry Retention Initiative,Metro Region Prospecting Cohort,86057605,Health Conscious Buyers Affinity Segment,1135622965987651,Shelf Story Warm Voice,7615538610890160,Brand Awareness,61.71,24412,0,25054,50,100,100,100,100,939,824,0,0,1,0,61,0,146,0.57,3,0,0,25747,0
2026-04-03,Retail Media Network,Family Pantry Retention Initiative,Metro Region Prospecting Cohort,86057605,Health Conscious Buyers Interest Segment,4038732375076011,Price Drop Cut Value Voice,8188173117790828,Brand Awareness,13.21,4696,0,4790,4,10,63,31,17,91,73,0,0,0,0,9,0,18,0.36,0,0,0,4233,0
2026-04-03,Connected TV,Family Pantry Retention Initiative,Metro Region Prospecting Cohort,86057605,Health Conscious Buyers Affinity Segment,1135622965987651,Product Reel Bold Voice,8953408766836705,Brand Awareness,54.38,21569,0,22473,42,100,100,100,100,480,379,0,0,0,0,52,0,124,0.42,0,5,0,23161,0
2026-04-03,Affiliate Network,Seasonal Select Promo Initiative,Metro Region Prospecting Cohort,86057605,Health Conscious Buyers Affinity Segment,1583198464464326,Price Drop Cut Value Voice,1200554409043688,Brand Awareness,0,0,0,0,0,0,0,0,0,0,0,0,0,0,0,0,0,0,0,0,0,0,0,0
2026-04-03,Display Network,Family Pantry Retention Initiative,Metro Region Prospecting Cohort,86057605,Health Conscious Buyers Affinity Segment,1135622965987651,Shelf Story Bold Voice,3741790868443346,Brand Awareness,52.60,26270,0,30008,45,100,100,100,100,445,345,0,0,1,0,31,0,98,0.30,0,0,0,27099,0
2026-04-03,Display Network,Home Essentials Scale Initiative,Metro Region Prospecting Cohort,86057605,Family Planners Interest Segment,2052479131570920,Shelf Story Bold Voice,1037070944576843,Brand Awareness,126.23,27577,0,28163,60,80,100,100,100,463,494,0,0,0,0,21,0,111,0.41,0,3,0,23260,0
2026-04-03,Marketplace Feed,Family Pantry Retention Initiative,Metro Region Prospecting Cohort,86057605,Health Conscious Buyers Retention Segment,1345308351935222,Price Drop Cut Value Voice,6635833234332869,Brand Awareness,25.06,9244,0,7597,34,100,100,100,100,557,531,0,0,0,0,18,0,69,0.73,2,1,0,7568,0
2026-04-03,Search Network,Seasonal Select Promo Initiative,Metro Region Prospecting Cohort,86057605,Health Conscious Buyers Affinity Segment,1583198464464326,Shelf Story Warm Voice,8184969027502042,Brand Awareness,0,0,0,0,0,0,0,0,0,0,0,0,0,0,0,0,0,0,0,0,0,0,0,0
2026-04-03,In-App Display,Home Essentials Scale Initiative,Metro Region Prospecting Cohort,86057605,Family Planners Interest Segment,2052479131570920,Product Reel Warm Voice,1464656530089556,Brand Awareness,144.91,29289,0,32741,81,69,100,100,100,1037,714,0,0,0,0,63,0,163,0.55,4,7,0,25291,0
2026-04-03,Connected TV,Seasonal Select Promo Initiative,Metro Region Prospecting Cohort,86057605,Family Planners Affinity Segment,8367846490627350,Price Drop Cut Value Voice,8889722625375687,Brand Awareness,0,0,0,0,0,0,0,0,0,0,0,0,0,0,0,0,0,0,0,0,0,0,0,0
2026-04-03,Affiliate Network,Family Pantry Retention Initiative,Metro Region Prospecting Cohort,86057605,Health Conscious Buyers Interest Segment,4038732375076011,Price Drop Cut Value Voice,5368036527923125,Brand Awareness,31.51,10471,0,10185,22,100,100,100,100,676,588,0,0,0,0,28,0,53,0.42,0,2,0,10964,0
2026-04-03,Influencer Network,Family Pantry Retention Initiative,Metro Region Prospecting Cohort,86057605,Health Conscious Buyers Affinity Segment,1135622965987651,Price Drop Cut Value Voice,1665013466361043,Brand Awareness,29.16,10628,0,10771,16,26,100,55,31,180,159,0,0,0,0,20,0,52,0.37,1,0,0,11930,0
2026-04-03,In-App Display,Seasonal Select Promo Initiative,Metro Region Prospecting Cohort,86057605,Family Planners Affinity Segment,8367846490627350,Promo Banner Friendly Voice,1307552757281973,Brand Awareness,0,0,0,0,0,0,0,0,0,0,0,0,0,0,0,0,0,0,0,0,0,0,0,0
2026-04-03,Video Network,Family Pantry Retention Initiative,Metro Region Prospecting Cohort,86057605,Health Conscious Buyers Interest Segment,4038732375076011,Product Reel Warm Voice,5024232539393398,Brand Awareness,60.02,18344,0,16943,51,100,100,100,100,1161,992,0,0,0,0,87,0,160,0.92,16,7,0,19326,0
2026-04-03,Connected TV,Family Pantry Retention Initiative,Metro Region Prospecting Cohort,86057605,Health Conscious Buyers Retention Segment,1345308351935222,Shelf Story Warm Voice,1717487861401866,Brand Awareness,9.18,3031,0,3161,2,5,24,13,8,45,38,0,0,0,0,8,0,11,0.3,1,0,0,3116,0
2026-04-03,Search Network,Family Pantry Retention Initiative,Metro Region Prospecting Cohort,86057605,Health Conscious Buyers Affinity Segment,1135622965987651,Shelf Story Warm Voice,1258937255511149,Brand Awareness,11.59,5738,0,6664,13,21,100,82,37,144,109,0,0,0,0,10,0,25,0.36,0,0,0,5989,0
2026-04-03,Shopping Grid,Weekend Saver Retention Initiative,Metro Region Conversion Cohort,44948390,Family Planners Lookalike Segment,6414513530178736,Shelf Story Warm Voice,1528485474993574,Brand Awareness,0,0,0,0,0,0,0,0,0,0,0,0,0,0,0,0,0,0,0,0,0,0,0,0
2026-04-03,Shopping Grid,Home Essentials Scale Initiative,Metro Region Prospecting Cohort,86057605,Family Planners Interest Segment,2052479131570920,Shelf Story Bold Voice,1642534966349722,Brand Awareness,111.21,27218,0,27010,49,100,100,100,100,592,441,0,0,0,0,30,0,92,0.36,1,2,0,23175,0
2026-04-03,Discovery Network,Family Pantry Retention Initiative,Metro Region Prospecting Cohort,86057605,Health Conscious Buyers Interest Segment,4038732375076011,Shelf Story Warm Voice,5571287986311220,Brand Awareness,75.58,25189,0,28087,64,100,100,100,100,1455,1205,0,0,0,0,95,0,167,0.62,7,7,0,26885,0
2026-04-03,Affiliate Network,Family Pantry Retention Initiative,Metro Region Prospecting Cohort,86057605,Health Conscious Buyers Affinity Segment,1135622965987651,Price Drop Cut Value Voice,3451026948260594,Brand Awareness,42.28,13602,0,16996,37,100,100,100,100,752,697,0,0,0,0,22,0,70,0.42,1,1,0,15711,0
2026-04-03,Retail Media Network,Seasonal Select Promo Initiative,Metro Region Prospecting Cohort,86057605,Health Conscious Buyers Affinity Segment,1583198464464326,Promo Banner Friendly Voice,1472199163581113,Brand Awareness,0,0,0,0,0,0,0,0,0,0,0,0,0,0,0,0,0,0,0,0,0,0,0,0
2026-04-03,Video Network,Home Essentials Scale Initiative,Metro Region Prospecting Cohort,86057605,Family Planners Interest Segment,2052479131570920,Shelf Story Warm Voice,6668703011220466,Brand Awareness,107.66,22472,0,26671,66,100,100,100,100,926,626,0,0,0,0,47,0,119,0.46,0,6,0,21526,0
2026-04-03,Marketplace Feed,Home Essentials Scale Initiative,Metro Region Prospecting Cohort,86057605,Family Planners Interest Segment,2052479131570920,Price Drop Cut Direct Voice,1293082123821342,Brand Awareness,132.35,28386,0,31169,62,100,100,100,100,505,454,0,0,0,0,52,0,134,0.44,1,4,0,24033,0
2026-04-03,Retail Media Network,Seasonal Select Promo Initiative,Metro Region Prospecting Cohort,86057605,Family Planners Affinity Segment,8367846490627350,Shelf Story Warm Voice,1521118647743483,Brand Awareness,0,0,0,0,0,0,0,0,0,0,0,0,0,0,0,0,0,0,0,0,0,0,0,0
2026-04-03,Shopping Grid,Family Pantry Retention Initiative,Metro Region Prospecting Cohort,86057605,Health Conscious Buyers Retention Segment,1345308351935222,Shelf Story Bold Voice,1224071073531602,Brand Awareness,39.28,16786,0,19550,38,100,100,100,100,452,333,0,0,0,0,28,0,75,0.37,0,1,0,17137,0
2026-04-03,Display Network,Seasonal Select Promo Initiative,Metro Region Prospecting Cohort,86057605,Family Planners Affinity Segment,8367846490627350,Shelf Story Bold Voice,1443072828443197,Brand Awareness,0,0,0,0,0,0,0,0,0,0,0,0,0,0,0,0,0,0,0,0,0,0,0,0
2026-04-03,Social Feed,Family Pantry Retention Initiative,Metro Region Prospecting Cohort,86057605,Health Conscious Buyers Retention Segment,1345308351935222,Product Reel Warm Voice,9896466908906225,Brand Awareness,22.95,8367,0,8826,31,77,100,100,100,448,383,0,0,2,0,27,0,79,1.19,11,4,0,7170,0
2026-04-03,Search Network,Family Pantry Retention Initiative,Metro Region Prospecting Cohort,86057605,Health Conscious Buyers Affinity Segment,1135622965987651,Shelf Story Bold Voice,7978204024740970,Brand Awareness,5.65,2217,0,2481,8,7,52,26,12,51,43,0,0,0,0,3,0,11,0.55,0,0,0,2273,0
2026-04-03,In-App Display,Family Pantry Retention Initiative,Metro Region Prospecting Cohort,86057605,Health Conscious Buyers Interest Segment,4038732375076011,Shelf Story Bold Voice,5252167376816900,Brand Awareness,77.27,31402,0,35821,69,100,100,100,100,610,458,0,0,0,0,27,0,109,0.30,0,3,0,32534,0
2026-04-03,Search Network,Family Pantry Retention Initiative,Metro Region Prospecting Cohort,86057605,Health Conscious Buyers Affinity Segment,1135622965987651,Price Drop Cut Direct Voice,1376321213572515,Brand Awareness,166.05,69869,0,68966,120,100,100,100,100,1864,1741,0,0,0,0,54,0,199,0.25,0,6,0,71674,0
2026-04-03,Discovery Network,Family Pantry Retention Initiative,Metro Region Prospecting Cohort,86057605,Health Conscious Buyers Affinity Segment,1135622965987651,Shelf Story Warm Voice,1387340628030834,Brand Awareness,51.6,21269,0,19102,54,100,100,100,100,760,704,0,0,1,0,57,0,153,0.66,9,6,0,19793,0
2026-04-03,In-App Display,Family Pantry Retention Initiative,Metro Region Prospecting Cohort,86057605,Health Conscious Buyers Retention Segment,1345308351935222,Promo Banner Friendly Voice,6475634155019312,Brand Awareness,15.06,5786,0,4978,10,40,100,100,85,278,244,0,0,0,0,16,0,36,0.59,1,0,0,4570,0
2026-04-03,Discovery Network,Weekend Saver Retention Initiative,Metro Region Conversion Cohort,44948390,Family Planners Affinity Segment,1389569022480948,Offer Spotlight Warm Voice,1545542195763148,Brand Awareness,0,0,0,0,0,0,0,0,0,0,0,0,0,0,0,0,0,0,0,0,0,0,0,0
2026-04-03,Affiliate Network,Family Pantry Retention Initiative,Metro Region Prospecting Cohort,86057605,Health Conscious Buyers Affinity Segment,1135622965987651,Shelf Story Warm Voice,4677512718707653,Brand Awareness,36.81,16135,0,14177,36,15,69,32,20,137,129,0,0,0,0,22,0,70,0.44,0,1,0,15126,0
2026-04-03,Connected TV,Family Pantry Retention Initiative,Metro Region Prospecting Cohort,86057605,Health Conscious Buyers Retention Segment,1345308351935222,Shelf Story Warm Voice,1336999724226908,Brand Awareness,29.20,11464,0,11867,24,100,100,100,100,659,574,0,0,0,0,23,0,58,0.51,5,3,0,11020,0
2026-04-03,Social Feed,Seasonal Select Promo Initiative,Metro Region Prospecting Cohort,86057605,Health Conscious Buyers Affinity Segment,1583198464464326,Shelf Story Warm Voice,1658988890526399,Brand Awareness,0,0,0,0,0,0,0,0,0,0,0,0,0,0,0,0,0,0,0,0,0,0,0,0
2026-04-03,Shopping Grid,Family Pantry Retention Initiative,Metro Region Prospecting Cohort,86057605,Health Conscious Buyers Retention Segment,1345308351935222,Price Drop Cut Direct Voice,1338336336500986,Brand Awareness,87.25,34608,0,40546,47,100,100,100,100,1820,1320,0,0,1,0,41,0,114,0.25,2,3,0,40043,0
2026-04-03,In-App Display,Seasonal Select Promo Initiative,Metro Region Prospecting Cohort,86057605,Family Planners Affinity Segment,8367846490627350,Shelf Story Warm Voice,1632831223312463,Brand Awareness,0,0,0,0,0,0,0,0,0,0,0,0,0,0,0,0,0,0,0,0,0,0,0,0
2026-04-03,Influencer Network,Family Pantry Retention Initiative,Metro Region Prospecting Cohort,86057605,Health Conscious Buyers Retention Segment,1345308351935222,Shelf Story Warm Voice,1784605528875708,Brand Awareness,27.05,10071,0,9667,44,100,100,100,100,603,497,0,0,0,0,28,0,82,0.82,7,4,0,9240,0
2026-04-03,Display Network,Home Essentials Scale Initiative,Metro Region Loyalty Cohort,86057605,Weekend Deal Hunters Interest Segment,1459448327666023,Product Reel Bold Voice,1341726046078307,Brand Awareness,96.34,82323,0,58757,79,0,0,0,0,28,19,0,0,1,0,18,0,139,0.17,3,2,0,0,0
2026-04-03,Discovery Network,Seasonal Select Promo Initiative,Metro Region Prospecting Cohort,86057605,Family Planners Affinity Segment,8367846490627350,Product Reel Bold Voice,1533913016753531,Brand Awareness,0,0,0,0,0,0,0,0,0,0,0,0,0,0,0,0,0,0,0,0,0,0,0,0
2026-04-03,Search Network,Family Pantry Retention Initiative,Metro Region Prospecting Cohort,86057605,Health Conscious Buyers Affinity Segment,1135622965987651,Shelf Story Warm Voice,6310646509441659,Brand Awareness,39.15,14817,0,13514,28,100,100,100,100,488,401,0,0,0,0,22,0,62,0.44,0,1,0,14429,0
2026-04-03,In-App Display,Family Pantry Retention Initiative,Metro Region Prospecting Cohort,86057605,Health Conscious Buyers Retention Segment,1345308351935222,Shelf Story Warm Voice,1109091303659021,Brand Awareness,8.84,3997,0,4008,12,13,100,52,23,113,82,0,0,0,0,7,0,21,0.56,0,0,0,3489,0
2026-04-03,Search Network,Family Pantry Retention Initiative,Metro Region Prospecting Cohort,86057605,Health Conscious Buyers Retention Segment,1345308351935222,Price Drop Cut Value Voice,4790194200746643,Brand Awareness,7.00,1994,0,2061,9,7,32,15,13,57,51,0,0,0,0,6,0,13,0.67,0,0,0,2301,0
2026-04-03,In-App Display,Family Pantry Retention Initiative,Metro Region Prospecting Cohort,86057605,Health Conscious Buyers Interest Segment,4038732375076011,Promo Banner Friendly Voice,1795647028277080,Brand Awareness,42.2,14688,0,14582,42,100,100,100,100,539,510,0,0,0,0,25,0,78,0.51,1,2,0,13692,0
2026-04-03,Retail Media Network,Family Pantry Retention Initiative,Metro Region Prospecting Cohort,86057605,Health Conscious Buyers Affinity Segment,1135622965987651,Product Reel Warm Voice,1149004867408980,Brand Awareness,86.75,23364,0,24155,91,100,100,100,100,939,942,0,0,0,0,112,0,213,0.87,3,8,0,23253,0
2026-04-03,Video Network,Seasonal Select Promo Initiative,Metro Region Prospecting Cohort,86057605,Health Conscious Buyers Affinity Segment,1583198464464326,Shelf Story Warm Voice,6636216253361836,Brand Awareness,0,0,0,0,0,0,0,0,0,0,0,0,0,0,0,0,0,0,0,0,0,0,0,0
2026-04-03,Connected TV,Family Pantry Retention Initiative,Metro Region Prospecting Cohort,86057605,Health Conscious Buyers Retention Segment,1345308351935222,Shelf Story Warm Voice,3386014062513396,Brand Awareness,21.89,8086,0,8643,31,96,100,100,100,404,332,0,0,0,0,13,0,42,0.45,0,1,0,8183,0
2026-04-03,Connected TV,Seasonal Select Promo Initiative,Metro Region Prospecting Cohort,86057605,Family Planners Affinity Segment,8367846490627350,Product Reel Warm Voice,9142555271094977,Brand Awareness,0,0,0,0,0,0,0,0,0,0,0,0,0,0,0,0,0,0,0,0,0,0,0,0
2026-04-03,Discovery Network,Home Essentials Scale Initiative,Metro Region Prospecting Cohort,86057605,Family Planners Interest Segment,2052479131570920,Shelf Story Warm Voice,1431189176757496,Brand Awareness,122.8,24655,0,24271,73,100,100,100,100,763,671,0,0,1,0,36,0,143,0.50,12,5,0,22766,0
2026-04-03,Discovery Network,Home Essentials Scale Initiative,Metro Region Prospecting Cohort,86057605,Family Planners Interest Segment,2052479131570920,Shelf Story Warm Voice,8866144267684809,Brand Awareness,126.72,30814,0,29426,58,100,100,100,100,862,652,0,0,0,0,43,0,135,0.45,0,6,0,23441,0
2026-04-03,Shopping Grid,Seasonal Select Promo Initiative,Metro Region Prospecting Cohort,86057605,Family Planners Affinity Segment,8367846490627350,Price Drop Cut Direct Voice,1282017847074823,Brand Awareness,0,0,0,0,0,0,0,0,0,0,0,0,0,0,0,0,0,0,0,0,0,0,0,0
2026-04-03,Influencer Network,Seasonal Select Promo Initiative,Metro Region Prospecting Cohort,86057605,Health Conscious Buyers Affinity Segment,1583198464464326,Shelf Story Warm Voice,1608988073035671,Brand Awareness,0,0,0,0,0,0,0,0,0,0,0,0,0,0,0,0,0,0,0,0,0,0,0,0
2026-04-03,Shopping Grid,Family Pantry Retention Initiative,Metro Region Prospecting Cohort,86057605,Health Conscious Buyers Interest Segment,4038732375076011,Shelf Story Warm Voice,1588505872211201,Brand Awareness,20.80,8377,0,9550,15,47,100,100,82,302,236,0,0,0,0,12,0,31,0.4,1,3,0,8843,0
2026-04-03,Video Network,Home Essentials Scale Initiative,Metro Region Prospecting Cohort,86057605,Family Planners Interest Segment,2052479131570920,Price Drop Cut Value Voice,1337311684616332,Brand Awareness,106.44,23982,0,23721,95,100,100,100,100,942,752,0,0,0,0,29,0,123,0.51,0,1,0,25077,0
2026-04-03,In-App Display,Seasonal Select Promo Initiative,Metro Region Prospecting Cohort,86057605,Health Conscious Buyers Affinity Segment,1583198464464326,Price Drop Cut Direct Voice,1008360782524529,Brand Awareness,0,0,0,0,0,0,0,0,0,0,0,0,0,0,0,0,0,0,0,0,0,0,0,0
2026-04-03,Affiliate Network,Family Pantry Retention Initiative,Metro Region Prospecting Cohort,86057605,Health Conscious Buyers Interest Segment,4038732375076011,Product Reel Bold Voice,2610832510663182,Brand Awareness,49.61,21221,0,24576,39,100,100,100,100,615,496,0,0,0,0,35,0,92,0.41,0,3,0,22842,0
2026-04-03,Social Feed,Family Pantry Retention Initiative,Metro Region Prospecting Cohort,86057605,Health Conscious Buyers Affinity Segment,1135622965987651,Price Drop Cut Direct Voice,1738411410074119,Brand Awareness,76.7,33141,0,39517,76,100,100,100,100,680,624,0,0,0,0,45,0,138,0.35,0,4,0,35740,0
2026-04-03,Search Network,Family Pantry Retention Initiative,Metro Region Prospecting Cohort,86057605,Health Conscious Buyers Retention Segment,1345308351935222,Price Drop Cut Direct Voice,1235697900866550,Brand Awareness,44.61,15814,0,19327,39,100,100,100,100,433,371,0,0,0,0,20,0,68,0.43,0,1,0,18488,0
2026-04-03,Shopping Grid,Seasonal Select Promo Initiative,Metro Region Prospecting Cohort,86057605,Health Conscious Buyers Affinity Segment,1583198464464326,Shelf Story Bold Voice,5059221348780067,Brand Awareness,0,0,0,0,0,0,0,0,0,0,0,0,0,0,0,0,0,0,0,0,0,0,0,0
2026-04-03,Social Feed,Seasonal Select Promo Initiative,Metro Region Prospecting Cohort,86057605,Health Conscious Buyers Affinity Segment,1583198464464326,Shelf Story Bold Voice,1616439046180252,Brand Awareness,0,0,0,0,0,0,0,0,0,0,0,0,0,0,0,0,0,0,0,0,0,0,0,0
2026-04-03,Video Network,Family Pantry Retention Initiative,Metro Region Prospecting Cohort,86057605,Health Conscious Buyers Retention Segment,1345308351935222,Product Reel Bold Voice,3103965387610382,Brand Awareness,24.30,10814,0,10952,23,100,100,100,100,309,282,0,0,0,0,15,0,45,0.39,1,0,0,9843,0
2026-04-03,Shopping Grid,Family Pantry Retention Initiative,Metro Region Prospecting Cohort,86057605,Health Conscious Buyers Interest Segment,4038732375076011,Shelf Story Bold Voice,3214725233808965,Brand Awareness,4.93,2267,0,2756,5,11,52,25,20,47,41,0,0,0,0,2,0,11,0.39,0,0,0,2389,0
2026-04-03,In-App Display,Family Pantry Retention Initiative,Metro Region Conversion Cohort,38881639,Family Planners Lookalike Segment,1010331617086390,Shelf Story Warm Voice,1022962676348579,Brand Awareness,0,0,0,0,0,0,0,0,0,0,0,0,0,0,0,0,0,0,0,0,0,0,0,0
2026-04-03,Connected TV,Family Pantry Retention Initiative,Metro Region Prospecting Cohort,86057605,Health Conscious Buyers Affinity Segment,1135622965987651,Promo Banner Friendly Voice,8513428259763770,Brand Awareness,41.19,11612,0,12230,34,60,100,100,98,352,359,0,0,0,0,44,0,75,0.54,0,1,0,13332,0
2026-04-03,Discovery Network,Seasonal Select Promo Initiative,Metro Region Prospecting Cohort,86057605,Family Planners Affinity Segment,8367846490627350,Price Drop Cut Direct Voice,7250010115405304,Brand Awareness,0,0,0,0,0,0,0,0,0,0,0,0,0,0,0,0,0,0,0,0,0,0,0,0
2026-04-03,Shopping Grid,Family Pantry Retention Initiative,Metro Region Prospecting Cohort,86057605,Health Conscious Buyers Retention Segment,1345308351935222,Shelf Story Bold Voice,1676408138262740,Brand Awareness,1.93,932,0,1019,2,6,29,16,8,25,24,0,0,0,0,2,0,4,0.33,0,0,0,949,0
2026-04-03,Retail Media Network,Home Essentials Scale Initiative,Metro Region Prospecting Cohort,86057605,Family Planners Interest Segment,2052479131570920,Product Reel Bold Voice,8230132190292546,Brand Awareness,143.77,32606,0,28075,77,100,100,100,100,874,737,0,0,0,0,70,0,189,0.55,1,7,0,31821,0
2026-04-03,Video Network,Seasonal Select Promo Initiative,Metro Region Prospecting Cohort,86057605,Health Conscious Buyers Affinity Segment,1583198464464326,Price Drop Cut Value Voice,1693074427559461,Brand Awareness,0,0,0,0,0,0,0,0,0,0,0,0,0,0,0,0,0,0,0,0,0,0,0,0
2026-04-03,In-App Display,Home Essentials Scale Initiative,Metro Region Prospecting Cohort,86057605,Family Planners Interest Segment,2052479131570920,Shelf Story Warm Voice,1781570544556972,Brand Awareness,122.98,24271,0,23280,62,17,100,46,28,387,342,0,0,0,0,32,0,95,0.44,0,0,0,21271,0
2026-04-03,Discovery Network,Weekend Saver Retention Initiative,Metro Region Conversion Cohort,44948390,Family Planners Affinity Segment,1389569022480948,Price Drop Cut Direct Voice,2353395177123655,Brand Awareness,0,0,0,0,0,0,0,0,0,0,0,0,0,0,0,0,0,0,0,0,0,0,0,0
2026-04-02,Retail Media Network,Family Pantry Retention Initiative,Metro Region Prospecting Cohort,86057605,Health Conscious Buyers Affinity Segment,1135622965987651,Shelf Story Warm Voice,1387340628030834,Brand Awareness,55.51,23462,0,25747,100,100,100,100,100,1033,848,0,0,2,0,80,0,204,0.74,12,4,0,22672,0
2026-04-02,Video Network,Seasonal Select Promo Initiative,Metro Region Prospecting Cohort,86057605,Health Conscious Buyers Affinity Segment,1583198464464326,Shelf Story Bold Voice,1616439046180252,Brand Awareness,0,0,0,0,0,0,0,0,0,0,0,0,0,0,0,0,0,0,0,0,0,0,0,0
2026-04-02,Influencer Network,Seasonal Select Promo Initiative,Metro Region Prospecting Cohort,86057605,Family Planners Affinity Segment,8367846490627350,Shelf Story Warm Voice,1731346574968277,Brand Awareness,0,0,0,0,0,0,0,0,0,0,0,0,0,0,0,0,0,0,0,0,0,0,0,0
2026-04-02,Display Network,Home Essentials Scale Initiative,Metro Region Prospecting Cohort,86057605,Family Planners Interest Segment,2052479131570920,Shelf Story Warm Voice,6668703011220466,Brand Awareness,112.25,22145,0,26412,77,100,100,100,100,813,696,0,0,0,0,36,0,128,0.50,1,3,0,23367,0
2026-04-02,Shopping Grid,Family Pantry Retention Initiative,Metro Region Prospecting Cohort,86057605,Health Conscious Buyers Interest Segment,4038732375076011,Shelf Story Warm Voice,5571287986311220,Brand Awareness,60.89,22707,0,25364,63,100,100,100,100,1473,1096,0,0,0,0,66,0,152,0.66,2,6,0,27835,0
2026-04-02,Affiliate Network,Family Pantry Retention Initiative,Metro Region Prospecting Cohort,86057605,Health Conscious Buyers Affinity Segment,1135622965987651,Shelf Story Bold Voice,7978204024740970,Brand Awareness,5.66,2620,0,3469,9,23,86,39,32,82,61,0,0,0,0,3,0,11,0.32,0,1,0,3178,0
2026-04-02,Video Network,Family Pantry Retention Initiative,Metro Region Prospecting Cohort,86057605,Health Conscious Buyers Affinity Segment,1135622965987651,Price Drop Cut Value Voice,3451026948260594,Brand Awareness,44.98,16288,0,19111,37,100,100,100,100,1169,988,0,0,0,0,50,0,94,0.45,0,5,0,19333,0
2026-04-02,Affiliate Network,Seasonal Select Promo Initiative,Metro Region Prospecting Cohort,86057605,Health Conscious Buyers Affinity Segment,1583198464464326,Price Drop Cut Direct Voice,1784287715532418,Brand Awareness,0,0,0,0,0,0,0,0,0,0,0,0,0,0,0,0,0,0,0,0,0,0,0,0
2026-04-02,Connected TV,Family Pantry Retention Initiative,Metro Region Prospecting Cohort,86057605,Health Conscious Buyers Interest Segment,4038732375076011,Promo Banner Friendly Voice,1795647028277080,Brand Awareness,36.19,14419,0,17130,52,100,100,100,100,741,548,0,0,0,0,48,0,111,0.5,1,1,0,14309,0
2026-04-02,Search Network,Family Pantry Retention Initiative,Metro Region Prospecting Cohort,86057605,Health Conscious Buyers Affinity Segment,1135622965987651,Shelf Story Warm Voice,4677512718707653,Brand Awareness,27.72,12596,0,12027,24,26,71,43,25,153,117,0,0,0,0,24,0,62,0.5,0,2,0,12631,0
2026-04-02,Connected TV,Seasonal Select Promo Initiative,Metro Region Prospecting Cohort,86057605,Family Planners Affinity Segment,8367846490627350,Shelf Story Bold Voice,1513766392359337,Brand Awareness,0,0,0,0,0,0,0,0,0,0,0,0,0,0,0,0,0,0,0,0,0,0,0,0
2026-04-02,Shopping Grid,Family Pantry Retention Initiative,Metro Region Prospecting Cohort,86057605,Health Conscious Buyers Retention Segment,1345308351935222,Shelf Story Warm Voice,1784605528875708,Brand Awareness,47.11,16610,0,18257,58,100,100,100,100,998,910,0,0,0,0,61,0,126,0.79,9,4,0,16941,0
2026-04-02,Display Network,Seasonal Select Promo Initiative,Metro Region Prospecting Cohort,86057605,Health Conscious Buyers Affinity Segment,1583198464464326,Shelf Story Bold Voice,5059221348780067,Brand Awareness,0,0,0,0,0,0,0,0,0,0,0,0,0,0,0,0,0,0,0,0,0,0,0,0
2026-04-02,Affiliate Network,Home Essentials Scale Initiative,Metro Region Prospecting Cohort,86057605,Family Planners Interest Segment,2052479131570920,Shelf Story Warm Voice,1781570544556972,Brand Awareness,122.3,25726,0,22254,68,25,100,54,33,424,310,0,0,0,0,24,0,107,0.38,0,2,0,23282,0
2026-04-02,Shopping Grid,Seasonal Select Promo Initiative,Metro Region Prospecting Cohort,86057605,Health Conscious Buyers Affinity Segment,1583198464464326,Product Reel Warm Voice,1085328768903302,Brand Awareness,0,0,0,0,0,0,0,0,0,0,0,0,0,0,0,0,0,0,0,0,0,0,0,0
2026-04-02,Search Network,Family Pantry Retention Initiative,Metro Region Prospecting Cohort,86057605,Health Conscious Buyers Retention Segment,1345308351935222,Shelf Story Bold Voice,1224071073531602,Brand Awareness,45.78,21004,0,23115,44,100,100,100,100,555,409,0,0,0,0,25,0,78,0.3,1,2,0,22370,0
2026-04-02,Social Feed,Home Essentials Scale Initiative,Metro Region Loyalty Cohort,86057605,Weekend Deal Hunters Interest Segment,1459448327666023,Product Reel Bold Voice,1341726046078307,Brand Awareness,85.93,76191,0,73015,79,0,0,0,0,31,22,0,0,0,0,30,0,159,0.15,0,3,0,0,0
2026-04-02,Shopping Grid,Seasonal Select Promo Initiative,Metro Region Prospecting Cohort,86057605,Family Planners Affinity Segment,8367846490627350,Price Drop Cut Value Voice,8889722625375687,Brand Awareness,0,0,0,0,0,0,0,0,0,0,0,0,0,0,0,0,0,0,0,0,0,0,0,0
2026-04-02,Influencer Network,Home Essentials Scale Initiative,Metro Region Prospecting Cohort,86057605,Family Planners Interest Segment,2052479131570920,Product Reel Bold Voice,8230132190292546,Brand Awareness,148.6,33667,0,34818,111,100,100,100,100,887,675,0,0,0,0,50,0,179,0.5,0,7,0,29369,0
2026-04-02,Display Network,Family Pantry Retention Initiative,Metro Region Prospecting Cohort,86057605,Health Conscious Buyers Affinity Segment,1135622965987651,Price Drop Cut Direct Voice,1738411410074119,Brand Awareness,80.40,42018,0,41301,66,100,100,100,100,898,718,0,0,0,0,71,0,152,0.38,1,2,0,38050,0
2026-04-02,Retail Media Network,Family Pantry Retention Initiative,Metro Region Prospecting Cohort,86057605,Health Conscious Buyers Retention Segment,1345308351935222,Price Drop Cut Direct Voice,1235697900866550,Brand Awareness,63.0,22006,0,22596,50,100,100,100,100,740,587,0,0,1,0,42,0,102,0.45,0,4,0,26312,0
2026-04-02,Display Network,Seasonal Select Promo Initiative,Metro Region Prospecting Cohort,86057605,Health Conscious Buyers Affinity Segment,1583198464464326,Shelf Story Warm Voice,6636216253361836,Brand Awareness,0,0,0,0,0,0,0,0,0,0,0,0,0,0,0,0,0,0,0,0,0,0,0,0
2026-04-02,Marketplace Feed,Seasonal Select Promo Initiative,Metro Region Prospecting Cohort,86057605,Family Planners Affinity Segment,8367846490627350,Price Drop Cut Direct Voice,1282017847074823,Brand Awareness,0,0,0,0,0,0,0,0,0,0,0,0,0,0,0,0,0,0,0,0,0,0,0,0
2026-04-02,Display Network,Seasonal Select Promo Initiative,Metro Region Prospecting Cohort,86057605,Family Planners Affinity Segment,8367846490627350,Shelf Story Bold Voice,1443072828443197,Brand Awareness,0,0,0,0,0,0,0,0,0,0,0,0,0,0,0,0,0,0,0,0,0,0,0,0
2026-04-02,Display Network,Family Pantry Retention Initiative,Metro Region Prospecting Cohort,86057605,Health Conscious Buyers Interest Segment,4038732375076011,Product Reel Warm Voice,5024232539393398,Brand Awareness,55.51,15305,0,15353,73,100,100,100,100,1212,1220,0,0,3,0,65,0,159,0.80,24,3,0,15537,0
2026-04-02,Retail Media Network,Home Essentials Scale Initiative,Metro Region Prospecting Cohort,86057605,Family Planners Interest Segment,2052479131570920,Shelf Story Warm Voice,8866144267684809,Brand Awareness,126.01,24760,0,29926,63,100,100,100,100,891,735,0,0,0,0,28,0,132,0.39,0,3,0,23104,0
2026-04-02,Discovery Network,Seasonal Select Promo Initiative,Metro Region Prospecting Cohort,86057605,Family Planners Affinity Segment,8367846490627350,Price Drop Cut Direct Voice,7250010115405304,Brand Awareness,0,0,0,0,0,0,0,0,0,0,0,0,0,0,0,0,0,0,0,0,0,0,0,0
2026-04-02,Influencer Network,Family Pantry Retention Initiative,Metro Region Prospecting Cohort,86057605,Health Conscious Buyers Interest Segment,4038732375076011,Price Drop Cut Value Voice,8188173117790828,Brand Awareness,9.21,4061,0,4363,9,8,53,24,11,84,79,0,0,0,0,3,0,18,0.33,0,0,0,3934,0
2026-04-02,Affiliate Network,Seasonal Select Promo Initiative,Metro Region Prospecting Cohort,86057605,Health Conscious Buyers Affinity Segment,1583198464464326,Shelf Story Warm Voice,8184969027502042,Brand Awareness,0,0,0,0,0,0,0,0,0,0,0,0,0,0,0,0,0,0,0,0,0,0,0,0
2026-04-02,Display Network,Family Pantry Retention Initiative,Metro Region Prospecting Cohort,86057605,Health Conscious Buyers Affinity Segment,1135622965987651,Shelf Story Warm Voice,7615538610890160,Brand Awareness,53.42,22591,0,23955,78,100,100,100,100,1231,907,0,0,0,0,98,0,183,0.71,9,3,0,21800,0
2026-04-02,Affiliate Network,Family Pantry Retention Initiative,Metro Region Prospecting Cohort,86057605,Health Conscious Buyers Affinity Segment,1135622965987651,Shelf Story Warm Voice,1258937255511149,Brand Awareness,15.45,6403,0,6478,20,36,100,84,42,191,145,0,0,0,0,14,0,42,0.68,0,1,0,6112,0
2026-04-02,Connected TV,Family Pantry Retention Initiative,Metro Region Prospecting Cohort,86057605,Health Conscious Buyers Interest Segment,4038732375076011,Product Reel Bold Voice,2610832510663182,Brand Awareness,46.23,18706,0,20699,45,100,100,100,100,513,430,0,0,0,0,45,0,94,0.46,0,4,0,20834,0
2026-04-02,In-App Display,Seasonal Select Promo Initiative,Metro Region Prospecting Cohort,86057605,Family Planners Affinity Segment,8367846490627350,Shelf Story Warm Voice,1639408567275675,Brand Awareness,0,0,0,0,0,0,0,0,0,0,0,0,0,0,0,0,0,0,0,0,0,0,0,0
2026-04-02,Affiliate Network,Family Pantry Retention Initiative,Metro Region Prospecting Cohort,86057605,Health Conscious Buyers Retention Segment,1345308351935222,Product Reel Bold Voice,3103965387610382,Brand Awareness,31.86,12371,0,14745,34,100,100,100,100,583,432,0,0,1,0,40,0,73,0.51,1,0,0,12409,0
2026-04-02,Affiliate Network,Home Essentials Scale Initiative,Metro Region Prospecting Cohort,86057605,Family Planners Interest Segment,2052479131570920,Price Drop Cut Direct Voice,7324105902810892,Brand Awareness,117.32,22334,0,25429,58,100,100,100,100,957,872,0,0,1,0,42,0,121,0.4,1,0,0,19704,0
2026-04-02,Search Network,Family Pantry Retention Initiative,Metro Region Prospecting Cohort,86057605,Health Conscious Buyers Interest Segment,4038732375076011,Shelf Story Bold Voice,3214725233808965,Brand Awareness,6.32,2935,0,3191,13,9,80,32,20,91,73,0,0,0,0,1,0,19,0.51,0,1,0,3288,0
2026-04-02,Marketplace Feed,Family Pantry Retention Initiative,Metro Region Prospecting Cohort,86057605,Health Conscious Buyers Retention Segment,1345308351935222,Shelf Story Warm Voice,1336999724226908,Brand Awareness,29.82,11888,0,13617,35,100,100,100,100,716,747,0,0,0,0,30,0,77,0.5,3,4,0,14872,0
2026-04-02,Retail Media Network,Family Pantry Retention Initiative,Metro Region Prospecting Cohort,86057605,Health Conscious Buyers Interest Segment,4038732375076011,Price Drop Cut Direct Voice,1621355325413800,Brand Awareness,101.63,55712,0,52305,92,100,100,100,100,2096,1529,0,0,0,0,34,0,158,0.25,0,0,0,52497,0
2026-04-02,Discovery Network,Family Pantry Retention Initiative,Metro Region Prospecting Cohort,86057605,Health Conscious Buyers Interest Segment,4038732375076011,Shelf Story Warm Voice,1588505872211201,Brand Awareness,19.39,12171,0,12886,19,59,100,100,85,304,271,0,0,0,0,13,0,42,0.35,0,0,0,12208,0
2026-04-02,Retail Media Network,Family Pantry Retention Initiative,Central Region Loyalty Cohort,86057605,Health Conscious Buyers Retention Segment,1330727324422624,Price Drop Cut Direct Voice,1461772519148197,Catalog Engagement,0,0,0,0,0,0,0,0,0,0,0,0,0,0,0,0,0,0,0,0,0,0,0,0
2026-04-02,Search Network,Seasonal Select Promo Initiative,Metro Region Prospecting Cohort,86057605,Health Conscious Buyers Affinity Segment,1583198464464326,Price Drop Cut Value Voice,1200554409043688,Brand Awareness,0,0,0,0,0,0,0,0,0,0,0,0,0,0,0,0,0,0,0,0,0,0,0,0
2026-04-02,Influencer Network,Family Pantry Retention Initiative,Metro Region Prospecting Cohort,86057605,Health Conscious Buyers Interest Segment,4038732375076011,Shelf Story Warm Voice,1071265383635459,Brand Awareness,36.77,17981,0,16527,53,100,100,100,100,712,613,0,0,0,0,34,0,85,0.41,1,2,0,16431,0
2026-04-02,Marketplace Feed,Seasonal Select Promo Initiative,Metro Region Prospecting Cohort,86057605,Health Conscious Buyers Affinity Segment,1583198464464326,Price Drop Cut Value Voice,1693074427559461,Brand Awareness,0,0,0,0,0,0,0,0,0,0,0,0,0,0,0,0,0,0,0,0,0,0,0,0
2026-04-02,Discovery Network,Home Essentials Scale Initiative,Metro Region Prospecting Cohort,86057605,Family Planners Interest Segment,2052479131570920,Promo Banner Friendly Voice,7057211523700123,Brand Awareness,188.50,36858,0,41514,119,100,100,100,100,1466,1236,0,0,1,0,65,0,222,0.51,1,3,0,34870,0
2026-04-02,Connected TV,Family Pantry Retention Initiative,Metro Region Prospecting Cohort,86057605,Health Conscious Buyers Retention Segment,1345308351935222,Shelf Story Bold Voice,1676408138262740,Brand Awareness,3.30,1530,0,1801,5,8,41,12,9,37,37,0,0,0,0,0,0,4,0.29,0,0,0,1566,0
2026-04-02,Search Network,Family Pantry Retention Initiative,Metro Region Prospecting Cohort,86057605,Health Conscious Buyers Affinity Segment,1135622965987651,Price Drop Cut Direct Voice,1376321213572515,Brand Awareness,160.12,79335,0,83679,123,100,100,100,100,2685,2208,0,0,0,0,63,0,227,0.31,0,5,0,71204,0
2026-04-02,Affiliate Network,Family Pantry Retention Initiative,Metro Region Prospecting Cohort,86057605,Health Conscious Buyers Retention Segment,1345308351935222,Shelf Story Warm Voice,1109091303659021,Brand Awareness,14.22,6523,0,6829,16,25,100,90,41,172,170,0,0,0,0,14,0,33,0.49,1,0,0,6283,0
2026-04-02,Marketplace Feed,Family Pantry Retention Initiative,Metro Region Prospecting Cohort,86057605,Health Conscious Buyers Interest Segment,4038732375076011,Price Drop Cut Direct Voice,7463263725071030,Brand Awareness,71.35,32039,0,36049,71,100,100,100,100,849,787,0,0,0,0,46,0,136,0.37,0,6,0,31636,0
2026-04-02,Display Network,Home Essentials Scale Initiative,Metro Region Prospecting Cohort,86057605,Family Planners Interest Segment,2052479131570920,Shelf Story Warm Voice,1453411941100364,Brand Awareness,154.19,27304,0,28994,65,100,100,100,100,1663,1329,0,0,0,0,62,0,164,0.49,5,3,0,26846,0
2026-04-02,Search Network,Home Essentials Scale Initiative,Metro Region Prospecting Cohort,86057605,Family Planners Interest Segment,2052479131570920,Shelf Story Bold Voice,1642534966349722,Brand Awareness,115.92,23228,0,27621,66,100,100,100,100,539,506,0,0,0,0,22,0,93,0.32,1,2,0,22951,0
2026-04-02,Affiliate Network,Family Pantry Retention Initiative,Metro Region Prospecting Cohort,86057605,Health Conscious Buyers Affinity Segment,1135622965987651,Product Reel Bold Voice,8953408766836705,Brand Awareness,58.12,23743,0,21953,64,100,100,100,100,668,608,0,0,1,0,61,0,117,0.47,0,0,0,23785,0
2026-04-02,Discovery Network,Seasonal Select Promo Initiative,Metro Region Prospecting Cohort,86057605,Family Planners Affinity Segment,8367846490627350,Product Reel Bold Voice,1533913016753531,Brand Awareness,0,0,0,0,0,0,0,0,0,0,0,0,0,0,0,0,0,0,0,0,0,0,0,0
2026-04-02,Display Network,Home Essentials Promo Initiative,Metro Region Conversion Cohort,44948390,Quick Refill Buyers Retention Segment,1899712342036110,Shelf Story Warm Voice,8585579191193727,Brand Awareness,0,0,0,0,0,0,0,0,0,0,0,0,0,0,0,0,0,0,0,0,0,0,0,0
2026-04-02,In-App Display,Family Pantry Retention Initiative,Metro Region Prospecting Cohort,86057605,Health Conscious Buyers Retention Segment,1345308351935222,Price Drop Cut Value Voice,4790194200746643,Brand Awareness,8.9,3374,0,2979,10,13,49,17,14,74,68,0,0,0,0,4,0,11,0.39,0,0,0,3310,0
2026-04-02,Influencer Network,Seasonal Select Promo Initiative,Metro Region Prospecting Cohort,86057605,Family Planners Affinity Segment,8367846490627350,Shelf Story Warm Voice,1290711679971752,Brand Awareness,0,0,0,0,0,0,0,0,0,0,0,0,0,0,0,0,0,0,0,0,0,0,0,0
2026-04-02,Marketplace Feed,Family Pantry Retention Initiative,Metro Region Prospecting Cohort,86057605,Health Conscious Buyers Retention Segment,1345308351935222,Price Drop Cut Direct Voice,1338336336500986,Brand Awareness,106.53,40995,0,41047,99,100,100,100,100,2053,1449,0,0,1,0,42,0,161,0.34,1,0,0,41004,0
2026-04-02,Marketplace Feed,Home Essentials Scale Initiative,Metro Region Prospecting Cohort,86057605,Family Planners Interest Segment,2052479131570920,Product Reel Warm Voice,1464656530089556,Brand Awareness,127.91,25476,0,28025,77,87,100,100,100,939,939,0,0,0,0,50,0,154,0.50,3,4,0,28836,0
2026-04-02,Influencer Network,Family Pantry Retention Initiative,Metro Region Prospecting Cohort,86057605,Health Conscious Buyers Retention Segment,1345308351935222,Product Reel Warm Voice,9896466908906225,Brand Awareness,29.24,8672,0,8917,31,100,100,100,100,516,479,0,0,0,0,38,0,71,0.78,2,4,0,7486,0
2026-04-02,In-App Display,Seasonal Select Promo Initiative,Metro Region Prospecting Cohort,86057605,Family Planners Affinity Segment,8367846490627350,Shelf Story Warm Voice,1632831223312463,Brand Awareness,0,0,0,0,0,0,0,0,0,0,0,0,0,0,0,0,0,0,0,0,0,0,0,0
2026-04-02,Display Network,Family Pantry Retention Initiative,Metro Region Prospecting Cohort,86057605,Health Conscious Buyers Retention Segment,1345308351935222,Promo Banner Friendly Voice,6475634155019312,Brand Awareness,22.56,7400,0,8800,29,60,100,100,100,415,342,0,0,0,0,19,0,54,0.54,0,1,0,8217,0
2026-04-02,Search Network,Seasonal Select Promo Initiative,Metro Region Prospecting Cohort,86057605,Family Planners Affinity Segment,8367846490627350,Promo Banner Friendly Voice,1307552757281973,Brand Awareness,0,0,0,0,0,0,0,0,0,0,0,0,0,0,0,0,0,0,0,0,0,0,0,0
2026-04-02,Affiliate Network,Seasonal Select Promo Initiative,Metro Region Prospecting Cohort,86057605,Family Planners Affinity Segment,8367846490627350,Price Drop Cut Value Voice,5563277853788674,Brand Awareness,0,0,0,0,0,0,0,0,0,0,0,0,0,0,0,0,0,0,0,0,0,0,0,0
2026-04-02,Influencer Network,Family Pantry Retention Initiative,Metro Region Prospecting Cohort,86057605,Health Conscious Buyers Interest Segment,4038732375076011,Shelf Story Warm Voice,9220444258600248,Brand Awareness,60.86,26635,0,25219,95,100,100,100,100,1604,1384,0,0,1,0,102,0,205,0.76,26,5,0,26003,0
2026-04-02,Video Network,Family Pantry Retention Initiative,Metro Region Prospecting Cohort,86057605,Health Conscious Buyers Interest Segment,4038732375076011,Shelf Story Bold Voice,5252167376816900,Brand Awareness,61.23,31424,0,31736,59,100,100,100,100,541,515,0,0,0,0,30,0,119,0.34,1,10,0,29942,0
2026-04-02,Search Network,Family Pantry Retention Initiative,Metro Region Prospecting Cohort,86057605,Health Conscious Buyers Affinity Segment,1135622965987651,Shelf Story Bold Voice,3741790868443346,Brand Awareness,57.2,35246,0,34920,65,100,100,100,100,597,448,0,0,1,0,37,0,108,0.33,1,8,0,35710,0
2026-04-02,Display Network,Family Pantry Retention Initiative,Metro Region Prospecting Cohort,86057605,Health Conscious Buyers Retention Segment,1345308351935222,Price Drop Cut Value Voice,6635833234332869,Brand Awareness,35.65,11661,0,11022,42,100,100,100,100,917,707,0,0,1,0,28,0,68,0.49,0,1,0,10351,0
2026-04-02,Display Network,Home Essentials Scale Initiative,Metro Region Prospecting Cohort,86057605,Family Planners Interest Segment,2052479131570920,Shelf Story Bold Voice,1037070944576843,Brand Awareness,117.4,23851,0,26425,49,85,100,100,100,545,517,0,0,0,0,38,0,89,0.35,1,7,0,24997,0
2026-04-02,Search Network,Family Pantry Retention Initiative,Metro Region Prospecting Cohort,86057605,Health Conscious Buyers Retention Segment,1345308351935222,Shelf Story Warm Voice,1717487861401866,Brand Awareness,9.64,4341,0,4580,14,9,35,13,10,63,58,0,0,0,0,5,0,19,0.36,0,0,0,4166,0
2026-04-02,Video Network,Home Essentials Scale Initiative,Metro Region Prospecting Cohort,86057605,Family Planners Interest Segment,2052479131570920,Price Drop Cut Direct Voice,1293082123821342,Brand Awareness,152.41,26128,0,32435,72,100,100,100,100,663,493,0,0,1,0,32,0,145,0.52,0,9,0,29370,0
2026-04-02,Video Network,Family Pantry Retention Initiative,Metro Region Prospecting Cohort,86057605,Health Conscious Buyers Interest Segment,4038732375076011,Shelf Story Warm Voice,6837754902553756,Brand Awareness,10.33,5176,0,6077,18,6,38,13,7,78,67,0,0,0,0,9,0,28,0.53,0,1,0,5140,0
2026-04-02,Shopping Grid,Seasonal Select Promo Initiative,Metro Region Prospecting Cohort,86057605,Health Conscious Buyers Affinity Segment,1583198464464326,Shelf Story Warm Voice,1658988890526399,Brand Awareness,0,0,0,0,0,0,0,0,0,0,0,0,0,0,0,0,0,0,0,0,0,0,0,0
2026-04-02,Connected TV,Home Essentials Scale Initiative,Metro Region Prospecting Cohort,86057605,Family Planners Interest Segment,2052479131570920,Price Drop Cut Value Voice,1337311684616332,Brand Awareness,124.89,26825,0,25024,61,100,100,100,100,997,949,0,0,0,0,31,0,129,0.44,0,4,0,24701,0
2026-04-02,Discovery Network,Seasonal Select Promo Initiative,Metro Region Prospecting Cohort,86057605,Health Conscious Buyers Affinity Segment,1583198464464326,Price Drop Cut Direct Voice,1008360782524529,Brand Awareness,0,0,0,0,0,0,0,0,0,0,0,0,0,0,0,0,0,0,0,0,0,0,0,0
2026-04-02,Shopping Grid,Family Pantry Retention Initiative,Metro Region Prospecting Cohort,86057605,Health Conscious Buyers Affinity Segment,1135622965987651,Shelf Story Warm Voice,6310646509441659,Brand Awareness,39.03,18822,0,23127,41,100,100,100,100,675,547,0,0,0,0,37,0,98,0.43,0,1,0,19050,0
2026-04-02,Retail Media Network,Family Pantry Retention Initiative,Metro Region Prospecting Cohort,86057605,Health Conscious Buyers Affinity Segment,1135622965987651,Promo Banner Friendly Voice,8513428259763770,Brand Awareness,31.30,13956,0,13593,37,76,100,100,100,435,400,0,0,1,0,61,0,92,0.64,1,4,0,12044,0
2026-04-02,Discovery Network,Home Essentials Scale Initiative,Metro Region Prospecting Cohort,86057605,Family Planners Interest Segment,2052479131570920,Price Drop Cut Value Voice,1450690616595384,Brand Awareness,118.60,30151,0,27691,65,64,100,100,88,691,610,0,0,0,0,29,0,114,0.37,0,3,0,23468,0
2026-04-02,Retail Media Network,Family Pantry Retention Initiative,Metro Region Prospecting Cohort,86057605,Health Conscious Buyers Interest Segment,4038732375076011,Price Drop Cut Value Voice,5368036527923125,Brand Awareness,24.61,7787,0,10026,31,100,100,100,100,581,591,0,0,0,0,26,0,60,0.66,1,2,0,8872,0
2026-04-02,Discovery Network,Seasonal Select Promo Initiative,Metro Region Prospecting Cohort,86057605,Health Conscious Buyers Affinity Segment,1583198464464326,Promo Banner Friendly Voice,1472199163581113,Brand Awareness,0,0,0,0,0,0,0,0,0,0,0,0,0,0,0,0,0,0,0,0,0,0,0,0
2026-04-02,Affiliate Network,Seasonal Select Promo Initiative,Metro Region Prospecting Cohort,86057605,Family Planners Affinity Segment,8367846490627350,Product Reel Warm Voice,9142555271094977,Brand Awareness,0,0,0,0,0,0,0,0,0,0,0,0,0,0,0,0,0,0,0,0,0,0,0,0
2026-04-02,Display Network,Family Pantry Retention Initiative,Metro Region Prospecting Cohort,86057605,Health Conscious Buyers Affinity Segment,1135622965987651,Price Drop Cut Value Voice,1665013466361043,Brand Awareness,28.08,11713,0,13436,30,32,100,67,33,261,221,0,0,0,0,30,0,56,0.51,0,2,0,12846,0
2026-04-02,Social Feed,Seasonal Select Promo Initiative,Metro Region Prospecting Cohort,86057605,Health Conscious Buyers Affinity Segment,1583198464464326,Product Reel Bold Voice,9879327331114134,Brand Awareness,0,0,0,0,0,0,0,0,0,0,0,0,0,0,0,0,0,0,0,0,0,0,0,0
2026-04-02,Shopping Grid,Seasonal Select Promo Initiative,Metro Region Prospecting Cohort,86057605,Health Conscious Buyers Affinity Segment,1583198464464326,Shelf Story Warm Voice,1608988073035671,Brand Awareness,0,0,0,0,0,0,0,0,0,0,0,0,0,0,0,0,0,0,0,0,0,0,0,0
2026-04-02,Discovery Network,Family Pantry Retention Initiative,Metro Region Prospecting Cohort,86057605,Health Conscious Buyers Affinity Segment,1135622965987651,Product Reel Warm Voice,1149004867408980,Brand Awareness,52.07,21178,0,20443,73,100,100,100,100,1068,1033,0,0,1,0,97,0,210,0.9,9,7,0,17473,0
2026-04-02,Display Network,Seasonal Select Promo Initiative,Metro Region Prospecting Cohort,86057605,Health Conscious Buyers Affinity Segment,1583198464464326,Shelf Story Warm Voice,1398435806475897,Brand Awareness,0,0,0,0,0,0,0,0,0,0,0,0,0,0,0,0,0,0,0,0,0,0,0,0
2026-04-02,Video Network,Family Pantry Retention Initiative,Metro Region Prospecting Cohort,86057605,Health Conscious Buyers Retention Segment,1345308351935222,Shelf Story Warm Voice,3386014062513396,Brand Awareness,32.83,13836,0,14033,47,100,100,100,100,771,655,0,0,0,0,27,0,74,0.6,1,1,0,12580,0
2026-04-02,Display Network,Home Essentials Scale Initiative,Central Region Loyalty Cohort,86057605,Health Conscious Buyers Retention Segment,3536997747651810,Price Drop Cut Direct Voice,1642752931109548,Brand Awareness,0,0,0,0,0,0,0,0,0,0,0,0,0,0,0,0,0,0,0,0,0,0,0,0
2026-04-02,Search Network,Home Essentials Scale Initiative,Metro Region Prospecting Cohort,86057605,Family Planners Interest Segment,2052479131570920,Shelf Story Warm Voice,1431189176757496,Brand Awareness,112.22,23152,0,30025,69,100,100,100,100,839,790,0,0,0,0,36,0,152,0.47,9,3,0,22401,0
2026-04-01,Affiliate Network,Seasonal Select Promo Initiative,Metro Region Prospecting Cohort,86057605,Family Planners Affinity Segment,8367846490627350,Price Drop Cut Direct Voice,7250010115405304,Brand Awareness,0,0,0,0,0,0,0,0,0,0,0,0,0,0,0,0,0,0,0,0,0,0,0,0
2026-04-01,Display Network,Seasonal Select Promo Initiative,Metro Region Prospecting Cohort,86057605,Family Planners Affinity Segment,8367846490627350,Shelf Story Warm Voice,1290711679971752,Brand Awareness,0,0,0,0,0,0,0,0,0,0,0,0,0,0,0,0,0,0,0,0,0,0,0,0
2026-04-01,Social Feed,Family Pantry Retention Initiative,Metro Region Prospecting Cohort,86057605,Health Conscious Buyers Retention Segment,1345308351935222,Shelf Story Warm Voice,1784605528875708,Brand Awareness,55.16,20335,0,22529,61,100,100,100,100,1161,992,0,0,0,0,57,0,124,0.70,10,4,0,17864,0
2026-04-01,Connected TV,Seasonal Select Promo Initiative,Metro Region Prospecting Cohort,86057605,Health Conscious Buyers Affinity Segment,1583198464464326,Shelf Story Warm Voice,8184969027502042,Brand Awareness,0,0,0,0,0,0,0,0,0,0,0,0,0,0,0,0,0,0,0,0,0,0,0,0
2026-04-01,Social Feed,Family Pantry Retention Initiative,Metro Region Prospecting Cohort,86057605,Health Conscious Buyers Affinity Segment,1135622965987651,Shelf Story Warm Voice,7615538610890160,Brand Awareness,51.77,21520,0,19825,69,100,100,100,100,1318,1099,0,0,0,0,112,0,204,0.93,8,4,0,20503,0
2026-04-01,Influencer Network,Home Essentials Scale Initiative,Metro Region Prospecting Cohort,86057605,Family Planners Interest Segment,2052479131570920,Shelf Story Bold Voice,1037070944576843,Brand Awareness,120.97,23729,0,29343,48,73,100,100,100,429,339,0,0,0,0,40,0,101,0.40,0,8,0,24937,0
2026-04-01,Affiliate Network,Family Pantry Retention Initiative,Metro Region Prospecting Cohort,86057605,Health Conscious Buyers Interest Segment,4038732375076011,Shelf Story Warm Voice,1588505872211201,Brand Awareness,22.87,8478,0,9736,30,66,100,100,100,324,318,0,0,0,0,14,0,65,0.57,0,2,0,9753,0
2026-04-01,Social Feed,Seasonal Select Promo Initiative,Metro Region Prospecting Cohort,86057605,Health Conscious Buyers Affinity Segment,1583198464464326,Product Reel Bold Voice,9879327331114134,Brand Awareness,0,0,0,0,0,0,0,0,0,0,0,0,0,0,0,0,0,0,0,0,0,0,0,0
2026-04-01,Connected TV,Family Pantry Retention Initiative,Metro Region Prospecting Cohort,86057605,Health Conscious Buyers Interest Segment,4038732375076011,Shelf Story Bold Voice,3214725233808965,Brand Awareness,7.38,3125,0,3524,10,22,89,34,24,79,61,0,0,0,0,3,0,10,0.30,0,0,0,3369,0
2026-04-01,Marketplace Feed,Home Essentials Scale Initiative,Metro Region Prospecting Cohort,86057605,Family Planners Interest Segment,2052479131570920,Shelf Story Warm Voice,1431189176757496,Brand Awareness,119.27,28992,0,23972,58,100,100,100,100,766,535,0,0,1,0,32,0,105,0.40,4,5,0,23604,0
2026-04-01,In-App Display,Seasonal Select Promo Initiative,Metro Region Prospecting Cohort,86057605,Family Planners Affinity Segment,8367846490627350,Shelf Story Warm Voice,1521118647743483,Brand Awareness,0,0,0,0,0,0,0,0,0,0,0,0,0,0,0,0,0,0,0,0,0,0,0,0
2026-04-01,In-App Display,Seasonal Select Promo Initiative,Metro Region Prospecting Cohort,86057605,Health Conscious Buyers Affinity Segment,1583198464464326,Product Reel Warm Voice,1085328768903302,Brand Awareness,0,0,0,0,0,0,0,0,0,0,0,0,0,0,0,0,0,0,0,0,0,0,0,0
2026-04-01,Video Network,Seasonal Select Promo Initiative,Metro Region Prospecting Cohort,86057605,Health Conscious Buyers Affinity Segment,1583198464464326,Price Drop Cut Direct Voice,1784287715532418,Brand Awareness,0,0,0,0,0,0,0,0,0,0,0,0,0,0,0,0,0,0,0,0,0,0,0,0
2026-04-01,Discovery Network,Seasonal Select Promo Initiative,Metro Region Prospecting Cohort,86057605,Health Conscious Buyers Affinity Segment,1583198464464326,Price Drop Cut Value Voice,1693074427559461,Brand Awareness,0,0,0,0,0,0,0,0,0,0,0,0,0,0,0,0,0,0,0,0,0,0,0,0
2026-04-01,Display Network,Family Pantry Retention Initiative,Metro Region Prospecting Cohort,86057605,Health Conscious Buyers Interest Segment,4038732375076011,Promo Banner Friendly Voice,1795647028277080,Brand Awareness,32.81,12156,0,11908,53,97,100,100,100,648,516,0,0,1,0,67,0,106,0.8,0,2,0,14068,0
2026-04-01,Search Network,Home Essentials Scale Initiative,Metro Region Prospecting Cohort,86057605,Family Planners Interest Segment,2052479131570920,Shelf Story Warm Voice,1453411941100364,Brand Awareness,135.2,27625,0,30575,68,100,100,100,100,1029,965,0,0,0,0,38,0,138,0.50,4,1,0,27604,0
2026-04-01,Shopping Grid,Family Pantry Retention Initiative,Metro Region Prospecting Cohort,86057605,Health Conscious Buyers Affinity Segment,1135622965987651,Shelf Story Bold Voice,7978204024740970,Brand Awareness,5.44,2545,0,3068,12,21,59,36,23,63,54,0,0,0,0,5,0,20,0.70,0,0,0,2530,0
2026-04-01,Search Network,Seasonal Select Promo Initiative,Metro Region Prospecting Cohort,86057605,Family Planners Affinity Segment,8367846490627350,Price Drop Cut Direct Voice,1282017847074823,Brand Awareness,0,0,0,0,0,0,0,0,0,0,0,0,0,0,0,0,0,0,0,0,0,0,0,0
2026-04-01,Connected TV,Family Pantry Retention Initiative,Metro Region Prospecting Cohort,86057605,Health Conscious Buyers Interest Segment,4038732375076011,Shelf Story Bold Voice,5252167376816900,Brand Awareness,53.84,30613,0,31941,57,100,100,100,100,688,535,0,0,0,0,38,0,114,0.35,1,3,0,32206,0
2026-04-01,Social Feed,Seasonal Select Promo Initiative,Metro Region Prospecting Cohort,86057605,Health Conscious Buyers Affinity Segment,1583198464464326,Price Drop Cut Direct Voice,1008360782524529,Brand Awareness,0,0,0,0,0,0,0,0,0,0,0,0,0,0,0,0,0,0,0,0,0,0,0,0
2026-04-01,Search Network,Seasonal Select Promo Initiative,Metro Region Prospecting Cohort,86057605,Family Planners Affinity Segment,8367846490627350,Promo Banner Friendly Voice,1307552757281973,Brand Awareness,0,0,0,0,0,0,0,0,0,0,0,0,0,0,0,0,0,0,0,0,0,0,0,0
2026-04-01,Connected TV,Family Pantry Retention Initiative,Metro Region Prospecting Cohort,86057605,Health Conscious Buyers Retention Segment,1345308351935222,Shelf Story Warm Voice,3386014062513396,Brand Awareness,42.13,18130,0,18397,60,100,100,100,100,920,762,0,0,0,0,26,0,87,0.46,1,4,0,18409,0
2026-04-01,In-App Display,Family Pantry Retention Initiative,Metro Region Prospecting Cohort,86057605,Health Conscious Buyers Retention Segment,1345308351935222,Price Drop Cut Direct Voice,1338336336500986,Brand Awareness,112.41,38520,0,49363,108,100,100,100,100,2084,1686,0,0,1,0,44,0,180,0.33,0,2,0,36879,0
2026-04-01,Retail Media Network,Family Pantry Retention Initiative,Metro Region Prospecting Cohort,86057605,Health Conscious Buyers Affinity Segment,1135622965987651,Shelf Story Bold Voice,3741790868443346,Brand Awareness,46.76,30889,0,30018,65,100,100,100,100,612,484,0,0,0,0,56,0,129,0.40,0,2,0,30165,0
2026-04-01,Search Network,Seasonal Select Promo Initiative,Metro Region Prospecting Cohort,86057605,Health Conscious Buyers Affinity Segment,1583198464464326,Shelf Story Bold Voice,5059221348780067,Brand Awareness,0,0,0,0,0,0,0,0,0,0,0,0,0,0,0,0,0,0,0,0,0,0,0,0
2026-04-01,In-App Display,Seasonal Select Promo Initiative,Metro Region Prospecting Cohort,86057605,Health Conscious Buyers Affinity Segment,1583198464464326,Shelf Story Warm Voice,1398435806475897,Brand Awareness,0,0,0,0,0,0,0,0,0,0,0,0,0,0,0,0,0,0,0,0,0,0,0,0
2026-04-01,Search Network,Family Pantry Retention Initiative,Metro Region Prospecting Cohort,86057605,Health Conscious Buyers Retention Segment,1345308351935222,Shelf Story Warm Voice,1336999724226908,Brand Awareness,34.62,15194,0,18636,45,100,100,100,100,943,938,0,0,0,0,51,0,104,0.58,3,3,0,17754,0
2026-04-01,Video Network,Family Pantry Retention Initiative,Metro Region Prospecting Cohort,86057605,Health Conscious Buyers Affinity Segment,1135622965987651,Price Drop Cut Direct Voice,1376321213572515,Brand Awareness,148.7,64420,0,64533,110,100,100,100,100,2074,2159,0,0,0,0,76,0,203,0.32,3,5,0,56424,0
2026-04-01,Display Network,Family Pantry Retention Initiative,Metro Region Prospecting Cohort,86057605,Health Conscious Buyers Interest Segment,4038732375076011,Product Reel Warm Voice,5024232539393398,Brand Awareness,55.55,15439,0,14340,77,100,100,100,100,1559,1114,0,0,0,0,125,0,243,1.46,25,3,0,14418,0
2026-04-01,Video Network,Family Pantry Retention Initiative,Metro Region Prospecting Cohort,86057605,Health Conscious Buyers Interest Segment,4038732375076011,Price Drop Cut Direct Voice,7463263725071030,Brand Awareness,82.38,33115,0,40769,81,100,100,100,100,938,906,0,0,0,0,66,0,148,0.46,1,7,0,35427,0
2026-04-01,Shopping Grid,Family Pantry Retention Initiative,Metro Region Prospecting Cohort,86057605,Health Conscious Buyers Retention Segment,1345308351935222,Price Drop Cut Value Voice,4790194200746643,Brand Awareness,11.66,4968,0,5802,16,18,82,33,25,150,123,0,0,0,0,20,0,32,0.56,0,0,0,5289,0
2026-04-01,Affiliate Network,Family Pantry Retention Initiative,Metro Region Prospecting Cohort,86057605,Health Conscious Buyers Interest Segment,4038732375076011,Shelf Story Warm Voice,9220444258600248,Brand Awareness,61.93,24423,0,23652,91,100,100,100,100,1658,1350,0,0,1,0,115,0,201,0.84,17,14,0,23854,0
2026-04-01,Display Network,Family Pantry Retention Initiative,Metro Region Prospecting Cohort,86057605,Health Conscious Buyers Retention Segment,1345308351935222,Promo Banner Friendly Voice,6475634155019312,Brand Awareness,15.56,4949,0,5848,17,41,100,100,68,238,212,0,0,0,0,21,0,36,0.65,1,0,0,5144,0
2026-04-01,Connected TV,Family Pantry Retention Initiative,Metro Region Prospecting Cohort,86057605,Health Conscious Buyers Affinity Segment,1135622965987651,Shelf Story Warm Voice,1387340628030834,Brand Awareness,45.40,19432,0,18077,69,100,100,100,100,1242,1067,0,0,2,0,111,0,189,0.87,12,5,0,19994,0
2026-04-01,In-App Display,Seasonal Select Promo Initiative,Metro Region Prospecting Cohort,86057605,Health Conscious Buyers Affinity Segment,1583198464464326,Shelf Story Bold Voice,1616439046180252,Brand Awareness,0,0,0,0,0,0,0,0,0,0,0,0,0,0,0,0,0,0,0,0,0,0,0,0
2026-04-01,Shopping Grid,Family Pantry Retention Initiative,Metro Region Conversion Cohort,38881639,Family Planners Lookalike Segment,1010331617086390,Shelf Story Warm Voice,1022962676348579,Brand Awareness,0,0,0,0,0,0,0,0,0,0,0,0,0,0,0,0,0,0,0,0,0,0,0,0
2026-04-01,Social Feed,Family Pantry Retention Initiative,Metro Region Prospecting Cohort,86057605,Health Conscious Buyers Affinity Segment,1135622965987651,Shelf Story Warm Voice,6310646509441659,Brand Awareness,35.38,16664,0,16510,50,100,100,100,100,704,593,0,0,1,0,71,0,128,0.68,0,2,0,15858,0
2026-04-01,In-App Display,Family Pantry Retention Initiative,Metro Region Prospecting Cohort,86057605,Health Conscious Buyers Affinity Segment,1135622965987651,Shelf Story Warm Voice,4677512718707653,Brand Awareness,14.12,6705,0,6660,20,12,75,38,17,157,137,0,0,0,0,61,0,74,1.11,1,1,0,5861,0
2026-04-01,Display Network,Family Pantry Retention Initiative,Metro Region Prospecting Cohort,86057605,Health Conscious Buyers Affinity Segment,1135622965987651,Shelf Story Warm Voice,1258937255511149,Brand Awareness,18.40,5421,0,5658,28,41,100,100,62,235,195,0,0,0,0,45,0,71,0.93,0,1,0,6714,0
2026-04-01,Retail Media Network,Family Pantry Retention Initiative,Metro Region Prospecting Cohort,86057605,Health Conscious Buyers Interest Segment,4038732375076011,Product Reel Bold Voice,2610832510663182,Brand Awareness,55.22,19732,0,25188,54,100,100,100,100,671,508,0,0,0,0,47,0,119,0.50,2,4,0,19626,0
2026-04-01,Video Network,Seasonal Select Promo Initiative,Metro Region Prospecting Cohort,86057605,Family Planners Affinity Segment,8367846490627350,Shelf Story Warm Voice,1639408567275675,Brand Awareness,0,0,0,0,0,0,0,0,0,0,0,0,0,0,0,0,0,0,0,0,0,0,0,0
2026-04-01,Search Network,Seasonal Select Promo Initiative,Metro Region Prospecting Cohort,86057605,Health Conscious Buyers Affinity Segment,1583198464464326,Price Drop Cut Value Voice,1200554409043688,Brand Awareness,0,0,0,0,0,0,0,0,0,0,0,0,0,0,0,0,0,0,0,0,0,0,0,0
2026-04-01,Video Network,Family Pantry Retention Initiative,Metro Region Prospecting Cohort,86057605,Health Conscious Buyers Interest Segment,4038732375076011,Shelf Story Warm Voice,1071265383635459,Brand Awareness,46.34,15887,0,16682,51,100,100,100,100,899,774,0,0,0,0,44,0,84,0.53,0,3,0,18605,0
2026-04-01,Connected TV,Family Pantry Retention Initiative,Metro Region Prospecting Cohort,86057605,Health Conscious Buyers Retention Segment,1345308351935222,Shelf Story Bold Voice,1676408138262740,Brand Awareness,4.6,2598,0,2552,4,12,61,23,17,63,50,0,0,0,0,2,0,7,0.3,0,0,0,2462,0
2026-04-01,Retail Media Network,Family Pantry Retention Initiative,Metro Region Prospecting Cohort,86057605,Health Conscious Buyers Affinity Segment,1135622965987651,Promo Banner Friendly Voice,8513428259763770,Brand Awareness,42.53,12359,0,14507,45,77,100,100,100,727,604,0,0,2,0,130,0,159,1.02,0,3,0,12122,0
2026-04-01,In-App Display,Seasonal Select Promo Initiative,Metro Region Prospecting Cohort,86057605,Family Planners Affinity Segment,8367846490627350,Shelf Story Warm Voice,1731346574968277,Brand Awareness,0,0,0,0,0,0,0,0,0,0,0,0,0,0,0,0,0,0,0,0,0,0,0,0
2026-04-01,Social Feed,Family Pantry Retention Initiative,Metro Region Prospecting Cohort,86057605,Health Conscious Buyers Affinity Segment,1135622965987651,Price Drop Cut Value Voice,1665013466361043,Brand Awareness,25.78,8710,0,10903,25,40,100,93,55,272,249,0,0,0,0,86,0,114,1.19,0,2,0,10187,0
2026-04-01,Social Feed,Family Pantry Retention Initiative,Metro Region Prospecting Cohort,86057605,Health Conscious Buyers Interest Segment,4038732375076011,Price Drop Cut Direct Voice,1621355325413800,Brand Awareness,107.71,56555,0,51475,77,100,100,100,100,2392,1955,0,0,0,0,32,0,154,0.25,3,6,0,51660,0
2026-04-01,Connected TV,Family Pantry Retention Initiative,Metro Region Prospecting Cohort,86057605,Health Conscious Buyers Retention Segment,1345308351935222,Price Drop Cut Value Voice,6635833234332869,Brand Awareness,44.60,16400,0,18532,74,100,100,100,100,1281,893,0,0,0,0,62,0,135,0.7,0,2,0,17514,0
2026-04-01,Discovery Network,Seasonal Select Promo Initiative,Metro Region Prospecting Cohort,86057605,Family Planners Affinity Segment,8367846490627350,Product Reel Warm Voice,9142555271094977,Brand Awareness,0,0,0,0,0,0,0,0,0,0,0,0,0,0,0,0,0,0,0,0,0,0,0,0
2026-04-01,Retail Media Network,Home Essentials Scale Initiative,Metro Region Prospecting Cohort,86057605,Family Planners Interest Segment,2052479131570920,Price Drop Cut Direct Voice,1293082123821342,Brand Awareness,143.61,24574,0,29189,74,100,100,100,100,462,396,0,0,2,0,31,0,142,0.47,0,3,0,23489,0
2026-04-01,Retail Media Network,Home Essentials Scale Initiative,Metro Region Prospecting Cohort,86057605,Family Planners Interest Segment,2052479131570920,Shelf Story Warm Voice,6668703011220466,Brand Awareness,105.38,27271,0,24666,51,100,100,100,100,649,570,0,0,0,0,32,0,90,0.35,0,2,0,25738,0
2026-04-01,Connected TV,Family Pantry Retention Initiative,Metro Region Prospecting Cohort,86057605,Health Conscious Buyers Interest Segment,4038732375076011,Shelf Story Warm Voice,6837754902553756,Brand Awareness,8.31,3930,0,3727,11,5,36,14,5,83,65,0,0,0,0,17,0,28,0.68,0,0,0,3440,0
2026-04-01,Video Network,Home Essentials Scale Initiative,Metro Region Prospecting Cohort,86057605,Family Planners Interest Segment,2052479131570920,Shelf Story Warm Voice,8866144267684809,Brand Awareness,112.55,29477,0,27910,75,86,100,100,100,585,511,0,0,1,0,30,0,146,0.43,0,4,0,23549,0
2026-04-01,Display Network,Seasonal Select Promo Initiative,Metro Region Prospecting Cohort,86057605,Health Conscious Buyers Affinity Segment,1583198464464326,Shelf Story Warm Voice,1658988890526399,Brand Awareness,0,0,0,0,0,0,0,0,0,0,0,0,0,0,0,0,0,0,0,0,0,0,0,0
2026-04-01,Marketplace Feed,Family Pantry Retention Initiative,Metro Region Prospecting Cohort,86057605,Health Conscious Buyers Affinity Segment,1135622965987651,Price Drop Cut Value Voice,3451026948260594,Brand Awareness,52.36,17844,0,17854,72,100,100,100,100,1610,1260,0,0,1,0,101,0,161,1.02,1,8,0,15176,0
2026-04-01,Search Network,Seasonal Select Promo Initiative,Metro Region Prospecting Cohort,86057605,Health Conscious Buyers Affinity Segment,1583198464464326,Promo Banner Friendly Voice,1472199163581113,Brand Awareness,0,0,0,0,0,0,0,0,0,0,0,0,0,0,0,0,0,0,0,0,0,0,0,0
2026-04-01,In-App Display,Family Pantry Retention Initiative,Metro Region Prospecting Cohort,86057605,Health Conscious Buyers Affinity Segment,1135622965987651,Product Reel Bold Voice,8953408766836705,Brand Awareness,47.04,21405,0,18016,64,100,100,100,100,658,524,0,0,1,0,108,0,165,0.81,0,1,0,20403,0
2026-04-01,In-App Display,Home Essentials Scale Initiative,Metro Region Prospecting Cohort,86057605,Family Planners Interest Segment,2052479131570920,Price Drop Cut Value Voice,1337311684616332,Brand Awareness,120.72,22714,0,23053,68,100,100,100,100,696,618,0,0,2,0,21,0,107,0.44,2,0,0,21965,0
2026-04-01,Connected TV,Seasonal Select Promo Initiative,Metro Region Prospecting Cohort,86057605,Family Planners Affinity Segment,8367846490627350,Product Reel Bold Voice,1533913016753531,Brand Awareness,0,0,0,0,0,0,0,0,0,0,0,0,0,0,0,0,0,0,0,0,0,0,0,0
2026-04-01,Connected TV,Home Essentials Scale Initiative,Metro Region Loyalty Cohort,86057605,Weekend Deal Hunters Interest Segment,1459448327666023,Product Reel Bold Voice,1341726046078307,Brand Awareness,73.05,67510,0,60103,59,0,0,0,0,18,13,0,0,0,0,17,0,112,0.13,0,1,0,0,0
2026-04-01,Search Network,Family Pantry Retention Initiative,Metro Region Prospecting Cohort,86057605,Health Conscious Buyers Retention Segment,1345308351935222,Shelf Story Warm Voice,1717487861401866,Brand Awareness,10.62,4871,0,5619,15,7,46,15,8,100,69,0,0,0,0,20,0,31,0.56,0,0,0,4737,0
2026-04-01,Marketplace Feed,Home Essentials Scale Initiative,Metro Region Prospecting Cohort,86057605,Family Planners Interest Segment,2052479131570920,Promo Banner Friendly Voice,7057211523700123,Brand Awareness,177,34778,0,37140,116,100,100,100,100,1318,983,0,0,0,0,67,0,204,0.61,1,5,0,36838,0
2026-04-01,Social Feed,Seasonal Select Promo Initiative,Metro Region Prospecting Cohort,86057605,Family Planners Affinity Segment,8367846490627350,Shelf Story Bold Voice,1513766392359337,Brand Awareness,0,0,0,0,0,0,0,0,0,0,0,0,0,0,0,0,0,0,0,0,0,0,0,0
2026-04-01,Social Feed,Seasonal Select Promo Initiative,Metro Region Prospecting Cohort,86057605,Family Planners Affinity Segment,8367846490627350,Shelf Story Bold Voice,1443072828443197,Brand Awareness,0,0,0,0,0,0,0,0,0,0,0,0,0,0,0,0,0,0,0,0,0,0,0,0
2026-04-01,In-App Display,Family Pantry Retention Initiative,Metro Region Prospecting Cohort,86057605,Health Conscious Buyers Retention Segment,1345308351935222,Shelf Story Bold Voice,1224071073531602,Brand Awareness,44.54,22323,0,22248,61,100,100,100,100,446,368,0,0,0,0,27,0,92,0.36,0,3,0,21491,0
2026-04-01,Shopping Grid,Home Essentials Scale Initiative,Metro Region Prospecting Cohort,86057605,Family Planners Interest Segment,2052479131570920,Product Reel Warm Voice,1464656530089556,Brand Awareness,118.84,30105,0,31113,91,61,100,100,100,833,587,0,0,0,0,58,0,157,0.5,1,0,0,25069,0
2026-04-01,Search Network,Seasonal Select Promo Initiative,Metro Region Prospecting Cohort,86057605,Family Planners Affinity Segment,8367846490627350,Price Drop Cut Value Voice,5563277853788674,Brand Awareness,0,0,0,0,0,0,0,0,0,0,0,0,0,0,0,0,0,0,0,0,0,0,0,0
2026-04-01,Social Feed,Family Pantry Retention Initiative,Metro Region Prospecting Cohort,86057605,Health Conscious Buyers Retention Segment,1345308351935222,Product Reel Warm Voice,9896466908906225,Brand Awareness,32.08,11342,0,11278,41,100,100,100,100,869,697,0,0,0,0,59,0,112,0.96,9,3,0,10051,0
2026-04-01,Influencer Network,Home Essentials Scale Initiative,Metro Region Prospecting Cohort,86057605,Family Planners Interest Segment,2052479131570920,Price Drop Cut Direct Voice,7324105902810892,Brand Awareness,122.83,22984,0,24620,56,100,100,100,100,827,667,0,0,0,0,24,0,100,0.39,1,2,0,21992,0
2026-04-01,Retail Media Network,Family Pantry Retention Initiative,Metro Region Prospecting Cohort,86057605,Health Conscious Buyers Retention Segment,1345308351935222,Shelf Story Warm Voice,1109091303659021,Brand Awareness,16.24,7925,0,7795,30,39,100,100,62,228,191,0,0,0,0,14,0,50,0.6,0,1,0,7204,0
2026-04-01,Discovery Network,Home Essentials Scale Initiative,Metro Region Prospecting Cohort,86057605,Family Planners Interest Segment,2052479131570920,Shelf Story Bold Voice,1642534966349722,Brand Awareness,133.71,27190,0,24425,62,100,100,100,100,454,430,0,0,0,0,25,0,109,0.40,0,3,0,25684,0
2026-04-01,In-App Display,Family Pantry Retention Initiative,Metro Region Prospecting Cohort,86057605,Health Conscious Buyers Affinity Segment,1135622965987651,Price Drop Cut Direct Voice,1738411410074119,Brand Awareness,70.43,33949,0,30898,68,100,100,100,100,801,685,0,0,0,0,95,0,157,0.51,2,9,0,29943,0
2026-04-01,Display Network,Seasonal Select Promo Initiative,Metro Region Prospecting Cohort,86057605,Family Planners Affinity Segment,8367846490627350,Shelf Story Warm Voice,1632831223312463,Brand Awareness,0,0,0,0,0,0,0,0,0,0,0,0,0,0,0,0,0,0,0,0,0,0,0,0
2026-04-01,Influencer Network,Family Pantry Retention Initiative,Metro Region Prospecting Cohort,86057605,Health Conscious Buyers Interest Segment,4038732375076011,Shelf Story Warm Voice,5571287986311220,Brand Awareness,54.11,24578,0,20893,72,100,100,100,100,1366,1104,0,0,0,0,81,0,166,0.64,7,4,0,21981,0
2026-04-01,Social Feed,Family Pantry Retention Initiative,Metro Region Prospecting Cohort,86057605,Health Conscious Buyers Retention Segment,1345308351935222,Price Drop Cut Direct Voice,1235697900866550,Brand Awareness,73.00,26556,0,30574,76,100,100,100,100,921,706,0,0,0,0,59,0,175,0.49,0,6,0,26345,0
2026-04-01,Shopping Grid,Seasonal Select Promo Initiative,Metro Region Prospecting Cohort,86057605,Health Conscious Buyers Affinity Segment,1583198464464326,Shelf Story Warm Voice,6636216253361836,Brand Awareness,0,0,0,0,0,0,0,0,0,0,0,0,0,0,0,0,0,0,0,0,0,0,0,0
2026-04-01,In-App Display,Home Essentials Scale Initiative,Metro Region Prospecting Cohort,86057605,Family Planners Interest Segment,2052479131570920,Shelf Story Warm Voice,1781570544556972,Brand Awareness,110.30,26527,0,23040,57,24,100,62,28,352,314,0,0,0,0,13,0,99,0.39,0,4,0,22118,0
2026-04-01,Shopping Grid,Family Pantry Retention Initiative,Metro Region Prospecting Cohort,86057605,Health Conscious Buyers Interest Segment,4038732375076011,Price Drop Cut Value Voice,5368036527923125,Brand Awareness,32.14,10625,0,13256,35,100,100,100,100,905,838,0,0,0,0,27,0,73,0.55,0,2,0,10668,0
2026-04-01,Search Network,Seasonal Select Promo Initiative,Metro Region Prospecting Cohort,86057605,Health Conscious Buyers Affinity Segment,1583198464464326,Shelf Story Warm Voice,1608988073035671,Brand Awareness,0,0,0,0,0,0,0,0,0,0,0,0,0,0,0,0,0,0,0,0,0,0,0,0
2026-04-01,Marketplace Feed,Family Pantry Retention Initiative,Metro Region Prospecting Cohort,86057605,Health Conscious Buyers Affinity Segment,1135622965987651,Product Reel Warm Voice,1149004867408980,Brand Awareness,53.30,15784,0,17893,83,100,100,100,100,1471,1393,0,0,3,0,203,0,303,1.91,18,3,0,15665,0
2026-04-01,Search Network,Family Pantry Retention Initiative,Metro Region Prospecting Cohort,86057605,Health Conscious Buyers Interest Segment,4038732375076011,Price Drop Cut Value Voice,8188173117790828,Brand Awareness,11.58,4676,0,4911,16,12,73,28,15,100,96,0,0,0,0,16,0,31,0.70,0,0,0,5051,0
2026-04-01,Search Network,Family Pantry Retention Initiative,Metro Region Prospecting Cohort,86057605,Health Conscious Buyers Retention Segment,1345308351935222,Product Reel Bold Voice,3103965387610382,Brand Awareness,42.98,16687,0,18202,61,100,100,100,100,508,378,0,0,0,0,51,0,114,0.54,1,3,0,17501,0
2026-04-01,Video Network,Seasonal Select Promo Initiative,Metro Region Prospecting Cohort,86057605,Family Planners Affinity Segment,8367846490627350,Price Drop Cut Value Voice,8889722625375687,Brand Awareness,0,0,0,0,0,0,0,0,0,0,0,0,0,0,0,0,0,0,0,0,0,0,0,0
2026-04-01,Affiliate Network,Home Essentials Scale Initiative,Metro Region Prospecting Cohort,86057605,Family Planners Interest Segment,2052479131570920,Product Reel Bold Voice,8230132190292546,Brand Awareness,155.21,29669,0,33934,71,100,100,100,100,596,571,0,0,0,0,41,0,146,0.50,0,6,0,26100,0
2026-04-01,Discovery Network,Home Essentials Scale Initiative,Metro Region Prospecting Cohort,86057605,Family Planners Interest Segment,2052479131570920,Price Drop Cut Value Voice,1450690616595384,Brand Awareness,130,28512,0,27650,84,47,100,100,70,615,466,0,0,0,0,35,0,162,0.5,0,2,0,29486,0
