DATE,PLATFORM,CAMPAIGN_NAME,CAMPAIGN_GROUP,CAMPAIGN_ID,ADSET_NAME,ADSET_ID,AD_NAME,AD_ID,OBJECTIVE,AMOUNT_SPENT,IMPRESSIONS,CONVERSIONS,REACH,CLICKS,VIDEO_PLAYS_AT_100,VIDEO_PLAYS_AT_25,VIDEO_PLAYS_AT_50,VIDEO_PLAYS_AT_75,FOCUSSED_VIEW_15SEC,VIDEO_VIEWS,VIDEO_THRUPLAY,VIDEO_PLAY_ACTIONS,COMMENTS,LEADS,LIKES,LINK_CLICKS,ENGAGEMENT,ENGAGEMENT_RATE,SHARES,FOLLOWS,VIEW_THROUGH_CONVERSION,VIDEO_STARTS,PURCHASE
2026-01-31,In-App Display,Smart Choice Impact Initiative,Central Region Loyalty Cohort,16576944677,Weekend Deal Hunters Interest Segment,137188617636,Offer Spotlight Friendly Voice,436499875074,Brand Awareness,12.426541,1808,0,0,8,0.1388,0.4148,0.1827,0.131,0,405,0,0,0,0,0,0,681,0.519,0,0,0,0,0
2026-01-31,Video Network,Smart Choice Impact Initiative,Central Region Loyalty Cohort,16576944677,Weekend Deal Hunters Interest Segment,543293575711,Offer Spotlight Friendly Voice,145241668425,Brand Awareness,205.277955,68462,0,0,168,0.1386,0.7119,0.3218,0.2249,0,10961,0,0,0,0,0,0,21029,1.6501,0,0,0,0,0
2026-01-31,Shopping Grid,Family Pantry Retention Initiative,Central Region Loyalty Cohort,88536126546,Family Planners Interest Segment,285444870101,Collection Showcase Warm Voice,663666316732,Brand Awareness,871.317459,247235,0,0,820,0.3315,1.0398,0.5753,0.4055,0,22452,0,0,0,0,0,0,43778,1.5495,0,0,0,0,0
2026-01-31,Discovery Network,Family Pantry Retention Initiative,Central Region Loyalty Cohort,88536126546,Bulk Buyers Retention Segment,174279500412,Collection Showcase Warm Voice,374916335819,Brand Awareness,752.710965,191147,0,0,733,0.3767,1.0215,0.5785,0.4604,0,22895,0,0,0,0,0,0,36010,1.9030,0,0,0,0,0
2026-01-31,Search Network,Smart Choice Impact Initiative,Central Region Loyalty Cohort,16576944677,Bulk Buyers Retention Segment,486609437031,Offer Spotlight Friendly Voice,701062501641,Brand Awareness,70.236734,16977,0,0,61,0.1117,0.8049,0.2406,0.1568,0,2357,0,0,0,0,0,0,4308,1.4151,0,0,0,0,0
2026-01-31,Affiliate Network,Family Pantry Retention Initiative,Central Region Loyalty Cohort,88536126546,Weekend Deal Hunters Interest Segment,121597754445,Collection Showcase Warm Voice,767332541439,Brand Awareness,19.818154,3170,0,0,9,0.5833,1.2350,0.8117,0.6401,0,356,0,0,0,0,0,0,568,1.1097,0,0,0,0,0
2026-01-30,Retail Media Network,Family Pantry Retention Initiative,Central Region Loyalty Cohort,88536126546,Weekend Deal Hunters Interest Segment,121597754445,Collection Showcase Warm Voice,767332541439,Brand Awareness,26.978451,3792,0,0,10,0.6243,1.0358,0.5660,0.5643,0,519,0,0,0,0,0,0,783,0.8140,0,0,0,0,0
2026-01-30,Search Network,Smart Choice Impact Initiative,Central Region Loyalty Cohort,16576944677,Weekend Deal Hunters Interest Segment,543293575711,Offer Spotlight Friendly Voice,145241668425,Brand Awareness,165.22230,17049,0,0,67,0.2854,0.8759,0.4438,0.37,0,4939,0,0,0,0,0,0,6962,1.5286,0,0,0,0,0
2026-01-30,Display Network,Family Pantry Retention Initiative,Central Region Loyalty Cohort,88536126546,Family Planners Interest Segment,285444870101,Collection Showcase Warm Voice,663666316732,Brand Awareness,1012.17023,276261,0,0,715,0.3809,1.1683,0.7230,0.5292,0,28100,0,0,0,0,0,0,40369,1.5563,0,0,0,0,0
2026-01-30,Marketplace Feed,Smart Choice Impact Initiative,Central Region Loyalty Cohort,16576944677,Weekend Deal Hunters Interest Segment,137188617636,Offer Spotlight Friendly Voice,436499875074,Brand Awareness,13.349919,1649,0,0,20,0.3231,0.8629,0.5084,0.3527,0,381,0,0,0,0,0,0,617,0.7273,0,0,0,0,0
2026-01-30,Retail Media Network,Family Pantry Retention Initiative,Central Region Loyalty Cohort,88536126546,Bulk Buyers Retention Segment,174279500412,Collection Showcase Warm Voice,374916335819,Brand Awareness,586.691849,167530,0,0,511,0.4196,1.1840,0.7480,0.5833,0,18050,0,0,0,0,0,0,26670,1.957,0,0,0,0,0
2026-01-30,Video Network,Smart Choice Impact Initiative,Central Region Loyalty Cohort,16576944677,Bulk Buyers Retention Segment,486609437031,Offer Spotlight Friendly Voice,701062501641,Brand Awareness,145.294126,40425,0,0,101,0.118,0.6655,0.3232,0.158,0,6059,0,0,0,0,0,0,12063,1.4142,0,0,0,0,0
2026-01-29,Discovery Network,Smart Choice Impact Initiative,Central Region Loyalty Cohort,16576944677,Bulk Buyers Retention Segment,486609437031,Offer Spotlight Friendly Voice,701062501641,Brand Awareness,181.383605,35119,0,0,124,0.2105,0.8054,0.4521,0.2770,0,7869,0,0,0,0,0,0,11845,1.8382,0,0,0,0,0
2026-01-29,In-App Display,Family Pantry Retention Initiative,Central Region Loyalty Cohort,88536126546,Bulk Buyers Retention Segment,174279500412,Collection Showcase Warm Voice,374916335819,Brand Awareness,527.381013,162295,0,0,228,0.4420,1.3456,0.6973,0.5336,0,15873,0,0,0,0,0,0,28714,2.1587,0,0,0,0,0
2026-01-29,Social Feed,Family Pantry Retention Initiative,Central Region Loyalty Cohort,88536126546,Family Planners Interest Segment,285444870101,Collection Showcase Warm Voice,663666316732,Brand Awareness,786.441707,294698,0,0,292,0.4558,1.3826,0.6807,0.4808,0,27678,0,0,0,0,0,0,36922,1.7370,0,0,0,0,0
2026-01-29,Retail Media Network,Smart Choice Impact Initiative,Central Region Loyalty Cohort,16576944677,Weekend Deal Hunters Interest Segment,543293575711,Offer Spotlight Friendly Voice,145241668425,Brand Awareness,97.10473,21825,0,0,73,0.1459,0.8106,0.2693,0.1664,0,4780,0,0,0,0,0,0,9157,1.6667,0,0,0,0,0
2026-01-29,Display Network,Family Pantry Retention Initiative,Central Region Loyalty Cohort,88536126546,Weekend Deal Hunters Interest Segment,121597754445,Collection Showcase Warm Voice,767332541439,Brand Awareness,35.966503,5164,0,0,21,0.3974,1.2284,0.5723,0.3738,0,716,0,0,0,0,0,0,1036,0.9829,0,0,0,0,0
2026-01-29,Affiliate Network,Smart Choice Impact Initiative,Central Region Loyalty Cohort,16576944677,Weekend Deal Hunters Interest Segment,137188617636,Offer Spotlight Friendly Voice,436499875074,Brand Awareness,7.749577,856,0,0,8,0.2149,0.4240,0.2712,0.2356,0,205,0,0,0,0,0,0,421,0.6519,0,0,0,0,0
2026-01-28,Search Network,Smart Choice Impact Initiative,Central Region Loyalty Cohort,16576944677,Weekend Deal Hunters Interest Segment,543293575711,Offer Spotlight Friendly Voice,145241668425,Brand Awareness,174.787960,42382,0,0,130,0.1459,0.6011,0.3507,0.1915,0,7851,0,0,0,0,0,0,12323,0.9406,0,0,0,0,0
2026-01-28,Retail Media Network,Smart Choice Impact Initiative,Central Region Loyalty Cohort,16576944677,Weekend Deal Hunters Interest Segment,137188617636,Offer Spotlight Friendly Voice,436499875074,Brand Awareness,0.883256,128,0,0,2,0.1381,0.4759,0.340,0.3349,0,29,0,0,0,0,0,0,45,0.5367,0,0,0,0,0
2026-01-28,Affiliate Network,Family Pantry Retention Initiative,Central Region Loyalty Cohort,88536126546,Family Planners Interest Segment,285444870101,Collection Showcase Warm Voice,663666316732,Brand Awareness,1526.325335,722900,0,0,314,0.2804,1.2055,0.5570,0.4224,0,58273,0,0,0,0,0,0,94562,1.6131,0,0,0,0,0
2026-01-28,In-App Display,Family Pantry Retention Initiative,Central Region Loyalty Cohort,88536126546,Weekend Deal Hunters Interest Segment,121597754445,Collection Showcase Warm Voice,767332541439,Brand Awareness,28.576450,6173,0,0,8,0.2356,0.7258,0.4593,0.3005,0,656,0,0,0,0,0,0,1174,1.9728,0,0,0,0,0
2026-01-28,Marketplace Feed,Family Pantry Retention Initiative,Central Region Loyalty Cohort,88536126546,Bulk Buyers Retention Segment,174279500412,Collection Showcase Warm Voice,374916335819,Brand Awareness,827.04324,252472,0,0,245,0.3901,1.2031,0.7476,0.4563,0,25912,0,0,0,0,0,0,35359,1.7529,0,0,0,0,0
2026-01-28,Video Network,Smart Choice Impact Initiative,Central Region Loyalty Cohort,16576944677,Bulk Buyers Retention Segment,486609437031,Offer Spotlight Friendly Voice,701062501641,Brand Awareness,119.065342,29599,0,0,92,0.2355,0.635,0.2576,0.241,0,5716,0,0,0,0,0,0,8740,1.457,0,0,0,0,0
2026-01-27,Display Network,Family Pantry Retention Initiative,Central Region Loyalty Cohort,88536126546,Bulk Buyers Retention Segment,174279500412,Collection Showcase Warm Voice,374916335819,Brand Awareness,874.638804,438717,0,0,182,0.3754,1.135,0.6280,0.4778,0,33038,0,0,0,0,0,0,55303,1.7180,0,0,0,0,0
2026-01-27,Social Feed,Family Pantry Retention Initiative,Central Region Loyalty Cohort,88536126546,Family Planners Interest Segment,285444870101,Collection Showcase Warm Voice,663666316732,Brand Awareness,1223.601655,655008,0,0,183,0.3848,1.2971,0.7428,0.4646,0,46221,0,0,0,0,0,0,85794,1.8960,0,0,0,0,0
2026-01-27,Affiliate Network,Family Pantry Retention Initiative,Central Region Loyalty Cohort,88536126546,Weekend Deal Hunters Interest Segment,121597754445,Collection Showcase Warm Voice,767332541439,Brand Awareness,14.734333,7969,0,0,13,0.462,0.9477,0.5651,0.4302,0,534,0,0,0,0,0,0,834,1.2010,0,0,0,0,0
2026-01-26,Search Network,Family Pantry Retention Initiative,Central Region Loyalty Cohort,88536126546,Bulk Buyers Retention Segment,174279500412,Collection Showcase Warm Voice,374916335819,Brand Awareness,650.478830,247857,0,0,365,0.3409,1.3661,0.6937,0.4654,0,24148,0,0,0,0,0,0,39815,1.8057,0,0,0,0,0
2026-01-26,Affiliate Network,Family Pantry Retention Initiative,Central Region Loyalty Cohort,88536126546,Family Planners Interest Segment,285444870101,Collection Showcase Warm Voice,663666316732,Brand Awareness,1642.124291,841241,0,0,363,0.3026,1.1728,0.5039,0.4023,0,70443,0,0,0,0,0,0,91822,1.8670,0,0,0,0,0
2026-01-26,Marketplace Feed,Family Pantry Retention Initiative,Central Region Loyalty Cohort,88536126546,Weekend Deal Hunters Interest Segment,121597754445,Collection Showcase Warm Voice,767332541439,Brand Awareness,51.972710,11388,0,0,33,0.4745,1.1924,0.6066,0.5984,0,1198,0,0,0,0,0,0,1674,0.6499,0,0,0,0,0
2026-01-25,Social Feed,Family Pantry Retention Initiative,Central Region Loyalty Cohort,88536126546,Family Planners Interest Segment,285444870101,Collection Showcase Warm Voice,663666316732,Brand Awareness,1718.049900,826653,0,0,158,0.3905,0.929,0.5710,0.4572,0,58632,0,0,0,0,0,0,91275,1.6265,0,0,0,0,0
2026-01-25,Social Feed,Family Pantry Retention Initiative,Central Region Loyalty Cohort,88536126546,Bulk Buyers Retention Segment,174279500412,Collection Showcase Warm Voice,374916335819,Brand Awareness,683.633526,198154,0,0,107,0.3864,1.2706,0.6282,0.5098,0,17951,0,0,0,0,0,0,29942,2.0277,0,0,0,0,0
2026-01-25,Video Network,Family Pantry Retention Initiative,Central Region Loyalty Cohort,88536126546,Weekend Deal Hunters Interest Segment,121597754445,Collection Showcase Warm Voice,767332541439,Brand Awareness,32.209455,7910,0,0,22,0.2879,1.0461,0.5130,0.3500,0,810,0,0,0,0,0,0,1418,0.5548,0,0,0,0,0
2026-01-24,Shopping Grid,Family Pantry Retention Initiative,Central Region Loyalty Cohort,88536126546,Family Planners Interest Segment,285444870101,Collection Showcase Warm Voice,663666316732,Brand Awareness,1763.372726,891651,0,0,278,0.3051,1.1780,0.6073,0.3821,0,57120,0,0,0,0,0,0,94668,1.4952,0,0,0,0,0
2026-01-24,Retail Media Network,Family Pantry Retention Initiative,Central Region Loyalty Cohort,88536126546,Weekend Deal Hunters Interest Segment,121597754445,Collection Showcase Warm Voice,767332541439,Brand Awareness,116.842615,15981,0,0,52,0.4277,1.1578,0.6311,0.4172,0,1956,0,0,0,0,0,0,2966,1.1328,0,0,0,0,0
2026-01-24,Marketplace Feed,Family Pantry Retention Initiative,Central Region Loyalty Cohort,88536126546,Bulk Buyers Retention Segment,174279500412,Collection Showcase Warm Voice,374916335819,Brand Awareness,471.525434,168320,0,0,33,0.2551,1.1107,0.5737,0.3765,0,10432,0,0,0,0,0,0,18698,1.7040,0,0,0,0,0
2026-01-23,Affiliate Network,Family Pantry Retention Initiative,Central Region Loyalty Cohort,88536126546,Family Planners Interest Segment,285444870101,Collection Showcase Warm Voice,663666316732,Brand Awareness,1672.664081,687412,0,0,144,0.3961,1.1887,0.64,0.4727,0,40516,0,0,0,0,0,0,73793,1.4700,0,0,0,0,0
2026-01-23,Social Feed,Family Pantry Retention Initiative,Central Region Loyalty Cohort,88536126546,Weekend Deal Hunters Interest Segment,121597754445,Collection Showcase Warm Voice,767332541439,Brand Awareness,81.769607,11703,0,0,45,0.3828,1.0563,0.6138,0.4463,0,1396,0,0,0,0,0,0,2371,0.7830,0,0,0,0,0
2026-01-23,Search Network,Family Pantry Retention Initiative,Central Region Loyalty Cohort,88536126546,Bulk Buyers Retention Segment,174279500412,Collection Showcase Warm Voice,374916335819,Brand Awareness,541.124478,197379,0,0,52,0.4850,1.2734,0.700,0.4943,0,15743,0,0,0,0,0,0,22627,1.9235,0,0,0,0,0
2026-01-22,Affiliate Network,Family Pantry Retention Initiative,Central Region Loyalty Cohort,88536126546,Weekend Deal Hunters Interest Segment,121597754445,Collection Showcase Warm Voice,767332541439,Brand Awareness,2.953413,259,0,0,7,0.1645,1.2384,0.2722,0.1781,0,54,0,0,0,0,0,0,89,1.1234,0,0,0,0,0
2026-01-22,Retail Media Network,Family Pantry Retention Initiative,Central Region Loyalty Cohort,88536126546,Family Planners Interest Segment,285444870101,Collection Showcase Warm Voice,663666316732,Brand Awareness,1323.808546,470081,0,0,244,0.3853,1.1706,0.5768,0.4590,0,36787,0,0,0,0,0,0,60438,1.5778,0,0,0,0,0
2026-01-22,Social Feed,Family Pantry Retention Initiative,Central Region Loyalty Cohort,88536126546,Bulk Buyers Retention Segment,174279500412,Collection Showcase Warm Voice,374916335819,Brand Awareness,995.161982,221841,0,0,264,0.4168,1.04,0.5327,0.3924,0,26642,0,0,0,0,0,0,35741,2.2284,0,0,0,0,0
2026-01-20,Discovery Network,Seasonal Select Promo Initiative,Central Region Loyalty Cohort,87248225352,Family Planners Interest Segment,141003350147,Shelf Story Warm Voice,163485368736,Brand Awareness,285.613347,79274,0,0,562,1.359,3.4408,1.8027,1.2719,0,23102,0,0,0,0,0,0,34010,1.7867,0,0,0,0,0
2026-01-20,Search Network,Seasonal Select Promo Initiative,Central Region Loyalty Cohort,87248225352,Bulk Buyers Retention Segment,448948071057,Shelf Story Warm Voice,786381782289,Brand Awareness,19.056749,2932,0,0,19,1.2683,3.8418,1.8726,1.5756,0,957,0,0,0,0,0,0,1398,2.0148,0,0,0,0,0
2026-01-20,Influencer Network,Seasonal Select Promo Initiative,Central Region Loyalty Cohort,87248225352,Weekend Deal Hunters Interest Segment,176420260984,Shelf Story Warm Voice,141948156472,Brand Awareness,5.524310,681,0,0,5,0.7829,2.4872,0.9338,0.6527,0,271,0,0,0,0,0,0,389,1.9229,0,0,0,0,0
2026-01-19,Retail Media Network,Seasonal Select Promo Initiative,Central Region Loyalty Cohort,87248225352,Bulk Buyers Retention Segment,448948071057,Shelf Story Warm Voice,786381782289,Brand Awareness,40.191142,5769,0,0,60,1.4098,4.1139,2.1624,1.4879,0,1579,0,0,0,0,0,0,2545,2.2521,0,0,0,0,0
2026-01-19,Marketplace Feed,Seasonal Select Promo Initiative,Central Region Loyalty Cohort,87248225352,Family Planners Interest Segment,141003350147,Shelf Story Warm Voice,163485368736,Brand Awareness,248.155619,47385,0,0,326,1.2123,3.8145,2.027,1.4656,0,18692,0,0,0,0,0,0,24417,2.2412,0,0,0,0,0
2026-01-19,Video Network,Seasonal Select Promo Initiative,Central Region Loyalty Cohort,87248225352,Weekend Deal Hunters Interest Segment,176420260984,Shelf Story Warm Voice,141948156472,Brand Awareness,8.289775,1358,0,0,10,0.698,3.3398,1.4896,0.9024,0,385,0,0,0,0,0,0,552,2.9024,0,0,0,0,0
2026-01-18,Retail Media Network,Seasonal Select Promo Initiative,Central Region Loyalty Cohort,87248225352,Weekend Deal Hunters Interest Segment,176420260984,Shelf Story Warm Voice,141948156472,Brand Awareness,6.777376,1071,0,0,6,0.3242,1.754,0.6503,0.3954,0,328,0,0,0,0,0,0,459,1.4388,0,0,0,0,0
2026-01-18,Affiliate Network,Seasonal Select Promo Initiative,Central Region Loyalty Cohort,87248225352,Bulk Buyers Retention Segment,448948071057,Shelf Story Warm Voice,786381782289,Brand Awareness,48.176585,11437,0,0,136,1.3196,3.6271,1.846,1.4017,0,3266,0,0,0,0,0,0,3995,2.0129,0,0,0,0,0
2026-01-18,Influencer Network,Seasonal Select Promo Initiative,Central Region Loyalty Cohort,87248225352,Family Planners Interest Segment,141003350147,Shelf Story Warm Voice,163485368736,Brand Awareness,207.240849,62589,0,0,443,1.1744,3.8572,1.6804,1.3388,0,20400,0,0,0,0,0,0,30785,2.1286,0,0,0,0,0
2026-01-17,Display Network,Seasonal Select Promo Initiative,Central Region Loyalty Cohort,87248225352,Family Planners Interest Segment,141003350147,Shelf Story Warm Voice,163485368736,Brand Awareness,272.19007,57007,0,0,406,1.2769,3.4499,2.1107,1.6508,0,16657,0,0,0,0,0,0,27262,2.0650,0,0,0,0,0
2026-01-17,Influencer Network,Seasonal Select Promo Initiative,Central Region Loyalty Cohort,87248225352,Weekend Deal Hunters Interest Segment,176420260984,Shelf Story Warm Voice,141948156472,Brand Awareness,7.212122,875,0,0,3,0.4371,1.9654,0.8309,0.6229,0,300,0,0,0,0,0,0,393,1.530,0,0,0,0,0
2026-01-17,In-App Display,Seasonal Select Promo Initiative,Central Region Loyalty Cohort,87248225352,Bulk Buyers Retention Segment,448948071057,Shelf Story Warm Voice,786381782289,Brand Awareness,46.584055,6704,0,0,48,1.5357,4.1230,2.3617,1.8117,0,1781,0,0,0,0,0,0,2496,1.8338,0,0,0,0,0
2026-01-16,Search Network,Seasonal Select Promo Initiative,Central Region Loyalty Cohort,87248225352,Weekend Deal Hunters Interest Segment,176420260984,Shelf Story Warm Voice,141948156472,Brand Awareness,17.241486,1861,0,0,16,0.3753,1.6305,0.6314,0.370,0,484,0,0,0,0,0,0,927,1.2752,0,0,0,0,0
2026-01-16,Social Feed,Seasonal Select Promo Initiative,Central Region Loyalty Cohort,87248225352,Family Planners Interest Segment,141003350147,Shelf Story Warm Voice,163485368736,Brand Awareness,187.175844,48745,0,0,272,1.2899,3.644,1.7479,1.3726,0,15498,0,0,0,0,0,0,21547,2.0319,0,0,0,0,0
2026-01-16,Connected TV,Seasonal Select Promo Initiative,Central Region Loyalty Cohort,87248225352,Bulk Buyers Retention Segment,448948071057,Shelf Story Warm Voice,786381782289,Brand Awareness,73.594128,11878,0,0,104,1.612,3.6124,2.1044,1.4196,0,3218,0,0,0,0,0,0,4842,1.8324,0,0,0,0,0
2026-01-15,Discovery Network,Seasonal Select Promo Initiative,Central Region Loyalty Cohort,87248225352,Bulk Buyers Retention Segment,448948071057,Shelf Story Warm Voice,786381782289,Brand Awareness,55.416656,9616,0,0,39,1.1106,3.1413,1.8224,1.1607,0,2516,0,0,0,0,0,0,4239,1.7920,0,0,0,0,0
2026-01-15,Search Network,Seasonal Select Promo Initiative,Central Region Loyalty Cohort,87248225352,Family Planners Interest Segment,141003350147,Shelf Story Warm Voice,163485368736,Brand Awareness,231.529300,58595,0,0,410,0.8164,2.7960,1.4692,1.0832,0,25730,0,0,0,0,0,0,30887,2.2187,0,0,0,0,0
2026-01-15,Social Feed,Seasonal Select Promo Initiative,Central Region Loyalty Cohort,87248225352,Weekend Deal Hunters Interest Segment,176420260984,Shelf Story Warm Voice,141948156472,Brand Awareness,3.286003,282,0,0,1,0.8047,1.3173,0.9700,0.86,0,109,0,0,0,0,0,0,192,0.860,0,0,0,0,0
2026-01-14,Influencer Network,Seasonal Select Promo Initiative,Central Region Loyalty Cohort,87248225352,Weekend Deal Hunters Interest Segment,176420260984,Shelf Story Warm Voice,141948156472,Brand Awareness,0.160832,26,0,0,0,0.1621,0.5233,0.2079,0.1542,0,5,0,0,0,0,0,0,7,0.2804,0,0,0,0,0
2026-01-14,Shopping Grid,Seasonal Select Promo Initiative,Central Region Loyalty Cohort,87248225352,Bulk Buyers Retention Segment,448948071057,Shelf Story Warm Voice,786381782289,Brand Awareness,41.864566,4486,0,0,7,0.7787,2.2761,1.063,0.7496,0,1809,0,0,0,0,0,0,2573,1.1243,0,0,0,0,0
2026-01-14,Display Network,Seasonal Select Promo Initiative,Central Region Loyalty Cohort,87248225352,Family Planners Interest Segment,141003350147,Shelf Story Warm Voice,163485368736,Brand Awareness,266.737819,49742,0,0,151,1.5332,2.8641,1.6636,1.35,0,14041,0,0,0,0,0,0,22843,1.6754,0,0,0,0,0
2026-01-09,Video Network,Seasonal Select Demand Initiative,Metro Region Conversion Cohort,12771846688,Family Planners Interest Segment,322140763866,Shelf Story Bold Voice,126320785348,Brand Awareness,6.491356,881,0,0,0,0.6647,1.6351,1.0075,0.7029,0,297,0,0,0,0,0,0,355,1.7804,0,0,0,0,0
2026-01-09,Search Network,Seasonal Select Demand Initiative,Metro Region Conversion Cohort,12771846688,Family Planners Lookalike Segment,807133990128,Shelf Story Bold Voice,110643300223,Brand Awareness,49.255787,9921,0,0,26,1.7570,4.3064,2.5607,2.2561,0,3965,0,0,0,0,0,0,4425,1.9518,0,0,0,0,0
2026-01-09,Discovery Network,Seasonal Select Demand Initiative,Metro Region Conversion Cohort,12771846688,Family Planners Affinity Segment,924272569587,Shelf Story Bold Voice,613713181663,Brand Awareness,2.844869,792,0,0,5,0.3598,0.7228,0.5021,0.3681,0,325,0,0,0,0,0,0,446,0.7089,0,0,0,0,0
2026-01-09,Shopping Grid,Seasonal Select Demand Initiative,Metro Region Conversion Cohort,12771846688,Family Planners Affinity Segment,924272569587,Shelf Story Bold Voice,147795687528,Brand Awareness,4.728088,832,0,0,4,0.8480,2.0844,1.0458,0.8002,0,463,0,0,0,0,0,0,563,1.2717,0,0,0,0,0
2026-01-09,Social Feed,Seasonal Select Demand Initiative,Metro Region Conversion Cohort,12771846688,Family Planners Interest Segment,322140763866,Shelf Story Bold Voice,123618399470,Brand Awareness,21.865381,3323,0,0,27,1.9619,4.6331,2.2071,1.8502,0,973,0,0,0,0,0,0,1601,1.5901,0,0,0,0,0
2026-01-09,Video Network,Seasonal Select Demand Initiative,Metro Region Conversion Cohort,12771846688,Family Planners Lookalike Segment,807133990128,Shelf Story Bold Voice,104164455297,Brand Awareness,17.895952,6606,0,0,12,0.6015,1.4715,0.7131,0.5515,0,1512,0,0,0,0,0,0,1740,1.5279,0,0,0,0,0
2026-01-08,Discovery Network,Seasonal Select Demand Initiative,Metro Region Conversion Cohort,12771846688,Family Planners Affinity Segment,924272569587,Shelf Story Bold Voice,613713181663,Brand Awareness,9.954621,1816,0,0,13,0.3468,0.8157,0.42,0.3789,0,582,0,0,0,0,0,0,846,0.8081,0,0,0,0,0
2026-01-08,Social Feed,Seasonal Select Demand Initiative,Metro Region Conversion Cohort,12771846688,Family Planners Interest Segment,322140763866,Shelf Story Bold Voice,123618399470,Brand Awareness,42.939569,6554,0,0,21,1.1260,4.4388,2.7606,1.2312,0,2581,0,0,0,0,0,0,2664,1.5342,0,0,0,0,0
2026-01-08,Shopping Grid,Seasonal Select Demand Initiative,Metro Region Conversion Cohort,12771846688,Family Planners Interest Segment,322140763866,Shelf Story Bold Voice,126320785348,Brand Awareness,13.768824,2474,0,0,4,0.5754,1.6046,0.7030,0.5662,0,707,0,0,0,0,0,0,931,1.6712,0,0,0,0,0
2026-01-08,Search Network,Seasonal Select Demand Initiative,Metro Region Conversion Cohort,12771846688,Family Planners Affinity Segment,924272569587,Shelf Story Bold Voice,147795687528,Brand Awareness,20.29346,2457,0,0,12,0.5725,2.1104,0.9665,0.7757,0,948,0,0,0,0,0,0,1380,0.9138,0,0,0,0,0
2026-01-08,Display Network,Seasonal Select Demand Initiative,Metro Region Conversion Cohort,12771846688,Family Planners Lookalike Segment,807133990128,Shelf Story Bold Voice,104164455297,Brand Awareness,155.856690,51073,0,0,64,0.375,1.135,0.5973,0.4485,0,8772,0,0,0,0,0,0,11671,1.2086,0,0,0,0,0
2026-01-08,Shopping Grid,Seasonal Select Demand Initiative,Metro Region Conversion Cohort,12771846688,Family Planners Lookalike Segment,807133990128,Shelf Story Bold Voice,110643300223,Brand Awareness,259.185496,84348,0,0,239,1.7471,6.2314,2.6062,2.0390,0,17218,0,0,0,0,0,0,20269,2.1381,0,0,0,0,0
2026-01-07,In-App Display,Seasonal Select Demand Initiative,Metro Region Conversion Cohort,12771846688,Family Planners Lookalike Segment,807133990128,Shelf Story Bold Voice,104164455297,Brand Awareness,186.0940,61211,0,0,113,0.3789,0.9980,0.5424,0.3731,0,11067,0,0,0,0,0,0,14847,1.3209,0,0,0,0,0
2026-01-07,Influencer Network,Seasonal Select Demand Initiative,Metro Region Conversion Cohort,12771846688,Family Planners Affinity Segment,924272569587,Shelf Story Bold Voice,147795687528,Brand Awareness,1.569401,380,0,0,1,1.0324,2.2680,1.5203,1.1128,0,161,0,0,0,0,0,0,186,1.1297,0,0,0,0,0
2026-01-07,Discovery Network,Seasonal Select Demand Initiative,Metro Region Conversion Cohort,12771846688,Family Planners Interest Segment,322140763866,Shelf Story Bold Voice,126320785348,Brand Awareness,23.514872,5412,0,0,13,0.445,0.7980,0.5186,0.4719,0,1725,0,0,0,0,0,0,2264,0.826,0,0,0,0,0
2026-01-07,Shopping Grid,Seasonal Select Demand Initiative,Metro Region Conversion Cohort,12771846688,Family Planners Interest Segment,322140763866,Shelf Story Bold Voice,123618399470,Brand Awareness,41.051827,6890,0,0,18,1.0817,3.4404,1.9220,1.1531,0,3156,0,0,0,0,0,0,3496,2.0798,0,0,0,0,0
2026-01-07,Affiliate Network,Seasonal Select Demand Initiative,Metro Region Conversion Cohort,12771846688,Family Planners Lookalike Segment,807133990128,Shelf Story Bold Voice,110643300223,Brand Awareness,241.682617,64498,0,0,144,0.7826,3.0135,1.2854,1.0098,0,16974,0,0,0,0,0,0,22281,1.4932,0,0,0,0,0
2026-01-07,Social Feed,Seasonal Select Demand Initiative,Metro Region Conversion Cohort,12771846688,Family Planners Affinity Segment,924272569587,Shelf Story Bold Voice,613713181663,Brand Awareness,0.914939,219,0,0,2,0.3398,0.5723,0.3567,0.2826,0,77,0,0,0,0,0,0,106,0.5861,0,0,0,0,0
2026-01-04,Social Feed,Market Fresh Demand Initiative,Metro Region Loyalty Cohort,85692378401,Health Conscious Buyers Interest Segment,369075670222,,616300131214,Brand Awareness,11.70,91,0,0,9,0,0,0,0,0,0,0,0,0,0,0,0,0,0,0,0,0,0,0
2026-01-04,Retail Media Network,Seasonal Select Promo Initiative,Metro Region Loyalty Cohort,10804872004,Quick Refill Buyers Retention Segment,582474580149,,147036521800,Brand Awareness,19.944748,316,0,0,12,0,0,0,0,0,0,0,0,0,0,0,0,0,0,0,0,0,0,0
2026-01-04,Social Feed,Weekend Saver Retention Initiative,Metro Region Loyalty Cohort,17213230046,Health Conscious Buyers Interest Segment,792180522896,,975307009286,Brand Awareness,10.32,119,0,0,6,0,0,0,0,0,0,0,0,0,0,0,0,0,0,0,0,0,0,0
2026-01-04,Affiliate Network,Seasonal Select Promo Initiative,Metro Region Loyalty Cohort,10804872004,Quick Refill Buyers Retention Segment,582474580149,,146094710423,Brand Awareness,4.0,46,0,0,3,0,0,0,0,0,0,0,0,0,0,0,0,0,0,0,0,0,0,0
2026-01-04,Affiliate Network,Seasonal Select Promo Initiative,Metro Region Loyalty Cohort,10804872004,Quick Refill Buyers Retention Segment,582474580149,,142316977028,Brand Awareness,5.76,173,0,0,3,0,0,0,0,0,0,0,0,0,0,0,0,0,0,0,0,0,0,0
2026-01-04,Display Network,Market Fresh Demand Initiative,Metro Region Loyalty Cohort,85692378401,Bulk Buyers Retention Segment,123459062944,,111800271089,Brand Awareness,5.80,215,0,0,8,0,0,0,0,0,0,0,0,0,0,0,0,0,0,0,0,0,0,0
2026-01-04,Social Feed,Weekend Saver Retention Initiative,Metro Region Loyalty Cohort,17213230046,Weekend Deal Hunters Interest Segment,126391724633,,181072019609,Brand Awareness,21.041474,169,0,0,12,0,0,0,0,0,0,0,0,0,0,0,0,0,0,0,0,0,0,0
2026-01-04,Influencer Network,Market Fresh Demand Initiative,Metro Region Loyalty Cohort,85692378401,Health Conscious Buyers Interest Segment,153914820851,,722625126334,Brand Awareness,76.206148,495,0,0,65,0,0,0,0,0,0,0,0,0,0,0,0,0,0,0,0,0,0,0
2026-01-04,Video Network,Market Fresh Demand Initiative,Metro Region Loyalty Cohort,85692378401,Family Planners Interest Segment,142020419644,,115934907515,Brand Awareness,27.767984,239,0,0,21,0,0,0,0,0,0,0,0,0,0,0,0,0,0,0,0,0,0,0
2026-01-04,Display Network,Market Fresh Demand Initiative,Metro Region Loyalty Cohort,85692378401,Bulk Buyers Interest Segment,904151429489,,165656055730,Brand Awareness,10.80,131,0,0,8,0,0,0,0,0,0,0,0,0,0,0,0,0,0,0,0,0,0,0
2026-01-03,Display Network,Market Fresh Demand Initiative,Metro Region Loyalty Cohort,85692378401,Health Conscious Buyers Interest Segment,153914820851,,722625126334,Brand Awareness,63.085935,607,0,0,77,0,0,0,0,0,0,0,0,0,0,0,0,0,0,0,0,0,0,0
2026-01-03,Affiliate Network,Weekend Saver Retention Initiative,Metro Region Loyalty Cohort,17213230046,Health Conscious Buyers Interest Segment,792180522896,,975307009286,Brand Awareness,16.17127,118,0,0,10,0,0,0,0,0,0,0,0,0,0,0,0,0,0,0,0,0,0,0
2026-01-03,Influencer Network,Seasonal Select Promo Initiative,Metro Region Loyalty Cohort,10804872004,Quick Refill Buyers Retention Segment,582474580149,,142316977028,Brand Awareness,6.791750,189,0,0,5,0,0,0,0,0,0,0,0,0,0,0,0,0,0,0,0,0,0,0
2026-01-03,Discovery Network,Market Fresh Demand Initiative,Metro Region Loyalty Cohort,85692378401,Bulk Buyers Interest Segment,904151429489,,165656055730,Brand Awareness,14.60439,156,0,0,12,0,0,0,0,0,0,0,0,0,0,0,0,0,0,0,0,0,0,0
2026-01-03,Connected TV,Seasonal Select Promo Initiative,Metro Region Loyalty Cohort,10804872004,Quick Refill Buyers Retention Segment,582474580149,,147036521800,Brand Awareness,16.86,226,0,0,11,0,0,0,0,0,0,0,0,0,0,0,0,0,0,0,0,0,0,0
2026-01-03,Video Network,Market Fresh Demand Initiative,Metro Region Loyalty Cohort,85692378401,Health Conscious Buyers Interest Segment,369075670222,,616300131214,Brand Awareness,4.419630,100,0,0,3,0,0,0,0,0,0,0,0,0,0,0,0,0,0,0,0,0,0,0
2026-01-03,Retail Media Network,Seasonal Select Promo Initiative,Metro Region Loyalty Cohort,10804872004,Quick Refill Buyers Retention Segment,582474580149,,146094710423,Brand Awareness,5.43,46,0,0,3,0,0,0,0,0,0,0,0,0,0,0,0,0,0,0,0,0,0,0
2026-01-03,Discovery Network,Market Fresh Demand Initiative,Metro Region Loyalty Cohort,85692378401,Bulk Buyers Retention Segment,123459062944,,111800271089,Brand Awareness,22.83,242,0,0,24,0,0,0,0,0,0,0,0,0,0,0,0,0,0,0,0,0,0,0
2026-01-03,Marketplace Feed,Market Fresh Demand Initiative,Metro Region Loyalty Cohort,85692378401,Family Planners Interest Segment,142020419644,,115934907515,Brand Awareness,14.955816,199,0,0,16,0,0,0,0,0,0,0,0,0,0,0,0,0,0,0,0,0,0,0
2026-01-03,Search Network,Weekend Saver Retention Initiative,Metro Region Loyalty Cohort,17213230046,Weekend Deal Hunters Interest Segment,126391724633,,181072019609,Brand Awareness,21.059428,201,0,0,12,0,0,0,0,0,0,0,0,0,0,0,0,0,0,0,0,0,0,0
2026-01-02,Influencer Network,Seasonal Select Promo Initiative,Metro Region Loyalty Cohort,10804872004,Quick Refill Buyers Retention Segment,582474580149,,142316977028,Brand Awareness,9.00,219,0,0,6,0,0,0,0,0,0,0,0,0,0,0,0,0,0,0,0,0,0,0
2026-01-02,Social Feed,Seasonal Select Promo Initiative,Metro Region Loyalty Cohort,10804872004,Quick Refill Buyers Retention Segment,582474580149,,146094710423,Brand Awareness,3.2,56,0,0,2,0,0,0,0,0,0,0,0,0,0,0,0,0,0,0,0,0,0,0
2026-01-02,In-App Display,Market Fresh Demand Initiative,Metro Region Loyalty Cohort,85692378401,Bulk Buyers Retention Segment,123459062944,,111800271089,Brand Awareness,23.35,199,0,0,17,0,0,0,0,0,0,0,0,0,0,0,0,0,0,0,0,0,0,0
2026-01-02,Affiliate Network,Market Fresh Demand Initiative,Metro Region Loyalty Cohort,85692378401,Health Conscious Buyers Interest Segment,369075670222,,616300131214,Brand Awareness,7.351083,95,0,0,6,0,0,0,0,0,0,0,0,0,0,0,0,0,0,0,0,0,0,0
2026-01-02,In-App Display,Market Fresh Demand Initiative,Metro Region Loyalty Cohort,85692378401,Family Planners Interest Segment,142020419644,,115934907515,Brand Awareness,24.406598,193,0,0,26,0,0,0,0,0,0,0,0,0,0,0,0,0,0,0,0,0,0,0
2026-01-02,Shopping Grid,Market Fresh Demand Initiative,Metro Region Loyalty Cohort,85692378401,Bulk Buyers Interest Segment,904151429489,,165656055730,Brand Awareness,7.901240,109,0,0,6,0,0,0,0,0,0,0,0,0,0,0,0,0,0,0,0,0,0,0
2026-01-02,Search Network,Weekend Saver Retention Initiative,Metro Region Loyalty Cohort,17213230046,Health Conscious Buyers Interest Segment,792180522896,,975307009286,Brand Awareness,8.92,150,0,0,6,0,0,0,0,0,0,0,0,0,0,0,0,0,0,0,0,0,0,0
2026-01-02,Video Network,Seasonal Select Promo Initiative,Metro Region Loyalty Cohort,10804872004,Quick Refill Buyers Retention Segment,582474580149,,147036521800,Brand Awareness,14.26377,256,0,0,13,0,0,0,0,0,0,0,0,0,0,0,0,0,0,0,0,0,0,0
2026-01-02,Search Network,Weekend Saver Retention Initiative,Metro Region Loyalty Cohort,17213230046,Weekend Deal Hunters Interest Segment,126391724633,,181072019609,Brand Awareness,8.338837,152,0,0,5,0,0,0,0,0,0,0,0,0,0,0,0,0,0,0,0,0,0,0
2026-01-02,Affiliate Network,Market Fresh Demand Initiative,Metro Region Loyalty Cohort,85692378401,Health Conscious Buyers Interest Segment,153914820851,,722625126334,Brand Awareness,61.203972,533,0,0,76,0,0,0,0,0,0,0,0,0,0,0,0,0,0,0,0,0,0,0
2026-01-01,Influencer Network,Seasonal Select Promo Initiative,Metro Region Loyalty Cohort,10804872004,Quick Refill Buyers Retention Segment,582474580149,,142316977028,Brand Awareness,10.38,75,0,0,8,0,0,0,0,0,0,0,0,0,0,0,0,0,0,0,0,0,0,0
2026-01-01,Affiliate Network,Seasonal Select Promo Initiative,Metro Region Loyalty Cohort,10804872004,Quick Refill Buyers Retention Segment,582474580149,,146094710423,Brand Awareness,6.19,99,0,0,3,0,0,0,0,0,0,0,0,0,0,0,0,0,0,0,0,0,0,0
2026-01-01,Display Network,Weekend Saver Retention Initiative,Metro Region Loyalty Cohort,17213230046,Health Conscious Buyers Interest Segment,792180522896,,975307009286,Brand Awareness,4.42,128,0,0,4,0,0,0,0,0,0,0,0,0,0,0,0,0,0,0,0,0,0,0
2026-01-01,Marketplace Feed,Weekend Saver Retention Initiative,Metro Region Loyalty Cohort,17213230046,Weekend Deal Hunters Interest Segment,126391724633,,181072019609,Brand Awareness,22.44,293,0,0,18,0,0,0,0,0,0,0,0,0,0,0,0,0,0,0,0,0,0,0
2026-01-01,In-App Display,Seasonal Select Promo Initiative,Metro Region Loyalty Cohort,10804872004,Quick Refill Buyers Retention Segment,582474580149,,147036521800,Brand Awareness,12.69,154,0,0,10,0,0,0,0,0,0,0,0,0,0,0,0,0,0,0,0,0,0,0
2026-01-01,Connected TV,Market Fresh Demand Initiative,Metro Region Loyalty Cohort,85692378401,Health Conscious Buyers Interest Segment,369075670222,,616300131214,Brand Awareness,4.18,132,0,0,4,0,0,0,0,0,0,0,0,0,0,0,0,0,0,0,0,0,0,0
2026-01-01,Marketplace Feed,Market Fresh Demand Initiative,Metro Region Loyalty Cohort,85692378401,Health Conscious Buyers Interest Segment,153914820851,,722625126334,Brand Awareness,80.947814,549,0,0,60,0,0,0,0,0,0,0,0,0,0,0,0,0,0,0,0,0,0,0
2026-01-01,Connected TV,Market Fresh Demand Initiative,Metro Region Loyalty Cohort,85692378401,Bulk Buyers Retention Segment,123459062944,,111800271089,Brand Awareness,18.142350,215,0,0,14,0,0,0,0,0,0,0,0,0,0,0,0,0,0,0,0,0,0,0
2026-01-01,Discovery Network,Market Fresh Demand Initiative,Metro Region Loyalty Cohort,85692378401,Family Planners Interest Segment,142020419644,,115934907515,Brand Awareness,26.289079,228,0,0,20,0,0,0,0,0,0,0,0,0,0,0,0,0,0,0,0,0,0,0
2026-01-01,Connected TV,Market Fresh Demand Initiative,Metro Region Loyalty Cohort,85692378401,Bulk Buyers Interest Segment,904151429489,,165656055730,Brand Awareness,11.375519,146,0,0,9,0,0,0,0,0,0,0,0,0,0,0,0,0,0,0,0,0,0,0
2026-01-31,In-App Display,Seasonal Select Promo Initiative,Central Region Loyalty Cohort,18477671,Weekend Deal Hunters Interest Segment,468881021107680250,Shelf Story Bold Voice,165315587996030172,Brand Awareness,13.96,1876,0,2058,209,60,100,100,77,0,121,122,1100,0,0,0,153,677,0,0,0,0,0,0
2026-01-31,In-App Display,Market Fresh Demand Initiative,East Region Prospecting Cohort,18477671,Health Conscious Buyers Affinity Segment,109689391920096393,Shelf Story Warm Voice,563087704768054265,Brand Awareness,1.35,162,0,178,1,0,2,0,0,0,1,1,78,0,0,0,1,17,0,0,0,0,0,0
2026-01-31,Search Network,Market Fresh Demand Initiative,East Region Prospecting Cohort,18477671,Bulk Buyers Retention Segment,964610927670133395,Shelf Story Warm Voice,101530862630377259,Brand Awareness,0.29,34,0,33,0,0,0,0,0,0,0,0,20,0,0,0,0,4,0,0,0,0,0,0
2026-01-31,Social Feed,Market Fresh Demand Initiative,East Region Prospecting Cohort,18477671,Family Planners Lookalike Segment,113541146730884637,Shelf Story Warm Voice,166561374464718024,Brand Awareness,0.26,36,0,36,0,0,0,0,0,0,0,0,17,0,0,0,0,1,0,0,0,0,0,0
2026-01-31,Marketplace Feed,Market Fresh Demand Initiative,East Region Prospecting Cohort,18477671,Weekend Deal Hunters Interest Segment,167837370383045694,Shelf Story Warm Voice,139082527496622049,Brand Awareness,9.10,990,0,868,4,3,9,6,3,0,7,6,485,0,0,0,2,83,0,0,0,0,0,0
2026-01-31,Affiliate Network,Family Pantry Impact Initiative,East Region Prospecting Cohort,18477671,Family Planners Lookalike Segment,115327092096856785,Shelf Story Bold Voice,522201203019480825,Brand Awareness,57.91,6946,0,7101,34,21,100,53,35,0,86,79,4926,0,0,0,16,869,0,0,0,0,0,0
2026-01-31,Shopping Grid,Smart Choice Impact Initiative,Central Region Loyalty Cohort,18477671,Health Conscious Buyers Interest Segment,291523631308598038,Offer Spotlight Friendly Voice,271877565157514916,Brand Awareness,186.72,21748,0,14089,526,100,100,100,100,0,7765,6522,22231,1,0,0,259,11667,0,0,0,0,0,0
2026-01-31,Social Feed,Family Pantry Impact Initiative,Central Region Loyalty Cohort,18477671,Weekend Deal Hunters Interest Segment,156934692496769166,Price Drop Cut Direct Voice,103880146242172520,Brand Awareness,72.9,17748,0,16188,1171,0,0,0,0,0,0,0,0,0,0,2,641,534,0,0,0,0,0,0
2026-01-31,Social Feed,Smart Choice Impact Initiative,Central Region Loyalty Cohort,18477671,Weekend Deal Hunters Interest Segment,829930375955639700,Collection Showcase Warm Voice,599400151693319431,Brand Awareness,217.87,49949,0,52240,692,100,100,100,100,0,15134,12223,49098,0,0,0,80,31195,0,0,0,0,0,0
2026-01-31,In-App Display,Market Fresh Demand Initiative,East Region Prospecting Cohort,18477671,Health Conscious Buyers Retention Segment,412962108292714583,Shelf Story Warm Voice,454688046633553727,Brand Awareness,0.41,43,0,37,0,1,2,1,1,0,1,1,18,0,0,0,0,7,0,0,0,0,0,0
2026-01-31,Retail Media Network,Family Pantry Impact Initiative,East Region Prospecting Cohort,18477671,Bulk Buyers Interest Segment,165944187000638587,Shelf Story Bold Voice,140183089529085967,Brand Awareness,13.71,1989,0,2006,5,4,32,9,6,0,33,27,1223,0,0,0,3,207,0,0,0,0,0,0
2026-01-31,In-App Display,Family Pantry Impact Initiative,East Region Prospecting Cohort,18477671,Bulk Buyers Retention Segment,300841522118510136,Shelf Story Bold Voice,702816050058823782,Brand Awareness,12.21,1473,0,1793,4,10,31,16,15,0,30,29,1108,0,0,0,2,187,0,0,0,0,0,0
2026-01-31,Display Network,Family Pantry Impact Initiative,East Region Prospecting Cohort,18477671,Weekend Deal Hunters Interest Segment,182645018778667740,Shelf Story Bold Voice,767983381031741399,Brand Awareness,23.09,3237,0,3196,10,3,40,15,12,0,33,28,2025,0,0,0,4,369,0,0,0,0,0,0
2026-01-31,Search Network,Smart Choice Impact Initiative,Central Region Loyalty Cohort,18477671,Health Conscious Buyers Interest Segment,103365342659880458,Offer Spotlight Friendly Voice,142400416064820640,Brand Awareness,11.6,2155,0,2525,89,100,100,100,100,0,403,440,2445,0,0,0,7,1260,0,0,0,0,0,0
2026-01-31,Discovery Network,Smart Choice Impact Initiative,Central Region Loyalty Cohort,18477671,Weekend Deal Hunters Interest Segment,523872597303092054,Offer Spotlight Friendly Voice,406144256261294175,Brand Awareness,82.37,12578,0,13108,250,100,100,100,100,0,3342,2678,13169,1,0,0,39,6318,0,0,0,0,0,0
2026-01-31,Shopping Grid,Family Pantry Impact Initiative,Central Region Loyalty Cohort,18477671,Quick Refill Buyers Retention Segment,673606691743166347,Price Drop Cut Direct Voice,164628896740471653,Brand Awareness,0.22,153,0,180,1,0,0,0,0,0,0,0,0,0,0,0,1,1,0,0,0,0,0,0
2026-01-31,Video Network,Smart Choice Impact Initiative,Central Region Loyalty Cohort,18477671,Health Conscious Buyers Interest Segment,946685256450094574,Collection Showcase Warm Voice,115383348713532855,Brand Awareness,50.23,12559,0,13129,117,100,100,100,100,0,3956,3552,13147,0,0,0,14,8411,0,0,0,0,0,0
2026-01-31,Retail Media Network,Seasonal Select Promo Initiative,Central Region Loyalty Cohort,18477671,Quick Refill Buyers Retention Segment,717659910692420024,Shelf Story Bold Voice,707559239232170135,Brand Awareness,0.18,141,0,153,1,0,1,1,0,0,1,1,3,0,0,0,1,2,0,0,0,0,0,0
2026-01-31,Display Network,Market Fresh Demand Initiative,East Region Prospecting Cohort,18477671,Family Planners Lookalike Segment,524300280944214137,Shelf Story Warm Voice,154480091970558098,Brand Awareness,0.01,1,0,1,0,0,0,0,0,0,0,0,1,0,0,0,0,0,0,0,0,0,0,0
2026-01-31,Shopping Grid,Smart Choice Impact Initiative,Central Region Loyalty Cohort,18477671,Health Conscious Buyers Interest Segment,950806468161421943,Collection Showcase Warm Voice,680262003426657468,Brand Awareness,100.77,23855,0,24304,508,100,100,100,100,0,7600,5750,23128,0,0,0,20,15399,0,0,0,0,0,0
2026-01-31,Influencer Network,Family Pantry Impact Initiative,Central Region Loyalty Cohort,18477671,Weekend Deal Hunters Interest Segment,140369979643530101,Price Drop Cut Direct Voice,124257450419220034,Brand Awareness,167.37,43255,0,32384,1810,0,0,0,0,0,0,0,0,2,0,1,1274,1277,0,0,0,0,0,0
2026-01-31,Search Network,Smart Choice Impact Initiative,Central Region Loyalty Cohort,18477671,Weekend Deal Hunters Interest Segment,995854154678995860,Shelf Story Bold Voice,133473027723513405,Brand Awareness,27.32,5409,0,4857,232,100,100,100,100,0,483,466,4229,0,0,0,171,1940,0,0,0,0,0,0
2026-01-31,Connected TV,Market Fresh Demand Initiative,East Region Prospecting Cohort,18477671,Bulk Buyers Interest Segment,172497992594892635,Shelf Story Warm Voice,120229094691537147,Brand Awareness,180.05,24326,0,27878,79,25,100,71,39,0,150,121,16537,0,0,0,33,2135,0,0,0,0,0,0
2026-01-31,Affiliate Network,Market Fresh Demand Initiative,East Region Prospecting Cohort,18477671,Family Planners Lookalike Segment,541916367137228058,Shelf Story Warm Voice,825892524474699027,Brand Awareness,0.1,13,0,15,0,0,0,0,0,0,0,0,6,0,0,0,0,0,0,0,0,0,0,0
2026-01-31,In-App Display,Market Fresh Demand Initiative,East Region Prospecting Cohort,18477671,Bulk Buyers Interest Segment,912013515854706220,Shelf Story Warm Voice,145089608465062640,Brand Awareness,99.63,14925,0,12125,33,27,100,47,31,0,73,72,7700,0,0,0,7,1273,0,0,0,0,0,0
2026-01-31,Video Network,Family Pantry Impact Initiative,East Region Prospecting Cohort,18477671,Family Planners Lookalike Segment,104086969175433506,Shelf Story Bold Voice,819320618187441109,Brand Awareness,0.06,7,0,8,0,0,0,0,0,0,0,0,1,0,0,0,0,1,0,0,0,0,0,0
2026-01-31,Connected TV,Family Pantry Impact Initiative,East Region Prospecting Cohort,18477671,Health Conscious Buyers Interest Segment,183332843676700708,Shelf Story Bold Voice,149761872219654637,Brand Awareness,54.2,8573,0,9165,23,23,100,60,39,0,108,99,6100,1,0,0,9,902,0,0,0,0,0,0
2026-01-31,Social Feed,Family Pantry Impact Initiative,East Region Prospecting Cohort,18477671,Bulk Buyers Interest Segment,164387151176175341,Shelf Story Bold Voice,881678709772062008,Brand Awareness,73,9057,0,9532,24,24,100,66,47,0,105,108,7015,0,0,0,14,1096,0,0,0,0,0,0
2026-01-31,Search Network,Family Pantry Impact Initiative,East Region Prospecting Cohort,18477671,Family Planners Lookalike Segment,157041353477662889,Shelf Story Bold Voice,113533327283863103,Brand Awareness,66.05,7892,0,8788,30,27,100,74,44,0,104,102,5210,0,0,0,20,1035,0,0,0,0,0,0
2026-01-31,Influencer Network,Market Fresh Demand Initiative,East Region Prospecting Cohort,18477671,Health Conscious Buyers Interest Segment,184090115155400473,Shelf Story Warm Voice,706641166277474250,Brand Awareness,2.90,356,0,415,2,2,2,2,2,0,2,2,245,0,0,0,1,23,0,0,0,0,0,0
2026-01-31,Social Feed,Smart Choice Impact Initiative,Central Region Loyalty Cohort,18477671,Quick Refill Buyers Retention Segment,135452867878308889,Shelf Story Bold Voice,845919020200716779,Brand Awareness,1.53,1261,0,1486,18,1,22,11,1,0,12,10,53,0,0,0,13,45,0,0,0,0,0,0
2026-01-31,Influencer Network,Family Pantry Impact Initiative,East Region Prospecting Cohort,18477671,Health Conscious Buyers Retention Segment,106095210958730534,Shelf Story Bold Voice,168196892948317639,Brand Awareness,2.70,426,0,387,1,3,7,4,2,0,6,5,273,0,0,0,1,45,0,0,0,0,0,0
2026-01-31,Social Feed,Family Pantry Impact Initiative,East Region Prospecting Cohort,18477671,Health Conscious Buyers Affinity Segment,579294980342162996,Shelf Story Bold Voice,144097170933225693,Brand Awareness,21.88,3318,0,3171,7,8,50,20,12,0,36,35,2096,0,0,0,4,340,0,0,0,0,0,0
2026-01-31,Influencer Network,Seasonal Select Promo Initiative,Central Region Loyalty Cohort,18477671,Weekend Deal Hunters Interest Segment,181012655175308237,Shelf Story Bold Voice,125608499660276530,Brand Awareness,106.0,15983,0,14983,1430,100,100,100,100,0,1119,1137,10012,0,0,0,990,6280,0,0,0,0,0,0
2026-01-31,Marketplace Feed,Smart Choice Impact Initiative,Central Region Loyalty Cohort,18477671,Weekend Deal Hunters Interest Segment,183749570056400609,Shelf Story Bold Voice,165840257748609485,Brand Awareness,91.49,10452,0,6944,210,100,100,100,100,0,332,308,5355,0,0,1,178,1748,0,0,0,0,0,0
2026-01-31,In-App Display,Smart Choice Impact Initiative,Central Region Loyalty Cohort,18477671,Weekend Deal Hunters Interest Segment,110082916181382776,Shelf Story Bold Voice,967111776806546494,Brand Awareness,92.49,21352,0,23892,962,100,100,100,100,0,1704,1658,21479,0,0,0,601,9725,0,0,0,0,0,0
2026-01-31,Video Network,Smart Choice Impact Initiative,Central Region Loyalty Cohort,18477671,Weekend Deal Hunters Interest Segment,270646603276678490,Shelf Story Bold Voice,110689689531150795,Brand Awareness,32.52,3227,0,2998,110,57,100,100,78,0,169,140,1553,0,0,0,112,503,0,0,0,0,0,0
2026-01-30,Connected TV,Smart Choice Impact Initiative,Central Region Loyalty Cohort,18477671,Weekend Deal Hunters Interest Segment,110082916181382776,Shelf Story Bold Voice,967111776806546494,Brand Awareness,75.07,18393,0,17494,710,100,100,100,100,0,1356,1311,15254,0,0,0,475,7499,0,0,0,0,0,0
2026-01-30,Influencer Network,Smart Choice Impact Initiative,Central Region Loyalty Cohort,18477671,Weekend Deal Hunters Interest Segment,183749570056400609,Shelf Story Bold Voice,165840257748609485,Brand Awareness,76.45,9162,0,5024,104,100,100,100,100,0,262,220,4454,0,0,0,67,1174,0,0,0,0,0,0
2026-01-30,Discovery Network,Seasonal Select Promo Initiative,Central Region Loyalty Cohort,18477671,Weekend Deal Hunters Interest Segment,181012655175308237,Shelf Story Bold Voice,125608499660276530,Brand Awareness,89.58,13741,0,12331,1062,100,100,100,100,0,829,889,7170,1,0,0,985,4071,0,0,0,0,0,0
2026-01-30,Marketplace Feed,Market Fresh Demand Initiative,East Region Prospecting Cohort,18477671,Health Conscious Buyers Affinity Segment,109689391920096393,Shelf Story Warm Voice,563087704768054265,Brand Awareness,3.13,328,0,343,0,0,4,0,0,0,1,1,168,0,0,0,0,26,0,0,0,0,0,0
2026-01-30,Display Network,Market Fresh Demand Initiative,East Region Prospecting Cohort,18477671,Bulk Buyers Interest Segment,172497992594892635,Shelf Story Warm Voice,120229094691537147,Brand Awareness,100.97,13706,0,11482,34,23,100,37,24,0,78,68,9041,0,0,0,19,1189,0,0,0,0,0,0
2026-01-30,Social Feed,Market Fresh Demand Initiative,East Region Prospecting Cohort,18477671,Family Planners Lookalike Segment,541916367137228058,Shelf Story Warm Voice,825892524474699027,Brand Awareness,0.5,76,0,74,1,0,0,0,0,0,0,0,48,0,0,0,0,2,0,0,0,0,0,0
2026-01-30,Video Network,Family Pantry Impact Initiative,East Region Prospecting Cohort,18477671,Bulk Buyers Interest Segment,164387151176175341,Shelf Story Bold Voice,881678709772062008,Brand Awareness,26.43,4197,0,3745,17,10,56,23,16,0,36,41,3105,0,0,0,6,515,0,0,0,0,0,0
2026-01-30,Discovery Network,Family Pantry Impact Initiative,East Region Prospecting Cohort,18477671,Family Planners Lookalike Segment,157041353477662889,Shelf Story Bold Voice,113533327283863103,Brand Awareness,52.12,8823,0,7356,29,17,100,53,32,0,83,71,4934,0,0,0,18,862,0,0,0,0,0,0
2026-01-30,Influencer Network,Smart Choice Impact Initiative,Central Region Loyalty Cohort,18477671,Health Conscious Buyers Interest Segment,103365342659880458,Offer Spotlight Friendly Voice,142400416064820640,Brand Awareness,20.81,5669,0,5829,239,100,100,100,100,0,914,897,5225,0,0,0,10,2609,0,0,0,0,0,0
2026-01-30,Influencer Network,Smart Choice Impact Initiative,Central Region Loyalty Cohort,18477671,Health Conscious Buyers Interest Segment,291523631308598038,Offer Spotlight Friendly Voice,271877565157514916,Brand Awareness,175.43,18740,0,14146,429,100,100,100,100,0,6782,6029,15956,1,0,0,224,10321,0,0,0,0,0,0
2026-01-30,Discovery Network,Family Pantry Impact Initiative,Central Region Loyalty Cohort,18477671,Weekend Deal Hunters Interest Segment,140369979643530101,Price Drop Cut Direct Voice,124257450419220034,Brand Awareness,128.4,79172,0,31422,1378,0,0,0,0,0,0,0,0,0,0,0,1036,901,0,0,0,0,0,0
2026-01-30,Search Network,Smart Choice Impact Initiative,Central Region Loyalty Cohort,18477671,Weekend Deal Hunters Interest Segment,270646603276678490,Shelf Story Bold Voice,110689689531150795,Brand Awareness,25.42,3021,0,2432,97,61,100,100,69,0,144,134,1109,0,0,1,74,399,0,0,0,0,0,0
2026-01-30,Shopping Grid,Smart Choice Impact Initiative,Central Region Loyalty Cohort,18477671,Quick Refill Buyers Retention Segment,105198217396991460,Shelf Story Bold Voice,101062868661402419,Brand Awareness,0,1,0,1,0,0,0,0,0,0,0,0,0,0,0,0,0,0,0,0,0,0,0,0
2026-01-30,Influencer Network,Seasonal Select Promo Initiative,Central Region Loyalty Cohort,18477671,Weekend Deal Hunters Interest Segment,468881021107680250,Shelf Story Bold Voice,165315587996030172,Brand Awareness,15.69,2392,0,2312,247,57,100,100,83,0,164,120,1343,0,0,0,166,903,0,0,0,0,0,0
2026-01-30,Discovery Network,Seasonal Select Promo Initiative,Central Region Loyalty Cohort,18477671,Quick Refill Buyers Retention Segment,717659910692420024,Shelf Story Bold Voice,707559239232170135,Brand Awareness,0.26,149,0,138,7,0,2,2,1,0,2,1,8,0,0,0,5,8,0,0,0,0,0,0
2026-01-30,Affiliate Network,Market Fresh Demand Initiative,East Region Prospecting Cohort,18477671,Health Conscious Buyers Interest Segment,184090115155400473,Shelf Story Warm Voice,706641166277474250,Brand Awareness,2.70,372,0,401,2,0,6,2,2,0,4,3,225,0,0,0,2,27,0,0,0,0,0,0
2026-01-30,Video Network,Market Fresh Demand Initiative,East Region Prospecting Cohort,18477671,Bulk Buyers Retention Segment,964610927670133395,Shelf Story Warm Voice,101530862630377259,Brand Awareness,0.71,92,0,85,0,0,0,0,0,0,0,0,54,0,0,0,0,7,0,0,0,0,0,0
2026-01-30,Connected TV,Market Fresh Demand Initiative,East Region Prospecting Cohort,18477671,Family Planners Lookalike Segment,113541146730884637,Shelf Story Warm Voice,166561374464718024,Brand Awareness,0.86,96,0,104,0,1,1,1,1,0,1,1,49,0,0,0,0,11,0,0,0,0,0,0
2026-01-30,Influencer Network,Market Fresh Demand Initiative,East Region Prospecting Cohort,18477671,Bulk Buyers Interest Segment,912013515854706220,Shelf Story Warm Voice,145089608465062640,Brand Awareness,187.1,24329,0,19134,87,38,100,74,46,0,132,117,16091,0,0,0,49,1986,0,0,0,0,0,0
2026-01-30,Influencer Network,Market Fresh Demand Initiative,East Region Prospecting Cohort,18477671,Weekend Deal Hunters Interest Segment,167837370383045694,Shelf Story Warm Voice,139082527496622049,Brand Awareness,25.40,1908,0,1558,6,2,22,9,3,0,16,13,936,0,0,0,2,207,0,0,0,0,0,0
2026-01-30,Marketplace Feed,Market Fresh Demand Initiative,East Region Prospecting Cohort,18477671,Health Conscious Buyers Retention Segment,412962108292714583,Shelf Story Warm Voice,454688046633553727,Brand Awareness,1.88,270,0,296,1,1,1,1,1,0,1,1,119,0,0,0,0,16,0,0,0,0,0,0
2026-01-30,Video Network,Family Pantry Impact Initiative,East Region Prospecting Cohort,18477671,Health Conscious Buyers Affinity Segment,579294980342162996,Shelf Story Bold Voice,144097170933225693,Brand Awareness,59.77,8306,0,7328,26,20,100,45,22,0,102,87,5946,1,0,0,10,889,0,0,0,0,0,0
2026-01-30,Social Feed,Family Pantry Impact Initiative,East Region Prospecting Cohort,18477671,Family Planners Lookalike Segment,115327092096856785,Shelf Story Bold Voice,522201203019480825,Brand Awareness,21.34,3063,0,3415,11,3,39,15,9,0,33,33,1868,0,0,0,4,380,0,0,0,0,0,0
2026-01-30,Shopping Grid,Family Pantry Impact Initiative,East Region Prospecting Cohort,18477671,Health Conscious Buyers Retention Segment,106095210958730534,Shelf Story Bold Voice,168196892948317639,Brand Awareness,29.67,4157,0,4212,12,11,52,23,13,0,50,43,2619,0,0,0,7,364,0,0,0,0,0,0
2026-01-30,Marketplace Feed,Family Pantry Impact Initiative,East Region Prospecting Cohort,18477671,Bulk Buyers Retention Segment,300841522118510136,Shelf Story Bold Voice,702816050058823782,Brand Awareness,23.16,2890,0,3194,10,8,34,15,10,0,32,28,1955,0,0,0,2,379,0,0,0,0,0,0
2026-01-30,Social Feed,Family Pantry Impact Initiative,East Region Prospecting Cohort,18477671,Weekend Deal Hunters Interest Segment,182645018778667740,Shelf Story Bold Voice,767983381031741399,Brand Awareness,34.13,5136,0,5324,13,15,83,29,22,0,63,56,3382,0,0,0,9,506,0,0,0,0,0,0
2026-01-30,Connected TV,Smart Choice Impact Initiative,Central Region Loyalty Cohort,18477671,Weekend Deal Hunters Interest Segment,523872597303092054,Offer Spotlight Friendly Voice,406144256261294175,Brand Awareness,69.40,18956,0,19594,450,100,100,100,100,0,3594,3024,17462,0,0,0,45,8561,0,0,0,0,0,0
2026-01-30,Shopping Grid,Family Pantry Impact Initiative,East Region Prospecting Cohort,18477671,Family Planners Lookalike Segment,104086969175433506,Shelf Story Bold Voice,819320618187441109,Brand Awareness,0.28,37,0,33,0,0,0,0,0,0,0,0,18,0,0,0,0,4,0,0,0,0,0,0
2026-01-30,In-App Display,Family Pantry Impact Initiative,Central Region Loyalty Cohort,18477671,Weekend Deal Hunters Interest Segment,156934692496769166,Price Drop Cut Direct Voice,103880146242172520,Brand Awareness,70.37,72747,0,27029,670,0,0,0,0,0,0,0,0,0,0,0,613,522,0,0,0,0,0,0
2026-01-30,Connected TV,Family Pantry Impact Initiative,Central Region Loyalty Cohort,18477671,Quick Refill Buyers Retention Segment,673606691743166347,Price Drop Cut Direct Voice,164628896740471653,Brand Awareness,0.54,444,0,404,3,0,0,0,0,0,0,0,0,0,0,0,2,2,0,0,0,0,0,0
2026-01-30,Affiliate Network,Smart Choice Impact Initiative,Central Region Loyalty Cohort,18477671,Health Conscious Buyers Interest Segment,946685256450094574,Collection Showcase Warm Voice,115383348713532855,Brand Awareness,28.5,3128,0,3337,36,100,100,100,100,0,1839,1366,3652,0,0,0,17,2463,0,0,0,0,0,0
2026-01-30,Marketplace Feed,Smart Choice Impact Initiative,Central Region Loyalty Cohort,18477671,Weekend Deal Hunters Interest Segment,995854154678995860,Shelf Story Bold Voice,133473027723513405,Brand Awareness,35.35,5534,0,6589,328,100,100,100,100,0,584,491,6267,0,0,0,212,2348,0,0,0,0,0,0
2026-01-30,Influencer Network,Family Pantry Impact Initiative,East Region Prospecting Cohort,18477671,Health Conscious Buyers Interest Segment,183332843676700708,Shelf Story Bold Voice,149761872219654637,Brand Awareness,23.57,2760,0,2687,5,12,42,20,16,0,37,31,1999,0,0,0,0,318,0,0,0,0,0,0
2026-01-30,Marketplace Feed,Market Fresh Demand Initiative,East Region Prospecting Cohort,18477671,Family Planners Lookalike Segment,524300280944214137,Shelf Story Warm Voice,154480091970558098,Brand Awareness,0.03,2,0,2,0,0,0,0,0,0,0,0,1,0,0,0,0,1,0,0,0,0,0,0
2026-01-30,Display Network,Smart Choice Impact Initiative,Central Region Loyalty Cohort,18477671,Weekend Deal Hunters Interest Segment,829930375955639700,Collection Showcase Warm Voice,599400151693319431,Brand Awareness,39.01,4746,0,4595,64,100,100,100,100,0,1697,1535,4256,0,0,0,18,3608,0,0,0,0,0,0
2026-01-30,Retail Media Network,Smart Choice Impact Initiative,Central Region Loyalty Cohort,18477671,Health Conscious Buyers Interest Segment,950806468161421943,Collection Showcase Warm Voice,680262003426657468,Brand Awareness,49.46,5707,0,6497,101,100,100,100,100,0,2395,1974,5683,0,0,0,42,4337,0,0,0,0,0,0
2026-01-30,Shopping Grid,Family Pantry Impact Initiative,East Region Prospecting Cohort,18477671,Bulk Buyers Interest Segment,165944187000638587,Shelf Story Bold Voice,140183089529085967,Brand Awareness,37.7,6531,0,7002,8,16,88,40,24,0,80,71,4496,0,0,0,2,665,0,0,0,0,0,0
2026-01-30,Discovery Network,Smart Choice Impact Initiative,Central Region Loyalty Cohort,18477671,Quick Refill Buyers Retention Segment,135452867878308889,Shelf Story Bold Voice,845919020200716779,Brand Awareness,2.00,1157,0,1402,19,2,31,15,2,0,14,12,74,0,0,0,14,44,0,0,0,0,0,0
2026-01-29,Shopping Grid,Family Pantry Impact Initiative,East Region Prospecting Cohort,18477671,Family Planners Lookalike Segment,104086969175433506,Shelf Story Bold Voice,819320618187441109,Brand Awareness,0,1,0,1,0,0,0,0,0,0,0,0,0,0,0,0,0,0,0,0,0,0,0,0
2026-01-29,Retail Media Network,Family Pantry Impact Initiative,East Region Prospecting Cohort,18477671,Health Conscious Buyers Affinity Segment,579294980342162996,Shelf Story Bold Voice,144097170933225693,Brand Awareness,28.27,3575,0,3438,11,10,47,20,16,0,35,35,2236,0,0,0,6,568,0,0,0,0,0,0
2026-01-29,Influencer Network,Family Pantry Impact Initiative,East Region Prospecting Cohort,18477671,Bulk Buyers Interest Segment,164387151176175341,Shelf Story Bold Voice,881678709772062008,Brand Awareness,58.28,7737,0,7940,49,33,100,59,39,0,93,90,3900,0,0,0,29,1104,0,0,0,0,0,0
2026-01-29,Retail Media Network,Family Pantry Impact Initiative,East Region Prospecting Cohort,18477671,Family Planners Lookalike Segment,157041353477662889,Shelf Story Bold Voice,113533327283863103,Brand Awareness,22.16,2727,0,2733,11,6,39,14,7,0,31,30,1387,0,0,0,6,351,0,0,0,0,0,0
2026-01-29,Retail Media Network,Smart Choice Impact Initiative,Central Region Loyalty Cohort,18477671,Health Conscious Buyers Interest Segment,103365342659880458,Offer Spotlight Friendly Voice,142400416064820640,Brand Awareness,23.63,5063,0,4519,96,100,100,100,100,0,954,829,4924,0,0,0,21,2070,0,0,0,0,0,0
2026-01-29,Affiliate Network,Smart Choice Impact Initiative,Central Region Loyalty Cohort,18477671,Weekend Deal Hunters Interest Segment,523872597303092054,Offer Spotlight Friendly Voice,406144256261294175,Brand Awareness,95.44,21061,0,21400,460,100,100,100,100,0,4488,4794,22455,0,0,0,48,11488,0,0,0,0,0,0
2026-01-29,Influencer Network,Family Pantry Impact Initiative,East Region Prospecting Cohort,18477671,Health Conscious Buyers Retention Segment,106095210958730534,Shelf Story Bold Voice,168196892948317639,Brand Awareness,38.17,4578,0,5129,20,18,76,34,25,0,60,64,2683,0,0,0,7,596,0,0,0,0,0,0
2026-01-29,Influencer Network,Market Fresh Demand Initiative,East Region Prospecting Cohort,18477671,Health Conscious Buyers Affinity Segment,109689391920096393,Shelf Story Warm Voice,563087704768054265,Brand Awareness,2.84,313,0,347,0,2,5,2,2,0,4,4,169,0,0,0,0,43,0,0,0,0,0,0
2026-01-29,Marketplace Feed,Market Fresh Demand Initiative,East Region Prospecting Cohort,18477671,Bulk Buyers Interest Segment,172497992594892635,Shelf Story Warm Voice,120229094691537147,Brand Awareness,64.76,6803,0,6863,20,10,80,28,12,0,54,48,2983,0,0,0,11,647,0,0,0,0,0,0
2026-01-29,Display Network,Market Fresh Demand Initiative,East Region Prospecting Cohort,18477671,Family Planners Lookalike Segment,113541146730884637,Shelf Story Warm Voice,166561374464718024,Brand Awareness,1.47,151,0,143,0,0,1,1,1,0,1,1,92,0,0,0,0,26,0,0,0,0,0,0
2026-01-29,Social Feed,Family Pantry Impact Initiative,East Region Prospecting Cohort,18477671,Bulk Buyers Retention Segment,300841522118510136,Shelf Story Bold Voice,702816050058823782,Brand Awareness,27.77,4493,0,4146,17,30,73,42,30,0,72,59,2977,0,0,0,9,553,0,0,0,0,0,0
2026-01-29,Social Feed,Seasonal Select Promo Initiative,Central Region Loyalty Cohort,18477671,Quick Refill Buyers Retention Segment,717659910692420024,Shelf Story Bold Voice,707559239232170135,Brand Awareness,0.2,137,0,129,1,0,1,0,0,0,0,0,4,0,0,0,1,3,0,0,0,0,0,0
2026-01-29,Marketplace Feed,Market Fresh Demand Initiative,East Region Prospecting Cohort,18477671,Health Conscious Buyers Interest Segment,184090115155400473,Shelf Story Warm Voice,706641166277474250,Brand Awareness,9.91,1139,0,976,7,6,10,7,6,0,8,8,475,0,0,0,2,99,0,0,0,0,0,0
2026-01-29,Search Network,Market Fresh Demand Initiative,East Region Prospecting Cohort,18477671,Bulk Buyers Retention Segment,964610927670133395,Shelf Story Warm Voice,101530862630377259,Brand Awareness,4,363,0,386,2,0,6,3,0,0,3,2,220,0,0,0,2,43,0,0,0,0,0,0
2026-01-29,Discovery Network,Market Fresh Demand Initiative,East Region Prospecting Cohort,18477671,Family Planners Lookalike Segment,524300280944214137,Shelf Story Warm Voice,154480091970558098,Brand Awareness,0.07,10,0,13,0,0,0,0,0,0,0,0,8,0,0,0,0,3,0,0,0,0,0,0
2026-01-29,Affiliate Network,Family Pantry Impact Initiative,East Region Prospecting Cohort,18477671,Family Planners Lookalike Segment,115327092096856785,Shelf Story Bold Voice,522201203019480825,Brand Awareness,39.34,5314,0,4653,26,13,89,32,18,0,68,56,2991,0,0,0,13,679,0,0,0,0,0,0
2026-01-29,Display Network,Smart Choice Impact Initiative,Central Region Loyalty Cohort,18477671,Health Conscious Buyers Interest Segment,291523631308598038,Offer Spotlight Friendly Voice,271877565157514916,Brand Awareness,165.60,23328,0,19145,471,100,100,100,100,0,8078,8172,20232,0,0,1,249,11982,0,0,0,0,0,0
2026-01-29,Retail Media Network,Smart Choice Impact Initiative,Central Region Loyalty Cohort,18477671,Weekend Deal Hunters Interest Segment,110082916181382776,Shelf Story Bold Voice,967111776806546494,Brand Awareness,81.17,16023,0,17557,849,100,100,100,100,0,1330,1107,15612,0,0,0,404,8049,0,0,0,0,0,0
2026-01-29,Affiliate Network,Smart Choice Impact Initiative,Central Region Loyalty Cohort,18477671,Weekend Deal Hunters Interest Segment,995854154678995860,Shelf Story Bold Voice,133473027723513405,Brand Awareness,37.44,6690,0,7058,331,100,100,100,100,0,692,615,6990,0,0,0,215,3343,0,0,0,0,0,0
2026-01-29,Connected TV,Smart Choice Impact Initiative,Central Region Loyalty Cohort,18477671,Quick Refill Buyers Retention Segment,135452867878308889,Shelf Story Bold Voice,845919020200716779,Brand Awareness,0.68,219,0,188,9,0,25,6,0,0,6,5,67,0,0,0,7,39,0,0,0,0,0,0
2026-01-29,Search Network,Family Pantry Impact Initiative,East Region Prospecting Cohort,18477671,Weekend Deal Hunters Interest Segment,182645018778667740,Shelf Story Bold Voice,767983381031741399,Brand Awareness,72.34,8945,0,10095,48,40,100,74,55,0,142,107,6020,1,0,0,17,1346,0,0,0,0,0,0
2026-01-29,Social Feed,Seasonal Select Promo Initiative,Central Region Loyalty Cohort,18477671,Weekend Deal Hunters Interest Segment,468881021107680250,Shelf Story Bold Voice,165315587996030172,Brand Awareness,13.67,1975,0,2204,216,53,100,86,60,0,85,84,845,0,0,0,142,451,0,0,0,0,0,0
2026-01-29,Shopping Grid,Smart Choice Impact Initiative,Central Region Loyalty Cohort,18477671,Weekend Deal Hunters Interest Segment,183749570056400609,Shelf Story Bold Voice,165840257748609485,Brand Awareness,87.01,9994,0,6308,565,100,100,100,100,0,805,739,6318,0,0,0,652,2647,0,0,0,0,0,0
2026-01-29,Search Network,Smart Choice Impact Initiative,Central Region Loyalty Cohort,18477671,Weekend Deal Hunters Interest Segment,270646603276678490,Shelf Story Bold Voice,110689689531150795,Brand Awareness,20.07,3018,0,1856,328,79,100,100,100,0,410,334,1370,0,0,0,309,860,0,0,0,0,0,0
2026-01-29,Retail Media Network,Seasonal Select Promo Initiative,Central Region Loyalty Cohort,18477671,Weekend Deal Hunters Interest Segment,181012655175308237,Shelf Story Bold Voice,125608499660276530,Brand Awareness,107.23,12663,0,11681,1493,100,100,100,100,0,909,725,7606,1,0,0,1076,3773,0,0,0,0,0,0
2026-01-29,Video Network,Market Fresh Demand Initiative,East Region Prospecting Cohort,18477671,Health Conscious Buyers Retention Segment,412962108292714583,Shelf Story Warm Voice,454688046633553727,Brand Awareness,15.11,2142,0,2072,10,3,15,6,4,0,13,10,1026,0,0,0,6,231,0,0,0,0,0,0
2026-01-29,In-App Display,Smart Choice Impact Initiative,East Region Prospecting Cohort,18477671,Family Planners Lookalike Segment,383049087127538803,Offer Spotlight Friendly Voice,126952267819620104,Brand Awareness,0,0,0,0,0,0,0,0,0,0,0,0,0,0,0,0,0,0,0,0,0,0,0,0
2026-01-29,Display Network,Family Pantry Impact Initiative,East Region Prospecting Cohort,18477671,Bulk Buyers Interest Segment,165944187000638587,Shelf Story Bold Voice,140183089529085967,Brand Awareness,18.63,3164,0,2847,13,9,48,20,15,0,38,36,1652,0,0,0,7,351,0,0,0,0,0,0
2026-01-29,Influencer Network,Market Fresh Demand Initiative,East Region Prospecting Cohort,18477671,Family Planners Lookalike Segment,541916367137228058,Shelf Story Warm Voice,825892524474699027,Brand Awareness,3.16,333,0,355,1,0,3,2,1,0,3,2,214,0,0,0,1,44,0,0,0,0,0,0
2026-01-29,Display Network,Market Fresh Demand Initiative,East Region Prospecting Cohort,18477671,Bulk Buyers Interest Segment,912013515854706220,Shelf Story Warm Voice,145089608465062640,Brand Awareness,223.37,22791,0,19873,90,41,100,100,61,0,143,143,11364,0,0,0,42,2319,0,0,0,0,0,0
2026-01-29,In-App Display,Market Fresh Demand Initiative,East Region Prospecting Cohort,18477671,Weekend Deal Hunters Interest Segment,167837370383045694,Shelf Story Warm Voice,139082527496622049,Brand Awareness,13.28,1354,0,1304,7,3,16,5,4,0,9,8,455,0,0,0,4,163,0,0,0,0,0,0
2026-01-29,Display Network,Family Pantry Impact Initiative,East Region Prospecting Cohort,18477671,Health Conscious Buyers Interest Segment,183332843676700708,Shelf Story Bold Voice,149761872219654637,Brand Awareness,23.30,3122,0,3605,14,7,48,22,16,0,38,33,2060,0,0,0,4,433,0,0,0,0,0,0
2026-01-28,Social Feed,Market Fresh Demand Initiative,East Region Prospecting Cohort,18477671,Bulk Buyers Interest Segment,912013515854706220,Shelf Story Warm Voice,145089608465062640,Brand Awareness,122.56,12686,0,10545,39,26,100,59,33,0,127,112,7365,0,0,0,11,1516,0,0,0,0,0,0
2026-01-28,Display Network,Family Pantry Impact Initiative,East Region Prospecting Cohort,18477671,Health Conscious Buyers Retention Segment,106095210958730534,Shelf Story Bold Voice,168196892948317639,Brand Awareness,10.28,1177,0,1015,4,2,18,11,3,0,15,15,750,0,0,0,1,184,0,0,0,0,0,0
2026-01-28,Discovery Network,Smart Choice Impact Initiative,Central Region Loyalty Cohort,18477671,Weekend Deal Hunters Interest Segment,995854154678995860,Shelf Story Bold Voice,133473027723513405,Brand Awareness,34.99,8218,0,7871,428,100,100,100,100,0,723,616,7687,0,0,0,276,3844,0,0,0,0,0,0
2026-01-28,Influencer Network,Smart Choice Impact Initiative,Central Region Loyalty Cohort,18477671,Quick Refill Buyers Retention Segment,135452867878308889,Shelf Story Bold Voice,845919020200716779,Brand Awareness,1.84,1571,0,1437,16,2,27,19,2,0,14,15,55,0,0,0,12,45,0,0,0,0,0,0
2026-01-28,Affiliate Network,Seasonal Select Promo Initiative,Central Region Loyalty Cohort,18477671,Weekend Deal Hunters Interest Segment,468881021107680250,Shelf Story Bold Voice,165315587996030172,Brand Awareness,21.08,2261,0,2096,217,47,100,97,66,0,91,83,692,0,0,1,211,437,0,0,0,0,0,0
2026-01-28,Shopping Grid,Family Pantry Impact Initiative,East Region Prospecting Cohort,18477671,Bulk Buyers Interest Segment,165944187000638587,Shelf Story Bold Voice,140183089529085967,Brand Awareness,11.94,1687,0,1434,4,5,25,12,8,0,20,18,1184,0,0,0,3,255,0,0,0,0,0,0
2026-01-28,In-App Display,Family Pantry Impact Initiative,East Region Prospecting Cohort,18477671,Family Planners Lookalike Segment,115327092096856785,Shelf Story Bold Voice,522201203019480825,Brand Awareness,50.32,5165,0,4841,40,28,100,55,45,0,94,92,3865,0,0,0,16,995,0,0,0,0,0,0
2026-01-28,Video Network,Smart Choice Impact Initiative,Central Region Loyalty Cohort,18477671,Health Conscious Buyers Interest Segment,291523631308598038,Offer Spotlight Friendly Voice,271877565157514916,Brand Awareness,112.10,11865,0,12264,292,43,100,77,51,0,5267,4776,11661,0,0,0,190,8133,0,0,0,0,0,0
2026-01-28,Discovery Network,Market Fresh Demand Initiative,East Region Prospecting Cohort,18477671,Family Planners Lookalike Segment,113541146730884637,Shelf Story Warm Voice,166561374464718024,Brand Awareness,4.62,569,0,511,0,0,2,0,0,0,2,2,408,0,0,0,0,77,0,0,0,0,0,0
2026-01-28,In-App Display,Smart Choice Impact Initiative,Central Region Loyalty Cohort,18477671,Weekend Deal Hunters Interest Segment,110082916181382776,Shelf Story Bold Voice,967111776806546494,Brand Awareness,65.92,16766,0,16041,768,100,100,100,100,0,1092,1136,15424,0,0,0,455,6317,0,0,0,0,0,0
2026-01-28,Influencer Network,Smart Choice Impact Initiative,Central Region Loyalty Cohort,18477671,Weekend Deal Hunters Interest Segment,270646603276678490,Shelf Story Bold Voice,110689689531150795,Brand Awareness,25.74,2674,0,2471,283,71,100,100,93,0,402,347,1819,0,0,0,289,1012,0,0,0,0,0,0
2026-01-28,Influencer Network,Smart Choice Impact Initiative,Central Region Loyalty Cohort,18477671,Weekend Deal Hunters Interest Segment,183749570056400609,Shelf Story Bold Voice,165840257748609485,Brand Awareness,97.32,9200,0,5997,253,100,100,100,100,0,443,459,5646,0,0,0,218,1848,0,0,0,0,0,0
2026-01-28,Shopping Grid,Seasonal Select Promo Initiative,Central Region Loyalty Cohort,18477671,Weekend Deal Hunters Interest Segment,181012655175308237,Shelf Story Bold Voice,125608499660276530,Brand Awareness,93.49,10311,0,12481,1327,100,100,100,100,0,772,719,5627,0,0,1,961,3133,0,0,0,0,0,0
2026-01-28,Retail Media Network,Market Fresh Demand Initiative,East Region Prospecting Cohort,18477671,Health Conscious Buyers Interest Segment,184090115155400473,Shelf Story Warm Voice,706641166277474250,Brand Awareness,17.14,2569,0,2617,8,4,23,9,8,0,13,11,1547,0,0,0,3,318,0,0,0,0,0,0
2026-01-28,Affiliate Network,Market Fresh Demand Initiative,East Region Prospecting Cohort,18477671,Bulk Buyers Retention Segment,964610927670133395,Shelf Story Warm Voice,101530862630377259,Brand Awareness,12.74,1411,0,1557,7,4,24,7,3,0,19,16,1110,0,0,0,4,166,0,0,0,0,0,0
2026-01-28,Influencer Network,Market Fresh Demand Initiative,East Region Prospecting Cohort,18477671,Health Conscious Buyers Retention Segment,412962108292714583,Shelf Story Warm Voice,454688046633553727,Brand Awareness,39.92,6505,0,6375,28,13,68,20,17,0,36,36,4428,0,0,0,14,633,0,0,0,0,0,0
2026-01-28,Social Feed,Family Pantry Impact Initiative,East Region Prospecting Cohort,18477671,Family Planners Lookalike Segment,104086969175433506,Shelf Story Bold Voice,819320618187441109,Brand Awareness,0.03,4,0,5,0,0,0,0,0,0,0,0,4,0,0,0,0,2,0,0,0,0,0,0
2026-01-28,Shopping Grid,Family Pantry Impact Initiative,East Region Prospecting Cohort,18477671,Health Conscious Buyers Interest Segment,183332843676700708,Shelf Story Bold Voice,149761872219654637,Brand Awareness,35.97,5260,0,4410,30,21,100,51,28,0,81,82,3660,0,0,0,19,673,0,0,0,0,0,0
2026-01-28,Retail Media Network,Family Pantry Impact Initiative,East Region Prospecting Cohort,18477671,Health Conscious Buyers Affinity Segment,579294980342162996,Shelf Story Bold Voice,144097170933225693,Brand Awareness,57.46,8178,0,8380,36,27,100,72,40,0,136,121,6139,0,0,0,20,1047,0,0,0,0,0,0
2026-01-28,Shopping Grid,Family Pantry Impact Initiative,East Region Prospecting Cohort,18477671,Bulk Buyers Interest Segment,164387151176175341,Shelf Story Bold Voice,881678709772062008,Brand Awareness,72.36,10225,0,9908,45,44,100,97,79,0,194,161,7733,0,0,0,17,1662,0,0,0,0,0,0
2026-01-28,Discovery Network,Family Pantry Impact Initiative,East Region Prospecting Cohort,18477671,Family Planners Lookalike Segment,157041353477662889,Shelf Story Bold Voice,113533327283863103,Brand Awareness,54.81,7192,0,7785,47,26,100,78,39,0,131,112,6292,0,0,0,30,1005,0,0,0,0,0,0
2026-01-28,Affiliate Network,Family Pantry Impact Initiative,East Region Prospecting Cohort,18477671,Weekend Deal Hunters Interest Segment,182645018778667740,Shelf Story Bold Voice,767983381031741399,Brand Awareness,33.24,3524,0,3589,8,14,61,27,23,0,57,49,2990,0,0,0,2,641,0,0,0,0,0,0
2026-01-28,Discovery Network,Market Fresh Demand Initiative,East Region Prospecting Cohort,18477671,Family Planners Lookalike Segment,524300280944214137,Shelf Story Warm Voice,154480091970558098,Brand Awareness,0.17,17,0,16,0,0,0,0,0,0,0,0,11,0,0,0,0,2,0,0,0,0,0,0
2026-01-28,Discovery Network,Market Fresh Demand Initiative,East Region Prospecting Cohort,18477671,Family Planners Lookalike Segment,541916367137228058,Shelf Story Warm Voice,825892524474699027,Brand Awareness,36.3,5950,0,4704,13,10,64,25,15,0,42,41,4106,0,0,0,10,608,0,0,0,0,0,0
2026-01-28,Display Network,Market Fresh Demand Initiative,East Region Prospecting Cohort,18477671,Bulk Buyers Interest Segment,172497992594892635,Shelf Story Warm Voice,120229094691537147,Brand Awareness,60.34,6755,0,7251,18,15,100,33,20,0,55,51,5322,0,0,0,4,853,0,0,0,0,0,0
2026-01-28,Discovery Network,Market Fresh Demand Initiative,East Region Prospecting Cohort,18477671,Health Conscious Buyers Affinity Segment,109689391920096393,Shelf Story Warm Voice,563087704768054265,Brand Awareness,4.13,568,0,618,2,0,1,1,1,0,1,1,482,0,0,0,1,57,0,0,0,0,0,0
2026-01-28,In-App Display,Seasonal Select Promo Initiative,Central Region Loyalty Cohort,18477671,Quick Refill Buyers Retention Segment,717659910692420024,Shelf Story Bold Voice,707559239232170135,Brand Awareness,0.26,128,0,141,8,0,1,0,0,0,0,0,9,0,0,0,6,8,0,0,0,0,0,0
2026-01-28,Affiliate Network,Smart Choice Impact Initiative,Central Region Loyalty Cohort,18477671,Weekend Deal Hunters Interest Segment,523872597303092054,Offer Spotlight Friendly Voice,406144256261294175,Brand Awareness,82.43,11501,0,12036,165,100,100,100,100,0,4142,4622,10583,0,0,0,84,7094,0,0,0,0,0,0
2026-01-28,Affiliate Network,Family Pantry Impact Initiative,East Region Prospecting Cohort,18477671,Bulk Buyers Retention Segment,300841522118510136,Shelf Story Bold Voice,702816050058823782,Brand Awareness,26.09,4743,0,4096,11,18,67,30,25,0,53,56,3054,0,0,0,5,570,0,0,0,0,0,0
2026-01-28,Retail Media Network,Smart Choice Impact Initiative,Central Region Loyalty Cohort,18477671,Health Conscious Buyers Interest Segment,103365342659880458,Offer Spotlight Friendly Voice,142400416064820640,Brand Awareness,9.04,2020,0,1842,39,68,100,100,72,0,452,392,2011,0,0,0,4,1130,0,0,0,0,0,0
2026-01-28,Video Network,Market Fresh Demand Initiative,East Region Prospecting Cohort,18477671,Weekend Deal Hunters Interest Segment,167837370383045694,Shelf Story Warm Voice,139082527496622049,Brand Awareness,12.02,1117,0,1164,8,4,14,7,6,0,11,12,661,0,0,0,3,167,0,0,0,0,0,0
2026-01-27,Influencer Network,Smart Choice Impact Initiative,East Region Prospecting Cohort,18477671,Family Planners Lookalike Segment,150201234850748573,Offer Spotlight Friendly Voice,194056806055436929,Brand Awareness,0,0,0,0,0,0,0,0,0,0,0,0,0,0,0,0,0,0,0,0,0,0,0,0
2026-01-27,Connected TV,Smart Choice Impact Initiative,East Region Prospecting Cohort,18477671,Bulk Buyers Retention Segment,170701505460588743,Offer Spotlight Friendly Voice,807180514656387907,Brand Awareness,0,0,0,0,0,0,0,0,0,0,0,0,0,0,0,0,0,0,0,0,0,0,0,0
2026-01-27,Social Feed,Smart Choice Impact Initiative,East Region Prospecting Cohort,18477671,Bulk Buyers Interest Segment,396192265343510143,Offer Spotlight Friendly Voice,163745417171047956,Brand Awareness,0,0,0,0,0,0,0,0,0,0,0,0,0,0,0,0,0,0,0,0,0,0,0,0
2026-01-27,In-App Display,Seasonal Select Promo Initiative,Central Region Loyalty Cohort,18477671,Weekend Deal Hunters Interest Segment,181012655175308237,Shelf Story Bold Voice,125608499660276530,Brand Awareness,83.21,12882,0,12254,1421,100,100,100,100,0,1000,891,7133,0,0,0,987,3379,0,0,0,0,0,0
2026-01-27,Discovery Network,Smart Choice Impact Initiative,East Region Prospecting Cohort,18477671,Bulk Buyers Interest Segment,127828248749714652,Offer Spotlight Friendly Voice,107071511746287350,Brand Awareness,0,0,0,0,0,0,0,0,0,0,0,0,0,0,0,0,0,0,0,0,0,0,0,0
2026-01-27,Influencer Network,Seasonal Select Promo Initiative,Central Region Loyalty Cohort,18477671,Weekend Deal Hunters Interest Segment,468881021107680250,Shelf Story Bold Voice,165315587996030172,Brand Awareness,14.07,1677,0,1644,166,38,100,72,48,0,81,83,630,0,0,0,129,373,0,0,0,0,0,0
2026-01-27,Shopping Grid,Smart Choice Impact Initiative,East Region Prospecting Cohort,18477671,Family Planners Lookalike Segment,383049087127538803,Offer Spotlight Friendly Voice,126952267819620104,Brand Awareness,0,0,0,0,0,0,0,0,0,0,0,0,0,0,0,0,0,0,0,0,0,0,0,0
2026-01-27,Marketplace Feed,Smart Choice Impact Initiative,Central Region Loyalty Cohort,18477671,Weekend Deal Hunters Interest Segment,110082916181382776,Shelf Story Bold Voice,967111776806546494,Brand Awareness,67.18,13957,0,16019,766,100,100,100,100,0,1057,1113,16191,0,0,0,385,7252,0,0,0,0,0,0
2026-01-27,Search Network,Smart Choice Impact Initiative,Central Region Loyalty Cohort,18477671,Quick Refill Buyers Retention Segment,135452867878308889,Shelf Story Bold Voice,845919020200716779,Brand Awareness,0.93,182,0,180,9,1,28,13,1,0,14,12,65,0,0,0,5,36,0,0,0,0,0,0
2026-01-27,In-App Display,Smart Choice Impact Initiative,Central Region Loyalty Cohort,18477671,Weekend Deal Hunters Interest Segment,270646603276678490,Shelf Story Bold Voice,110689689531150795,Brand Awareness,27.25,3022,0,2714,254,99,100,100,100,0,350,296,2093,0,0,0,266,877,0,0,0,0,0,0
2026-01-27,Display Network,Smart Choice Impact Initiative,Central Region Loyalty Cohort,18477671,Weekend Deal Hunters Interest Segment,183749570056400609,Shelf Story Bold Voice,165840257748609485,Brand Awareness,99.85,11614,0,7410,287,100,100,100,100,0,588,485,6941,0,0,0,231,1769,0,0,0,0,0,0
2026-01-27,Shopping Grid,Smart Choice Impact Initiative,Central Region Loyalty Cohort,18477671,Quick Refill Buyers Retention Segment,105198217396991460,Shelf Story Bold Voice,101062868661402419,Brand Awareness,0.02,2,0,2,0,0,0,0,0,0,0,0,1,0,0,0,0,0,0,0,0,0,0,0
2026-01-27,Retail Media Network,Seasonal Select Promo Initiative,Central Region Loyalty Cohort,18477671,Quick Refill Buyers Retention Segment,717659910692420024,Shelf Story Bold Voice,707559239232170135,Brand Awareness,0.16,71,0,88,1,1,2,1,1,0,1,1,4,0,0,0,1,3,0,0,0,0,0,0
2026-01-27,Social Feed,Smart Choice Impact Initiative,Central Region Loyalty Cohort,18477671,Weekend Deal Hunters Interest Segment,995854154678995860,Shelf Story Bold Voice,133473027723513405,Brand Awareness,46.20,11197,0,11036,588,100,100,100,100,0,814,778,10855,1,0,1,307,4749,0,0,0,0,0,0
2026-01-26,In-App Display,Smart Choice Impact Initiative,East Region Prospecting Cohort,18477671,Family Planners Lookalike Segment,150201234850748573,Offer Spotlight Friendly Voice,194056806055436929,Brand Awareness,46.2,7267,0,6781,14,5,29,9,6,0,44,40,6028,0,0,0,7,609,0,0,0,0,0,0
2026-01-26,Social Feed,Smart Choice Impact Initiative,East Region Prospecting Cohort,18477671,Bulk Buyers Interest Segment,127828248749714652,Offer Spotlight Friendly Voice,107071511746287350,Brand Awareness,31.47,5100,0,5186,17,4,15,10,4,0,32,28,3792,0,0,0,8,392,0,0,0,0,0,0
2026-01-26,Display Network,Smart Choice Impact Initiative,East Region Prospecting Cohort,18477671,Weekend Deal Hunters Interest Segment,125043042350548871,Offer Spotlight Friendly Voice,420979367807373753,Brand Awareness,4.29,903,0,957,1,0,0,0,0,0,2,2,585,0,0,0,1,59,0,0,0,0,0,0
2026-01-26,Shopping Grid,Smart Choice Impact Initiative,East Region Prospecting Cohort,18477671,Health Conscious Buyers Retention Segment,155927053878536351,Offer Spotlight Friendly Voice,167909279529144471,Brand Awareness,0.80,115,0,122,0,0,0,0,0,0,0,0,96,0,0,0,0,10,0,0,0,0,0,0
2026-01-26,Retail Media Network,Smart Choice Impact Initiative,East Region Prospecting Cohort,18477671,Health Conscious Buyers Interest Segment,333130677702741491,Offer Spotlight Friendly Voice,939762683722669202,Brand Awareness,70.07,9212,0,9294,34,5,35,11,6,0,42,39,6349,0,0,0,12,808,0,0,0,0,0,0
2026-01-26,Discovery Network,Seasonal Select Promo Initiative,Central Region Loyalty Cohort,18477671,Quick Refill Buyers Retention Segment,717659910692420024,Shelf Story Bold Voice,707559239232170135,Brand Awareness,0.29,297,0,271,3,0,0,0,0,0,0,0,4,0,0,0,3,3,0,0,0,0,0,0
2026-01-26,Affiliate Network,Smart Choice Impact Initiative,East Region Prospecting Cohort,18477671,Health Conscious Buyers Affinity Segment,101247053680987887,Offer Spotlight Friendly Voice,137711745027207052,Brand Awareness,1.63,216,0,264,0,0,2,1,0,0,2,2,181,0,0,0,0,24,0,0,0,0,0,0
2026-01-26,Social Feed,Smart Choice Impact Initiative,East Region Prospecting Cohort,18477671,Bulk Buyers Retention Segment,170701505460588743,Offer Spotlight Friendly Voice,807180514656387907,Brand Awareness,55.43,7207,0,7195,26,8,37,18,10,0,50,49,4493,0,0,0,10,624,0,0,0,0,0,0
2026-01-26,Influencer Network,Smart Choice Impact Initiative,East Region Prospecting Cohort,18477671,Bulk Buyers Interest Segment,396192265343510143,Offer Spotlight Friendly Voice,163745417171047956,Brand Awareness,32.0,5192,0,5650,10,3,14,8,3,0,22,21,3590,0,0,0,3,427,0,0,0,0,0,0
2026-01-26,Video Network,Smart Choice Impact Initiative,East Region Prospecting Cohort,18477671,Family Planners Lookalike Segment,383049087127538803,Offer Spotlight Friendly Voice,126952267819620104,Brand Awareness,71.92,7563,0,8534,25,8,39,13,12,0,45,45,4894,0,0,0,8,828,0,0,0,0,0,0
2026-01-26,Social Feed,Smart Choice Impact Initiative,East Region Prospecting Cohort,18477671,Family Planners Lookalike Segment,432670928899478282,Offer Spotlight Friendly Voice,350076167984946070,Brand Awareness,0,1,0,1,0,0,0,0,0,0,0,0,1,0,0,0,0,0,0,0,0,0,0,0
2026-01-26,In-App Display,Smart Choice Impact Initiative,Central Region Loyalty Cohort,18477671,Weekend Deal Hunters Interest Segment,110082916181382776,Shelf Story Bold Voice,967111776806546494,Brand Awareness,53.2,17677,0,16100,525,100,100,100,100,0,957,761,12517,0,0,0,330,6189,0,0,0,0,0,0
2026-01-26,Video Network,Smart Choice Impact Initiative,Central Region Loyalty Cohort,18477671,Weekend Deal Hunters Interest Segment,995854154678995860,Shelf Story Bold Voice,133473027723513405,Brand Awareness,59.5,29137,0,28466,614,100,100,100,100,0,764,636,8249,0,0,0,378,3755,0,0,0,0,0,0
2026-01-26,Shopping Grid,Smart Choice Impact Initiative,Central Region Loyalty Cohort,18477671,Quick Refill Buyers Retention Segment,135452867878308889,Shelf Story Bold Voice,845919020200716779,Brand Awareness,2.54,2872,0,2528,24,1,42,12,2,0,12,11,134,0,0,0,19,74,0,0,0,0,0,0
2026-01-26,Shopping Grid,Smart Choice Impact Initiative,Central Region Loyalty Cohort,18477671,Weekend Deal Hunters Interest Segment,270646603276678490,Shelf Story Bold Voice,110689689531150795,Brand Awareness,34.26,3652,0,2586,313,84,100,100,100,0,391,351,2204,0,0,0,269,1062,0,0,0,0,0,0
2026-01-26,Video Network,Smart Choice Impact Initiative,Central Region Loyalty Cohort,18477671,Weekend Deal Hunters Interest Segment,183749570056400609,Shelf Story Bold Voice,165840257748609485,Brand Awareness,105.67,10133,0,5577,674,100,100,100,100,0,1019,816,5908,0,0,0,728,2811,0,0,0,0,0,0
2026-01-26,Video Network,Seasonal Select Promo Initiative,Central Region Loyalty Cohort,18477671,Weekend Deal Hunters Interest Segment,181012655175308237,Shelf Story Bold Voice,125608499660276530,Brand Awareness,106.38,16644,0,15580,1407,100,100,100,100,0,1330,1253,9138,0,0,1,1059,4172,0,0,0,0,0,0
2026-01-26,Connected TV,Seasonal Select Promo Initiative,Central Region Loyalty Cohort,18477671,Weekend Deal Hunters Interest Segment,468881021107680250,Shelf Story Bold Voice,165315587996030172,Brand Awareness,13.10,3144,0,3248,185,81,100,100,98,0,139,127,884,0,0,0,160,473,0,0,0,0,0,0
2026-01-26,Shopping Grid,Smart Choice Impact Initiative,Central Region Loyalty Cohort,18477671,Quick Refill Buyers Retention Segment,105198217396991460,Shelf Story Bold Voice,101062868661402419,Brand Awareness,0,1,0,1,0,0,0,0,0,0,0,0,0,0,0,0,0,0,0,0,0,0,0,0
2026-01-25,Marketplace Feed,Smart Choice Impact Initiative,East Region Prospecting Cohort,18477671,Family Planners Lookalike Segment,150201234850748573,Offer Spotlight Friendly Voice,194056806055436929,Brand Awareness,49.99,8263,0,7746,30,6,39,12,6,0,51,47,4739,0,0,0,16,724,0,0,0,0,0,0
2026-01-25,Influencer Network,Smart Choice Impact Initiative,East Region Prospecting Cohort,18477671,Bulk Buyers Interest Segment,127828248749714652,Offer Spotlight Friendly Voice,107071511746287350,Brand Awareness,39.29,5673,0,6585,16,3,21,8,6,0,29,31,4098,0,0,0,4,583,0,0,0,0,0,0
2026-01-25,Discovery Network,Smart Choice Impact Initiative,East Region Prospecting Cohort,18477671,Health Conscious Buyers Retention Segment,155927053878536351,Offer Spotlight Friendly Voice,167909279529144471,Brand Awareness,1.39,260,0,280,1,0,0,0,0,0,0,0,196,0,0,0,1,26,0,0,0,0,0,0
2026-01-25,Retail Media Network,Smart Choice Impact Initiative,East Region Prospecting Cohort,18477671,Bulk Buyers Retention Segment,170701505460588743,Offer Spotlight Friendly Voice,807180514656387907,Brand Awareness,52.52,8107,0,7938,25,3,32,14,8,0,46,34,5939,0,0,0,10,764,0,0,0,0,0,0
2026-01-25,Social Feed,Smart Choice Impact Initiative,East Region Prospecting Cohort,18477671,Family Planners Lookalike Segment,383049087127538803,Offer Spotlight Friendly Voice,126952267819620104,Brand Awareness,135.14,14930,0,13873,51,8,49,20,12,0,86,78,8522,0,0,0,24,1442,0,0,0,0,0,0
2026-01-25,Video Network,Smart Choice Impact Initiative,Central Region Loyalty Cohort,18477671,Weekend Deal Hunters Interest Segment,110082916181382776,Shelf Story Bold Voice,967111776806546494,Brand Awareness,64.48,16446,0,15509,698,100,100,100,100,0,998,784,15844,1,0,0,400,6535,0,0,0,0,0,0
2026-01-25,Search Network,Smart Choice Impact Initiative,Central Region Loyalty Cohort,18477671,Weekend Deal Hunters Interest Segment,270646603276678490,Shelf Story Bold Voice,110689689531150795,Brand Awareness,33.04,2835,0,2344,137,76,100,100,80,0,157,152,1865,0,0,0,111,547,0,0,0,0,0,0
2026-01-25,Shopping Grid,Smart Choice Impact Initiative,Central Region Loyalty Cohort,18477671,Weekend Deal Hunters Interest Segment,183749570056400609,Shelf Story Bold Voice,165840257748609485,Brand Awareness,94.33,8565,0,6501,308,100,100,100,100,0,452,445,6111,0,0,0,258,1649,0,0,0,0,0,0
2026-01-25,Social Feed,Seasonal Select Promo Initiative,Central Region Loyalty Cohort,18477671,Weekend Deal Hunters Interest Segment,468881021107680250,Shelf Story Bold Voice,165315587996030172,Brand Awareness,11.24,2366,0,2113,196,99,100,100,100,0,169,155,1280,0,0,0,158,638,0,0,0,0,0,0
2026-01-25,Marketplace Feed,Smart Choice Impact Initiative,East Region Prospecting Cohort,18477671,Weekend Deal Hunters Interest Segment,125043042350548871,Offer Spotlight Friendly Voice,420979367807373753,Brand Awareness,15.75,2252,0,2533,5,0,6,2,0,0,11,11,1448,0,0,0,2,185,0,0,0,0,0,0
2026-01-25,In-App Display,Smart Choice Impact Initiative,East Region Prospecting Cohort,18477671,Health Conscious Buyers Interest Segment,333130677702741491,Offer Spotlight Friendly Voice,939762683722669202,Brand Awareness,20.53,3039,0,3100,8,1,10,7,3,0,13,13,1876,0,0,0,2,239,0,0,0,0,0,0
2026-01-25,Marketplace Feed,Smart Choice Impact Initiative,East Region Prospecting Cohort,18477671,Health Conscious Buyers Affinity Segment,101247053680987887,Offer Spotlight Friendly Voice,137711745027207052,Brand Awareness,1.37,223,0,217,1,0,1,1,0,0,2,2,116,0,0,0,0,25,0,0,0,0,0,0
2026-01-25,Display Network,Smart Choice Impact Initiative,Central Region Loyalty Cohort,18477671,Weekend Deal Hunters Interest Segment,995854154678995860,Shelf Story Bold Voice,133473027723513405,Brand Awareness,45.02,10055,0,10217,490,100,100,100,100,0,714,596,9651,0,0,0,301,3837,0,0,0,0,0,0
2026-01-25,Affiliate Network,Smart Choice Impact Initiative,Central Region Loyalty Cohort,18477671,Quick Refill Buyers Retention Segment,135452867878308889,Shelf Story Bold Voice,845919020200716779,Brand Awareness,5.05,5017,0,5059,46,5,32,12,6,0,13,11,107,0,0,0,40,74,0,0,0,0,0,0
2026-01-25,Influencer Network,Seasonal Select Promo Initiative,Central Region Loyalty Cohort,18477671,Weekend Deal Hunters Interest Segment,181012655175308237,Shelf Story Bold Voice,125608499660276530,Brand Awareness,90.49,16554,0,17009,1330,100,100,100,100,0,1526,1498,10364,0,0,0,1128,4628,0,0,0,0,0,0
2026-01-25,Connected TV,Smart Choice Impact Initiative,East Region Prospecting Cohort,18477671,Bulk Buyers Interest Segment,396192265343510143,Offer Spotlight Friendly Voice,163745417171047956,Brand Awareness,42.79,5774,0,5587,15,2,14,3,2,0,36,33,4078,0,0,0,5,554,0,0,0,0,0,0
2026-01-25,Shopping Grid,Seasonal Select Promo Initiative,Central Region Loyalty Cohort,18477671,Quick Refill Buyers Retention Segment,717659910692420024,Shelf Story Bold Voice,707559239232170135,Brand Awareness,0.34,379,0,399,7,0,5,2,2,0,2,1,7,0,0,0,6,10,0,0,0,0,0,0
2026-01-24,In-App Display,Seasonal Select Promo Initiative,Central Region Loyalty Cohort,18477671,Weekend Deal Hunters Interest Segment,468881021107680250,Shelf Story Bold Voice,165315587996030172,Brand Awareness,16.18,2441,0,2647,232,97,100,100,100,0,221,170,1427,0,0,0,176,643,0,0,0,0,0,0
2026-01-24,Influencer Network,Smart Choice Impact Initiative,East Region Prospecting Cohort,18477671,Health Conscious Buyers Affinity Segment,101247053680987887,Offer Spotlight Friendly Voice,137711745027207052,Brand Awareness,3.46,568,0,614,3,0,1,0,0,0,2,1,416,0,0,0,1,39,0,0,0,0,0,0
2026-01-24,Display Network,Smart Choice Impact Initiative,Central Region Loyalty Cohort,18477671,Weekend Deal Hunters Interest Segment,995854154678995860,Shelf Story Bold Voice,133473027723513405,Brand Awareness,44.13,13134,0,13355,572,100,100,100,100,0,635,544,9896,0,0,0,330,3825,0,0,0,0,0,0
2026-01-24,Marketplace Feed,Smart Choice Impact Initiative,Central Region Loyalty Cohort,18477671,Weekend Deal Hunters Interest Segment,183749570056400609,Shelf Story Bold Voice,165840257748609485,Brand Awareness,95.69,8434,0,6316,117,100,100,100,100,0,318,302,6875,0,0,0,79,1753,0,0,0,0,0,0
2026-01-24,Discovery Network,Seasonal Select Promo Initiative,Central Region Loyalty Cohort,18477671,Weekend Deal Hunters Interest Segment,181012655175308237,Shelf Story Bold Voice,125608499660276530,Brand Awareness,102.00,15846,0,17529,1691,100,100,100,100,0,1559,1265,10325,0,0,0,1298,5083,0,0,0,0,0,0
2026-01-24,In-App Display,Smart Choice Impact Initiative,East Region Prospecting Cohort,18477671,Weekend Deal Hunters Interest Segment,125043042350548871,Offer Spotlight Friendly Voice,420979367807373753,Brand Awareness,23.33,3239,0,3894,13,1,10,6,4,0,16,17,2151,0,0,0,6,389,0,0,0,0,0,0
2026-01-24,Shopping Grid,Smart Choice Impact Initiative,Central Region Loyalty Cohort,18477671,Weekend Deal Hunters Interest Segment,110082916181382776,Shelf Story Bold Voice,967111776806546494,Brand Awareness,71.69,17891,0,18916,813,100,100,100,100,0,1081,1086,17978,0,0,0,463,8090,0,0,0,0,0,0
2026-01-24,Marketplace Feed,Seasonal Select Promo Initiative,Central Region Loyalty Cohort,18477671,Quick Refill Buyers Retention Segment,717659910692420024,Shelf Story Bold Voice,707559239232170135,Brand Awareness,0.80,836,0,900,14,1,3,1,1,0,1,1,14,0,0,0,10,16,0,0,0,0,0,0
2026-01-24,Display Network,Smart Choice Impact Initiative,East Region Prospecting Cohort,18477671,Bulk Buyers Interest Segment,127828248749714652,Offer Spotlight Friendly Voice,107071511746287350,Brand Awareness,55.38,7430,0,6232,19,2,24,7,5,0,47,41,4808,0,0,0,10,700,0,0,0,0,0,0
2026-01-24,Display Network,Smart Choice Impact Initiative,East Region Prospecting Cohort,18477671,Health Conscious Buyers Retention Segment,155927053878536351,Offer Spotlight Friendly Voice,167909279529144471,Brand Awareness,4.14,598,0,676,1,0,2,0,0,0,2,2,396,0,0,0,0,62,0,0,0,0,0,0
2026-01-24,Shopping Grid,Smart Choice Impact Initiative,East Region Prospecting Cohort,18477671,Bulk Buyers Retention Segment,170701505460588743,Offer Spotlight Friendly Voice,807180514656387907,Brand Awareness,25.76,2881,0,3293,9,2,11,4,3,0,18,17,1811,0,0,0,5,300,0,0,0,0,0,0
2026-01-24,Connected TV,Smart Choice Impact Initiative,East Region Prospecting Cohort,18477671,Bulk Buyers Interest Segment,396192265343510143,Offer Spotlight Friendly Voice,163745417171047956,Brand Awareness,49.81,6638,0,7265,24,2,23,7,5,0,48,39,4532,0,0,0,13,616,0,0,0,0,0,0
2026-01-24,Influencer Network,Smart Choice Impact Initiative,East Region Prospecting Cohort,18477671,Health Conscious Buyers Interest Segment,333130677702741491,Offer Spotlight Friendly Voice,939762683722669202,Brand Awareness,35.46,5185,0,5538,15,2,17,9,5,0,26,26,3381,0,0,0,8,468,0,0,0,0,0,0
2026-01-24,Video Network,Smart Choice Impact Initiative,East Region Prospecting Cohort,18477671,Family Planners Lookalike Segment,383049087127538803,Offer Spotlight Friendly Voice,126952267819620104,Brand Awareness,104.15,10848,0,8895,24,5,31,13,9,0,70,64,5887,0,0,0,9,1008,0,0,0,0,0,0
2026-01-24,Affiliate Network,Smart Choice Impact Initiative,East Region Prospecting Cohort,18477671,Family Planners Lookalike Segment,432670928899478282,Offer Spotlight Friendly Voice,350076167984946070,Brand Awareness,0.03,3,0,3,0,0,0,0,0,0,0,0,2,0,0,0,0,1,0,0,0,0,0,0
2026-01-24,Shopping Grid,Smart Choice Impact Initiative,Central Region Loyalty Cohort,18477671,Quick Refill Buyers Retention Segment,135452867878308889,Shelf Story Bold Voice,845919020200716779,Brand Awareness,4.41,4708,0,4419,38,2,36,14,6,0,11,10,121,0,0,0,33,89,0,0,0,0,0,0
2026-01-24,Retail Media Network,Smart Choice Impact Initiative,Central Region Loyalty Cohort,18477671,Weekend Deal Hunters Interest Segment,270646603276678490,Shelf Story Bold Voice,110689689531150795,Brand Awareness,24.03,2461,0,1937,67,84,100,100,100,0,163,171,1492,0,0,0,51,573,0,0,0,0,0,0
2026-01-24,In-App Display,Smart Choice Impact Initiative,East Region Prospecting Cohort,18477671,Family Planners Lookalike Segment,150201234850748573,Offer Spotlight Friendly Voice,194056806055436929,Brand Awareness,32.19,4390,0,4426,9,5,21,7,5,0,31,28,2845,0,0,0,7,444,0,0,0,0,0,0
2026-01-23,Display Network,Smart Choice Impact Initiative,East Region Prospecting Cohort,18477671,Bulk Buyers Retention Segment,170701505460588743,Offer Spotlight Friendly Voice,807180514656387907,Brand Awareness,68.11,8383,0,7229,20,2,22,5,2,0,36,40,5951,0,0,0,10,735,0,0,0,0,0,0
2026-01-23,Shopping Grid,Smart Choice Impact Initiative,Central Region Loyalty Cohort,18477671,Quick Refill Buyers Retention Segment,135452867878308889,Shelf Story Bold Voice,845919020200716779,Brand Awareness,4.76,4405,0,3580,55,2,31,14,5,0,14,13,125,0,0,0,40,84,0,0,0,0,0,0
2026-01-23,Connected TV,Seasonal Select Promo Initiative,Central Region Loyalty Cohort,18477671,Weekend Deal Hunters Interest Segment,181012655175308237,Shelf Story Bold Voice,125608499660276530,Brand Awareness,90.20,17392,0,16120,1568,100,100,100,100,0,1357,1378,10225,1,0,0,1164,4640,0,0,0,0,0,0
2026-01-23,Discovery Network,Smart Choice Impact Initiative,East Region Prospecting Cohort,18477671,Health Conscious Buyers Affinity Segment,101247053680987887,Offer Spotlight Friendly Voice,137711745027207052,Brand Awareness,3.23,457,0,480,1,0,2,1,1,0,3,2,349,0,0,0,0,35,0,0,0,0,0,0
2026-01-23,Video Network,Smart Choice Impact Initiative,East Region Prospecting Cohort,18477671,Bulk Buyers Interest Segment,396192265343510143,Offer Spotlight Friendly Voice,163745417171047956,Brand Awareness,43,6225,0,5667,13,3,34,13,8,0,50,45,3515,0,0,0,5,549,0,0,0,0,0,0
2026-01-23,Shopping Grid,Smart Choice Impact Initiative,East Region Prospecting Cohort,18477671,Family Planners Lookalike Segment,383049087127538803,Offer Spotlight Friendly Voice,126952267819620104,Brand Awareness,52.1,6266,0,5910,20,2,21,6,5,0,32,26,3243,0,0,0,12,629,0,0,0,0,0,0
2026-01-23,Search Network,Smart Choice Impact Initiative,East Region Prospecting Cohort,18477671,Weekend Deal Hunters Interest Segment,125043042350548871,Offer Spotlight Friendly Voice,420979367807373753,Brand Awareness,6.90,1128,0,1085,2,0,4,3,1,0,6,4,717,0,0,0,1,90,0,0,0,0,0,0
2026-01-23,In-App Display,Smart Choice Impact Initiative,East Region Prospecting Cohort,18477671,Family Planners Lookalike Segment,432670928899478282,Offer Spotlight Friendly Voice,350076167984946070,Brand Awareness,0.06,4,0,5,0,0,0,0,0,0,0,0,2,0,0,0,0,0,0,0,0,0,0,0
2026-01-23,Affiliate Network,Smart Choice Impact Initiative,Central Region Loyalty Cohort,18477671,Weekend Deal Hunters Interest Segment,995854154678995860,Shelf Story Bold Voice,133473027723513405,Brand Awareness,48.17,10557,0,12263,522,100,100,100,100,0,639,659,9428,0,0,0,313,4013,0,0,0,0,0,0
2026-01-23,Display Network,Smart Choice Impact Initiative,Central Region Loyalty Cohort,18477671,Weekend Deal Hunters Interest Segment,270646603276678490,Shelf Story Bold Voice,110689689531150795,Brand Awareness,23.82,2455,0,1557,57,61,100,100,73,0,107,113,1345,0,0,0,44,391,0,0,0,0,0,0
2026-01-23,Marketplace Feed,Smart Choice Impact Initiative,East Region Prospecting Cohort,18477671,Bulk Buyers Interest Segment,127828248749714652,Offer Spotlight Friendly Voice,107071511746287350,Brand Awareness,25.44,3819,0,3179,14,3,10,5,4,0,13,12,2187,0,0,0,5,395,0,0,0,0,0,0
2026-01-23,Connected TV,Smart Choice Impact Initiative,Central Region Loyalty Cohort,18477671,Weekend Deal Hunters Interest Segment,183749570056400609,Shelf Story Bold Voice,165840257748609485,Brand Awareness,74.52,6293,0,4339,98,88,100,100,100,0,233,215,4064,0,0,0,79,1115,0,0,0,0,0,0
2026-01-23,In-App Display,Smart Choice Impact Initiative,Central Region Loyalty Cohort,18477671,Quick Refill Buyers Retention Segment,105198217396991460,Shelf Story Bold Voice,101062868661402419,Brand Awareness,0,1,0,1,0,0,0,0,0,0,0,0,0,0,0,0,0,0,0,0,0,0,0,0
2026-01-23,Retail Media Network,Seasonal Select Promo Initiative,Central Region Loyalty Cohort,18477671,Weekend Deal Hunters Interest Segment,468881021107680250,Shelf Story Bold Voice,165315587996030172,Brand Awareness,23.28,5484,0,5450,392,100,100,100,100,0,407,348,2973,0,0,0,254,1237,0,0,0,0,0,0
2026-01-23,Shopping Grid,Smart Choice Impact Initiative,Central Region Loyalty Cohort,18477671,Weekend Deal Hunters Interest Segment,110082916181382776,Shelf Story Bold Voice,967111776806546494,Brand Awareness,62.17,19118,0,15223,719,100,100,100,100,0,816,854,15576,0,0,0,401,7382,0,0,0,0,0,0
2026-01-23,Shopping Grid,Smart Choice Impact Initiative,East Region Prospecting Cohort,18477671,Health Conscious Buyers Interest Segment,333130677702741491,Offer Spotlight Friendly Voice,939762683722669202,Brand Awareness,26.70,3337,0,3139,8,2,16,3,2,0,21,21,2558,0,0,0,3,409,0,0,0,0,0,0
2026-01-23,Marketplace Feed,Smart Choice Impact Initiative,East Region Prospecting Cohort,18477671,Family Planners Lookalike Segment,150201234850748573,Offer Spotlight Friendly Voice,194056806055436929,Brand Awareness,45.02,5705,0,6435,25,1,16,4,2,0,25,28,4348,0,0,0,9,580,0,0,0,0,0,0
2026-01-23,In-App Display,Smart Choice Impact Initiative,East Region Prospecting Cohort,18477671,Health Conscious Buyers Retention Segment,155927053878536351,Offer Spotlight Friendly Voice,167909279529144471,Brand Awareness,4.30,611,0,606,1,1,1,1,1,0,2,2,398,0,0,0,0,56,0,0,0,0,0,0
2026-01-23,Search Network,Seasonal Select Promo Initiative,Central Region Loyalty Cohort,18477671,Quick Refill Buyers Retention Segment,717659910692420024,Shelf Story Bold Voice,707559239232170135,Brand Awareness,2.14,1699,0,1965,32,4,37,12,4,0,12,10,85,0,0,0,25,69,0,0,0,0,0,0
2026-01-22,Social Feed,Smart Choice Impact Initiative,East Region Prospecting Cohort,18477671,Family Planners Lookalike Segment,150201234850748573,Offer Spotlight Friendly Voice,194056806055436929,Brand Awareness,69.31,11639,0,10754,30,9,49,23,15,0,72,60,6872,0,0,0,8,1060,0,0,0,0,0,0
2026-01-22,Affiliate Network,Smart Choice Impact Initiative,East Region Prospecting Cohort,18477671,Weekend Deal Hunters Interest Segment,125043042350548871,Offer Spotlight Friendly Voice,420979367807373753,Brand Awareness,2.5,434,0,462,1,0,2,1,1,0,3,3,305,0,0,0,0,39,0,0,0,0,0,0
2026-01-22,Video Network,Smart Choice Impact Initiative,East Region Prospecting Cohort,18477671,Health Conscious Buyers Affinity Segment,101247053680987887,Offer Spotlight Friendly Voice,137711745027207052,Brand Awareness,0.97,205,0,209,1,0,1,0,0,0,2,2,142,0,0,0,0,11,0,0,0,0,0,0
2026-01-22,Display Network,Smart Choice Impact Initiative,East Region Prospecting Cohort,18477671,Health Conscious Buyers Interest Segment,333130677702741491,Offer Spotlight Friendly Voice,939762683722669202,Brand Awareness,40.11,5368,0,5366,26,1,13,6,4,0,28,26,3761,0,0,0,11,498,0,0,0,0,0,0
2026-01-22,In-App Display,Smart Choice Impact Initiative,East Region Prospecting Cohort,18477671,Bulk Buyers Interest Segment,127828248749714652,Offer Spotlight Friendly Voice,107071511746287350,Brand Awareness,1.18,196,0,205,1,0,0,0,0,0,0,0,111,0,0,0,1,16,0,0,0,0,0,0
2026-01-22,Search Network,Smart Choice Impact Initiative,East Region Prospecting Cohort,18477671,Health Conscious Buyers Retention Segment,155927053878536351,Offer Spotlight Friendly Voice,167909279529144471,Brand Awareness,0.32,75,0,71,0,0,1,1,0,0,1,1,44,0,0,0,0,8,0,0,0,0,0,0
2026-01-22,Shopping Grid,Smart Choice Impact Initiative,East Region Prospecting Cohort,18477671,Bulk Buyers Retention Segment,170701505460588743,Offer Spotlight Friendly Voice,807180514656387907,Brand Awareness,28.50,4445,0,4148,5,3,22,6,5,0,31,26,2348,0,0,0,2,362,0,0,0,0,0,0
2026-01-22,Connected TV,Smart Choice Impact Initiative,East Region Prospecting Cohort,18477671,Bulk Buyers Interest Segment,396192265343510143,Offer Spotlight Friendly Voice,163745417171047956,Brand Awareness,69.37,9576,0,8771,22,7,42,16,7,0,54,49,6817,0,0,0,11,834,0,0,0,0,0,0
2026-01-22,Connected TV,Smart Choice Impact Initiative,East Region Prospecting Cohort,18477671,Family Planners Lookalike Segment,383049087127538803,Offer Spotlight Friendly Voice,126952267819620104,Brand Awareness,70.61,10497,0,9857,37,5,34,13,9,0,50,51,5730,0,0,0,19,868,0,0,0,0,0,0
2026-01-22,Connected TV,Smart Choice Impact Initiative,Central Region Loyalty Cohort,18477671,Weekend Deal Hunters Interest Segment,110082916181382776,Shelf Story Bold Voice,967111776806546494,Brand Awareness,58.81,17093,0,15791,772,100,100,100,100,0,971,867,14832,0,0,0,475,7053,0,0,0,0,0,0
2026-01-22,Affiliate Network,Smart Choice Impact Initiative,Central Region Loyalty Cohort,18477671,Weekend Deal Hunters Interest Segment,995854154678995860,Shelf Story Bold Voice,133473027723513405,Brand Awareness,44.58,10180,0,11798,486,100,100,100,100,0,602,595,8500,1,0,0,313,4730,0,0,0,0,0,0
2026-01-22,In-App Display,Smart Choice Impact Initiative,Central Region Loyalty Cohort,18477671,Quick Refill Buyers Retention Segment,135452867878308889,Shelf Story Bold Voice,845919020200716779,Brand Awareness,3.96,3485,0,3609,39,1,23,4,2,0,4,3,78,0,0,0,33,59,0,0,0,0,0,0
2026-01-22,Video Network,Smart Choice Impact Initiative,Central Region Loyalty Cohort,18477671,Weekend Deal Hunters Interest Segment,183749570056400609,Shelf Story Bold Voice,165840257748609485,Brand Awareness,87.25,8309,0,5460,142,100,100,100,100,0,361,347,5683,0,0,0,112,1436,0,0,0,0,0,0
2026-01-22,Marketplace Feed,Seasonal Select Promo Initiative,Central Region Loyalty Cohort,18477671,Weekend Deal Hunters Interest Segment,181012655175308237,Shelf Story Bold Voice,125608499660276530,Brand Awareness,51.11,7999,0,8177,828,100,100,100,100,0,512,496,3055,0,0,0,677,1964,0,0,0,0,0,0
2026-01-22,Discovery Network,Seasonal Select Promo Initiative,Central Region Loyalty Cohort,18477671,Quick Refill Buyers Retention Segment,717659910692420024,Shelf Story Bold Voice,707559239232170135,Brand Awareness,8.96,2012,0,1981,124,20,100,47,28,0,55,51,578,0,0,0,95,274,0,0,0,0,0,0
2026-01-22,Search Network,Smart Choice Impact Initiative,Central Region Loyalty Cohort,18477671,Weekend Deal Hunters Interest Segment,270646603276678490,Shelf Story Bold Voice,110689689531150795,Brand Awareness,31.76,3694,0,2083,62,62,100,100,63,0,117,115,2008,0,0,0,48,456,0,0,0,0,0,0
2026-01-22,Shopping Grid,Smart Choice Impact Initiative,Central Region Loyalty Cohort,18477671,Quick Refill Buyers Retention Segment,105198217396991460,Shelf Story Bold Voice,101062868661402419,Brand Awareness,0,1,0,1,0,0,0,0,0,0,0,0,1,0,0,0,0,0,0,0,0,0,0,0
2026-01-22,Marketplace Feed,Seasonal Select Promo Initiative,Central Region Loyalty Cohort,18477671,Weekend Deal Hunters Interest Segment,468881021107680250,Shelf Story Bold Voice,165315587996030172,Brand Awareness,25.82,4521,0,4197,374,100,100,100,100,0,199,167,1764,0,0,0,296,864,0,0,0,0,0,0
2026-01-21,Retail Media Network,Smart Choice Impact Initiative,East Region Prospecting Cohort,18477671,Health Conscious Buyers Affinity Segment,101247053680987887,Offer Spotlight Friendly Voice,137711745027207052,Brand Awareness,1.64,325,0,301,3,1,2,1,1,0,4,4,149,0,0,0,2,29,0,0,0,0,0,0
2026-01-21,Affiliate Network,Smart Choice Impact Initiative,East Region Prospecting Cohort,18477671,Family Planners Lookalike Segment,150201234850748573,Offer Spotlight Friendly Voice,194056806055436929,Brand Awareness,40.17,5698,0,5522,18,6,24,7,7,0,39,32,2582,0,0,0,6,544,0,0,0,0,0,0
2026-01-21,Video Network,Smart Choice Impact Initiative,East Region Prospecting Cohort,18477671,Bulk Buyers Interest Segment,396192265343510143,Offer Spotlight Friendly Voice,163745417171047956,Brand Awareness,21.17,3094,0,2651,11,1,6,2,1,0,13,11,1349,0,0,0,2,265,0,0,0,0,0,0
2026-01-21,Connected TV,Smart Choice Impact Initiative,Central Region Loyalty Cohort,18477671,Weekend Deal Hunters Interest Segment,110082916181382776,Shelf Story Bold Voice,967111776806546494,Brand Awareness,69.88,14660,0,12194,675,100,100,100,100,0,874,794,12717,0,0,0,490,5942,0,0,0,0,0,0
2026-01-21,Display Network,Smart Choice Impact Initiative,Central Region Loyalty Cohort,18477671,Weekend Deal Hunters Interest Segment,995854154678995860,Shelf Story Bold Voice,133473027723513405,Brand Awareness,57.28,10695,0,12470,627,100,100,100,100,0,715,678,9601,0,0,0,336,5310,0,0,0,0,0,0
2026-01-21,Shopping Grid,Smart Choice Impact Initiative,Central Region Loyalty Cohort,18477671,Quick Refill Buyers Retention Segment,135452867878308889,Shelf Story Bold Voice,845919020200716779,Brand Awareness,0.81,439,0,445,9,1,21,3,2,0,3,2,66,0,0,0,7,36,0,0,0,0,0,0
2026-01-21,Social Feed,Smart Choice Impact Initiative,Central Region Loyalty Cohort,18477671,Weekend Deal Hunters Interest Segment,183749570056400609,Shelf Story Bold Voice,165840257748609485,Brand Awareness,90.1,7407,0,5214,206,100,100,100,100,0,405,333,4589,0,0,0,150,1813,0,0,0,0,0,0
2026-01-21,Social Feed,Smart Choice Impact Initiative,Central Region Loyalty Cohort,18477671,Weekend Deal Hunters Interest Segment,270646603276678490,Shelf Story Bold Voice,110689689531150795,Brand Awareness,36.57,2850,0,2051,60,46,100,100,72,0,112,100,1974,0,0,0,51,546,0,0,0,0,0,0
2026-01-21,Marketplace Feed,Smart Choice Impact Initiative,East Region Prospecting Cohort,18477671,Health Conscious Buyers Interest Segment,333130677702741491,Offer Spotlight Friendly Voice,939762683722669202,Brand Awareness,38.69,4945,0,5307,12,3,21,11,8,0,38,36,2389,0,0,0,5,489,0,0,0,0,0,0
2026-01-21,Retail Media Network,Smart Choice Impact Initiative,East Region Prospecting Cohort,18477671,Family Planners Lookalike Segment,383049087127538803,Offer Spotlight Friendly Voice,126952267819620104,Brand Awareness,170.26,21756,0,16864,72,14,75,28,15,0,140,121,9869,0,0,0,34,2083,0,0,0,0,0,0
2026-01-21,Display Network,Smart Choice Impact Initiative,Central Region Loyalty Cohort,18477671,Quick Refill Buyers Retention Segment,105198217396991460,Shelf Story Bold Voice,101062868661402419,Brand Awareness,0.58,55,0,48,3,1,9,3,1,0,3,2,28,0,0,0,2,16,0,0,0,0,0,0
2026-01-21,Retail Media Network,Smart Choice Impact Initiative,East Region Prospecting Cohort,18477671,Health Conscious Buyers Retention Segment,155927053878536351,Offer Spotlight Friendly Voice,167909279529144471,Brand Awareness,1.28,187,0,223,1,0,1,0,0,0,1,1,95,0,0,0,0,19,0,0,0,0,0,0
2026-01-21,In-App Display,Smart Choice Impact Initiative,East Region Prospecting Cohort,18477671,Family Planners Lookalike Segment,432670928899478282,Offer Spotlight Friendly Voice,350076167984946070,Brand Awareness,0,1,0,1,0,0,0,0,0,0,0,0,1,0,0,0,0,0,0,0,0,0,0,0
2026-01-21,Search Network,Seasonal Select Promo Initiative,Central Region Loyalty Cohort,18477671,Health Conscious Buyers Interest Segment,109222486830952858,Shelf Story Warm Voice,154990515102665523,Brand Awareness,0,0,0,0,0,0,0,0,0,0,0,0,0,0,0,0,0,0,0,0,0,0,0,0
2026-01-21,In-App Display,Smart Choice Impact Initiative,East Region Prospecting Cohort,18477671,Weekend Deal Hunters Interest Segment,125043042350548871,Offer Spotlight Friendly Voice,420979367807373753,Brand Awareness,3.44,521,0,623,0,0,1,1,0,0,2,3,240,0,0,0,0,54,0,0,0,0,0,0
2026-01-21,Shopping Grid,Smart Choice Impact Initiative,East Region Prospecting Cohort,18477671,Bulk Buyers Interest Segment,127828248749714652,Offer Spotlight Friendly Voice,107071511746287350,Brand Awareness,1.40,190,0,186,0,0,4,0,0,0,3,3,130,0,0,0,0,24,0,0,0,0,0,0
2026-01-21,Affiliate Network,Smart Choice Impact Initiative,East Region Prospecting Cohort,18477671,Bulk Buyers Retention Segment,170701505460588743,Offer Spotlight Friendly Voice,807180514656387907,Brand Awareness,46.18,6029,0,6054,13,3,25,10,7,0,39,33,3108,0,0,0,5,680,0,0,0,0,0,0
2026-01-20,Video Network,Seasonal Select Promo Initiative,Central Region Loyalty Cohort,18477671,Weekend Deal Hunters Interest Segment,156060012764232538,Shelf Story Warm Voice,128776984045510926,Brand Awareness,83.24,15625,0,17553,264,100,100,100,100,0,6789,5551,15154,0,0,0,39,7588,0,0,0,0,0,0
2026-01-20,Marketplace Feed,Smart Choice Impact Initiative,East Region Prospecting Cohort,18477671,Family Planners Lookalike Segment,150201234850748573,Offer Spotlight Friendly Voice,194056806055436929,Brand Awareness,30.94,5234,0,3941,12,4,22,11,6,0,30,28,3641,0,0,0,5,592,0,0,0,0,0,0
2026-01-20,Video Network,Smart Choice Impact Initiative,East Region Prospecting Cohort,18477671,Bulk Buyers Interest Segment,127828248749714652,Offer Spotlight Friendly Voice,107071511746287350,Brand Awareness,19.25,3490,0,3390,15,2,12,4,2,0,24,21,2518,0,0,0,4,491,0,0,0,0,0,0
2026-01-20,Connected TV,Smart Choice Impact Initiative,East Region Prospecting Cohort,18477671,Health Conscious Buyers Affinity Segment,101247053680987887,Offer Spotlight Friendly Voice,137711745027207052,Brand Awareness,58.18,7316,0,7520,20,7,30,14,7,0,48,41,5852,0,0,0,7,890,0,0,0,0,0,0
2026-01-20,Influencer Network,Smart Choice Impact Initiative,East Region Prospecting Cohort,18477671,Bulk Buyers Interest Segment,396192265343510143,Offer Spotlight Friendly Voice,163745417171047956,Brand Awareness,11.40,1895,0,1588,3,2,8,3,2,0,16,13,1138,0,0,0,1,176,0,0,0,0,0,0
2026-01-20,Discovery Network,Smart Choice Impact Initiative,East Region Prospecting Cohort,18477671,Health Conscious Buyers Interest Segment,333130677702741491,Offer Spotlight Friendly Voice,939762683722669202,Brand Awareness,42.17,7331,0,5933,24,5,29,13,8,0,53,44,4248,0,0,0,8,749,0,0,0,0,0,0
2026-01-20,Affiliate Network,Smart Choice Impact Initiative,East Region Prospecting Cohort,18477671,Family Planners Lookalike Segment,432670928899478282,Offer Spotlight Friendly Voice,350076167984946070,Brand Awareness,0.27,29,0,25,0,0,0,0,0,0,0,0,17,0,0,0,0,3,0,0,0,0,0,0
2026-01-20,In-App Display,Smart Choice Impact Initiative,Central Region Loyalty Cohort,18477671,Weekend Deal Hunters Interest Segment,110082916181382776,Shelf Story Bold Voice,967111776806546494,Brand Awareness,38.77,22430,0,27493,389,67,100,100,100,0,209,213,3287,0,0,0,329,1912,0,0,0,0,0,0
2026-01-20,Influencer Network,Smart Choice Impact Initiative,Central Region Loyalty Cohort,18477671,Quick Refill Buyers Retention Segment,135452867878308889,Shelf Story Bold Voice,845919020200716779,Brand Awareness,0.57,226,0,226,8,2,17,6,2,0,6,5,48,0,0,0,6,31,0,0,0,0,0,0
2026-01-20,Display Network,Smart Choice Impact Initiative,Central Region Loyalty Cohort,18477671,Weekend Deal Hunters Interest Segment,183749570056400609,Shelf Story Bold Voice,165840257748609485,Brand Awareness,52.19,5819,0,3153,110,58,100,100,100,0,186,173,3743,0,0,0,46,1128,0,0,0,0,0,0
2026-01-20,Discovery Network,Market Fresh Demand Initiative,East Region Prospecting Cohort,18477671,Bulk Buyers Retention Segment,759784873518168207,Offer Spotlight Value Voice,893603074536992765,Brand Awareness,0,0,0,0,0,0,0,0,0,0,0,0,0,0,0,0,0,0,0,0,0,0,0,0
2026-01-20,Marketplace Feed,Smart Choice Impact Initiative,East Region Prospecting Cohort,18477671,Family Planners Lookalike Segment,383049087127538803,Offer Spotlight Friendly Voice,126952267819620104,Brand Awareness,136.78,17604,0,17331,83,13,97,43,21,0,144,125,12180,0,0,0,41,2464,0,0,0,0,0,0
2026-01-20,Influencer Network,Seasonal Select Promo Initiative,Central Region Loyalty Cohort,18477671,Health Conscious Buyers Interest Segment,109222486830952858,Shelf Story Warm Voice,154990515102665523,Brand Awareness,125.90,23356,0,20527,310,100,100,100,100,0,7588,7414,22154,0,0,0,51,11286,0,0,0,0,0,0
2026-01-20,Affiliate Network,Smart Choice Impact Initiative,East Region Prospecting Cohort,18477671,Bulk Buyers Retention Segment,170701505460588743,Offer Spotlight Friendly Voice,807180514656387907,Brand Awareness,39.49,5567,0,5203,16,3,29,11,5,0,44,37,3439,0,0,0,6,783,0,0,0,0,0,0
2026-01-20,Marketplace Feed,Seasonal Select Promo Initiative,Central Region Loyalty Cohort,18477671,Health Conscious Buyers Interest Segment,679350853071211365,Shelf Story Warm Voice,115522697466754059,Brand Awareness,44.01,3113,0,850,13,100,100,100,100,0,3319,3021,3377,0,0,0,10,3219,0,0,0,0,0,0
2026-01-20,Shopping Grid,Smart Choice Impact Initiative,East Region Prospecting Cohort,18477671,Weekend Deal Hunters Interest Segment,125043042350548871,Offer Spotlight Friendly Voice,420979367807373753,Brand Awareness,34.84,5660,0,5669,19,8,15,9,9,0,29,24,3370,0,0,0,10,645,0,0,0,0,0,0
2026-01-20,Retail Media Network,Smart Choice Impact Initiative,East Region Prospecting Cohort,18477671,Health Conscious Buyers Retention Segment,155927053878536351,Offer Spotlight Friendly Voice,167909279529144471,Brand Awareness,31.09,4814,0,4335,18,3,16,7,5,0,28,25,3083,0,0,0,11,684,0,0,0,0,0,0
2026-01-20,Video Network,Smart Choice Impact Initiative,Central Region Loyalty Cohort,18477671,Weekend Deal Hunters Interest Segment,995854154678995860,Shelf Story Bold Voice,133473027723513405,Brand Awareness,51.1,19070,0,17528,593,100,100,100,100,0,560,592,6983,0,0,0,405,2939,0,0,0,0,0,0
2026-01-20,Video Network,Smart Choice Impact Initiative,Central Region Loyalty Cohort,18477671,Weekend Deal Hunters Interest Segment,270646603276678490,Shelf Story Bold Voice,110689689531150795,Brand Awareness,18.50,2265,0,1651,29,32,100,91,42,0,74,69,1458,0,0,0,6,454,0,0,0,0,0,0
2026-01-20,Video Network,Smart Choice Impact Initiative,Central Region Loyalty Cohort,18477671,Quick Refill Buyers Retention Segment,105198217396991460,Shelf Story Bold Voice,101062868661402419,Brand Awareness,1.78,245,0,209,7,5,46,17,5,0,14,11,162,0,0,0,6,70,0,0,0,0,0,0
2026-01-19,Marketplace Feed,Seasonal Select Promo Initiative,Central Region Loyalty Cohort,18477671,Weekend Deal Hunters Interest Segment,156060012764232538,Shelf Story Warm Voice,128776984045510926,Brand Awareness,115.86,23980,0,27029,438,100,100,100,100,0,6778,7416,24672,0,0,0,64,11833,0,0,0,0,0,0
2026-01-19,Retail Media Network,Seasonal Select Promo Initiative,Central Region Loyalty Cohort,18477671,Health Conscious Buyers Interest Segment,109222486830952858,Shelf Story Warm Voice,154990515102665523,Brand Awareness,118.85,34612,0,34695,541,100,100,100,100,0,9567,8923,33878,0,0,0,64,14368,0,0,0,0,0,0
2026-01-19,In-App Display,Seasonal Select Promo Initiative,Central Region Loyalty Cohort,18477671,Health Conscious Buyers Interest Segment,679350853071211365,Shelf Story Warm Voice,115522697466754059,Brand Awareness,48.52,3250,0,858,14,100,100,100,100,0,3034,2541,3888,1,0,0,8,3146,0,0,0,0,0,0
2026-01-18,Social Feed,Seasonal Select Promo Initiative,Central Region Loyalty Cohort,18477671,Health Conscious Buyers Interest Segment,109222486830952858,Shelf Story Warm Voice,154990515102665523,Brand Awareness,128.58,33559,0,30886,607,100,100,100,100,0,9533,9188,31199,0,0,0,59,15847,0,0,0,0,0,0
2026-01-18,Search Network,Seasonal Select Promo Initiative,Central Region Loyalty Cohort,18477671,Health Conscious Buyers Interest Segment,679350853071211365,Shelf Story Warm Voice,115522697466754059,Brand Awareness,28.58,2325,0,569,15,100,100,100,100,0,2009,1909,2191,0,0,0,5,1774,0,0,0,0,0,0
2026-01-18,Video Network,Seasonal Select Promo Initiative,Central Region Loyalty Cohort,18477671,Weekend Deal Hunters Interest Segment,156060012764232538,Shelf Story Warm Voice,128776984045510926,Brand Awareness,109.24,25760,0,23387,385,100,100,100,100,0,8498,7652,27359,0,0,0,37,12794,0,0,0,0,0,0
2026-01-17,Connected TV,Seasonal Select Promo Initiative,Central Region Loyalty Cohort,18477671,Weekend Deal Hunters Interest Segment,156060012764232538,Shelf Story Warm Voice,128776984045510926,Brand Awareness,148.7,15779,0,14387,105,100,100,100,100,0,12284,10510,15080,0,0,0,20,13226,0,0,0,0,0,0
2026-01-17,Affiliate Network,Market Fresh Demand Initiative,East Region Prospecting Cohort,18477671,Bulk Buyers Retention Segment,759784873518168207,Offer Spotlight Value Voice,893603074536992765,Brand Awareness,0,0,0,0,0,0,0,0,0,0,0,0,0,0,0,0,0,0,0,0,0,0,0,0
2026-01-17,Discovery Network,Seasonal Select Promo Initiative,Central Region Loyalty Cohort,18477671,Health Conscious Buyers Interest Segment,109222486830952858,Shelf Story Warm Voice,154990515102665523,Brand Awareness,111.00,16857,0,11590,156,100,100,100,100,0,9922,9470,14745,0,0,0,24,10166,0,0,0,0,0,0
2026-01-17,Search Network,Seasonal Select Promo Initiative,Central Region Loyalty Cohort,18477671,Health Conscious Buyers Interest Segment,679350853071211365,Shelf Story Warm Voice,115522697466754059,Brand Awareness,29.18,2321,0,784,11,100,100,100,100,0,2170,1714,2442,0,0,0,9,2329,0,0,0,0,0,0
2026-01-16,Retail Media Network,Market Fresh Demand Initiative,East Region Prospecting Cohort,18477671,Bulk Buyers Retention Segment,759784873518168207,Offer Spotlight Value Voice,893603074536992765,Brand Awareness,0,0,0,0,0,0,0,0,0,0,0,0,0,0,0,0,0,0,0,0,0,0,0,0
2026-01-16,Search Network,Market Fresh Demand Initiative,East Region Prospecting Cohort,18477671,Health Conscious Buyers Affinity Segment,314520735815714475,Offer Spotlight Value Voice,754330891978759563,Brand Awareness,0,0,0,0,0,0,0,0,0,0,0,0,0,0,0,0,0,0,0,0,0,0,0,0
2026-01-16,Social Feed,Market Fresh Demand Initiative,East Region Prospecting Cohort,18477671,Bulk Buyers Interest Segment,116646711538038710,Offer Spotlight Value Voice,225327559531258075,Brand Awareness,0,0,0,0,0,0,0,0,0,0,0,0,0,0,0,0,0,0,0,0,0,0,0,0
2026-01-16,Video Network,Market Fresh Demand Initiative,East Region Prospecting Cohort,18477671,Weekend Deal Hunters Interest Segment,113435179789250368,Offer Spotlight Value Voice,658897382637211314,Brand Awareness,0,0,0,0,0,0,0,0,0,0,0,0,0,0,0,0,0,0,0,0,0,0,0,0
2026-01-16,Discovery Network,Seasonal Select Promo Initiative,Central Region Loyalty Cohort,18477671,Health Conscious Buyers Interest Segment,109222486830952858,Shelf Story Warm Voice,154990515102665523,Brand Awareness,125.17,11643,0,7108,38,100,100,100,100,0,11300,10340,10312,0,0,0,17,10606,0,0,0,0,0,0
2026-01-16,Search Network,Seasonal Select Promo Initiative,Central Region Loyalty Cohort,18477671,Health Conscious Buyers Interest Segment,679350853071211365,Shelf Story Warm Voice,115522697466754059,Brand Awareness,6.9,814,0,427,2,100,100,100,100,0,504,469,644,0,0,0,0,636,0,0,0,0,0,0
2026-01-16,Influencer Network,Seasonal Select Promo Initiative,Central Region Loyalty Cohort,18477671,Weekend Deal Hunters Interest Segment,156060012764232538,Shelf Story Warm Voice,128776984045510926,Brand Awareness,155.29,12673,0,8313,43,100,100,100,100,0,13218,12048,13196,0,0,0,22,13241,0,0,0,0,0,0
2026-01-15,Marketplace Feed,Seasonal Select Promo Initiative,Central Region Loyalty Cohort,18477671,Weekend Deal Hunters Interest Segment,156060012764232538,Shelf Story Warm Voice,128776984045510926,Brand Awareness,107.47,10764,0,6453,24,100,100,100,100,0,8803,8543,10624,0,0,0,15,9183,0,0,0,0,0,0
2026-01-15,Retail Media Network,Family Pantry Retention Initiative,Metro Region Conversion Cohort,18477671,Family Planners Affinity Segment,784123057161988793,Offer Spotlight Bold Voice,883175394939760191,Brand Awareness,0,0,0,0,0,0,0,0,0,0,0,0,0,0,0,0,0,0,0,0,0,0,0,0
2026-01-15,Retail Media Network,Market Fresh Demand Initiative,East Region Prospecting Cohort,18477671,Family Planners Lookalike Segment,862453271414752176,Offer Spotlight Value Voice,124656432132977193,Brand Awareness,34.9,4363,0,4113,18,0,0,0,0,0,0,0,0,0,0,0,13,64,0,0,0,0,0,0
2026-01-15,Marketplace Feed,Market Fresh Demand Initiative,East Region Prospecting Cohort,18477671,Bulk Buyers Retention Segment,759784873518168207,Offer Spotlight Value Voice,893603074536992765,Brand Awareness,115.02,16457,0,14612,72,0,0,0,0,0,0,0,0,0,0,0,50,203,0,0,0,0,0,0
2026-01-15,Video Network,Market Fresh Demand Initiative,East Region Prospecting Cohort,18477671,Health Conscious Buyers Interest Segment,113341108780384935,Offer Spotlight Value Voice,649823679212000078,Brand Awareness,8.94,490,0,456,0,0,0,0,0,0,0,0,0,0,0,0,0,7,0,0,0,0,0,0
2026-01-15,Affiliate Network,Market Fresh Demand Initiative,East Region Prospecting Cohort,18477671,Family Planners Lookalike Segment,180331228993650732,Offer Spotlight Value Voice,173380044834568593,Brand Awareness,8.47,312,0,289,1,0,0,0,0,0,0,0,0,0,0,0,0,9,0,0,0,0,0,0
2026-01-15,Influencer Network,Market Fresh Demand Initiative,East Region Prospecting Cohort,18477671,Bulk Buyers Interest Segment,116646711538038710,Offer Spotlight Value Voice,225327559531258075,Brand Awareness,41.61,4539,0,4140,18,0,0,0,0,0,0,0,0,0,0,0,12,64,0,0,0,0,0,0
2026-01-15,Social Feed,Market Fresh Demand Initiative,East Region Prospecting Cohort,18477671,Weekend Deal Hunters Interest Segment,113435179789250368,Offer Spotlight Value Voice,658897382637211314,Brand Awareness,52.12,9613,0,10377,38,0,0,0,0,0,0,0,0,0,0,0,23,99,0,0,0,0,0,0
2026-01-15,Marketplace Feed,Market Fresh Demand Initiative,East Region Prospecting Cohort,18477671,Family Planners Lookalike Segment,943649491450571042,Offer Spotlight Value Voice,359799742625191690,Brand Awareness,0.51,37,0,29,0,0,0,0,0,0,0,0,0,0,0,0,0,1,0,0,0,0,0,0
2026-01-15,Affiliate Network,Seasonal Select Promo Initiative,Central Region Loyalty Cohort,18477671,Health Conscious Buyers Interest Segment,109222486830952858,Shelf Story Warm Voice,154990515102665523,Brand Awareness,228.47,17072,0,9837,57,100,100,100,100,0,19852,17533,18254,0,0,0,27,16663,0,0,0,0,0,0
2026-01-15,Marketplace Feed,Market Fresh Demand Initiative,East Region Prospecting Cohort,18477671,Health Conscious Buyers Retention Segment,170344401805390184,Offer Spotlight Value Voice,597762905227726353,Brand Awareness,24.77,740,0,623,4,0,0,0,0,0,0,0,0,0,0,0,0,52,0,0,0,0,0,0
2026-01-15,Search Network,Market Fresh Demand Initiative,East Region Prospecting Cohort,18477671,Health Conscious Buyers Affinity Segment,314520735815714475,Offer Spotlight Value Voice,754330891978759563,Brand Awareness,80.07,10398,0,11254,32,0,0,0,0,0,0,0,0,0,0,0,19,134,0,0,0,0,0,0
2026-01-15,Affiliate Network,Market Fresh Demand Initiative,East Region Prospecting Cohort,18477671,Bulk Buyers Interest Segment,115965002159758900,Offer Spotlight Value Voice,378454868513699142,Brand Awareness,20.51,1083,0,996,6,0,0,0,0,0,0,0,0,0,0,0,3,26,0,0,0,0,0,0
2026-01-15,Marketplace Feed,Seasonal Select Promo Initiative,Central Region Loyalty Cohort,18477671,Health Conscious Buyers Interest Segment,679350853071211365,Shelf Story Warm Voice,115522697466754059,Brand Awareness,11.3,1483,0,815,15,100,100,100,100,0,853,777,1561,0,0,0,2,1172,0,0,0,0,0,0
2026-01-14,Shopping Grid,Market Fresh Demand Initiative,East Region Prospecting Cohort,18477671,Bulk Buyers Interest Segment,116646711538038710,Offer Spotlight Value Voice,225327559531258075,Brand Awareness,22.31,2724,0,2800,12,0,0,0,0,0,0,0,0,0,0,0,11,46,0,0,0,0,0,0
2026-01-14,Search Network,Market Fresh Demand Initiative,East Region Prospecting Cohort,18477671,Family Planners Lookalike Segment,862453271414752176,Offer Spotlight Value Voice,124656432132977193,Brand Awareness,64.77,3891,0,3904,33,0,0,0,0,0,0,0,0,0,0,0,24,99,0,0,0,0,0,0
2026-01-14,Influencer Network,Market Fresh Demand Initiative,East Region Prospecting Cohort,18477671,Bulk Buyers Retention Segment,759784873518168207,Offer Spotlight Value Voice,893603074536992765,Brand Awareness,115.41,8403,0,8754,46,0,0,0,0,0,0,0,0,0,0,0,25,212,0,0,0,0,0,0
2026-01-14,Influencer Network,Market Fresh Demand Initiative,East Region Prospecting Cohort,18477671,Family Planners Lookalike Segment,180331228993650732,Offer Spotlight Value Voice,173380044834568593,Brand Awareness,5.88,134,0,122,3,0,0,0,0,0,0,0,0,0,0,0,2,9,0,0,0,0,0,0
2026-01-14,Shopping Grid,Market Fresh Demand Initiative,East Region Prospecting Cohort,18477671,Bulk Buyers Interest Segment,115965002159758900,Offer Spotlight Value Voice,378454868513699142,Brand Awareness,12.64,569,0,604,6,0,0,0,0,0,0,0,0,0,0,0,4,14,0,0,0,0,0,0
2026-01-14,Display Network,Seasonal Select Promo Initiative,Central Region Loyalty Cohort,18477671,Health Conscious Buyers Interest Segment,109222486830952858,Shelf Story Warm Voice,154990515102665523,Brand Awareness,107.36,9074,0,5908,13,100,100,100,100,0,8662,7371,9920,0,0,0,11,9292,0,0,0,0,0,0
2026-01-14,Search Network,Family Pantry Retention Initiative,Metro Region Conversion Cohort,18477671,Family Planners Affinity Segment,100293396277724664,Shelf Story Value Voice,660937668011277459,Brand Awareness,0,0,0,0,0,0,0,0,0,0,0,0,0,0,0,0,0,0,0,0,0,0,0,0
2026-01-14,Connected TV,Family Pantry Retention Initiative,Metro Region Conversion Cohort,18477671,Health Conscious Buyers Interest Segment,171067365699204806,Shelf Story Value Voice,321687425286313000,Brand Awareness,0,0,0,0,0,0,0,0,0,0,0,0,0,0,0,0,0,0,0,0,0,0,0,0
2026-01-14,Discovery Network,Family Pantry Retention Initiative,Metro Region Conversion Cohort,18477671,Family Planners Affinity Segment,783559731945721529,Offer Spotlight Bold Voice,157788883751830486,Brand Awareness,0,0,0,0,0,0,0,0,0,0,0,0,0,0,0,0,0,0,0,0,0,0,0,0
2026-01-14,Search Network,Market Fresh Demand Initiative,East Region Prospecting Cohort,18477671,Health Conscious Buyers Interest Segment,113341108780384935,Offer Spotlight Value Voice,649823679212000078,Brand Awareness,18.68,745,0,763,10,0,0,0,0,0,0,0,0,0,0,0,5,26,0,0,0,0,0,0
2026-01-14,Retail Media Network,Market Fresh Demand Initiative,East Region Prospecting Cohort,18477671,Health Conscious Buyers Retention Segment,170344401805390184,Offer Spotlight Value Voice,597762905227726353,Brand Awareness,9.23,205,0,206,3,0,0,0,0,0,0,0,0,0,0,0,1,14,0,0,0,0,0,0
2026-01-14,Discovery Network,Market Fresh Demand Initiative,East Region Prospecting Cohort,18477671,Health Conscious Buyers Affinity Segment,314520735815714475,Offer Spotlight Value Voice,754330891978759563,Brand Awareness,71.5,5117,0,4559,27,0,0,0,0,0,0,0,0,0,0,0,15,113,0,0,0,0,0,0
2026-01-14,Search Network,Market Fresh Demand Initiative,East Region Prospecting Cohort,18477671,Weekend Deal Hunters Interest Segment,113435179789250368,Offer Spotlight Value Voice,658897382637211314,Brand Awareness,45.18,8412,0,8350,34,0,0,0,0,0,0,0,0,0,0,0,21,130,0,0,0,0,0,0
2026-01-14,Affiliate Network,Market Fresh Demand Initiative,East Region Prospecting Cohort,18477671,Family Planners Lookalike Segment,943649491450571042,Offer Spotlight Value Voice,359799742625191690,Brand Awareness,0.51,20,0,20,0,0,0,0,0,0,0,0,0,0,0,0,0,0,0,0,0,0,0,0
2026-01-14,Retail Media Network,Seasonal Select Promo Initiative,Central Region Loyalty Cohort,18477671,Health Conscious Buyers Interest Segment,679350853071211365,Shelf Story Warm Voice,115522697466754059,Brand Awareness,1.66,351,0,281,5,59,100,100,73,0,124,125,292,0,0,0,3,220,0,0,0,0,0,0
2026-01-14,In-App Display,Seasonal Select Promo Initiative,Central Region Loyalty Cohort,18477671,Weekend Deal Hunters Interest Segment,156060012764232538,Shelf Story Warm Voice,128776984045510926,Brand Awareness,89.1,8797,0,5019,19,100,100,100,100,0,6952,6405,10720,0,0,0,13,7573,0,0,0,0,0,0
2026-01-14,Connected TV,Family Pantry Retention Initiative,Metro Region Conversion Cohort,18477671,Family Planners Affinity Segment,784123057161988793,Offer Spotlight Bold Voice,883175394939760191,Brand Awareness,0,0,0,0,0,0,0,0,0,0,0,0,0,0,0,0,0,0,0,0,0,0,0,0
2026-01-14,Social Feed,Market Fresh Demand Initiative,Metro Region Conversion Cohort,18477671,Health Conscious Buyers Interest Segment,124565773277715075,Shelf Story Bold Voice,869964160861327165,Brand Awareness,0,0,0,0,0,0,0,0,0,0,0,0,0,0,0,0,0,0,0,0,0,0,0,0
2026-01-14,Social Feed,Family Pantry Retention Initiative,Metro Region Conversion Cohort,18477671,Family Planners Affinity Segment,799162963088066873,Shelf Story Bold Voice,282663983639102234,Brand Awareness,0,0,0,0,0,0,0,0,0,0,0,0,0,0,0,0,0,0,0,0,0,0,0,0
2026-01-13,Video Network,Market Fresh Demand Initiative,East Region Prospecting Cohort,18477671,Bulk Buyers Interest Segment,115965002159758900,Offer Spotlight Value Voice,378454868513699142,Brand Awareness,4.68,268,0,244,1,0,0,0,0,0,0,0,0,0,0,0,0,8,0,0,0,0,0,0
2026-01-13,Search Network,Market Fresh Demand Initiative,East Region Prospecting Cohort,18477671,Bulk Buyers Retention Segment,759784873518168207,Offer Spotlight Value Voice,893603074536992765,Brand Awareness,101.3,5338,0,5526,52,0,0,0,0,0,0,0,0,0,0,0,27,271,0,0,0,0,0,0
2026-01-13,Marketplace Feed,Market Fresh Demand Initiative,East Region Prospecting Cohort,18477671,Health Conscious Buyers Affinity Segment,314520735815714475,Offer Spotlight Value Voice,754330891978759563,Brand Awareness,81.89,5514,0,5084,29,0,0,0,0,0,0,0,0,0,0,0,24,194,0,0,0,0,0,0
2026-01-13,Influencer Network,Family Pantry Retention Initiative,Metro Region Conversion Cohort,18477671,Family Planners Affinity Segment,784123057161988793,Offer Spotlight Bold Voice,883175394939760191,Brand Awareness,0,0,0,0,0,0,0,0,0,0,0,0,0,0,0,0,0,0,0,0,0,0,0,0
2026-01-13,Connected TV,Market Fresh Demand Initiative,East Region Prospecting Cohort,18477671,Weekend Deal Hunters Interest Segment,113435179789250368,Offer Spotlight Value Voice,658897382637211314,Brand Awareness,79.68,9057,0,7094,42,0,0,0,0,0,0,0,0,0,0,0,29,192,0,0,0,0,0,0
2026-01-13,In-App Display,Market Fresh Demand Initiative,East Region Prospecting Cohort,18477671,Family Planners Lookalike Segment,862453271414752176,Offer Spotlight Value Voice,124656432132977193,Brand Awareness,28.95,1771,0,1785,16,0,0,0,0,0,0,0,0,0,0,0,10,64,0,0,0,0,0,0
2026-01-13,Social Feed,Market Fresh Demand Initiative,East Region Prospecting Cohort,18477671,Health Conscious Buyers Interest Segment,113341108780384935,Offer Spotlight Value Voice,649823679212000078,Brand Awareness,4.21,194,0,181,1,0,0,0,0,0,0,0,0,0,0,0,1,9,0,0,0,0,0,0
2026-01-13,Influencer Network,Market Fresh Demand Initiative,East Region Prospecting Cohort,18477671,Family Planners Lookalike Segment,180331228993650732,Offer Spotlight Value Voice,173380044834568593,Brand Awareness,3.13,72,0,83,1,0,0,0,0,0,0,0,0,0,0,0,0,3,0,0,0,0,0,0
2026-01-13,Influencer Network,Market Fresh Demand Initiative,East Region Prospecting Cohort,18477671,Health Conscious Buyers Retention Segment,170344401805390184,Offer Spotlight Value Voice,597762905227726353,Brand Awareness,12.68,330,0,351,1,0,0,0,0,0,0,0,0,0,0,0,1,20,0,0,0,0,0,0
2026-01-13,Shopping Grid,Market Fresh Demand Initiative,East Region Prospecting Cohort,18477671,Family Planners Lookalike Segment,943649491450571042,Offer Spotlight Value Voice,359799742625191690,Brand Awareness,0.17,7,0,6,0,0,0,0,0,0,0,0,0,0,0,0,0,0,0,0,0,0,0,0
2026-01-13,Social Feed,Market Fresh Demand Initiative,East Region Prospecting Cohort,18477671,Bulk Buyers Interest Segment,116646711538038710,Offer Spotlight Value Voice,225327559531258075,Brand Awareness,79.5,6392,0,5587,42,0,0,0,0,0,0,0,0,1,0,0,26,168,0,0,0,0,0,0
2026-01-12,In-App Display,Family Pantry Retention Initiative,Metro Region Conversion Cohort,18477671,Health Conscious Buyers Interest Segment,622650849387728916,Offer Spotlight Bold Voice,992051174567982317,Brand Awareness,0,0,0,0,0,0,0,0,0,0,0,0,0,0,0,0,0,0,0,0,0,0,0,0
2026-01-12,Shopping Grid,Market Fresh Demand Initiative,East Region Prospecting Cohort,18477671,Family Planners Lookalike Segment,180331228993650732,Offer Spotlight Value Voice,173380044834568593,Brand Awareness,4.82,230,0,223,3,0,0,0,0,0,0,0,0,0,0,0,2,9,0,0,0,0,0,0
2026-01-12,Search Network,Market Fresh Demand Initiative,East Region Prospecting Cohort,18477671,Bulk Buyers Interest Segment,116646711538038710,Offer Spotlight Value Voice,225327559531258075,Brand Awareness,29.34,2186,0,2142,22,0,0,0,0,0,0,0,0,0,0,0,13,62,0,0,0,0,0,0
2026-01-12,Retail Media Network,Family Pantry Retention Initiative,Metro Region Conversion Cohort,18477671,Bulk Buyers Retention Segment,164662931141622185,Shelf Story Bold Voice,138737872598852337,Brand Awareness,0,0,0,0,0,0,0,0,0,0,0,0,0,0,0,0,0,0,0,0,0,0,0,0
2026-01-12,Marketplace Feed,Family Pantry Retention Initiative,Metro Region Conversion Cohort,18477671,Family Planners Affinity Segment,784123057161988793,Offer Spotlight Bold Voice,883175394939760191,Brand Awareness,0,0,0,0,0,0,0,0,0,0,0,0,0,0,0,0,0,0,0,0,0,0,0,0
2026-01-12,Discovery Network,Market Fresh Demand Initiative,East Region Prospecting Cohort,18477671,Bulk Buyers Interest Segment,115965002159758900,Offer Spotlight Value Voice,378454868513699142,Brand Awareness,2.63,253,0,265,1,0,0,0,0,0,0,0,0,0,0,0,1,3,0,0,0,0,0,0
2026-01-12,Display Network,Market Fresh Demand Initiative,East Region Prospecting Cohort,18477671,Family Planners Lookalike Segment,943649491450571042,Offer Spotlight Value Voice,359799742625191690,Brand Awareness,0.34,10,0,10,0,0,0,0,0,0,0,0,0,0,0,0,0,0,0,0,0,0,0,0
2026-01-12,Search Network,Family Pantry Retention Initiative,Metro Region Conversion Cohort,18477671,Family Planners Affinity Segment,100293396277724664,Shelf Story Value Voice,660937668011277459,Brand Awareness,0,0,0,0,0,0,0,0,0,0,0,0,0,0,0,0,0,0,0,0,0,0,0,0
2026-01-12,Discovery Network,Family Pantry Retention Initiative,Metro Region Conversion Cohort,18477671,Health Conscious Buyers Interest Segment,171067365699204806,Shelf Story Value Voice,115406151410266056,Brand Awareness,0,0,0,0,0,0,0,0,0,0,0,0,0,0,0,0,0,0,0,0,0,0,0,0
2026-01-12,Retail Media Network,Family Pantry Retention Initiative,Metro Region Conversion Cohort,18477671,Family Planners Affinity Segment,783559731945721529,Offer Spotlight Bold Voice,157788883751830486,Brand Awareness,0,0,0,0,0,0,0,0,0,0,0,0,0,0,0,0,0,0,0,0,0,0,0,0
2026-01-12,Social Feed,Market Fresh Demand Initiative,East Region Prospecting Cohort,18477671,Family Planners Lookalike Segment,862453271414752176,Offer Spotlight Value Voice,124656432132977193,Brand Awareness,31.43,2550,0,2447,19,0,0,0,0,0,0,0,0,0,0,0,11,81,0,0,0,0,0,0
2026-01-12,Retail Media Network,Market Fresh Demand Initiative,East Region Prospecting Cohort,18477671,Bulk Buyers Retention Segment,759784873518168207,Offer Spotlight Value Voice,893603074536992765,Brand Awareness,77.81,4534,0,5055,40,0,0,0,0,0,0,0,0,0,0,0,25,243,0,0,0,0,0,0
2026-01-12,Search Network,Market Fresh Demand Initiative,East Region Prospecting Cohort,18477671,Health Conscious Buyers Interest Segment,113341108780384935,Offer Spotlight Value Voice,649823679212000078,Brand Awareness,3.37,390,0,374,1,0,0,0,0,0,0,0,0,0,0,0,1,5,0,0,0,0,0,0
2026-01-12,Display Network,Market Fresh Demand Initiative,East Region Prospecting Cohort,18477671,Health Conscious Buyers Retention Segment,170344401805390184,Offer Spotlight Value Voice,597762905227726353,Brand Awareness,3.24,172,0,208,0,0,0,0,0,0,0,0,0,0,0,0,0,4,0,0,0,0,0,0
2026-01-12,Discovery Network,Market Fresh Demand Initiative,East Region Prospecting Cohort,18477671,Health Conscious Buyers Affinity Segment,314520735815714475,Offer Spotlight Value Voice,754330891978759563,Brand Awareness,64.57,4544,0,4880,24,0,0,0,0,0,0,0,0,0,0,0,17,180,0,0,0,0,0,0
2026-01-12,Social Feed,Market Fresh Demand Initiative,East Region Prospecting Cohort,18477671,Weekend Deal Hunters Interest Segment,113435179789250368,Offer Spotlight Value Voice,658897382637211314,Brand Awareness,132,13110,0,12706,78,0,0,0,0,0,0,0,0,0,0,0,57,371,0,0,0,0,0,0
2026-01-11,Affiliate Network,Market Fresh Demand Initiative,East Region Prospecting Cohort,18477671,Bulk Buyers Retention Segment,759784873518168207,Offer Spotlight Value Voice,893603074536992765,Brand Awareness,37.3,3397,0,2960,22,0,0,0,0,0,0,0,0,0,0,0,15,129,0,0,0,0,0,0
2026-01-11,Connected TV,Market Fresh Demand Initiative,East Region Prospecting Cohort,18477671,Health Conscious Buyers Interest Segment,113341108780384935,Offer Spotlight Value Voice,649823679212000078,Brand Awareness,29.77,4776,0,4877,24,0,0,0,0,0,0,0,0,0,0,0,18,75,0,0,0,0,0,0
2026-01-11,Affiliate Network,Market Fresh Demand Initiative,East Region Prospecting Cohort,18477671,Family Planners Lookalike Segment,180331228993650732,Offer Spotlight Value Voice,173380044834568593,Brand Awareness,4.05,304,0,321,1,0,0,0,0,0,0,0,0,0,0,0,1,10,0,0,0,0,0,0
2026-01-11,Search Network,Market Fresh Demand Initiative,East Region Prospecting Cohort,18477671,Health Conscious Buyers Retention Segment,170344401805390184,Offer Spotlight Value Voice,597762905227726353,Brand Awareness,7.98,747,0,911,4,0,0,0,0,0,0,0,0,0,0,0,2,25,0,0,0,0,0,0
2026-01-11,In-App Display,Market Fresh Demand Initiative,East Region Prospecting Cohort,18477671,Health Conscious Buyers Affinity Segment,314520735815714475,Offer Spotlight Value Voice,754330891978759563,Brand Awareness,63.37,5906,0,6915,36,0,0,0,0,0,0,0,0,0,0,0,20,192,0,0,0,0,0,0
2026-01-11,Influencer Network,Market Fresh Demand Initiative,East Region Prospecting Cohort,18477671,Bulk Buyers Interest Segment,116646711538038710,Offer Spotlight Value Voice,225327559531258075,Brand Awareness,27.0,4270,0,4227,24,0,0,0,0,0,0,0,0,0,0,0,14,80,0,0,0,0,0,0
2026-01-11,Influencer Network,Market Fresh Demand Initiative,East Region Prospecting Cohort,18477671,Weekend Deal Hunters Interest Segment,113435179789250368,Offer Spotlight Value Voice,658897382637211314,Brand Awareness,101.32,12011,0,9278,66,0,0,0,0,0,0,0,0,1,0,0,43,349,0,0,0,0,0,0
2026-01-11,Social Feed,Market Fresh Demand Initiative,East Region Prospecting Cohort,18477671,Bulk Buyers Interest Segment,115965002159758900,Offer Spotlight Value Voice,378454868513699142,Brand Awareness,13.73,1994,0,2017,10,0,0,0,0,0,0,0,0,0,0,0,8,42,0,0,0,0,0,0
2026-01-11,Shopping Grid,Market Fresh Demand Initiative,East Region Prospecting Cohort,18477671,Family Planners Lookalike Segment,943649491450571042,Offer Spotlight Value Voice,359799742625191690,Brand Awareness,0.31,23,0,22,0,0,0,0,0,0,0,0,0,0,0,0,0,0,0,0,0,0,0,0
2026-01-11,Display Network,Market Fresh Demand Initiative,East Region Prospecting Cohort,18477671,Family Planners Lookalike Segment,862453271414752176,Offer Spotlight Value Voice,124656432132977193,Brand Awareness,29.75,2567,0,2777,17,0,0,0,0,0,0,0,0,0,0,0,11,81,0,0,0,0,0,0
2026-01-10,Influencer Network,Family Pantry Retention Initiative,Metro Region Conversion Cohort,18477671,Family Planners Affinity Segment,784123057161988793,Offer Spotlight Bold Voice,883175394939760191,Brand Awareness,0,0,0,0,0,0,0,0,0,0,0,0,0,0,0,0,0,0,0,0,0,0,0,0
2026-01-10,Display Network,Market Fresh Demand Initiative,Metro Region Conversion Cohort,18477671,Family Planners Affinity Segment,465999239790150181,Shelf Story Bold Voice,104528887095167165,Brand Awareness,0,0,0,0,0,0,0,0,0,0,0,0,0,0,0,0,0,0,0,0,0,0,0,0
2026-01-10,Marketplace Feed,Family Pantry Retention Initiative,Metro Region Conversion Cohort,18477671,Family Planners Affinity Segment,783559731945721529,Offer Spotlight Bold Voice,157788883751830486,Brand Awareness,0,0,0,0,0,0,0,0,0,0,0,0,0,0,0,0,0,0,0,0,0,0,0,0
2026-01-10,Retail Media Network,Family Pantry Retention Initiative,Metro Region Conversion Cohort,18477671,Health Conscious Buyers Interest Segment,171067365699204806,Shelf Story Warm Voice,629954501581888905,Brand Awareness,0,0,0,0,0,0,0,0,0,0,0,0,0,0,0,0,0,0,0,0,0,0,0,0
2026-01-10,Influencer Network,Family Pantry Retention Initiative,Metro Region Conversion Cohort,18477671,Family Planners Affinity Segment,100293396277724664,Shelf Story Warm Voice,930520885667212451,Brand Awareness,0,0,0,0,0,0,0,0,0,0,0,0,0,0,0,0,0,0,0,0,0,0,0,0
2026-01-10,Social Feed,Family Pantry Retention Initiative,Metro Region Conversion Cohort,18477671,Family Planners Affinity Segment,100293396277724664,Shelf Story Value Voice,660937668011277459,Brand Awareness,0,0,0,0,0,0,0,0,0,0,0,0,0,0,0,0,0,0,0,0,0,0,0,0
2026-01-10,Connected TV,Family Pantry Retention Initiative,Metro Region Conversion Cohort,18477671,Family Planners Affinity Segment,100293396277724664,Shelf Story Value Voice,166577664068042908,Brand Awareness,0,0,0,0,0,0,0,0,0,0,0,0,0,0,0,0,0,0,0,0,0,0,0,0
2026-01-10,Marketplace Feed,Family Pantry Retention Initiative,Metro Region Conversion Cohort,18477671,Health Conscious Buyers Interest Segment,133681468912350193,Offer Spotlight Bold Voice,175578546332617752,Brand Awareness,0,0,0,0,0,0,0,0,0,0,0,0,0,0,0,0,0,0,0,0,0,0,0,0
2026-01-10,Connected TV,Family Pantry Retention Initiative,Metro Region Conversion Cohort,18477671,Family Planners Affinity Segment,158046473218924179,Offer Spotlight Bold Voice,139879902910788097,Brand Awareness,0,0,0,0,0,0,0,0,0,0,0,0,0,0,0,0,0,0,0,0,0,0,0,0
2026-01-10,Affiliate Network,Market Fresh Demand Initiative,East Region Prospecting Cohort,18477671,Family Planners Lookalike Segment,862453271414752176,Offer Spotlight Value Voice,124656432132977193,Brand Awareness,3.09,591,0,713,1,0,0,0,0,0,0,0,0,0,0,0,1,8,0,0,0,0,0,0
2026-01-10,Search Network,Market Fresh Demand Initiative,East Region Prospecting Cohort,18477671,Bulk Buyers Retention Segment,759784873518168207,Offer Spotlight Value Voice,893603074536992765,Brand Awareness,1.52,281,0,248,0,0,0,0,0,0,0,0,0,0,0,0,0,2,0,0,0,0,0,0
2026-01-10,Influencer Network,Market Fresh Demand Initiative,East Region Prospecting Cohort,18477671,Health Conscious Buyers Interest Segment,113341108780384935,Offer Spotlight Value Voice,649823679212000078,Brand Awareness,96.26,15593,0,18144,96,0,0,0,0,0,0,0,0,0,0,0,59,293,0,0,0,0,0,0
2026-01-10,Marketplace Feed,Market Fresh Demand Initiative,East Region Prospecting Cohort,18477671,Family Planners Lookalike Segment,180331228993650732,Offer Spotlight Value Voice,173380044834568593,Brand Awareness,0.90,236,0,252,1,0,0,0,0,0,0,0,0,0,0,0,1,2,0,0,0,0,0,0
2026-01-10,Influencer Network,Market Fresh Demand Initiative,East Region Prospecting Cohort,18477671,Health Conscious Buyers Retention Segment,170344401805390184,Offer Spotlight Value Voice,597762905227726353,Brand Awareness,11.95,1994,0,1904,10,0,0,0,0,0,0,0,0,0,0,0,6,31,0,0,0,0,0,0
2026-01-10,Social Feed,Market Fresh Demand Initiative,East Region Prospecting Cohort,18477671,Bulk Buyers Interest Segment,115965002159758900,Offer Spotlight Value Voice,378454868513699142,Brand Awareness,33.15,8753,0,7434,33,0,0,0,0,0,0,0,0,0,0,0,13,99,0,0,0,0,0,0
2026-01-10,Shopping Grid,Market Fresh Demand Initiative,East Region Prospecting Cohort,18477671,Health Conscious Buyers Affinity Segment,314520735815714475,Offer Spotlight Value Voice,754330891978759563,Brand Awareness,23.40,5899,0,6037,21,0,0,0,0,0,0,0,0,0,0,0,15,54,0,0,0,0,0,0
2026-01-10,In-App Display,Market Fresh Demand Initiative,East Region Prospecting Cohort,18477671,Bulk Buyers Interest Segment,116646711538038710,Offer Spotlight Value Voice,225327559531258075,Brand Awareness,24.37,5626,0,5960,19,0,0,0,0,0,0,0,0,0,0,0,10,54,0,0,0,0,0,0
2026-01-10,Video Network,Market Fresh Demand Initiative,East Region Prospecting Cohort,18477671,Weekend Deal Hunters Interest Segment,113435179789250368,Offer Spotlight Value Voice,658897382637211314,Brand Awareness,109.21,21713,0,18657,112,0,0,0,0,0,0,0,0,0,0,0,77,354,0,0,0,0,0,0
2026-01-10,Marketplace Feed,Market Fresh Demand Initiative,East Region Prospecting Cohort,18477671,Family Planners Lookalike Segment,943649491450571042,Offer Spotlight Value Voice,359799742625191690,Brand Awareness,0.02,6,0,6,0,0,0,0,0,0,0,0,0,0,0,0,0,0,0,0,0,0,0,0
2026-01-09,Search Network,Family Pantry Retention Initiative,Metro Region Conversion Cohort,18477671,Family Planners Lookalike Segment,126837841618545883,Offer Spotlight Warm Voice,839832944765218196,Brand Awareness,0,0,0,0,0,0,0,0,0,0,0,0,0,0,0,0,0,0,0,0,0,0,0,0
2026-01-09,Discovery Network,Family Pantry Retention Initiative,Metro Region Conversion Cohort,18477671,Health Conscious Buyers Interest Segment,171067365699204806,Shelf Story Warm Voice,629954501581888905,Brand Awareness,9.50,7415,0,7187,8,0,0,0,0,0,0,0,0,0,0,0,3,4,0,0,0,0,0,0
2026-01-09,Discovery Network,Family Pantry Retention Initiative,Metro Region Conversion Cohort,18477671,Family Planners Affinity Segment,100293396277724664,Shelf Story Warm Voice,930520885667212451,Brand Awareness,23.69,21794,0,19057,32,0,0,0,0,0,0,0,0,0,0,0,8,14,0,0,0,0,0,0
2026-01-09,Influencer Network,Family Pantry Retention Initiative,Metro Region Conversion Cohort,18477671,Family Planners Affinity Segment,770986353523633311,Shelf Story Value Voice,752843406750080266,Brand Awareness,0.26,240,0,243,4,0,0,0,0,0,0,0,0,0,0,0,3,3,0,0,0,0,0,0
2026-01-09,Video Network,Family Pantry Retention Initiative,Metro Region Conversion Cohort,18477671,Family Planners Affinity Segment,770986353523633311,Shelf Story Warm Voice,421314736712001947,Brand Awareness,0,2,0,2,0,0,0,0,0,0,0,0,0,0,0,0,0,0,0,0,0,0,0,0
2026-01-09,Shopping Grid,Family Pantry Retention Initiative,Metro Region Conversion Cohort,18477671,Family Planners Affinity Segment,100293396277724664,Shelf Story Value Voice,166577664068042908,Brand Awareness,5.36,5561,0,6063,8,14,100,36,24,0,15,14,3151,0,0,0,2,130,0,0,0,0,0,0
2026-01-09,Display Network,Family Pantry Retention Initiative,Metro Region Conversion Cohort,18477671,Health Conscious Buyers Interest Segment,171067365699204806,Shelf Story Value Voice,321687425286313000,Brand Awareness,5.34,4704,0,4948,6,0,0,0,0,0,0,0,0,0,0,0,0,2,0,0,0,0,0,0
2026-01-09,Shopping Grid,Family Pantry Retention Initiative,Metro Region Conversion Cohort,18477671,Family Planners Affinity Segment,100293396277724664,Shelf Story Value Voice,660937668011277459,Brand Awareness,11.01,9503,0,10320,26,0,0,0,0,0,0,0,0,0,0,0,7,14,0,0,0,0,0,0
2026-01-09,In-App Display,Family Pantry Retention Initiative,Metro Region Conversion Cohort,18477671,Family Planners Affinity Segment,784123057161988793,Offer Spotlight Bold Voice,883175394939760191,Brand Awareness,0,0,0,0,0,0,0,0,0,0,0,0,0,0,0,0,0,0,0,0,0,0,0,0
2026-01-09,Connected TV,Market Fresh Demand Initiative,Metro Region Conversion Cohort,18477671,Health Conscious Buyers Interest Segment,124565773277715075,Shelf Story Bold Voice,869964160861327165,Brand Awareness,41.48,2382,0,1439,8,100,100,100,100,0,2282,1644,2469,0,0,0,5,1948,0,0,0,0,0,0
2026-01-09,Affiliate Network,Family Pantry Retention Initiative,Metro Region Conversion Cohort,18477671,Family Planners Affinity Segment,125277188151035026,Shelf Story Bold Voice,178129362099850443,Brand Awareness,3.9,319,0,88,1,87,100,100,96,0,345,299,375,0,0,0,1,275,0,0,0,0,0,0
2026-01-09,Retail Media Network,Market Fresh Demand Initiative,East Region Prospecting Cohort,18477671,Bulk Buyers Retention Segment,759784873518168207,Offer Spotlight Value Voice,893603074536992765,Brand Awareness,6.8,1149,0,1327,11,0,0,0,0,0,0,0,0,0,0,0,8,21,0,0,0,0,0,0
2026-01-09,Connected TV,Market Fresh Demand Initiative,East Region Prospecting Cohort,18477671,Health Conscious Buyers Interest Segment,113341108780384935,Offer Spotlight Value Voice,649823679212000078,Brand Awareness,13.76,2871,0,3675,18,0,0,0,0,0,0,0,0,0,0,0,13,57,0,0,0,0,0,0
2026-01-09,Video Network,Market Fresh Demand Initiative,East Region Prospecting Cohort,18477671,Bulk Buyers Interest Segment,115965002159758900,Offer Spotlight Value Voice,378454868513699142,Brand Awareness,25,5507,0,5325,25,0,0,0,0,0,0,0,0,0,0,0,19,104,0,0,0,0,0,0
2026-01-09,Discovery Network,Market Fresh Demand Initiative,East Region Prospecting Cohort,18477671,Bulk Buyers Interest Segment,116646711538038710,Offer Spotlight Value Voice,225327559531258075,Brand Awareness,37.69,7926,0,9275,43,0,0,0,0,0,0,0,0,0,0,0,24,79,0,0,0,0,0,0
2026-01-09,Affiliate Network,Family Pantry Retention Initiative,Metro Region Conversion Cohort,18477671,Health Conscious Buyers Interest Segment,171067365699204806,Shelf Story Value Voice,115406151410266056,Brand Awareness,3.3,3198,0,2787,2,5,34,10,6,0,5,5,1138,0,0,0,0,43,0,0,0,0,0,0
2026-01-09,Marketplace Feed,Market Fresh Demand Initiative,Metro Region Conversion Cohort,18477671,Family Planners Affinity Segment,612788929709901841,Shelf Story Bold Voice,171577266081004315,Brand Awareness,20.74,1895,0,895,2,100,100,100,100,0,1851,1644,1869,0,0,0,1,1675,0,0,0,0,0,0
2026-01-09,Marketplace Feed,Family Pantry Retention Initiative,Metro Region Conversion Cohort,18477671,Health Conscious Buyers Interest Segment,622650849387728916,Offer Spotlight Bold Voice,992051174567982317,Brand Awareness,0,0,0,0,0,0,0,0,0,0,0,0,0,0,0,0,0,0,0,0,0,0,0,0
2026-01-09,Video Network,Family Pantry Retention Initiative,Metro Region Conversion Cohort,18477671,Family Planners Affinity Segment,149887144724681000,Offer Spotlight Bold Voice,270572157543152953,Brand Awareness,0,0,0,0,0,0,0,0,0,0,0,0,0,0,0,0,0,0,0,0,0,0,0,0
2026-01-09,Discovery Network,Family Pantry Retention Initiative,Metro Region Conversion Cohort,18477671,Family Planners Affinity Segment,799162963088066873,Shelf Story Bold Voice,282663983639102234,Brand Awareness,47.60,3996,0,1657,12,100,100,100,100,0,4312,3425,4368,0,0,0,12,3725,0,0,0,0,0,0
2026-01-09,Connected TV,Family Pantry Retention Initiative,Metro Region Conversion Cohort,18477671,Health Conscious Buyers Interest Segment,106087817706882689,Shelf Story Bold Voice,156960195995324945,Brand Awareness,15.66,1464,0,560,2,100,100,100,100,0,1181,1155,1249,0,0,0,2,1098,0,0,0,0,0,0
2026-01-09,Connected TV,Market Fresh Demand Initiative,East Region Prospecting Cohort,18477671,Family Planners Lookalike Segment,862453271414752176,Offer Spotlight Value Voice,124656432132977193,Brand Awareness,26.24,5631,0,5183,16,0,0,0,0,0,0,0,0,0,0,0,9,66,0,0,0,0,0,0
2026-01-09,In-App Display,Family Pantry Retention Initiative,Metro Region Conversion Cohort,18477671,Family Planners Affinity Segment,783559731945721529,Offer Spotlight Bold Voice,157788883751830486,Brand Awareness,0,0,0,0,0,0,0,0,0,0,0,0,0,0,0,0,0,0,0,0,0,0,0,0
2026-01-09,Marketplace Feed,Market Fresh Demand Initiative,East Region Prospecting Cohort,18477671,Family Planners Lookalike Segment,180331228993650732,Offer Spotlight Value Voice,173380044834568593,Brand Awareness,5.2,1067,0,1115,3,0,0,0,0,0,0,0,0,0,0,0,2,11,0,0,0,0,0,0
2026-01-09,Influencer Network,Market Fresh Demand Initiative,Metro Region Conversion Cohort,18477671,Family Planners Affinity Segment,465999239790150181,Shelf Story Bold Voice,104528887095167165,Brand Awareness,1.22,141,0,89,4,91,100,100,99,0,112,96,138,0,0,0,2,130,0,0,0,0,0,0
2026-01-09,Influencer Network,Market Fresh Demand Initiative,East Region Prospecting Cohort,18477671,Health Conscious Buyers Affinity Segment,314520735815714475,Offer Spotlight Value Voice,754330891978759563,Brand Awareness,60.73,12048,0,11696,49,0,0,0,0,0,0,0,0,0,0,0,30,112,0,0,0,0,0,0
2026-01-09,Connected TV,Market Fresh Demand Initiative,East Region Prospecting Cohort,18477671,Health Conscious Buyers Retention Segment,170344401805390184,Offer Spotlight Value Voice,597762905227726353,Brand Awareness,8.22,1696,0,1777,7,0,0,0,0,0,0,0,0,0,0,0,3,31,0,0,0,0,0,0
2026-01-09,Shopping Grid,Market Fresh Demand Initiative,East Region Prospecting Cohort,18477671,Weekend Deal Hunters Interest Segment,113435179789250368,Offer Spotlight Value Voice,658897382637211314,Brand Awareness,26.26,4629,0,4696,26,0,0,0,0,0,0,0,0,0,0,0,14,101,0,0,0,0,0,0
2026-01-09,Connected TV,Market Fresh Demand Initiative,East Region Prospecting Cohort,18477671,Family Planners Lookalike Segment,943649491450571042,Offer Spotlight Value Voice,359799742625191690,Brand Awareness,0.32,45,0,49,0,0,0,0,0,0,0,0,0,0,0,0,0,2,0,0,0,0,0,0
2026-01-08,Search Network,Family Pantry Retention Initiative,Metro Region Conversion Cohort,18477671,Bulk Buyers Retention Segment,164662931141622185,Shelf Story Bold Voice,138737872598852337,Brand Awareness,0,0,0,0,0,0,0,0,0,0,0,0,0,0,0,0,0,0,0,0,0,0,0,0
2026-01-08,Social Feed,Family Pantry Retention Initiative,Metro Region Conversion Cohort,18477671,Family Planners Lookalike Segment,739027743979500178,Offer Spotlight Bold Voice,518079464702389832,Brand Awareness,0,0,0,0,0,0,0,0,0,0,0,0,0,0,0,0,0,0,0,0,0,0,0,0
2026-01-08,Connected TV,Family Pantry Retention Initiative,Metro Region Conversion Cohort,18477671,Family Planners Lookalike Segment,126837841618545883,Offer Spotlight Warm Voice,839832944765218196,Brand Awareness,0,0,0,0,0,0,0,0,0,0,0,0,0,0,0,0,0,0,0,0,0,0,0,0
2026-01-08,Discovery Network,Family Pantry Retention Initiative,Metro Region Conversion Cohort,18477671,Health Conscious Buyers Interest Segment,171067365699204806,Shelf Story Value Voice,321687425286313000,Brand Awareness,24.69,27576,0,32506,77,0,0,0,0,0,0,0,0,0,0,0,69,62,0,0,0,0,0,0
2026-01-08,In-App Display,Family Pantry Retention Initiative,Metro Region Conversion Cohort,18477671,Family Planners Affinity Segment,100293396277724664,Shelf Story Warm Voice,930520885667212451,Brand Awareness,89.88,100372,0,108999,212,0,0,0,0,0,0,0,0,0,0,0,113,115,0,0,0,0,0,0
2026-01-08,Search Network,Family Pantry Retention Initiative,Metro Region Conversion Cohort,18477671,Family Planners Affinity Segment,100293396277724664,Shelf Story Value Voice,660937668011277459,Brand Awareness,61.27,64091,0,60450,163,0,0,0,0,0,0,0,0,0,0,0,103,92,0,0,0,0,0,0
2026-01-08,Connected TV,Family Pantry Retention Initiative,Metro Region Conversion Cohort,18477671,Family Planners Affinity Segment,770986353523633311,Shelf Story Warm Voice,421314736712001947,Brand Awareness,0.24,260,0,344,1,0,0,0,0,0,0,0,0,0,0,0,1,1,0,0,0,0,0,0
2026-01-08,Video Network,Family Pantry Retention Initiative,Metro Region Conversion Cohort,18477671,Family Planners Affinity Segment,783559731945721529,Offer Spotlight Bold Voice,157788883751830486,Brand Awareness,62.50,25692,0,20777,964,0,0,0,0,0,0,0,0,2,0,2,544,544,0,0,0,0,0,0
2026-01-08,Affiliate Network,Family Pantry Retention Initiative,Metro Region Conversion Cohort,18477671,Family Planners Affinity Segment,149887144724681000,Offer Spotlight Bold Voice,270572157543152953,Brand Awareness,1.39,675,0,709,28,0,0,0,0,0,0,0,0,0,0,0,14,17,0,0,0,0,0,0
2026-01-08,Video Network,Market Fresh Demand Initiative,Metro Region Conversion Cohort,18477671,Family Planners Affinity Segment,465999239790150181,Shelf Story Bold Voice,104528887095167165,Brand Awareness,6.06,533,0,210,0,100,100,100,100,0,471,489,555,0,0,0,0,492,0,0,0,0,0,0
2026-01-08,Video Network,Family Pantry Retention Initiative,Metro Region Conversion Cohort,18477671,Family Planners Affinity Segment,770986353523633311,Shelf Story Value Voice,752843406750080266,Brand Awareness,1.54,1668,0,1788,4,0,0,0,0,0,0,0,0,0,0,0,2,2,0,0,0,0,0,0
2026-01-08,Video Network,Market Fresh Demand Initiative,Metro Region Conversion Cohort,18477671,Health Conscious Buyers Interest Segment,124565773277715075,Shelf Story Bold Voice,869964160861327165,Brand Awareness,197.43,14304,0,8421,33,100,100,100,100,0,12110,10965,16642,0,0,0,25,12525,0,0,0,0,0,0
2026-01-08,Shopping Grid,Family Pantry Retention Initiative,Metro Region Conversion Cohort,18477671,Health Conscious Buyers Interest Segment,171067365699204806,Shelf Story Warm Voice,629954501581888905,Brand Awareness,30.51,28315,0,23640,38,0,0,0,0,0,0,0,0,0,0,0,13,19,0,0,0,0,0,0
2026-01-08,Video Network,Family Pantry Retention Initiative,Metro Region Conversion Cohort,18477671,Family Planners Affinity Segment,100293396277724664,Shelf Story Value Voice,166577664068042908,Brand Awareness,26.44,27308,0,23810,52,40,100,100,58,0,44,34,9105,0,0,0,30,399,0,0,0,0,0,0
2026-01-08,Marketplace Feed,Family Pantry Retention Initiative,Metro Region Conversion Cohort,18477671,Family Planners Affinity Segment,125277188151035026,Shelf Story Bold Voice,178129362099850443,Brand Awareness,14.13,1402,0,166,5,100,100,100,100,0,1381,1246,1515,0,0,0,3,1271,0,0,0,0,0,0
2026-01-08,Marketplace Feed,Family Pantry Retention Initiative,Metro Region Conversion Cohort,18477671,Health Conscious Buyers Interest Segment,171067365699204806,Shelf Story Value Voice,115406151410266056,Brand Awareness,14.7,14908,0,14141,24,9,100,28,16,0,8,7,3366,0,0,0,15,113,0,0,0,0,0,0
2026-01-08,Discovery Network,Family Pantry Retention Initiative,Metro Region Conversion Cohort,18477671,Health Conscious Buyers Interest Segment,133681468912350193,Offer Spotlight Bold Voice,175578546332617752,Brand Awareness,19.43,2480,0,2595,108,0,0,0,0,0,0,0,0,0,0,0,60,57,0,0,0,0,0,0
2026-01-08,Display Network,Family Pantry Retention Initiative,Metro Region Conversion Cohort,18477671,Family Planners Affinity Segment,158046473218924179,Offer Spotlight Bold Voice,139879902910788097,Brand Awareness,7.81,581,0,503,68,0,0,0,0,0,0,0,0,0,0,0,42,43,0,0,0,0,0,0
2026-01-08,Marketplace Feed,Family Pantry Retention Initiative,Metro Region Conversion Cohort,18477671,Family Planners Affinity Segment,799162963088066873,Shelf Story Bold Voice,282663983639102234,Brand Awareness,239.1,21607,0,5439,71,100,100,100,100,0,20767,18002,20671,0,0,0,53,21353,0,0,0,0,0,0
2026-01-08,Influencer Network,Family Pantry Retention Initiative,Metro Region Conversion Cohort,18477671,Bulk Buyers Retention Segment,367857699981798513,Shelf Story Bold Voice,142521005183537463,Brand Awareness,0,0,0,0,0,0,0,0,0,0,0,0,0,0,0,0,0,0,0,0,0,0,0,0
2026-01-08,Shopping Grid,Family Pantry Retention Initiative,Metro Region Conversion Cohort,18477671,Health Conscious Buyers Interest Segment,622650849387728916,Offer Spotlight Bold Voice,992051174567982317,Brand Awareness,24.14,10268,0,9137,458,0,0,0,0,0,0,0,0,1,0,0,207,211,0,0,0,0,0,0
2026-01-08,Shopping Grid,Family Pantry Retention Initiative,Metro Region Conversion Cohort,18477671,Family Planners Affinity Segment,784123057161988793,Offer Spotlight Bold Voice,883175394939760191,Brand Awareness,71.70,10290,0,8667,341,0,0,0,0,0,0,0,0,0,0,1,144,150,0,0,0,0,0,0
2026-01-08,Affiliate Network,Family Pantry Retention Initiative,Metro Region Conversion Cohort,18477671,Health Conscious Buyers Interest Segment,106087817706882689,Shelf Story Bold Voice,156960195995324945,Brand Awareness,74.86,6347,0,2052,23,100,100,100,100,0,6822,5734,6322,0,0,0,16,6414,0,0,0,0,0,0
2026-01-08,In-App Display,Market Fresh Demand Initiative,Metro Region Conversion Cohort,18477671,Family Planners Affinity Segment,612788929709901841,Shelf Story Bold Voice,171577266081004315,Brand Awareness,147.22,13961,0,6453,19,100,100,100,100,0,12424,11265,13387,0,0,0,15,11366,0,0,0,0,0,0
2026-01-07,Display Network,Family Pantry Retention Initiative,Metro Region Conversion Cohort,18477671,Health Conscious Buyers Interest Segment,519314010090066247,Shelf Story Bold Voice,178596048054700442,Brand Awareness,0,0,0,0,0,0,0,0,0,0,0,0,0,0,0,0,0,0,0,0,0,0,0,0
2026-01-07,Influencer Network,Family Pantry Retention Initiative,Metro Region Conversion Cohort,18477671,Weekend Deal Hunters Interest Segment,260493498318346319,Shelf Story Bold Voice,171734025760230561,Brand Awareness,0,0,0,0,0,0,0,0,0,0,0,0,0,0,0,0,0,0,0,0,0,0,0,0
2026-01-07,Display Network,Family Pantry Retention Initiative,Metro Region Conversion Cohort,18477671,Bulk Buyers Retention Segment,164662931141622185,Shelf Story Bold Voice,138737872598852337,Brand Awareness,0,0,0,0,0,0,0,0,0,0,0,0,0,0,0,0,0,0,0,0,0,0,0,0
2026-01-07,In-App Display,Family Pantry Retention Initiative,Metro Region Conversion Cohort,18477671,Weekend Deal Hunters Interest Segment,496427809031885243,Shelf Story Bold Voice,140530762595910085,Brand Awareness,0,0,0,0,0,0,0,0,0,0,0,0,0,0,0,0,0,0,0,0,0,0,0,0
2026-01-07,Shopping Grid,Family Pantry Retention Initiative,Metro Region Conversion Cohort,18477671,Family Planners Affinity Segment,100293396277724664,Shelf Story Value Voice,166577664068042908,Brand Awareness,19.84,22103,0,23171,44,43,100,95,66,0,46,40,11365,0,0,0,5,335,0,0,0,0,0,0
2026-01-07,Retail Media Network,Family Pantry Retention Initiative,Metro Region Conversion Cohort,18477671,Family Planners Affinity Segment,770986353523633311,Shelf Story Value Voice,168450191617090987,Brand Awareness,0,16,0,15,0,0,0,0,0,0,0,0,3,0,0,0,0,0,0,0,0,0,0,0
2026-01-07,Retail Media Network,Family Pantry Retention Initiative,Metro Region Conversion Cohort,18477671,Family Planners Affinity Segment,100293396277724664,Shelf Story Warm Voice,930520885667212451,Brand Awareness,82.04,91496,0,81789,130,0,0,0,0,0,0,0,0,0,0,1,35,49,0,0,0,0,0,0
2026-01-07,Affiliate Network,Market Fresh Demand Initiative,Metro Region Conversion Cohort,18477671,Health Conscious Buyers Interest Segment,124565773277715075,Shelf Story Bold Voice,869964160861327165,Brand Awareness,171.07,19512,0,11270,26,100,100,100,100,0,14305,14095,20006,0,0,0,19,17858,0,0,0,0,0,0
2026-01-07,Discovery Network,Family Pantry Retention Initiative,Metro Region Conversion Cohort,18477671,Family Planners Affinity Segment,125277188151035026,Shelf Story Bold Voice,178129362099850443,Brand Awareness,17.63,1811,0,657,17,100,100,100,100,0,1453,1240,1645,0,0,0,6,1393,0,0,0,0,0,0
2026-01-07,In-App Display,Market Fresh Demand Initiative,Metro Region Conversion Cohort,18477671,Family Planners Affinity Segment,612788929709901841,Shelf Story Bold Voice,171577266081004315,Brand Awareness,241.69,29794,0,20655,25,100,100,100,100,0,19394,20916,31557,0,0,0,23,27068,0,0,0,0,0,0
2026-01-07,Affiliate Network,Family Pantry Retention Initiative,Metro Region Conversion Cohort,18477671,Family Planners Affinity Segment,100293396277724664,Shelf Story Value Voice,660937668011277459,Brand Awareness,49.40,50541,0,49661,48,0,0,0,0,0,0,0,0,0,0,1,13,21,0,0,0,0,0,0
2026-01-07,Retail Media Network,Family Pantry Retention Initiative,Metro Region Conversion Cohort,18477671,Family Planners Affinity Segment,770986353523633311,Shelf Story Value Voice,752843406750080266,Brand Awareness,1.32,1152,0,1009,0,0,0,0,0,0,0,0,0,0,0,0,0,0,0,0,0,0,0,0
2026-01-07,Marketplace Feed,Family Pantry Retention Initiative,Metro Region Conversion Cohort,18477671,Family Planners Affinity Segment,770986353523633311,Shelf Story Warm Voice,421314736712001947,Brand Awareness,0.66,683,0,744,2,0,0,0,0,0,0,0,0,0,0,0,0,1,0,0,0,0,0,0
2026-01-07,Search Network,Family Pantry Retention Initiative,Metro Region Conversion Cohort,18477671,Health Conscious Buyers Interest Segment,171067365699204806,Shelf Story Value Voice,115406151410266056,Brand Awareness,14.10,12676,0,12234,23,23,100,53,26,0,22,21,4780,0,0,0,6,159,0,0,0,0,0,0
2026-01-07,Affiliate Network,Market Fresh Demand Initiative,Metro Region Conversion Cohort,18477671,Family Planners Affinity Segment,465999239790150181,Shelf Story Bold Voice,104528887095167165,Brand Awareness,6.19,944,0,635,8,100,100,100,100,0,566,457,987,0,0,0,5,696,0,0,0,0,0,0
2026-01-07,In-App Display,Family Pantry Retention Initiative,Metro Region Conversion Cohort,18477671,Family Planners Affinity Segment,799162963088066873,Shelf Story Bold Voice,282663983639102234,Brand Awareness,296.40,32838,0,11412,158,100,100,100,100,0,26980,27405,30716,0,0,0,97,30272,0,0,0,0,0,0
2026-01-07,Connected TV,Family Pantry Retention Initiative,Metro Region Conversion Cohort,18477671,Health Conscious Buyers Interest Segment,106087817706882689,Shelf Story Bold Voice,156960195995324945,Brand Awareness,56.20,6680,0,2953,44,100,100,100,100,0,4966,4406,6847,1,0,0,29,5488,0,0,0,0,0,0
2026-01-07,Affiliate Network,Home Essentials Scale Initiative,Metro Region Conversion Cohort,18477671,Family Planners Lookalike Segment,172862243001651960,Shelf Story Warm Voice,162278144377995576,Brand Awareness,0,0,0,0,0,0,0,0,0,0,0,0,0,0,0,0,0,0,0,0,0,0,0,0
2026-01-07,Display Network,Home Essentials Scale Initiative,Metro Region Conversion Cohort,18477671,Health Conscious Buyers Interest Segment,468593796457578734,Shelf Story Warm Voice,657777171135369023,Brand Awareness,0,0,0,0,0,0,0,0,0,0,0,0,0,0,0,0,0,0,0,0,0,0,0,0
2026-01-07,Discovery Network,Home Essentials Scale Initiative,Metro Region Conversion Cohort,18477671,Family Planners Affinity Segment,360862371108089718,Shelf Story Warm Voice,177322968836685303,Brand Awareness,0,0,0,0,0,0,0,0,0,0,0,0,0,0,0,0,0,0,0,0,0,0,0,0
2026-01-07,In-App Display,Family Pantry Retention Initiative,Metro Region Conversion Cohort,18477671,Family Planners Lookalike Segment,116436006171459970,Shelf Story Bold Voice,150993434322385050,Brand Awareness,0,0,0,0,0,0,0,0,0,0,0,0,0,0,0,0,0,0,0,0,0,0,0,0
2026-01-07,Retail Media Network,Family Pantry Retention Initiative,Metro Region Conversion Cohort,18477671,Health Conscious Buyers Interest Segment,171067365699204806,Shelf Story Warm Voice,629954501581888905,Brand Awareness,45.04,47856,0,45831,67,0,0,0,0,0,0,0,0,0,0,1,26,35,0,0,0,0,0,0
2026-01-07,Influencer Network,Family Pantry Retention Initiative,Metro Region Conversion Cohort,18477671,Health Conscious Buyers Interest Segment,171067365699204806,Shelf Story Value Voice,321687425286313000,Brand Awareness,21.84,18520,0,18163,32,0,0,0,0,0,0,0,0,0,0,0,13,18,0,0,0,0,0,0
2026-01-06,Display Network,Family Pantry Retention Initiative,Metro Region Conversion Cohort,18477671,Bulk Buyers Retention Segment,656839601198278057,Shelf Story Bold Voice,164051805126120044,Brand Awareness,19.84,842,0,823,2,9,96,26,15,0,9,10,332,0,0,0,1,69,0,0,0,0,0,0
2026-01-06,Affiliate Network,Family Pantry Retention Initiative,Metro Region Conversion Cohort,18477671,Family Planners Affinity Segment,770986353523633311,Shelf Story Value Voice,168450191617090987,Brand Awareness,0.47,632,0,713,3,3,23,6,3,0,3,2,229,0,0,0,2,21,0,0,0,0,0,0
2026-01-06,Influencer Network,Family Pantry Retention Initiative,Metro Region Conversion Cohort,18477671,Health Conscious Buyers Interest Segment,118969475996606060,Shelf Story Bold Voice,320099126124012027,Brand Awareness,0.35,59,0,60,0,0,0,0,0,0,0,0,28,0,0,0,0,4,0,0,0,0,0,0
2026-01-06,Affiliate Network,Family Pantry Retention Initiative,Metro Region Conversion Cohort,18477671,Family Planners Affinity Segment,100293396277724664,Shelf Story Warm Voice,930520885667212451,Brand Awareness,82.69,97647,0,100073,138,0,0,0,0,0,0,0,0,0,0,0,38,64,0,0,0,0,0,0
2026-01-06,Shopping Grid,Family Pantry Retention Initiative,Metro Region Conversion Cohort,18477671,Family Planners Affinity Segment,770986353523633311,Shelf Story Value Voice,752843406750080266,Brand Awareness,1.12,1511,0,1321,7,0,0,0,0,0,0,0,0,0,0,0,4,3,0,0,0,0,0,0
2026-01-06,Video Network,Family Pantry Retention Initiative,Metro Region Conversion Cohort,18477671,Health Conscious Buyers Interest Segment,171067365699204806,Shelf Story Value Voice,115406151410266056,Brand Awareness,11.87,12823,0,13122,15,24,100,67,30,0,25,19,3212,0,0,0,5,200,0,0,0,0,0,0
2026-01-06,Social Feed,Home Essentials Scale Initiative,Metro Region Conversion Cohort,18477671,Health Conscious Buyers Interest Segment,468593796457578734,Shelf Story Warm Voice,657777171135369023,Brand Awareness,0,0,0,0,0,0,0,0,0,0,0,0,0,0,0,0,0,0,0,0,0,0,0,0
2026-01-06,Discovery Network,Family Pantry Retention Initiative,Metro Region Conversion Cohort,18477671,Health Conscious Buyers Interest Segment,484565638659876269,Shelf Story Bold Voice,557233186040967150,Brand Awareness,22.4,820,0,741,0,9,70,25,18,0,9,8,239,0,0,0,0,87,0,0,0,0,0,0
2026-01-06,Search Network,Family Pantry Retention Initiative,Metro Region Conversion Cohort,18477671,Health Conscious Buyers Interest Segment,220561641283633189,Shelf Story Warm Voice,150654940873089355,Brand Awareness,0,0,0,0,0,0,0,0,0,0,0,0,0,0,0,0,0,0,0,0,0,0,0,0
2026-01-06,Retail Media Network,Family Pantry Retention Initiative,Metro Region Conversion Cohort,18477671,Health Conscious Buyers Interest Segment,267887027677283643,Offer Spotlight Warm Voice,109037851486770964,Brand Awareness,0,0,0,0,0,0,0,0,0,0,0,0,0,0,0,0,0,0,0,0,0,0,0,0
2026-01-06,Affiliate Network,Family Pantry Retention Initiative,Metro Region Conversion Cohort,18477671,Health Conscious Buyers Interest Segment,171067365699204806,Shelf Story Warm Voice,629954501581888905,Brand Awareness,50.66,46450,0,49468,97,0,0,0,0,0,0,0,0,0,0,0,34,39,0,0,0,0,0,0
2026-01-06,Marketplace Feed,Family Pantry Retention Initiative,Metro Region Conversion Cohort,18477671,Bulk Buyers Retention Segment,367857699981798513,Shelf Story Bold Voice,142521005183537463,Brand Awareness,22.56,944,0,843,0,8,66,16,10,0,8,7,359,0,0,0,0,76,0,0,0,0,0,0
2026-01-06,Shopping Grid,Family Pantry Retention Initiative,Metro Region Conversion Cohort,18477671,Family Planners Lookalike Segment,745644114522161747,Shelf Story Bold Voice,175786646117726859,Brand Awareness,8.0,420,0,448,0,9,45,17,8,0,7,7,244,0,0,0,0,43,0,0,0,0,0,0
2026-01-06,Connected TV,Family Pantry Retention Initiative,Metro Region Conversion Cohort,18477671,Family Planners Lookalike Segment,116436006171459970,Shelf Story Bold Voice,150993434322385050,Brand Awareness,28.01,1721,0,1552,3,27,100,51,38,0,26,25,744,0,0,0,1,119,0,0,0,0,0,0
2026-01-06,Discovery Network,Family Pantry Retention Initiative,Metro Region Conversion Cohort,18477671,Weekend Deal Hunters Interest Segment,496427809031885243,Shelf Story Bold Voice,140530762595910085,Brand Awareness,37.90,6190,0,6998,22,8,35,11,11,0,51,43,3161,0,0,0,14,487,0,0,0,0,0,0
2026-01-06,Discovery Network,Family Pantry Retention Initiative,Metro Region Conversion Cohort,18477671,Health Conscious Buyers Interest Segment,610300177999551446,Shelf Story Bold Voice,764412509130932481,Brand Awareness,0.59,80,0,92,0,0,0,0,0,0,0,0,28,0,0,0,0,8,0,0,0,0,0,0
2026-01-06,Shopping Grid,Family Pantry Retention Initiative,Metro Region Conversion Cohort,18477671,Health Conscious Buyers Interest Segment,606642112244807031,Shelf Story Bold Voice,160888306141604538,Brand Awareness,18.1,2443,0,2588,9,2,9,2,2,0,13,12,1019,0,0,0,3,214,0,0,0,0,0,0
2026-01-06,Search Network,Family Pantry Retention Initiative,Metro Region Conversion Cohort,18477671,Family Planners Lookalike Segment,844640875666824927,Shelf Story Bold Voice,799546331335539295,Brand Awareness,5.01,223,0,192,1,4,26,8,4,0,4,3,83,0,0,0,1,22,0,0,0,0,0,0
2026-01-06,Affiliate Network,Family Pantry Retention Initiative,Metro Region Conversion Cohort,18477671,Health Conscious Buyers Interest Segment,171067365699204806,Shelf Story Value Voice,321687425286313000,Brand Awareness,24.61,22087,0,26650,33,0,0,0,0,0,0,0,0,0,0,0,10,16,0,0,0,0,0,0
2026-01-06,Shopping Grid,Family Pantry Retention Initiative,Metro Region Conversion Cohort,18477671,Family Planners Lookalike Segment,119697453438730157,Shelf Story Bold Voice,149023545310978699,Brand Awareness,24.71,4437,0,4439,10,3,20,4,3,0,37,34,1791,0,0,0,7,332,0,0,0,0,0,0
2026-01-06,Influencer Network,Family Pantry Retention Initiative,Metro Region Conversion Cohort,18477671,Weekend Deal Hunters Interest Segment,260493498318346319,Shelf Story Bold Voice,171734025760230561,Brand Awareness,133.03,7853,0,6091,26,100,100,100,100,0,110,97,2889,0,0,0,19,614,0,0,0,0,0,0
2026-01-06,Influencer Network,Home Essentials Scale Initiative,Metro Region Conversion Cohort,18477671,Health Conscious Buyers Interest Segment,119723108785093444,Shelf Story Warm Voice,137986148325162119,Brand Awareness,0,0,0,0,0,0,0,0,0,0,0,0,0,0,0,0,0,0,0,0,0,0,0,0
2026-01-06,Discovery Network,Home Essentials Scale Initiative,Metro Region Conversion Cohort,18477671,Family Planners Lookalike Segment,172862243001651960,Shelf Story Warm Voice,162278144377995576,Brand Awareness,0,0,0,0,0,0,0,0,0,0,0,0,0,0,0,0,0,0,0,0,0,0,0,0
2026-01-06,Affiliate Network,Family Pantry Retention Initiative,Metro Region Conversion Cohort,18477671,Family Planners Affinity Segment,100293396277724664,Shelf Story Value Voice,660937668011277459,Brand Awareness,38.05,36584,0,41891,78,0,0,0,0,0,0,0,0,0,0,1,30,39,0,0,0,0,0,0
2026-01-06,Display Network,Family Pantry Retention Initiative,Metro Region Conversion Cohort,18477671,Family Planners Affinity Segment,770986353523633311,Shelf Story Warm Voice,421314736712001947,Brand Awareness,2.52,3092,0,3329,6,0,0,0,0,0,0,0,0,0,0,0,1,2,0,0,0,0,0,0
2026-01-06,Affiliate Network,Family Pantry Retention Initiative,Metro Region Conversion Cohort,18477671,Bulk Buyers Retention Segment,164662931141622185,Shelf Story Bold Voice,138737872598852337,Brand Awareness,348.09,61085,0,49445,140,49,100,97,54,0,418,431,33832,0,0,0,72,4768,0,0,0,0,0,0
2026-01-06,In-App Display,Family Pantry Retention Initiative,Metro Region Conversion Cohort,18477671,Family Planners Lookalike Segment,145603078514236031,Shelf Story Bold Voice,692750520015857334,Brand Awareness,0.08,12,0,14,0,0,1,0,0,0,1,1,6,0,0,0,0,2,0,0,0,0,0,0
2026-01-06,Retail Media Network,Family Pantry Retention Initiative,Metro Region Conversion Cohort,18477671,Family Planners Lookalike Segment,155591886868258412,Shelf Story Bold Voice,174015045012638184,Brand Awareness,0.53,80,0,74,0,0,0,0,0,0,0,0,34,0,0,0,0,6,0,0,0,0,0,0
2026-01-06,Marketplace Feed,Family Pantry Retention Initiative,Metro Region Conversion Cohort,18477671,Bulk Buyers Retention Segment,159821995032741214,Shelf Story Bold Voice,157724919765110110,Brand Awareness,5.21,865,0,784,0,1,2,2,1,0,3,3,323,0,0,0,0,58,0,0,0,0,0,0
2026-01-06,Connected TV,Family Pantry Retention Initiative,Metro Region Conversion Cohort,18477671,Health Conscious Buyers Interest Segment,118414613915702118,Shelf Story Bold Voice,120390984445482241,Brand Awareness,27.24,781,0,732,0,12,78,26,15,0,13,13,338,0,0,0,0,89,0,0,0,0,0,0
2026-01-06,Influencer Network,Family Pantry Retention Initiative,Metro Region Conversion Cohort,18477671,Family Planners Affinity Segment,100293396277724664,Shelf Story Value Voice,166577664068042908,Brand Awareness,15.96,22216,0,22675,26,38,100,100,49,0,46,39,7527,0,0,0,7,335,0,0,0,0,0,0
2026-01-06,In-App Display,Family Pantry Retention Initiative,Metro Region Conversion Cohort,18477671,Family Planners Lookalike Segment,585178825050595346,Collection Showcase Warm Voice,733623094749635618,Brand Awareness,0,0,0,0,0,0,0,0,0,0,0,0,0,0,0,0,0,0,0,0,0,0,0,0
2026-01-06,Video Network,Family Pantry Retention Initiative,Metro Region Conversion Cohort,18477671,Family Planners Lookalike Segment,126837841618545883,Offer Spotlight Warm Voice,839832944765218196,Brand Awareness,0,0,0,0,0,0,0,0,0,0,0,0,0,0,0,0,0,0,0,0,0,0,0,0
2026-01-06,Retail Media Network,Family Pantry Retention Initiative,Metro Region Conversion Cohort,18477671,Health Conscious Buyers Interest Segment,836275645224550986,Offer Spotlight Bold Voice,133485490505065358,Brand Awareness,0,0,0,0,0,0,0,0,0,0,0,0,0,0,0,0,0,0,0,0,0,0,0,0
2026-01-06,Search Network,Family Pantry Retention Initiative,Metro Region Conversion Cohort,18477671,Family Planners Lookalike Segment,934395244486917037,Shelf Story Warm Voice,159289840919920962,Brand Awareness,0,0,0,0,0,0,0,0,0,0,0,0,0,0,0,0,0,0,0,0,0,0,0,0
2026-01-06,Shopping Grid,Home Essentials Scale Initiative,Metro Region Conversion Cohort,18477671,Family Planners Lookalike Segment,645169988550303069,Shelf Story Warm Voice,295917505532035788,Brand Awareness,0,0,0,0,0,0,0,0,0,0,0,0,0,0,0,0,0,0,0,0,0,0,0,0
2026-01-06,Influencer Network,Family Pantry Retention Initiative,Metro Region Conversion Cohort,18477671,Health Conscious Buyers Interest Segment,519314010090066247,Shelf Story Bold Voice,178596048054700442,Brand Awareness,229.96,17068,0,15154,36,100,100,100,100,0,224,200,10127,0,0,0,17,1167,0,0,0,0,0,0
2026-01-05,Display Network,Family Pantry Retention Initiative,Metro Region Conversion Cohort,18477671,Family Planners Affinity Segment,169582818115771050,Shelf Story Warm Voice,852198325275816334,Brand Awareness,0,0,0,0,0,0,0,0,0,0,0,0,0,0,0,0,0,0,0,0,0,0,0,0
2026-01-05,In-App Display,Home Essentials Scale Initiative,Metro Region Conversion Cohort,18477671,Family Planners Lookalike Segment,172862243001651960,Shelf Story Warm Voice,162278144377995576,Brand Awareness,0,0,0,0,0,0,0,0,0,0,0,0,0,0,0,0,0,0,0,0,0,0,0,0
2026-01-05,Connected TV,Family Pantry Retention Initiative,Metro Region Conversion Cohort,18477671,Health Conscious Buyers Interest Segment,118969475996606060,Shelf Story Bold Voice,320099126124012027,Brand Awareness,0.17,18,0,23,0,0,0,0,0,0,0,0,11,0,0,0,0,0,0,0,0,0,0,0
2026-01-05,Search Network,Family Pantry Retention Initiative,Metro Region Conversion Cohort,18477671,Family Planners Lookalike Segment,155591886868258412,Shelf Story Bold Voice,174015045012638184,Brand Awareness,0.28,52,0,55,0,0,0,0,0,0,0,0,28,0,0,0,0,3,0,0,0,0,0,0
2026-01-05,Social Feed,Family Pantry Retention Initiative,Metro Region Conversion Cohort,18477671,Family Planners Lookalike Segment,844640875666824927,Shelf Story Bold Voice,799546331335539295,Brand Awareness,2.62,124,0,112,0,1,17,4,2,0,1,1,45,0,0,0,0,8,0,0,0,0,0,0
2026-01-05,Affiliate Network,Family Pantry Retention Initiative,Metro Region Conversion Cohort,18477671,Bulk Buyers Retention Segment,164662931141622185,Shelf Story Bold Voice,138737872598852337,Brand Awareness,361.62,80742,0,72658,238,61,100,100,73,0,537,490,44769,0,0,0,124,6917,0,0,0,0,0,0
2026-01-05,Display Network,Family Pantry Retention Initiative,Metro Region Conversion Cohort,18477671,Family Planners Affinity Segment,317948738073493777,Offer Spotlight Warm Voice,142249633673610317,Brand Awareness,0.62,554,0,582,1,3,27,7,4,0,6,6,497,0,0,0,0,69,0,0,0,0,0,0
2026-01-05,In-App Display,Family Pantry Retention Initiative,Metro Region Conversion Cohort,18477671,Family Planners Lookalike Segment,126837841618545883,Offer Spotlight Warm Voice,839832944765218196,Brand Awareness,129.28,134637,0,157675,252,100,100,100,100,0,996,939,132855,0,0,0,23,10147,0,0,0,0,0,0
2026-01-05,Social Feed,Family Pantry Retention Initiative,Metro Region Conversion Cohort,18477671,Family Planners Lookalike Segment,702884156020730589,Shelf Story Warm Voice,144618118500234108,Brand Awareness,0,0,0,0,0,0,0,0,0,0,0,0,0,0,0,0,0,0,0,0,0,0,0,0
2026-01-05,Affiliate Network,Family Pantry Retention Initiative,Metro Region Conversion Cohort,18477671,Weekend Deal Hunters Interest Segment,496427809031885243,Shelf Story Bold Voice,140530762595910085,Brand Awareness,16.57,4016,0,3924,11,3,11,5,4,0,25,24,2095,0,0,0,8,262,0,0,0,0,0,0
2026-01-05,Influencer Network,Family Pantry Retention Initiative,Metro Region Conversion Cohort,18477671,Health Conscious Buyers Interest Segment,606642112244807031,Shelf Story Bold Voice,160888306141604538,Brand Awareness,10.7,1584,0,1750,4,1,8,1,1,0,13,11,917,0,0,0,1,158,0,0,0,0,0,0
2026-01-05,In-App Display,Family Pantry Retention Initiative,Metro Region Conversion Cohort,18477671,Bulk Buyers Retention Segment,367857699981798513,Shelf Story Bold Voice,142521005183537463,Brand Awareness,24.25,1079,0,994,2,18,90,37,27,0,18,17,449,0,0,0,0,106,0,0,0,0,0,0
2026-01-05,Influencer Network,Family Pantry Retention Initiative,Metro Region Conversion Cohort,18477671,Family Planners Lookalike Segment,745644114522161747,Shelf Story Bold Voice,175786646117726859,Brand Awareness,20.95,1077,0,1135,5,21,100,52,28,0,21,18,495,0,0,0,4,119,0,0,0,0,0,0
2026-01-05,Affiliate Network,Family Pantry Retention Initiative,Metro Region Conversion Cohort,18477671,Health Conscious Buyers Interest Segment,484565638659876269,Shelf Story Bold Voice,557233186040967150,Brand Awareness,9.45,346,0,348,0,5,36,12,6,0,6,5,149,0,0,0,0,49,0,0,0,0,0,0
2026-01-05,Retail Media Network,Family Pantry Retention Initiative,Metro Region Conversion Cohort,18477671,Bulk Buyers Retention Segment,656839601198278057,Shelf Story Bold Voice,164051805126120044,Brand Awareness,24.72,896,0,1003,1,15,69,27,16,0,13,11,328,0,0,0,0,88,0,0,0,0,0,0
2026-01-05,Display Network,Family Pantry Retention Initiative,Metro Region Conversion Cohort,18477671,Weekend Deal Hunters Interest Segment,260493498318346319,Shelf Story Bold Voice,171734025760230561,Brand Awareness,95.1,3873,0,3799,14,56,100,100,68,0,50,51,1728,1,0,0,7,365,0,0,0,0,0,0
2026-01-05,Influencer Network,Family Pantry Retention Initiative,Metro Region Conversion Cohort,18477671,Health Conscious Buyers Interest Segment,118414613915702118,Shelf Story Bold Voice,120390984445482241,Brand Awareness,6.46,166,0,180,0,1,14,3,2,0,1,1,75,0,0,0,0,22,0,0,0,0,0,0
2026-01-05,Shopping Grid,Family Pantry Retention Initiative,Metro Region Conversion Cohort,18477671,Family Planners Lookalike Segment,145603078514236031,Shelf Story Bold Voice,692750520015857334,Brand Awareness,0.14,37,0,35,0,0,0,0,0,0,0,0,9,0,0,0,0,2,0,0,0,0,0,0
2026-01-05,Social Feed,Home Essentials Scale Initiative,Metro Region Conversion Cohort,18477671,Family Planners Lookalike Segment,645169988550303069,Shelf Story Warm Voice,295917505532035788,Brand Awareness,0,0,0,0,0,0,0,0,0,0,0,0,0,0,0,0,0,0,0,0,0,0,0,0
2026-01-05,Discovery Network,Family Pantry Retention Initiative,Metro Region Conversion Cohort,18477671,Family Planners Lookalike Segment,119697453438730157,Shelf Story Bold Voice,149023545310978699,Brand Awareness,13.86,3416,0,3713,9,3,14,2,2,0,25,19,1844,0,0,0,7,273,0,0,0,0,0,0
2026-01-05,Influencer Network,Home Essentials Scale Initiative,Metro Region Conversion Cohort,18477671,Health Conscious Buyers Interest Segment,119723108785093444,Shelf Story Warm Voice,137986148325162119,Brand Awareness,0,0,0,0,0,0,0,0,0,0,0,0,0,0,0,0,0,0,0,0,0,0,0,0
2026-01-05,Display Network,Family Pantry Retention Initiative,Metro Region Conversion Cohort,18477671,Family Planners Lookalike Segment,934395244486917037,Shelf Story Warm Voice,159289840919920962,Brand Awareness,0,0,0,0,0,0,0,0,0,0,0,0,0,0,0,0,0,0,0,0,0,0,0,0
2026-01-05,Marketplace Feed,Family Pantry Retention Initiative,Metro Region Conversion Cohort,18477671,Bulk Buyers Retention Segment,159821995032741214,Shelf Story Bold Voice,157724919765110110,Brand Awareness,2.94,484,0,586,1,0,2,2,1,0,4,3,265,0,0,0,0,40,0,0,0,0,0,0
2026-01-05,Connected TV,Family Pantry Retention Initiative,Metro Region Conversion Cohort,18477671,Health Conscious Buyers Interest Segment,610300177999551446,Shelf Story Bold Voice,764412509130932481,Brand Awareness,0.1,22,0,28,0,0,0,0,0,0,0,0,9,0,0,0,0,2,0,0,0,0,0,0
2026-01-05,Video Network,Family Pantry Retention Initiative,Metro Region Conversion Cohort,18477671,Family Planners Lookalike Segment,116436006171459970,Shelf Story Bold Voice,150993434322385050,Brand Awareness,24.61,1107,0,982,5,14,100,41,17,0,15,14,469,0,0,0,2,113,0,0,0,0,0,0
2026-01-05,Discovery Network,Family Pantry Retention Initiative,Metro Region Conversion Cohort,18477671,Health Conscious Buyers Interest Segment,519314010090066247,Shelf Story Bold Voice,178596048054700442,Brand Awareness,223.8,18078,0,14562,33,100,100,100,100,0,233,209,8628,2,0,0,14,1101,0,0,0,0,0,0
2026-01-05,Discovery Network,Family Pantry Retention Initiative,Metro Region Conversion Cohort,18477671,Health Conscious Buyers Interest Segment,267887027677283643,Offer Spotlight Warm Voice,109037851486770964,Brand Awareness,89.78,67421,0,82113,145,100,100,100,100,0,537,454,74386,0,0,0,9,6630,0,0,0,0,0,0
2026-01-05,Shopping Grid,Family Pantry Retention Initiative,Metro Region Conversion Cohort,18477671,Family Planners Lookalike Segment,585178825050595346,Collection Showcase Warm Voice,733623094749635618,Brand Awareness,0,0,0,0,0,0,0,0,0,0,0,0,0,0,0,0,0,0,0,0,0,0,0,0
2026-01-05,Discovery Network,Family Pantry Retention Initiative,Metro Region Conversion Cohort,18477671,Health Conscious Buyers Interest Segment,952036274112568580,Collection Showcase Warm Voice,167448693483334038,Brand Awareness,0,0,0,0,0,0,0,0,0,0,0,0,0,0,0,0,0,0,0,0,0,0,0,0
2026-01-04,Influencer Network,Family Pantry Retention Initiative,Metro Region Conversion Cohort,18477671,Family Planners Lookalike Segment,145603078514236031,Shelf Story Bold Voice,692750520015857334,Brand Awareness,0.50,66,0,70,1,0,0,0,0,0,0,0,35,0,0,0,0,6,0,0,0,0,0,0
2026-01-04,Connected TV,Home Essentials Scale Initiative,Metro Region Conversion Cohort,18477671,Health Conscious Buyers Interest Segment,119723108785093444,Shelf Story Warm Voice,137986148325162119,Brand Awareness,0,0,0,0,0,0,0,0,0,0,0,0,0,0,0,0,0,0,0,0,0,0,0,0
2026-01-04,Affiliate Network,Family Pantry Retention Initiative,Metro Region Conversion Cohort,18477671,Family Planners Lookalike Segment,702884156020730589,Shelf Story Warm Voice,144618118500234108,Brand Awareness,0,0,0,0,0,0,0,0,0,0,0,0,0,0,0,0,0,0,0,0,0,0,0,0
2026-01-04,Connected TV,Family Pantry Retention Initiative,Metro Region Conversion Cohort,18477671,Health Conscious Buyers Interest Segment,220561641283633189,Shelf Story Warm Voice,150654940873089355,Brand Awareness,0,0,0,0,0,0,0,0,0,0,0,0,0,0,0,0,0,0,0,0,0,0,0,0
2026-01-04,Social Feed,Family Pantry Retention Initiative,Metro Region Conversion Cohort,18477671,Health Conscious Buyers Interest Segment,484565638659876269,Shelf Story Bold Voice,557233186040967150,Brand Awareness,3.58,312,0,304,0,6,42,14,11,0,5,4,152,0,0,0,0,20,0,0,0,0,0,0
2026-01-04,Discovery Network,Home Essentials Scale Initiative,Metro Region Conversion Cohort,18477671,Family Planners Lookalike Segment,172862243001651960,Shelf Story Warm Voice,162278144377995576,Brand Awareness,0,0,0,0,0,0,0,0,0,0,0,0,0,0,0,0,0,0,0,0,0,0,0,0
2026-01-04,Affiliate Network,Home Essentials Scale Initiative,Metro Region Conversion Cohort,18477671,Family Planners Lookalike Segment,645169988550303069,Shelf Story Warm Voice,295917505532035788,Brand Awareness,0,0,0,0,0,0,0,0,0,0,0,0,0,0,0,0,0,0,0,0,0,0,0,0
2026-01-04,Marketplace Feed,Family Pantry Retention Initiative,Metro Region Conversion Cohort,18477671,Health Conscious Buyers Interest Segment,223036869856886355,Shelf Story Warm Voice,145693656695678178,Brand Awareness,0,0,0,0,0,0,0,0,0,0,0,0,0,0,0,0,0,0,0,0,0,0,0,0
2026-01-04,Discovery Network,Family Pantry Retention Initiative,Metro Region Conversion Cohort,18477671,Weekend Deal Hunters Interest Segment,496427809031885243,Shelf Story Bold Voice,140530762595910085,Brand Awareness,13.84,2839,0,3438,10,2,16,5,3,0,25,27,1454,0,0,0,5,259,0,0,0,0,0,0
2026-01-04,Influencer Network,Family Pantry Retention Initiative,Metro Region Conversion Cohort,18477671,Bulk Buyers Retention Segment,367857699981798513,Shelf Story Bold Voice,142521005183537463,Brand Awareness,55.43,3548,0,3123,7,39,100,100,45,0,38,36,1473,0,0,0,3,236,0,0,0,0,0,0
2026-01-04,Marketplace Feed,Family Pantry Retention Initiative,Metro Region Conversion Cohort,18477671,Bulk Buyers Retention Segment,656839601198278057,Shelf Story Bold Voice,164051805126120044,Brand Awareness,4.81,275,0,271,0,4,24,7,6,0,4,3,166,0,0,0,0,16,0,0,0,0,0,0
2026-01-04,In-App Display,Family Pantry Retention Initiative,Metro Region Conversion Cohort,18477671,Health Conscious Buyers Interest Segment,519314010090066247,Shelf Story Bold Voice,178596048054700442,Brand Awareness,219.72,24779,0,24731,54,100,100,100,100,0,309,297,14284,0,0,0,28,1576,0,0,0,0,0,0
2026-01-04,Marketplace Feed,Family Pantry Retention Initiative,Metro Region Conversion Cohort,18477671,Family Planners Lookalike Segment,585178825050595346,Collection Showcase Warm Voice,733623094749635618,Brand Awareness,0,0,0,0,0,0,0,0,0,0,0,0,0,0,0,0,0,0,0,0,0,0,0,0
2026-01-04,Social Feed,Home Essentials Scale Initiative,Metro Region Conversion Cohort,18477671,Health Conscious Buyers Interest Segment,468593796457578734,Shelf Story Warm Voice,657777171135369023,Brand Awareness,0,0,0,0,0,0,0,0,0,0,0,0,0,0,0,0,0,0,0,0,0,0,0,0
2026-01-04,Influencer Network,Family Pantry Retention Initiative,Metro Region Conversion Cohort,18477671,Bulk Buyers Retention Segment,164662931141622185,Shelf Story Bold Voice,138737872598852337,Brand Awareness,349.11,83712,0,72313,223,92,100,100,100,0,788,719,53917,1,0,0,143,6910,0,0,0,0,0,0
2026-01-04,Connected TV,Family Pantry Retention Initiative,Metro Region Conversion Cohort,18477671,Health Conscious Buyers Interest Segment,118969475996606060,Shelf Story Bold Voice,320099126124012027,Brand Awareness,0.03,13,0,14,0,0,0,0,0,0,0,0,6,0,0,0,0,1,0,0,0,0,0,0
2026-01-04,Influencer Network,Family Pantry Retention Initiative,Metro Region Conversion Cohort,18477671,Family Planners Lookalike Segment,155591886868258412,Shelf Story Bold Voice,174015045012638184,Brand Awareness,0.35,69,0,67,0,0,0,0,0,0,0,0,28,0,0,0,0,9,0,0,0,0,0,0
2026-01-04,Discovery Network,Family Pantry Retention Initiative,Metro Region Conversion Cohort,18477671,Health Conscious Buyers Interest Segment,606642112244807031,Shelf Story Bold Voice,160888306141604538,Brand Awareness,5.94,827,0,885,3,1,11,5,3,0,11,9,439,1,0,0,0,85,0,0,0,0,0,0
2026-01-04,Shopping Grid,Family Pantry Retention Initiative,Metro Region Conversion Cohort,18477671,Family Planners Lookalike Segment,116436006171459970,Shelf Story Bold Voice,150993434322385050,Brand Awareness,5.23,404,0,385,0,7,51,17,12,0,7,5,173,0,0,0,0,32,0,0,0,0,0,0
2026-01-04,Influencer Network,Family Pantry Retention Initiative,Metro Region Conversion Cohort,18477671,Family Planners Affinity Segment,317948738073493777,Offer Spotlight Warm Voice,142249633673610317,Brand Awareness,0.52,479,0,603,0,1,13,5,2,0,5,4,476,0,0,0,0,39,0,0,0,0,0,0
2026-01-04,Shopping Grid,Family Pantry Retention Initiative,Metro Region Conversion Cohort,18477671,Health Conscious Buyers Interest Segment,267887027677283643,Offer Spotlight Warm Voice,109037851486770964,Brand Awareness,75.88,69368,0,81565,149,100,100,100,100,0,538,614,73618,0,0,0,15,6585,0,0,0,0,0,0
2026-01-04,Marketplace Feed,Family Pantry Retention Initiative,Metro Region Conversion Cohort,18477671,Family Planners Lookalike Segment,119697453438730157,Shelf Story Bold Voice,149023545310978699,Brand Awareness,24.40,5928,0,6021,12,6,27,11,8,0,50,42,3819,0,0,0,7,491,0,0,0,0,0,0
2026-01-04,Connected TV,Family Pantry Retention Initiative,Metro Region Conversion Cohort,18477671,Health Conscious Buyers Interest Segment,952036274112568580,Collection Showcase Warm Voice,167448693483334038,Brand Awareness,0,0,0,0,0,0,0,0,0,0,0,0,0,0,0,0,0,0,0,0,0,0,0,0
2026-01-04,Video Network,Family Pantry Retention Initiative,Metro Region Conversion Cohort,18477671,Family Planners Lookalike Segment,934395244486917037,Shelf Story Warm Voice,159289840919920962,Brand Awareness,0,0,0,0,0,0,0,0,0,0,0,0,0,0,0,0,0,0,0,0,0,0,0,0
2026-01-04,Video Network,Family Pantry Retention Initiative,Metro Region Conversion Cohort,18477671,Bulk Buyers Retention Segment,159821995032741214,Shelf Story Bold Voice,157724919765110110,Brand Awareness,3,512,0,643,0,1,2,2,2,0,7,5,238,0,0,0,0,45,0,0,0,0,0,0
2026-01-04,Retail Media Network,Family Pantry Retention Initiative,Metro Region Conversion Cohort,18477671,Health Conscious Buyers Interest Segment,610300177999551446,Shelf Story Bold Voice,764412509130932481,Brand Awareness,0.11,19,0,21,0,0,0,0,0,0,0,0,14,0,0,0,0,1,0,0,0,0,0,0
2026-01-04,Marketplace Feed,Family Pantry Retention Initiative,Metro Region Conversion Cohort,18477671,Family Planners Lookalike Segment,745644114522161747,Shelf Story Bold Voice,175786646117726859,Brand Awareness,31.56,2187,0,2038,2,36,100,72,47,0,36,34,1130,1,0,0,2,174,0,0,0,0,0,0
2026-01-04,Influencer Network,Family Pantry Retention Initiative,Metro Region Conversion Cohort,18477671,Weekend Deal Hunters Interest Segment,260493498318346319,Shelf Story Bold Voice,171734025760230561,Brand Awareness,94.62,7073,0,5463,9,100,100,100,100,0,84,74,3232,0,0,0,4,510,0,0,0,0,0,0
2026-01-04,Search Network,Family Pantry Retention Initiative,Metro Region Conversion Cohort,18477671,Health Conscious Buyers Interest Segment,118414613915702118,Shelf Story Bold Voice,120390984445482241,Brand Awareness,5.03,182,0,218,1,1,23,5,1,0,1,1,61,0,0,0,1,20,0,0,0,0,0,0
2026-01-04,Connected TV,Family Pantry Retention Initiative,Metro Region Conversion Cohort,18477671,Family Planners Lookalike Segment,844640875666824927,Shelf Story Bold Voice,799546331335539295,Brand Awareness,5.32,362,0,373,1,3,38,6,3,0,3,2,159,0,0,0,1,19,0,0,0,0,0,0
2026-01-04,In-App Display,Family Pantry Retention Initiative,Metro Region Conversion Cohort,18477671,Family Planners Lookalike Segment,126837841618545883,Offer Spotlight Warm Voice,839832944765218196,Brand Awareness,155.15,143509,0,147455,294,100,100,100,100,0,1025,982,133780,0,0,0,36,10199,0,0,0,0,0,0
2026-01-03,Discovery Network,Family Pantry Retention Initiative,Metro Region Conversion Cohort,18477671,Health Conscious Buyers Interest Segment,987700275784353589,Offer Spotlight Bold Voice,354937737665142939,Brand Awareness,0,0,0,0,0,0,0,0,0,0,0,0,0,0,0,0,0,0,0,0,0,0,0,0
2026-01-03,In-App Display,Family Pantry Retention Initiative,Metro Region Conversion Cohort,18477671,Bulk Buyers Retention Segment,367857699981798513,Shelf Story Bold Voice,142521005183537463,Brand Awareness,96.38,4850,0,4139,16,81,100,100,100,0,82,78,2221,0,0,0,5,446,0,0,0,0,0,0
2026-01-03,Connected TV,Family Pantry Retention Initiative,Metro Region Conversion Cohort,18477671,Health Conscious Buyers Interest Segment,519314010090066247,Shelf Story Bold Voice,178596048054700442,Brand Awareness,313.57,24611,0,19695,68,100,100,100,100,0,363,401,15947,0,0,0,35,2017,0,0,0,0,0,0
2026-01-03,Video Network,Family Pantry Retention Initiative,Metro Region Conversion Cohort,18477671,Health Conscious Buyers Interest Segment,267887027677283643,Offer Spotlight Warm Voice,109037851486770964,Brand Awareness,112.09,101188,0,104951,203,100,100,100,100,0,701,608,78962,0,0,0,16,7476,0,0,0,0,0,0
2026-01-03,Connected TV,Family Pantry Retention Initiative,Metro Region Conversion Cohort,18477671,Family Planners Lookalike Segment,585178825050595346,Collection Showcase Warm Voice,733623094749635618,Brand Awareness,0,0,0,0,0,0,0,0,0,0,0,0,0,0,0,0,0,0,0,0,0,0,0,0
2026-01-03,Video Network,Home Essentials Scale Initiative,Metro Region Conversion Cohort,18477671,Health Conscious Buyers Interest Segment,468593796457578734,Shelf Story Warm Voice,657777171135369023,Brand Awareness,0,0,0,0,0,0,0,0,0,0,0,0,0,0,0,0,0,0,0,0,0,0,0,0
2026-01-03,Retail Media Network,Family Pantry Retention Initiative,Metro Region Conversion Cohort,18477671,Family Planners Lookalike Segment,739027743979500178,Offer Spotlight Bold Voice,518079464702389832,Brand Awareness,0,0,0,0,0,0,0,0,0,0,0,0,0,0,0,0,0,0,0,0,0,0,0,0
2026-01-03,Marketplace Feed,Family Pantry Retention Initiative,Metro Region Conversion Cohort,18477671,Health Conscious Buyers Interest Segment,118969475996606060,Shelf Story Bold Voice,320099126124012027,Brand Awareness,0.27,52,0,62,1,1,2,2,1,0,2,2,29,0,0,0,1,6,0,0,0,0,0,0
2026-01-03,Affiliate Network,Family Pantry Retention Initiative,Metro Region Conversion Cohort,18477671,Family Planners Lookalike Segment,155591886868258412,Shelf Story Bold Voice,174015045012638184,Brand Awareness,1.83,319,0,364,1,0,0,0,0,0,3,2,236,0,0,0,1,32,0,0,0,0,0,0
2026-01-03,Affiliate Network,Family Pantry Retention Initiative,Metro Region Conversion Cohort,18477671,Family Planners Lookalike Segment,119697453438730157,Shelf Story Bold Voice,149023545310978699,Brand Awareness,33,8385,0,9380,26,4,36,13,9,0,56,60,4916,0,0,0,12,665,0,0,0,0,0,0
2026-01-03,Discovery Network,Family Pantry Retention Initiative,Metro Region Conversion Cohort,18477671,Weekend Deal Hunters Interest Segment,496427809031885243,Shelf Story Bold Voice,140530762595910085,Brand Awareness,106.44,19646,0,21318,48,10,100,35,17,0,161,147,11775,0,0,0,31,1596,0,0,0,0,0,0
2026-01-03,In-App Display,Family Pantry Retention Initiative,Metro Region Conversion Cohort,18477671,Bulk Buyers Retention Segment,159821995032741214,Shelf Story Bold Voice,157724919765110110,Brand Awareness,3.63,600,0,652,0,1,8,1,1,0,10,9,335,0,0,0,0,58,0,0,0,0,0,0
2026-01-03,Connected TV,Family Pantry Retention Initiative,Metro Region Conversion Cohort,18477671,Health Conscious Buyers Interest Segment,484565638659876269,Shelf Story Bold Voice,557233186040967150,Brand Awareness,21.63,1190,0,1088,7,17,100,43,22,0,18,15,492,0,0,0,4,110,0,0,0,0,0,0
2026-01-03,Search Network,Family Pantry Retention Initiative,Metro Region Conversion Cohort,18477671,Weekend Deal Hunters Interest Segment,260493498318346319,Shelf Story Bold Voice,171734025760230561,Brand Awareness,43.83,2922,0,2758,9,57,100,100,67,0,44,45,1195,0,0,0,6,277,0,0,0,0,0,0
2026-01-03,Search Network,Family Pantry Retention Initiative,Metro Region Conversion Cohort,18477671,Health Conscious Buyers Interest Segment,118414613915702118,Shelf Story Bold Voice,120390984445482241,Brand Awareness,7.09,180,0,185,0,3,16,5,3,0,3,2,84,0,0,0,0,26,0,0,0,0,0,0
2026-01-03,Influencer Network,Family Pantry Retention Initiative,Metro Region Conversion Cohort,18477671,Family Planners Lookalike Segment,116436006171459970,Shelf Story Bold Voice,150993434322385050,Brand Awareness,8.21,372,0,334,1,11,61,19,13,0,11,10,155,0,0,0,1,37,0,0,0,0,0,0
2026-01-03,Display Network,Family Pantry Retention Initiative,Metro Region Conversion Cohort,18477671,Health Conscious Buyers Interest Segment,836275645224550986,Offer Spotlight Bold Voice,133485490505065358,Brand Awareness,0,0,0,0,0,0,0,0,0,0,0,0,0,0,0,0,0,0,0,0,0,0,0,0
2026-01-03,Connected TV,Family Pantry Retention Initiative,Metro Region Conversion Cohort,18477671,Family Planners Lookalike Segment,844640875666824927,Shelf Story Bold Voice,799546331335539295,Brand Awareness,11.76,467,0,552,1,5,46,18,7,0,5,5,227,0,0,0,0,53,0,0,0,0,0,0
2026-01-03,Shopping Grid,Family Pantry Retention Initiative,Metro Region Conversion Cohort,18477671,Family Planners Affinity Segment,317948738073493777,Offer Spotlight Warm Voice,142249633673610317,Brand Awareness,0.54,543,0,560,1,2,21,4,3,0,4,4,441,0,0,0,0,39,0,0,0,0,0,0
2026-01-03,Retail Media Network,Family Pantry Retention Initiative,Metro Region Conversion Cohort,18477671,Family Planners Lookalike Segment,126837841618545883,Offer Spotlight Warm Voice,839832944765218196,Brand Awareness,152.38,148177,0,120309,352,100,100,100,100,0,1052,973,128417,0,0,0,40,10263,0,0,0,0,0,0
2026-01-03,Influencer Network,Family Pantry Retention Initiative,Metro Region Conversion Cohort,18477671,Health Conscious Buyers Interest Segment,315430909746257545,Offer Spotlight Friendly Voice,532225011605276357,Brand Awareness,0,0,0,0,0,0,0,0,0,0,0,0,0,0,0,0,0,0,0,0,0,0,0,0
2026-01-03,Influencer Network,Family Pantry Retention Initiative,Metro Region Conversion Cohort,18477671,Bulk Buyers Retention Segment,164662931141622185,Shelf Story Bold Voice,138737872598852337,Brand Awareness,357.75,63921,0,66203,229,62,100,100,100,0,546,567,40736,0,0,0,156,6270,0,0,0,0,0,0
2026-01-03,Shopping Grid,Family Pantry Retention Initiative,Metro Region Conversion Cohort,18477671,Family Planners Lookalike Segment,745644114522161747,Shelf Story Bold Voice,175786646117726859,Brand Awareness,22.30,1179,0,1202,2,23,100,50,31,0,24,20,523,0,0,0,0,137,0,0,0,0,0,0
2026-01-03,Influencer Network,Family Pantry Retention Initiative,Metro Region Conversion Cohort,18477671,Bulk Buyers Retention Segment,656839601198278057,Shelf Story Bold Voice,164051805126120044,Brand Awareness,2.21,92,0,93,2,1,12,4,2,0,1,1,52,0,0,0,0,9,0,0,0,0,0,0
2026-01-03,Marketplace Feed,Family Pantry Retention Initiative,Metro Region Conversion Cohort,18477671,Health Conscious Buyers Interest Segment,952036274112568580,Collection Showcase Warm Voice,167448693483334038,Brand Awareness,0,0,0,0,0,0,0,0,0,0,0,0,0,0,0,0,0,0,0,0,0,0,0,0
2026-01-03,Influencer Network,Home Essentials Scale Initiative,Metro Region Conversion Cohort,18477671,Health Conscious Buyers Interest Segment,119723108785093444,Shelf Story Warm Voice,137986148325162119,Brand Awareness,0,0,0,0,0,0,0,0,0,0,0,0,0,0,0,0,0,0,0,0,0,0,0,0
2026-01-03,Shopping Grid,Family Pantry Retention Initiative,Metro Region Conversion Cohort,18477671,Family Planners Lookalike Segment,934395244486917037,Shelf Story Warm Voice,159289840919920962,Brand Awareness,0,0,0,0,0,0,0,0,0,0,0,0,0,0,0,0,0,0,0,0,0,0,0,0
2026-01-03,Retail Media Network,Family Pantry Retention Initiative,Metro Region Conversion Cohort,18477671,Health Conscious Buyers Interest Segment,220561641283633189,Shelf Story Warm Voice,150654940873089355,Brand Awareness,0,0,0,0,0,0,0,0,0,0,0,0,0,0,0,0,0,0,0,0,0,0,0,0
2026-01-03,Display Network,Home Essentials Scale Initiative,Metro Region Conversion Cohort,18477671,Family Planners Lookalike Segment,172862243001651960,Shelf Story Warm Voice,162278144377995576,Brand Awareness,0,0,0,0,0,0,0,0,0,0,0,0,0,0,0,0,0,0,0,0,0,0,0,0
2026-01-03,Retail Media Network,Home Essentials Scale Initiative,Metro Region Conversion Cohort,18477671,Family Planners Lookalike Segment,645169988550303069,Shelf Story Warm Voice,295917505532035788,Brand Awareness,0,0,0,0,0,0,0,0,0,0,0,0,0,0,0,0,0,0,0,0,0,0,0,0
2026-01-03,Display Network,Family Pantry Retention Initiative,Metro Region Conversion Cohort,18477671,Health Conscious Buyers Interest Segment,223036869856886355,Shelf Story Warm Voice,145693656695678178,Brand Awareness,0,0,0,0,0,0,0,0,0,0,0,0,0,0,0,0,0,0,0,0,0,0,0,0
2026-01-03,Shopping Grid,Family Pantry Retention Initiative,Metro Region Conversion Cohort,18477671,Family Planners Lookalike Segment,702884156020730589,Shelf Story Warm Voice,144618118500234108,Brand Awareness,0,0,0,0,0,0,0,0,0,0,0,0,0,0,0,0,0,0,0,0,0,0,0,0
2026-01-03,Marketplace Feed,Family Pantry Retention Initiative,Metro Region Conversion Cohort,18477671,Family Planners Lookalike Segment,145603078514236031,Shelf Story Bold Voice,692750520015857334,Brand Awareness,1.7,299,0,336,1,0,2,1,0,0,5,4,144,0,0,0,1,48,0,0,0,0,0,0
2026-01-03,Video Network,Family Pantry Retention Initiative,Metro Region Conversion Cohort,18477671,Health Conscious Buyers Interest Segment,610300177999551446,Shelf Story Bold Voice,764412509130932481,Brand Awareness,0.2,38,0,36,0,0,0,0,0,0,0,0,20,0,0,0,0,2,0,0,0,0,0,0
2026-01-03,Marketplace Feed,Family Pantry Retention Initiative,Metro Region Conversion Cohort,18477671,Health Conscious Buyers Interest Segment,606642112244807031,Shelf Story Bold Voice,160888306141604538,Brand Awareness,2.89,349,0,356,0,0,5,0,0,0,6,5,144,0,0,0,0,37,0,0,0,0,0,0
2026-01-02,Display Network,Family Pantry Retention Initiative,Metro Region Conversion Cohort,18477671,Health Conscious Buyers Interest Segment,484565638659876269,Shelf Story Bold Voice,557233186040967150,Brand Awareness,98.89,7171,0,7080,14,100,100,100,100,0,126,97,3491,0,0,0,11,624,0,0,0,0,0,0
2026-01-02,Affiliate Network,Family Pantry Retention Initiative,Metro Region Conversion Cohort,18477671,Family Planners Lookalike Segment,844640875666824927,Shelf Story Bold Voice,799546331335539295,Brand Awareness,1.7,141,0,148,0,4,29,13,6,0,5,4,86,0,0,0,0,24,0,0,0,0,0,0
2026-01-02,In-App Display,Family Pantry Retention Initiative,Metro Region Conversion Cohort,18477671,Family Planners Lookalike Segment,126837841618545883,Offer Spotlight Warm Voice,839832944765218196,Brand Awareness,152.48,116585,0,128666,266,100,100,100,100,0,878,828,109939,1,0,0,27,8854,0,0,0,0,0,0
2026-01-02,Affiliate Network,Family Pantry Retention Initiative,Metro Region Conversion Cohort,18477671,Health Conscious Buyers Interest Segment,952036274112568580,Collection Showcase Warm Voice,167448693483334038,Brand Awareness,0,0,0,0,0,0,0,0,0,0,0,0,0,0,0,0,0,0,0,0,0,0,0,0
2026-01-02,Display Network,Family Pantry Retention Initiative,Metro Region Conversion Cohort,18477671,Family Planners Lookalike Segment,934395244486917037,Shelf Story Warm Voice,159289840919920962,Brand Awareness,0,0,0,0,0,0,0,0,0,0,0,0,0,0,0,0,0,0,0,0,0,0,0,0
2026-01-02,Shopping Grid,Family Pantry Retention Initiative,Metro Region Conversion Cohort,18477671,Family Planners Lookalike Segment,902729028914597940,Offer Spotlight Bold Voice,132645500921576013,Brand Awareness,19.44,1726,0,1503,3,26,100,51,28,0,24,19,581,0,0,0,2,96,0,0,0,0,0,0
2026-01-02,Retail Media Network,Family Pantry Retention Initiative,Metro Region Conversion Cohort,18477671,Family Planners Lookalike Segment,739027743979500178,Offer Spotlight Bold Voice,518079464702389832,Brand Awareness,69.00,8163,0,6459,23,100,100,100,100,0,112,106,3309,0,0,0,10,564,0,0,0,0,0,0
2026-01-02,Search Network,Family Pantry Retention Initiative,Metro Region Conversion Cohort,18477671,Health Conscious Buyers Interest Segment,836275645224550986,Offer Spotlight Bold Voice,133485490505065358,Brand Awareness,270.9,34483,0,35961,125,100,100,100,100,0,589,511,21561,0,0,0,71,3040,0,0,0,0,0,0
2026-01-02,Discovery Network,Family Pantry Retention Initiative,Metro Region Conversion Cohort,18477671,Bulk Buyers Retention Segment,101147569325869664,Offer Spotlight Bold Voice,127829666734635565,Brand Awareness,3.77,340,0,429,0,12,47,23,15,0,12,11,167,0,0,0,0,34,0,0,0,0,0,0
2026-01-02,Connected TV,Family Pantry Retention Initiative,Metro Region Conversion Cohort,18477671,Bulk Buyers Retention Segment,164662931141622185,Shelf Story Bold Voice,138737872598852337,Brand Awareness,195.52,36504,0,37525,137,45,100,71,54,0,276,289,21762,0,0,0,100,3998,0,0,0,0,0,0
2026-01-02,Influencer Network,Family Pantry Retention Initiative,Metro Region Conversion Cohort,18477671,Health Conscious Buyers Interest Segment,118969475996606060,Shelf Story Bold Voice,320099126124012027,Brand Awareness,3.52,692,0,720,0,2,4,2,2,0,6,6,370,0,0,0,0,50,0,0,0,0,0,0
2026-01-02,Search Network,Family Pantry Retention Initiative,Metro Region Conversion Cohort,18477671,Family Planners Lookalike Segment,145603078514236031,Shelf Story Bold Voice,692750520015857334,Brand Awareness,4.58,741,0,646,2,0,5,0,0,0,7,6,340,0,0,0,0,67,0,0,0,0,0,0
2026-01-02,Retail Media Network,Family Pantry Retention Initiative,Metro Region Conversion Cohort,18477671,Family Planners Lookalike Segment,155591886868258412,Shelf Story Bold Voice,174015045012638184,Brand Awareness,11.83,1672,0,1677,3,2,9,3,2,0,14,13,784,0,0,0,2,170,0,0,0,0,0,0
2026-01-02,Affiliate Network,Family Pantry Retention Initiative,Metro Region Conversion Cohort,18477671,Family Planners Lookalike Segment,119697453438730157,Shelf Story Bold Voice,149023545310978699,Brand Awareness,62.36,14482,0,15923,27,7,67,17,10,0,111,112,9470,0,0,0,17,1337,0,0,0,0,0,0
2026-01-02,Affiliate Network,Family Pantry Retention Initiative,Metro Region Conversion Cohort,18477671,Weekend Deal Hunters Interest Segment,496427809031885243,Shelf Story Bold Voice,140530762595910085,Brand Awareness,223.37,40800,0,39405,121,53,100,100,74,0,368,376,23628,0,0,0,70,4587,0,0,0,0,0,0
2026-01-02,Marketplace Feed,Family Pantry Retention Initiative,Metro Region Conversion Cohort,18477671,Bulk Buyers Retention Segment,159821995032741214,Shelf Story Bold Voice,157724919765110110,Brand Awareness,3.6,751,0,780,5,2,13,6,4,0,14,13,382,0,0,0,2,90,0,0,0,0,0,0
2026-01-02,In-App Display,Family Pantry Retention Initiative,Metro Region Conversion Cohort,18477671,Health Conscious Buyers Interest Segment,606642112244807031,Shelf Story Bold Voice,160888306141604538,Brand Awareness,0.80,126,0,130,0,0,1,0,0,0,1,1,65,0,0,0,0,16,0,0,0,0,0,0
2026-01-02,Discovery Network,Family Pantry Retention Initiative,Metro Region Conversion Cohort,18477671,Bulk Buyers Retention Segment,367857699981798513,Shelf Story Bold Voice,142521005183537463,Brand Awareness,46.15,3823,0,3456,5,69,100,100,88,0,67,55,1452,0,0,0,2,324,0,0,0,0,0,0
2026-01-02,Affiliate Network,Family Pantry Retention Initiative,Metro Region Conversion Cohort,18477671,Bulk Buyers Retention Segment,656839601198278057,Shelf Story Bold Voice,164051805126120044,Brand Awareness,0.45,33,0,39,0,0,6,0,0,0,0,0,15,0,0,0,0,2,0,0,0,0,0,0
2026-01-02,Influencer Network,Family Pantry Retention Initiative,Metro Region Conversion Cohort,18477671,Family Planners Affinity Segment,317948738073493777,Offer Spotlight Warm Voice,142249633673610317,Brand Awareness,0.6,512,0,505,1,1,21,6,2,0,5,5,461,0,0,0,0,45,0,0,0,0,0,0
2026-01-02,Shopping Grid,Family Pantry Retention Initiative,Metro Region Conversion Cohort,18477671,Weekend Deal Hunters Interest Segment,260493498318346319,Shelf Story Bold Voice,171734025760230561,Brand Awareness,46.71,2934,0,3136,6,57,100,100,55,0,48,41,1762,0,0,0,3,251,0,0,0,0,0,0
2026-01-02,Search Network,Family Pantry Retention Initiative,Metro Region Conversion Cohort,18477671,Health Conscious Buyers Interest Segment,118414613915702118,Shelf Story Bold Voice,120390984445482241,Brand Awareness,1.14,52,0,60,0,1,4,1,1,0,1,1,30,0,0,0,0,4,0,0,0,0,0,0
2026-01-02,Discovery Network,Family Pantry Retention Initiative,Metro Region Conversion Cohort,18477671,Family Planners Lookalike Segment,116436006171459970,Shelf Story Bold Voice,150993434322385050,Brand Awareness,4.13,381,0,388,0,8,40,16,8,0,8,6,164,0,0,0,0,34,0,0,0,0,0,0
2026-01-02,Influencer Network,Family Pantry Retention Initiative,Metro Region Conversion Cohort,18477671,Health Conscious Buyers Interest Segment,519314010090066247,Shelf Story Bold Voice,178596048054700442,Brand Awareness,178.90,23985,0,22557,72,100,100,100,100,0,356,377,16094,0,0,0,40,1943,0,0,0,0,0,0
2026-01-02,Influencer Network,Family Pantry Retention Initiative,Metro Region Conversion Cohort,18477671,Health Conscious Buyers Interest Segment,220561641283633189,Shelf Story Warm Voice,150654940873089355,Brand Awareness,0,0,0,0,0,0,0,0,0,0,0,0,0,0,0,0,0,0,0,0,0,0,0,0
2026-01-02,Social Feed,Family Pantry Retention Initiative,Metro Region Conversion Cohort,18477671,Bulk Buyers Retention Segment,179245143816990056,Offer Spotlight Bold Voice,259379552066064841,Brand Awareness,4.36,266,0,259,0,1,21,5,2,0,1,1,129,0,0,0,0,26,0,0,0,0,0,0
2026-01-02,Social Feed,Family Pantry Retention Initiative,Metro Region Conversion Cohort,18477671,Health Conscious Buyers Interest Segment,987700275784353589,Offer Spotlight Bold Voice,354937737665142939,Brand Awareness,0.31,38,0,34,0,2,6,4,2,0,2,2,18,0,0,0,0,4,0,0,0,0,0,0
2026-01-02,Shopping Grid,Home Essentials Scale Initiative,Metro Region Conversion Cohort,18477671,Family Planners Lookalike Segment,172862243001651960,Shelf Story Warm Voice,162278144377995576,Brand Awareness,0,0,0,0,0,0,0,0,0,0,0,0,0,0,0,0,0,0,0,0,0,0,0,0
2026-01-02,Social Feed,Family Pantry Retention Initiative,Metro Region Conversion Cohort,18477671,Family Planners Lookalike Segment,165849684128997350,Offer Spotlight Bold Voice,167012787534278602,Brand Awareness,17.14,1854,0,1990,7,44,100,82,56,0,35,33,973,0,0,0,4,174,0,0,0,0,0,0
2026-01-02,Affiliate Network,Family Pantry Retention Initiative,Metro Region Conversion Cohort,18477671,Health Conscious Buyers Interest Segment,180573759804280416,Offer Spotlight Bold Voice,853639738569043807,Brand Awareness,20.68,1831,0,2220,5,37,100,94,42,0,30,28,1223,0,0,0,1,147,0,0,0,0,0,0
2026-01-02,Display Network,Family Pantry Retention Initiative,Metro Region Conversion Cohort,18477671,Weekend Deal Hunters Interest Segment,167026723206921654,Offer Spotlight Bold Voice,165583279975464266,Brand Awareness,0.05,6,0,8,0,0,2,1,1,0,0,0,3,0,0,0,0,1,0,0,0,0,0,0
2026-01-02,In-App Display,Family Pantry Retention Initiative,Metro Region Conversion Cohort,18477671,Health Conscious Buyers Interest Segment,610300177999551446,Shelf Story Bold Voice,764412509130932481,Brand Awareness,2.9,657,0,680,1,0,3,0,0,0,6,7,330,0,0,0,1,55,0,0,0,0,0,0
2026-01-02,Display Network,Family Pantry Retention Initiative,Metro Region Conversion Cohort,18477671,Family Planners Lookalike Segment,745644114522161747,Shelf Story Bold Voice,175786646117726859,Brand Awareness,16.68,1028,0,1036,5,19,100,41,25,0,20,20,425,0,0,0,2,97,0,0,0,0,0,0
2026-01-02,In-App Display,Family Pantry Retention Initiative,Metro Region Conversion Cohort,18477671,Health Conscious Buyers Interest Segment,267887027677283643,Offer Spotlight Warm Voice,109037851486770964,Brand Awareness,77.88,69848,0,79026,153,100,100,100,100,0,531,567,72364,0,0,0,17,7350,0,0,0,0,0,0
2026-01-02,Shopping Grid,Family Pantry Retention Initiative,Metro Region Conversion Cohort,18477671,Family Planners Lookalike Segment,585178825050595346,Collection Showcase Warm Voice,733623094749635618,Brand Awareness,0,0,0,0,0,0,0,0,0,0,0,0,0,0,0,0,0,0,0,0,0,0,0,0
2026-01-02,Display Network,Home Essentials Scale Initiative,Metro Region Conversion Cohort,18477671,Health Conscious Buyers Interest Segment,119723108785093444,Shelf Story Warm Voice,137986148325162119,Brand Awareness,0,0,0,0,0,0,0,0,0,0,0,0,0,0,0,0,0,0,0,0,0,0,0,0
2026-01-02,Influencer Network,Home Essentials Scale Initiative,Metro Region Conversion Cohort,18477671,Health Conscious Buyers Interest Segment,468593796457578734,Shelf Story Warm Voice,657777171135369023,Brand Awareness,0,0,0,0,0,0,0,0,0,0,0,0,0,0,0,0,0,0,0,0,0,0,0,0
2026-01-02,Shopping Grid,Home Essentials Scale Initiative,Metro Region Conversion Cohort,18477671,Family Planners Lookalike Segment,645169988550303069,Shelf Story Warm Voice,295917505532035788,Brand Awareness,0,0,0,0,0,0,0,0,0,0,0,0,0,0,0,0,0,0,0,0,0,0,0,0
2026-01-02,Marketplace Feed,Family Pantry Retention Initiative,Metro Region Conversion Cohort,18477671,Health Conscious Buyers Interest Segment,223036869856886355,Shelf Story Warm Voice,145693656695678178,Brand Awareness,0,0,0,0,0,0,0,0,0,0,0,0,0,0,0,0,0,0,0,0,0,0,0,0
2026-01-01,Search Network,Family Pantry Retention Initiative,Metro Region Conversion Cohort,18477671,Bulk Buyers Retention Segment,164662931141622185,Shelf Story Bold Voice,138737872598852337,Brand Awareness,97.21,17114,0,17260,73,21,100,44,25,0,159,142,11018,0,0,0,43,1852,0,0,0,0,0,0
2026-01-01,In-App Display,Family Pantry Retention Initiative,Metro Region Conversion Cohort,18477671,Family Planners Lookalike Segment,145603078514236031,Shelf Story Bold Voice,692750520015857334,Brand Awareness,2.62,375,0,388,0,0,3,1,1,0,3,2,183,0,0,0,0,43,0,0,0,0,0,0
2026-01-01,Search Network,Family Pantry Retention Initiative,Metro Region Conversion Cohort,18477671,Family Planners Lookalike Segment,155591886868258412,Shelf Story Bold Voice,174015045012638184,Brand Awareness,5.68,1092,0,1026,3,2,2,2,2,0,4,3,511,0,0,0,1,87,0,0,0,0,0,0
2026-01-01,Affiliate Network,Family Pantry Retention Initiative,Metro Region Conversion Cohort,18477671,Bulk Buyers Retention Segment,159821995032741214,Shelf Story Bold Voice,157724919765110110,Brand Awareness,5.24,1293,0,1239,5,1,4,3,2,0,9,9,716,0,0,0,3,121,0,0,0,0,0,0
2026-01-01,In-App Display,Family Pantry Retention Initiative,Metro Region Conversion Cohort,18477671,Bulk Buyers Retention Segment,367857699981798513,Shelf Story Bold Voice,142521005183537463,Brand Awareness,91.60,8911,0,8292,28,100,100,100,100,0,140,133,6335,0,0,0,18,786,0,0,0,0,0,0
2026-01-01,Search Network,Family Pantry Retention Initiative,Metro Region Conversion Cohort,18477671,Family Planners Lookalike Segment,745644114522161747,Shelf Story Bold Voice,175786646117726859,Brand Awareness,17.95,1909,0,1768,7,29,100,65,35,0,28,26,1126,0,0,0,3,122,0,0,0,0,0,0
2026-01-01,Search Network,Family Pantry Retention Initiative,Metro Region Conversion Cohort,18477671,Weekend Deal Hunters Interest Segment,260493498318346319,Shelf Story Bold Voice,171734025760230561,Brand Awareness,16.38,2900,0,2695,6,51,100,91,55,0,48,42,1869,0,0,0,3,169,0,0,0,0,0,0
2026-01-01,Video Network,Family Pantry Retention Initiative,Metro Region Conversion Cohort,18477671,Health Conscious Buyers Interest Segment,118414613915702118,Shelf Story Bold Voice,120390984445482241,Brand Awareness,1.3,283,0,267,1,7,22,11,9,0,6,6,190,0,0,0,1,14,0,0,0,0,0,0
2026-01-01,Retail Media Network,Family Pantry Retention Initiative,Metro Region Conversion Cohort,18477671,Family Planners Lookalike Segment,844640875666824927,Shelf Story Bold Voice,799546331335539295,Brand Awareness,7.33,1161,0,1297,5,18,100,51,24,0,15,14,788,0,0,0,1,85,0,0,0,0,0,0
2026-01-01,Shopping Grid,Family Pantry Retention Initiative,Metro Region Conversion Cohort,18477671,Health Conscious Buyers Interest Segment,519314010090066247,Shelf Story Bold Voice,178596048054700442,Brand Awareness,260.93,58855,0,55186,125,100,100,100,100,0,832,620,32406,0,0,0,70,3319,0,0,0,0,0,0
2026-01-01,Search Network,Family Pantry Retention Initiative,Metro Region Conversion Cohort,18477671,Family Planners Affinity Segment,317948738073493777,Offer Spotlight Warm Voice,142249633673610317,Brand Awareness,0.78,664,0,786,1,1,16,4,1,0,5,4,687,0,0,0,0,52,0,0,0,0,0,0
2026-01-01,In-App Display,Family Pantry Retention Initiative,Metro Region Conversion Cohort,18477671,Family Planners Lookalike Segment,585178825050595346,Collection Showcase Warm Voice,733623094749635618,Brand Awareness,0,0,0,0,0,0,0,0,0,0,0,0,0,0,0,0,0,0,0,0,0,0,0,0
2026-01-01,Display Network,Home Essentials Scale Initiative,Metro Region Conversion Cohort,18477671,Health Conscious Buyers Interest Segment,119723108785093444,Shelf Story Warm Voice,137986148325162119,Brand Awareness,0,0,0,0,0,0,0,0,0,0,0,0,0,0,0,0,0,0,0,0,0,0,0,0
2026-01-01,Marketplace Feed,Family Pantry Retention Initiative,Metro Region Conversion Cohort,18477671,Family Planners Lookalike Segment,702884156020730589,Shelf Story Warm Voice,144618118500234108,Brand Awareness,0,0,0,0,0,0,0,0,0,0,0,0,0,0,0,0,0,0,0,0,0,0,0,0
2026-01-01,Affiliate Network,Family Pantry Retention Initiative,Metro Region Conversion Cohort,18477671,Family Planners Lookalike Segment,934395244486917037,Shelf Story Warm Voice,159289840919920962,Brand Awareness,0,0,0,0,0,0,0,0,0,0,0,0,0,0,0,0,0,0,0,0,0,0,0,0
2026-01-01,Social Feed,Home Essentials Scale Initiative,Metro Region Conversion Cohort,18477671,Family Planners Lookalike Segment,172862243001651960,Shelf Story Warm Voice,162278144377995576,Brand Awareness,0,0,0,0,0,0,0,0,0,0,0,0,0,0,0,0,0,0,0,0,0,0,0,0
2026-01-01,Influencer Network,Home Essentials Scale Initiative,Metro Region Conversion Cohort,18477671,Health Conscious Buyers Interest Segment,468593796457578734,Shelf Story Warm Voice,657777171135369023,Brand Awareness,0,0,0,0,0,0,0,0,0,0,0,0,0,0,0,0,0,0,0,0,0,0,0,0
2026-01-01,Video Network,Home Essentials Scale Initiative,Metro Region Conversion Cohort,18477671,Family Planners Lookalike Segment,645169988550303069,Shelf Story Warm Voice,295917505532035788,Brand Awareness,0,0,0,0,0,0,0,0,0,0,0,0,0,0,0,0,0,0,0,0,0,0,0,0
2026-01-01,Influencer Network,Family Pantry Retention Initiative,Metro Region Conversion Cohort,18477671,Health Conscious Buyers Interest Segment,223036869856886355,Shelf Story Warm Voice,145693656695678178,Brand Awareness,0,0,0,0,0,0,0,0,0,0,0,0,0,0,0,0,0,0,0,0,0,0,0,0
2026-01-01,Retail Media Network,Family Pantry Retention Initiative,Metro Region Conversion Cohort,18477671,Health Conscious Buyers Interest Segment,267887027677283643,Offer Spotlight Warm Voice,109037851486770964,Brand Awareness,92.11,90026,0,76884,198,100,100,100,100,0,654,571,86918,0,0,1,13,7120,0,0,0,0,0,0
2026-01-01,Connected TV,Family Pantry Retention Initiative,Metro Region Conversion Cohort,18477671,Health Conscious Buyers Interest Segment,315430909746257545,Offer Spotlight Friendly Voice,532225011605276357,Brand Awareness,0,0,0,0,0,0,0,0,0,0,0,0,0,0,0,0,0,0,0,0,0,0,0,0
2026-01-01,Search Network,Family Pantry Retention Initiative,Metro Region Conversion Cohort,18477671,Health Conscious Buyers Interest Segment,220561641283633189,Shelf Story Warm Voice,150654940873089355,Brand Awareness,0,0,0,0,0,0,0,0,0,0,0,0,0,0,0,0,0,0,0,0,0,0,0,0
2026-01-01,Affiliate Network,Family Pantry Retention Initiative,Metro Region Conversion Cohort,18477671,Family Planners Lookalike Segment,902729028914597940,Offer Spotlight Bold Voice,132645500921576013,Brand Awareness,6.90,540,0,574,0,7,52,17,10,0,7,7,249,0,0,0,0,42,0,0,0,0,0,0
2026-01-01,Video Network,Family Pantry Retention Initiative,Metro Region Conversion Cohort,18477671,Health Conscious Buyers Interest Segment,987700275784353589,Offer Spotlight Bold Voice,354937737665142939,Brand Awareness,2.04,215,0,189,2,4,35,9,6,0,3,4,116,0,0,0,1,22,0,0,0,0,0,0
2026-01-01,Influencer Network,Family Pantry Retention Initiative,Metro Region Conversion Cohort,18477671,Health Conscious Buyers Interest Segment,118969475996606060,Shelf Story Bold Voice,320099126124012027,Brand Awareness,7.86,1423,0,1465,7,3,15,5,4,0,17,15,910,0,0,0,5,127,0,0,0,0,0,0
2026-01-01,In-App Display,Family Pantry Retention Initiative,Metro Region Conversion Cohort,18477671,Health Conscious Buyers Interest Segment,952036274112568580,Collection Showcase Warm Voice,167448693483334038,Brand Awareness,0,0,0,0,0,0,0,0,0,0,0,0,0,0,0,0,0,0,0,0,0,0,0,0
2026-01-01,Marketplace Feed,Home Essentials Scale Initiative,Metro Region Conversion Cohort,18477671,Family Planners Affinity Segment,360862371108089718,Shelf Story Warm Voice,177322968836685303,Brand Awareness,0,0,0,0,0,0,0,0,0,0,0,0,0,0,0,0,0,0,0,0,0,0,0,0
2026-01-01,Affiliate Network,Home Essentials Scale Initiative,Metro Region Conversion Cohort,18477671,Family Planners Affinity Segment,133081892401319253,Shelf Story Warm Voice,971568871550115783,Brand Awareness,0,0,0,0,0,0,0,0,0,0,0,0,0,0,0,0,0,0,0,0,0,0,0,0
2026-01-01,Search Network,Family Pantry Retention Initiative,Metro Region Conversion Cohort,18477671,Health Conscious Buyers Interest Segment,836275645224550986,Offer Spotlight Bold Voice,133485490505065358,Brand Awareness,473.54,55808,0,48245,189,100,100,100,100,0,955,732,34119,0,0,0,99,4868,0,0,0,0,0,0
2026-01-01,Social Feed,Family Pantry Retention Initiative,Metro Region Conversion Cohort,18477671,Bulk Buyers Retention Segment,101147569325869664,Offer Spotlight Bold Voice,127829666734635565,Brand Awareness,9.22,1129,0,1351,4,22,100,45,29,0,21,23,546,0,0,0,3,106,0,0,0,0,0,0
2026-01-01,In-App Display,Family Pantry Retention Initiative,Metro Region Conversion Cohort,18477671,Bulk Buyers Retention Segment,179245143816990056,Offer Spotlight Bold Voice,259379552066064841,Brand Awareness,1.58,111,0,106,0,0,6,1,1,0,0,0,39,0,0,0,0,4,0,0,0,0,0,0
2026-01-01,Marketplace Feed,Family Pantry Retention Initiative,Metro Region Conversion Cohort,18477671,Family Planners Lookalike Segment,165849684128997350,Offer Spotlight Bold Voice,167012787534278602,Brand Awareness,17.63,1473,0,1745,7,29,100,79,39,0,29,24,871,0,0,0,4,139,0,0,0,0,0,0
2026-01-01,Retail Media Network,Family Pantry Retention Initiative,Metro Region Conversion Cohort,18477671,Health Conscious Buyers Interest Segment,180573759804280416,Offer Spotlight Bold Voice,853639738569043807,Brand Awareness,17.55,1378,0,1426,1,18,100,54,27,0,19,18,717,0,0,0,0,131,0,0,0,0,0,0
2026-01-01,Influencer Network,Family Pantry Retention Initiative,Metro Region Conversion Cohort,18477671,Weekend Deal Hunters Interest Segment,167026723206921654,Offer Spotlight Bold Voice,165583279975464266,Brand Awareness,0.10,9,0,8,0,0,1,1,0,0,0,0,4,0,0,0,0,1,0,0,0,0,0,0
2026-01-01,Retail Media Network,Family Pantry Retention Initiative,Metro Region Conversion Cohort,18477671,Family Planners Lookalike Segment,739027743979500178,Offer Spotlight Bold Voice,518079464702389832,Brand Awareness,20.08,1518,0,1271,3,25,100,48,29,0,24,18,646,0,0,0,3,110,0,0,0,0,0,0
2026-01-01,In-App Display,Family Pantry Retention Initiative,Metro Region Conversion Cohort,18477671,Family Planners Lookalike Segment,119697453438730157,Shelf Story Bold Voice,149023545310978699,Brand Awareness,110.88,21813,0,24143,66,27,100,54,40,0,216,206,13446,0,0,0,47,2144,0,0,0,0,0,0
2026-01-01,Social Feed,Family Pantry Retention Initiative,Metro Region Conversion Cohort,18477671,Weekend Deal Hunters Interest Segment,496427809031885243,Shelf Story Bold Voice,140530762595910085,Brand Awareness,185.57,26798,0,25204,99,48,100,78,67,0,291,271,13210,0,0,0,51,3028,0,0,0,0,0,0
2026-01-01,Discovery Network,Family Pantry Retention Initiative,Metro Region Conversion Cohort,18477671,Health Conscious Buyers Interest Segment,610300177999551446,Shelf Story Bold Voice,764412509130932481,Brand Awareness,7.33,1447,0,1455,9,3,10,4,3,0,16,14,898,0,0,0,6,122,0,0,0,0,0,0
2026-01-01,Search Network,Family Pantry Retention Initiative,Metro Region Conversion Cohort,18477671,Health Conscious Buyers Interest Segment,606642112244807031,Shelf Story Bold Voice,160888306141604538,Brand Awareness,1.8,384,0,367,1,1,4,1,1,0,3,2,187,0,0,0,1,43,0,0,0,0,0,0
2026-01-01,Search Network,Family Pantry Retention Initiative,Metro Region Conversion Cohort,18477671,Health Conscious Buyers Interest Segment,484565638659876269,Shelf Story Bold Voice,557233186040967150,Brand Awareness,11.46,1105,0,897,0,18,100,37,21,0,15,14,560,0,0,0,0,82,0,0,0,0,0,0
2026-01-01,Marketplace Feed,Family Pantry Retention Initiative,Metro Region Conversion Cohort,18477671,Bulk Buyers Retention Segment,656839601198278057,Shelf Story Bold Voice,164051805126120044,Brand Awareness,2.9,304,0,308,2,3,38,7,3,0,3,3,148,0,0,0,1,23,0,0,0,0,0,0
2026-01-01,Retail Media Network,Family Pantry Retention Initiative,Metro Region Conversion Cohort,18477671,Family Planners Lookalike Segment,116436006171459970,Shelf Story Bold Voice,150993434322385050,Brand Awareness,4.20,704,0,719,4,14,89,35,17,0,12,12,335,0,0,0,3,60,0,0,0,0,0,0
2026-01-01,Retail Media Network,Family Pantry Retention Initiative,Metro Region Conversion Cohort,18477671,Family Planners Lookalike Segment,126837841618545883,Offer Spotlight Warm Voice,839832944765218196,Brand Awareness,154.76,137737,0,147496,238,100,100,100,100,0,892,720,144365,1,0,0,25,10215,0,0,0,0,0,0
2026-01-31,Influencer Network,Family Pantry Impact Initiative,Central Region Loyalty Cohort,86057605,Family Planners Interest Segment,1303537414714156,Price Drop Cut Direct Voice,1732730319047742,Brand Awareness,69.41,24887,0,15641,556,0,0,0,0,278,234,0,0,0,0,13,0,471,2.29,2,4,0,0,0
2026-01-31,Shopping Grid,Family Pantry Impact Initiative,Central Region Loyalty Cohort,86057605,Weekend Deal Hunters Interest Segment,2374293000135659,Price Drop Cut Direct Voice,3184438598568911,Brand Awareness,9.7,2034,0,1361,70,0,0,0,0,48,35,0,0,0,0,0,0,89,3.44,0,0,0,0,0
2026-01-31,Influencer Network,Smart Choice Impact Initiative,Central Region Loyalty Cohort,86057605,Health Conscious Buyers Retention Segment,1370832636150531,Offer Spotlight Friendly Voice,1106328029307981,Catalog Engagement,2.93,377,0,455,0,12,36,19,14,35,33,0,0,0,0,2,0,3,0.81,0,0,0,423,0
2026-01-31,In-App Display,Smart Choice Impact Initiative,Central Region Loyalty Cohort,44948390,Family Planners Interest Segment,4141466458949862,Shelf Story Bold Voice,1119693786488421,Brand Awareness,22.98,8249,0,7027,188,93,100,100,100,361,261,0,0,0,0,7,0,207,2.76,0,1,0,7579,0
2026-01-31,Discovery Network,Smart Choice Impact Initiative,Central Region Loyalty Cohort,86057605,Health Conscious Buyers Interest Segment,1208384049784723,Collection Showcase Warm Voice,3851087194337450,Catalog Engagement,19.46,2929,0,3602,19,100,100,100,100,574,494,0,0,0,0,7,0,28,0.84,1,1,0,3226,0
2026-01-31,Display Network,Family Pantry Retention Initiative,Metro Region Conversion Cohort,38881639,Family Planners Lookalike Segment,1010331617086390,Shelf Story Warm Voice,1022962676348579,Brand Awareness,0,0,0,0,0,0,0,0,0,0,0,0,0,0,0,0,0,0,0,0,0,0,0,0
2026-01-31,Influencer Network,Smart Choice Impact Initiative,Central Region Loyalty Cohort,44948390,Health Conscious Buyers Interest Segment,4045380354206642,Shelf Story Bold Voice,5851676109927201,Brand Awareness,37.73,10160,0,10109,262,67,100,100,87,334,254,0,0,0,0,11,0,293,3.09,0,0,0,8514,0
2026-01-31,Video Network,Family Pantry Impact Initiative,Central Region Loyalty Cohort,86057605,Health Conscious Buyers Interest Segment,1667879036440414,Price Drop Cut Direct Voice,1775743663117333,Brand Awareness,171.4,65322,0,34435,1432,0,0,0,0,782,635,0,0,0,0,34,0,1103,1.7,0,11,0,0,0
2026-01-31,In-App Display,Smart Choice Impact Initiative,Central Region Loyalty Cohort,86057605,Health Conscious Buyers Retention Segment,8142238373295239,Collection Showcase Warm Voice,1678833571989915,Catalog Engagement,2.4,383,0,334,3,60,100,100,100,99,80,0,0,0,0,4,0,6,1.49,0,0,0,308,0
2026-01-31,Marketplace Feed,Smart Choice Impact Initiative,Central Region Loyalty Cohort,86057605,Health Conscious Buyers Retention Segment,9032820034214880,Offer Spotlight Friendly Voice,9514549907665008,Catalog Engagement,148.90,17407,0,15728,107,100,100,100,100,2320,1767,0,0,0,0,308,0,399,2.04,5,4,0,18886,0
2026-01-31,Retail Media Network,Weekend Saver Retention Initiative,Metro Region Conversion Cohort,44948390,Family Planners Interest Segment,1394673896902429,Shelf Story Warm Voice,3933844935781169,Brand Awareness,0,0,0,0,0,0,0,0,0,0,0,0,0,0,0,0,0,0,0,0,0,0,0,0
2026-01-31,Search Network,Smart Choice Impact Initiative,Central Region Loyalty Cohort,86057605,Health Conscious Buyers Retention Segment,5243824368452388,Collection Showcase Warm Voice,9139539805917898,Catalog Engagement,259.07,38120,0,37673,256,100,100,100,100,9609,6739,0,0,1,0,117,0,361,0.93,6,8,0,34139,0
2026-01-31,Influencer Network,Weekend Saver Retention Initiative,Metro Region Conversion Cohort,44948390,Family Planners Interest Segment,1394673896902429,Shelf Story Bold Voice,1727505061486984,Brand Awareness,0,0,0,0,0,0,0,0,0,0,0,0,0,0,0,0,0,0,0,0,0,0,0,0
2026-01-31,Marketplace Feed,Smart Choice Impact Initiative,Central Region Loyalty Cohort,44948390,Weekend Deal Hunters Interest Segment,7654152717899360,Shelf Story Bold Voice,1844583984085561,Brand Awareness,1.68,414,0,378,11,5,19,8,7,16,14,0,0,0,0,0,0,14,3.56,0,0,0,408,0
2026-01-31,Search Network,Smart Choice Impact Initiative,Central Region Loyalty Cohort,86057605,Health Conscious Buyers Interest Segment,4689140768019905,Offer Spotlight Friendly Voice,6565476888405014,Catalog Engagement,114.3,17167,0,16602,97,100,100,100,100,1412,1180,0,0,0,0,52,0,153,0.89,2,1,0,19723,0
2026-01-30,Retail Media Network,Smart Choice Impact Initiative,Central Region Loyalty Cohort,86057605,Health Conscious Buyers Retention Segment,5243824368452388,Collection Showcase Warm Voice,9139539805917898,Catalog Engagement,102.31,14642,0,16352,100,100,100,100,100,3567,2643,0,0,0,0,53,0,153,0.86,0,1,0,13652,0
2026-01-30,In-App Display,Smart Choice Impact Initiative,Central Region Loyalty Cohort,86057605,Health Conscious Buyers Retention Segment,8142238373295239,Collection Showcase Warm Voice,1678833571989915,Catalog Engagement,1.57,223,0,205,2,18,100,98,38,40,34,0,0,0,0,1,0,4,2.0,0,0,0,224,0
2026-01-30,Connected TV,Smart Choice Impact Initiative,Central Region Loyalty Cohort,86057605,Health Conscious Buyers Retention Segment,1370832636150531,Offer Spotlight Friendly Voice,1106328029307981,Catalog Engagement,6.12,569,0,513,7,25,56,36,27,63,55,0,0,0,0,3,0,11,1.94,1,1,0,476,0
2026-01-30,Social Feed,Smart Choice Impact Initiative,Central Region Loyalty Cohort,86057605,Health Conscious Buyers Interest Segment,4689140768019905,Offer Spotlight Friendly Voice,6565476888405014,Catalog Engagement,80.52,7239,0,8417,35,100,100,100,100,936,960,0,0,0,0,45,0,79,0.92,0,3,0,6360,0
2026-01-30,Shopping Grid,Smart Choice Impact Initiative,Central Region Loyalty Cohort,86057605,Health Conscious Buyers Interest Segment,1208384049784723,Collection Showcase Warm Voice,3851087194337450,Catalog Engagement,22.04,4906,0,5024,20,100,100,100,100,826,678,0,0,0,0,12,0,29,0.59,0,2,0,4115,0
2026-01-30,In-App Display,Smart Choice Impact Initiative,Central Region Loyalty Cohort,86057605,Health Conscious Buyers Retention Segment,9032820034214880,Offer Spotlight Friendly Voice,9514549907665008,Catalog Engagement,190.98,21946,0,21611,103,100,100,100,100,2373,2068,0,0,0,0,822,0,750,3.68,2,6,0,22479,0
2026-01-30,Influencer Network,Weekend Saver Retention Initiative,Metro Region Conversion Cohort,44948390,Family Planners Interest Segment,1394673896902429,Product Reel Warm Voice,1531156400166546,Brand Awareness,0,0,0,0,0,0,0,0,0,0,0,0,0,0,0,0,0,0,0,0,0,0,0,0
2026-01-30,Display Network,Smart Choice Impact Initiative,Central Region Loyalty Cohort,44948390,Weekend Deal Hunters Interest Segment,7654152717899360,Shelf Story Bold Voice,1844583984085561,Brand Awareness,1.49,300,0,326,8,0,16,1,0,6,5,0,0,0,0,2,0,12,4.14,0,0,0,309,0
2026-01-30,Shopping Grid,Family Pantry Impact Initiative,Central Region Loyalty Cohort,86057605,Health Conscious Buyers Interest Segment,1667879036440414,Price Drop Cut Direct Voice,1775743663117333,Brand Awareness,63.37,26061,0,18328,424,0,0,0,0,196,189,0,0,0,0,8,0,438,1.71,0,5,0,0,0
2026-01-30,Influencer Network,Family Pantry Retention Initiative,South Region Prospecting Cohort,44948390,Family Planners Lookalike Segment,2507857220866131,Shelf Story Bold Voice,1397918323293131,Catalog Engagement,0,0,0,0,0,0,0,0,0,0,0,0,0,0,0,0,0,0,0,0,0,0,0,0
2026-01-30,Discovery Network,Smart Choice Impact Initiative,Central Region Loyalty Cohort,44948390,Health Conscious Buyers Interest Segment,4045380354206642,Shelf Story Bold Voice,5851676109927201,Brand Awareness,43.0,9246,0,8715,248,59,100,100,85,321,295,0,0,0,0,20,0,345,3.98,0,0,0,8928,0
2026-01-30,Affiliate Network,Weekend Saver Retention Initiative,Metro Region Conversion Cohort,44948390,Family Planners Lookalike Segment,6414513530178736,Price Drop Cut Direct Voice,1778721621071784,Brand Awareness,0,0,0,0,0,0,0,0,0,0,0,0,0,0,0,0,0,0,0,0,0,0,0,0
2026-01-30,Influencer Network,Family Pantry Impact Initiative,Central Region Loyalty Cohort,86057605,Family Planners Interest Segment,1303537414714156,Price Drop Cut Direct Voice,1732730319047742,Brand Awareness,21.44,10291,0,7178,176,0,0,0,0,96,89,0,0,0,0,2,0,195,1.6,0,1,0,0,0
2026-01-30,Shopping Grid,Family Pantry Retention Initiative,Metro Region Conversion Cohort,38881639,Family Planners Lookalike Segment,1010331617086390,Shelf Story Warm Voice,1022962676348579,Brand Awareness,0,0,0,0,0,0,0,0,0,0,0,0,0,0,0,0,0,0,0,0,0,0,0,0
2026-01-30,Discovery Network,Family Pantry Impact Initiative,Central Region Loyalty Cohort,86057605,Weekend Deal Hunters Interest Segment,2374293000135659,Price Drop Cut Direct Voice,3184438598568911,Brand Awareness,1.20,440,0,388,8,0,0,0,0,5,3,0,0,0,0,0,0,9,1.53,0,0,0,0,0
2026-01-30,Search Network,Smart Choice Impact Initiative,Central Region Loyalty Cohort,44948390,Family Planners Interest Segment,4141466458949862,Shelf Story Bold Voice,1119693786488421,Brand Awareness,19.4,5984,0,5560,130,76,100,100,100,281,242,0,0,0,0,9,0,196,2.73,0,0,0,5393,0
2026-01-30,Affiliate Network,Weekend Saver Retention Initiative,Metro Region Conversion Cohort,44948390,Family Planners Interest Segment,1394673896902429,Shelf Story Bold Voice,1727505061486984,Brand Awareness,0,0,0,0,0,0,0,0,0,0,0,0,0,0,0,0,0,0,0,0,0,0,0,0
2026-01-29,Social Feed,Smart Choice Impact Initiative,Central Region Loyalty Cohort,86057605,Health Conscious Buyers Retention Segment,1370832636150531,Offer Spotlight Friendly Voice,1106328029307981,Catalog Engagement,4.62,491,0,435,4,21,58,30,21,73,52,0,0,0,0,11,0,15,2.8,0,0,0,420,0
2026-01-29,Connected TV,Smart Choice Impact Initiative,Central Region Loyalty Cohort,86057605,Health Conscious Buyers Retention Segment,9032820034214880,Offer Spotlight Friendly Voice,9514549907665008,Catalog Engagement,236.4,24835,0,26005,118,100,100,100,100,3130,2773,0,0,0,0,814,0,844,2.95,2,14,0,23953,0
2026-01-29,Video Network,Family Pantry Retention Initiative,South Region Prospecting Cohort,44948390,Family Planners Lookalike Segment,2507857220866131,Shelf Story Bold Voice,1397918323293131,Catalog Engagement,0,0,0,0,0,0,0,0,0,0,0,0,0,0,0,0,0,0,0,0,0,0,0,0
2026-01-29,In-App Display,Smart Choice Impact Initiative,Central Region Loyalty Cohort,86057605,Health Conscious Buyers Interest Segment,4689140768019905,Offer Spotlight Friendly Voice,6565476888405014,Catalog Engagement,52.6,5593,0,4963,22,100,100,100,100,751,643,0,0,0,0,47,0,62,1.10,1,1,0,4529,0
2026-01-29,Social Feed,Smart Choice Impact Initiative,Central Region Loyalty Cohort,44948390,Family Planners Interest Segment,4141466458949862,Shelf Story Bold Voice,1119693786488421,Brand Awareness,21.12,7099,0,5149,185,64,100,100,100,312,232,0,0,0,0,12,0,210,3.61,0,0,0,5163,0
2026-01-29,Influencer Network,Smart Choice Impact Initiative,Central Region Loyalty Cohort,44948390,Health Conscious Buyers Interest Segment,4045380354206642,Shelf Story Bold Voice,5851676109927201,Brand Awareness,35.75,7754,0,6299,271,69,100,100,98,355,303,0,0,1,0,4,0,344,3.75,0,2,0,7004,0
2026-01-29,Social Feed,Home Essentials Promo Initiative,Metro Region Conversion Cohort,44948390,Quick Refill Buyers Retention Segment,1899712342036110,Shelf Story Warm Voice,8585579191193727,Brand Awareness,0,0,0,0,0,0,0,0,0,0,0,0,0,0,0,0,0,0,0,0,0,0,0,0
2026-01-29,Social Feed,Home Essentials Scale Initiative,Metro Region Conversion Cohort,44948390,Weekend Deal Hunters Interest Segment,4343805881369289,Promo Banner Friendly Voice,1828054372146134,Brand Awareness,0,0,0,0,0,0,0,0,0,0,0,0,0,0,0,0,0,0,0,0,0,0,0,0
2026-01-29,Social Feed,Smart Choice Impact Initiative,Central Region Loyalty Cohort,44948390,Weekend Deal Hunters Interest Segment,7654152717899360,Shelf Story Bold Voice,1844583984085561,Brand Awareness,1.57,377,0,391,11,2,27,8,3,15,12,0,0,0,0,0,0,14,4.12,0,0,0,336,0
2026-01-29,In-App Display,Family Pantry Retention Initiative,Metro Region Conversion Cohort,38881639,Family Planners Lookalike Segment,1010331617086390,Shelf Story Warm Voice,1022962676348579,Brand Awareness,0,0,0,0,0,0,0,0,0,0,0,0,0,0,0,0,0,0,0,0,0,0,0,0
2026-01-28,Social Feed,Smart Choice Impact Initiative,Central Region Loyalty Cohort,44948390,Weekend Deal Hunters Interest Segment,7654152717899360,Shelf Story Bold Voice,1844583984085561,Brand Awareness,2.69,501,0,519,19,2,35,6,2,21,18,0,0,0,0,0,0,27,4.5,0,0,0,527,0
2026-01-28,Influencer Network,Smart Choice Impact Initiative,Central Region Loyalty Cohort,44948390,Health Conscious Buyers Interest Segment,4045380354206642,Shelf Story Bold Voice,5851676109927201,Brand Awareness,29.79,5649,0,5269,178,25,100,69,32,167,141,0,0,1,0,8,0,245,4,0,1,0,6291,0
2026-01-28,Video Network,Home Essentials Promo Initiative,Metro Region Loyalty Cohort,38881639,Family Planners Lookalike Segment,8962004814279482,Shelf Story Value Voice,1020691786654074,Brand Awareness,0,0,0,0,0,0,0,0,0,0,0,0,0,0,0,0,0,0,0,0,0,0,0,0
2026-01-28,Shopping Grid,Weekend Saver Retention Initiative,Metro Region Conversion Cohort,44948390,Family Planners Interest Segment,1394673896902429,Shelf Story Bold Voice,1572482192481188,Brand Awareness,0,0,0,0,0,0,0,0,0,0,0,0,0,0,0,0,0,0,0,0,0,0,0,0
2026-01-28,Connected TV,Family Pantry Retention Initiative,Metro Region Conversion Cohort,44948390,Weekend Deal Hunters Interest Segment,1111168710985428,Shelf Story Warm Voice,3091154683545491,Brand Awareness,0,0,0,0,0,0,0,0,0,0,0,0,0,0,0,0,0,0,0,0,0,0,0,0
2026-01-28,Shopping Grid,Family Pantry Retention Initiative,Metro Region Conversion Cohort,44948390,Weekend Deal Hunters Interest Segment,1111168710985428,Price Drop Cut Value Voice,1504500265624859,Brand Awareness,0,0,0,0,0,0,0,0,0,0,0,0,0,0,0,0,0,0,0,0,0,0,0,0
2026-01-28,Connected TV,Weekend Saver Retention Initiative,Metro Region Conversion Cohort,44948390,Family Planners Interest Segment,1394673896902429,Offer Spotlight Warm Voice,2577836288304446,Brand Awareness,0,0,0,0,0,0,0,0,0,0,0,0,0,0,0,0,0,0,0,0,0,0,0,0
2026-01-28,Social Feed,Smart Choice Impact Initiative,Central Region Loyalty Cohort,86057605,Health Conscious Buyers Retention Segment,9032820034214880,Offer Spotlight Friendly Voice,9514549907665008,Catalog Engagement,106.3,17353,0,17611,94,100,100,100,100,1768,1438,0,0,0,0,217,0,245,1.28,1,7,0,17785,0
2026-01-28,Retail Media Network,Smart Choice Impact Initiative,Central Region Loyalty Cohort,86057605,Health Conscious Buyers Retention Segment,1370832636150531,Offer Spotlight Friendly Voice,1106328029307981,Catalog Engagement,3.36,469,0,470,1,10,41,29,14,49,37,0,0,0,0,5,0,8,2,0,0,0,448,0
2026-01-28,Search Network,Smart Choice Impact Initiative,Central Region Loyalty Cohort,86057605,Health Conscious Buyers Interest Segment,4689140768019905,Offer Spotlight Friendly Voice,6565476888405014,Catalog Engagement,33.58,5328,0,4789,22,100,100,100,100,574,408,0,0,0,0,25,0,54,1.05,0,1,0,4756,0
2026-01-28,Connected TV,Weekend Saver Retention Initiative,Metro Region Conversion Cohort,44948390,Family Planners Interest Segment,9001467427315218,Shelf Story Warm Voice,1469019764729968,Brand Awareness,0,0,0,0,0,0,0,0,0,0,0,0,0,0,0,0,0,0,0,0,0,0,0,0
2026-01-28,Search Network,Smart Choice Impact Initiative,Central Region Loyalty Cohort,44948390,Family Planners Interest Segment,4141466458949862,Shelf Story Bold Voice,1119693786488421,Brand Awareness,27.3,8570,0,6971,189,49,100,100,62,221,195,0,0,0,0,13,0,218,2.35,0,2,0,7055,0
2026-01-28,Display Network,Weekend Saver Retention Initiative,Metro Region Conversion Cohort,44948390,Family Planners Interest Segment,1394673896902429,Product Reel Warm Voice,1531156400166546,Brand Awareness,0,0,0,0,0,0,0,0,0,0,0,0,0,0,0,0,0,0,0,0,0,0,0,0
2026-01-28,Affiliate Network,Family Pantry Retention Initiative,Metro Region Conversion Cohort,38881639,Family Planners Lookalike Segment,1010331617086390,Shelf Story Warm Voice,1022962676348579,Brand Awareness,0,0,0,0,0,0,0,0,0,0,0,0,0,0,0,0,0,0,0,0,0,0,0,0
2026-01-27,Marketplace Feed,Seasonal Select Promo Initiative,Central Region Loyalty Cohort,44948390,Health Conscious Buyers Interest Segment,1579872201720726,Price Drop Cut Value Voice,1785180660806373,Catalog Engagement,0,0,0,0,0,0,0,0,0,0,0,0,0,0,0,0,0,0,0,0,0,0,0,0
2026-01-27,Influencer Network,Weekend Saver Retention Initiative,Metro Region Conversion Cohort,44948390,Family Planners Interest Segment,1394673896902429,Offer Spotlight Warm Voice,2577836288304446,Brand Awareness,0,0,0,0,0,0,0,0,0,0,0,0,0,0,0,0,0,0,0,0,0,0,0,0
2026-01-27,In-App Display,Market Fresh Demand Initiative,South Region Prospecting Cohort,44948390,Family Planners Lookalike Segment,1424611946506635,Shelf Story Warm Voice,4022981261236123,Catalog Engagement,0,0,0,0,0,0,0,0,0,0,0,0,0,0,0,0,0,0,0,0,0,0,0,0
2026-01-27,Connected TV,Family Pantry Retention Initiative,Metro Region Conversion Cohort,38881639,Family Planners Lookalike Segment,1010331617086390,Shelf Story Warm Voice,1022962676348579,Brand Awareness,0,0,0,0,0,0,0,0,0,0,0,0,0,0,0,0,0,0,0,0,0,0,0,0
2026-01-27,In-App Display,Smart Choice Impact Initiative,Central Region Loyalty Cohort,44948390,Health Conscious Buyers Interest Segment,4045380354206642,Shelf Story Bold Voice,5851676109927201,Brand Awareness,26.10,4903,0,4544,166,20,100,43,20,128,132,0,0,0,0,9,0,187,3.71,0,1,0,5032,0
2026-01-27,Affiliate Network,Smart Choice Impact Initiative,Central Region Loyalty Cohort,44948390,Weekend Deal Hunters Interest Segment,7654152717899360,Shelf Story Bold Voice,1844583984085561,Brand Awareness,2.94,546,0,484,15,3,38,10,6,20,18,0,0,0,0,1,0,21,3.71,0,0,0,493,0
2026-01-27,Video Network,Smart Choice Impact Initiative,Central Region Loyalty Cohort,44948390,Family Planners Interest Segment,4141466458949862,Shelf Story Bold Voice,1119693786488421,Brand Awareness,31.98,10256,0,7874,229,47,100,93,53,188,170,0,0,0,0,29,0,292,2.37,0,1,0,9896,0
2026-01-27,Discovery Network,Family Pantry Retention Initiative,Metro Region Loyalty Cohort,44948390,Family Planners Lookalike Segment,4174361361672330,Shelf Story Warm Voice,7873932626165346,Catalog Engagement,0,0,0,0,0,0,0,0,0,0,0,0,0,0,0,0,0,0,0,0,0,0,0,0
2026-01-26,Retail Media Network,Market Fresh Demand Initiative,South Region Prospecting Cohort,44948390,Family Planners Lookalike Segment,1424611946506635,Shelf Story Warm Voice,4022981261236123,Catalog Engagement,0,0,0,0,0,0,0,0,0,0,0,0,0,0,0,0,0,0,0,0,0,0,0,0
2026-01-26,Influencer Network,Weekend Saver Retention Initiative,Metro Region Conversion Cohort,44948390,Family Planners Interest Segment,1394673896902429,Collection Showcase Warm Voice,1465857572073203,Brand Awareness,0,0,0,0,0,0,0,0,0,0,0,0,0,0,0,0,0,0,0,0,0,0,0,0
2026-01-26,Display Network,Weekend Saver Retention Initiative,Metro Region Conversion Cohort,44948390,Family Planners Interest Segment,1394673896902429,Price Drop Cut Direct Voice,1812581034724444,Brand Awareness,0,0,0,0,0,0,0,0,0,0,0,0,0,0,0,0,0,0,0,0,0,0,0,0
2026-01-26,Display Network,Smart Choice Impact Initiative,Central Region Loyalty Cohort,44948390,Family Planners Interest Segment,4141466458949862,Shelf Story Bold Voice,1119693786488421,Brand Awareness,32.52,12057,0,10655,226,59,100,100,74,279,236,0,0,0,0,27,0,292,2.4,0,1,0,10991,0
2026-01-26,Discovery Network,Smart Choice Impact Initiative,Central Region Loyalty Cohort,44948390,Health Conscious Buyers Interest Segment,4045380354206642,Shelf Story Bold Voice,5851676109927201,Brand Awareness,24.84,7332,0,5959,169,40,100,77,52,169,150,0,0,1,0,17,0,261,3.43,1,3,0,7206,0
2026-01-26,In-App Display,Weekend Saver Retention Initiative,Metro Region Conversion Cohort,44948390,Family Planners Interest Segment,1394673896902429,Shelf Story Bold Voice,1727505061486984,Brand Awareness,0,0,0,0,0,0,0,0,0,0,0,0,0,0,0,0,0,0,0,0,0,0,0,0
2026-01-26,Video Network,Home Essentials Promo Initiative,Metro Region Conversion Cohort,44948390,Quick Refill Buyers Retention Segment,1899712342036110,Shelf Story Warm Voice,8585579191193727,Brand Awareness,0,0,0,0,0,0,0,0,0,0,0,0,0,0,0,0,0,0,0,0,0,0,0,0
2026-01-26,Search Network,Smart Choice Impact Initiative,Metro Region Loyalty Cohort,44948390,Family Planners Lookalike Segment,2895780604957346,Price Drop Cut Direct Voice,1436052663222758,Brand Awareness,0,0,0,0,0,0,0,0,0,0,0,0,0,0,0,0,0,0,0,0,0,0,0,0
2026-01-26,Shopping Grid,Family Pantry Retention Initiative,Metro Region Conversion Cohort,38881639,Family Planners Lookalike Segment,1010331617086390,Shelf Story Warm Voice,1022962676348579,Brand Awareness,0,0,0,0,0,0,0,0,0,0,0,0,0,0,0,0,0,0,0,0,0,0,0,0
2026-01-26,In-App Display,Smart Choice Impact Initiative,Central Region Loyalty Cohort,44948390,Weekend Deal Hunters Interest Segment,7654152717899360,Shelf Story Bold Voice,1844583984085561,Brand Awareness,3.51,451,0,474,27,2,27,6,2,24,19,0,0,0,0,2,0,36,6.52,0,0,0,515,0
2026-01-26,Marketplace Feed,Weekend Saver Retention Initiative,Metro Region Conversion Cohort,44948390,Family Planners Interest Segment,1394673896902429,Offer Spotlight Warm Voice,2577836288304446,Brand Awareness,0,0,0,0,0,0,0,0,0,0,0,0,0,0,0,0,0,0,0,0,0,0,0,0
2026-01-25,Influencer Network,Family Pantry Retention Initiative,Metro Region Loyalty Cohort,44948390,Family Planners Affinity Segment,1598590790025970,Shelf Story Bold Voice,1509847982445198,Catalog Engagement,0,0,0,0,0,0,0,0,0,0,0,0,0,0,0,0,0,0,0,0,0,0,0,0
2026-01-25,Retail Media Network,Weekend Saver Retention Initiative,Metro Region Conversion Cohort,44948390,Family Planners Interest Segment,1394673896902429,Shelf Story Warm Voice,1160733018635906,Brand Awareness,0,0,0,0,0,0,0,0,0,0,0,0,0,0,0,0,0,0,0,0,0,0,0,0
2026-01-25,Retail Media Network,Home Essentials Scale Initiative,Metro Region Conversion Cohort,44948390,Weekend Deal Hunters Interest Segment,4343805881369289,Product Reel Bold Voice,5183665328983570,Brand Awareness,0,0,0,0,0,0,0,0,0,0,0,0,0,0,0,0,0,0,0,0,0,0,0,0
2026-01-25,Affiliate Network,Smart Choice Impact Initiative,Central Region Loyalty Cohort,44948390,Weekend Deal Hunters Interest Segment,7654152717899360,Shelf Story Bold Voice,1844583984085561,Brand Awareness,2.50,502,0,569,22,1,20,7,3,23,17,0,0,0,0,4,0,32,4.90,0,0,0,561,0
2026-01-25,Marketplace Feed,Home Essentials Promo Initiative,Metro Region Conversion Cohort,44948390,Quick Refill Buyers Retention Segment,1899712342036110,Shelf Story Warm Voice,8585579191193727,Brand Awareness,0,0,0,0,0,0,0,0,0,0,0,0,0,0,0,0,0,0,0,0,0,0,0,0
2026-01-25,Social Feed,Home Essentials Scale Initiative,Metro Region Conversion Cohort,44948390,Bulk Buyers Retention Segment,5247618499351699,Product Reel Bold Voice,4508229314086626,Brand Awareness,0,0,0,0,0,0,0,0,0,0,0,0,0,0,0,0,0,0,0,0,0,0,0,0
2026-01-25,Search Network,Family Pantry Retention Initiative,Metro Region Conversion Cohort,38881639,Family Planners Lookalike Segment,1010331617086390,Shelf Story Warm Voice,1022962676348579,Brand Awareness,0,0,0,0,0,0,0,0,0,0,0,0,0,0,0,0,0,0,0,0,0,0,0,0
2026-01-25,Influencer Network,Family Pantry Retention Initiative,South Region Prospecting Cohort,44948390,Family Planners Lookalike Segment,2507857220866131,Shelf Story Bold Voice,1397918323293131,Catalog Engagement,0,0,0,0,0,0,0,0,0,0,0,0,0,0,0,0,0,0,0,0,0,0,0,0
2026-01-25,Affiliate Network,Market Fresh Demand Initiative,South Region Prospecting Cohort,44948390,Family Planners Lookalike Segment,1424611946506635,Shelf Story Warm Voice,4022981261236123,Catalog Engagement,0,0,0,0,0,0,0,0,0,0,0,0,0,0,0,0,0,0,0,0,0,0,0,0
2026-01-25,Search Network,Smart Choice Impact Initiative,Central Region Loyalty Cohort,44948390,Family Planners Interest Segment,4141466458949862,Shelf Story Bold Voice,1119693786488421,Brand Awareness,29.39,10011,0,9442,217,39,100,100,52,256,227,0,0,1,0,15,0,310,3.09,1,1,0,10239,0
2026-01-25,Connected TV,Smart Choice Impact Initiative,Central Region Loyalty Cohort,44948390,Health Conscious Buyers Interest Segment,4045380354206642,Shelf Story Bold Voice,5851676109927201,Brand Awareness,18.34,4272,0,4340,136,15,100,34,20,114,79,0,0,0,0,5,0,211,3.96,0,3,0,4042,0
2026-01-25,Affiliate Network,Seasonal Select Promo Initiative,Central Region Loyalty Cohort,44948390,Health Conscious Buyers Retention Segment,4923217806187422,Price Drop Cut Value Voice,1586241181303406,Catalog Engagement,0,0,0,0,0,0,0,0,0,0,0,0,0,0,0,0,0,0,0,0,0,0,0,0
2026-01-25,Video Network,Weekend Saver Retention Initiative,Metro Region Conversion Cohort,44948390,Family Planners Interest Segment,1394673896902429,Shelf Story Bold Voice,1572482192481188,Brand Awareness,0,0,0,0,0,0,0,0,0,0,0,0,0,0,0,0,0,0,0,0,0,0,0,0
2026-01-25,Video Network,Seasonal Select Promo Initiative,Central Region Loyalty Cohort,44948390,Health Conscious Buyers Retention Segment,9677712657008967,Price Drop Cut Value Voice,5286913400349336,Catalog Engagement,0,0,0,0,0,0,0,0,0,0,0,0,0,0,0,0,0,0,0,0,0,0,0,0
2026-01-24,Discovery Network,Family Pantry Retention Initiative,Metro Region Loyalty Cohort,44948390,Family Planners Affinity Segment,1598590790025970,Shelf Story Bold Voice,1509847982445198,Catalog Engagement,0,0,0,0,0,0,0,0,0,0,0,0,0,0,0,0,0,0,0,0,0,0,0,0
2026-01-24,Connected TV,Family Pantry Retention Initiative,South Region Prospecting Cohort,44948390,Family Planners Lookalike Segment,6617067623181098,Offer Spotlight Friendly Voice,1272500241996975,Catalog Engagement,0,0,0,0,0,0,0,0,0,0,0,0,0,0,0,0,0,0,0,0,0,0,0,0
2026-01-24,Marketplace Feed,Home Essentials Promo Initiative,Metro Region Conversion Cohort,44948390,Quick Refill Buyers Retention Segment,1899712342036110,Shelf Story Warm Voice,8585579191193727,Brand Awareness,0,0,0,0,0,0,0,0,0,0,0,0,0,0,0,0,0,0,0,0,0,0,0,0
2026-01-24,Influencer Network,Family Pantry Retention Initiative,South Region Prospecting Cohort,44948390,Family Planners Lookalike Segment,2507857220866131,Shelf Story Bold Voice,1397918323293131,Catalog Engagement,0,0,0,0,0,0,0,0,0,0,0,0,0,0,0,0,0,0,0,0,0,0,0,0
2026-01-24,Influencer Network,Home Essentials Scale Initiative,Metro Region Conversion Cohort,44948390,Weekend Deal Hunters Interest Segment,4343805881369289,Price Drop Cut Value Voice,5801739720402972,Brand Awareness,0,0,0,0,0,0,0,0,0,0,0,0,0,0,0,0,0,0,0,0,0,0,0,0
2026-01-24,Shopping Grid,Weekend Saver Retention Initiative,Metro Region Conversion Cohort,44948390,Family Planners Interest Segment,1394673896902429,Shelf Story Bold Voice,1727505061486984,Brand Awareness,0,0,0,0,0,0,0,0,0,0,0,0,0,0,0,0,0,0,0,0,0,0,0,0
2026-01-24,Affiliate Network,Seasonal Select Promo Initiative,Central Region Loyalty Cohort,44948390,Health Conscious Buyers Retention Segment,4923217806187422,Price Drop Cut Value Voice,1586241181303406,Catalog Engagement,0,0,0,0,0,0,0,0,0,0,0,0,0,0,0,0,0,0,0,0,0,0,0,0
2026-01-24,Shopping Grid,Seasonal Select Promo Initiative,Central Region Loyalty Cohort,44948390,Health Conscious Buyers Interest Segment,1579872201720726,Price Drop Cut Value Voice,1785180660806373,Catalog Engagement,0,0,0,0,0,0,0,0,0,0,0,0,0,0,0,0,0,0,0,0,0,0,0,0
2026-01-24,Marketplace Feed,Smart Choice Impact Initiative,Central Region Loyalty Cohort,44948390,Weekend Deal Hunters Interest Segment,7654152717899360,Shelf Story Bold Voice,1844583984085561,Brand Awareness,6.11,832,0,843,39,7,43,13,8,39,34,0,0,0,0,0,0,54,5.27,0,2,0,896,0
2026-01-24,Social Feed,Family Pantry Retention Initiative,Metro Region Conversion Cohort,44948390,Bulk Buyers Retention Segment,1517535631787237,Collection Showcase Warm Voice,4226541256546155,Catalog Engagement,0,0,0,0,0,0,0,0,0,0,0,0,0,0,0,0,0,0,0,0,0,0,0,0
2026-01-24,Shopping Grid,Smart Choice Impact Initiative,Central Region Loyalty Cohort,44948390,Family Planners Interest Segment,4141466458949862,Shelf Story Bold Voice,1119693786488421,Brand Awareness,40.88,10349,0,9407,259,36,100,75,46,272,218,0,0,0,0,19,0,440,3.57,0,1,0,9176,0
2026-01-24,Shopping Grid,Seasonal Select Promo Initiative,Central Region Loyalty Cohort,44948390,Health Conscious Buyers Retention Segment,9677712657008967,Price Drop Cut Value Voice,5286913400349336,Catalog Engagement,0,0,0,0,0,0,0,0,0,0,0,0,0,0,0,0,0,0,0,0,0,0,0,0
2026-01-24,In-App Display,Smart Choice Impact Initiative,Central Region Loyalty Cohort,44948390,Health Conscious Buyers Interest Segment,4045380354206642,Shelf Story Bold Voice,5851676109927201,Brand Awareness,14.10,3289,0,2880,82,6,95,24,12,70,53,0,0,0,0,4,0,107,3.78,0,1,0,3128,0
2026-01-24,Connected TV,Family Pantry Retention Initiative,Metro Region Conversion Cohort,38881639,Family Planners Lookalike Segment,1010331617086390,Shelf Story Warm Voice,1022962676348579,Brand Awareness,0,0,0,0,0,0,0,0,0,0,0,0,0,0,0,0,0,0,0,0,0,0,0,0
2026-01-24,Social Feed,Market Fresh Demand Initiative,South Region Prospecting Cohort,44948390,Family Planners Lookalike Segment,1424611946506635,Shelf Story Warm Voice,4022981261236123,Catalog Engagement,0,0,0,0,0,0,0,0,0,0,0,0,0,0,0,0,0,0,0,0,0,0,0,0
2026-01-23,Marketplace Feed,Home Essentials Scale Initiative,Metro Region Conversion Cohort,44948390,Weekend Deal Hunters Interest Segment,4343805881369289,Offer Spotlight Bold Voice,1385659771966915,Brand Awareness,0,0,0,0,0,0,0,0,0,0,0,0,0,0,0,0,0,0,0,0,0,0,0,0
2026-01-23,Search Network,Home Essentials Promo Initiative,Metro Region Conversion Cohort,44948390,Quick Refill Buyers Retention Segment,1899712342036110,Shelf Story Warm Voice,8585579191193727,Brand Awareness,0,0,0,0,0,0,0,0,0,0,0,0,0,0,0,0,0,0,0,0,0,0,0,0
2026-01-23,Affiliate Network,Market Fresh Demand Initiative,South Region Prospecting Cohort,44948390,Family Planners Lookalike Segment,1424611946506635,Shelf Story Warm Voice,4022981261236123,Catalog Engagement,0,0,0,0,0,0,0,0,0,0,0,0,0,0,0,0,0,0,0,0,0,0,0,0
2026-01-23,Influencer Network,Smart Choice Impact Initiative,Central Region Loyalty Cohort,44948390,Weekend Deal Hunters Interest Segment,7654152717899360,Shelf Story Bold Voice,1844583984085561,Brand Awareness,4.95,824,0,723,29,2,37,8,5,26,21,0,0,0,0,0,0,35,4.5,0,0,0,791,0
2026-01-23,Retail Media Network,Family Pantry Retention Initiative,South Region Prospecting Cohort,44948390,Family Planners Lookalike Segment,2507857220866131,Shelf Story Bold Voice,1397918323293131,Catalog Engagement,0,0,0,0,0,0,0,0,0,0,0,0,0,0,0,0,0,0,0,0,0,0,0,0
2026-01-23,Video Network,Smart Choice Impact Initiative,Central Region Loyalty Cohort,44948390,Family Planners Interest Segment,4141466458949862,Shelf Story Bold Voice,1119693786488421,Brand Awareness,36.60,10535,0,9488,224,41,100,96,55,211,212,0,0,0,0,11,0,305,3.4,1,0,0,8867,0
2026-01-23,Retail Media Network,Seasonal Select Promo Initiative,Central Region Loyalty Cohort,44948390,Health Conscious Buyers Interest Segment,1579872201720726,Price Drop Cut Value Voice,1785180660806373,Catalog Engagement,0,0,0,0,0,0,0,0,0,0,0,0,0,0,0,0,0,0,0,0,0,0,0,0
2026-01-23,Display Network,Smart Choice Impact Initiative,Central Region Loyalty Cohort,44948390,Health Conscious Buyers Interest Segment,4045380354206642,Shelf Story Bold Voice,5851676109927201,Brand Awareness,15.52,3280,0,3049,80,11,100,33,18,86,65,0,0,0,0,3,0,123,3.42,0,0,0,3159,0
2026-01-23,Video Network,Home Essentials Promo Initiative,Metro Region Loyalty Cohort,38881639,Family Planners Lookalike Segment,8962004814279482,Shelf Story Value Voice,1020691786654074,Brand Awareness,0,0,0,0,0,0,0,0,0,0,0,0,0,0,0,0,0,0,0,0,0,0,0,0
2026-01-23,Shopping Grid,Family Pantry Retention Initiative,Metro Region Conversion Cohort,38881639,Family Planners Lookalike Segment,1010331617086390,Shelf Story Warm Voice,1022962676348579,Brand Awareness,0,0,0,0,0,0,0,0,0,0,0,0,0,0,0,0,0,0,0,0,0,0,0,0
2026-01-23,Marketplace Feed,Weekend Saver Retention Initiative,Metro Region Conversion Cohort,44948390,Family Planners Interest Segment,1394673896902429,Price Drop Cut Direct Voice,1812581034724444,Brand Awareness,0,0,0,0,0,0,0,0,0,0,0,0,0,0,0,0,0,0,0,0,0,0,0,0
2026-01-23,Video Network,Seasonal Select Promo Initiative,Central Region Loyalty Cohort,44948390,Health Conscious Buyers Retention Segment,9677712657008967,Price Drop Cut Value Voice,5286913400349336,Catalog Engagement,0,0,0,0,0,0,0,0,0,0,0,0,0,0,0,0,0,0,0,0,0,0,0,0
2026-01-23,Search Network,Home Essentials Promo Initiative,Metro Region Conversion Cohort,44948390,Quick Refill Buyers Retention Segment,1899712342036110,Price Drop Cut Direct Voice,1709471878481370,Brand Awareness,0,0,0,0,0,0,0,0,0,0,0,0,0,0,0,0,0,0,0,0,0,0,0,0
2026-01-22,Discovery Network,Smart Choice Impact Initiative,Central Region Loyalty Cohort,44948390,Weekend Deal Hunters Interest Segment,7654152717899360,Shelf Story Bold Voice,1844583984085561,Brand Awareness,5.56,929,0,967,31,5,55,11,8,35,31,0,0,0,0,1,0,35,3,0,0,0,1074,0
2026-01-22,Search Network,Seasonal Select Promo Initiative,Central Region Loyalty Cohort,44948390,Health Conscious Buyers Retention Segment,9677712657008967,Price Drop Cut Value Voice,5286913400349336,Catalog Engagement,0,0,0,0,0,0,0,0,0,0,0,0,0,0,0,0,0,0,0,0,0,0,0,0
2026-01-22,Retail Media Network,Seasonal Select Promo Initiative,Central Region Loyalty Cohort,44948390,Health Conscious Buyers Retention Segment,4923217806187422,Price Drop Cut Value Voice,1586241181303406,Catalog Engagement,0,0,0,0,0,0,0,0,0,0,0,0,0,0,0,0,0,0,0,0,0,0,0,0
2026-01-22,Discovery Network,Smart Choice Impact Initiative,Central Region Loyalty Cohort,44948390,Family Planners Interest Segment,4141466458949862,Shelf Story Bold Voice,1119693786488421,Brand Awareness,35.89,7551,0,7922,210,47,100,99,63,225,176,0,0,0,0,12,0,282,2.94,0,0,0,8541,0
2026-01-22,Display Network,Smart Choice Impact Initiative,Central Region Loyalty Cohort,44948390,Health Conscious Buyers Interest Segment,4045380354206642,Shelf Story Bold Voice,5851676109927201,Brand Awareness,18.16,4328,0,3844,106,11,100,26,11,87,85,0,0,1,0,18,0,133,2.9,0,0,0,3702,0
2026-01-22,Marketplace Feed,Family Pantry Retention Initiative,Metro Region Conversion Cohort,38881639,Family Planners Lookalike Segment,1010331617086390,Shelf Story Warm Voice,1022962676348579,Brand Awareness,0,0,0,0,0,0,0,0,0,0,0,0,0,0,0,0,0,0,0,0,0,0,0,0
2026-01-22,Marketplace Feed,Seasonal Select Promo Initiative,Central Region Loyalty Cohort,44948390,Health Conscious Buyers Interest Segment,1579872201720726,Price Drop Cut Value Voice,1785180660806373,Catalog Engagement,0,0,0,0,0,0,0,0,0,0,0,0,0,0,0,0,0,0,0,0,0,0,0,0
2026-01-22,Video Network,Home Essentials Promo Initiative,Metro Region Conversion Cohort,44948390,Quick Refill Buyers Retention Segment,1899712342036110,Shelf Story Warm Voice,8585579191193727,Brand Awareness,0,0,0,0,0,0,0,0,0,0,0,0,0,0,0,0,0,0,0,0,0,0,0,0
2026-01-22,Video Network,Home Essentials Scale Initiative,Metro Region Conversion Cohort,44948390,Weekend Deal Hunters Interest Segment,4343805881369289,Offer Spotlight Warm Voice,1438846480461721,Brand Awareness,0,0,0,0,0,0,0,0,0,0,0,0,0,0,0,0,0,0,0,0,0,0,0,0
2026-01-22,In-App Display,Weekend Saver Retention Initiative,Metro Region Conversion Cohort,44948390,Family Planners Interest Segment,1394673896902429,Offer Spotlight Warm Voice,2577836288304446,Brand Awareness,0,0,0,0,0,0,0,0,0,0,0,0,0,0,0,0,0,0,0,0,0,0,0,0
2026-01-22,Discovery Network,Market Fresh Demand Initiative,South Region Prospecting Cohort,44948390,Family Planners Lookalike Segment,1424611946506635,Shelf Story Warm Voice,4022981261236123,Catalog Engagement,0,0,0,0,0,0,0,0,0,0,0,0,0,0,0,0,0,0,0,0,0,0,0,0
2026-01-21,Marketplace Feed,Home Essentials Promo Initiative,Metro Region Conversion Cohort,44948390,Quick Refill Buyers Retention Segment,1899712342036110,Shelf Story Warm Voice,8585579191193727,Brand Awareness,0,0,0,0,0,0,0,0,0,0,0,0,0,0,0,0,0,0,0,0,0,0,0,0
2026-01-21,Connected TV,Seasonal Select Promo Initiative,Central Region Loyalty Cohort,44948390,Health Conscious Buyers Interest Segment,1579872201720726,Price Drop Cut Value Voice,1785180660806373,Catalog Engagement,0,0,0,0,0,0,0,0,0,0,0,0,0,0,0,0,0,0,0,0,0,0,0,0
2026-01-21,Affiliate Network,Family Pantry Retention Initiative,Metro Region Conversion Cohort,38881639,Family Planners Lookalike Segment,1010331617086390,Shelf Story Warm Voice,1022962676348579,Brand Awareness,0,0,0,0,0,0,0,0,0,0,0,0,0,0,0,0,0,0,0,0,0,0,0,0
2026-01-21,Connected TV,Smart Choice Impact Initiative,Central Region Loyalty Cohort,44948390,Weekend Deal Hunters Interest Segment,7654152717899360,Shelf Story Bold Voice,1844583984085561,Brand Awareness,4.36,814,0,688,24,2,47,13,5,29,23,0,0,0,0,1,0,36,4.3,0,0,0,731,0
2026-01-21,Video Network,Family Pantry Retention Initiative,South Region Prospecting Cohort,44948390,Family Planners Lookalike Segment,2507857220866131,Shelf Story Bold Voice,1397918323293131,Catalog Engagement,0,0,0,0,0,0,0,0,0,0,0,0,0,0,0,0,0,0,0,0,0,0,0,0
2026-01-21,Connected TV,Weekend Saver Retention Initiative,Metro Region Conversion Cohort,44948390,Family Planners Lookalike Segment,6414513530178736,Price Drop Cut Direct Voice,1778721621071784,Brand Awareness,0,0,0,0,0,0,0,0,0,0,0,0,0,0,0,0,0,0,0,0,0,0,0,0
2026-01-21,In-App Display,Weekend Saver Retention Initiative,Metro Region Conversion Cohort,44948390,Family Planners Interest Segment,1394673896902429,Shelf Story Bold Voice,1727505061486984,Brand Awareness,0,0,0,0,0,0,0,0,0,0,0,0,0,0,0,0,0,0,0,0,0,0,0,0
2026-01-21,Marketplace Feed,Smart Choice Impact Initiative,Central Region Loyalty Cohort,44948390,Health Conscious Buyers Interest Segment,4045380354206642,Shelf Story Bold Voice,5851676109927201,Brand Awareness,21.4,4757,0,4994,125,10,100,32,15,103,81,0,0,0,0,21,0,173,3.45,0,2,0,4859,0
2026-01-21,Display Network,Smart Choice Impact Initiative,Metro Region Loyalty Cohort,44948390,Family Planners Lookalike Segment,2895780604957346,Price Drop Cut Direct Voice,1436052663222758,Brand Awareness,0,0,0,0,0,0,0,0,0,0,0,0,0,0,0,0,0,0,0,0,0,0,0,0
2026-01-21,Affiliate Network,Weekend Saver Retention Initiative,Metro Region Conversion Cohort,44948390,Family Planners Lookalike Segment,6414513530178736,Shelf Story Bold Voice,1196365529472696,Brand Awareness,0,0,0,0,0,0,0,0,0,0,0,0,0,0,0,0,0,0,0,0,0,0,0,0
2026-01-21,Shopping Grid,Weekend Saver Retention Initiative,Metro Region Conversion Cohort,44948390,Family Planners Interest Segment,1394673896902429,Shelf Story Bold Voice,1572482192481188,Brand Awareness,0,0,0,0,0,0,0,0,0,0,0,0,0,0,0,0,0,0,0,0,0,0,0,0
2026-01-21,Affiliate Network,Weekend Saver Retention Initiative,Metro Region Conversion Cohort,44948390,Family Planners Interest Segment,1394673896902429,Price Drop Cut Direct Voice,1812581034724444,Brand Awareness,0,0,0,0,0,0,0,0,0,0,0,0,0,0,0,0,0,0,0,0,0,0,0,0
2026-01-21,Connected TV,Seasonal Select Promo Initiative,Central Region Loyalty Cohort,44948390,Health Conscious Buyers Retention Segment,4923217806187422,Price Drop Cut Value Voice,1586241181303406,Catalog Engagement,0,0,0,0,0,0,0,0,0,0,0,0,0,0,0,0,0,0,0,0,0,0,0,0
2026-01-21,Video Network,Seasonal Select Promo Initiative,Central Region Loyalty Cohort,44948390,Health Conscious Buyers Retention Segment,9677712657008967,Price Drop Cut Value Voice,5286913400349336,Catalog Engagement,0,0,0,0,0,0,0,0,0,0,0,0,0,0,0,0,0,0,0,0,0,0,0,0
2026-01-21,Shopping Grid,Smart Choice Impact Initiative,Central Region Loyalty Cohort,44948390,Family Planners Interest Segment,4141466458949862,Shelf Story Bold Voice,1119693786488421,Brand Awareness,37.79,8894,0,8424,243,62,100,100,68,278,259,0,0,0,0,17,0,315,2.9,0,1,0,10156,0
2026-01-21,Social Feed,Weekend Saver Retention Initiative,Metro Region Conversion Cohort,44948390,Family Planners Interest Segment,1394673896902429,Offer Spotlight Warm Voice,2577836288304446,Brand Awareness,0,0,0,0,0,0,0,0,0,0,0,0,0,0,0,0,0,0,0,0,0,0,0,0
2026-01-21,Influencer Network,Market Fresh Demand Initiative,South Region Prospecting Cohort,44948390,Family Planners Lookalike Segment,1424611946506635,Shelf Story Warm Voice,4022981261236123,Catalog Engagement,0,0,0,0,0,0,0,0,0,0,0,0,0,0,0,0,0,0,0,0,0,0,0,0
2026-01-21,Retail Media Network,Weekend Saver Retention Initiative,Metro Region Conversion Cohort,44948390,Family Planners Interest Segment,1394673896902429,Shelf Story Warm Voice,3933844935781169,Brand Awareness,0,0,0,0,0,0,0,0,0,0,0,0,0,0,0,0,0,0,0,0,0,0,0,0
2026-01-20,Marketplace Feed,Seasonal Select Promo Initiative,Central Region Loyalty Cohort,44948390,Health Conscious Buyers Interest Segment,1579872201720726,Price Drop Cut Value Voice,1785180660806373,Catalog Engagement,134.33,18861,0,17739,95,100,100,100,100,2928,2487,0,0,0,0,100,0,180,0.85,2,8,0,20272,0
2026-01-20,Marketplace Feed,Weekend Saver Retention Initiative,Metro Region Conversion Cohort,44948390,Family Planners Lookalike Segment,6414513530178736,Shelf Story Bold Voice,1196365529472696,Brand Awareness,0,0,0,0,0,0,0,0,0,0,0,0,0,0,0,0,0,0,0,0,0,0,0,0
2026-01-20,Search Network,Weekend Saver Retention Initiative,Metro Region Conversion Cohort,44948390,Family Planners Interest Segment,1394673896902429,Offer Spotlight Warm Voice,2577836288304446,Brand Awareness,0,0,0,0,0,0,0,0,0,0,0,0,0,0,0,0,0,0,0,0,0,0,0,0
2026-01-20,Social Feed,Weekend Saver Retention Initiative,Metro Region Conversion Cohort,44948390,Family Planners Interest Segment,1394673896902429,Product Reel Warm Voice,1531156400166546,Brand Awareness,0,0,0,0,0,0,0,0,0,0,0,0,0,0,0,0,0,0,0,0,0,0,0,0
2026-01-20,Discovery Network,Home Essentials Scale Initiative,Metro Region Conversion Cohort,44948390,Weekend Deal Hunters Interest Segment,4343805881369289,Shelf Story Warm Voice,1639340882427244,Brand Awareness,0,0,0,0,0,0,0,0,0,0,0,0,0,0,0,0,0,0,0,0,0,0,0,0
2026-01-20,In-App Display,Weekend Saver Retention Initiative,Metro Region Conversion Cohort,44948390,Family Planners Lookalike Segment,6414513530178736,Price Drop Cut Direct Voice,1778721621071784,Brand Awareness,0,0,0,0,0,0,0,0,0,0,0,0,0,0,0,0,0,0,0,0,0,0,0,0
2026-01-20,Social Feed,Weekend Saver Retention Initiative,Metro Region Conversion Cohort,44948390,Family Planners Affinity Segment,1389569022480948,Price Drop Cut Direct Voice,2353395177123655,Brand Awareness,0,0,0,0,0,0,0,0,0,0,0,0,0,0,0,0,0,0,0,0,0,0,0,0
2026-01-20,In-App Display,Home Essentials Scale Initiative,Metro Region Conversion Cohort,44948390,Weekend Deal Hunters Interest Segment,4343805881369289,Offer Spotlight Bold Voice,1385659771966915,Brand Awareness,0,0,0,0,0,0,0,0,0,0,0,0,0,0,0,0,0,0,0,0,0,0,0,0
2026-01-20,Retail Media Network,Weekend Saver Retention Initiative,Metro Region Conversion Cohort,44948390,Family Planners Affinity Segment,1389569022480948,Product Reel Warm Voice,4315365691759735,Brand Awareness,0,0,0,0,0,0,0,0,0,0,0,0,0,0,0,0,0,0,0,0,0,0,0,0
2026-01-20,Connected TV,Weekend Saver Retention Initiative,Metro Region Conversion Cohort,44948390,Family Planners Lookalike Segment,6414513530178736,Shelf Story Warm Voice,1528485474993574,Brand Awareness,0,0,0,0,0,0,0,0,0,0,0,0,0,0,0,0,0,0,0,0,0,0,0,0
2026-01-20,Affiliate Network,Smart Choice Impact Initiative,Central Region Loyalty Cohort,44948390,Health Conscious Buyers Interest Segment,4045380354206642,Shelf Story Bold Voice,5851676109927201,Brand Awareness,14.48,3774,0,3735,101,11,100,24,14,98,73,0,0,0,0,11,0,129,3.9,0,0,0,3007,0
2026-01-20,Social Feed,Weekend Saver Retention Initiative,Metro Region Conversion Cohort,44948390,Family Planners Affinity Segment,1389569022480948,Shelf Story Bold Voice,3265216505548394,Brand Awareness,0,0,0,0,0,0,0,0,0,0,0,0,0,0,0,0,0,0,0,0,0,0,0,0
2026-01-20,Discovery Network,Weekend Saver Retention Initiative,Metro Region Conversion Cohort,44948390,Family Planners Affinity Segment,1389569022480948,Shelf Story Warm Voice,8479093620973308,Brand Awareness,0,0,0,0,0,0,0,0,0,0,0,0,0,0,0,0,0,0,0,0,0,0,0,0
2026-01-20,Search Network,Market Fresh Demand Initiative,South Region Prospecting Cohort,44948390,Family Planners Lookalike Segment,1424611946506635,Shelf Story Warm Voice,4022981261236123,Catalog Engagement,0,0,0,0,0,0,0,0,0,0,0,0,0,0,0,0,0,0,0,0,0,0,0,0
2026-01-20,Discovery Network,Family Pantry Retention Initiative,South Region Prospecting Cohort,44948390,Family Planners Lookalike Segment,2507857220866131,Shelf Story Bold Voice,1397918323293131,Catalog Engagement,0,0,0,0,0,0,0,0,0,0,0,0,0,0,0,0,0,0,0,0,0,0,0,0
2026-01-20,In-App Display,Family Pantry Retention Initiative,Metro Region Conversion Cohort,44948390,Weekend Deal Hunters Interest Segment,1111168710985428,Shelf Story Warm Voice,3091154683545491,Brand Awareness,0,0,0,0,0,0,0,0,0,0,0,0,0,0,0,0,0,0,0,0,0,0,0,0
2026-01-20,Discovery Network,Family Pantry Retention Initiative,Metro Region Conversion Cohort,38881639,Family Planners Lookalike Segment,1010331617086390,Shelf Story Warm Voice,1022962676348579,Brand Awareness,0,0,0,0,0,0,0,0,0,0,0,0,0,0,0,0,0,0,0,0,0,0,0,0
2026-01-20,Video Network,Home Essentials Scale Initiative,Metro Region Conversion Cohort,44948390,Weekend Deal Hunters Interest Segment,4343805881369289,Shelf Story Warm Voice,4145707611858469,Brand Awareness,0,0,0,0,0,0,0,0,0,0,0,0,0,0,0,0,0,0,0,0,0,0,0,0
2026-01-20,Discovery Network,Smart Choice Impact Initiative,Central Region Loyalty Cohort,44948390,Family Planners Interest Segment,4141466458949862,Shelf Story Bold Voice,1119693786488421,Brand Awareness,29.46,6410,0,6859,163,40,100,80,56,210,186,0,0,0,0,20,0,280,4.06,0,6,0,5786,0
2026-01-20,Video Network,Family Pantry Retention Initiative,Metro Region Conversion Cohort,44948390,Weekend Deal Hunters Interest Segment,1111168710985428,Product Reel Bold Voice,9312231377415291,Brand Awareness,0,0,0,0,0,0,0,0,0,0,0,0,0,0,0,0,0,0,0,0,0,0,0,0
2026-01-20,Marketplace Feed,Weekend Saver Retention Initiative,Metro Region Conversion Cohort,44948390,Family Planners Affinity Segment,1389569022480948,Shelf Story Warm Voice,1530693847075314,Brand Awareness,0,0,0,0,0,0,0,0,0,0,0,0,0,0,0,0,0,0,0,0,0,0,0,0
2026-01-20,Connected TV,Seasonal Select Promo Initiative,Central Region Loyalty Cohort,44948390,Health Conscious Buyers Retention Segment,4923217806187422,Price Drop Cut Value Voice,1586241181303406,Catalog Engagement,10.36,1513,0,1683,8,56,100,100,100,188,168,0,0,0,0,5,0,11,0.61,0,0,0,1680,0
2026-01-20,Influencer Network,Smart Choice Impact Initiative,Central Region Loyalty Cohort,44948390,Weekend Deal Hunters Interest Segment,7654152717899360,Shelf Story Bold Voice,1844583984085561,Brand Awareness,2.7,395,0,457,18,0,26,3,2,17,16,0,0,0,0,1,0,22,4.9,0,0,0,404,0
2026-01-20,Influencer Network,Seasonal Select Promo Initiative,Central Region Loyalty Cohort,44948390,Health Conscious Buyers Retention Segment,9677712657008967,Price Drop Cut Value Voice,5286913400349336,Catalog Engagement,115.34,18627,0,22589,115,100,100,100,100,2266,1831,0,0,0,0,112,0,232,0.87,1,5,0,19612,0
2026-01-20,Connected TV,Weekend Saver Retention Initiative,Metro Region Conversion Cohort,44948390,Family Planners Interest Segment,1394673896902429,Shelf Story Bold Voice,1727505061486984,Brand Awareness,0,0,0,0,0,0,0,0,0,0,0,0,0,0,0,0,0,0,0,0,0,0,0,0
2026-01-20,Shopping Grid,Weekend Saver Retention Initiative,Metro Region Conversion Cohort,44948390,Family Planners Affinity Segment,1389569022480948,Collection Showcase Warm Voice,1320111340611203,Brand Awareness,0,0,0,0,0,0,0,0,0,0,0,0,0,0,0,0,0,0,0,0,0,0,0,0
2026-01-20,Affiliate Network,Weekend Saver Retention Initiative,Metro Region Conversion Cohort,44948390,Family Planners Affinity Segment,1389569022480948,Offer Spotlight Warm Voice,1545542195763148,Brand Awareness,0,0,0,0,0,0,0,0,0,0,0,0,0,0,0,0,0,0,0,0,0,0,0,0
2026-01-19,Marketplace Feed,Seasonal Select Promo Initiative,Central Region Loyalty Cohort,44948390,Health Conscious Buyers Interest Segment,1579872201720726,Price Drop Cut Value Voice,1785180660806373,Catalog Engagement,126.68,22356,0,23775,115,100,100,100,100,3154,2673,0,0,0,0,127,0,244,0.91,2,4,0,18655,0
2026-01-19,Shopping Grid,Seasonal Select Promo Initiative,Central Region Loyalty Cohort,44948390,Health Conscious Buyers Retention Segment,4923217806187422,Price Drop Cut Value Voice,1586241181303406,Catalog Engagement,13.03,2076,0,2053,13,91,100,100,100,330,284,0,0,0,0,10,0,21,1.06,0,0,0,2042,0
2026-01-19,Discovery Network,Home Essentials Scale Initiative,Metro Region Conversion Cohort,44948390,Weekend Deal Hunters Interest Segment,4343805881369289,Promo Banner Friendly Voice,1828054372146134,Brand Awareness,0,0,0,0,0,0,0,0,0,0,0,0,0,0,0,0,0,0,0,0,0,0,0,0
2026-01-19,Connected TV,Smart Choice Impact Initiative,Metro Region Loyalty Cohort,44948390,Family Planners Lookalike Segment,2895780604957346,Price Drop Cut Direct Voice,1436052663222758,Brand Awareness,0,0,0,0,0,0,0,0,0,0,0,0,0,0,0,0,0,0,0,0,0,0,0,0
2026-01-19,Retail Media Network,Family Pantry Retention Initiative,South Region Prospecting Cohort,44948390,Family Planners Lookalike Segment,2507857220866131,Shelf Story Bold Voice,1397918323293131,Catalog Engagement,0,0,0,0,0,0,0,0,0,0,0,0,0,0,0,0,0,0,0,0,0,0,0,0
2026-01-19,Connected TV,Family Pantry Retention Initiative,Metro Region Conversion Cohort,38881639,Family Planners Lookalike Segment,1010331617086390,Shelf Story Warm Voice,1022962676348579,Brand Awareness,0,0,0,0,0,0,0,0,0,0,0,0,0,0,0,0,0,0,0,0,0,0,0,0
2026-01-19,Affiliate Network,Market Fresh Demand Initiative,South Region Prospecting Cohort,44948390,Family Planners Lookalike Segment,1424611946506635,Shelf Story Warm Voice,4022981261236123,Catalog Engagement,0,0,0,0,0,0,0,0,0,0,0,0,0,0,0,0,0,0,0,0,0,0,0,0
2026-01-19,Marketplace Feed,Family Pantry Retention Initiative,Metro Region Conversion Cohort,44948390,Bulk Buyers Retention Segment,1517535631787237,Product Reel Bold Voice,5584704922281582,Catalog Engagement,0,0,0,0,0,0,0,0,0,0,0,0,0,0,0,0,0,0,0,0,0,0,0,0
2026-01-19,Social Feed,Home Essentials Promo Initiative,Metro Region Conversion Cohort,44948390,Quick Refill Buyers Retention Segment,1899712342036110,Price Drop Cut Direct Voice,1709471878481370,Brand Awareness,0,0,0,0,0,0,0,0,0,0,0,0,0,0,0,0,0,0,0,0,0,0,0,0
2026-01-19,In-App Display,Weekend Saver Retention Initiative,Metro Region Conversion Cohort,44948390,Family Planners Interest Segment,1394673896902429,Price Drop Cut Direct Voice,1812581034724444,Brand Awareness,0,0,0,0,0,0,0,0,0,0,0,0,0,0,0,0,0,0,0,0,0,0,0,0
2026-01-19,Shopping Grid,Seasonal Select Promo Initiative,Central Region Loyalty Cohort,44948390,Health Conscious Buyers Retention Segment,9677712657008967,Price Drop Cut Value Voice,5286913400349336,Catalog Engagement,97.91,14530,0,16040,96,100,100,100,100,2101,1886,0,0,0,0,86,0,197,0.94,1,6,0,16855,0
2026-01-18,Connected TV,Family Pantry Retention Initiative,Metro Region Conversion Cohort,38881639,Family Planners Lookalike Segment,1010331617086390,Shelf Story Warm Voice,1022962676348579,Brand Awareness,0,0,0,0,0,0,0,0,0,0,0,0,0,0,0,0,0,0,0,0,0,0,0,0
2026-01-18,Shopping Grid,Family Pantry Retention Initiative,South Region Prospecting Cohort,44948390,Family Planners Lookalike Segment,2507857220866131,Shelf Story Bold Voice,1397918323293131,Catalog Engagement,0,0,0,0,0,0,0,0,0,0,0,0,0,0,0,0,0,0,0,0,0,0,0,0
2026-01-18,Affiliate Network,Home Essentials Promo Initiative,South Region Prospecting Cohort,44948390,Family Planners Lookalike Segment,1115673868745708,Offer Spotlight Friendly Voice,6462078678771920,Catalog Engagement,0,0,0,0,0,0,0,0,0,0,0,0,0,0,0,0,0,0,0,0,0,0,0,0
2026-01-18,Affiliate Network,Market Fresh Demand Initiative,South Region Prospecting Cohort,44948390,Family Planners Lookalike Segment,1424611946506635,Shelf Story Warm Voice,4022981261236123,Catalog Engagement,157.58,63313,0,66809,153,100,100,100,100,10424,7065,0,0,0,0,116,0,302,0.38,0,9,0,55123,0
2026-01-18,Retail Media Network,Weekend Saver Retention Initiative,Metro Region Conversion Cohort,44948390,Family Planners Interest Segment,1394673896902429,Shelf Story Bold Voice,1727505061486984,Brand Awareness,0,0,0,0,0,0,0,0,0,0,0,0,0,0,0,0,0,0,0,0,0,0,0,0
2026-01-18,Video Network,Weekend Saver Retention Initiative,Metro Region Conversion Cohort,44948390,Family Planners Interest Segment,1394673896902429,Price Drop Cut Direct Voice,1812581034724444,Brand Awareness,0,0,0,0,0,0,0,0,0,0,0,0,0,0,0,0,0,0,0,0,0,0,0,0
2026-01-18,In-App Display,Weekend Saver Retention Initiative,Metro Region Conversion Cohort,44948390,Family Planners Interest Segment,9001467427315218,Shelf Story Bold Voice,1654622554129855,Brand Awareness,0,0,0,0,0,0,0,0,0,0,0,0,0,0,0,0,0,0,0,0,0,0,0,0
2026-01-18,Retail Media Network,Seasonal Select Promo Initiative,Central Region Loyalty Cohort,44948390,Health Conscious Buyers Retention Segment,9677712657008967,Price Drop Cut Value Voice,5286913400349336,Catalog Engagement,142.98,21807,0,23899,104,100,100,100,100,3352,2645,0,0,0,0,171,0,289,0.93,5,6,0,24324,0
2026-01-18,Social Feed,Home Essentials Scale Initiative,Metro Region Conversion Cohort,44948390,Weekend Deal Hunters Interest Segment,4343805881369289,Shelf Story Warm Voice,1639340882427244,Brand Awareness,0,0,0,0,0,0,0,0,0,0,0,0,0,0,0,0,0,0,0,0,0,0,0,0
2026-01-18,Shopping Grid,Weekend Saver Retention Initiative,Metro Region Conversion Cohort,44948390,Family Planners Interest Segment,1394673896902429,Shelf Story Warm Voice,3933844935781169,Brand Awareness,0,0,0,0,0,0,0,0,0,0,0,0,0,0,0,0,0,0,0,0,0,0,0,0
2026-01-18,Connected TV,Weekend Saver Retention Initiative,Metro Region Conversion Cohort,44948390,Family Planners Interest Segment,1394673896902429,Collection Showcase Warm Voice,1465857572073203,Brand Awareness,0,0,0,0,0,0,0,0,0,0,0,0,0,0,0,0,0,0,0,0,0,0,0,0
2026-01-18,Video Network,Home Essentials Promo Initiative,Metro Region Conversion Cohort,44948390,Quick Refill Buyers Retention Segment,1899712342036110,Price Drop Cut Direct Voice,1709471878481370,Brand Awareness,0,0,0,0,0,0,0,0,0,0,0,0,0,0,0,0,0,0,0,0,0,0,0,0
2026-01-18,Discovery Network,Seasonal Select Promo Initiative,Central Region Loyalty Cohort,44948390,Health Conscious Buyers Retention Segment,4923217806187422,Price Drop Cut Value Voice,1586241181303406,Catalog Engagement,13.94,2027,0,2512,16,88,100,100,100,356,285,0,0,0,0,8,0,21,0.87,0,2,0,2151,0
2026-01-18,Connected TV,Seasonal Select Promo Initiative,Central Region Loyalty Cohort,44948390,Health Conscious Buyers Interest Segment,1579872201720726,Price Drop Cut Value Voice,1785180660806373,Catalog Engagement,105.06,18377,0,20582,96,100,100,100,100,2752,2466,0,0,1,0,132,0,185,0.97,1,2,0,16786,0
2026-01-18,In-App Display,Home Essentials Scale Initiative,Metro Region Conversion Cohort,44948390,Weekend Deal Hunters Interest Segment,4343805881369289,Price Drop Cut Value Voice,5801739720402972,Brand Awareness,0,0,0,0,0,0,0,0,0,0,0,0,0,0,0,0,0,0,0,0,0,0,0,0
2026-01-17,Retail Media Network,Family Pantry Retention Initiative,Metro Region Conversion Cohort,44948390,Weekend Deal Hunters Interest Segment,1111168710985428,Shelf Story Warm Voice,4768906377778314,Brand Awareness,0,0,0,0,0,0,0,0,0,0,0,0,0,0,0,0,0,0,0,0,0,0,0,0
2026-01-17,Influencer Network,Weekend Saver Retention Initiative,Metro Region Conversion Cohort,44948390,Family Planners Interest Segment,9001467427315218,Shelf Story Bold Voice,1654622554129855,Brand Awareness,0,0,0,0,0,0,0,0,0,0,0,0,0,0,0,0,0,0,0,0,0,0,0,0
2026-01-17,Search Network,Seasonal Select Promo Initiative,Central Region Loyalty Cohort,44948390,Health Conscious Buyers Retention Segment,4923217806187422,Price Drop Cut Value Voice,1586241181303406,Catalog Engagement,12.1,2033,0,2451,14,77,100,100,100,354,286,0,0,0,0,16,0,24,1.13,0,1,0,1906,0
2026-01-17,Shopping Grid,Family Pantry Retention Initiative,Metro Region Conversion Cohort,38881639,Family Planners Lookalike Segment,1010331617086390,Shelf Story Warm Voice,1022962676348579,Brand Awareness,0,0,0,0,0,0,0,0,0,0,0,0,0,0,0,0,0,0,0,0,0,0,0,0
2026-01-17,In-App Display,Weekend Saver Retention Initiative,Metro Region Conversion Cohort,44948390,Family Planners Interest Segment,1394673896902429,Shelf Story Bold Voice,1572482192481188,Brand Awareness,0,0,0,0,0,0,0,0,0,0,0,0,0,0,0,0,0,0,0,0,0,0,0,0
2026-01-17,Search Network,Market Fresh Demand Initiative,South Region Prospecting Cohort,44948390,Family Planners Lookalike Segment,1424611946506635,Shelf Story Warm Voice,4022981261236123,Catalog Engagement,134.56,59486,0,57924,186,100,100,100,100,10469,8201,0,0,0,0,95,0,287,0.50,0,5,0,62921,0
2026-01-17,Search Network,Family Pantry Retention Initiative,South Region Prospecting Cohort,44948390,Family Planners Lookalike Segment,2507857220866131,Shelf Story Bold Voice,1397918323293131,Catalog Engagement,0,0,0,0,0,0,0,0,0,0,0,0,0,0,0,0,0,0,0,0,0,0,0,0
2026-01-17,Discovery Network,Weekend Saver Retention Initiative,Metro Region Conversion Cohort,44948390,Family Planners Interest Segment,1394673896902429,Shelf Story Warm Voice,1160733018635906,Brand Awareness,0,0,0,0,0,0,0,0,0,0,0,0,0,0,0,0,0,0,0,0,0,0,0,0
2026-01-17,In-App Display,Family Pantry Retention Initiative,Metro Region Conversion Cohort,44948390,Weekend Deal Hunters Interest Segment,1111168710985428,Offer Spotlight Bold Voice,4490884174868010,Brand Awareness,0,0,0,0,0,0,0,0,0,0,0,0,0,0,0,0,0,0,0,0,0,0,0,0
2026-01-17,Influencer Network,Seasonal Select Promo Initiative,Central Region Loyalty Cohort,44948390,Health Conscious Buyers Retention Segment,9677712657008967,Price Drop Cut Value Voice,5286913400349336,Catalog Engagement,150.19,22385,0,26338,159,100,100,100,100,4291,3271,0,0,0,0,139,0,276,1.00,1,10,0,23655,0
2026-01-17,Discovery Network,Seasonal Select Promo Initiative,Central Region Loyalty Cohort,44948390,Health Conscious Buyers Interest Segment,1579872201720726,Price Drop Cut Value Voice,1785180660806373,Catalog Engagement,92.13,16728,0,16333,108,100,100,100,100,2440,2255,0,0,0,0,84,0,177,0.81,1,5,0,15830,0
2026-01-17,Influencer Network,Family Pantry Retention Initiative,Metro Region Loyalty Cohort,44948390,Family Planners Lookalike Segment,2817343154626754,Shelf Story Bold Voice,7915817594398125,Catalog Engagement,0,0,0,0,0,0,0,0,0,0,0,0,0,0,0,0,0,0,0,0,0,0,0,0
2026-01-17,Video Network,Weekend Saver Retention Initiative,Metro Region Conversion Cohort,44948390,Family Planners Interest Segment,1394673896902429,Collection Showcase Warm Voice,1465857572073203,Brand Awareness,0,0,0,0,0,0,0,0,0,0,0,0,0,0,0,0,0,0,0,0,0,0,0,0
2026-01-17,Display Network,Weekend Saver Retention Initiative,Metro Region Conversion Cohort,44948390,Family Planners Lookalike Segment,6414513530178736,Price Drop Cut Direct Voice,1778721621071784,Brand Awareness,0,0,0,0,0,0,0,0,0,0,0,0,0,0,0,0,0,0,0,0,0,0,0,0
2026-01-17,Affiliate Network,Weekend Saver Retention Initiative,Metro Region Conversion Cohort,44948390,Family Planners Interest Segment,1394673896902429,Shelf Story Bold Voice,1727505061486984,Brand Awareness,0,0,0,0,0,0,0,0,0,0,0,0,0,0,0,0,0,0,0,0,0,0,0,0
2026-01-17,Video Network,Weekend Saver Retention Initiative,Metro Region Conversion Cohort,44948390,Family Planners Interest Segment,1394673896902429,Price Drop Cut Direct Voice,1812581034724444,Brand Awareness,0,0,0,0,0,0,0,0,0,0,0,0,0,0,0,0,0,0,0,0,0,0,0,0
2026-01-17,Video Network,Home Essentials Promo Initiative,Metro Region Conversion Cohort,44948390,Quick Refill Buyers Retention Segment,1899712342036110,Shelf Story Warm Voice,8585579191193727,Brand Awareness,0,0,0,0,0,0,0,0,0,0,0,0,0,0,0,0,0,0,0,0,0,0,0,0
2026-01-17,Display Network,Weekend Saver Retention Initiative,Metro Region Conversion Cohort,44948390,Family Planners Interest Segment,1394673896902429,Product Reel Warm Voice,1531156400166546,Brand Awareness,0,0,0,0,0,0,0,0,0,0,0,0,0,0,0,0,0,0,0,0,0,0,0,0
2026-01-17,Influencer Network,Home Essentials Promo Initiative,Metro Region Conversion Cohort,44948390,Quick Refill Buyers Retention Segment,1899712342036110,Price Drop Cut Direct Voice,1709471878481370,Brand Awareness,0,0,0,0,0,0,0,0,0,0,0,0,0,0,0,0,0,0,0,0,0,0,0,0
2026-01-16,Video Network,Home Essentials Promo Initiative,Metro Region Conversion Cohort,44948390,Quick Refill Buyers Retention Segment,1899712342036110,Price Drop Cut Direct Voice,1709471878481370,Brand Awareness,0,0,0,0,0,0,0,0,0,0,0,0,0,0,0,0,0,0,0,0,0,0,0,0
2026-01-16,Shopping Grid,Weekend Saver Retention Initiative,Metro Region Conversion Cohort,44948390,Family Planners Interest Segment,1394673896902429,Shelf Story Warm Voice,1160733018635906,Brand Awareness,0,0,0,0,0,0,0,0,0,0,0,0,0,0,0,0,0,0,0,0,0,0,0,0
2026-01-16,Video Network,Seasonal Select Promo Initiative,Central Region Loyalty Cohort,44948390,Health Conscious Buyers Retention Segment,4923217806187422,Price Drop Cut Value Voice,1586241181303406,Catalog Engagement,11.01,1968,0,2152,17,65,100,100,100,300,267,0,0,0,0,7,0,19,0.93,0,0,0,1923,0
2026-01-16,Social Feed,Home Essentials Scale Initiative,Metro Region Conversion Cohort,44948390,Weekend Deal Hunters Interest Segment,4343805881369289,Price Drop Cut Value Voice,5801739720402972,Brand Awareness,0,0,0,0,0,0,0,0,0,0,0,0,0,0,0,0,0,0,0,0,0,0,0,0
2026-01-16,Retail Media Network,Family Pantry Retention Initiative,Metro Region Loyalty Cohort,44948390,Family Planners Lookalike Segment,4174361361672330,Shelf Story Warm Voice,7873932626165346,Catalog Engagement,0,0,0,0,0,0,0,0,0,0,0,0,0,0,0,0,0,0,0,0,0,0,0,0
2026-01-16,Influencer Network,Weekend Saver Retention Initiative,Metro Region Conversion Cohort,44948390,Family Planners Interest Segment,1394673896902429,Product Reel Warm Voice,1531156400166546,Brand Awareness,0,0,0,0,0,0,0,0,0,0,0,0,0,0,0,0,0,0,0,0,0,0,0,0
2026-01-16,Display Network,Home Essentials Promo Initiative,Metro Region Conversion Cohort,44948390,Quick Refill Buyers Retention Segment,1899712342036110,Shelf Story Warm Voice,8585579191193727,Brand Awareness,0,0,0,0,0,0,0,0,0,0,0,0,0,0,0,0,0,0,0,0,0,0,0,0
2026-01-16,Connected TV,Weekend Saver Retention Initiative,Metro Region Conversion Cohort,44948390,Family Planners Lookalike Segment,6414513530178736,Collection Showcase Warm Voice,1516549417031353,Brand Awareness,0,0,0,0,0,0,0,0,0,0,0,0,0,0,0,0,0,0,0,0,0,0,0,0
2026-01-16,Social Feed,Weekend Saver Retention Initiative,Metro Region Conversion Cohort,44948390,Family Planners Affinity Segment,1389569022480948,Shelf Story Warm Voice,1530693847075314,Brand Awareness,0,0,0,0,0,0,0,0,0,0,0,0,0,0,0,0,0,0,0,0,0,0,0,0
2026-01-16,Retail Media Network,Market Fresh Demand Initiative,South Region Prospecting Cohort,44948390,Family Planners Lookalike Segment,1424611946506635,Shelf Story Warm Voice,4022981261236123,Catalog Engagement,146.0,52218,0,56937,149,100,100,100,100,9321,8347,0,0,1,0,65,0,238,0.4,0,3,0,53723,0
2026-01-16,Marketplace Feed,Family Pantry Retention Initiative,Metro Region Conversion Cohort,38881639,Family Planners Lookalike Segment,1010331617086390,Shelf Story Warm Voice,1022962676348579,Brand Awareness,0,0,0,0,0,0,0,0,0,0,0,0,0,0,0,0,0,0,0,0,0,0,0,0
2026-01-16,Affiliate Network,Family Pantry Retention Initiative,Metro Region Loyalty Cohort,38881639,Family Planners Lookalike Segment,1840173139583098,Product Reel Bold Voice,6919816340256597,Catalog Engagement,0,0,0,0,0,0,0,0,0,0,0,0,0,0,0,0,0,0,0,0,0,0,0,0
2026-01-16,Influencer Network,Family Pantry Retention Initiative,South Region Prospecting Cohort,44948390,Family Planners Lookalike Segment,2507857220866131,Shelf Story Bold Voice,1397918323293131,Catalog Engagement,0,0,0,0,0,0,0,0,0,0,0,0,0,0,0,0,0,0,0,0,0,0,0,0
2026-01-16,Discovery Network,Seasonal Select Promo Initiative,Central Region Loyalty Cohort,44948390,Health Conscious Buyers Interest Segment,1579872201720726,Price Drop Cut Value Voice,1785180660806373,Catalog Engagement,82.39,13468,0,14828,77,100,100,100,100,2394,1742,0,0,0,0,110,0,161,1.08,0,3,0,11733,0
2026-01-16,Video Network,Seasonal Select Promo Initiative,Central Region Loyalty Cohort,44948390,Health Conscious Buyers Retention Segment,9677712657008967,Price Drop Cut Value Voice,5286913400349336,Catalog Engagement,153.23,23699,0,27205,151,100,100,100,100,4385,3776,0,0,0,0,116,0,224,0.87,0,6,0,25566,0
2026-01-15,Shopping Grid,Family Pantry Retention Initiative,South Region Prospecting Cohort,44948390,Family Planners Lookalike Segment,2507857220866131,Shelf Story Bold Voice,1397918323293131,Catalog Engagement,0,0,0,0,0,0,0,0,0,0,0,0,0,0,0,0,0,0,0,0,0,0,0,0
2026-01-15,Retail Media Network,Weekend Saver Retention Initiative,Metro Region Conversion Cohort,44948390,Family Planners Interest Segment,1394673896902429,Shelf Story Bold Voice,1727505061486984,Brand Awareness,0,0,0,0,0,0,0,0,0,0,0,0,0,0,0,0,0,0,0,0,0,0,0,0
2026-01-15,Display Network,Seasonal Select Promo Initiative,Central Region Loyalty Cohort,44948390,Health Conscious Buyers Interest Segment,1579872201720726,Price Drop Cut Value Voice,1785180660806373,Catalog Engagement,147.21,18384,0,19961,147,100,100,100,100,3617,3050,0,0,0,0,178,0,299,1.20,3,12,0,19532,0
2026-01-15,Retail Media Network,Weekend Saver Retention Initiative,Metro Region Conversion Cohort,44948390,Family Planners Interest Segment,9001467427315218,Price Drop Cut Direct Voice,8284422951805925,Brand Awareness,0,0,0,0,0,0,0,0,0,0,0,0,0,0,0,0,0,0,0,0,0,0,0,0
2026-01-15,Affiliate Network,Home Essentials Promo Initiative,Metro Region Conversion Cohort,44948390,Quick Refill Buyers Retention Segment,1899712342036110,Shelf Story Warm Voice,8585579191193727,Brand Awareness,0,0,0,0,0,0,0,0,0,0,0,0,0,0,0,0,0,0,0,0,0,0,0,0
2026-01-15,Marketplace Feed,Market Fresh Demand Initiative,South Region Prospecting Cohort,44948390,Family Planners Lookalike Segment,1424611946506635,Shelf Story Warm Voice,4022981261236123,Catalog Engagement,132.2,52470,0,61012,110,100,100,100,100,8491,7257,0,0,0,0,98,0,258,0.43,1,3,0,57356,0
2026-01-15,Influencer Network,Home Essentials Scale Initiative,Metro Region Conversion Cohort,44948390,Weekend Deal Hunters Interest Segment,4343805881369289,Offer Spotlight Warm Voice,1438846480461721,Brand Awareness,0,0,0,0,0,0,0,0,0,0,0,0,0,0,0,0,0,0,0,0,0,0,0,0
2026-01-15,Social Feed,Seasonal Select Promo Initiative,Central Region Loyalty Cohort,44948390,Health Conscious Buyers Retention Segment,4923217806187422,Price Drop Cut Value Voice,1586241181303406,Catalog Engagement,7.16,916,0,910,5,67,100,100,88,211,182,0,0,0,0,1,0,6,0.48,0,0,0,978,0
2026-01-15,Influencer Network,Family Pantry Retention Initiative,South Region Prospecting Cohort,44948390,Family Planners Lookalike Segment,6474256179552779,Shelf Story Bold Voice,5693447469055634,Catalog Engagement,0,0,0,0,0,0,0,0,0,0,0,0,0,0,0,0,0,0,0,0,0,0,0,0
2026-01-15,Retail Media Network,Weekend Saver Retention Initiative,Metro Region Conversion Cohort,44948390,Family Planners Affinity Segment,1389569022480948,Collection Showcase Warm Voice,1320111340611203,Brand Awareness,0,0,0,0,0,0,0,0,0,0,0,0,0,0,0,0,0,0,0,0,0,0,0,0
2026-01-15,Video Network,Weekend Saver Retention Initiative,Metro Region Conversion Cohort,44948390,Family Planners Lookalike Segment,6414513530178736,Collection Showcase Warm Voice,1516549417031353,Brand Awareness,0,0,0,0,0,0,0,0,0,0,0,0,0,0,0,0,0,0,0,0,0,0,0,0
2026-01-15,Discovery Network,Home Essentials Scale Initiative,Metro Region Conversion Cohort,44948390,Weekend Deal Hunters Interest Segment,4343805881369289,Shelf Story Warm Voice,4145707611858469,Brand Awareness,0,0,0,0,0,0,0,0,0,0,0,0,0,0,0,0,0,0,0,0,0,0,0,0
2026-01-15,In-App Display,Seasonal Select Promo Initiative,Central Region Loyalty Cohort,44948390,Health Conscious Buyers Retention Segment,9677712657008967,Price Drop Cut Value Voice,5286913400349336,Catalog Engagement,150.18,26988,0,23754,125,100,100,100,100,4536,4079,0,0,1,0,155,0,239,1.02,2,7,0,25040,0
2026-01-15,Search Network,Home Essentials Promo Initiative,Metro Region Loyalty Cohort,38881639,Family Planners Lookalike Segment,8962004814279482,Shelf Story Value Voice,1020691786654074,Brand Awareness,0,0,0,0,0,0,0,0,0,0,0,0,0,0,0,0,0,0,0,0,0,0,0,0
2026-01-15,Affiliate Network,Family Pantry Retention Initiative,Metro Region Conversion Cohort,38881639,Family Planners Lookalike Segment,1010331617086390,Shelf Story Warm Voice,1022962676348579,Brand Awareness,0,0,0,0,0,0,0,0,0,0,0,0,0,0,0,0,0,0,0,0,0,0,0,0
2026-01-15,Retail Media Network,Home Essentials Scale Initiative,Metro Region Conversion Cohort,44948390,Weekend Deal Hunters Interest Segment,4343805881369289,Product Reel Bold Voice,5183665328983570,Brand Awareness,0,0,0,0,0,0,0,0,0,0,0,0,0,0,0,0,0,0,0,0,0,0,0,0
2026-01-15,Discovery Network,Weekend Saver Retention Initiative,Metro Region Conversion Cohort,44948390,Family Planners Interest Segment,1394673896902429,Shelf Story Warm Voice,3933844935781169,Brand Awareness,0,0,0,0,0,0,0,0,0,0,0,0,0,0,0,0,0,0,0,0,0,0,0,0
2026-01-15,Shopping Grid,Weekend Saver Retention Initiative,Metro Region Conversion Cohort,44948390,Family Planners Interest Segment,9001467427315218,Shelf Story Warm Voice,1495023572037247,Brand Awareness,0,0,0,0,0,0,0,0,0,0,0,0,0,0,0,0,0,0,0,0,0,0,0,0
2026-01-14,Social Feed,Market Fresh Demand Initiative,South Region Prospecting Cohort,44948390,Family Planners Lookalike Segment,1424611946506635,Shelf Story Warm Voice,4022981261236123,Catalog Engagement,133.13,58418,0,70723,160,100,100,100,100,10051,8095,0,0,0,0,147,0,321,0.50,0,6,0,62898,0
2026-01-14,Retail Media Network,Family Pantry Retention Initiative,Metro Region Conversion Cohort,44948390,Family Planners Affinity Segment,8946701030783239,Shelf Story Bold Voice,5224830974742337,Catalog Engagement,0,0,0,0,0,0,0,0,0,0,0,0,0,0,0,0,0,0,0,0,0,0,0,0
2026-01-14,Social Feed,Family Pantry Retention Initiative,South Region Prospecting Cohort,44948390,Family Planners Lookalike Segment,2507857220866131,Shelf Story Bold Voice,1397918323293131,Catalog Engagement,136.17,47458,0,53780,118,100,100,100,100,4279,3172,0,0,0,0,81,0,274,0.51,0,5,0,45854,0
2026-01-14,Social Feed,Weekend Saver Retention Initiative,Metro Region Conversion Cohort,44948390,Family Planners Interest Segment,1394673896902429,Collection Showcase Warm Voice,1465857572073203,Brand Awareness,0,0,0,0,0,0,0,0,0,0,0,0,0,0,0,0,0,0,0,0,0,0,0,0
2026-01-14,Retail Media Network,Family Pantry Retention Initiative,Metro Region Conversion Cohort,38881639,Family Planners Lookalike Segment,1010331617086390,Shelf Story Warm Voice,1022962676348579,Brand Awareness,0,0,0,0,0,0,0,0,0,0,0,0,0,0,0,0,0,0,0,0,0,0,0,0
2026-01-14,Discovery Network,Weekend Saver Retention Initiative,Metro Region Conversion Cohort,44948390,Family Planners Interest Segment,1394673896902429,Price Drop Cut Direct Voice,1812581034724444,Brand Awareness,0,0,0,0,0,0,0,0,0,0,0,0,0,0,0,0,0,0,0,0,0,0,0,0
2026-01-14,In-App Display,Family Pantry Retention Initiative,Metro Region Conversion Cohort,44948390,Weekend Deal Hunters Interest Segment,1111168710985428,Product Reel Bold Voice,1738248276440141,Brand Awareness,0,0,0,0,0,0,0,0,0,0,0,0,0,0,0,0,0,0,0,0,0,0,0,0
2026-01-14,Connected TV,Family Pantry Retention Initiative,South Region Prospecting Cohort,44948390,Family Planners Lookalike Segment,6474256179552779,Shelf Story Bold Voice,5693447469055634,Catalog Engagement,0,0,0,0,0,0,0,0,0,0,0,0,0,0,0,0,0,0,0,0,0,0,0,0
2026-01-14,Discovery Network,Seasonal Select Promo Initiative,Central Region Loyalty Cohort,44948390,Health Conscious Buyers Retention Segment,4923217806187422,Price Drop Cut Value Voice,1586241181303406,Catalog Engagement,2.40,452,0,507,6,23,100,82,47,96,81,0,0,0,0,6,0,10,2.05,1,0,0,489,0
2026-01-14,Influencer Network,Market Fresh Demand Initiative,Metro Region Conversion Cohort,44948390,Health Conscious Buyers Interest Segment,2397704343381952,Shelf Story Bold Voice,1434619355850720,Catalog Engagement,0,0,0,0,0,0,0,0,0,0,0,0,0,0,0,0,0,0,0,0,0,0,0,0
2026-01-14,Discovery Network,Weekend Saver Retention Initiative,Metro Region Conversion Cohort,44948390,Family Planners Interest Segment,1394673896902429,Shelf Story Bold Voice,1572482192481188,Brand Awareness,0,0,0,0,0,0,0,0,0,0,0,0,0,0,0,0,0,0,0,0,0,0,0,0
2026-01-14,Shopping Grid,Home Essentials Promo Initiative,Metro Region Conversion Cohort,44948390,Quick Refill Buyers Retention Segment,1899712342036110,Shelf Story Warm Voice,8585579191193727,Brand Awareness,0,0,0,0,0,0,0,0,0,0,0,0,0,0,0,0,0,0,0,0,0,0,0,0
2026-01-14,In-App Display,Seasonal Select Promo Initiative,Central Region Loyalty Cohort,44948390,Health Conscious Buyers Retention Segment,9677712657008967,Price Drop Cut Value Voice,5286913400349336,Catalog Engagement,38.21,6301,0,7184,33,100,100,100,100,1113,1054,0,0,0,0,18,0,57,0.78,1,1,0,6950,0
2026-01-14,Shopping Grid,Weekend Saver Retention Initiative,Metro Region Conversion Cohort,44948390,Family Planners Interest Segment,1394673896902429,Offer Spotlight Warm Voice,2577836288304446,Brand Awareness,0,0,0,0,0,0,0,0,0,0,0,0,0,0,0,0,0,0,0,0,0,0,0,0
2026-01-14,Discovery Network,Weekend Saver Retention Initiative,Metro Region Conversion Cohort,44948390,Family Planners Interest Segment,1394673896902429,Shelf Story Bold Voice,1727505061486984,Brand Awareness,0,0,0,0,0,0,0,0,0,0,0,0,0,0,0,0,0,0,0,0,0,0,0,0
2026-01-14,Video Network,Weekend Saver Retention Initiative,Metro Region Conversion Cohort,44948390,Family Planners Interest Segment,1394673896902429,Product Reel Warm Voice,1531156400166546,Brand Awareness,0,0,0,0,0,0,0,0,0,0,0,0,0,0,0,0,0,0,0,0,0,0,0,0
2026-01-14,Video Network,Weekend Saver Retention Initiative,Metro Region Conversion Cohort,44948390,Family Planners Lookalike Segment,6414513530178736,Shelf Story Warm Voice,1528485474993574,Brand Awareness,0,0,0,0,0,0,0,0,0,0,0,0,0,0,0,0,0,0,0,0,0,0,0,0
2026-01-14,Discovery Network,Seasonal Select Promo Initiative,Central Region Loyalty Cohort,44948390,Health Conscious Buyers Interest Segment,1579872201720726,Price Drop Cut Value Voice,1785180660806373,Catalog Engagement,75.12,14469,0,12652,78,100,100,100,100,2380,1855,0,0,2,0,107,0,148,1.01,0,5,0,14626,0
2026-01-13,Retail Media Network,Weekend Saver Retention Initiative,Metro Region Conversion Cohort,44948390,Family Planners Interest Segment,1394673896902429,Offer Spotlight Warm Voice,2577836288304446,Brand Awareness,0,0,0,0,0,0,0,0,0,0,0,0,0,0,0,0,0,0,0,0,0,0,0,0
2026-01-13,Retail Media Network,Family Pantry Retention Initiative,Metro Region Conversion Cohort,44948390,Family Planners Lookalike Segment,1494635147050178,Shelf Story Bold Voice,2499053457209784,Catalog Engagement,0,0,0,0,0,0,0,0,0,0,0,0,0,0,0,0,0,0,0,0,0,0,0,0
2026-01-13,Shopping Grid,Market Fresh Demand Initiative,South Region Prospecting Cohort,44948390,Family Planners Lookalike Segment,1424611946506635,Shelf Story Warm Voice,4022981261236123,Catalog Engagement,139.51,65668,0,68922,219,100,100,100,100,10784,10118,0,0,1,0,106,0,368,0.5,0,3,0,60969,0
2026-01-13,Search Network,Weekend Saver Retention Initiative,Metro Region Conversion Cohort,44948390,Family Planners Interest Segment,1394673896902429,Price Drop Cut Direct Voice,1812581034724444,Brand Awareness,0,0,0,0,0,0,0,0,0,0,0,0,0,0,0,0,0,0,0,0,0,0,0,0
2026-01-13,Discovery Network,Family Pantry Retention Initiative,Metro Region Loyalty Cohort,44948390,Family Planners Affinity Segment,3029653239198176,Shelf Story Warm Voice,2454718774735596,Catalog Engagement,0,0,0,0,0,0,0,0,0,0,0,0,0,0,0,0,0,0,0,0,0,0,0,0
2026-01-13,In-App Display,Market Fresh Demand Initiative,Metro Region Conversion Cohort,44948390,Health Conscious Buyers Interest Segment,2397704343381952,Shelf Story Bold Voice,1434619355850720,Catalog Engagement,0,0,0,0,0,0,0,0,0,0,0,0,0,0,0,0,0,0,0,0,0,0,0,0
2026-01-13,Display Network,Weekend Saver Retention Initiative,Metro Region Conversion Cohort,44948390,Family Planners Interest Segment,1394673896902429,Product Reel Warm Voice,1531156400166546,Brand Awareness,0,0,0,0,0,0,0,0,0,0,0,0,0,0,0,0,0,0,0,0,0,0,0,0
2026-01-13,Affiliate Network,Weekend Saver Retention Initiative,Metro Region Conversion Cohort,44948390,Family Planners Lookalike Segment,6414513530178736,Shelf Story Warm Voice,1528485474993574,Brand Awareness,0,0,0,0,0,0,0,0,0,0,0,0,0,0,0,0,0,0,0,0,0,0,0,0
2026-01-13,Retail Media Network,Family Pantry Retention Initiative,Metro Region Conversion Cohort,38881639,Family Planners Lookalike Segment,1010331617086390,Shelf Story Warm Voice,1022962676348579,Brand Awareness,0,0,0,0,0,0,0,0,0,0,0,0,0,0,0,0,0,0,0,0,0,0,0,0
2026-01-13,In-App Display,Family Pantry Retention Initiative,South Region Prospecting Cohort,44948390,Family Planners Lookalike Segment,2507857220866131,Shelf Story Bold Voice,1397918323293131,Catalog Engagement,163.43,63716,0,56600,129,100,100,100,100,4163,3472,0,0,0,0,109,0,253,0.42,1,10,0,52803,0
2026-01-13,Influencer Network,Weekend Saver Retention Initiative,Metro Region Conversion Cohort,44948390,Family Planners Lookalike Segment,6414513530178736,Price Drop Cut Direct Voice,1778721621071784,Brand Awareness,0,0,0,0,0,0,0,0,0,0,0,0,0,0,0,0,0,0,0,0,0,0,0,0
2026-01-13,Video Network,Weekend Saver Retention Initiative,Metro Region Conversion Cohort,44948390,Family Planners Affinity Segment,1389569022480948,Shelf Story Bold Voice,3265216505548394,Brand Awareness,0,0,0,0,0,0,0,0,0,0,0,0,0,0,0,0,0,0,0,0,0,0,0,0
2026-01-13,Display Network,Family Pantry Retention Initiative,Metro Region Conversion Cohort,44948390,Bulk Buyers Retention Segment,1517535631787237,Shelf Story Warm Voice,1426417488592656,Catalog Engagement,0,0,0,0,0,0,0,0,0,0,0,0,0,0,0,0,0,0,0,0,0,0,0,0
2026-01-13,Influencer Network,Market Fresh Demand Initiative,Metro Region Conversion Cohort,44948390,Family Planners Lookalike Segment,1628117674022118,Shelf Story Bold Voice,1681974798598158,Catalog Engagement,0,0,0,0,0,0,0,0,0,0,0,0,0,0,0,0,0,0,0,0,0,0,0,0
2026-01-13,In-App Display,Weekend Saver Retention Initiative,Metro Region Conversion Cohort,44948390,Family Planners Lookalike Segment,6414513530178736,Offer Spotlight Warm Voice,2129787175970894,Brand Awareness,0,0,0,0,0,0,0,0,0,0,0,0,0,0,0,0,0,0,0,0,0,0,0,0
2026-01-13,Retail Media Network,Home Essentials Scale Initiative,Metro Region Conversion Cohort,44948390,Weekend Deal Hunters Interest Segment,4343805881369289,Offer Spotlight Warm Voice,1438846480461721,Brand Awareness,0,0,0,0,0,0,0,0,0,0,0,0,0,0,0,0,0,0,0,0,0,0,0,0
2026-01-13,Influencer Network,Family Pantry Retention Initiative,Metro Region Conversion Cohort,44948390,Bulk Buyers Retention Segment,1517535631787237,Shelf Story Warm Voice,1306760048080732,Catalog Engagement,0,0,0,0,0,0,0,0,0,0,0,0,0,0,0,0,0,0,0,0,0,0,0,0
2026-01-13,Shopping Grid,Weekend Saver Retention Initiative,Metro Region Conversion Cohort,44948390,Family Planners Interest Segment,1394673896902429,Shelf Story Warm Voice,3933844935781169,Brand Awareness,0,0,0,0,0,0,0,0,0,0,0,0,0,0,0,0,0,0,0,0,0,0,0,0
2026-01-13,Affiliate Network,Weekend Saver Retention Initiative,Metro Region Conversion Cohort,44948390,Family Planners Lookalike Segment,6414513530178736,Shelf Story Warm Voice,2231767173617477,Brand Awareness,0,0,0,0,0,0,0,0,0,0,0,0,0,0,0,0,0,0,0,0,0,0,0,0
2026-01-13,Shopping Grid,Weekend Saver Retention Initiative,Metro Region Conversion Cohort,44948390,Family Planners Lookalike Segment,6414513530178736,Shelf Story Bold Voice,1196365529472696,Brand Awareness,0,0,0,0,0,0,0,0,0,0,0,0,0,0,0,0,0,0,0,0,0,0,0,0
2026-01-13,In-App Display,Family Pantry Retention Initiative,Metro Region Conversion Cohort,44948390,Health Conscious Buyers Interest Segment,1063987699047402,Shelf Story Bold Voice,5026172576946720,Catalog Engagement,0,0,0,0,0,0,0,0,0,0,0,0,0,0,0,0,0,0,0,0,0,0,0,0
2026-01-12,Shopping Grid,Weekend Saver Retention Initiative,Metro Region Conversion Cohort,44948390,Family Planners Affinity Segment,1389569022480948,Collection Showcase Warm Voice,1320111340611203,Brand Awareness,0,0,0,0,0,0,0,0,0,0,0,0,0,0,0,0,0,0,0,0,0,0,0,0
2026-01-12,Social Feed,Weekend Saver Retention Initiative,Metro Region Conversion Cohort,44948390,Family Planners Interest Segment,1394673896902429,Shelf Story Bold Voice,1727505061486984,Brand Awareness,0,0,0,0,0,0,0,0,0,0,0,0,0,0,0,0,0,0,0,0,0,0,0,0
2026-01-12,Influencer Network,Family Pantry Retention Initiative,Metro Region Conversion Cohort,44948390,Family Planners Lookalike Segment,1494635147050178,Shelf Story Bold Voice,2499053457209784,Catalog Engagement,0,0,0,0,0,0,0,0,0,0,0,0,0,0,0,0,0,0,0,0,0,0,0,0
2026-01-12,Marketplace Feed,Weekend Saver Retention Initiative,Metro Region Conversion Cohort,44948390,Family Planners Lookalike Segment,6414513530178736,Offer Spotlight Warm Voice,2129787175970894,Brand Awareness,0,0,0,0,0,0,0,0,0,0,0,0,0,0,0,0,0,0,0,0,0,0,0,0
2026-01-12,Display Network,Smart Choice Impact Initiative,Metro Region Loyalty Cohort,44948390,Family Planners Lookalike Segment,2895780604957346,Price Drop Cut Direct Voice,1436052663222758,Brand Awareness,0,0,0,0,0,0,0,0,0,0,0,0,0,0,0,0,0,0,0,0,0,0,0,0
2026-01-12,Social Feed,Weekend Saver Retention Initiative,Metro Region Conversion Cohort,44948390,Family Planners Interest Segment,1394673896902429,Shelf Story Bold Voice,1572482192481188,Brand Awareness,0,0,0,0,0,0,0,0,0,0,0,0,0,0,0,0,0,0,0,0,0,0,0,0
2026-01-12,Shopping Grid,Market Fresh Demand Initiative,South Region Prospecting Cohort,44948390,Family Planners Lookalike Segment,1424611946506635,Shelf Story Warm Voice,4022981261236123,Catalog Engagement,145.7,66340,0,70652,176,100,100,100,100,12771,12752,0,0,0,0,101,0,342,0.43,0,7,0,68131,0
2026-01-12,Search Network,Weekend Saver Retention Initiative,Metro Region Conversion Cohort,44948390,Family Planners Interest Segment,1394673896902429,Collection Showcase Warm Voice,1465857572073203,Brand Awareness,0,0,0,0,0,0,0,0,0,0,0,0,0,0,0,0,0,0,0,0,0,0,0,0
2026-01-12,Video Network,Market Fresh Demand Initiative,Metro Region Conversion Cohort,44948390,Health Conscious Buyers Interest Segment,2397704343381952,Shelf Story Bold Voice,1434619355850720,Catalog Engagement,0,0,0,0,0,0,0,0,0,0,0,0,0,0,0,0,0,0,0,0,0,0,0,0
2026-01-12,Retail Media Network,Family Pantry Retention Initiative,Metro Region Conversion Cohort,44948390,Bulk Buyers Retention Segment,1517535631787237,Product Reel Bold Voice,5584704922281582,Catalog Engagement,0,0,0,0,0,0,0,0,0,0,0,0,0,0,0,0,0,0,0,0,0,0,0,0
2026-01-12,Marketplace Feed,Weekend Saver Retention Initiative,Metro Region Conversion Cohort,44948390,Family Planners Interest Segment,1394673896902429,Price Drop Cut Direct Voice,1812581034724444,Brand Awareness,0,0,0,0,0,0,0,0,0,0,0,0,0,0,0,0,0,0,0,0,0,0,0,0
2026-01-12,Connected TV,Family Pantry Retention Initiative,Metro Region Conversion Cohort,44948390,Weekend Deal Hunters Interest Segment,1111168710985428,Offer Spotlight Bold Voice,4490884174868010,Brand Awareness,0,0,0,0,0,0,0,0,0,0,0,0,0,0,0,0,0,0,0,0,0,0,0,0
2026-01-12,Display Network,Weekend Saver Retention Initiative,Metro Region Conversion Cohort,44948390,Family Planners Interest Segment,1394673896902429,Offer Spotlight Warm Voice,2577836288304446,Brand Awareness,0,0,0,0,0,0,0,0,0,0,0,0,0,0,0,0,0,0,0,0,0,0,0,0
2026-01-12,Search Network,Home Essentials Promo Initiative,Metro Region Conversion Cohort,44948390,Quick Refill Buyers Retention Segment,1899712342036110,Shelf Story Warm Voice,8585579191193727,Brand Awareness,0,0,0,0,0,0,0,0,0,0,0,0,0,0,0,0,0,0,0,0,0,0,0,0
2026-01-12,Video Network,Weekend Saver Retention Initiative,Metro Region Conversion Cohort,44948390,Family Planners Interest Segment,9001467427315218,Shelf Story Warm Voice,1469019764729968,Brand Awareness,0,0,0,0,0,0,0,0,0,0,0,0,0,0,0,0,0,0,0,0,0,0,0,0
2026-01-12,Retail Media Network,Market Fresh Demand Initiative,Metro Region Conversion Cohort,44948390,Family Planners Lookalike Segment,1628117674022118,Shelf Story Bold Voice,1681974798598158,Catalog Engagement,0,0,0,0,0,0,0,0,0,0,0,0,0,0,0,0,0,0,0,0,0,0,0,0
2026-01-12,Connected TV,Weekend Saver Retention Initiative,Metro Region Conversion Cohort,44948390,Family Planners Lookalike Segment,6414513530178736,Shelf Story Warm Voice,2231767173617477,Brand Awareness,0,0,0,0,0,0,0,0,0,0,0,0,0,0,0,0,0,0,0,0,0,0,0,0
2026-01-12,Discovery Network,Weekend Saver Retention Initiative,Metro Region Conversion Cohort,44948390,Family Planners Lookalike Segment,6414513530178736,Shelf Story Bold Voice,6513507609208113,Brand Awareness,0,0,0,0,0,0,0,0,0,0,0,0,0,0,0,0,0,0,0,0,0,0,0,0
2026-01-12,Search Network,Family Pantry Retention Initiative,Metro Region Conversion Cohort,38881639,Family Planners Lookalike Segment,1010331617086390,Shelf Story Warm Voice,1022962676348579,Brand Awareness,0,0,0,0,0,0,0,0,0,0,0,0,0,0,0,0,0,0,0,0,0,0,0,0
2026-01-12,In-App Display,Family Pantry Retention Initiative,Metro Region Conversion Cohort,44948390,Bulk Buyers Retention Segment,1517535631787237,Collection Showcase Warm Voice,4226541256546155,Catalog Engagement,0,0,0,0,0,0,0,0,0,0,0,0,0,0,0,0,0,0,0,0,0,0,0,0
2026-01-12,Marketplace Feed,Family Pantry Retention Initiative,Metro Region Conversion Cohort,44948390,Health Conscious Buyers Interest Segment,1063987699047402,Shelf Story Bold Voice,5026172576946720,Catalog Engagement,0,0,0,0,0,0,0,0,0,0,0,0,0,0,0,0,0,0,0,0,0,0,0,0
2026-01-12,Discovery Network,Weekend Saver Retention Initiative,Metro Region Conversion Cohort,44948390,Family Planners Lookalike Segment,6414513530178736,Product Reel Warm Voice,4676153444672040,Brand Awareness,0,0,0,0,0,0,0,0,0,0,0,0,0,0,0,0,0,0,0,0,0,0,0,0
2026-01-12,Affiliate Network,Smart Choice Impact Initiative,Metro Region Loyalty Cohort,44948390,Family Planners Affinity Segment,9839184539712174,Price Drop Cut Direct Voice,1400489306795899,Brand Awareness,0,0,0,0,0,0,0,0,0,0,0,0,0,0,0,0,0,0,0,0,0,0,0,0
2026-01-12,Affiliate Network,Family Pantry Retention Initiative,South Region Prospecting Cohort,44948390,Family Planners Lookalike Segment,2507857220866131,Shelf Story Bold Voice,1397918323293131,Catalog Engagement,158.24,63493,0,66005,190,100,100,100,100,5375,4721,0,0,1,0,89,0,351,0.49,1,14,0,64254,0
2026-01-11,Search Network,Family Pantry Retention Initiative,Metro Region Conversion Cohort,38881639,Health Conscious Buyers Interest Segment,5167846794665047,Shelf Story Warm Voice,1712301134926886,Brand Awareness,0,0,0,0,0,0,0,0,0,0,0,0,0,0,0,0,0,0,0,0,0,0,0,0
2026-01-11,Affiliate Network,Weekend Saver Retention Initiative,Metro Region Conversion Cohort,44948390,Family Planners Interest Segment,1394673896902429,Shelf Story Bold Voice,1727505061486984,Brand Awareness,0,0,0,0,0,0,0,0,0,0,0,0,0,0,0,0,0,0,0,0,0,0,0,0
2026-01-11,Search Network,Weekend Saver Retention Initiative,Metro Region Conversion Cohort,44948390,Family Planners Lookalike Segment,6414513530178736,Product Reel Warm Voice,4676153444672040,Brand Awareness,0,0,0,0,0,0,0,0,0,0,0,0,0,0,0,0,0,0,0,0,0,0,0,0
2026-01-11,Marketplace Feed,Market Fresh Demand Initiative,Metro Region Conversion Cohort,44948390,Family Planners Lookalike Segment,1628117674022118,Shelf Story Bold Voice,1681974798598158,Catalog Engagement,0,0,0,0,0,0,0,0,0,0,0,0,0,0,0,0,0,0,0,0,0,0,0,0
2026-01-11,Marketplace Feed,Home Essentials Promo Initiative,Metro Region Conversion Cohort,44948390,Quick Refill Buyers Retention Segment,1899712342036110,Shelf Story Warm Voice,8585579191193727,Brand Awareness,0,0,0,0,0,0,0,0,0,0,0,0,0,0,0,0,0,0,0,0,0,0,0,0
2026-01-11,Video Network,Weekend Saver Retention Initiative,Metro Region Conversion Cohort,44948390,Family Planners Affinity Segment,1389569022480948,Shelf Story Bold Voice,3265216505548394,Brand Awareness,0,0,0,0,0,0,0,0,0,0,0,0,0,0,0,0,0,0,0,0,0,0,0,0
2026-01-11,Marketplace Feed,Market Fresh Demand Initiative,Metro Region Conversion Cohort,44948390,Health Conscious Buyers Interest Segment,2397704343381952,Shelf Story Bold Voice,1434619355850720,Catalog Engagement,0,0,0,0,0,0,0,0,0,0,0,0,0,0,0,0,0,0,0,0,0,0,0,0
2026-01-11,Social Feed,Family Pantry Retention Initiative,Metro Region Loyalty Cohort,44948390,Family Planners Affinity Segment,4451300021652751,Shelf Story Warm Voice,7996687953237052,Catalog Engagement,0,0,0,0,0,0,0,0,0,0,0,0,0,0,0,0,0,0,0,0,0,0,0,0
2026-01-11,Affiliate Network,Family Pantry Retention Initiative,South Region Prospecting Cohort,44948390,Family Planners Lookalike Segment,2507857220866131,Shelf Story Bold Voice,1397918323293131,Catalog Engagement,164.07,60476,0,62354,165,100,100,100,100,6538,4484,0,0,1,0,114,0,318,0.52,1,9,0,73287,0
2026-01-11,Search Network,Market Fresh Demand Initiative,Metro Region Conversion Cohort,44948390,Family Planners Affinity Segment,5139106304638679,Shelf Story Bold Voice,1147739570231076,Catalog Engagement,0,0,0,0,0,0,0,0,0,0,0,0,0,0,0,0,0,0,0,0,0,0,0,0
2026-01-11,Connected TV,Weekend Saver Retention Initiative,Metro Region Conversion Cohort,44948390,Family Planners Interest Segment,1394673896902429,Offer Spotlight Warm Voice,2577836288304446,Brand Awareness,0,0,0,0,0,0,0,0,0,0,0,0,0,0,0,0,0,0,0,0,0,0,0,0
2026-01-11,In-App Display,Family Pantry Retention Initiative,Metro Region Conversion Cohort,38881639,Family Planners Lookalike Segment,1230161937924461,Shelf Story Warm Voice,3101635496361658,Catalog Engagement,0,0,0,0,0,0,0,0,0,0,0,0,0,0,0,0,0,0,0,0,0,0,0,0
2026-01-11,Connected TV,Family Pantry Retention Initiative,Metro Region Conversion Cohort,44948390,Family Planners Lookalike Segment,1494635147050178,Shelf Story Bold Voice,2499053457209784,Catalog Engagement,0,0,0,0,0,0,0,0,0,0,0,0,0,0,0,0,0,0,0,0,0,0,0,0
2026-01-11,Influencer Network,Family Pantry Retention Initiative,Metro Region Conversion Cohort,44948390,Health Conscious Buyers Interest Segment,1063987699047402,Shelf Story Bold Voice,5026172576946720,Catalog Engagement,0,0,0,0,0,0,0,0,0,0,0,0,0,0,0,0,0,0,0,0,0,0,0,0
2026-01-11,Affiliate Network,Family Pantry Retention Initiative,Metro Region Conversion Cohort,44948390,Family Planners Affinity Segment,8946701030783239,Shelf Story Bold Voice,5224830974742337,Catalog Engagement,0,0,0,0,0,0,0,0,0,0,0,0,0,0,0,0,0,0,0,0,0,0,0,0
2026-01-11,Video Network,Weekend Saver Retention Initiative,Metro Region Conversion Cohort,44948390,Family Planners Lookalike Segment,6414513530178736,Shelf Story Warm Voice,1528485474993574,Brand Awareness,0,0,0,0,0,0,0,0,0,0,0,0,0,0,0,0,0,0,0,0,0,0,0,0
2026-01-11,Influencer Network,Weekend Saver Retention Initiative,Metro Region Conversion Cohort,44948390,Family Planners Interest Segment,1394673896902429,Shelf Story Bold Voice,1572482192481188,Brand Awareness,0,0,0,0,0,0,0,0,0,0,0,0,0,0,0,0,0,0,0,0,0,0,0,0
2026-01-11,Influencer Network,Weekend Saver Retention Initiative,Metro Region Conversion Cohort,44948390,Family Planners Interest Segment,1394673896902429,Price Drop Cut Direct Voice,1812581034724444,Brand Awareness,0,0,0,0,0,0,0,0,0,0,0,0,0,0,0,0,0,0,0,0,0,0,0,0
2026-01-10,Shopping Grid,Family Pantry Retention Initiative,Metro Region Conversion Cohort,44948390,Health Conscious Buyers Interest Segment,1063987699047402,Shelf Story Bold Voice,5026172576946720,Catalog Engagement,0,0,0,0,0,0,0,0,0,0,0,0,0,0,0,0,0,0,0,0,0,0,0,0
2026-01-10,Retail Media Network,Market Fresh Demand Initiative,Metro Region Conversion Cohort,44948390,Health Conscious Buyers Interest Segment,2397704343381952,Shelf Story Bold Voice,1434619355850720,Catalog Engagement,0,0,0,0,0,0,0,0,0,0,0,0,0,0,0,0,0,0,0,0,0,0,0,0
2026-01-10,In-App Display,Home Essentials Promo Initiative,Metro Region Loyalty Cohort,38881639,Family Planners Lookalike Segment,8962004814279482,Shelf Story Value Voice,1020691786654074,Brand Awareness,0,0,0,0,0,0,0,0,0,0,0,0,0,0,0,0,0,0,0,0,0,0,0,0
2026-01-10,Search Network,Weekend Saver Retention Initiative,Metro Region Conversion Cohort,44948390,Family Planners Interest Segment,1394673896902429,Collection Showcase Warm Voice,1465857572073203,Brand Awareness,0,0,0,0,0,0,0,0,0,0,0,0,0,0,0,0,0,0,0,0,0,0,0,0
2026-01-10,Display Network,Weekend Saver Retention Initiative,Metro Region Conversion Cohort,44948390,Family Planners Lookalike Segment,6414513530178736,Shelf Story Bold Voice,1196365529472696,Brand Awareness,0,0,0,0,0,0,0,0,0,0,0,0,0,0,0,0,0,0,0,0,0,0,0,0
2026-01-10,Social Feed,Smart Choice Impact Initiative,Metro Region Loyalty Cohort,44948390,Family Planners Lookalike Segment,2895780604957346,Price Drop Cut Direct Voice,1436052663222758,Brand Awareness,0,0,0,0,0,0,0,0,0,0,0,0,0,0,0,0,0,0,0,0,0,0,0,0
2026-01-10,Retail Media Network,Market Fresh Demand Initiative,Metro Region Conversion Cohort,44948390,Family Planners Affinity Segment,5139106304638679,Shelf Story Bold Voice,1147739570231076,Catalog Engagement,0,0,0,0,0,0,0,0,0,0,0,0,0,0,0,0,0,0,0,0,0,0,0,0
2026-01-10,Display Network,Home Essentials Promo Initiative,Metro Region Conversion Cohort,44948390,Quick Refill Buyers Retention Segment,1899712342036110,Shelf Story Warm Voice,8585579191193727,Brand Awareness,0,0,0,0,0,0,0,0,0,0,0,0,0,0,0,0,0,0,0,0,0,0,0,0
2026-01-10,In-App Display,Family Pantry Retention Initiative,Metro Region Conversion Cohort,44948390,Family Planners Affinity Segment,8946701030783239,Shelf Story Bold Voice,5224830974742337,Catalog Engagement,0,0,0,0,0,0,0,0,0,0,0,0,0,0,0,0,0,0,0,0,0,0,0,0
2026-01-10,Discovery Network,Weekend Saver Retention Initiative,Metro Region Conversion Cohort,44948390,Family Planners Interest Segment,1394673896902429,Shelf Story Bold Voice,1572482192481188,Brand Awareness,0,0,0,0,0,0,0,0,0,0,0,0,0,0,0,0,0,0,0,0,0,0,0,0
2026-01-10,In-App Display,Family Pantry Retention Initiative,Metro Region Loyalty Cohort,44948390,Family Planners Lookalike Segment,1225539117458846,Shelf Story Warm Voice,6229792757136269,Catalog Engagement,0,0,0,0,0,0,0,0,0,0,0,0,0,0,0,0,0,0,0,0,0,0,0,0
2026-01-10,Influencer Network,Market Fresh Demand Initiative,Metro Region Conversion Cohort,44948390,Family Planners Lookalike Segment,1628117674022118,Shelf Story Bold Voice,1681974798598158,Catalog Engagement,0,0,0,0,0,0,0,0,0,0,0,0,0,0,0,0,0,0,0,0,0,0,0,0
2026-01-10,Video Network,Weekend Saver Retention Initiative,Metro Region Conversion Cohort,44948390,Family Planners Interest Segment,1394673896902429,Product Reel Warm Voice,1531156400166546,Brand Awareness,0,0,0,0,0,0,0,0,0,0,0,0,0,0,0,0,0,0,0,0,0,0,0,0
2026-01-10,In-App Display,Weekend Saver Retention Initiative,Metro Region Conversion Cohort,44948390,Family Planners Interest Segment,1394673896902429,Shelf Story Warm Voice,3933844935781169,Brand Awareness,0,0,0,0,0,0,0,0,0,0,0,0,0,0,0,0,0,0,0,0,0,0,0,0
2026-01-10,Discovery Network,Weekend Saver Retention Initiative,Metro Region Conversion Cohort,44948390,Family Planners Interest Segment,1394673896902429,Shelf Story Bold Voice,1727505061486984,Brand Awareness,0,0,0,0,0,0,0,0,0,0,0,0,0,0,0,0,0,0,0,0,0,0,0,0
2026-01-10,Social Feed,Family Pantry Retention Initiative,South Region Prospecting Cohort,44948390,Family Planners Lookalike Segment,2507857220866131,Shelf Story Bold Voice,1397918323293131,Catalog Engagement,167.07,56831,0,67782,181,100,100,100,100,5976,5816,0,0,1,0,90,0,278,0.50,2,13,0,61207,0
2026-01-10,Connected TV,Weekend Saver Retention Initiative,Metro Region Conversion Cohort,44948390,Family Planners Interest Segment,1394673896902429,Offer Spotlight Warm Voice,2577836288304446,Brand Awareness,0,0,0,0,0,0,0,0,0,0,0,0,0,0,0,0,0,0,0,0,0,0,0,0
2026-01-10,Shopping Grid,Family Pantry Retention Initiative,Metro Region Conversion Cohort,44948390,Family Planners Lookalike Segment,1494635147050178,Shelf Story Bold Voice,2499053457209784,Catalog Engagement,0,0,0,0,0,0,0,0,0,0,0,0,0,0,0,0,0,0,0,0,0,0,0,0
2026-01-10,Connected TV,Weekend Saver Retention Initiative,Metro Region Conversion Cohort,44948390,Family Planners Interest Segment,1394673896902429,Shelf Story Warm Voice,1160733018635906,Brand Awareness,0,0,0,0,0,0,0,0,0,0,0,0,0,0,0,0,0,0,0,0,0,0,0,0
2026-01-09,Shopping Grid,Family Pantry Retention Initiative,Metro Region Conversion Cohort,44948390,Family Planners Lookalike Segment,1494635147050178,Shelf Story Bold Voice,2499053457209784,Catalog Engagement,47.84,8759,0,7774,28,100,100,100,100,1016,854,0,0,0,0,45,0,91,0.93,0,2,0,7252,0
2026-01-09,Marketplace Feed,Weekend Saver Retention Initiative,Metro Region Conversion Cohort,44948390,Family Planners Interest Segment,1394673896902429,Offer Spotlight Warm Voice,2577836288304446,Brand Awareness,0,0,0,0,0,0,0,0,0,0,0,0,0,0,0,0,0,0,0,0,0,0,0,0
2026-01-09,Marketplace Feed,Weekend Saver Retention Initiative,Metro Region Conversion Cohort,44948390,Family Planners Interest Segment,1394673896902429,Shelf Story Bold Voice,1572482192481188,Brand Awareness,0,0,0,0,0,0,0,0,0,0,0,0,0,0,0,0,0,0,0,0,0,0,0,0
2026-01-09,Influencer Network,Market Fresh Demand Initiative,Metro Region Conversion Cohort,44948390,Family Planners Affinity Segment,5139106304638679,Shelf Story Bold Voice,1147739570231076,Catalog Engagement,6.60,1045,0,1036,4,71,100,100,87,106,94,0,0,0,0,5,0,8,0.8,0,0,0,1166,0
2026-01-09,Social Feed,Home Essentials Promo Initiative,Metro Region Conversion Cohort,44948390,Quick Refill Buyers Retention Segment,1899712342036110,Shelf Story Warm Voice,8585579191193727,Brand Awareness,0,0,0,0,0,0,0,0,0,0,0,0,0,0,0,0,0,0,0,0,0,0,0,0
2026-01-09,Display Network,Home Essentials Scale Initiative,Metro Region Conversion Cohort,44948390,Bulk Buyers Retention Segment,5247618499351699,Shelf Story Warm Voice,1126034969782214,Brand Awareness,0,0,0,0,0,0,0,0,0,0,0,0,0,0,0,0,0,0,0,0,0,0,0,0
2026-01-09,Display Network,Weekend Saver Retention Initiative,Metro Region Conversion Cohort,44948390,Family Planners Affinity Segment,1389569022480948,Price Drop Cut Direct Voice,2353395177123655,Brand Awareness,0,0,0,0,0,0,0,0,0,0,0,0,0,0,0,0,0,0,0,0,0,0,0,0
2026-01-09,Influencer Network,Home Essentials Promo Initiative,Metro Region Conversion Cohort,44948390,Quick Refill Buyers Retention Segment,1899712342036110,Price Drop Cut Direct Voice,1709471878481370,Brand Awareness,0,0,0,0,0,0,0,0,0,0,0,0,0,0,0,0,0,0,0,0,0,0,0,0
2026-01-09,Display Network,Family Pantry Retention Initiative,Metro Region Conversion Cohort,44948390,Health Conscious Buyers Interest Segment,1063987699047402,Shelf Story Bold Voice,5026172576946720,Catalog Engagement,38.73,6492,0,6514,78,100,100,100,100,544,439,0,0,0,0,28,0,151,2.55,0,7,0,6413,0
2026-01-09,Video Network,Family Pantry Retention Initiative,Metro Region Conversion Cohort,44948390,Family Planners Affinity Segment,8946701030783239,Shelf Story Bold Voice,5224830974742337,Catalog Engagement,10.28,2442,0,2321,12,46,100,92,59,169,159,0,0,0,0,7,0,23,0.92,0,0,0,2385,0
2026-01-09,Connected TV,Weekend Saver Retention Initiative,Metro Region Conversion Cohort,44948390,Family Planners Interest Segment,1394673896902429,Shelf Story Warm Voice,3933844935781169,Brand Awareness,0,0,0,0,0,0,0,0,0,0,0,0,0,0,0,0,0,0,0,0,0,0,0,0
2026-01-09,Connected TV,Market Fresh Demand Initiative,Metro Region Conversion Cohort,44948390,Health Conscious Buyers Interest Segment,2397704343381952,Shelf Story Bold Voice,1434619355850720,Catalog Engagement,42.32,10502,0,10118,64,100,100,100,100,747,678,0,0,0,0,14,0,128,1.16,0,4,0,9032,0
2026-01-09,In-App Display,Family Pantry Retention Initiative,Metro Region Conversion Cohort,38881639,Family Planners Lookalike Segment,1010331617086390,Shelf Story Warm Voice,1022962676348579,Brand Awareness,0,0,0,0,0,0,0,0,0,0,0,0,0,0,0,0,0,0,0,0,0,0,0,0
2026-01-09,Video Network,Market Fresh Demand Initiative,Metro Region Conversion Cohort,44948390,Family Planners Lookalike Segment,1628117674022118,Shelf Story Bold Voice,1681974798598158,Catalog Engagement,68.99,10534,0,12301,30,100,100,100,100,1088,752,0,0,0,0,30,0,77,0.71,0,7,0,11444,0
2026-01-09,Video Network,Weekend Saver Retention Initiative,Metro Region Conversion Cohort,44948390,Family Planners Interest Segment,1394673896902429,Shelf Story Warm Voice,1160733018635906,Brand Awareness,0,0,0,0,0,0,0,0,0,0,0,0,0,0,0,0,0,0,0,0,0,0,0,0
2026-01-09,Marketplace Feed,Weekend Saver Retention Initiative,Metro Region Conversion Cohort,44948390,Family Planners Interest Segment,1394673896902429,Price Drop Cut Direct Voice,1812581034724444,Brand Awareness,0,0,0,0,0,0,0,0,0,0,0,0,0,0,0,0,0,0,0,0,0,0,0,0
2026-01-09,Search Network,Weekend Saver Retention Initiative,Metro Region Conversion Cohort,44948390,Family Planners Interest Segment,9001467427315218,Shelf Story Bold Voice,1654622554129855,Brand Awareness,0,0,0,0,0,0,0,0,0,0,0,0,0,0,0,0,0,0,0,0,0,0,0,0
2026-01-09,Search Network,Weekend Saver Retention Initiative,Metro Region Conversion Cohort,44948390,Family Planners Interest Segment,1394673896902429,Product Reel Warm Voice,1531156400166546,Brand Awareness,0,0,0,0,0,0,0,0,0,0,0,0,0,0,0,0,0,0,0,0,0,0,0,0
2026-01-09,Marketplace Feed,Weekend Saver Retention Initiative,Metro Region Conversion Cohort,44948390,Family Planners Affinity Segment,1389569022480948,Shelf Story Warm Voice,1530693847075314,Brand Awareness,0,0,0,0,0,0,0,0,0,0,0,0,0,0,0,0,0,0,0,0,0,0,0,0
2026-01-09,Search Network,Smart Choice Impact Initiative,Metro Region Loyalty Cohort,44948390,Family Planners Lookalike Segment,2895780604957346,Price Drop Cut Direct Voice,1436052663222758,Brand Awareness,0,0,0,0,0,0,0,0,0,0,0,0,0,0,0,0,0,0,0,0,0,0,0,0
2026-01-09,Connected TV,Family Pantry Retention Initiative,South Region Prospecting Cohort,44948390,Family Planners Lookalike Segment,2507857220866131,Shelf Story Bold Voice,1397918323293131,Catalog Engagement,142.31,63587,0,62156,192,100,100,100,100,7088,5770,0,0,1,0,87,0,357,0.50,1,8,0,57105,0
2026-01-09,Affiliate Network,Weekend Saver Retention Initiative,Metro Region Conversion Cohort,44948390,Family Planners Interest Segment,1394673896902429,Shelf Story Bold Voice,1727505061486984,Brand Awareness,0,0,0,0,0,0,0,0,0,0,0,0,0,0,0,0,0,0,0,0,0,0,0,0
2026-01-09,Shopping Grid,Weekend Saver Retention Initiative,Metro Region Conversion Cohort,44948390,Family Planners Affinity Segment,1389569022480948,Product Reel Warm Voice,4315365691759735,Brand Awareness,0,0,0,0,0,0,0,0,0,0,0,0,0,0,0,0,0,0,0,0,0,0,0,0
2026-01-08,Marketplace Feed,Family Pantry Retention Initiative,South Region Prospecting Cohort,44948390,Family Planners Lookalike Segment,2507857220866131,Shelf Story Bold Voice,1397918323293131,Catalog Engagement,97.92,50834,0,47598,160,100,100,100,100,6439,5133,0,0,3,0,45,0,236,0.46,0,13,0,43486,0
2026-01-08,Retail Media Network,Weekend Saver Retention Initiative,Metro Region Conversion Cohort,44948390,Family Planners Interest Segment,1394673896902429,Price Drop Cut Direct Voice,1812581034724444,Brand Awareness,0,0,0,0,0,0,0,0,0,0,0,0,0,0,0,0,0,0,0,0,0,0,0,0
2026-01-08,Display Network,Weekend Saver Retention Initiative,Metro Region Conversion Cohort,44948390,Family Planners Lookalike Segment,6414513530178736,Product Reel Warm Voice,4676153444672040,Brand Awareness,0,0,0,0,0,0,0,0,0,0,0,0,0,0,0,0,0,0,0,0,0,0,0,0
2026-01-08,Marketplace Feed,Weekend Saver Retention Initiative,Metro Region Conversion Cohort,44948390,Family Planners Interest Segment,1394673896902429,Shelf Story Bold Voice,1727505061486984,Brand Awareness,0,0,0,0,0,0,0,0,0,0,0,0,0,0,0,0,0,0,0,0,0,0,0,0
2026-01-08,Discovery Network,Weekend Saver Retention Initiative,Metro Region Conversion Cohort,44948390,Family Planners Lookalike Segment,6414513530178736,Shelf Story Warm Voice,1528485474993574,Brand Awareness,0,0,0,0,0,0,0,0,0,0,0,0,0,0,0,0,0,0,0,0,0,0,0,0
2026-01-08,Retail Media Network,Market Fresh Demand Initiative,Metro Region Conversion Cohort,44948390,Family Planners Affinity Segment,5139106304638679,Shelf Story Bold Voice,1147739570231076,Catalog Engagement,44.67,4847,0,4715,31,100,100,100,100,685,497,0,0,0,0,21,0,63,1.12,0,1,0,4455,0
2026-01-08,Retail Media Network,Family Pantry Retention Initiative,Metro Region Conversion Cohort,38881639,Family Planners Lookalike Segment,1010331617086390,Shelf Story Warm Voice,1022962676348579,Brand Awareness,0,0,0,0,0,0,0,0,0,0,0,0,0,0,0,0,0,0,0,0,0,0,0,0
2026-01-08,Influencer Network,Family Pantry Retention Initiative,Metro Region Conversion Cohort,44948390,Family Planners Lookalike Segment,1494635147050178,Shelf Story Bold Voice,2499053457209784,Catalog Engagement,206.77,35162,0,33728,111,100,100,100,100,3817,2901,0,0,3,0,251,0,384,0.84,2,9,0,33429,0
2026-01-08,Marketplace Feed,Weekend Saver Retention Initiative,Metro Region Conversion Cohort,44948390,Family Planners Lookalike Segment,6414513530178736,Shelf Story Bold Voice,1196365529472696,Brand Awareness,0,0,0,0,0,0,0,0,0,0,0,0,0,0,0,0,0,0,0,0,0,0,0,0
2026-01-08,Influencer Network,Family Pantry Retention Initiative,South Region Prospecting Cohort,44948390,Family Planners Lookalike Segment,6617067623181098,Offer Spotlight Friendly Voice,1272500241996975,Catalog Engagement,0,0,0,0,0,0,0,0,0,0,0,0,0,0,0,0,0,0,0,0,0,0,0,0
2026-01-08,Marketplace Feed,Home Essentials Promo Initiative,Metro Region Conversion Cohort,44948390,Quick Refill Buyers Retention Segment,1899712342036110,Price Drop Cut Direct Voice,1709471878481370,Brand Awareness,0,0,0,0,0,0,0,0,0,0,0,0,0,0,0,0,0,0,0,0,0,0,0,0
2026-01-08,Shopping Grid,Market Fresh Demand Initiative,Metro Region Conversion Cohort,44948390,Health Conscious Buyers Interest Segment,2397704343381952,Shelf Story Bold Voice,1434619355850720,Catalog Engagement,183.92,37588,0,45424,341,100,100,100,100,3115,2657,0,0,0,0,59,0,559,1.29,0,15,0,38112,0
2026-01-08,Search Network,Market Fresh Demand Initiative,Metro Region Conversion Cohort,44948390,Family Planners Lookalike Segment,1628117674022118,Shelf Story Bold Voice,1681974798598158,Catalog Engagement,208.94,36789,0,37137,165,100,100,100,100,3017,2574,0,0,0,0,75,0,276,0.7,0,8,0,38879,0
2026-01-08,Influencer Network,Family Pantry Retention Initiative,Metro Region Conversion Cohort,44948390,Family Planners Affinity Segment,8946701030783239,Shelf Story Bold Voice,5224830974742337,Catalog Engagement,57.92,11606,0,10631,44,100,100,100,100,1014,803,0,0,0,0,64,0,97,0.82,1,0,0,9490,0
2026-01-08,Discovery Network,Weekend Saver Retention Initiative,Metro Region Conversion Cohort,44948390,Family Planners Interest Segment,1394673896902429,Shelf Story Warm Voice,1160733018635906,Brand Awareness,0,0,0,0,0,0,0,0,0,0,0,0,0,0,0,0,0,0,0,0,0,0,0,0
2026-01-08,Social Feed,Weekend Saver Retention Initiative,Metro Region Conversion Cohort,44948390,Family Planners Interest Segment,9001467427315218,Shelf Story Bold Voice,1654622554129855,Brand Awareness,0,0,0,0,0,0,0,0,0,0,0,0,0,0,0,0,0,0,0,0,0,0,0,0
2026-01-08,Display Network,Weekend Saver Retention Initiative,Metro Region Conversion Cohort,44948390,Family Planners Affinity Segment,1389569022480948,Shelf Story Warm Voice,1530693847075314,Brand Awareness,0,0,0,0,0,0,0,0,0,0,0,0,0,0,0,0,0,0,0,0,0,0,0,0
2026-01-08,Display Network,Smart Choice Impact Initiative,Metro Region Loyalty Cohort,44948390,Family Planners Lookalike Segment,2895780604957346,Price Drop Cut Direct Voice,1436052663222758,Brand Awareness,0,0,0,0,0,0,0,0,0,0,0,0,0,0,0,0,0,0,0,0,0,0,0,0
2026-01-08,Marketplace Feed,Weekend Saver Retention Initiative,Metro Region Conversion Cohort,44948390,Family Planners Affinity Segment,1389569022480948,Shelf Story Bold Voice,3265216505548394,Brand Awareness,0,0,0,0,0,0,0,0,0,0,0,0,0,0,0,0,0,0,0,0,0,0,0,0
2026-01-08,Video Network,Weekend Saver Retention Initiative,Metro Region Conversion Cohort,44948390,Family Planners Interest Segment,1394673896902429,Offer Spotlight Warm Voice,2577836288304446,Brand Awareness,0,0,0,0,0,0,0,0,0,0,0,0,0,0,0,0,0,0,0,0,0,0,0,0
2026-01-08,Search Network,Weekend Saver Retention Initiative,Metro Region Conversion Cohort,44948390,Family Planners Interest Segment,9001467427315218,Shelf Story Warm Voice,1469019764729968,Brand Awareness,0,0,0,0,0,0,0,0,0,0,0,0,0,0,0,0,0,0,0,0,0,0,0,0
2026-01-08,Retail Media Network,Home Essentials Promo Initiative,Metro Region Conversion Cohort,44948390,Quick Refill Buyers Retention Segment,1899712342036110,Shelf Story Warm Voice,8585579191193727,Brand Awareness,0,0,0,0,0,0,0,0,0,0,0,0,0,0,0,0,0,0,0,0,0,0,0,0
2026-01-08,Shopping Grid,Family Pantry Retention Initiative,Metro Region Conversion Cohort,44948390,Health Conscious Buyers Interest Segment,1063987699047402,Shelf Story Bold Voice,5026172576946720,Catalog Engagement,111.22,19268,0,19291,116,100,100,100,100,1628,1469,0,0,0,0,64,0,204,0.81,7,2,0,18467,0
2026-01-07,Influencer Network,Home Essentials Scale Initiative,Metro Region Conversion Cohort,44948390,Weekend Deal Hunters Interest Segment,4343805881369289,Offer Spotlight Bold Voice,1385659771966915,Brand Awareness,0,0,0,0,0,0,0,0,0,0,0,0,0,0,0,0,0,0,0,0,0,0,0,0
2026-01-07,Connected TV,Weekend Saver Retention Initiative,Metro Region Conversion Cohort,44948390,Family Planners Interest Segment,9001467427315218,Shelf Story Warm Voice,1469019764729968,Brand Awareness,0,0,0,0,0,0,0,0,0,0,0,0,0,0,0,0,0,0,0,0,0,0,0,0
2026-01-07,Affiliate Network,Weekend Saver Retention Initiative,Metro Region Conversion Cohort,44948390,Family Planners Interest Segment,1394673896902429,Shelf Story Warm Voice,3933844935781169,Brand Awareness,0,0,0,0,0,0,0,0,0,0,0,0,0,0,0,0,0,0,0,0,0,0,0,0
2026-01-07,In-App Display,Weekend Saver Retention Initiative,Metro Region Conversion Cohort,44948390,Family Planners Interest Segment,9001467427315218,Price Drop Cut Direct Voice,8284422951805925,Brand Awareness,0,0,0,0,0,0,0,0,0,0,0,0,0,0,0,0,0,0,0,0,0,0,0,0
2026-01-07,Connected TV,Weekend Saver Retention Initiative,Metro Region Conversion Cohort,44948390,Family Planners Lookalike Segment,6414513530178736,Product Reel Warm Voice,4676153444672040,Brand Awareness,0,0,0,0,0,0,0,0,0,0,0,0,0,0,0,0,0,0,0,0,0,0,0,0
2026-01-07,Influencer Network,Weekend Saver Retention Initiative,Metro Region Conversion Cohort,44948390,Family Planners Affinity Segment,1389569022480948,Product Reel Warm Voice,4315365691759735,Brand Awareness,0,0,0,0,0,0,0,0,0,0,0,0,0,0,0,0,0,0,0,0,0,0,0,0
2026-01-07,Search Network,Weekend Saver Retention Initiative,Metro Region Conversion Cohort,44948390,Family Planners Lookalike Segment,6414513530178736,Shelf Story Bold Voice,1196365529472696,Brand Awareness,0,0,0,0,0,0,0,0,0,0,0,0,0,0,0,0,0,0,0,0,0,0,0,0
2026-01-07,Display Network,Smart Choice Impact Initiative,Metro Region Loyalty Cohort,44948390,Family Planners Lookalike Segment,2895780604957346,Price Drop Cut Direct Voice,1436052663222758,Brand Awareness,0,0,0,0,0,0,0,0,0,0,0,0,0,0,0,0,0,0,0,0,0,0,0,0
2026-01-07,Discovery Network,Weekend Saver Retention Initiative,Metro Region Conversion Cohort,44948390,Family Planners Lookalike Segment,6414513530178736,Price Drop Cut Direct Voice,1778721621071784,Brand Awareness,0,0,0,0,0,0,0,0,0,0,0,0,0,0,0,0,0,0,0,0,0,0,0,0
2026-01-07,Influencer Network,Family Pantry Retention Initiative,Metro Region Conversion Cohort,44948390,Family Planners Lookalike Segment,1494635147050178,Shelf Story Bold Voice,2499053457209784,Catalog Engagement,190.3,31408,0,30823,107,100,100,100,100,2476,2659,0,0,2,0,322,0,427,1.07,3,8,0,27318,0
2026-01-07,Search Network,Weekend Saver Retention Initiative,Metro Region Conversion Cohort,44948390,Family Planners Interest Segment,9001467427315218,Shelf Story Bold Voice,1654622554129855,Brand Awareness,0,0,0,0,0,0,0,0,0,0,0,0,0,0,0,0,0,0,0,0,0,0,0,0
2026-01-07,Retail Media Network,Weekend Saver Retention Initiative,Metro Region Conversion Cohort,44948390,Family Planners Lookalike Segment,6414513530178736,Shelf Story Warm Voice,1528485474993574,Brand Awareness,0,0,0,0,0,0,0,0,0,0,0,0,0,0,0,0,0,0,0,0,0,0,0,0
2026-01-07,Discovery Network,Weekend Saver Retention Initiative,Metro Region Conversion Cohort,44948390,Family Planners Interest Segment,1394673896902429,Shelf Story Warm Voice,1160733018635906,Brand Awareness,0,0,0,0,0,0,0,0,0,0,0,0,0,0,0,0,0,0,0,0,0,0,0,0
2026-01-07,Affiliate Network,Market Fresh Demand Initiative,Metro Region Conversion Cohort,44948390,Health Conscious Buyers Interest Segment,2397704343381952,Shelf Story Bold Voice,1434619355850720,Catalog Engagement,131.34,42244,0,40465,204,100,100,100,100,2640,1777,0,0,0,0,94,0,383,1.08,1,9,0,38587,0
2026-01-07,Search Network,Family Pantry Retention Initiative,Metro Region Conversion Cohort,44948390,Weekend Deal Hunters Interest Segment,1111168710985428,Product Reel Bold Voice,9312231377415291,Brand Awareness,0,0,0,0,0,0,0,0,0,0,0,0,0,0,0,0,0,0,0,0,0,0,0,0
2026-01-07,Influencer Network,Weekend Saver Retention Initiative,Metro Region Conversion Cohort,44948390,Family Planners Interest Segment,1394673896902429,Product Reel Warm Voice,1531156400166546,Brand Awareness,0,0,0,0,0,0,0,0,0,0,0,0,0,0,0,0,0,0,0,0,0,0,0,0
2026-01-07,Influencer Network,Weekend Saver Retention Initiative,Metro Region Conversion Cohort,44948390,Family Planners Affinity Segment,1389569022480948,Price Drop Cut Direct Voice,2353395177123655,Brand Awareness,0,0,0,0,0,0,0,0,0,0,0,0,0,0,0,0,0,0,0,0,0,0,0,0
2026-01-07,Retail Media Network,Weekend Saver Retention Initiative,Metro Region Conversion Cohort,44948390,Family Planners Interest Segment,1394673896902429,Shelf Story Bold Voice,1727505061486984,Brand Awareness,0,0,0,0,0,0,0,0,0,0,0,0,0,0,0,0,0,0,0,0,0,0,0,0
2026-01-07,Discovery Network,Weekend Saver Retention Initiative,Metro Region Conversion Cohort,44948390,Family Planners Interest Segment,1394673896902429,Price Drop Cut Direct Voice,1812581034724444,Brand Awareness,0,0,0,0,0,0,0,0,0,0,0,0,0,0,0,0,0,0,0,0,0,0,0,0
2026-01-07,Discovery Network,Weekend Saver Retention Initiative,Metro Region Conversion Cohort,44948390,Family Planners Affinity Segment,1389569022480948,Shelf Story Warm Voice,8479093620973308,Brand Awareness,0,0,0,0,0,0,0,0,0,0,0,0,0,0,0,0,0,0,0,0,0,0,0,0
2026-01-07,Affiliate Network,Market Fresh Demand Initiative,Metro Region Conversion Cohort,44948390,Family Planners Affinity Segment,5139106304638679,Shelf Story Bold Voice,1147739570231076,Catalog Engagement,50.17,8583,0,9145,26,100,100,100,100,767,731,0,0,0,0,38,0,84,0.89,0,5,0,7947,0
2026-01-07,Influencer Network,Home Essentials Promo Initiative,Metro Region Conversion Cohort,44948390,Quick Refill Buyers Retention Segment,1899712342036110,Shelf Story Warm Voice,8585579191193727,Brand Awareness,0,0,0,0,0,0,0,0,0,0,0,0,0,0,0,0,0,0,0,0,0,0,0,0
2026-01-07,Connected TV,Weekend Saver Retention Initiative,Metro Region Conversion Cohort,44948390,Family Planners Interest Segment,1394673896902429,Offer Spotlight Warm Voice,2577836288304446,Brand Awareness,0,0,0,0,0,0,0,0,0,0,0,0,0,0,0,0,0,0,0,0,0,0,0,0
2026-01-07,Affiliate Network,Market Fresh Demand Initiative,Metro Region Conversion Cohort,44948390,Family Planners Lookalike Segment,1628117674022118,Shelf Story Bold Voice,1681974798598158,Catalog Engagement,186.31,46495,0,43405,238,100,100,100,100,3587,2924,0,0,0,0,142,0,463,0.94,1,7,0,37092,0
2026-01-07,In-App Display,Family Pantry Retention Initiative,Metro Region Conversion Cohort,44948390,Family Planners Affinity Segment,8946701030783239,Shelf Story Bold Voice,5224830974742337,Catalog Engagement,69.08,14028,0,12986,56,100,100,100,100,1328,1026,0,0,0,0,157,0,203,1.51,0,3,0,13029,0
2026-01-07,Social Feed,Family Pantry Retention Initiative,Metro Region Conversion Cohort,44948390,Health Conscious Buyers Interest Segment,1063987699047402,Shelf Story Bold Voice,5026172576946720,Catalog Engagement,113.47,23519,0,23054,136,100,100,100,100,1541,1385,0,0,0,0,144,0,356,1.46,0,6,0,24367,0
2026-01-07,Discovery Network,Weekend Saver Retention Initiative,Metro Region Conversion Cohort,44948390,Family Planners Interest Segment,1394673896902429,Shelf Story Bold Voice,1572482192481188,Brand Awareness,0,0,0,0,0,0,0,0,0,0,0,0,0,0,0,0,0,0,0,0,0,0,0,0
2026-01-07,In-App Display,Home Essentials Scale Initiative,Metro Region Conversion Cohort,44948390,Weekend Deal Hunters Interest Segment,4343805881369289,Shelf Story Warm Voice,4145707611858469,Brand Awareness,0,0,0,0,0,0,0,0,0,0,0,0,0,0,0,0,0,0,0,0,0,0,0,0
2026-01-06,Discovery Network,Weekend Saver Retention Initiative,Metro Region Conversion Cohort,44948390,Family Planners Lookalike Segment,6414513530178736,Price Drop Cut Direct Voice,1778721621071784,Brand Awareness,0,0,0,0,0,0,0,0,0,0,0,0,0,0,0,0,0,0,0,0,0,0,0,0
2026-01-06,Discovery Network,Weekend Saver Retention Initiative,Metro Region Conversion Cohort,44948390,Family Planners Affinity Segment,1389569022480948,Offer Spotlight Warm Voice,1545542195763148,Brand Awareness,0,0,0,0,0,0,0,0,0,0,0,0,0,0,0,0,0,0,0,0,0,0,0,0
2026-01-06,Search Network,Weekend Saver Retention Initiative,Metro Region Conversion Cohort,44948390,Family Planners Affinity Segment,1389569022480948,Shelf Story Warm Voice,1530693847075314,Brand Awareness,0,0,0,0,0,0,0,0,0,0,0,0,0,0,0,0,0,0,0,0,0,0,0,0
2026-01-06,In-App Display,Home Essentials Promo Initiative,Metro Region Loyalty Cohort,38881639,Family Planners Lookalike Segment,8962004814279482,Shelf Story Value Voice,1020691786654074,Brand Awareness,0,0,0,0,0,0,0,0,0,0,0,0,0,0,0,0,0,0,0,0,0,0,0,0
2026-01-06,Marketplace Feed,Weekend Saver Retention Initiative,Metro Region Conversion Cohort,44948390,Family Planners Interest Segment,1394673896902429,Shelf Story Warm Voice,3933844935781169,Brand Awareness,0,0,0,0,0,0,0,0,0,0,0,0,0,0,0,0,0,0,0,0,0,0,0,0
2026-01-06,Video Network,Weekend Saver Retention Initiative,Metro Region Conversion Cohort,44948390,Family Planners Interest Segment,1394673896902429,Shelf Story Warm Voice,1160733018635906,Brand Awareness,0,0,0,0,0,0,0,0,0,0,0,0,0,0,0,0,0,0,0,0,0,0,0,0
2026-01-06,Retail Media Network,Weekend Saver Retention Initiative,Metro Region Conversion Cohort,44948390,Family Planners Lookalike Segment,6414513530178736,Shelf Story Bold Voice,1196365529472696,Brand Awareness,0,0,0,0,0,0,0,0,0,0,0,0,0,0,0,0,0,0,0,0,0,0,0,0
2026-01-06,Shopping Grid,Weekend Saver Retention Initiative,Metro Region Conversion Cohort,44948390,Family Planners Interest Segment,9001467427315218,Shelf Story Warm Voice,1469019764729968,Brand Awareness,0,0,0,0,0,0,0,0,0,0,0,0,0,0,0,0,0,0,0,0,0,0,0,0
2026-01-06,Connected TV,Weekend Saver Retention Initiative,Metro Region Conversion Cohort,44948390,Family Planners Affinity Segment,1389569022480948,Shelf Story Warm Voice,8479093620973308,Brand Awareness,0,0,0,0,0,0,0,0,0,0,0,0,0,0,0,0,0,0,0,0,0,0,0,0
2026-01-06,Marketplace Feed,Home Essentials Promo Initiative,South Region Prospecting Cohort,44948390,Family Planners Lookalike Segment,1115673868745708,Offer Spotlight Friendly Voice,6462078678771920,Catalog Engagement,0,0,0,0,0,0,0,0,0,0,0,0,0,0,0,0,0,0,0,0,0,0,0,0
2026-01-06,Shopping Grid,Family Pantry Retention Initiative,Metro Region Loyalty Cohort,44948390,Family Planners Lookalike Segment,4174361361672330,Shelf Story Warm Voice,7873932626165346,Catalog Engagement,0,0,0,0,0,0,0,0,0,0,0,0,0,0,0,0,0,0,0,0,0,0,0,0
2026-01-06,Shopping Grid,Weekend Saver Retention Initiative,Metro Region Conversion Cohort,44948390,Family Planners Interest Segment,1394673896902429,Shelf Story Bold Voice,1727505061486984,Brand Awareness,0,0,0,0,0,0,0,0,0,0,0,0,0,0,0,0,0,0,0,0,0,0,0,0
2026-01-06,Shopping Grid,Weekend Saver Retention Initiative,Metro Region Conversion Cohort,44948390,Family Planners Lookalike Segment,6414513530178736,Shelf Story Bold Voice,6513507609208113,Brand Awareness,0,0,0,0,0,0,0,0,0,0,0,0,0,0,0,0,0,0,0,0,0,0,0,0
2026-01-06,In-App Display,Weekend Saver Retention Initiative,Metro Region Conversion Cohort,44948390,Family Planners Affinity Segment,1389569022480948,Shelf Story Bold Voice,3265216505548394,Brand Awareness,0,0,0,0,0,0,0,0,0,0,0,0,0,0,0,0,0,0,0,0,0,0,0,0
2026-01-06,Discovery Network,Weekend Saver Retention Initiative,Metro Region Conversion Cohort,44948390,Family Planners Interest Segment,9001467427315218,Shelf Story Bold Voice,1654622554129855,Brand Awareness,0,0,0,0,0,0,0,0,0,0,0,0,0,0,0,0,0,0,0,0,0,0,0,0
2026-01-06,Discovery Network,Weekend Saver Retention Initiative,Metro Region Conversion Cohort,44948390,Family Planners Affinity Segment,1389569022480948,Price Drop Cut Direct Voice,2353395177123655,Brand Awareness,0,0,0,0,0,0,0,0,0,0,0,0,0,0,0,0,0,0,0,0,0,0,0,0
2026-01-06,In-App Display,Weekend Saver Retention Initiative,Metro Region Conversion Cohort,44948390,Family Planners Interest Segment,1394673896902429,Shelf Story Bold Voice,1572482192481188,Brand Awareness,0,0,0,0,0,0,0,0,0,0,0,0,0,0,0,0,0,0,0,0,0,0,0,0
2026-01-06,Social Feed,Home Essentials Scale Initiative,Metro Region Conversion Cohort,44948390,Weekend Deal Hunters Interest Segment,4343805881369289,Shelf Story Warm Voice,4145707611858469,Brand Awareness,0,0,0,0,0,0,0,0,0,0,0,0,0,0,0,0,0,0,0,0,0,0,0,0
2026-01-06,Search Network,Weekend Saver Retention Initiative,Metro Region Conversion Cohort,44948390,Family Planners Interest Segment,1394673896902429,Price Drop Cut Direct Voice,1812581034724444,Brand Awareness,0,0,0,0,0,0,0,0,0,0,0,0,0,0,0,0,0,0,0,0,0,0,0,0
2026-01-06,Social Feed,Family Pantry Retention Initiative,Metro Region Loyalty Cohort,44948390,Health Conscious Buyers Interest Segment,6492361514025005,Shelf Story Bold Voice,1617547560497945,Brand Awareness,0,0,0,0,0,0,0,0,0,0,0,0,0,0,0,0,0,0,0,0,0,0,0,0
2026-01-06,Shopping Grid,Home Essentials Promo Initiative,Metro Region Conversion Cohort,44948390,Quick Refill Buyers Retention Segment,1899712342036110,Shelf Story Warm Voice,8585579191193727,Brand Awareness,0,0,0,0,0,0,0,0,0,0,0,0,0,0,0,0,0,0,0,0,0,0,0,0
2026-01-06,Search Network,Family Pantry Retention Initiative,Metro Region Conversion Cohort,38881639,Family Planners Lookalike Segment,1010331617086390,Shelf Story Warm Voice,1022962676348579,Brand Awareness,0,0,0,0,0,0,0,0,0,0,0,0,0,0,0,0,0,0,0,0,0,0,0,0
2026-01-06,Discovery Network,Weekend Saver Retention Initiative,Metro Region Conversion Cohort,44948390,Family Planners Interest Segment,1394673896902429,Offer Spotlight Warm Voice,2577836288304446,Brand Awareness,0,0,0,0,0,0,0,0,0,0,0,0,0,0,0,0,0,0,0,0,0,0,0,0
2026-01-06,Search Network,Weekend Saver Retention Initiative,Metro Region Conversion Cohort,44948390,Family Planners Interest Segment,1394673896902429,Collection Showcase Warm Voice,1465857572073203,Brand Awareness,0,0,0,0,0,0,0,0,0,0,0,0,0,0,0,0,0,0,0,0,0,0,0,0
2026-01-05,Display Network,Weekend Saver Retention Initiative,Metro Region Conversion Cohort,44948390,Family Planners Lookalike Segment,6414513530178736,Price Drop Cut Direct Voice,1778721621071784,Brand Awareness,0,0,0,0,0,0,0,0,0,0,0,0,0,0,0,0,0,0,0,0,0,0,0,0
2026-01-05,Marketplace Feed,Weekend Saver Retention Initiative,Metro Region Conversion Cohort,44948390,Family Planners Lookalike Segment,6414513530178736,Collection Showcase Warm Voice,1516549417031353,Brand Awareness,0,0,0,0,0,0,0,0,0,0,0,0,0,0,0,0,0,0,0,0,0,0,0,0
2026-01-05,Video Network,Weekend Saver Retention Initiative,Metro Region Conversion Cohort,44948390,Family Planners Interest Segment,1394673896902429,Shelf Story Warm Voice,3933844935781169,Brand Awareness,0,0,0,0,0,0,0,0,0,0,0,0,0,0,0,0,0,0,0,0,0,0,0,0
2026-01-05,Retail Media Network,Weekend Saver Retention Initiative,Metro Region Conversion Cohort,44948390,Family Planners Affinity Segment,1389569022480948,Product Reel Warm Voice,4315365691759735,Brand Awareness,0,0,0,0,0,0,0,0,0,0,0,0,0,0,0,0,0,0,0,0,0,0,0,0
2026-01-05,Connected TV,Weekend Saver Retention Initiative,Metro Region Conversion Cohort,44948390,Family Planners Affinity Segment,1389569022480948,Price Drop Cut Direct Voice,2353395177123655,Brand Awareness,0,0,0,0,0,0,0,0,0,0,0,0,0,0,0,0,0,0,0,0,0,0,0,0
2026-01-05,Connected TV,Weekend Saver Retention Initiative,Metro Region Conversion Cohort,44948390,Family Planners Interest Segment,1394673896902429,Shelf Story Bold Voice,1727505061486984,Brand Awareness,0,0,0,0,0,0,0,0,0,0,0,0,0,0,0,0,0,0,0,0,0,0,0,0
2026-01-05,Connected TV,Weekend Saver Retention Initiative,Metro Region Conversion Cohort,44948390,Family Planners Interest Segment,9001467427315218,Price Drop Cut Direct Voice,8284422951805925,Brand Awareness,0,0,0,0,0,0,0,0,0,0,0,0,0,0,0,0,0,0,0,0,0,0,0,0
2026-01-05,Affiliate Network,Smart Choice Impact Initiative,Metro Region Loyalty Cohort,44948390,Family Planners Lookalike Segment,2895780604957346,Price Drop Cut Direct Voice,1436052663222758,Brand Awareness,0,0,0,0,0,0,0,0,0,0,0,0,0,0,0,0,0,0,0,0,0,0,0,0
2026-01-05,Retail Media Network,Weekend Saver Retention Initiative,Metro Region Conversion Cohort,44948390,Family Planners Affinity Segment,1389569022480948,Offer Spotlight Warm Voice,1545542195763148,Brand Awareness,0,0,0,0,0,0,0,0,0,0,0,0,0,0,0,0,0,0,0,0,0,0,0,0
2026-01-05,Influencer Network,Weekend Saver Retention Initiative,Metro Region Conversion Cohort,44948390,Family Planners Lookalike Segment,6414513530178736,Product Reel Warm Voice,4676153444672040,Brand Awareness,0,0,0,0,0,0,0,0,0,0,0,0,0,0,0,0,0,0,0,0,0,0,0,0
2026-01-05,Social Feed,Weekend Saver Retention Initiative,Metro Region Conversion Cohort,44948390,Family Planners Lookalike Segment,6414513530178736,Shelf Story Warm Voice,2231767173617477,Brand Awareness,0,0,0,0,0,0,0,0,0,0,0,0,0,0,0,0,0,0,0,0,0,0,0,0
2026-01-05,Discovery Network,Weekend Saver Retention Initiative,Metro Region Conversion Cohort,44948390,Family Planners Interest Segment,9001467427315218,Shelf Story Warm Voice,1469019764729968,Brand Awareness,0,0,0,0,0,0,0,0,0,0,0,0,0,0,0,0,0,0,0,0,0,0,0,0
2026-01-05,Affiliate Network,Weekend Saver Retention Initiative,Metro Region Conversion Cohort,44948390,Family Planners Interest Segment,9001467427315218,Product Reel Warm Voice,1624967893562043,Brand Awareness,0,0,0,0,0,0,0,0,0,0,0,0,0,0,0,0,0,0,0,0,0,0,0,0
2026-01-05,Retail Media Network,Weekend Saver Retention Initiative,Metro Region Conversion Cohort,44948390,Family Planners Interest Segment,9001467427315218,Offer Spotlight Warm Voice,1833559740190436,Brand Awareness,0,0,0,0,0,0,0,0,0,0,0,0,0,0,0,0,0,0,0,0,0,0,0,0
2026-01-05,Affiliate Network,Family Pantry Retention Initiative,South Region Prospecting Cohort,44948390,Family Planners Lookalike Segment,6474256179552779,Shelf Story Bold Voice,5693447469055634,Catalog Engagement,0,0,0,0,0,0,0,0,0,0,0,0,0,0,0,0,0,0,0,0,0,0,0,0
2026-01-05,Video Network,Family Pantry Retention Initiative,Metro Region Conversion Cohort,38881639,Family Planners Lookalike Segment,1010331617086390,Shelf Story Warm Voice,1022962676348579,Brand Awareness,0,0,0,0,0,0,0,0,0,0,0,0,0,0,0,0,0,0,0,0,0,0,0,0
2026-01-05,Search Network,Weekend Saver Retention Initiative,Metro Region Conversion Cohort,44948390,Family Planners Interest Segment,1394673896902429,Product Reel Warm Voice,1531156400166546,Brand Awareness,0,0,0,0,0,0,0,0,0,0,0,0,0,0,0,0,0,0,0,0,0,0,0,0
2026-01-05,Discovery Network,Weekend Saver Retention Initiative,Metro Region Conversion Cohort,44948390,Family Planners Interest Segment,9001467427315218,Shelf Story Bold Voice,1654622554129855,Brand Awareness,0,0,0,0,0,0,0,0,0,0,0,0,0,0,0,0,0,0,0,0,0,0,0,0
2026-01-05,Influencer Network,Weekend Saver Retention Initiative,Metro Region Conversion Cohort,44948390,Family Planners Lookalike Segment,6414513530178736,Offer Spotlight Warm Voice,2129787175970894,Brand Awareness,0,0,0,0,0,0,0,0,0,0,0,0,0,0,0,0,0,0,0,0,0,0,0,0
2026-01-05,Shopping Grid,Weekend Saver Retention Initiative,Metro Region Conversion Cohort,44948390,Family Planners Interest Segment,1394673896902429,Shelf Story Warm Voice,1160733018635906,Brand Awareness,0,0,0,0,0,0,0,0,0,0,0,0,0,0,0,0,0,0,0,0,0,0,0,0
2026-01-05,Social Feed,Home Essentials Promo Initiative,Metro Region Conversion Cohort,44948390,Quick Refill Buyers Retention Segment,1899712342036110,Price Drop Cut Direct Voice,1709471878481370,Brand Awareness,0,0,0,0,0,0,0,0,0,0,0,0,0,0,0,0,0,0,0,0,0,0,0,0
2026-01-05,Influencer Network,Weekend Saver Retention Initiative,Metro Region Conversion Cohort,44948390,Family Planners Lookalike Segment,6414513530178736,Shelf Story Warm Voice,1528485474993574,Brand Awareness,0,0,0,0,0,0,0,0,0,0,0,0,0,0,0,0,0,0,0,0,0,0,0,0
2026-01-05,Affiliate Network,Home Essentials Promo Initiative,Metro Region Conversion Cohort,44948390,Quick Refill Buyers Retention Segment,1899712342036110,Shelf Story Warm Voice,8585579191193727,Brand Awareness,0,0,0,0,0,0,0,0,0,0,0,0,0,0,0,0,0,0,0,0,0,0,0,0
2026-01-05,Social Feed,Weekend Saver Retention Initiative,Metro Region Conversion Cohort,44948390,Family Planners Interest Segment,1394673896902429,Shelf Story Bold Voice,1572482192481188,Brand Awareness,0,0,0,0,0,0,0,0,0,0,0,0,0,0,0,0,0,0,0,0,0,0,0,0
2026-01-05,Display Network,Weekend Saver Retention Initiative,Metro Region Conversion Cohort,44948390,Family Planners Affinity Segment,1389569022480948,Collection Showcase Warm Voice,1320111340611203,Brand Awareness,0,0,0,0,0,0,0,0,0,0,0,0,0,0,0,0,0,0,0,0,0,0,0,0
2026-01-05,Connected TV,Weekend Saver Retention Initiative,Metro Region Conversion Cohort,44948390,Family Planners Affinity Segment,1389569022480948,Shelf Story Warm Voice,1530693847075314,Brand Awareness,0,0,0,0,0,0,0,0,0,0,0,0,0,0,0,0,0,0,0,0,0,0,0,0
2026-01-05,Social Feed,Weekend Saver Retention Initiative,Metro Region Conversion Cohort,44948390,Family Planners Interest Segment,9001467427315218,Shelf Story Bold Voice,1039701426851905,Brand Awareness,0,0,0,0,0,0,0,0,0,0,0,0,0,0,0,0,0,0,0,0,0,0,0,0
2026-01-05,Affiliate Network,Weekend Saver Retention Initiative,Metro Region Conversion Cohort,44948390,Family Planners Interest Segment,1394673896902429,Offer Spotlight Warm Voice,2577836288304446,Brand Awareness,0,0,0,0,0,0,0,0,0,0,0,0,0,0,0,0,0,0,0,0,0,0,0,0
2026-01-05,Social Feed,Family Pantry Retention Initiative,Metro Region Conversion Cohort,44948390,Weekend Deal Hunters Interest Segment,1111168710985428,Price Drop Cut Value Voice,1504500265624859,Brand Awareness,0,0,0,0,0,0,0,0,0,0,0,0,0,0,0,0,0,0,0,0,0,0,0,0
2026-01-05,Retail Media Network,Weekend Saver Retention Initiative,Metro Region Conversion Cohort,44948390,Family Planners Lookalike Segment,6414513530178736,Shelf Story Bold Voice,1196365529472696,Brand Awareness,0,0,0,0,0,0,0,0,0,0,0,0,0,0,0,0,0,0,0,0,0,0,0,0
2026-01-05,Social Feed,Family Pantry Retention Initiative,South Region Prospecting Cohort,44948390,Family Planners Lookalike Segment,6617067623181098,Offer Spotlight Friendly Voice,1272500241996975,Catalog Engagement,0,0,0,0,0,0,0,0,0,0,0,0,0,0,0,0,0,0,0,0,0,0,0,0
2026-01-05,Influencer Network,Weekend Saver Retention Initiative,Metro Region Conversion Cohort,44948390,Family Planners Affinity Segment,1389569022480948,Shelf Story Bold Voice,1173192097642746,Brand Awareness,0,0,0,0,0,0,0,0,0,0,0,0,0,0,0,0,0,0,0,0,0,0,0,0
2026-01-05,Discovery Network,Weekend Saver Retention Initiative,Metro Region Conversion Cohort,44948390,Family Planners Interest Segment,1394673896902429,Collection Showcase Warm Voice,1465857572073203,Brand Awareness,0,0,0,0,0,0,0,0,0,0,0,0,0,0,0,0,0,0,0,0,0,0,0,0
2026-01-05,Display Network,Weekend Saver Retention Initiative,Metro Region Conversion Cohort,44948390,Family Planners Interest Segment,1394673896902429,Price Drop Cut Direct Voice,1812581034724444,Brand Awareness,0,0,0,0,0,0,0,0,0,0,0,0,0,0,0,0,0,0,0,0,0,0,0,0
2026-01-05,Video Network,Weekend Saver Retention Initiative,Metro Region Conversion Cohort,44948390,Family Planners Affinity Segment,1389569022480948,Shelf Story Bold Voice,3265216505548394,Brand Awareness,0,0,0,0,0,0,0,0,0,0,0,0,0,0,0,0,0,0,0,0,0,0,0,0
2026-01-04,Marketplace Feed,Weekend Saver Retention Initiative,Metro Region Conversion Cohort,44948390,Family Planners Interest Segment,9001467427315218,Shelf Story Bold Voice,1039701426851905,Brand Awareness,0,0,0,0,0,0,0,0,0,0,0,0,0,0,0,0,0,0,0,0,0,0,0,0
2026-01-04,Influencer Network,Family Pantry Retention Initiative,Metro Region Conversion Cohort,38881639,Family Planners Lookalike Segment,1010331617086390,Shelf Story Warm Voice,1022962676348579,Brand Awareness,0,0,0,0,0,0,0,0,0,0,0,0,0,0,0,0,0,0,0,0,0,0,0,0
2026-01-04,In-App Display,Weekend Saver Retention Initiative,Metro Region Conversion Cohort,44948390,Family Planners Lookalike Segment,6414513530178736,Product Reel Warm Voice,4676153444672040,Brand Awareness,0,0,0,0,0,0,0,0,0,0,0,0,0,0,0,0,0,0,0,0,0,0,0,0
2026-01-04,Shopping Grid,Weekend Saver Retention Initiative,Metro Region Conversion Cohort,44948390,Family Planners Affinity Segment,1389569022480948,Offer Spotlight Warm Voice,1545542195763148,Brand Awareness,0,0,0,0,0,0,0,0,0,0,0,0,0,0,0,0,0,0,0,0,0,0,0,0
2026-01-04,Discovery Network,Weekend Saver Retention Initiative,Metro Region Conversion Cohort,44948390,Family Planners Lookalike Segment,6414513530178736,Shelf Story Bold Voice,1196365529472696,Brand Awareness,0,0,0,0,0,0,0,0,0,0,0,0,0,0,0,0,0,0,0,0,0,0,0,0
2026-01-04,Affiliate Network,Weekend Saver Retention Initiative,Metro Region Conversion Cohort,44948390,Family Planners Lookalike Segment,6414513530178736,Shelf Story Warm Voice,2231767173617477,Brand Awareness,0,0,0,0,0,0,0,0,0,0,0,0,0,0,0,0,0,0,0,0,0,0,0,0
2026-01-04,Retail Media Network,Weekend Saver Retention Initiative,Metro Region Conversion Cohort,44948390,Family Planners Interest Segment,9001467427315218,Price Drop Cut Direct Voice,8284422951805925,Brand Awareness,0,0,0,0,0,0,0,0,0,0,0,0,0,0,0,0,0,0,0,0,0,0,0,0
2026-01-04,Retail Media Network,Weekend Saver Retention Initiative,Metro Region Conversion Cohort,44948390,Family Planners Lookalike Segment,6414513530178736,Collection Showcase Warm Voice,1516549417031353,Brand Awareness,0,0,0,0,0,0,0,0,0,0,0,0,0,0,0,0,0,0,0,0,0,0,0,0
2026-01-04,Video Network,Weekend Saver Retention Initiative,Metro Region Conversion Cohort,44948390,Family Planners Lookalike Segment,6414513530178736,Shelf Story Warm Voice,1528485474993574,Brand Awareness,0,0,0,0,0,0,0,0,0,0,0,0,0,0,0,0,0,0,0,0,0,0,0,0
2026-01-04,Discovery Network,Weekend Saver Retention Initiative,Metro Region Conversion Cohort,44948390,Family Planners Affinity Segment,1389569022480948,Shelf Story Warm Voice,8479093620973308,Brand Awareness,0,0,0,0,0,0,0,0,0,0,0,0,0,0,0,0,0,0,0,0,0,0,0,0
2026-01-04,Connected TV,Family Pantry Retention Initiative,Metro Region Loyalty Cohort,44948390,Family Planners Affinity Segment,3029653239198176,Shelf Story Warm Voice,2454718774735596,Catalog Engagement,0,0,0,0,0,0,0,0,0,0,0,0,0,0,0,0,0,0,0,0,0,0,0,0
2026-01-04,Connected TV,Weekend Saver Retention Initiative,Metro Region Conversion Cohort,44948390,Family Planners Lookalike Segment,6414513530178736,Price Drop Cut Direct Voice,1778721621071784,Brand Awareness,0,0,0,0,0,0,0,0,0,0,0,0,0,0,0,0,0,0,0,0,0,0,0,0
2026-01-04,Search Network,Weekend Saver Retention Initiative,Metro Region Conversion Cohort,44948390,Family Planners Interest Segment,1394673896902429,Shelf Story Bold Voice,1727505061486984,Brand Awareness,0,0,0,0,0,0,0,0,0,0,0,0,0,0,0,0,0,0,0,0,0,0,0,0
2026-01-04,Influencer Network,Weekend Saver Retention Initiative,Metro Region Conversion Cohort,44948390,Family Planners Affinity Segment,1389569022480948,Collection Showcase Warm Voice,1320111340611203,Brand Awareness,0,0,0,0,0,0,0,0,0,0,0,0,0,0,0,0,0,0,0,0,0,0,0,0
2026-01-04,Search Network,Weekend Saver Retention Initiative,Metro Region Conversion Cohort,44948390,Family Planners Lookalike Segment,6414513530178736,Offer Spotlight Warm Voice,2129787175970894,Brand Awareness,0,0,0,0,0,0,0,0,0,0,0,0,0,0,0,0,0,0,0,0,0,0,0,0
2026-01-04,Video Network,Weekend Saver Retention Initiative,Metro Region Conversion Cohort,44948390,Family Planners Affinity Segment,1389569022480948,Shelf Story Warm Voice,1530693847075314,Brand Awareness,0,0,0,0,0,0,0,0,0,0,0,0,0,0,0,0,0,0,0,0,0,0,0,0
2026-01-04,In-App Display,Weekend Saver Retention Initiative,Metro Region Conversion Cohort,44948390,Family Planners Interest Segment,1394673896902429,Offer Spotlight Warm Voice,2577836288304446,Brand Awareness,0,0,0,0,0,0,0,0,0,0,0,0,0,0,0,0,0,0,0,0,0,0,0,0
2026-01-04,Search Network,Weekend Saver Retention Initiative,Metro Region Conversion Cohort,44948390,Family Planners Interest Segment,1394673896902429,Product Reel Warm Voice,1531156400166546,Brand Awareness,0,0,0,0,0,0,0,0,0,0,0,0,0,0,0,0,0,0,0,0,0,0,0,0
2026-01-04,Social Feed,Weekend Saver Retention Initiative,Metro Region Conversion Cohort,44948390,Family Planners Interest Segment,1394673896902429,Shelf Story Bold Voice,1572482192481188,Brand Awareness,0,0,0,0,0,0,0,0,0,0,0,0,0,0,0,0,0,0,0,0,0,0,0,0
2026-01-04,Social Feed,Weekend Saver Retention Initiative,Metro Region Conversion Cohort,44948390,Family Planners Affinity Segment,1389569022480948,Shelf Story Bold Voice,1173192097642746,Brand Awareness,0,0,0,0,0,0,0,0,0,0,0,0,0,0,0,0,0,0,0,0,0,0,0,0
2026-01-04,Video Network,Home Essentials Promo Initiative,Metro Region Conversion Cohort,44948390,Quick Refill Buyers Retention Segment,1899712342036110,Shelf Story Warm Voice,8585579191193727,Brand Awareness,0,0,0,0,0,0,0,0,0,0,0,0,0,0,0,0,0,0,0,0,0,0,0,0
2026-01-04,Shopping Grid,Home Essentials Scale Initiative,Metro Region Conversion Cohort,44948390,Weekend Deal Hunters Interest Segment,4343805881369289,Offer Spotlight Warm Voice,1438846480461721,Brand Awareness,0,0,0,0,0,0,0,0,0,0,0,0,0,0,0,0,0,0,0,0,0,0,0,0
2026-01-04,Discovery Network,Weekend Saver Retention Initiative,Metro Region Conversion Cohort,44948390,Family Planners Affinity Segment,1389569022480948,Shelf Story Bold Voice,3265216505548394,Brand Awareness,0,0,0,0,0,0,0,0,0,0,0,0,0,0,0,0,0,0,0,0,0,0,0,0
2026-01-04,Display Network,Weekend Saver Retention Initiative,Metro Region Conversion Cohort,44948390,Family Planners Affinity Segment,1389569022480948,Product Reel Warm Voice,4315365691759735,Brand Awareness,0,0,0,0,0,0,0,0,0,0,0,0,0,0,0,0,0,0,0,0,0,0,0,0
2026-01-04,Marketplace Feed,Weekend Saver Retention Initiative,Metro Region Conversion Cohort,44948390,Family Planners Interest Segment,1394673896902429,Price Drop Cut Direct Voice,1812581034724444,Brand Awareness,0,0,0,0,0,0,0,0,0,0,0,0,0,0,0,0,0,0,0,0,0,0,0,0
2026-01-04,Retail Media Network,Smart Choice Impact Initiative,Metro Region Loyalty Cohort,44948390,Family Planners Lookalike Segment,2895780604957346,Price Drop Cut Direct Voice,1436052663222758,Brand Awareness,0,0,0,0,0,0,0,0,0,0,0,0,0,0,0,0,0,0,0,0,0,0,0,0
2026-01-04,Discovery Network,Weekend Saver Retention Initiative,Metro Region Conversion Cohort,44948390,Family Planners Interest Segment,1394673896902429,Collection Showcase Warm Voice,1465857572073203,Brand Awareness,0,0,0,0,0,0,0,0,0,0,0,0,0,0,0,0,0,0,0,0,0,0,0,0
2026-01-04,Video Network,Weekend Saver Retention Initiative,Metro Region Conversion Cohort,44948390,Family Planners Lookalike Segment,6414513530178736,Shelf Story Bold Voice,6513507609208113,Brand Awareness,0,0,0,0,0,0,0,0,0,0,0,0,0,0,0,0,0,0,0,0,0,0,0,0
2026-01-04,Social Feed,Weekend Saver Retention Initiative,Metro Region Conversion Cohort,44948390,Family Planners Interest Segment,9001467427315218,Shelf Story Warm Voice,1469019764729968,Brand Awareness,0,0,0,0,0,0,0,0,0,0,0,0,0,0,0,0,0,0,0,0,0,0,0,0
2026-01-04,Retail Media Network,Home Essentials Promo Initiative,South Region Prospecting Cohort,44948390,Family Planners Lookalike Segment,1115673868745708,Offer Spotlight Friendly Voice,6462078678771920,Catalog Engagement,0,0,0,0,0,0,0,0,0,0,0,0,0,0,0,0,0,0,0,0,0,0,0,0
2026-01-04,Marketplace Feed,Weekend Saver Retention Initiative,Metro Region Conversion Cohort,44948390,Family Planners Interest Segment,9001467427315218,Shelf Story Bold Voice,1654622554129855,Brand Awareness,0,0,0,0,0,0,0,0,0,0,0,0,0,0,0,0,0,0,0,0,0,0,0,0
2026-01-04,Search Network,Weekend Saver Retention Initiative,Metro Region Conversion Cohort,44948390,Family Planners Interest Segment,1394673896902429,Shelf Story Warm Voice,1160733018635906,Brand Awareness,0,0,0,0,0,0,0,0,0,0,0,0,0,0,0,0,0,0,0,0,0,0,0,0
2026-01-04,Marketplace Feed,Weekend Saver Retention Initiative,Metro Region Conversion Cohort,44948390,Family Planners Affinity Segment,1389569022480948,Price Drop Cut Direct Voice,2353395177123655,Brand Awareness,0,0,0,0,0,0,0,0,0,0,0,0,0,0,0,0,0,0,0,0,0,0,0,0
2026-01-04,Search Network,Family Pantry Retention Initiative,Metro Region Loyalty Cohort,44948390,Health Conscious Buyers Interest Segment,4154096185777793,Shelf Story Bold Voice,1106055035206284,Brand Awareness,0,0,0,0,0,0,0,0,0,0,0,0,0,0,0,0,0,0,0,0,0,0,0,0
2026-01-04,Shopping Grid,Weekend Saver Retention Initiative,Metro Region Conversion Cohort,44948390,Family Planners Interest Segment,1394673896902429,Shelf Story Warm Voice,3933844935781169,Brand Awareness,0,0,0,0,0,0,0,0,0,0,0,0,0,0,0,0,0,0,0,0,0,0,0,0
2026-01-03,Marketplace Feed,Weekend Saver Retention Initiative,Metro Region Conversion Cohort,44948390,Family Planners Affinity Segment,1389569022480948,Shelf Story Bold Voice,3265216505548394,Brand Awareness,0,0,0,0,0,0,0,0,0,0,0,0,0,0,0,0,0,0,0,0,0,0,0,0
2026-01-03,Search Network,Weekend Saver Retention Initiative,Metro Region Conversion Cohort,44948390,Family Planners Lookalike Segment,6414513530178736,Shelf Story Bold Voice,6513507609208113,Brand Awareness,0,0,0,0,0,0,0,0,0,0,0,0,0,0,0,0,0,0,0,0,0,0,0,0
2026-01-03,Discovery Network,Weekend Saver Retention Initiative,Metro Region Conversion Cohort,44948390,Family Planners Interest Segment,1394673896902429,Shelf Story Warm Voice,3933844935781169,Brand Awareness,0,0,0,0,0,0,0,0,0,0,0,0,0,0,0,0,0,0,0,0,0,0,0,0
2026-01-03,Shopping Grid,Weekend Saver Retention Initiative,Metro Region Conversion Cohort,44948390,Family Planners Interest Segment,9001467427315218,Shelf Story Warm Voice,1469019764729968,Brand Awareness,0,0,0,0,0,0,0,0,0,0,0,0,0,0,0,0,0,0,0,0,0,0,0,0
2026-01-03,Discovery Network,Weekend Saver Retention Initiative,Metro Region Conversion Cohort,44948390,Family Planners Interest Segment,9001467427315218,Offer Spotlight Warm Voice,1833559740190436,Brand Awareness,0,0,0,0,0,0,0,0,0,0,0,0,0,0,0,0,0,0,0,0,0,0,0,0
2026-01-03,Retail Media Network,Weekend Saver Retention Initiative,Metro Region Conversion Cohort,44948390,Family Planners Interest Segment,1394673896902429,Offer Spotlight Warm Voice,2577836288304446,Brand Awareness,0,0,0,0,0,0,0,0,0,0,0,0,0,0,0,0,0,0,0,0,0,0,0,0
2026-01-03,Discovery Network,Weekend Saver Retention Initiative,Metro Region Conversion Cohort,44948390,Family Planners Affinity Segment,1389569022480948,Price Drop Cut Direct Voice,2353395177123655,Brand Awareness,0,0,0,0,0,0,0,0,0,0,0,0,0,0,0,0,0,0,0,0,0,0,0,0
2026-01-03,Display Network,Weekend Saver Retention Initiative,Metro Region Conversion Cohort,44948390,Family Planners Interest Segment,1394673896902429,Product Reel Warm Voice,1531156400166546,Brand Awareness,0,0,0,0,0,0,0,0,0,0,0,0,0,0,0,0,0,0,0,0,0,0,0,0
2026-01-03,Search Network,Home Essentials Promo Initiative,South Region Prospecting Cohort,44948390,Family Planners Lookalike Segment,1115673868745708,Offer Spotlight Friendly Voice,6462078678771920,Catalog Engagement,0,0,0,0,0,0,0,0,0,0,0,0,0,0,0,0,0,0,0,0,0,0,0,0
2026-01-03,In-App Display,Weekend Saver Retention Initiative,Metro Region Conversion Cohort,44948390,Family Planners Lookalike Segment,6414513530178736,Collection Showcase Warm Voice,1516549417031353,Brand Awareness,0,0,0,0,0,0,0,0,0,0,0,0,0,0,0,0,0,0,0,0,0,0,0,0
2026-01-03,Discovery Network,Weekend Saver Retention Initiative,Metro Region Conversion Cohort,44948390,Family Planners Affinity Segment,1389569022480948,Offer Spotlight Warm Voice,1545542195763148,Brand Awareness,0,0,0,0,0,0,0,0,0,0,0,0,0,0,0,0,0,0,0,0,0,0,0,0
2026-01-03,Influencer Network,Weekend Saver Retention Initiative,Metro Region Conversion Cohort,44948390,Family Planners Affinity Segment,1389569022480948,Collection Showcase Warm Voice,1320111340611203,Brand Awareness,0,0,0,0,0,0,0,0,0,0,0,0,0,0,0,0,0,0,0,0,0,0,0,0
2026-01-03,Social Feed,Weekend Saver Retention Initiative,Metro Region Conversion Cohort,44948390,Family Planners Lookalike Segment,6414513530178736,Shelf Story Bold Voice,1196365529472696,Brand Awareness,0,0,0,0,0,0,0,0,0,0,0,0,0,0,0,0,0,0,0,0,0,0,0,0
2026-01-03,Social Feed,Weekend Saver Retention Initiative,Metro Region Conversion Cohort,44948390,Family Planners Interest Segment,9001467427315218,Price Drop Cut Direct Voice,8284422951805925,Brand Awareness,0,0,0,0,0,0,0,0,0,0,0,0,0,0,0,0,0,0,0,0,0,0,0,0
2026-01-03,Social Feed,Weekend Saver Retention Initiative,Metro Region Conversion Cohort,44948390,Family Planners Interest Segment,1394673896902429,Shelf Story Bold Voice,1572482192481188,Brand Awareness,0,0,0,0,0,0,0,0,0,0,0,0,0,0,0,0,0,0,0,0,0,0,0,0
2026-01-03,Shopping Grid,Weekend Saver Retention Initiative,Metro Region Conversion Cohort,44948390,Family Planners Interest Segment,1394673896902429,Shelf Story Bold Voice,1727505061486984,Brand Awareness,0,0,0,0,0,0,0,0,0,0,0,0,0,0,0,0,0,0,0,0,0,0,0,0
2026-01-03,Connected TV,Weekend Saver Retention Initiative,Metro Region Conversion Cohort,44948390,Family Planners Interest Segment,1394673896902429,Shelf Story Warm Voice,1160733018635906,Brand Awareness,0,0,0,0,0,0,0,0,0,0,0,0,0,0,0,0,0,0,0,0,0,0,0,0
2026-01-03,Discovery Network,Weekend Saver Retention Initiative,Metro Region Conversion Cohort,44948390,Family Planners Lookalike Segment,6414513530178736,Price Drop Cut Direct Voice,1778721621071784,Brand Awareness,0,0,0,0,0,0,0,0,0,0,0,0,0,0,0,0,0,0,0,0,0,0,0,0
2026-01-03,Discovery Network,Family Pantry Retention Initiative,South Region Prospecting Cohort,44948390,Family Planners Lookalike Segment,1180651101540464,Shelf Story Warm Voice,5328328138281130,Catalog Engagement,0,0,0,0,0,0,0,0,0,0,0,0,0,0,0,0,0,0,0,0,0,0,0,0
2026-01-03,In-App Display,Home Essentials Scale Initiative,Metro Region Conversion Cohort,44948390,Weekend Deal Hunters Interest Segment,4343805881369289,Offer Spotlight Warm Voice,1438846480461721,Brand Awareness,0,0,0,0,0,0,0,0,0,0,0,0,0,0,0,0,0,0,0,0,0,0,0,0
2026-01-03,Shopping Grid,Weekend Saver Retention Initiative,Metro Region Conversion Cohort,44948390,Family Planners Interest Segment,1394673896902429,Collection Showcase Warm Voice,1465857572073203,Brand Awareness,0,0,0,0,0,0,0,0,0,0,0,0,0,0,0,0,0,0,0,0,0,0,0,0
2026-01-03,Influencer Network,Weekend Saver Retention Initiative,Metro Region Conversion Cohort,44948390,Family Planners Interest Segment,9001467427315218,Shelf Story Bold Voice,1039701426851905,Brand Awareness,0,0,0,0,0,0,0,0,0,0,0,0,0,0,0,0,0,0,0,0,0,0,0,0
2026-01-03,Shopping Grid,Weekend Saver Retention Initiative,Metro Region Conversion Cohort,44948390,Family Planners Lookalike Segment,6414513530178736,Shelf Story Warm Voice,2231767173617477,Brand Awareness,0,0,0,0,0,0,0,0,0,0,0,0,0,0,0,0,0,0,0,0,0,0,0,0
2026-01-03,Connected TV,Smart Choice Impact Initiative,Metro Region Loyalty Cohort,44948390,Family Planners Lookalike Segment,2895780604957346,Price Drop Cut Direct Voice,1436052663222758,Brand Awareness,0,0,0,0,0,0,0,0,0,0,0,0,0,0,0,0,0,0,0,0,0,0,0,0
2026-01-03,Affiliate Network,Weekend Saver Retention Initiative,Metro Region Conversion Cohort,44948390,Family Planners Affinity Segment,1389569022480948,Product Reel Warm Voice,4315365691759735,Brand Awareness,0,0,0,0,0,0,0,0,0,0,0,0,0,0,0,0,0,0,0,0,0,0,0,0
2026-01-03,Influencer Network,Weekend Saver Retention Initiative,Metro Region Conversion Cohort,44948390,Family Planners Affinity Segment,1389569022480948,Shelf Story Warm Voice,8479093620973308,Brand Awareness,0,0,0,0,0,0,0,0,0,0,0,0,0,0,0,0,0,0,0,0,0,0,0,0
2026-01-03,Video Network,Weekend Saver Retention Initiative,Metro Region Conversion Cohort,44948390,Family Planners Lookalike Segment,6414513530178736,Shelf Story Warm Voice,1528485474993574,Brand Awareness,0,0,0,0,0,0,0,0,0,0,0,0,0,0,0,0,0,0,0,0,0,0,0,0
2026-01-03,Shopping Grid,Weekend Saver Retention Initiative,Metro Region Conversion Cohort,44948390,Family Planners Interest Segment,1394673896902429,Price Drop Cut Direct Voice,1812581034724444,Brand Awareness,0,0,0,0,0,0,0,0,0,0,0,0,0,0,0,0,0,0,0,0,0,0,0,0
2026-01-03,Video Network,Family Pantry Retention Initiative,Metro Region Loyalty Cohort,44948390,Family Planners Lookalike Segment,4174361361672330,Shelf Story Warm Voice,7873932626165346,Catalog Engagement,0,0,0,0,0,0,0,0,0,0,0,0,0,0,0,0,0,0,0,0,0,0,0,0
2026-01-03,Marketplace Feed,Weekend Saver Retention Initiative,Metro Region Conversion Cohort,44948390,Family Planners Lookalike Segment,6414513530178736,Offer Spotlight Warm Voice,2129787175970894,Brand Awareness,0,0,0,0,0,0,0,0,0,0,0,0,0,0,0,0,0,0,0,0,0,0,0,0
2026-01-03,Display Network,Family Pantry Retention Initiative,Metro Region Conversion Cohort,44948390,Health Conscious Buyers Retention Segment,1425500821334288,Product Reel Bold Voice,2476416610568674,Catalog Engagement,0,0,0,0,0,0,0,0,0,0,0,0,0,0,0,0,0,0,0,0,0,0,0,0
2026-01-03,Display Network,Weekend Saver Retention Initiative,Metro Region Conversion Cohort,44948390,Family Planners Affinity Segment,1389569022480948,Shelf Story Bold Voice,1173192097642746,Brand Awareness,0,0,0,0,0,0,0,0,0,0,0,0,0,0,0,0,0,0,0,0,0,0,0,0
2026-01-03,Influencer Network,Family Pantry Retention Initiative,Metro Region Loyalty Cohort,44948390,Family Planners Lookalike Segment,1225539117458846,Shelf Story Warm Voice,6229792757136269,Catalog Engagement,0,0,0,0,0,0,0,0,0,0,0,0,0,0,0,0,0,0,0,0,0,0,0,0
2026-01-03,Influencer Network,Home Essentials Promo Initiative,Metro Region Conversion Cohort,44948390,Quick Refill Buyers Retention Segment,1899712342036110,Shelf Story Warm Voice,8585579191193727,Brand Awareness,0,0,0,0,0,0,0,0,0,0,0,0,0,0,0,0,0,0,0,0,0,0,0,0
2026-01-03,Affiliate Network,Weekend Saver Retention Initiative,Metro Region Conversion Cohort,44948390,Family Planners Affinity Segment,1389569022480948,Shelf Story Warm Voice,1530693847075314,Brand Awareness,0,0,0,0,0,0,0,0,0,0,0,0,0,0,0,0,0,0,0,0,0,0,0,0
2026-01-03,Connected TV,Weekend Saver Retention Initiative,Metro Region Conversion Cohort,44948390,Family Planners Lookalike Segment,6414513530178736,Product Reel Warm Voice,4676153444672040,Brand Awareness,0,0,0,0,0,0,0,0,0,0,0,0,0,0,0,0,0,0,0,0,0,0,0,0
2026-01-03,Affiliate Network,Weekend Saver Retention Initiative,Metro Region Conversion Cohort,44948390,Family Planners Interest Segment,9001467427315218,Shelf Story Bold Voice,1654622554129855,Brand Awareness,0,0,0,0,0,0,0,0,0,0,0,0,0,0,0,0,0,0,0,0,0,0,0,0
2026-01-02,Influencer Network,Weekend Saver Retention Initiative,Metro Region Conversion Cohort,44948390,Family Planners Interest Segment,9001467427315218,Shelf Story Warm Voice,1495023572037247,Brand Awareness,0,0,0,0,0,0,0,0,0,0,0,0,0,0,0,0,0,0,0,0,0,0,0,0
2026-01-02,Shopping Grid,Weekend Saver Retention Initiative,Metro Region Conversion Cohort,44948390,Family Planners Affinity Segment,1389569022480948,Collection Showcase Warm Voice,1320111340611203,Brand Awareness,0,0,0,0,0,0,0,0,0,0,0,0,0,0,0,0,0,0,0,0,0,0,0,0
2026-01-02,Social Feed,Weekend Saver Retention Initiative,Metro Region Conversion Cohort,44948390,Family Planners Affinity Segment,1389569022480948,Shelf Story Bold Voice,3265216505548394,Brand Awareness,0,0,0,0,0,0,0,0,0,0,0,0,0,0,0,0,0,0,0,0,0,0,0,0
2026-01-02,Marketplace Feed,Weekend Saver Retention Initiative,Metro Region Conversion Cohort,44948390,Family Planners Affinity Segment,1389569022480948,Shelf Story Warm Voice,1530693847075314,Brand Awareness,0,0,0,0,0,0,0,0,0,0,0,0,0,0,0,0,0,0,0,0,0,0,0,0
2026-01-02,Search Network,Weekend Saver Retention Initiative,Metro Region Conversion Cohort,44948390,Family Planners Affinity Segment,1389569022480948,Shelf Story Bold Voice,1173192097642746,Brand Awareness,0,0,0,0,0,0,0,0,0,0,0,0,0,0,0,0,0,0,0,0,0,0,0,0
2026-01-02,Retail Media Network,Weekend Saver Retention Initiative,Metro Region Conversion Cohort,44948390,Family Planners Interest Segment,1394673896902429,Shelf Story Warm Voice,1160733018635906,Brand Awareness,0,0,0,0,0,0,0,0,0,0,0,0,0,0,0,0,0,0,0,0,0,0,0,0
2026-01-02,Retail Media Network,Weekend Saver Retention Initiative,Metro Region Conversion Cohort,44948390,Family Planners Interest Segment,1394673896902429,Offer Spotlight Warm Voice,2577836288304446,Brand Awareness,0,0,0,0,0,0,0,0,0,0,0,0,0,0,0,0,0,0,0,0,0,0,0,0
2026-01-02,Influencer Network,Weekend Saver Retention Initiative,Metro Region Conversion Cohort,44948390,Family Planners Interest Segment,9001467427315218,Collection Showcase Warm Voice,1023757112148769,Brand Awareness,0,0,0,0,0,0,0,0,0,0,0,0,0,0,0,0,0,0,0,0,0,0,0,0
2026-01-02,Search Network,Weekend Saver Retention Initiative,Metro Region Conversion Cohort,44948390,Family Planners Interest Segment,9001467427315218,Price Drop Cut Direct Voice,8284422951805925,Brand Awareness,0,0,0,0,0,0,0,0,0,0,0,0,0,0,0,0,0,0,0,0,0,0,0,0
2026-01-02,Discovery Network,Weekend Saver Retention Initiative,Metro Region Conversion Cohort,44948390,Family Planners Affinity Segment,1389569022480948,Price Drop Cut Direct Voice,2353395177123655,Brand Awareness,0,0,0,0,0,0,0,0,0,0,0,0,0,0,0,0,0,0,0,0,0,0,0,0
2026-01-02,Marketplace Feed,Weekend Saver Retention Initiative,Metro Region Conversion Cohort,44948390,Family Planners Interest Segment,1394673896902429,Shelf Story Bold Voice,1572482192481188,Brand Awareness,0,0,0,0,0,0,0,0,0,0,0,0,0,0,0,0,0,0,0,0,0,0,0,0
2026-01-02,In-App Display,Weekend Saver Retention Initiative,Metro Region Conversion Cohort,44948390,Family Planners Interest Segment,9001467427315218,Offer Spotlight Warm Voice,1833559740190436,Brand Awareness,0,0,0,0,0,0,0,0,0,0,0,0,0,0,0,0,0,0,0,0,0,0,0,0
2026-01-02,Discovery Network,Weekend Saver Retention Initiative,Metro Region Conversion Cohort,44948390,Family Planners Interest Segment,9001467427315218,Product Reel Warm Voice,1624967893562043,Brand Awareness,0,0,0,0,0,0,0,0,0,0,0,0,0,0,0,0,0,0,0,0,0,0,0,0
2026-01-02,Connected TV,Home Essentials Promo Initiative,Metro Region Conversion Cohort,44948390,Quick Refill Buyers Retention Segment,1899712342036110,Shelf Story Warm Voice,8585579191193727,Brand Awareness,0,0,0,0,0,0,0,0,0,0,0,0,0,0,0,0,0,0,0,0,0,0,0,0
2026-01-02,Influencer Network,Weekend Saver Retention Initiative,Metro Region Conversion Cohort,44948390,Family Planners Lookalike Segment,6414513530178736,Shelf Story Bold Voice,6513507609208113,Brand Awareness,0,0,0,0,0,0,0,0,0,0,0,0,0,0,0,0,0,0,0,0,0,0,0,0
2026-01-02,Discovery Network,Weekend Saver Retention Initiative,Metro Region Conversion Cohort,44948390,Family Planners Lookalike Segment,6414513530178736,Shelf Story Warm Voice,1528485474993574,Brand Awareness,0,0,0,0,0,0,0,0,0,0,0,0,0,0,0,0,0,0,0,0,0,0,0,0
2026-01-02,Shopping Grid,Weekend Saver Retention Initiative,Metro Region Conversion Cohort,44948390,Family Planners Affinity Segment,1389569022480948,Shelf Story Warm Voice,8479093620973308,Brand Awareness,0,0,0,0,0,0,0,0,0,0,0,0,0,0,0,0,0,0,0,0,0,0,0,0
2026-01-02,Video Network,Home Essentials Promo Initiative,South Region Prospecting Cohort,44948390,Family Planners Lookalike Segment,1115673868745708,Offer Spotlight Friendly Voice,6462078678771920,Catalog Engagement,0,0,0,0,0,0,0,0,0,0,0,0,0,0,0,0,0,0,0,0,0,0,0,0
2026-01-02,Social Feed,Weekend Saver Retention Initiative,Metro Region Conversion Cohort,44948390,Family Planners Interest Segment,1394673896902429,Product Reel Warm Voice,1531156400166546,Brand Awareness,0,0,0,0,0,0,0,0,0,0,0,0,0,0,0,0,0,0,0,0,0,0,0,0
2026-01-02,Video Network,Weekend Saver Retention Initiative,Metro Region Conversion Cohort,44948390,Family Planners Lookalike Segment,6414513530178736,Collection Showcase Warm Voice,1516549417031353,Brand Awareness,0,0,0,0,0,0,0,0,0,0,0,0,0,0,0,0,0,0,0,0,0,0,0,0
2026-01-02,Affiliate Network,Weekend Saver Retention Initiative,Metro Region Conversion Cohort,44948390,Family Planners Lookalike Segment,6414513530178736,Offer Spotlight Warm Voice,2129787175970894,Brand Awareness,0,0,0,0,0,0,0,0,0,0,0,0,0,0,0,0,0,0,0,0,0,0,0,0
2026-01-02,Shopping Grid,Weekend Saver Retention Initiative,Metro Region Conversion Cohort,44948390,Family Planners Interest Segment,1394673896902429,Shelf Story Warm Voice,3933844935781169,Brand Awareness,0,0,0,0,0,0,0,0,0,0,0,0,0,0,0,0,0,0,0,0,0,0,0,0
2026-01-02,Retail Media Network,Weekend Saver Retention Initiative,Metro Region Conversion Cohort,44948390,Family Planners Interest Segment,1394673896902429,Collection Showcase Warm Voice,1465857572073203,Brand Awareness,0,0,0,0,0,0,0,0,0,0,0,0,0,0,0,0,0,0,0,0,0,0,0,0
2026-01-02,Marketplace Feed,Weekend Saver Retention Initiative,Metro Region Conversion Cohort,44948390,Family Planners Affinity Segment,1389569022480948,Offer Spotlight Warm Voice,1545542195763148,Brand Awareness,0,0,0,0,0,0,0,0,0,0,0,0,0,0,0,0,0,0,0,0,0,0,0,0
2026-01-02,Search Network,Weekend Saver Retention Initiative,Metro Region Conversion Cohort,44948390,Family Planners Interest Segment,9001467427315218,Shelf Story Warm Voice,1469019764729968,Brand Awareness,0,0,0,0,0,0,0,0,0,0,0,0,0,0,0,0,0,0,0,0,0,0,0,0
2026-01-02,Connected TV,Family Pantry Retention Initiative,Metro Region Conversion Cohort,38881639,Family Planners Lookalike Segment,1010331617086390,Shelf Story Warm Voice,1022962676348579,Brand Awareness,0,0,0,0,0,0,0,0,0,0,0,0,0,0,0,0,0,0,0,0,0,0,0,0
2026-01-02,Affiliate Network,Weekend Saver Retention Initiative,Metro Region Conversion Cohort,44948390,Family Planners Interest Segment,1394673896902429,Shelf Story Bold Voice,1727505061486984,Brand Awareness,0,0,0,0,0,0,0,0,0,0,0,0,0,0,0,0,0,0,0,0,0,0,0,0
2026-01-02,Affiliate Network,Weekend Saver Retention Initiative,Metro Region Conversion Cohort,44948390,Family Planners Lookalike Segment,6414513530178736,Price Drop Cut Direct Voice,1778721621071784,Brand Awareness,0,0,0,0,0,0,0,0,0,0,0,0,0,0,0,0,0,0,0,0,0,0,0,0
2026-01-02,Display Network,Weekend Saver Retention Initiative,Metro Region Conversion Cohort,44948390,Family Planners Interest Segment,1394673896902429,Price Drop Cut Direct Voice,1812581034724444,Brand Awareness,0,0,0,0,0,0,0,0,0,0,0,0,0,0,0,0,0,0,0,0,0,0,0,0
2026-01-02,Video Network,Weekend Saver Retention Initiative,Metro Region Conversion Cohort,44948390,Family Planners Interest Segment,9001467427315218,Shelf Story Bold Voice,1654622554129855,Brand Awareness,0,0,0,0,0,0,0,0,0,0,0,0,0,0,0,0,0,0,0,0,0,0,0,0
2026-01-02,Retail Media Network,Weekend Saver Retention Initiative,Metro Region Conversion Cohort,44948390,Family Planners Affinity Segment,1389569022480948,Product Reel Warm Voice,4315365691759735,Brand Awareness,0,0,0,0,0,0,0,0,0,0,0,0,0,0,0,0,0,0,0,0,0,0,0,0
2026-01-02,Marketplace Feed,Weekend Saver Retention Initiative,Metro Region Conversion Cohort,44948390,Family Planners Lookalike Segment,6414513530178736,Product Reel Warm Voice,4676153444672040,Brand Awareness,0,0,0,0,0,0,0,0,0,0,0,0,0,0,0,0,0,0,0,0,0,0,0,0
2026-01-02,Social Feed,Home Essentials Promo Initiative,Metro Region Loyalty Cohort,38881639,Family Planners Lookalike Segment,8962004814279482,Shelf Story Value Voice,1020691786654074,Brand Awareness,0,0,0,0,0,0,0,0,0,0,0,0,0,0,0,0,0,0,0,0,0,0,0,0
2026-01-02,Search Network,Family Pantry Retention Initiative,South Region Prospecting Cohort,44948390,Family Planners Lookalike Segment,6617067623181098,Offer Spotlight Friendly Voice,1272500241996975,Catalog Engagement,0,0,0,0,0,0,0,0,0,0,0,0,0,0,0,0,0,0,0,0,0,0,0,0
2026-01-02,Video Network,Weekend Saver Retention Initiative,Metro Region Conversion Cohort,44948390,Family Planners Lookalike Segment,6414513530178736,Shelf Story Bold Voice,1196365529472696,Brand Awareness,0,0,0,0,0,0,0,0,0,0,0,0,0,0,0,0,0,0,0,0,0,0,0,0
2026-01-02,Connected TV,Weekend Saver Retention Initiative,Metro Region Conversion Cohort,44948390,Family Planners Lookalike Segment,6414513530178736,Shelf Story Warm Voice,2231767173617477,Brand Awareness,0,0,0,0,0,0,0,0,0,0,0,0,0,0,0,0,0,0,0,0,0,0,0,0
2026-01-01,Social Feed,Home Essentials Promo Initiative,Metro Region Loyalty Cohort,38881639,Family Planners Lookalike Segment,8962004814279482,Shelf Story Value Voice,1020691786654074,Brand Awareness,0,0,0,0,0,0,0,0,0,0,0,0,0,0,0,0,0,0,0,0,0,0,0,0
2026-01-01,Connected TV,Family Pantry Retention Initiative,Metro Region Conversion Cohort,44948390,Weekend Deal Hunters Interest Segment,1111168710985428,Shelf Story Bold Voice,9096006656479542,Brand Awareness,0,0,0,0,0,0,0,0,0,0,0,0,0,0,0,0,0,0,0,0,0,0,0,0
2026-01-01,Discovery Network,Weekend Saver Retention Initiative,Metro Region Conversion Cohort,44948390,Family Planners Interest Segment,1394673896902429,Shelf Story Bold Voice,1572482192481188,Brand Awareness,0,0,0,0,0,0,0,0,0,0,0,0,0,0,0,0,0,0,0,0,0,0,0,0
2026-01-01,Search Network,Weekend Saver Retention Initiative,Metro Region Conversion Cohort,44948390,Family Planners Interest Segment,1394673896902429,Price Drop Cut Direct Voice,1812581034724444,Brand Awareness,0,0,0,0,0,0,0,0,0,0,0,0,0,0,0,0,0,0,0,0,0,0,0,0
2026-01-01,Video Network,Weekend Saver Retention Initiative,Metro Region Conversion Cohort,44948390,Family Planners Lookalike Segment,6414513530178736,Shelf Story Bold Voice,1196365529472696,Brand Awareness,0,0,0,0,0,0,0,0,0,0,0,0,0,0,0,0,0,0,0,0,0,0,0,0
2026-01-01,Video Network,Weekend Saver Retention Initiative,Metro Region Conversion Cohort,44948390,Family Planners Interest Segment,1394673896902429,Shelf Story Warm Voice,1160733018635906,Brand Awareness,0,0,0,0,0,0,0,0,0,0,0,0,0,0,0,0,0,0,0,0,0,0,0,0
2026-01-01,Influencer Network,Family Pantry Retention Initiative,Metro Region Conversion Cohort,44948390,Weekend Deal Hunters Interest Segment,1111168710985428,Price Drop Cut Value Voice,1504500265624859,Brand Awareness,0,0,0,0,0,0,0,0,0,0,0,0,0,0,0,0,0,0,0,0,0,0,0,0
2026-01-01,Marketplace Feed,Weekend Saver Retention Initiative,Metro Region Conversion Cohort,44948390,Family Planners Interest Segment,1394673896902429,Collection Showcase Warm Voice,1465857572073203,Brand Awareness,0,0,0,0,0,0,0,0,0,0,0,0,0,0,0,0,0,0,0,0,0,0,0,0
2026-01-01,Marketplace Feed,Family Pantry Retention Initiative,Metro Region Loyalty Cohort,44948390,Family Planners Lookalike Segment,4174361361672330,Shelf Story Warm Voice,7873932626165346,Catalog Engagement,0,0,0,0,0,0,0,0,0,0,0,0,0,0,0,0,0,0,0,0,0,0,0,0
2026-01-01,Shopping Grid,Weekend Saver Retention Initiative,Metro Region Conversion Cohort,44948390,Family Planners Interest Segment,1394673896902429,Shelf Story Bold Voice,1727505061486984,Brand Awareness,0,0,0,0,0,0,0,0,0,0,0,0,0,0,0,0,0,0,0,0,0,0,0,0
2026-01-01,Affiliate Network,Weekend Saver Retention Initiative,Metro Region Conversion Cohort,44948390,Family Planners Affinity Segment,1389569022480948,Offer Spotlight Warm Voice,1545542195763148,Brand Awareness,0,0,0,0,0,0,0,0,0,0,0,0,0,0,0,0,0,0,0,0,0,0,0,0
2026-01-01,Display Network,Family Pantry Retention Initiative,Metro Region Loyalty Cohort,44948390,Family Planners Lookalike Segment,1225539117458846,Shelf Story Warm Voice,6229792757136269,Catalog Engagement,0,0,0,0,0,0,0,0,0,0,0,0,0,0,0,0,0,0,0,0,0,0,0,0
2026-01-01,Social Feed,Weekend Saver Retention Initiative,Metro Region Conversion Cohort,44948390,Family Planners Affinity Segment,1389569022480948,Shelf Story Warm Voice,1530693847075314,Brand Awareness,0,0,0,0,0,0,0,0,0,0,0,0,0,0,0,0,0,0,0,0,0,0,0,0
2026-01-01,Social Feed,Weekend Saver Retention Initiative,Metro Region Conversion Cohort,44948390,Family Planners Lookalike Segment,6414513530178736,Product Reel Warm Voice,4676153444672040,Brand Awareness,0,0,0,0,0,0,0,0,0,0,0,0,0,0,0,0,0,0,0,0,0,0,0,0
2026-01-01,Retail Media Network,Weekend Saver Retention Initiative,Metro Region Conversion Cohort,44948390,Family Planners Lookalike Segment,6414513530178736,Shelf Story Bold Voice,6513507609208113,Brand Awareness,0,0,0,0,0,0,0,0,0,0,0,0,0,0,0,0,0,0,0,0,0,0,0,0
2026-01-01,Discovery Network,Weekend Saver Retention Initiative,Metro Region Conversion Cohort,44948390,Family Planners Affinity Segment,1389569022480948,Shelf Story Warm Voice,8479093620973308,Brand Awareness,0,0,0,0,0,0,0,0,0,0,0,0,0,0,0,0,0,0,0,0,0,0,0,0
2026-01-01,Influencer Network,Weekend Saver Retention Initiative,Metro Region Conversion Cohort,44948390,Family Planners Affinity Segment,1389569022480948,Shelf Story Bold Voice,1173192097642746,Brand Awareness,0,0,0,0,0,0,0,0,0,0,0,0,0,0,0,0,0,0,0,0,0,0,0,0
2026-01-01,Shopping Grid,Weekend Saver Retention Initiative,Metro Region Conversion Cohort,44948390,Family Planners Affinity Segment,1389569022480948,Shelf Story Bold Voice,3265216505548394,Brand Awareness,0,0,0,0,0,0,0,0,0,0,0,0,0,0,0,0,0,0,0,0,0,0,0,0
2026-01-01,Display Network,Weekend Saver Retention Initiative,Metro Region Conversion Cohort,44948390,Family Planners Interest Segment,9001467427315218,Shelf Story Bold Voice,1654622554129855,Brand Awareness,0,0,0,0,0,0,0,0,0,0,0,0,0,0,0,0,0,0,0,0,0,0,0,0
2026-01-01,Marketplace Feed,Weekend Saver Retention Initiative,Metro Region Conversion Cohort,44948390,Family Planners Interest Segment,9001467427315218,Product Reel Warm Voice,1624967893562043,Brand Awareness,0,0,0,0,0,0,0,0,0,0,0,0,0,0,0,0,0,0,0,0,0,0,0,0
2026-01-01,In-App Display,Weekend Saver Retention Initiative,Metro Region Conversion Cohort,44948390,Family Planners Affinity Segment,1389569022480948,Price Drop Cut Direct Voice,2353395177123655,Brand Awareness,0,0,0,0,0,0,0,0,0,0,0,0,0,0,0,0,0,0,0,0,0,0,0,0
2026-01-01,In-App Display,Family Pantry Retention Initiative,Metro Region Conversion Cohort,44948390,Weekend Deal Hunters Interest Segment,1111168710985428,Product Reel Bold Voice,1738248276440141,Brand Awareness,0,0,0,0,0,0,0,0,0,0,0,0,0,0,0,0,0,0,0,0,0,0,0,0
2026-01-01,Social Feed,Weekend Saver Retention Initiative,Metro Region Conversion Cohort,44948390,Family Planners Interest Segment,1394673896902429,Shelf Story Warm Voice,3933844935781169,Brand Awareness,0,0,0,0,0,0,0,0,0,0,0,0,0,0,0,0,0,0,0,0,0,0,0,0
2026-01-01,Search Network,Home Essentials Promo Initiative,Metro Region Conversion Cohort,44948390,Quick Refill Buyers Retention Segment,1899712342036110,Shelf Story Warm Voice,8585579191193727,Brand Awareness,0,0,0,0,0,0,0,0,0,0,0,0,0,0,0,0,0,0,0,0,0,0,0,0
2026-01-01,Search Network,Weekend Saver Retention Initiative,Metro Region Conversion Cohort,44948390,Family Planners Lookalike Segment,6414513530178736,Offer Spotlight Warm Voice,2129787175970894,Brand Awareness,0,0,0,0,0,0,0,0,0,0,0,0,0,0,0,0,0,0,0,0,0,0,0,0
2026-01-01,Discovery Network,Weekend Saver Retention Initiative,Metro Region Conversion Cohort,44948390,Family Planners Interest Segment,9001467427315218,Price Drop Cut Direct Voice,8284422951805925,Brand Awareness,0,0,0,0,0,0,0,0,0,0,0,0,0,0,0,0,0,0,0,0,0,0,0,0
2026-01-01,Shopping Grid,Weekend Saver Retention Initiative,Metro Region Conversion Cohort,44948390,Family Planners Lookalike Segment,6414513530178736,Shelf Story Warm Voice,1528485474993574,Brand Awareness,0,0,0,0,0,0,0,0,0,0,0,0,0,0,0,0,0,0,0,0,0,0,0,0
2026-01-01,Retail Media Network,Weekend Saver Retention Initiative,Metro Region Conversion Cohort,44948390,Family Planners Interest Segment,9001467427315218,Collection Showcase Warm Voice,1023757112148769,Brand Awareness,0,0,0,0,0,0,0,0,0,0,0,0,0,0,0,0,0,0,0,0,0,0,0,0
2026-01-01,Connected TV,Weekend Saver Retention Initiative,Metro Region Conversion Cohort,44948390,Family Planners Lookalike Segment,6414513530178736,Collection Showcase Warm Voice,1516549417031353,Brand Awareness,0,0,0,0,0,0,0,0,0,0,0,0,0,0,0,0,0,0,0,0,0,0,0,0
2026-01-01,Social Feed,Weekend Saver Retention Initiative,Metro Region Conversion Cohort,44948390,Family Planners Affinity Segment,1389569022480948,Collection Showcase Warm Voice,1320111340611203,Brand Awareness,0,0,0,0,0,0,0,0,0,0,0,0,0,0,0,0,0,0,0,0,0,0,0,0
2026-01-01,Display Network,Family Pantry Retention Initiative,Metro Region Conversion Cohort,38881639,Family Planners Lookalike Segment,1010331617086390,Shelf Story Warm Voice,1022962676348579,Brand Awareness,0,0,0,0,0,0,0,0,0,0,0,0,0,0,0,0,0,0,0,0,0,0,0,0
2026-01-01,Connected TV,Home Essentials Scale Initiative,Metro Region Conversion Cohort,44948390,Weekend Deal Hunters Interest Segment,4343805881369289,Shelf Story Warm Voice,1639340882427244,Brand Awareness,0,0,0,0,0,0,0,0,0,0,0,0,0,0,0,0,0,0,0,0,0,0,0,0
2026-01-01,Display Network,Weekend Saver Retention Initiative,Metro Region Conversion Cohort,44948390,Family Planners Lookalike Segment,6414513530178736,Shelf Story Warm Voice,2231767173617477,Brand Awareness,0,0,0,0,0,0,0,0,0,0,0,0,0,0,0,0,0,0,0,0,0,0,0,0
2026-01-01,Social Feed,Family Pantry Retention Initiative,South Region Prospecting Cohort,44948390,Family Planners Lookalike Segment,6617067623181098,Offer Spotlight Friendly Voice,1272500241996975,Catalog Engagement,0,0,0,0,0,0,0,0,0,0,0,0,0,0,0,0,0,0,0,0,0,0,0,0
2026-01-01,Influencer Network,Weekend Saver Retention Initiative,Metro Region Conversion Cohort,44948390,Family Planners Interest Segment,1394673896902429,Product Reel Warm Voice,1531156400166546,Brand Awareness,0,0,0,0,0,0,0,0,0,0,0,0,0,0,0,0,0,0,0,0,0,0,0,0
2026-01-01,Marketplace Feed,Home Essentials Promo Initiative,South Region Prospecting Cohort,44948390,Family Planners Lookalike Segment,1115673868745708,Offer Spotlight Friendly Voice,6462078678771920,Catalog Engagement,0,0,0,0,0,0,0,0,0,0,0,0,0,0,0,0,0,0,0,0,0,0,0,0
2026-01-01,Social Feed,Weekend Saver Retention Initiative,Metro Region Conversion Cohort,44948390,Family Planners Interest Segment,9001467427315218,Offer Spotlight Warm Voice,1833559740190436,Brand Awareness,0,0,0,0,0,0,0,0,0,0,0,0,0,0,0,0,0,0,0,0,0,0,0,0
2026-01-01,Influencer Network,Weekend Saver Retention Initiative,Metro Region Conversion Cohort,44948390,Family Planners Interest Segment,9001467427315218,Shelf Story Warm Voice,1469019764729968,Brand Awareness,0,0,0,0,0,0,0,0,0,0,0,0,0,0,0,0,0,0,0,0,0,0,0,0
2026-01-01,Shopping Grid,Weekend Saver Retention Initiative,Metro Region Conversion Cohort,44948390,Family Planners Interest Segment,9001467427315218,Shelf Story Bold Voice,1039701426851905,Brand Awareness,0,0,0,0,0,0,0,0,0,0,0,0,0,0,0,0,0,0,0,0,0,0,0,0
2026-01-01,Video Network,Home Essentials Scale Initiative,Metro Region Conversion Cohort,44948390,Weekend Deal Hunters Interest Segment,4343805881369289,Price Drop Cut Value Voice,5801739720402972,Brand Awareness,0,0,0,0,0,0,0,0,0,0,0,0,0,0,0,0,0,0,0,0,0,0,0,0
2026-01-01,Shopping Grid,Weekend Saver Retention Initiative,Metro Region Conversion Cohort,44948390,Family Planners Interest Segment,9001467427315218,Shelf Story Warm Voice,1495023572037247,Brand Awareness,0,0,0,0,0,0,0,0,0,0,0,0,0,0,0,0,0,0,0,0,0,0,0,0
2026-01-01,Social Feed,Weekend Saver Retention Initiative,Metro Region Conversion Cohort,44948390,Family Planners Affinity Segment,1389569022480948,Product Reel Warm Voice,4315365691759735,Brand Awareness,0,0,0,0,0,0,0,0,0,0,0,0,0,0,0,0,0,0,0,0,0,0,0,0
2026-01-01,In-App Display,Weekend Saver Retention Initiative,Metro Region Conversion Cohort,44948390,Family Planners Interest Segment,1394673896902429,Offer Spotlight Warm Voice,2577836288304446,Brand Awareness,0,0,0,0,0,0,0,0,0,0,0,0,0,0,0,0,0,0,0,0,0,0,0,0
2026-01-01,Retail Media Network,Family Pantry Retention Initiative,Metro Region Conversion Cohort,44948390,Weekend Deal Hunters Interest Segment,1111168710985428,Shelf Story Warm Voice,4768906377778314,Brand Awareness,0,0,0,0,0,0,0,0,0,0,0,0,0,0,0,0,0,0,0,0,0,0,0,0
2026-01-01,Influencer Network,Weekend Saver Retention Initiative,Metro Region Conversion Cohort,44948390,Family Planners Lookalike Segment,6414513530178736,Price Drop Cut Direct Voice,1778721621071784,Brand Awareness,0,0,0,0,0,0,0,0,0,0,0,0,0,0,0,0,0,0,0,0,0,0,0,0
