DATE,PLATFORM,CAMPAIGN_NAME,CAMPAIGN_GROUP,CAMPAIGN_ID,ADSET_NAME,ADSET_ID,AD_NAME,AD_ID,OBJECTIVE,AMOUNT_SPENT,IMPRESSIONS,CONVERSIONS,REACH,CLICKS,VIDEO_PLAYS_AT_100,VIDEO_PLAYS_AT_25,VIDEO_PLAYS_AT_50,VIDEO_PLAYS_AT_75,FOCUSSED_VIEW_15SEC,VIDEO_VIEWS,VIDEO_THRUPLAY,VIDEO_PLAY_ACTIONS,COMMENTS,LEADS,LIKES,LINK_CLICKS,ENGAGEMENT,ENGAGEMENT_RATE,SHARES,FOLLOWS,VIEW_THROUGH_CONVERSION,VIDEO_STARTS,PURCHASE
2026-05-31,Retail Media Network,Seasonal Select Demand Initiative,Metro Region Loyalty Cohort,11970007606,Health Conscious Buyers Interest Segment,141258509277,Offer Spotlight Bold Voice,135939338663,Brand Awareness,41.901210,6030,4,0,10,1.6484,2.4399,1.5705,1.5973,0,4278,0,0,0,0,0,0,4187,1.9142,0,0,0,0,0
2026-05-31,Marketplace Feed,Family Pantry Retention Initiative,Metro Region Loyalty Cohort,77398847093,Family Planners Lookalike Segment,113147269491,Offer Spotlight Warm Voice,121759510249,Brand Awareness,240.09017,37661,5,0,68,1.4931,3.2748,1.6777,1.5671,0,15173,0,0,0,0,0,0,17511,3.978,0,0,0,0,0
2026-05-31,Display Network,Family Pantry Retention Initiative,Metro Region Loyalty Cohort,77398847093,Bulk Buyers Retention Segment,307152132159,Offer Spotlight Warm Voice,517946828686,Brand Awareness,272.214455,55700,2,0,159,1.795,3.902,2.3256,1.9818,0,20589,0,0,0,0,0,0,29326,3.8628,0,0,0,0,0
2026-05-31,Affiliate Network,Seasonal Select Demand Initiative,Metro Region Loyalty Cohort,11970007606,Bulk Buyers Retention Segment,148145023481,Offer Spotlight Bold Voice,846119584281,Brand Awareness,47.204451,10067,13,0,23,1.0140,3.8326,2.1658,1.2478,0,3166,0,0,0,0,0,0,3796,1.9551,0,0,0,0,0
2026-05-31,Affiliate Network,Seasonal Select Demand Initiative,Metro Region Loyalty Cohort,11970007606,Family Planners Lookalike Segment,840964668242,Offer Spotlight Bold Voice,143148175809,Brand Awareness,53.933996,14286,17,0,45,1.0376,3.8489,2.1753,1.49,0,4079,0,0,0,0,0,0,6962,2.3938,0,0,0,0,0
2026-05-31,Influencer Network,Family Pantry Retention Initiative,Metro Region Loyalty Cohort,77398847093,Health Conscious Buyers Interest Segment,141572802958,Offer Spotlight Warm Voice,658353299387,Brand Awareness,26.345112,5625,0,0,9,0.9709,2.0664,1.2740,1.18,0,1362,0,0,0,0,0,0,1791,1.10,0,0,0,0,0
2026-05-30,In-App Display,Family Pantry Retention Initiative,Metro Region Loyalty Cohort,77398847093,Bulk Buyers Retention Segment,307152132159,Offer Spotlight Warm Voice,517946828686,Brand Awareness,230.457818,49162,3,0,97,1.7137,3.6610,2.3013,1.7988,0,18276,0,0,0,0,0,0,25292,4.3641,0,0,0,0,0
2026-05-30,Marketplace Feed,Seasonal Select Demand Initiative,Metro Region Loyalty Cohort,11970007606,Bulk Buyers Retention Segment,148145023481,Offer Spotlight Bold Voice,846119584281,Brand Awareness,33.489325,6910,16,0,21,1.9107,4.4596,3.284,2.0805,0,2032,0,0,0,0,0,0,2433,2.0479,0,0,0,0,0
2026-05-30,Influencer Network,Seasonal Select Demand Initiative,Metro Region Loyalty Cohort,11970007606,Health Conscious Buyers Interest Segment,141258509277,Offer Spotlight Bold Voice,135939338663,Brand Awareness,24.544844,5132,4,0,8,1.5685,3.0556,1.8613,1.483,0,3832,0,0,0,0,0,0,4019,1.8388,0,0,0,0,0
2026-05-30,Retail Media Network,Family Pantry Retention Initiative,Metro Region Loyalty Cohort,77398847093,Health Conscious Buyers Interest Segment,141572802958,Offer Spotlight Warm Voice,658353299387,Brand Awareness,33.100539,6914,1,0,7,1.0783,2.4196,1.349,1.0724,0,1971,0,0,0,0,0,0,2752,1.3864,0,0,0,0,0
2026-05-30,Affiliate Network,Seasonal Select Demand Initiative,Metro Region Loyalty Cohort,11970007606,Family Planners Lookalike Segment,840964668242,Offer Spotlight Bold Voice,143148175809,Brand Awareness,88.523164,19642,18,0,51,2.8627,6.4865,4.4506,3.2945,0,5072,0,0,0,0,0,0,7099,3.4219,0,0,0,0,0
2026-05-30,Search Network,Family Pantry Retention Initiative,Metro Region Loyalty Cohort,77398847093,Family Planners Lookalike Segment,113147269491,Offer Spotlight Warm Voice,121759510249,Brand Awareness,241.615208,61603,6,0,70,1.6383,3.304,2.4672,1.8821,0,19517,0,0,0,0,0,0,27306,3.4784,0,0,0,0,0
2026-05-29,Connected TV,Family Pantry Retention Initiative,Metro Region Loyalty Cohort,77398847093,Bulk Buyers Retention Segment,307152132159,Offer Spotlight Warm Voice,517946828686,Brand Awareness,209.366500,50474,7,0,91,2.452,3.9506,3.068,2.4584,0,20686,0,0,0,0,0,0,21788,4.5185,0,0,0,0,0
2026-05-29,Display Network,Seasonal Select Demand Initiative,Metro Region Loyalty Cohort,11970007606,Bulk Buyers Retention Segment,148145023481,Offer Spotlight Bold Voice,846119584281,Brand Awareness,70.27412,14120,14,0,20,1.1564,3.9204,2.1984,1.5927,0,4849,0,0,0,0,0,0,5330,2.0314,0,0,0,0,0
2026-05-29,Connected TV,Seasonal Select Demand Initiative,Metro Region Loyalty Cohort,11970007606,Health Conscious Buyers Interest Segment,141258509277,Offer Spotlight Bold Voice,135939338663,Brand Awareness,6.74900,1318,1,0,3,1.418,2.9139,1.9203,1.3715,0,953,0,0,0,0,0,0,1055,1.7938,0,0,0,0,0
2026-05-29,Search Network,Family Pantry Retention Initiative,Metro Region Loyalty Cohort,77398847093,Family Planners Lookalike Segment,113147269491,Offer Spotlight Warm Voice,121759510249,Brand Awareness,245.030545,50214,4,0,75,1.982,4.4628,2.6069,2.2048,0,20203,0,0,0,0,0,0,21283,4.4740,0,0,0,0,0
2026-05-29,Affiliate Network,Seasonal Select Demand Initiative,Metro Region Loyalty Cohort,11970007606,Family Planners Lookalike Segment,840964668242,Offer Spotlight Bold Voice,143148175809,Brand Awareness,62.752451,15700,15,0,31,2.3387,4.8549,3.2902,2.521,0,6480,0,0,0,0,0,0,7023,2.4058,0,0,0,0,0
2026-05-29,Discovery Network,Family Pantry Retention Initiative,Metro Region Loyalty Cohort,77398847093,Health Conscious Buyers Interest Segment,141572802958,Offer Spotlight Warm Voice,658353299387,Brand Awareness,66.139946,18169,0,0,22,1.2157,2.5920,1.6407,1.1696,0,6388,0,0,0,0,0,0,8657,1.5364,0,0,0,0,0
2026-05-28,In-App Display,Family Pantry Retention Initiative,Metro Region Loyalty Cohort,77398847093,Family Planners Lookalike Segment,113147269491,Offer Spotlight Warm Voice,121759510249,Brand Awareness,281.471177,60086,3,0,129,2.0851,3.857,2.6459,1.8347,0,25115,0,0,0,0,0,0,32318,4.0955,0,0,0,0,0
2026-05-28,Search Network,Family Pantry Retention Initiative,Metro Region Loyalty Cohort,77398847093,Bulk Buyers Retention Segment,307152132159,Offer Spotlight Warm Voice,517946828686,Brand Awareness,183.27503,34789,6,0,45,2.0014,3.2920,2.4863,1.7825,0,11432,0,0,0,0,0,0,15857,4.0645,0,0,0,0,0
2026-05-28,Marketplace Feed,Seasonal Select Demand Initiative,Metro Region Loyalty Cohort,11970007606,Bulk Buyers Retention Segment,148145023481,Offer Spotlight Bold Voice,846119584281,Brand Awareness,15.573474,1914,2,0,3,1.0718,2.8452,1.8631,1.3311,0,787,0,0,0,0,0,0,826,1.3696,0,0,0,0,0
2026-05-28,Retail Media Network,Seasonal Select Demand Initiative,Metro Region Loyalty Cohort,11970007606,Family Planners Lookalike Segment,840964668242,Offer Spotlight Bold Voice,143148175809,Brand Awareness,17.745669,1700,2,0,3,1.3188,4.3992,2.3123,1.3338,0,766,0,0,0,0,0,0,964,2.1026,0,0,0,0,0
2026-05-28,Connected TV,Family Pantry Retention Initiative,Metro Region Loyalty Cohort,77398847093,Health Conscious Buyers Interest Segment,141572802958,Offer Spotlight Warm Voice,658353299387,Brand Awareness,55.506922,11262,2,0,18,1.2668,2.1861,1.4760,1.2197,0,2978,0,0,0,0,0,0,3628,1.6535,0,0,0,0,0
2026-05-28,Affiliate Network,Seasonal Select Demand Initiative,Metro Region Loyalty Cohort,11970007606,Health Conscious Buyers Interest Segment,141258509277,Offer Spotlight Bold Voice,135939338663,Brand Awareness,2.036789,104,0,0,0,1.4442,2.2795,1.4919,1.129,0,38,0,0,0,0,0,0,58,1.4530,0,0,0,0,0
2026-05-27,Discovery Network,Family Pantry Retention Initiative,Metro Region Loyalty Cohort,77398847093,Bulk Buyers Retention Segment,307152132159,Offer Spotlight Warm Voice,517946828686,Brand Awareness,262.021954,53707,3,0,183,2.8435,4.5120,3.4181,2.6914,0,20949,0,0,0,0,0,0,24932,4.6054,0,0,0,0,0
2026-05-27,Discovery Network,Family Pantry Retention Initiative,Metro Region Loyalty Cohort,11182142754,Family Planners Lookalike Segment,541785932593,Offer Spotlight Value Voice,678887893442,Brand Awareness,108.584779,23570,33,0,60,2.9425,3.1493,2.7519,2.5473,0,0,0,0,0,0,0,0,0,0,0,0,0,0,0
2026-05-27,Video Network,Family Pantry Retention Initiative,Metro Region Loyalty Cohort,77398847093,Family Planners Lookalike Segment,113147269491,Offer Spotlight Warm Voice,121759510249,Brand Awareness,244.694004,36599,3,0,165,2.0764,3.7441,2.7780,2.2725,0,18304,0,0,0,0,0,0,20033,4.1401,0,0,0,0,0
2026-05-27,Social Feed,Family Pantry Retention Initiative,Metro Region Loyalty Cohort,77398847093,Health Conscious Buyers Interest Segment,141572802958,Offer Spotlight Warm Voice,658353299387,Brand Awareness,50.444452,10051,1,0,25,1.202,2.4094,1.7494,1.4876,0,4406,0,0,0,0,0,0,4631,2.2161,0,0,0,0,0
2026-05-27,Video Network,Family Pantry Retention Initiative,Metro Region Loyalty Cohort,11182142754,Health Conscious Buyers Interest Segment,184037268423,Offer Spotlight Value Voice,277395633633,Brand Awareness,4.424961,821,1,0,2,1.5241,2.2428,1.6335,1.6599,0,0,0,0,0,0,0,0,0,0,0,0,0,0,0
2026-05-27,Affiliate Network,Family Pantry Retention Initiative,Metro Region Loyalty Cohort,11182142754,Bulk Buyers Retention Segment,124871320567,Offer Spotlight Value Voice,710951578361,Brand Awareness,9.962442,1945,2,0,7,1.3894,1.8981,1.7266,1.6623,0,0,0,0,0,0,0,0,0,0,0,0,0,0,0
2026-05-26,Shopping Grid,Family Pantry Retention Initiative,Metro Region Loyalty Cohort,11182142754,Family Planners Lookalike Segment,541785932593,Offer Spotlight Value Voice,678887893442,Brand Awareness,27.819949,4813,3,0,16,1.7025,2.3683,1.9034,1.7931,0,0,0,0,0,0,0,0,0,0,0,0,0,0,0
2026-05-26,Affiliate Network,Family Pantry Retention Initiative,Metro Region Loyalty Cohort,77398847093,Family Planners Lookalike Segment,113147269491,Offer Spotlight Warm Voice,121759510249,Brand Awareness,252.261125,48723,4,0,85,1.6708,3.5772,2.378,2.1254,0,23870,0,0,0,0,0,0,27781,4.5854,0,0,0,0,0
2026-05-26,Discovery Network,Family Pantry Retention Initiative,Metro Region Loyalty Cohort,77398847093,Health Conscious Buyers Interest Segment,141572802958,Offer Spotlight Warm Voice,658353299387,Brand Awareness,95.670343,10975,1,0,25,1.0943,2.7822,1.5790,1.2304,0,3677,0,0,0,0,0,0,4792,2.3266,0,0,0,0,0
2026-05-26,Social Feed,Family Pantry Retention Initiative,Metro Region Loyalty Cohort,11182142754,Bulk Buyers Retention Segment,124871320567,Offer Spotlight Value Voice,710951578361,Brand Awareness,93.805906,15203,30,0,70,1.7708,2.0988,1.7801,1.5328,0,0,0,0,0,0,0,0,0,0,0,0,0,0,0
2026-05-26,Social Feed,Family Pantry Retention Initiative,Metro Region Loyalty Cohort,11182142754,Health Conscious Buyers Interest Segment,184037268423,Offer Spotlight Value Voice,277395633633,Brand Awareness,12.374652,2711,3,0,5,1.8685,2.1948,1.7719,1.5374,0,0,0,0,0,0,0,0,0,0,0,0,0,0,0
2026-05-26,Marketplace Feed,Family Pantry Retention Initiative,Metro Region Loyalty Cohort,77398847093,Bulk Buyers Retention Segment,307152132159,Offer Spotlight Warm Voice,517946828686,Brand Awareness,184.536286,50256,8,0,110,1.8114,3.639,2.7932,1.9773,0,21648,0,0,0,0,0,0,25196,4.0535,0,0,0,0,0
2026-05-25,Marketplace Feed,Family Pantry Retention Initiative,Metro Region Loyalty Cohort,11182142754,Bulk Buyers Retention Segment,124871320567,Offer Spotlight Value Voice,710951578361,Brand Awareness,109.694450,20177,50,0,89,3.5454,4.8060,3.1952,3.4072,0,0,0,0,0,0,0,0,0,0,0,0,0,0,0
2026-05-25,In-App Display,Family Pantry Retention Initiative,Metro Region Loyalty Cohort,77398847093,Bulk Buyers Retention Segment,307152132159,Offer Spotlight Warm Voice,517946828686,Brand Awareness,201.532668,61162,3,0,148,1.6882,3.749,2.2490,2.1711,0,18406,0,0,0,0,0,0,27089,4.0871,0,0,0,0,0
2026-05-25,Video Network,Family Pantry Retention Initiative,Metro Region Loyalty Cohort,77398847093,Health Conscious Buyers Interest Segment,141572802958,Offer Spotlight Warm Voice,658353299387,Brand Awareness,97.274453,12521,1,0,26,1.1894,2.0161,1.5523,1.1186,0,3657,0,0,0,0,0,0,4969,1.5629,0,0,0,0,0
2026-05-25,Search Network,Family Pantry Retention Initiative,Metro Region Loyalty Cohort,77398847093,Family Planners Lookalike Segment,113147269491,Offer Spotlight Warm Voice,121759510249,Brand Awareness,223.328257,54514,3,0,125,1.6302,3.7515,2.5554,2.0763,0,21756,0,0,0,0,0,0,24449,3.7331,0,0,0,0,0
2026-05-25,Social Feed,Family Pantry Retention Initiative,Metro Region Loyalty Cohort,11182142754,Health Conscious Buyers Interest Segment,184037268423,Offer Spotlight Value Voice,277395633633,Brand Awareness,16.209958,3265,8,0,13,1.9569,2.0600,1.8899,1.643,0,0,0,0,0,0,0,0,0,0,0,0,0,0,0
2026-05-25,Discovery Network,Family Pantry Retention Initiative,Metro Region Loyalty Cohort,11182142754,Family Planners Lookalike Segment,541785932593,Offer Spotlight Value Voice,678887893442,Brand Awareness,6.351236,1102,4,0,11,2.0231,2.0397,1.6728,1.4507,0,0,0,0,0,0,0,0,0,0,0,0,0,0,0
2026-05-24,In-App Display,Family Pantry Retention Initiative,Metro Region Loyalty Cohort,11182142754,Bulk Buyers Retention Segment,124871320567,Offer Spotlight Value Voice,710951578361,Brand Awareness,115.806815,19278,45,0,72,2.7702,2.9126,2.513,2.5775,0,0,0,0,0,0,0,0,0,0,0,0,0,0,0
2026-05-24,Social Feed,Family Pantry Retention Initiative,Metro Region Loyalty Cohort,77398847093,Family Planners Lookalike Segment,113147269491,Offer Spotlight Warm Voice,121759510249,Brand Awareness,171.31913,41943,3,0,94,1.611,2.9064,2.1740,1.5441,0,12683,0,0,0,0,0,0,15715,2.8680,0,0,0,0,0
2026-05-24,Search Network,Family Pantry Retention Initiative,Metro Region Loyalty Cohort,77398847093,Bulk Buyers Retention Segment,307152132159,Offer Spotlight Warm Voice,517946828686,Brand Awareness,242.570532,78341,9,0,157,1.5286,3.4520,2.1448,1.6140,0,30004,0,0,0,0,0,0,32576,3.1085,0,0,0,0,0
2026-05-24,Display Network,Family Pantry Retention Initiative,Metro Region Loyalty Cohort,11182142754,Family Planners Lookalike Segment,541785932593,Offer Spotlight Value Voice,678887893442,Brand Awareness,8.99390,1726,2,0,3,1.621,2.0679,1.6734,1.7393,0,0,0,0,0,0,0,0,0,0,0,0,0,0,0
2026-05-24,Retail Media Network,Family Pantry Retention Initiative,Metro Region Loyalty Cohort,77398847093,Health Conscious Buyers Interest Segment,141572802958,Offer Spotlight Warm Voice,658353299387,Brand Awareness,117.558244,14701,4,0,20,1.1574,2.327,1.5097,1.253,0,3609,0,0,0,0,0,0,4880,3.1313,0,0,0,0,0
2026-05-24,Affiliate Network,Family Pantry Retention Initiative,Metro Region Loyalty Cohort,11182142754,Health Conscious Buyers Interest Segment,184037268423,Offer Spotlight Value Voice,277395633633,Brand Awareness,14.440019,2790,5,0,10,1.5170,2.1560,1.5391,1.422,0,0,0,0,0,0,0,0,0,0,0,0,0,0,0
2026-05-23,Retail Media Network,Family Pantry Retention Initiative,Metro Region Loyalty Cohort,77398847093,Family Planners Lookalike Segment,113147269491,Offer Spotlight Warm Voice,121759510249,Brand Awareness,269.22056,49675,2,0,148,1.7602,3.3434,2.2568,1.8874,0,16467,0,0,0,0,0,0,24104,3.6680,0,0,0,0,0
2026-05-23,Retail Media Network,Family Pantry Retention Initiative,Metro Region Loyalty Cohort,77398847093,Health Conscious Buyers Interest Segment,141572802958,Offer Spotlight Warm Voice,658353299387,Brand Awareness,48.100696,5126,0,0,17,1.1896,2.7514,1.800,1.4851,0,1814,0,0,0,0,0,0,2562,2.4436,0,0,0,0,0
2026-05-23,In-App Display,Family Pantry Retention Initiative,Metro Region Loyalty Cohort,11182142754,Health Conscious Buyers Interest Segment,184037268423,Offer Spotlight Value Voice,277395633633,Brand Awareness,33.673514,6891,22,0,36,1.7502,2.1679,1.6058,1.4507,0,0,0,0,0,0,0,0,0,0,0,0,0,0,0
2026-05-23,Retail Media Network,Family Pantry Retention Initiative,Metro Region Loyalty Cohort,11182142754,Family Planners Lookalike Segment,541785932593,Offer Spotlight Value Voice,678887893442,Brand Awareness,51.297778,9554,11,0,35,2.6601,3.4216,2.6033,2.7476,0,0,0,0,0,0,0,0,0,0,0,0,0,0,0
2026-05-23,Connected TV,Family Pantry Retention Initiative,Metro Region Loyalty Cohort,11182142754,Bulk Buyers Retention Segment,124871320567,Offer Spotlight Value Voice,710951578361,Brand Awareness,49.860192,9579,17,0,32,2.5064,3.1330,2.7323,2.2940,0,0,0,0,0,0,0,0,0,0,0,0,0,0,0
2026-05-23,Video Network,Family Pantry Retention Initiative,Metro Region Loyalty Cohort,77398847093,Bulk Buyers Retention Segment,307152132159,Offer Spotlight Warm Voice,517946828686,Brand Awareness,223.973520,47360,6,0,126,1.6141,2.714,1.9922,1.6785,0,21012,0,0,0,0,0,0,31548,3.2894,0,0,0,0,0
2026-05-22,Display Network,Family Pantry Retention Initiative,Metro Region Loyalty Cohort,77398847093,Health Conscious Buyers Interest Segment,141572802958,Offer Spotlight Warm Voice,658353299387,Brand Awareness,21.396073,2998,0,0,4,1.1724,2.3113,1.5987,1.3849,0,957,0,0,0,0,0,0,1313,2.1090,0,0,0,0,0
2026-05-22,Influencer Network,Family Pantry Retention Initiative,Metro Region Loyalty Cohort,11182142754,Health Conscious Buyers Interest Segment,184037268423,Offer Spotlight Value Voice,277395633633,Brand Awareness,38.976032,6778,14,0,24,1.7769,2.2601,1.7610,1.6583,0,0,0,0,0,0,0,0,0,0,0,0,0,0,0
2026-05-22,Social Feed,Family Pantry Retention Initiative,Metro Region Loyalty Cohort,77398847093,Family Planners Lookalike Segment,113147269491,Offer Spotlight Warm Voice,121759510249,Brand Awareness,233.613350,49149,2,0,184,1.7121,3.2492,2.0913,1.6827,0,16645,0,0,0,0,0,0,22064,3.8541,0,0,0,0,0
2026-05-22,Video Network,Family Pantry Retention Initiative,Metro Region Loyalty Cohort,77398847093,Bulk Buyers Retention Segment,307152132159,Offer Spotlight Warm Voice,517946828686,Brand Awareness,278.519550,78278,4,0,184,1.5259,3.4552,2.0303,1.6567,0,22826,0,0,0,0,0,0,30178,3.5659,0,0,0,0,0
2026-05-22,Social Feed,Family Pantry Retention Initiative,Metro Region Loyalty Cohort,11182142754,Bulk Buyers Retention Segment,124871320567,Offer Spotlight Value Voice,710951578361,Brand Awareness,10.755415,2162,3,0,7,2.7508,3.5535,2.6863,2.4622,0,0,0,0,0,0,0,0,0,0,0,0,0,0,0
2026-05-22,Social Feed,Family Pantry Retention Initiative,Metro Region Loyalty Cohort,11182142754,Family Planners Lookalike Segment,541785932593,Offer Spotlight Value Voice,678887893442,Brand Awareness,76.77603,17227,35,0,61,1.5200,2.3744,1.7766,1.5407,0,0,0,0,0,0,0,0,0,0,0,0,0,0,0
2026-05-21,Social Feed,Family Pantry Retention Initiative,Metro Region Loyalty Cohort,77398847093,Family Planners Lookalike Segment,113147269491,Offer Spotlight Warm Voice,121759510249,Brand Awareness,240.364461,54273,2,0,123,1.4700,3.2840,2.1062,1.8677,0,22697,0,0,0,0,0,0,27823,3.953,0,0,0,0,0
2026-05-21,Marketplace Feed,Family Pantry Retention Initiative,Metro Region Loyalty Cohort,77398847093,Bulk Buyers Retention Segment,307152132159,Offer Spotlight Warm Voice,517946828686,Brand Awareness,232.056103,65221,6,0,127,1.8720,3.6122,2.4932,1.6374,0,21852,0,0,0,0,0,0,27663,3.3474,0,0,0,0,0
2026-05-21,Discovery Network,Family Pantry Retention Initiative,Metro Region Loyalty Cohort,77398847093,Health Conscious Buyers Interest Segment,141572802958,Offer Spotlight Warm Voice,658353299387,Brand Awareness,19.86690,2507,0,0,6,1.3201,2.5852,1.6911,1.2754,0,1160,0,0,0,0,0,0,1316,2.9975,0,0,0,0,0
2026-05-21,Display Network,Family Pantry Retention Initiative,Metro Region Loyalty Cohort,11182142754,Health Conscious Buyers Interest Segment,184037268423,Offer Spotlight Value Voice,277395633633,Brand Awareness,14.60935,3613,8,0,14,1.7570,2.4179,1.8402,1.7883,0,0,0,0,0,0,0,0,0,0,0,0,0,0,0
2026-05-21,Connected TV,Family Pantry Retention Initiative,Metro Region Loyalty Cohort,11182142754,Family Planners Lookalike Segment,541785932593,Offer Spotlight Value Voice,678887893442,Brand Awareness,72.050760,13236,24,0,47,1.9602,2.2450,1.8891,1.7623,0,0,0,0,0,0,0,0,0,0,0,0,0,0,0
2026-05-21,Display Network,Family Pantry Retention Initiative,Metro Region Loyalty Cohort,11182142754,Bulk Buyers Retention Segment,124871320567,Offer Spotlight Value Voice,710951578361,Brand Awareness,47.526054,8439,17,0,34,2.221,2.8584,2.7393,2.7686,0,0,0,0,0,0,0,0,0,0,0,0,0,0,0
2026-05-20,Affiliate Network,Family Pantry Retention Initiative,Metro Region Loyalty Cohort,77398847093,Family Planners Lookalike Segment,113147269491,Offer Spotlight Warm Voice,121759510249,Brand Awareness,237.795147,76309,1,0,238,1.4085,2.5884,1.7149,1.5093,0,16474,0,0,0,0,0,0,29755,2.887,0,0,0,0,0
2026-05-20,Social Feed,Weekend Saver Retention Initiative,Metro Region Loyalty Cohort,80716820022,Family Planners Lookalike Segment,372243165043,Shelf Story Warm Voice,159266129481,Brand Awareness,3.43120,730,1,0,2,3.4420,4.9049,3.749,3.3022,0,0,0,0,0,0,0,0,0,0,0,0,0,0,0
2026-05-20,Connected TV,Family Pantry Retention Initiative,Metro Region Loyalty Cohort,77398847093,Health Conscious Buyers Interest Segment,141572802958,Offer Spotlight Warm Voice,658353299387,Brand Awareness,18.967723,1891,1,0,1,1.7281,3.2716,2.0778,1.6168,0,664,0,0,0,0,0,0,774,3.4644,0,0,0,0,0
2026-05-20,Connected TV,Weekend Saver Retention Initiative,Metro Region Loyalty Cohort,80716820022,Bulk Buyers Retention Segment,165879975522,Shelf Story Warm Voice,469579878347,Brand Awareness,75.218948,17305,35,0,65,1.5275,2.0535,1.7542,1.6232,0,0,0,0,0,0,0,0,0,0,0,0,0,0,0
2026-05-20,Social Feed,Family Pantry Retention Initiative,Metro Region Loyalty Cohort,77398847093,Bulk Buyers Retention Segment,307152132159,Offer Spotlight Warm Voice,517946828686,Brand Awareness,288.550633,83057,0,0,242,1.2604,2.7610,1.8920,1.536,0,15408,0,0,0,0,0,0,25644,3.3596,0,0,0,0,0
2026-05-20,Affiliate Network,Weekend Saver Retention Initiative,Metro Region Loyalty Cohort,80716820022,Health Conscious Buyers Interest Segment,273943858429,Shelf Story Warm Voice,114803544918,Brand Awareness,42.743202,9198,27,0,37,1.7317,2.1868,1.8261,1.5604,0,0,0,0,0,0,0,0,0,0,0,0,0,0,0
2026-05-19,Shopping Grid,Family Pantry Retention Initiative,Metro Region Loyalty Cohort,77398847093,Bulk Buyers Retention Segment,307152132159,Offer Spotlight Warm Voice,517946828686,Brand Awareness,335.396321,78671,5,0,257,1.8289,3.4815,2.2062,1.8010,0,25312,0,0,0,0,0,0,38809,5.4604,0,0,0,0,0
2026-05-19,Affiliate Network,Family Pantry Retention Initiative,Metro Region Loyalty Cohort,77398847093,Family Planners Lookalike Segment,113147269491,Offer Spotlight Warm Voice,121759510249,Brand Awareness,142.85681,47611,0,0,116,1.495,3.5345,1.8790,1.6802,0,11433,0,0,0,0,0,0,16355,3.7347,0,0,0,0,0
2026-05-19,Marketplace Feed,Family Pantry Retention Initiative,Metro Region Loyalty Cohort,77398847093,Health Conscious Buyers Interest Segment,141572802958,Offer Spotlight Warm Voice,658353299387,Brand Awareness,18.587967,2554,0,0,1,1.2197,2.7187,1.6633,1.3821,0,768,0,0,0,0,0,0,922,1.7900,0,0,0,0,0
2026-05-19,Display Network,Weekend Saver Retention Initiative,Metro Region Loyalty Cohort,80716820022,Family Planners Lookalike Segment,372243165043,Shelf Story Warm Voice,159266129481,Brand Awareness,5.040589,1036,3,0,5,1.8246,2.1077,1.8903,1.5124,0,0,0,0,0,0,0,0,0,0,0,0,0,0,0
2026-05-19,Video Network,Weekend Saver Retention Initiative,Metro Region Loyalty Cohort,80716820022,Health Conscious Buyers Interest Segment,273943858429,Shelf Story Warm Voice,114803544918,Brand Awareness,42.842199,9253,11,0,32,1.6540,1.87,1.9166,1.7613,0,0,0,0,0,0,0,0,0,0,0,0,0,0,0
2026-05-19,Retail Media Network,Weekend Saver Retention Initiative,Metro Region Loyalty Cohort,80716820022,Bulk Buyers Retention Segment,165879975522,Shelf Story Warm Voice,469579878347,Brand Awareness,71.898207,14228,21,0,51,1.7225,2.3125,1.497,1.6256,0,0,0,0,0,0,0,0,0,0,0,0,0,0,0
2026-05-18,Connected TV,Weekend Saver Retention Initiative,Metro Region Loyalty Cohort,80716820022,Health Conscious Buyers Interest Segment,273943858429,Shelf Story Warm Voice,114803544918,Brand Awareness,55.20270,11678,28,0,51,1.6997,1.8955,1.591,1.6694,0,0,0,0,0,0,0,0,0,0,0,0,0,0,0
2026-05-18,Connected TV,Family Pantry Retention Initiative,Metro Region Loyalty Cohort,77398847093,Family Planners Lookalike Segment,113147269491,Offer Spotlight Warm Voice,121759510249,Brand Awareness,294.19804,70350,1,0,152,1.6613,4.1048,2.2856,1.8558,0,37296,0,0,0,0,0,0,39207,3.5355,0,0,0,0,0
2026-05-18,Video Network,Family Pantry Retention Initiative,Metro Region Loyalty Cohort,77398847093,Bulk Buyers Retention Segment,307152132159,Offer Spotlight Warm Voice,517946828686,Brand Awareness,186.454380,44415,2,0,109,1.4124,3.1112,1.7789,1.4375,0,16971,0,0,0,0,0,0,22170,3.3652,0,0,0,0,0
2026-05-18,Social Feed,Family Pantry Retention Initiative,Metro Region Loyalty Cohort,77398847093,Health Conscious Buyers Interest Segment,141572802958,Offer Spotlight Warm Voice,658353299387,Brand Awareness,40.30746,20968,0,0,11,1.2996,2.4330,1.7145,1.2071,0,1747,0,0,0,0,0,0,2361,1.4424,0,0,0,0,0
2026-05-18,Display Network,Weekend Saver Retention Initiative,Metro Region Loyalty Cohort,80716820022,Family Planners Lookalike Segment,372243165043,Shelf Story Warm Voice,159266129481,Brand Awareness,31.23913,7780,19,0,29,1.6914,2.2838,1.7708,1.4914,0,0,0,0,0,0,0,0,0,0,0,0,0,0,0
2026-05-18,Connected TV,Weekend Saver Retention Initiative,Metro Region Loyalty Cohort,80716820022,Bulk Buyers Retention Segment,165879975522,Shelf Story Warm Voice,469579878347,Brand Awareness,33.140153,7756,10,0,28,1.9864,2.408,1.9434,1.5882,0,0,0,0,0,0,0,0,0,0,0,0,0,0,0
2026-05-17,Retail Media Network,Weekend Saver Retention Initiative,Metro Region Loyalty Cohort,80716820022,Family Planners Lookalike Segment,372243165043,Shelf Story Warm Voice,159266129481,Brand Awareness,69.868284,15741,20,0,40,1.8792,2.2271,1.8694,1.5518,0,0,0,0,0,0,0,0,0,0,0,0,0,0,0
2026-05-17,Social Feed,Family Pantry Retention Initiative,Metro Region Loyalty Cohort,77398847093,Bulk Buyers Retention Segment,307152132159,Offer Spotlight Warm Voice,517946828686,Brand Awareness,194.645458,87741,3,0,219,1.4064,2.518,1.7154,1.2500,0,21325,0,0,0,0,0,0,30106,2.8322,0,0,0,0,0
2026-05-17,Retail Media Network,Weekend Saver Retention Initiative,Metro Region Loyalty Cohort,80716820022,Bulk Buyers Retention Segment,165879975522,Shelf Story Warm Voice,469579878347,Brand Awareness,6.609173,1466,2,0,6,1.5031,2.3279,1.4618,1.6044,0,0,0,0,0,0,0,0,0,0,0,0,0,0,0
2026-05-17,Retail Media Network,Weekend Saver Retention Initiative,Metro Region Loyalty Cohort,80716820022,Health Conscious Buyers Interest Segment,273943858429,Shelf Story Warm Voice,114803544918,Brand Awareness,51.31789,9469,22,0,44,1.7488,2.24,1.5238,1.3876,0,0,0,0,0,0,0,0,0,0,0,0,0,0,0
2026-05-17,Social Feed,Family Pantry Retention Initiative,Metro Region Loyalty Cohort,77398847093,Family Planners Lookalike Segment,113147269491,Offer Spotlight Warm Voice,121759510249,Brand Awareness,250.208301,82267,2,0,235,1.3117,2.9052,1.8311,1.3873,0,15185,0,0,0,0,0,0,27352,3.3889,0,0,0,0,0
2026-05-17,Influencer Network,Family Pantry Retention Initiative,Metro Region Loyalty Cohort,77398847093,Health Conscious Buyers Interest Segment,141572802958,Offer Spotlight Warm Voice,658353299387,Brand Awareness,26.135794,2713,0,0,1,1.2116,2.619,1.7077,1.128,0,1006,0,0,0,0,0,0,1285,2.2866,0,0,0,0,0
2026-05-16,In-App Display,Weekend Saver Retention Initiative,Metro Region Loyalty Cohort,80716820022,Bulk Buyers Retention Segment,165879975522,Shelf Story Warm Voice,469579878347,Brand Awareness,8.389234,2262,2,0,5,1.8246,1.9485,1.6489,1.7376,0,0,0,0,0,0,0,0,0,0,0,0,0,0,0
2026-05-16,Connected TV,Family Pantry Retention Initiative,Metro Region Loyalty Cohort,77398847093,Family Planners Lookalike Segment,113147269491,Offer Spotlight Warm Voice,121759510249,Brand Awareness,236.249926,80423,3,0,242,1.330,2.6743,1.7287,1.3399,0,18814,0,0,0,0,0,0,26319,3.1010,0,0,0,0,0
2026-05-16,Discovery Network,Family Pantry Retention Initiative,Metro Region Loyalty Cohort,77398847093,Bulk Buyers Retention Segment,307152132159,Offer Spotlight Warm Voice,517946828686,Brand Awareness,273.655222,74967,2,0,313,1.6543,3.0338,2.1373,1.7414,0,19463,0,0,0,0,0,0,32819,3.3465,0,0,0,0,0
2026-05-16,In-App Display,Family Pantry Retention Initiative,Metro Region Loyalty Cohort,77398847093,Health Conscious Buyers Interest Segment,141572802958,Offer Spotlight Warm Voice,658353299387,Brand Awareness,36.056073,4039,1,0,4,1.402,2.3964,1.6820,1.3972,0,1902,0,0,0,0,0,0,2175,2.3786,0,0,0,0,0
2026-05-16,Influencer Network,Weekend Saver Retention Initiative,Metro Region Loyalty Cohort,80716820022,Health Conscious Buyers Interest Segment,273943858429,Shelf Story Warm Voice,114803544918,Brand Awareness,57.104887,8170,4,0,17,1.7550,2.3080,1.7653,1.5567,0,0,0,0,0,0,0,0,0,0,0,0,0,0,0
2026-05-16,Affiliate Network,Weekend Saver Retention Initiative,Metro Region Loyalty Cohort,80716820022,Family Planners Lookalike Segment,372243165043,Shelf Story Warm Voice,159266129481,Brand Awareness,70.885722,15881,24,0,53,1.5586,1.9991,1.5796,1.5406,0,0,0,0,0,0,0,0,0,0,0,0,0,0,0
2026-05-15,Marketplace Feed,Weekend Saver Retention Initiative,Metro Region Loyalty Cohort,80716820022,Bulk Buyers Retention Segment,165879975522,Shelf Story Warm Voice,469579878347,Brand Awareness,16.041331,3831,9,0,15,1.5986,2.0459,1.6098,1.339,0,0,0,0,0,0,0,0,0,0,0,0,0,0,0
2026-05-15,Discovery Network,Family Pantry Retention Initiative,Metro Region Loyalty Cohort,77398847093,Health Conscious Buyers Interest Segment,141572802958,Offer Spotlight Warm Voice,658353299387,Brand Awareness,36.470325,3886,1,0,17,1.1625,2.6137,1.5662,1.1520,0,1701,0,0,0,0,0,0,2238,4.6248,0,0,0,0,0
2026-05-15,Video Network,Family Pantry Retention Initiative,Metro Region Loyalty Cohort,77398847093,Family Planners Lookalike Segment,113147269491,Offer Spotlight Warm Voice,121759510249,Brand Awareness,346.058292,67981,3,0,267,1.861,3.4800,2.2226,1.8298,0,25229,0,0,0,0,0,0,33978,4.1682,0,0,0,0,0
2026-05-15,Discovery Network,Family Pantry Retention Initiative,Metro Region Loyalty Cohort,77398847093,Bulk Buyers Retention Segment,307152132159,Offer Spotlight Warm Voice,517946828686,Brand Awareness,162.457594,39491,2,0,119,1.4814,3.2668,2.0060,1.6036,0,14765,0,0,0,0,0,0,17398,4.3130,0,0,0,0,0
2026-05-15,Search Network,Weekend Saver Retention Initiative,Metro Region Loyalty Cohort,80716820022,Family Planners Lookalike Segment,372243165043,Shelf Story Warm Voice,159266129481,Brand Awareness,100.510245,17904,38,0,82,1.7050,2.3623,1.9103,1.771,0,0,0,0,0,0,0,0,0,0,0,0,0,0,0
2026-05-15,Marketplace Feed,Weekend Saver Retention Initiative,Metro Region Loyalty Cohort,80716820022,Health Conscious Buyers Interest Segment,273943858429,Shelf Story Warm Voice,114803544918,Brand Awareness,13.363887,2245,4,0,9,1.6964,1.9700,1.9264,1.739,0,0,0,0,0,0,0,0,0,0,0,0,0,0,0
2026-05-14,Affiliate Network,Weekend Saver Retention Initiative,Metro Region Loyalty Cohort,80716820022,Family Planners Lookalike Segment,372243165043,Shelf Story Warm Voice,159266129481,Brand Awareness,47.461886,10396,20,0,40,2.4895,3.1101,2.4764,2.3320,0,0,0,0,0,0,0,0,0,0,0,0,0,0,0
2026-05-14,In-App Display,Weekend Saver Retention Initiative,Metro Region Loyalty Cohort,80716820022,Health Conscious Buyers Interest Segment,273943858429,Shelf Story Warm Voice,114803544918,Brand Awareness,11.068284,2338,4,0,8,1.741,2.1831,1.9360,1.4615,0,0,0,0,0,0,0,0,0,0,0,0,0,0,0
2026-05-14,Marketplace Feed,Weekend Saver Retention Initiative,Metro Region Loyalty Cohort,80716820022,Bulk Buyers Retention Segment,165879975522,Shelf Story Warm Voice,469579878347,Brand Awareness,61.066782,15395,35,0,58,1.737,2.317,1.7191,1.5459,0,0,0,0,0,0,0,0,0,0,0,0,0,0,0
2026-05-14,Affiliate Network,Family Pantry Retention Initiative,Metro Region Loyalty Cohort,77398847093,Bulk Buyers Retention Segment,307152132159,Offer Spotlight Warm Voice,517946828686,Brand Awareness,301.106184,82874,0,0,259,1.9541,4.8202,3.133,1.9763,0,25528,0,0,0,0,0,0,36294,4.5554,0,0,0,0,0
2026-05-14,Connected TV,Family Pantry Retention Initiative,Metro Region Loyalty Cohort,77398847093,Family Planners Lookalike Segment,113147269491,Offer Spotlight Warm Voice,121759510249,Brand Awareness,199.542063,49540,0,0,109,1.517,3.0413,2.0119,1.7796,0,16089,0,0,0,0,0,0,24161,4.2136,0,0,0,0,0
2026-05-14,Marketplace Feed,Family Pantry Retention Initiative,Metro Region Loyalty Cohort,77398847093,Health Conscious Buyers Interest Segment,141572802958,Offer Spotlight Warm Voice,658353299387,Brand Awareness,50.911227,14777,0,0,26,1.3965,3.4135,2.0116,1.7994,0,5869,0,0,0,0,0,0,7777,2.9345,0,0,0,0,0
2026-05-13,Display Network,Family Pantry Retention Initiative,Metro Region Loyalty Cohort,77398847093,Family Planners Lookalike Segment,113147269491,Offer Spotlight Warm Voice,121759510249,Brand Awareness,161.759402,42023,0,0,97,1.8213,3.1420,2.3277,1.6093,0,15322,0,0,0,0,0,0,19792,4.2225,0,0,0,0,0
2026-05-13,Search Network,Family Pantry Retention Initiative,Metro Region Loyalty Cohort,77398847093,Bulk Buyers Retention Segment,307152132159,Offer Spotlight Warm Voice,517946828686,Brand Awareness,314.189591,75351,0,0,173,1.5313,3.1491,2.167,1.5222,0,18404,0,0,0,0,0,0,33216,3.4459,0,0,0,0,0
2026-05-13,Video Network,Family Pantry Retention Initiative,Metro Region Loyalty Cohort,77398847093,Health Conscious Buyers Interest Segment,141572802958,Offer Spotlight Warm Voice,658353299387,Brand Awareness,78.755161,22057,5,0,47,2.0841,4.1083,2.3008,2.3020,0,12430,0,0,0,0,0,0,14981,3.8438,0,0,0,0,0
2026-05-12,Connected TV,Family Pantry Retention Initiative,Metro Region Loyalty Cohort,77398847093,Family Planners Lookalike Segment,113147269491,Offer Spotlight Warm Voice,121759510249,Brand Awareness,333.230992,97354,3,0,223,1.7191,3.152,2.06,1.5797,0,28808,0,0,0,0,0,0,39454,4.1532,0,0,0,0,0
2026-05-12,Affiliate Network,Family Pantry Retention Initiative,Metro Region Loyalty Cohort,16598343778,Family Planners Lookalike Segment,593639927089,Price Drop Cut Direct Voice,107388759035,Brand Awareness,149.586158,25507,60,0,94,1.59,1.9355,1.4435,1.5429,0,0,0,0,0,0,0,0,0,0,0,0,0,0,0
2026-05-12,Marketplace Feed,Family Pantry Retention Initiative,Metro Region Loyalty Cohort,16598343778,Bulk Buyers Retention Segment,203700420999,Price Drop Cut Direct Voice,137864959987,Brand Awareness,10.035376,2321,2,0,6,1.283,1.7323,1.4755,1.319,0,0,0,0,0,0,0,0,0,0,0,0,0,0,0
2026-05-12,In-App Display,Family Pantry Retention Initiative,Metro Region Loyalty Cohort,16598343778,Health Conscious Buyers Interest Segment,107732657388,Price Drop Cut Direct Voice,105242695585,Brand Awareness,54.838085,10073,17,0,35,1.7960,1.9930,1.5993,1.4801,0,0,0,0,0,0,0,0,0,0,0,0,0,0,0
2026-05-12,Discovery Network,Family Pantry Retention Initiative,Metro Region Loyalty Cohort,77398847093,Bulk Buyers Retention Segment,307152132159,Offer Spotlight Warm Voice,517946828686,Brand Awareness,177.554511,40620,2,0,89,1.5566,2.9892,2.0810,1.6605,0,9842,0,0,0,0,0,0,16801,3.6871,0,0,0,0,0
2026-05-12,Affiliate Network,Family Pantry Retention Initiative,Metro Region Loyalty Cohort,77398847093,Health Conscious Buyers Interest Segment,141572802958,Offer Spotlight Warm Voice,658353299387,Brand Awareness,34.131848,5092,0,0,9,1.4779,2.4838,1.9517,1.6151,0,2634,0,0,0,0,0,0,2664,3.5660,0,0,0,0,0
2026-05-11,Shopping Grid,Family Pantry Retention Initiative,Metro Region Loyalty Cohort,16598343778,Family Planners Lookalike Segment,593639927089,Price Drop Cut Direct Voice,107388759035,Brand Awareness,111.064898,20300,42,0,82,1.9575,2.109,1.7310,1.4618,0,0,0,0,0,0,0,0,0,0,0,0,0,0,0
2026-05-11,Search Network,Family Pantry Retention Initiative,Metro Region Loyalty Cohort,77398847093,Family Planners Lookalike Segment,113147269491,Offer Spotlight Warm Voice,121759510249,Brand Awareness,317.442365,90317,1,0,221,1.7664,2.9610,2.3158,1.5908,0,24299,0,0,0,0,0,0,33274,3.2094,0,0,0,0,0
2026-05-11,Influencer Network,Family Pantry Retention Initiative,Metro Region Loyalty Cohort,77398847093,Bulk Buyers Retention Segment,307152132159,Offer Spotlight Warm Voice,517946828686,Brand Awareness,154.46262,47997,0,0,104,1.3054,3.1837,2.0202,1.4015,0,14571,0,0,0,0,0,0,17743,3.0413,0,0,0,0,0
2026-05-11,Retail Media Network,Family Pantry Retention Initiative,Metro Region Loyalty Cohort,16598343778,Health Conscious Buyers Interest Segment,107732657388,Price Drop Cut Direct Voice,105242695585,Brand Awareness,64.493108,12093,34,0,62,1.5662,2.1903,1.854,1.4417,0,0,0,0,0,0,0,0,0,0,0,0,0,0,0
2026-05-11,Discovery Network,Family Pantry Retention Initiative,Metro Region Loyalty Cohort,16598343778,Bulk Buyers Retention Segment,203700420999,Price Drop Cut Direct Voice,137864959987,Brand Awareness,32.130528,7912,13,0,20,1.469,2.1086,1.6062,1.4480,0,0,0,0,0,0,0,0,0,0,0,0,0,0,0
2026-05-11,Display Network,Family Pantry Retention Initiative,Metro Region Loyalty Cohort,77398847093,Health Conscious Buyers Interest Segment,141572802958,Offer Spotlight Warm Voice,658353299387,Brand Awareness,70.362986,10498,0,0,27,1.2902,2.9184,1.859,1.402,0,3939,0,0,0,0,0,0,6075,2.8217,0,0,0,0,0
2026-05-10,Video Network,Family Pantry Retention Initiative,Metro Region Loyalty Cohort,77398847093,Bulk Buyers Retention Segment,307152132159,Offer Spotlight Warm Voice,517946828686,Brand Awareness,193.319132,59508,2,0,160,1.2632,2.6503,1.9841,1.4182,0,17966,0,0,0,0,0,0,25131,3.0352,0,0,0,0,0
2026-05-10,Retail Media Network,Family Pantry Retention Initiative,Metro Region Loyalty Cohort,77398847093,Family Planners Lookalike Segment,113147269491,Offer Spotlight Warm Voice,121759510249,Brand Awareness,273.890423,103958,12,0,312,1.2218,2.6291,2.075,1.5051,0,17352,0,0,0,0,0,0,28744,2.8369,0,0,0,0,0
2026-05-10,Social Feed,Family Pantry Retention Initiative,Metro Region Loyalty Cohort,16598343778,Family Planners Lookalike Segment,593639927089,Price Drop Cut Direct Voice,107388759035,Brand Awareness,25.824504,4812,14,0,23,2.5682,2.971,2.3814,2.1506,0,0,0,0,0,0,0,0,0,0,0,0,0,0,0
2026-05-10,Connected TV,Family Pantry Retention Initiative,Metro Region Loyalty Cohort,77398847093,Health Conscious Buyers Interest Segment,141572802958,Offer Spotlight Warm Voice,658353299387,Brand Awareness,57.187451,14266,2,0,30,1.1958,3.0606,1.9231,1.5389,0,5946,0,0,0,0,0,0,6621,2.8396,0,0,0,0,0
2026-05-10,Affiliate Network,Family Pantry Retention Initiative,Metro Region Loyalty Cohort,16598343778,Health Conscious Buyers Interest Segment,107732657388,Price Drop Cut Direct Voice,105242695585,Brand Awareness,59.928852,12749,22,0,38,1.9413,1.9888,1.8527,1.8034,0,0,0,0,0,0,0,0,0,0,0,0,0,0,0
2026-05-10,Video Network,Family Pantry Retention Initiative,Metro Region Loyalty Cohort,16598343778,Bulk Buyers Retention Segment,203700420999,Price Drop Cut Direct Voice,137864959987,Brand Awareness,99.685302,25746,43,0,85,2.9370,3.2495,2.4211,2.3314,0,0,0,0,0,0,0,0,0,0,0,0,0,0,0
2026-05-09,Social Feed,Family Pantry Retention Initiative,Metro Region Loyalty Cohort,16598343778,Bulk Buyers Retention Segment,203700420999,Price Drop Cut Direct Voice,137864959987,Brand Awareness,122.858816,32949,53,0,96,2.6394,3.4100,2.5393,2.203,0,0,0,0,0,0,0,0,0,0,0,0,0,0,0
2026-05-09,Search Network,Family Pantry Retention Initiative,Metro Region Loyalty Cohort,77398847093,Health Conscious Buyers Interest Segment,141572802958,Offer Spotlight Warm Voice,658353299387,Brand Awareness,64.783775,20630,0,0,34,1.2344,2.4693,1.8650,1.3399,0,7777,0,0,0,0,0,0,8989,2.42,0,0,0,0,0
2026-05-09,Affiliate Network,Family Pantry Retention Initiative,Metro Region Loyalty Cohort,16598343778,Family Planners Lookalike Segment,593639927089,Price Drop Cut Direct Voice,107388759035,Brand Awareness,21.404919,4461,4,0,12,1.6200,2.1495,1.7090,1.6334,0,0,0,0,0,0,0,0,0,0,0,0,0,0,0
2026-05-09,Marketplace Feed,Family Pantry Retention Initiative,Metro Region Loyalty Cohort,77398847093,Family Planners Lookalike Segment,113147269491,Offer Spotlight Warm Voice,121759510249,Brand Awareness,318.636769,59208,0,0,211,1.7188,3.0760,2.0388,1.7823,0,20021,0,0,0,0,0,0,29697,4.1666,0,0,0,0,0
2026-05-09,Retail Media Network,Family Pantry Retention Initiative,Metro Region Loyalty Cohort,77398847093,Bulk Buyers Retention Segment,307152132159,Offer Spotlight Warm Voice,517946828686,Brand Awareness,174.884448,50673,3,0,98,1.3730,2.8835,1.5597,1.3129,0,13847,0,0,0,0,0,0,21173,3.4038,0,0,0,0,0
2026-05-09,Search Network,Family Pantry Retention Initiative,Metro Region Loyalty Cohort,16598343778,Health Conscious Buyers Interest Segment,107732657388,Price Drop Cut Direct Voice,105242695585,Brand Awareness,37.19270,8058,27,0,30,1.5462,2.102,1.6028,1.7828,0,0,0,0,0,0,0,0,0,0,0,0,0,0,0
2026-05-08,Display Network,Family Pantry Retention Initiative,Metro Region Loyalty Cohort,16598343778,Bulk Buyers Retention Segment,203700420999,Price Drop Cut Direct Voice,137864959987,Brand Awareness,147.594711,27504,50,0,124,2.7644,2.9002,2.8746,2.3731,0,0,0,0,0,0,0,0,0,0,0,0,0,0,0
2026-05-08,Shopping Grid,Family Pantry Retention Initiative,Metro Region Loyalty Cohort,16598343778,Family Planners Lookalike Segment,593639927089,Price Drop Cut Direct Voice,107388759035,Brand Awareness,20.142367,4606,5,0,8,2.4157,3.4285,2.349,2.4424,0,0,0,0,0,0,0,0,0,0,0,0,0,0,0
2026-05-08,Social Feed,Family Pantry Retention Initiative,Metro Region Loyalty Cohort,16598343778,Health Conscious Buyers Interest Segment,107732657388,Price Drop Cut Direct Voice,105242695585,Brand Awareness,29.325333,6423,11,0,19,1.8136,2.1354,1.8125,1.6545,0,0,0,0,0,0,0,0,0,0,0,0,0,0,0
2026-05-08,Influencer Network,Family Pantry Retention Initiative,Metro Region Loyalty Cohort,77398847093,Family Planners Lookalike Segment,113147269491,Offer Spotlight Warm Voice,121759510249,Brand Awareness,165.736640,51289,0,0,167,1.6700,2.9224,1.8881,1.6776,0,15022,0,0,0,0,0,0,21781,3.244,0,0,0,0,0
2026-05-08,Retail Media Network,Family Pantry Retention Initiative,Metro Region Loyalty Cohort,77398847093,Bulk Buyers Retention Segment,307152132159,Offer Spotlight Warm Voice,517946828686,Brand Awareness,287.473341,97980,3,0,234,1.246,2.6276,1.6905,1.6498,0,22929,0,0,0,0,0,0,35077,3.1107,0,0,0,0,0
2026-05-08,Discovery Network,Family Pantry Retention Initiative,Metro Region Loyalty Cohort,77398847093,Health Conscious Buyers Interest Segment,141572802958,Offer Spotlight Warm Voice,658353299387,Brand Awareness,40.893287,11533,0,0,15,1.3107,3.0265,1.8149,1.510,0,3825,0,0,0,0,0,0,5407,2.2578,0,0,0,0,0
2026-05-07,Affiliate Network,Family Pantry Retention Initiative,Metro Region Loyalty Cohort,76989073153,Bulk Buyers Retention Segment,162787447081,Price Drop Cut Direct Voice,183964096083,Brand Awareness,42.732764,11580,9,0,20,0.6371,3.6068,1.489,0.8089,0,2468,0,0,0,0,0,0,3539,1.5043,0,0,0,0,0
2026-05-07,Connected TV,Family Pantry Retention Initiative,Metro Region Loyalty Cohort,77398847093,Family Planners Lookalike Segment,113147269491,Offer Spotlight Warm Voice,121759510249,Brand Awareness,243.176109,99428,2,0,209,1.0728,2.5650,1.4666,1.2840,0,22410,0,0,0,0,0,0,33700,2.7566,0,0,0,0,0
2026-05-07,Shopping Grid,Family Pantry Retention Initiative,Metro Region Loyalty Cohort,77398847093,Bulk Buyers Retention Segment,307152132159,Offer Spotlight Warm Voice,517946828686,Brand Awareness,221.204886,58664,1,0,128,1.2896,2.7054,1.6518,1.5645,0,12323,0,0,0,0,0,0,21030,3.4652,0,0,0,0,0
2026-05-07,Influencer Network,Family Pantry Retention Initiative,Metro Region Loyalty Cohort,77398847093,Health Conscious Buyers Interest Segment,141572802958,Offer Spotlight Warm Voice,658353299387,Brand Awareness,43.576016,8138,0,0,24,1.0499,2.2546,1.5865,1.1458,0,1825,0,0,0,0,0,0,2226,2.4596,0,0,0,0,0
2026-05-07,In-App Display,Family Pantry Retention Initiative,Metro Region Loyalty Cohort,76989073153,Family Planners Lookalike Segment,173919843420,Price Drop Cut Direct Voice,879576218036,Brand Awareness,64.0151,17641,10,0,32,0.9905,4.335,1.7897,1.1176,0,4323,0,0,0,0,0,0,6018,1.8508,0,0,0,0,0
2026-05-07,Social Feed,Family Pantry Retention Initiative,Metro Region Loyalty Cohort,16598343778,Health Conscious Buyers Interest Segment,107732657388,Price Drop Cut Direct Voice,105242695585,Brand Awareness,1.583611,211,2,0,2,1.6915,2.4088,1.7303,1.6223,0,0,0,0,0,0,0,0,0,0,0,0,0,0,0
2026-05-07,Marketplace Feed,Family Pantry Retention Initiative,Metro Region Loyalty Cohort,16598343778,Family Planners Lookalike Segment,593639927089,Price Drop Cut Direct Voice,107388759035,Brand Awareness,20.09321,4420,7,0,14,2.6433,3.1535,2.9822,2.345,0,0,0,0,0,0,0,0,0,0,0,0,0,0,0
2026-05-07,Video Network,Family Pantry Retention Initiative,Metro Region Loyalty Cohort,16598343778,Bulk Buyers Retention Segment,203700420999,Price Drop Cut Direct Voice,137864959987,Brand Awareness,20.138351,4177,6,0,12,2.5098,3.2853,2.6336,2.5241,0,0,0,0,0,0,0,0,0,0,0,0,0,0,0
2026-05-07,Retail Media Network,Family Pantry Retention Initiative,Metro Region Loyalty Cohort,76989073153,Health Conscious Buyers Interest Segment,129797637267,Price Drop Cut Direct Voice,427393915834,Brand Awareness,5.89129,1009,1,0,1,0.8167,2.5348,1.3543,1.1128,0,523,0,0,0,0,0,0,645,1.5271,0,0,0,0,0
2026-05-06,Discovery Network,Family Pantry Retention Initiative,Metro Region Loyalty Cohort,76989073153,Bulk Buyers Retention Segment,162787447081,Price Drop Cut Direct Voice,183964096083,Brand Awareness,146.885447,29659,33,0,43,0.7555,3.6754,1.7225,1.1330,0,8724,0,0,0,0,0,0,9925,1.457,0,0,0,0,0
2026-05-06,Shopping Grid,Family Pantry Retention Initiative,Metro Region Loyalty Cohort,76989073153,Health Conscious Buyers Interest Segment,129797637267,Price Drop Cut Direct Voice,427393915834,Brand Awareness,2.915442,260,0,0,1,0.5967,2.8235,1.7308,1.4618,0,123,0,0,0,0,0,0,138,1.595,0,0,0,0,0
2026-05-06,Display Network,Family Pantry Retention Initiative,Metro Region Loyalty Cohort,76989073153,Family Planners Lookalike Segment,173919843420,Price Drop Cut Direct Voice,879576218036,Brand Awareness,52.677200,6104,3,0,8,1.1962,3.8219,1.5064,1.2527,0,3583,0,0,0,0,0,0,3313,1.7678,0,0,0,0,0
2026-05-06,In-App Display,Family Pantry Retention Initiative,Metro Region Loyalty Cohort,77398847093,Bulk Buyers Retention Segment,307152132159,Offer Spotlight Warm Voice,517946828686,Brand Awareness,143.616564,57094,2,0,73,1.6137,3.0040,2.1117,1.3436,0,15637,0,0,0,0,0,0,23146,2.693,0,0,0,0,0
2026-05-06,Marketplace Feed,Family Pantry Retention Initiative,Metro Region Loyalty Cohort,77398847093,Health Conscious Buyers Interest Segment,141572802958,Offer Spotlight Warm Voice,658353299387,Brand Awareness,146.862799,37538,2,0,49,1.4940,2.7326,1.938,1.6998,0,18130,0,0,0,0,0,0,22610,2.9696,0,0,0,0,0
2026-05-06,In-App Display,Family Pantry Retention Initiative,Metro Region Loyalty Cohort,77398847093,Family Planners Lookalike Segment,113147269491,Offer Spotlight Warm Voice,121759510249,Brand Awareness,196.174834,58016,1,0,168,1.3111,2.7170,1.7196,1.3296,0,12088,0,0,0,0,0,0,20243,3.2846,0,0,0,0,0
2026-05-05,Discovery Network,Family Pantry Retention Initiative,Metro Region Loyalty Cohort,77398847093,Bulk Buyers Retention Segment,307152132159,Offer Spotlight Warm Voice,517946828686,Brand Awareness,285.899664,85984,3,0,171,1.4924,3.3357,2.1515,1.8680,0,30499,0,0,0,0,0,0,40485,3.971,0,0,0,0,0
2026-05-05,Connected TV,Family Pantry Retention Initiative,Metro Region Loyalty Cohort,77398847093,Family Planners Lookalike Segment,113147269491,Offer Spotlight Warm Voice,121759510249,Brand Awareness,222.978664,36260,0,0,103,1.6605,3.1155,1.9918,1.4711,0,13084,0,0,0,0,0,0,19217,4.1300,0,0,0,0,0
2026-05-05,Retail Media Network,Home Essentials Promo Initiative,Metro Region Loyalty Cohort,58968315460,Health Conscious Buyers Interest Segment,183550986986,Shelf Story Bold Voice,183764653814,Brand Awareness,5.295172,218,1,0,1,1.309,2.0405,1.7092,1.2052,0,99,0,0,0,0,0,0,130,1.4294,0,0,0,0,0
2026-05-05,Marketplace Feed,Family Pantry Retention Initiative,Metro Region Loyalty Cohort,77398847093,Health Conscious Buyers Interest Segment,141572802958,Offer Spotlight Warm Voice,658353299387,Brand Awareness,15.916392,1876,0,0,6,1.2717,2.4169,1.9305,1.5721,0,875,0,0,0,0,0,0,1103,1.933,0,0,0,0,0
2026-05-05,Connected TV,Home Essentials Promo Initiative,Metro Region Loyalty Cohort,58968315460,Family Planners Lookalike Segment,170587862312,Shelf Story Bold Voice,411961161763,Brand Awareness,141.26934,54561,71,0,71,0.7088,3.7810,1.5224,1.06,0,7453,0,0,0,0,0,0,10826,1.3889,0,0,0,0,0
2026-05-05,Video Network,Home Essentials Promo Initiative,Metro Region Loyalty Cohort,58968315460,Bulk Buyers Retention Segment,180412210749,Shelf Story Bold Voice,575824304867,Brand Awareness,37.766769,2470,2,0,2,0.9706,4.6535,1.3770,1.0877,0,949,0,0,0,0,0,0,1142,1.1194,0,0,0,0,0
2026-05-05,Connected TV,Family Pantry Retention Initiative,Metro Region Loyalty Cohort,87026041619,Family Planners Lookalike Segment,141496402615,Shelf Story Warm Voice,182751913314,Brand Awareness,58.240690,12167,3,0,10,0.6577,2.3220,1.0817,0.7749,0,2617,0,0,0,0,0,0,3809,1.9017,0,0,0,0,0
2026-05-05,Social Feed,Family Pantry Retention Initiative,Metro Region Loyalty Cohort,87026041619,Bulk Buyers Retention Segment,619759248731,Shelf Story Warm Voice,171194746764,Brand Awareness,59.253849,13193,5,0,16,0.6697,1.9273,1.0714,0.5935,0,1930,0,0,0,0,0,0,3134,1.4426,0,0,0,0,0
2026-05-05,Influencer Network,Family Pantry Retention Initiative,Metro Region Loyalty Cohort,87026041619,Health Conscious Buyers Interest Segment,818534359029,Shelf Story Warm Voice,114122319684,Brand Awareness,63.987124,17076,22,0,50,0.5288,1.2103,0.7691,0.5615,0,5870,0,0,0,0,0,0,8083,1.2407,0,0,0,0,0
2026-05-04,Affiliate Network,Family Pantry Retention Initiative,Metro Region Loyalty Cohort,77398847093,Family Planners Lookalike Segment,113147269491,Offer Spotlight Warm Voice,121759510249,Brand Awareness,234.192042,41290,1,0,185,1.5338,3.9672,2.3333,1.888,0,19488,0,0,0,0,0,0,25513,4.4017,0,0,0,0,0
2026-05-04,Retail Media Network,Family Pantry Retention Initiative,Metro Region Loyalty Cohort,77398847093,Bulk Buyers Retention Segment,307152132159,Offer Spotlight Warm Voice,517946828686,Brand Awareness,272.28602,60125,1,0,177,2.0360,3.4353,2.4191,2.1246,0,26881,0,0,0,0,0,0,32985,4.513,0,0,0,0,0
2026-05-04,Connected TV,Family Pantry Retention Initiative,Metro Region Loyalty Cohort,77398847093,Health Conscious Buyers Interest Segment,141572802958,Offer Spotlight Warm Voice,658353299387,Brand Awareness,10.601377,1585,0,0,2,1.1428,2.7031,1.5465,1.2659,0,652,0,0,0,0,0,0,766,4.1052,0,0,0,0,0
2026-05-04,Affiliate Network,Family Pantry Retention Initiative,Metro Region Loyalty Cohort,87026041619,Health Conscious Buyers Interest Segment,818534359029,Shelf Story Warm Voice,114122319684,Brand Awareness,55.908672,11024,12,0,22,0.5989,1.125,0.6818,0.5235,0,4161,0,0,0,0,0,0,5157,1.2697,0,0,0,0,0
2026-05-04,Social Feed,Family Pantry Retention Initiative,Metro Region Loyalty Cohort,87026041619,Family Planners Lookalike Segment,141496402615,Shelf Story Warm Voice,182751913314,Brand Awareness,73.079857,17215,3,0,14,1.4917,2.908,1.6540,1.6028,0,2619,0,0,0,0,0,0,3976,1.6876,0,0,0,0,0
2026-05-04,Search Network,Family Pantry Retention Initiative,Metro Region Loyalty Cohort,87026041619,Bulk Buyers Retention Segment,619759248731,Shelf Story Warm Voice,171194746764,Brand Awareness,67.291497,12212,2,0,11,0.9271,2.2439,1.0877,0.943,0,2121,0,0,0,0,0,0,2899,1.749,0,0,0,0,0
2026-05-04,Social Feed,Home Essentials Promo Initiative,Metro Region Loyalty Cohort,58968315460,Family Planners Lookalike Segment,170587862312,Shelf Story Bold Voice,411961161763,Brand Awareness,195.768200,64411,67,0,123,1.5856,4.3626,2.7211,2.1311,0,9505,0,0,0,0,0,0,17458,2.1429,0,0,0,0,0
2026-05-03,Display Network,Family Pantry Retention Initiative,Metro Region Loyalty Cohort,77398847093,Family Planners Lookalike Segment,113147269491,Offer Spotlight Warm Voice,121759510249,Brand Awareness,233.416712,58200,0,0,112,1.7632,4.553,2.5510,1.6619,0,26909,0,0,0,0,0,0,29886,5.5105,0,0,0,0,0
2026-05-03,Video Network,Family Pantry Retention Initiative,Metro Region Loyalty Cohort,77398847093,Bulk Buyers Retention Segment,307152132159,Offer Spotlight Warm Voice,517946828686,Brand Awareness,241.001641,67515,2,0,137,1.8797,3.3638,2.4743,1.9088,0,25250,0,0,0,0,0,0,30474,4.3887,0,0,0,0,0
2026-05-03,Discovery Network,Family Pantry Retention Initiative,Metro Region Loyalty Cohort,77398847093,Health Conscious Buyers Interest Segment,141572802958,Offer Spotlight Warm Voice,658353299387,Brand Awareness,29.557509,27612,16,0,8,1.330,2.353,1.7546,1.3766,0,1488,0,0,0,0,0,0,2131,1.8133,0,0,0,0,0
2026-05-03,In-App Display,Family Pantry Retention Initiative,Metro Region Loyalty Cohort,87026041619,Family Planners Lookalike Segment,141496402615,Shelf Story Warm Voice,182751913314,Brand Awareness,48.300176,10292,7,0,18,0.6189,2.1383,0.9190,0.7531,0,1481,0,0,0,0,0,0,2467,1.5128,0,0,0,0,0
2026-05-03,Retail Media Network,Family Pantry Retention Initiative,Metro Region Loyalty Cohort,87026041619,Bulk Buyers Retention Segment,619759248731,Shelf Story Warm Voice,171194746764,Brand Awareness,103.758257,25050,5,0,19,1.298,2.4975,1.7237,1.3932,0,3120,0,0,0,0,0,0,4294,1.1237,0,0,0,0,0
2026-05-03,Affiliate Network,Home Essentials Promo Initiative,Metro Region Loyalty Cohort,58968315460,Family Planners Lookalike Segment,170587862312,Shelf Story Bold Voice,411961161763,Brand Awareness,205.340096,68517,46,0,112,1.5450,4.1547,2.8790,1.8204,0,10523,0,0,0,0,0,0,13754,1.3753,0,0,0,0,0
2026-05-03,In-App Display,Family Pantry Retention Initiative,Metro Region Loyalty Cohort,87026041619,Health Conscious Buyers Interest Segment,818534359029,Shelf Story Warm Voice,114122319684,Brand Awareness,45.73931,13352,11,0,23,0.4972,1.0767,0.6585,0.5516,0,3822,0,0,0,0,0,0,4271,1.0158,0,0,1,0,0
2026-05-02,Shopping Grid,Family Pantry Retention Initiative,Metro Region Loyalty Cohort,87026041619,Health Conscious Buyers Interest Segment,818534359029,Shelf Story Warm Voice,114122319684,Brand Awareness,49.741372,5034,5,0,9,0.584,1.0695,0.7074,0.5292,0,1702,0,0,0,0,0,0,2241,1.0376,0,0,0,0,0
2026-05-02,Video Network,Home Essentials Promo Initiative,Metro Region Loyalty Cohort,58968315460,Family Planners Lookalike Segment,170587862312,Shelf Story Bold Voice,411961161763,Brand Awareness,184.987068,73903,53,0,102,1.816,4.5933,2.4913,1.7125,0,10005,0,0,0,0,0,0,14487,1.650,0,0,0,0,0
2026-05-02,In-App Display,Family Pantry Retention Initiative,Metro Region Loyalty Cohort,77398847093,Family Planners Lookalike Segment,113147269491,Offer Spotlight Warm Voice,121759510249,Brand Awareness,212.754410,56048,2,0,124,1.5863,4.1960,3.0407,2.4229,0,20967,0,0,0,0,0,0,28157,5.7104,0,0,0,0,0
2026-05-02,Search Network,Family Pantry Retention Initiative,Metro Region Loyalty Cohort,77398847093,Bulk Buyers Retention Segment,307152132159,Offer Spotlight Warm Voice,517946828686,Brand Awareness,292.491996,62368,12,0,104,1.2654,2.4320,1.7000,1.4854,0,20044,0,0,0,0,0,0,25637,3.0242,0,0,0,0,0
2026-05-02,Marketplace Feed,Family Pantry Retention Initiative,Metro Region Loyalty Cohort,77398847093,Health Conscious Buyers Interest Segment,141572802958,Offer Spotlight Warm Voice,658353299387,Brand Awareness,36.078196,3730,0,0,2,1.1481,2.3981,1.4540,1.2477,0,1176,0,0,0,0,0,0,1316,1.9212,0,0,0,0,0
2026-05-02,In-App Display,Family Pantry Retention Initiative,Metro Region Loyalty Cohort,87026041619,Family Planners Lookalike Segment,141496402615,Shelf Story Warm Voice,182751913314,Brand Awareness,88.64812,21113,20,0,41,1.5494,3.2578,1.8074,1.3462,0,3722,0,0,0,0,0,0,6052,1.3829,0,0,0,0,0
2026-05-02,Retail Media Network,Family Pantry Retention Initiative,Metro Region Loyalty Cohort,87026041619,Bulk Buyers Retention Segment,619759248731,Shelf Story Warm Voice,171194746764,Brand Awareness,54.414485,9650,1,0,6,0.6271,1.8178,0.824,0.6961,0,1639,0,0,0,0,0,0,2180,1.2375,0,0,0,0,0
2026-05-01,Marketplace Feed,Home Essentials Promo Initiative,Metro Region Loyalty Cohort,58968315460,Family Planners Lookalike Segment,170587862312,Shelf Story Bold Voice,411961161763,Brand Awareness,169.865348,72161,49,0,145,1.5397,4.3709,2.6185,1.81,0,12174,0,0,0,0,0,0,16418,1.3696,0,0,0,0,0
2026-05-01,Connected TV,Family Pantry Retention Initiative,Metro Region Loyalty Cohort,77398847093,Family Planners Lookalike Segment,113147269491,Offer Spotlight Warm Voice,121759510249,Brand Awareness,275.821256,89296,3,0,206,1.6861,2.8068,2.1737,1.5981,0,43561,0,0,0,0,0,0,44354,3.2434,0,0,0,0,0
2026-05-01,Search Network,Family Pantry Retention Initiative,Metro Region Loyalty Cohort,77398847093,Bulk Buyers Retention Segment,307152132159,Offer Spotlight Warm Voice,517946828686,Brand Awareness,203.759399,35413,2,0,91,1.2265,2.430,1.7861,1.5003,0,10168,0,0,0,0,0,0,12483,3.4917,0,0,0,0,0
2026-05-01,Search Network,Family Pantry Retention Initiative,Metro Region Loyalty Cohort,77398847093,Health Conscious Buyers Interest Segment,141572802958,Offer Spotlight Warm Voice,658353299387,Brand Awareness,18.251646,2516,0,0,5,1.0542,2.3163,1.5068,1.3154,0,1030,0,0,0,0,0,0,1231,2.6038,0,0,0,0,0
2026-05-01,Shopping Grid,Family Pantry Retention Initiative,Metro Region Loyalty Cohort,87026041619,Family Planners Lookalike Segment,141496402615,Shelf Story Warm Voice,182751913314,Brand Awareness,81.500070,11527,10,0,21,1.4500,3.4684,1.9491,1.6268,0,2719,0,0,0,0,0,0,4198,1.4994,0,0,0,0,0
2026-05-01,Social Feed,Family Pantry Retention Initiative,Metro Region Loyalty Cohort,87026041619,Health Conscious Buyers Interest Segment,818534359029,Shelf Story Warm Voice,114122319684,Brand Awareness,64.742009,14142,22,0,42,0.6056,1.3280,0.823,0.6457,0,4671,0,0,0,0,0,0,6402,1.018,0,0,0,0,0
2026-05-01,In-App Display,Family Pantry Retention Initiative,Metro Region Loyalty Cohort,87026041619,Bulk Buyers Retention Segment,619759248731,Shelf Story Warm Voice,171194746764,Brand Awareness,55.792771,10652,8,0,15,1.4294,3.033,1.8898,1.3226,0,2041,0,0,0,0,0,0,2718,1.3080,0,0,0,0,0
2026-05-31,Social Feed,Family Pantry Retention Initiative,Metro Region Loyalty Cohort,18477671,Weekend Deal Hunters Interest Segment,174176954196329732,Shelf Story Warm Voice,925460221944962698,Brand Awareness,48.21,6947,0,6332,471,57,100,100,79,0,1091,1057,5499,0,0,0,375,2716,0,0,0,0,0,0
2026-05-31,In-App Display,Family Pantry Retention Initiative,Metro Region Loyalty Cohort,18477671,Quick Refill Buyers Retention Segment,513232078006145092,Shelf Story Warm Voice,133729297815049595,Brand Awareness,28.35,3654,0,3044,258,24,100,100,27,0,548,460,2976,0,0,0,244,1326,0,0,0,0,0,0
2026-05-31,Discovery Network,Home Essentials Scale Initiative,Metro Region Loyalty Cohort,18477671,Family Planners Lookalike Segment,446016762288579880,Shelf Story Bold Voice,113800263724801222,Brand Awareness,57.17,15021,0,13505,531,0,0,0,0,0,0,0,0,0,0,0,484,389,0,0,0,0,0,0
2026-05-31,Marketplace Feed,Home Essentials Scale Initiative,Metro Region Loyalty Cohort,18477671,Quick Refill Buyers Retention Segment,680094259900990869,Shelf Story Bold Voice,769886055999783877,Brand Awareness,56.32,13661,0,13351,485,0,0,0,0,0,0,0,0,0,0,0,459,391,0,0,0,0,0,0
2026-05-31,Social Feed,Market Fresh Demand Initiative,Metro Region Prospecting Cohort,18477671,Weekend Deal Hunters Interest Segment,161376797460090312,Product Reel Bold Voice,509760748397830743,Brand Awareness,28.23,22896,0,25237,68,0,0,0,0,0,0,0,0,0,0,1,22,32,0,0,0,0,0,0
2026-05-31,Retail Media Network,Market Fresh Demand Initiative,Metro Region Prospecting Cohort,18477671,Health Conscious Buyers Interest Segment,111425641592502989,Product Reel Bold Voice,973295260612807555,Brand Awareness,35.08,34380,0,31254,56,0,0,0,0,0,0,0,0,0,0,0,28,27,0,0,0,0,0,0
2026-05-31,Affiliate Network,Home Essentials Promo Initiative,East Region Prospecting Cohort,18477671,Bulk Buyers Retention Segment,248674078184555859,Offer Spotlight Bold Voice,452112915739182326,Brand Awareness,75.68,45087,0,44127,86,6,56,14,5,0,6,5,354,0,0,0,14,78,0,0,0,0,0,0
2026-05-31,Shopping Grid,Home Essentials Promo Initiative,East Region Prospecting Cohort,18477671,Family Planners Interest Segment,126757682204121107,Offer Spotlight Bold Voice,121926468845256924,Brand Awareness,56.45,36122,0,41607,33,2,20,6,2,0,2,2,267,0,0,0,6,36,0,0,0,0,0,0
2026-05-31,Influencer Network,Home Essentials Promo Initiative,East Region Prospecting Cohort,18477671,Health Conscious Buyers Interest Segment,159890011514394505,Offer Spotlight Bold Voice,142381176949482591,Brand Awareness,5.13,3985,0,4081,11,1,9,3,1,0,1,1,37,0,0,0,2,11,0,0,0,0,0,0
2026-05-31,Connected TV,Home Essentials Promo Initiative,East Region Prospecting Cohort,18477671,Health Conscious Buyers Interest Segment,364535938237621249,Offer Spotlight Bold Voice,103276194285622030,Brand Awareness,0.39,337,0,388,0,1,4,1,1,0,1,1,12,0,0,0,0,4,0,0,0,0,0,0
2026-05-31,Connected TV,Seasonal Select Demand Initiative,Metro Region Loyalty Cohort,18477671,Quick Refill Buyers Retention Segment,185265442205907450,Offer Spotlight Bold Voice,966012141165852674,Brand Awareness,13.95,891,0,219,0,100,100,100,100,0,880,705,883,0,0,0,0,864,0,0,0,0,0,0
2026-05-31,Retail Media Network,Smart Choice Impact Initiative,East Region Prospecting Cohort,18477671,Health Conscious Buyers Interest Segment,762486691540035959,Shelf Story Warm Voice,410836238484767847,Brand Awareness,0.18,148,0,127,0,0,1,0,0,0,0,0,111,0,0,0,0,18,0,0,0,0,0,0
2026-05-31,Video Network,Smart Choice Impact Initiative,East Region Prospecting Cohort,18477671,Health Conscious Buyers Interest Segment,950593568547477339,Shelf Story Warm Voice,776672657555918232,Brand Awareness,1.39,942,0,793,4,0,8,3,0,0,7,6,749,0,0,0,0,83,0,0,0,0,0,0
2026-05-31,Search Network,Seasonal Select Demand Initiative,Metro Region Loyalty Cohort,18477671,Health Conscious Buyers Interest Segment,282702381896898873,Offer Spotlight Bold Voice,819625215333485369,Brand Awareness,55.72,4102,0,2212,5,100,100,100,100,0,3039,2874,3759,0,0,0,5,3246,0,0,0,0,0,0
2026-05-31,Marketplace Feed,Seasonal Select Demand Initiative,Metro Region Loyalty Cohort,18477671,Weekend Deal Hunters Interest Segment,139993609999854281,Offer Spotlight Bold Voice,114177678369764321,Brand Awareness,128.67,6931,0,2404,8,100,100,100,100,0,6746,5785,6837,0,0,0,6,6112,0,0,0,0,0,0
2026-05-31,Connected TV,Smart Choice Impact Initiative,East Region Prospecting Cohort,18477671,Family Planners Interest Segment,373256667201293858,Shelf Story Warm Voice,883079818290164457,Brand Awareness,62,44090,0,45178,86,19,100,60,26,0,185,173,36340,0,0,0,8,2365,0,0,0,0,0,0
2026-05-31,Social Feed,Family Pantry Retention Initiative,Metro Region Loyalty Cohort,18477671,Family Planners Lookalike Segment,131110122694256392,Shelf Story Warm Voice,585790054530420953,Brand Awareness,43.13,6340,0,5477,330,100,100,100,100,0,744,690,5726,0,0,0,349,2427,0,0,0,0,0,0
2026-05-31,Connected TV,Home Essentials Scale Initiative,Metro Region Loyalty Cohort,18477671,Weekend Deal Hunters Interest Segment,377247011822843168,Shelf Story Bold Voice,643135492237413482,Brand Awareness,56.97,14518,0,8923,512,0,0,0,0,0,0,0,0,0,0,0,503,452,0,0,0,0,0,0
2026-05-31,Shopping Grid,Home Essentials Scale Initiative,Metro Region Loyalty Cohort,18477671,Health Conscious Buyers Interest Segment,159508469974487548,Shelf Story Bold Voice,113329620542890551,Brand Awareness,60.55,21897,0,20254,567,0,0,0,0,0,0,0,0,0,0,0,498,440,0,0,0,0,0,0
2026-05-31,Search Network,Smart Choice Impact Initiative,East Region Prospecting Cohort,18477671,Bulk Buyers Retention Segment,727021043852924192,Shelf Story Warm Voice,133409347016678165,Brand Awareness,54.46,38981,0,38083,70,17,100,51,27,0,191,165,34775,0,0,0,7,2178,0,0,0,0,0,0
2026-05-30,Discovery Network,Home Essentials Promo Initiative,East Region Prospecting Cohort,18477671,Health Conscious Buyers Interest Segment,364535938237621249,Offer Spotlight Bold Voice,103276194285622030,Brand Awareness,0.41,272,0,308,0,0,5,1,0,0,0,0,10,0,0,0,0,3,0,0,0,0,0,0
2026-05-30,Video Network,Smart Choice Impact Initiative,East Region Prospecting Cohort,18477671,Bulk Buyers Retention Segment,727021043852924192,Shelf Story Warm Voice,133409347016678165,Brand Awareness,48.47,36439,0,35562,54,26,100,63,36,0,148,116,29611,0,0,0,8,1723,0,0,0,0,0,0
2026-05-30,In-App Display,Smart Choice Impact Initiative,East Region Prospecting Cohort,18477671,Health Conscious Buyers Interest Segment,762486691540035959,Shelf Story Warm Voice,410836238484767847,Brand Awareness,0.15,99,0,96,0,0,0,0,0,0,0,0,88,0,0,0,0,6,0,0,0,0,0,0
2026-05-30,Discovery Network,Smart Choice Impact Initiative,East Region Prospecting Cohort,18477671,Family Planners Interest Segment,373256667201293858,Shelf Story Warm Voice,883079818290164457,Brand Awareness,73.3,47040,0,46825,93,37,100,65,46,0,226,233,39478,0,0,0,12,2562,0,0,0,0,0,0
2026-05-30,In-App Display,Seasonal Select Demand Initiative,Metro Region Loyalty Cohort,18477671,Quick Refill Buyers Retention Segment,185265442205907450,Offer Spotlight Bold Voice,966012141165852674,Brand Awareness,5.60,336,0,119,1,100,100,100,100,0,263,280,343,0,0,0,1,328,0,0,0,0,0,0
2026-05-30,Retail Media Network,Seasonal Select Demand Initiative,Metro Region Loyalty Cohort,18477671,Health Conscious Buyers Interest Segment,282702381896898873,Offer Spotlight Bold Voice,819625215333485369,Brand Awareness,103.47,6616,0,2826,7,100,100,100,100,0,6240,5146,7014,0,0,0,5,5514,0,0,0,0,0,0
2026-05-30,Social Feed,Seasonal Select Demand Initiative,Metro Region Loyalty Cohort,18477671,Weekend Deal Hunters Interest Segment,139993609999854281,Offer Spotlight Bold Voice,114177678369764321,Brand Awareness,128.84,8555,0,3792,5,100,100,100,100,0,8486,6813,8006,0,0,0,4,7869,0,0,0,0,0,0
2026-05-30,In-App Display,Family Pantry Retention Initiative,Metro Region Loyalty Cohort,18477671,Weekend Deal Hunters Interest Segment,174176954196329732,Shelf Story Warm Voice,925460221944962698,Brand Awareness,109.5,13536,0,12109,1021,100,100,100,100,0,2714,2789,12463,0,0,0,1088,6715,0,0,0,0,0,0
2026-05-30,Marketplace Feed,Family Pantry Retention Initiative,Metro Region Loyalty Cohort,18477671,Health Conscious Buyers Interest Segment,831767333222217053,Shelf Story Warm Voice,982160139961136392,Brand Awareness,17.47,2227,0,1833,159,35,100,100,41,0,369,351,1785,0,0,0,127,895,0,0,0,0,0,0
2026-05-30,Search Network,Family Pantry Retention Initiative,Metro Region Loyalty Cohort,18477671,Quick Refill Buyers Retention Segment,513232078006145092,Shelf Story Warm Voice,133729297815049595,Brand Awareness,10.56,1660,0,1417,125,12,100,100,13,0,206,191,1686,0,0,0,106,574,0,0,0,0,0,0
2026-05-30,Search Network,Family Pantry Retention Initiative,Metro Region Loyalty Cohort,18477671,Family Planners Lookalike Segment,131110122694256392,Shelf Story Warm Voice,585790054530420953,Brand Awareness,11.0,1625,0,1082,97,16,100,87,21,0,74,62,1484,0,0,0,96,374,0,0,0,0,0,0
2026-05-30,In-App Display,Home Essentials Scale Initiative,Metro Region Loyalty Cohort,18477671,Weekend Deal Hunters Interest Segment,377247011822843168,Shelf Story Bold Voice,643135492237413482,Brand Awareness,75.81,17330,0,9812,592,0,0,0,0,0,0,0,0,1,0,0,590,481,0,0,0,0,0,0
2026-05-30,Connected TV,Home Essentials Scale Initiative,Metro Region Loyalty Cohort,18477671,Family Planners Lookalike Segment,446016762288579880,Shelf Story Bold Voice,113800263724801222,Brand Awareness,31.49,11112,0,10950,279,0,0,0,0,0,0,0,0,0,0,0,225,198,0,0,0,0,0,0
2026-05-30,Social Feed,Home Essentials Scale Initiative,Metro Region Loyalty Cohort,18477671,Health Conscious Buyers Interest Segment,159508469974487548,Shelf Story Bold Voice,113329620542890551,Brand Awareness,71.81,26418,0,20991,713,0,0,0,0,0,0,0,0,0,0,0,456,468,0,0,0,0,0,0
2026-05-30,Discovery Network,Market Fresh Demand Initiative,Metro Region Prospecting Cohort,18477671,Weekend Deal Hunters Interest Segment,161376797460090312,Product Reel Bold Voice,509760748397830743,Brand Awareness,20.09,15134,0,15875,15,0,0,0,0,0,0,0,0,0,0,0,12,10,0,0,0,0,0,0
2026-05-30,Connected TV,Home Essentials Promo Initiative,East Region Prospecting Cohort,18477671,Bulk Buyers Retention Segment,248674078184555859,Offer Spotlight Bold Voice,452112915739182326,Brand Awareness,58.63,44378,0,46577,57,10,89,32,12,0,10,8,496,0,0,0,13,132,0,0,0,0,0,0
2026-05-30,Affiliate Network,Home Essentials Promo Initiative,East Region Prospecting Cohort,18477671,Family Planners Interest Segment,126757682204121107,Offer Spotlight Bold Voice,121926468845256924,Brand Awareness,62.18,43969,0,50068,62,9,100,27,10,0,8,7,637,0,0,0,22,184,0,0,0,0,0,0
2026-05-30,Discovery Network,Smart Choice Impact Initiative,East Region Prospecting Cohort,18477671,Health Conscious Buyers Interest Segment,950593568547477339,Shelf Story Warm Voice,776672657555918232,Brand Awareness,1.79,1469,0,1343,3,1,11,3,2,0,9,9,1153,0,0,0,1,90,0,0,0,0,0,0
2026-05-30,Connected TV,Market Fresh Demand Initiative,Metro Region Prospecting Cohort,18477671,Health Conscious Buyers Interest Segment,111425641592502989,Product Reel Bold Voice,973295260612807555,Brand Awareness,43.52,36715,0,37790,54,0,0,0,0,0,0,0,0,0,0,0,9,19,0,0,0,0,0,0
2026-05-30,In-App Display,Home Essentials Scale Initiative,Metro Region Loyalty Cohort,18477671,Quick Refill Buyers Retention Segment,680094259900990869,Shelf Story Bold Voice,769886055999783877,Brand Awareness,87.43,26818,0,22146,894,0,0,0,0,0,0,0,0,0,0,2,572,573,0,0,0,0,0,0
2026-05-30,Discovery Network,Home Essentials Promo Initiative,East Region Prospecting Cohort,18477671,Health Conscious Buyers Interest Segment,159890011514394505,Offer Spotlight Bold Voice,142381176949482591,Brand Awareness,6.6,3989,0,4939,12,1,13,3,1,0,1,1,44,0,0,0,2,13,0,0,0,0,0,0
2026-05-30,Connected TV,Family Pantry Retention Initiative,Metro Region Loyalty Cohort,18477671,Weekend Deal Hunters Interest Segment,529329479889645863,Offer Spotlight Value Voice,160471836563128672,Brand Awareness,0,0,0,0,0,0,0,0,0,0,0,0,0,0,0,0,0,0,0,0,0,0,0,0
2026-05-29,Connected TV,Family Pantry Retention Initiative,Metro Region Loyalty Cohort,18477671,Weekend Deal Hunters Interest Segment,174176954196329732,Shelf Story Warm Voice,925460221944962698,Brand Awareness,86.93,8802,0,9907,703,100,100,100,100,0,2160,2092,9702,0,0,0,741,4392,0,0,0,0,0,0
2026-05-29,Retail Media Network,Family Pantry Retention Initiative,Metro Region Loyalty Cohort,18477671,Health Conscious Buyers Interest Segment,831767333222217053,Shelf Story Warm Voice,982160139961136392,Brand Awareness,22.78,2832,0,2711,201,63,100,100,82,0,577,571,3069,0,0,0,209,1515,0,0,0,0,0,0
2026-05-29,Marketplace Feed,Family Pantry Retention Initiative,Metro Region Loyalty Cohort,18477671,Quick Refill Buyers Retention Segment,513232078006145092,Shelf Story Warm Voice,133729297815049595,Brand Awareness,11.57,1414,0,1211,125,4,100,100,7,0,168,183,1551,0,0,0,109,510,0,0,0,0,0,0
2026-05-29,Marketplace Feed,Family Pantry Retention Initiative,Metro Region Loyalty Cohort,18477671,Family Planners Lookalike Segment,131110122694256392,Shelf Story Warm Voice,585790054530420953,Brand Awareness,6.87,766,0,745,46,7,58,19,7,0,20,20,709,0,0,0,80,187,0,0,0,0,0,0
2026-05-29,Retail Media Network,Home Essentials Scale Initiative,Metro Region Loyalty Cohort,18477671,Weekend Deal Hunters Interest Segment,377247011822843168,Shelf Story Bold Voice,643135492237413482,Brand Awareness,55.4,9784,0,5911,432,0,0,0,0,0,0,0,0,0,0,0,496,381,0,0,0,0,0,0
2026-05-29,Influencer Network,Home Essentials Scale Initiative,Metro Region Loyalty Cohort,18477671,Quick Refill Buyers Retention Segment,680094259900990869,Shelf Story Bold Voice,769886055999783877,Brand Awareness,51.4,15218,0,10524,532,0,0,0,0,0,0,0,0,0,0,0,370,386,0,0,0,0,0,0
2026-05-29,Connected TV,Market Fresh Demand Initiative,Metro Region Prospecting Cohort,18477671,Weekend Deal Hunters Interest Segment,161376797460090312,Product Reel Bold Voice,509760748397830743,Brand Awareness,19.94,17301,0,15928,39,0,0,0,0,0,0,0,0,0,0,0,18,21,0,0,0,0,0,0
2026-05-29,Video Network,Market Fresh Demand Initiative,Metro Region Prospecting Cohort,18477671,Health Conscious Buyers Interest Segment,111425641592502989,Product Reel Bold Voice,973295260612807555,Brand Awareness,47.81,36895,0,37918,60,0,0,0,0,0,0,0,0,1,0,0,18,28,0,0,0,0,0,0
2026-05-29,In-App Display,Home Essentials Promo Initiative,East Region Prospecting Cohort,18477671,Bulk Buyers Retention Segment,248674078184555859,Offer Spotlight Bold Voice,452112915739182326,Brand Awareness,53.69,32100,0,40111,33,3,41,9,5,0,3,2,237,0,0,0,4,55,0,0,0,0,0,0
2026-05-29,Social Feed,Home Essentials Promo Initiative,East Region Prospecting Cohort,18477671,Family Planners Interest Segment,126757682204121107,Offer Spotlight Bold Voice,121926468845256924,Brand Awareness,64.09,44622,0,53364,67,3,88,19,6,0,3,2,381,0,0,0,15,108,0,0,0,0,0,0
2026-05-29,In-App Display,Home Essentials Promo Initiative,East Region Prospecting Cohort,18477671,Health Conscious Buyers Interest Segment,159890011514394505,Offer Spotlight Bold Voice,142381176949482591,Brand Awareness,5.83,4351,0,4033,5,0,5,0,0,0,0,0,27,0,0,0,1,7,0,0,0,0,0,0
2026-05-29,Discovery Network,Home Essentials Promo Initiative,East Region Prospecting Cohort,18477671,Health Conscious Buyers Interest Segment,364535938237621249,Offer Spotlight Bold Voice,103276194285622030,Brand Awareness,0.22,196,0,201,0,0,1,0,0,0,0,0,3,0,0,0,0,1,0,0,0,0,0,0
2026-05-29,Video Network,Smart Choice Impact Initiative,East Region Prospecting Cohort,18477671,Health Conscious Buyers Interest Segment,762486691540035959,Shelf Story Warm Voice,410836238484767847,Brand Awareness,0.21,190,0,199,0,1,2,1,1,0,2,2,167,0,0,0,0,12,0,0,0,0,0,0
2026-05-29,Marketplace Feed,Smart Choice Impact Initiative,East Region Prospecting Cohort,18477671,Health Conscious Buyers Interest Segment,950593568547477339,Shelf Story Warm Voice,776672657555918232,Brand Awareness,2.40,2190,0,1790,2,2,13,4,2,0,13,11,1777,0,0,0,0,150,0,0,0,0,0,0
2026-05-29,Retail Media Network,Seasonal Select Demand Initiative,Metro Region Loyalty Cohort,18477671,Quick Refill Buyers Retention Segment,185265442205907450,Offer Spotlight Bold Voice,966012141165852674,Brand Awareness,2.92,320,0,283,1,100,100,100,100,0,134,132,280,0,0,0,1,220,0,0,0,0,0,0
2026-05-29,Marketplace Feed,Seasonal Select Demand Initiative,Metro Region Loyalty Cohort,18477671,Health Conscious Buyers Interest Segment,282702381896898873,Offer Spotlight Bold Voice,819625215333485369,Brand Awareness,120.7,11753,0,10438,32,100,100,100,100,0,5968,5620,13371,0,0,0,29,8984,0,0,0,0,0,0
2026-05-29,In-App Display,Home Essentials Scale Initiative,Metro Region Loyalty Cohort,18477671,Family Planners Lookalike Segment,446016762288579880,Shelf Story Bold Voice,113800263724801222,Brand Awareness,43.71,7206,0,5677,375,0,0,0,0,0,0,0,0,0,0,0,395,354,0,0,0,0,0,0
2026-05-29,Shopping Grid,Seasonal Select Demand Initiative,Metro Region Loyalty Cohort,18477671,Weekend Deal Hunters Interest Segment,139993609999854281,Offer Spotlight Bold Voice,114177678369764321,Brand Awareness,110.05,9946,0,8588,88,100,100,100,100,0,5769,4291,9958,0,0,0,79,5651,0,0,0,0,0,0
2026-05-29,Retail Media Network,Smart Choice Impact Initiative,East Region Prospecting Cohort,18477671,Family Planners Interest Segment,373256667201293858,Shelf Story Warm Voice,883079818290164457,Brand Awareness,43.71,31491,0,30102,76,15,100,34,20,0,136,125,30933,0,0,0,10,1641,0,0,0,0,0,0
2026-05-29,Retail Media Network,Smart Choice Impact Initiative,East Region Prospecting Cohort,18477671,Bulk Buyers Retention Segment,727021043852924192,Shelf Story Warm Voice,133409347016678165,Brand Awareness,60.93,43833,0,44688,62,19,100,59,26,0,207,188,33936,0,0,0,10,2287,0,0,0,0,0,0
2026-05-29,Marketplace Feed,Home Essentials Scale Initiative,Metro Region Loyalty Cohort,18477671,Health Conscious Buyers Interest Segment,159508469974487548,Shelf Story Bold Voice,113329620542890551,Brand Awareness,74.53,20925,0,16820,570,0,0,0,0,0,0,0,0,2,0,0,595,530,0,0,0,0,0,0
2026-05-28,Retail Media Network,Family Pantry Retention Initiative,Metro Region Loyalty Cohort,18477671,Health Conscious Buyers Interest Segment,831767333222217053,Shelf Story Warm Voice,982160139961136392,Brand Awareness,32.22,3992,0,3097,273,100,100,100,100,0,713,691,3139,0,0,0,222,1991,0,0,0,0,0,0
2026-05-28,Shopping Grid,Home Essentials Promo Initiative,East Region Prospecting Cohort,18477671,Bulk Buyers Retention Segment,248674078184555859,Offer Spotlight Bold Voice,452112915739182326,Brand Awareness,54.20,32257,0,39023,40,5,81,26,5,0,5,4,337,0,0,0,15,108,0,0,0,0,0,0
2026-05-28,Display Network,Seasonal Select Demand Initiative,Metro Region Loyalty Cohort,18477671,Weekend Deal Hunters Interest Segment,139993609999854281,Offer Spotlight Bold Voice,114177678369764321,Brand Awareness,41.77,3300,0,3380,48,100,100,100,100,0,1658,1581,3771,0,0,0,40,2605,0,0,0,0,0,0
2026-05-28,Search Network,Home Essentials Scale Initiative,Metro Region Loyalty Cohort,18477671,Weekend Deal Hunters Interest Segment,377247011822843168,Shelf Story Bold Voice,643135492237413482,Brand Awareness,73.61,29440,0,16455,677,0,0,0,0,0,0,0,0,0,0,0,580,563,0,0,0,0,0,0
2026-05-28,Social Feed,Home Essentials Scale Initiative,Metro Region Loyalty Cohort,18477671,Family Planners Lookalike Segment,446016762288579880,Shelf Story Bold Voice,113800263724801222,Brand Awareness,19.59,7296,0,5071,189,0,0,0,0,0,0,0,0,0,0,0,146,112,0,0,0,0,0,0
2026-05-28,In-App Display,Home Essentials Scale Initiative,Metro Region Loyalty Cohort,18477671,Quick Refill Buyers Retention Segment,680094259900990869,Shelf Story Bold Voice,769886055999783877,Brand Awareness,82.80,21522,0,16115,706,0,0,0,0,0,0,0,0,3,0,1,592,491,0,0,0,0,0,0
2026-05-28,Shopping Grid,Home Essentials Scale Initiative,Metro Region Loyalty Cohort,18477671,Health Conscious Buyers Interest Segment,159508469974487548,Shelf Story Bold Voice,113329620542890551,Brand Awareness,57.51,17811,0,14874,517,0,0,0,0,0,0,0,0,0,0,0,495,452,0,0,0,0,0,0
2026-05-28,Influencer Network,Family Pantry Retention Initiative,East Region Conversion Cohort,18477671,Health Conscious Buyers Interest Segment,943420043678017518,Offer Spotlight Friendly Voice,106112622047393490,Brand Awareness,0,0,0,0,0,0,0,0,0,0,0,0,0,0,0,0,0,0,0,0,0,0,0,0
2026-05-28,Retail Media Network,Family Pantry Retention Initiative,East Region Conversion Cohort,18477671,Weekend Deal Hunters Interest Segment,101101667273139728,Offer Spotlight Friendly Voice,117593843375361956,Brand Awareness,0,0,0,0,0,0,0,0,0,0,0,0,0,0,0,0,0,0,0,0,0,0,0,0
2026-05-28,Shopping Grid,Family Pantry Retention Initiative,East Region Conversion Cohort,18477671,Family Planners Interest Segment,176932253436870086,Offer Spotlight Friendly Voice,399151028293560484,Brand Awareness,0,0,0,0,0,0,0,0,0,0,0,0,0,0,0,0,0,0,0,0,0,0,0,0
2026-05-28,Influencer Network,Market Fresh Demand Initiative,Metro Region Prospecting Cohort,18477671,Weekend Deal Hunters Interest Segment,161376797460090312,Product Reel Bold Voice,509760748397830743,Brand Awareness,22.28,17665,0,18374,36,0,0,0,0,0,0,0,0,0,0,0,4,9,0,0,0,0,0,0
2026-05-28,Shopping Grid,Market Fresh Demand Initiative,Metro Region Prospecting Cohort,18477671,Health Conscious Buyers Interest Segment,111425641592502989,Product Reel Bold Voice,973295260612807555,Brand Awareness,39.81,33440,0,33630,43,0,0,0,0,0,0,0,0,0,0,0,14,22,0,0,0,0,0,0
2026-05-28,Connected TV,Family Pantry Retention Initiative,Metro Region Loyalty Cohort,18477671,Quick Refill Buyers Retention Segment,513232078006145092,Shelf Story Warm Voice,133729297815049595,Brand Awareness,13.34,1460,0,1279,98,3,100,100,7,0,152,128,1417,0,0,0,105,498,0,0,0,0,0,0
2026-05-28,Display Network,Family Pantry Retention Initiative,Metro Region Loyalty Cohort,18477671,Family Planners Lookalike Segment,131110122694256392,Shelf Story Warm Voice,585790054530420953,Brand Awareness,7.01,839,0,675,41,15,89,44,19,0,43,39,767,0,0,0,64,196,0,0,0,0,0,0
2026-05-28,Social Feed,Seasonal Select Demand Initiative,Metro Region Loyalty Cohort,18477671,Health Conscious Buyers Interest Segment,282702381896898873,Offer Spotlight Bold Voice,819625215333485369,Brand Awareness,19.01,3918,0,4518,20,100,100,100,100,0,1253,1037,4312,0,0,0,16,2851,0,0,0,0,0,0
2026-05-28,Social Feed,Family Pantry Retention Initiative,Metro Region Loyalty Cohort,18477671,Weekend Deal Hunters Interest Segment,174176954196329732,Shelf Story Warm Voice,925460221944962698,Brand Awareness,89.79,10145,0,8281,752,100,100,100,100,0,1775,1865,9785,0,0,0,718,4026,0,0,0,0,0,0
2026-05-28,Search Network,Home Essentials Promo Initiative,East Region Prospecting Cohort,18477671,Family Planners Interest Segment,126757682204121107,Offer Spotlight Bold Voice,121926468845256924,Brand Awareness,65.15,42117,0,45574,37,13,100,65,28,0,12,13,952,0,0,0,7,241,0,0,0,0,0,0
2026-05-28,Shopping Grid,Home Essentials Promo Initiative,East Region Prospecting Cohort,18477671,Health Conscious Buyers Interest Segment,159890011514394505,Offer Spotlight Bold Voice,142381176949482591,Brand Awareness,9,5879,0,6384,12,1,6,2,1,0,1,1,51,0,0,0,2,15,0,0,0,0,0,0
2026-05-28,Search Network,Seasonal Select Demand Initiative,Metro Region Loyalty Cohort,18477671,Quick Refill Buyers Retention Segment,185265442205907450,Offer Spotlight Bold Voice,966012141165852674,Brand Awareness,0.41,57,0,55,1,26,55,32,24,0,21,21,69,0,0,0,1,44,0,0,0,0,0,0
2026-05-28,Marketplace Feed,Home Essentials Promo Initiative,East Region Prospecting Cohort,18477671,Health Conscious Buyers Interest Segment,364535938237621249,Offer Spotlight Bold Voice,103276194285622030,Brand Awareness,0.33,243,0,281,0,0,2,1,0,0,0,0,6,0,0,0,0,2,0,0,0,0,0,0
2026-05-27,Display Network,Family Pantry Retention Initiative,Metro Region Loyalty Cohort,18477671,Health Conscious Buyers Interest Segment,831767333222217053,Shelf Story Warm Voice,982160139961136392,Brand Awareness,22.98,2982,0,2976,207,100,100,100,100,0,569,579,3087,0,0,0,167,1419,0,0,0,0,0,0
2026-05-27,Display Network,Family Pantry Retention Initiative,Metro Region Loyalty Cohort,18477671,Family Planners Lookalike Segment,131110122694256392,Shelf Story Warm Voice,585790054530420953,Brand Awareness,5.92,941,0,815,37,14,100,54,19,0,48,51,1126,0,0,0,64,249,0,0,0,0,0,0
2026-05-27,Marketplace Feed,Home Essentials Scale Initiative,Metro Region Loyalty Cohort,18477671,Family Planners Lookalike Segment,446016762288579880,Shelf Story Bold Voice,113800263724801222,Brand Awareness,23.00,8379,0,4983,185,0,0,0,0,0,0,0,0,0,0,0,156,155,0,0,0,0,0,0
2026-05-27,Video Network,Home Essentials Scale Initiative,Metro Region Loyalty Cohort,18477671,Quick Refill Buyers Retention Segment,680094259900990869,Shelf Story Bold Voice,769886055999783877,Brand Awareness,90.04,32194,0,19077,914,0,0,0,0,0,0,0,0,0,0,0,779,746,0,0,0,0,0,0
2026-05-27,Search Network,Home Essentials Scale Initiative,Metro Region Loyalty Cohort,18477671,Health Conscious Buyers Interest Segment,159508469974487548,Shelf Story Bold Voice,113329620542890551,Brand Awareness,54.93,18157,0,9687,484,0,0,0,0,0,0,0,0,0,0,0,428,462,0,0,0,0,0,0
2026-05-27,Display Network,Family Pantry Retention Initiative,East Region Conversion Cohort,18477671,Health Conscious Buyers Interest Segment,943420043678017518,Offer Spotlight Friendly Voice,106112622047393490,Brand Awareness,92.91,74868,0,74825,53,100,100,100,100,0,213,199,70429,0,0,0,6,1696,0,0,0,0,0,0
2026-05-27,Marketplace Feed,Family Pantry Retention Initiative,East Region Conversion Cohort,18477671,Weekend Deal Hunters Interest Segment,101101667273139728,Offer Spotlight Friendly Voice,117593843375361956,Brand Awareness,20.59,12352,0,13032,22,61,100,100,82,0,55,44,10681,0,0,0,5,481,0,0,0,0,0,0
2026-05-27,Discovery Network,Market Fresh Demand Initiative,Metro Region Prospecting Cohort,18477671,Weekend Deal Hunters Interest Segment,161376797460090312,Product Reel Bold Voice,509760748397830743,Brand Awareness,31.4,22703,0,24432,57,0,0,0,0,0,0,0,0,0,0,0,16,21,0,0,0,0,0,0
2026-05-27,Discovery Network,Market Fresh Demand Initiative,Metro Region Prospecting Cohort,18477671,Health Conscious Buyers Interest Segment,111425641592502989,Product Reel Bold Voice,973295260612807555,Brand Awareness,31.83,26231,0,28708,49,0,0,0,0,0,0,0,0,0,0,0,11,22,0,0,0,0,0,0
2026-05-27,Discovery Network,Family Pantry Retention Initiative,Metro Region Loyalty Cohort,18477671,Health Conscious Buyers Interest Segment,173595033394031516,Offer Spotlight Value Voice,397382253886637388,Brand Awareness,63.59,5732,0,2497,10,100,100,100,100,0,5138,3889,5532,0,0,0,9,4876,0,0,0,0,0,0
2026-05-27,Search Network,Family Pantry Retention Initiative,Metro Region Loyalty Cohort,18477671,Weekend Deal Hunters Interest Segment,529329479889645863,Offer Spotlight Value Voice,160471836563128672,Brand Awareness,78.51,4463,0,2255,9,100,100,100,100,0,5040,4678,5689,0,0,0,6,4026,0,0,0,0,0,0
2026-05-27,Discovery Network,Home Essentials Promo Initiative,East Region Prospecting Cohort,18477671,Bulk Buyers Retention Segment,248674078184555859,Offer Spotlight Bold Voice,452112915739182326,Brand Awareness,50.07,35817,0,37642,51,19,100,75,28,0,17,15,949,0,0,0,20,319,0,0,0,0,0,0
2026-05-27,Retail Media Network,Home Essentials Promo Initiative,East Region Prospecting Cohort,18477671,Family Planners Interest Segment,126757682204121107,Offer Spotlight Bold Voice,121926468845256924,Brand Awareness,62.96,53307,0,49788,77,29,100,100,44,0,30,26,1158,0,0,0,25,391,0,0,0,0,0,0
2026-05-27,Influencer Network,Home Essentials Promo Initiative,East Region Prospecting Cohort,18477671,Health Conscious Buyers Interest Segment,159890011514394505,Offer Spotlight Bold Voice,142381176949482591,Brand Awareness,6.72,5655,0,5291,13,1,6,2,1,0,1,1,46,0,0,0,5,11,0,0,0,0,0,0
2026-05-27,Connected TV,Home Essentials Promo Initiative,East Region Prospecting Cohort,18477671,Health Conscious Buyers Interest Segment,364535938237621249,Offer Spotlight Bold Voice,103276194285622030,Brand Awareness,0.47,398,0,361,5,0,0,0,0,0,0,0,7,0,0,0,0,1,0,0,0,0,0,0
2026-05-27,Search Network,Family Pantry Retention Initiative,East Region Conversion Cohort,18477671,Family Planners Interest Segment,176932253436870086,Offer Spotlight Friendly Voice,399151028293560484,Brand Awareness,91.70,67819,0,69872,79,100,100,100,100,0,244,217,69512,0,0,0,15,1908,0,0,0,0,0,0
2026-05-27,Discovery Network,Home Essentials Scale Initiative,Metro Region Loyalty Cohort,18477671,Weekend Deal Hunters Interest Segment,377247011822843168,Shelf Story Bold Voice,643135492237413482,Brand Awareness,69.02,37554,0,18973,643,0,0,0,0,0,0,0,0,0,0,0,741,597,0,0,0,0,0,0
2026-05-27,Video Network,Family Pantry Retention Initiative,Metro Region Loyalty Cohort,18477671,Quick Refill Buyers Retention Segment,128935530347390848,Offer Spotlight Value Voice,847521899130835388,Brand Awareness,0.74,95,0,51,0,53,86,65,58,0,53,46,79,0,0,0,0,73,0,0,0,0,0,0
2026-05-27,Shopping Grid,Family Pantry Retention Initiative,Metro Region Loyalty Cohort,18477671,Weekend Deal Hunters Interest Segment,174176954196329732,Shelf Story Warm Voice,925460221944962698,Brand Awareness,92.57,11702,0,10674,921,100,100,100,100,0,2775,2433,10412,0,0,0,779,5592,0,0,0,0,0,0
2026-05-27,In-App Display,Family Pantry Retention Initiative,Metro Region Loyalty Cohort,18477671,Quick Refill Buyers Retention Segment,513232078006145092,Shelf Story Warm Voice,133729297815049595,Brand Awareness,11.0,1441,0,1126,115,12,100,100,19,0,182,142,1400,0,0,0,109,533,0,0,0,0,0,0
2026-05-26,Retail Media Network,Family Pantry Retention Initiative,Metro Region Loyalty Cohort,18477671,Weekend Deal Hunters Interest Segment,529329479889645863,Offer Spotlight Value Voice,160471836563128672,Brand Awareness,138.82,10163,0,4013,34,100,100,100,100,0,8598,9503,9593,0,0,0,27,8698,0,0,0,0,0,0
2026-05-26,Retail Media Network,Home Essentials Scale Initiative,Metro Region Loyalty Cohort,18477671,Quick Refill Buyers Retention Segment,680094259900990869,Shelf Story Bold Voice,769886055999783877,Brand Awareness,66.82,59592,0,34002,791,0,0,0,0,0,0,0,0,1,0,0,651,490,0,0,0,0,0,0
2026-05-26,Shopping Grid,Home Essentials Scale Initiative,Metro Region Loyalty Cohort,18477671,Health Conscious Buyers Interest Segment,159508469974487548,Shelf Story Bold Voice,113329620542890551,Brand Awareness,56.47,59136,0,22870,623,0,0,0,0,0,0,0,0,0,0,0,450,364,0,0,0,0,0,0
2026-05-26,Video Network,Family Pantry Retention Initiative,Metro Region Loyalty Cohort,18477671,Health Conscious Buyers Interest Segment,173595033394031516,Offer Spotlight Value Voice,397382253886637388,Brand Awareness,34.92,2676,0,1243,8,100,100,100,100,0,2368,2061,2692,0,0,0,6,2157,0,0,0,0,0,0
2026-05-26,Discovery Network,Family Pantry Retention Initiative,Metro Region Loyalty Cohort,18477671,Quick Refill Buyers Retention Segment,128935530347390848,Offer Spotlight Value Voice,847521899130835388,Brand Awareness,1,170,0,162,0,61,100,92,74,0,60,59,183,0,0,0,0,127,0,0,0,0,0,0
2026-05-26,Retail Media Network,Family Pantry Retention Initiative,Metro Region Loyalty Cohort,18477671,Quick Refill Buyers Retention Segment,513232078006145092,Shelf Story Warm Voice,133729297815049595,Brand Awareness,13.06,1444,0,1182,122,6,100,100,16,0,148,141,1172,0,0,0,123,440,0,0,0,0,0,0
2026-05-26,Affiliate Network,Family Pantry Retention Initiative,Metro Region Loyalty Cohort,18477671,Family Planners Lookalike Segment,131110122694256392,Shelf Story Warm Voice,585790054530420953,Brand Awareness,6.68,807,0,572,25,9,88,47,9,0,47,37,838,0,0,0,59,193,0,0,0,0,0,0
2026-05-26,Retail Media Network,Family Pantry Retention Initiative,East Region Conversion Cohort,18477671,Weekend Deal Hunters Interest Segment,101101667273139728,Offer Spotlight Friendly Voice,117593843375361956,Brand Awareness,24.6,16660,0,14597,26,69,100,100,75,0,72,55,12202,0,0,0,3,499,0,0,0,0,0,0
2026-05-26,Influencer Network,Market Fresh Demand Initiative,Metro Region Prospecting Cohort,18477671,Weekend Deal Hunters Interest Segment,161376797460090312,Product Reel Bold Voice,509760748397830743,Brand Awareness,27.51,21127,0,18111,42,0,0,0,0,0,0,0,0,0,0,0,16,23,0,0,0,0,0,0
2026-05-26,Affiliate Network,Family Pantry Retention Initiative,East Region Conversion Cohort,18477671,Health Conscious Buyers Interest Segment,943420043678017518,Offer Spotlight Friendly Voice,106112622047393490,Brand Awareness,93.07,62046,0,63304,70,100,100,100,100,0,186,186,51896,0,0,0,11,1927,0,0,0,0,0,0
2026-05-26,Social Feed,Market Fresh Demand Initiative,Metro Region Prospecting Cohort,18477671,Health Conscious Buyers Interest Segment,111425641592502989,Product Reel Bold Voice,973295260612807555,Brand Awareness,43.02,30609,0,31709,73,0,0,0,0,0,0,0,0,0,0,0,31,40,0,0,0,0,0,0
2026-05-26,Discovery Network,Home Essentials Scale Initiative,Metro Region Loyalty Cohort,18477671,Weekend Deal Hunters Interest Segment,377247011822843168,Shelf Story Bold Voice,643135492237413482,Brand Awareness,64.29,72137,0,29424,653,0,0,0,0,0,0,0,0,0,0,0,523,547,0,0,0,0,0,0
2026-05-26,In-App Display,Home Essentials Scale Initiative,Metro Region Loyalty Cohort,18477671,Family Planners Lookalike Segment,446016762288579880,Shelf Story Bold Voice,113800263724801222,Brand Awareness,62.03,62173,0,22467,681,0,0,0,0,0,0,0,0,0,0,0,502,450,0,0,0,0,0,0
2026-05-26,In-App Display,Family Pantry Retention Initiative,Metro Region Loyalty Cohort,18477671,Health Conscious Buyers Interest Segment,831767333222217053,Shelf Story Warm Voice,982160139961136392,Brand Awareness,30.41,3710,0,3257,221,100,100,100,100,0,880,873,3296,0,0,0,221,1995,0,0,0,0,0,0
2026-05-26,Retail Media Network,Family Pantry Retention Initiative,East Region Conversion Cohort,18477671,Family Planners Interest Segment,176932253436870086,Offer Spotlight Friendly Voice,399151028293560484,Brand Awareness,113.68,68006,0,68129,90,100,100,100,100,0,277,245,63138,0,0,0,10,2335,0,0,0,0,0,0
2026-05-26,Search Network,Family Pantry Retention Initiative,Metro Region Loyalty Cohort,18477671,Weekend Deal Hunters Interest Segment,174176954196329732,Shelf Story Warm Voice,925460221944962698,Brand Awareness,80.09,10601,0,10365,684,100,100,100,100,0,2548,2754,9905,0,0,0,746,5288,0,0,0,0,0,0
2026-05-25,Affiliate Network,Family Pantry Retention Initiative,Metro Region Loyalty Cohort,18477671,Health Conscious Buyers Interest Segment,831767333222217053,Shelf Story Warm Voice,982160139961136392,Brand Awareness,23.93,2802,0,2572,226,100,100,100,100,0,937,735,3028,0,0,0,193,1827,0,0,0,0,0,0
2026-05-25,Display Network,Family Pantry Retention Initiative,Metro Region Loyalty Cohort,18477671,Quick Refill Buyers Retention Segment,513232078006145092,Shelf Story Warm Voice,133729297815049595,Brand Awareness,8.40,1146,0,990,68,9,100,100,10,0,134,120,1066,0,0,0,85,390,0,0,0,0,0,0
2026-05-25,Social Feed,Family Pantry Retention Initiative,Metro Region Loyalty Cohort,18477671,Family Planners Lookalike Segment,131110122694256392,Shelf Story Warm Voice,585790054530420953,Brand Awareness,4.3,648,0,613,38,15,96,57,14,0,61,60,665,0,0,0,44,207,0,0,0,0,0,0
2026-05-25,Display Network,Home Essentials Scale Initiative,Metro Region Loyalty Cohort,18477671,Weekend Deal Hunters Interest Segment,377247011822843168,Shelf Story Bold Voice,643135492237413482,Brand Awareness,81.66,49568,0,19806,722,0,0,0,0,0,0,0,0,0,0,0,658,581,0,0,0,0,0,0
2026-05-25,Video Network,Home Essentials Scale Initiative,Metro Region Loyalty Cohort,18477671,Family Planners Lookalike Segment,446016762288579880,Shelf Story Bold Voice,113800263724801222,Brand Awareness,46.01,21342,0,11500,350,0,0,0,0,0,0,0,0,0,0,0,341,345,0,0,0,0,0,0
2026-05-25,Discovery Network,Home Essentials Scale Initiative,Metro Region Loyalty Cohort,18477671,Health Conscious Buyers Interest Segment,159508469974487548,Shelf Story Bold Voice,113329620542890551,Brand Awareness,51.14,23678,0,12804,544,0,0,0,0,0,0,0,0,0,0,0,436,418,0,0,0,0,0,0
2026-05-25,In-App Display,Family Pantry Retention Initiative,East Region Conversion Cohort,18477671,Health Conscious Buyers Interest Segment,943420043678017518,Offer Spotlight Friendly Voice,106112622047393490,Brand Awareness,94.54,52754,0,66981,49,100,100,100,100,0,234,189,57823,0,0,0,13,1639,0,0,0,0,0,0
2026-05-25,Affiliate Network,Family Pantry Retention Initiative,East Region Conversion Cohort,18477671,Weekend Deal Hunters Interest Segment,101101667273139728,Offer Spotlight Friendly Voice,117593843375361956,Brand Awareness,17.42,12753,0,13838,10,40,100,100,57,0,41,38,10978,0,0,0,1,415,0,0,0,0,0,0
2026-05-25,Affiliate Network,Market Fresh Demand Initiative,Metro Region Prospecting Cohort,18477671,Health Conscious Buyers Interest Segment,111425641592502989,Product Reel Bold Voice,973295260612807555,Brand Awareness,36.86,30842,0,30747,43,0,0,0,0,0,0,0,0,0,0,0,10,17,0,0,0,0,0,0
2026-05-25,Influencer Network,Family Pantry Retention Initiative,Metro Region Loyalty Cohort,18477671,Weekend Deal Hunters Interest Segment,174176954196329732,Shelf Story Warm Voice,925460221944962698,Brand Awareness,89.7,11578,0,10883,1012,100,100,100,100,0,2654,2906,11600,0,0,0,777,6211,0,0,0,0,0,0
2026-05-25,Display Network,Market Fresh Demand Initiative,Metro Region Prospecting Cohort,18477671,Weekend Deal Hunters Interest Segment,161376797460090312,Product Reel Bold Voice,509760748397830743,Brand Awareness,27.57,16105,0,17208,48,0,0,0,0,0,0,0,0,0,0,0,11,20,0,0,0,0,0,0
2026-05-25,Video Network,Family Pantry Retention Initiative,East Region Conversion Cohort,18477671,Family Planners Interest Segment,176932253436870086,Offer Spotlight Friendly Voice,399151028293560484,Brand Awareness,115.7,86290,0,81352,89,100,100,100,100,0,277,248,66230,0,0,0,20,2507,0,0,0,0,0,0
2026-05-25,Retail Media Network,Family Pantry Retention Initiative,Metro Region Loyalty Cohort,18477671,Health Conscious Buyers Interest Segment,173595033394031516,Offer Spotlight Value Voice,397382253886637388,Brand Awareness,11.54,920,0,577,4,100,100,100,100,0,649,620,824,0,0,0,4,729,0,0,0,0,0,0
2026-05-25,Display Network,Family Pantry Retention Initiative,Metro Region Loyalty Cohort,18477671,Quick Refill Buyers Retention Segment,128935530347390848,Offer Spotlight Value Voice,847521899130835388,Brand Awareness,1.03,357,0,439,0,70,100,100,96,0,70,60,393,0,0,0,0,220,0,0,0,0,0,0
2026-05-25,Display Network,Home Essentials Scale Initiative,Metro Region Loyalty Cohort,18477671,Quick Refill Buyers Retention Segment,680094259900990869,Shelf Story Bold Voice,769886055999783877,Brand Awareness,71.85,37956,0,19873,579,0,0,0,0,0,0,0,0,0,0,0,527,531,0,0,0,0,0,0
2026-05-25,Video Network,Family Pantry Retention Initiative,Metro Region Loyalty Cohort,18477671,Weekend Deal Hunters Interest Segment,529329479889645863,Offer Spotlight Value Voice,160471836563128672,Brand Awareness,170.24,72423,0,75686,44,100,100,100,100,0,12200,11833,68077,0,0,0,36,46478,0,0,0,0,0,0
2026-05-24,Influencer Network,Home Essentials Scale Initiative,Metro Region Loyalty Cohort,18477671,Quick Refill Buyers Retention Segment,680094259900990869,Shelf Story Bold Voice,769886055999783877,Brand Awareness,56.42,11869,0,8781,503,0,0,0,0,0,0,0,0,0,0,0,502,416,0,0,0,0,0,0
2026-05-24,Video Network,Home Essentials Scale Initiative,Metro Region Loyalty Cohort,18477671,Health Conscious Buyers Interest Segment,159508469974487548,Shelf Story Bold Voice,113329620542890551,Brand Awareness,49.87,17435,0,11975,430,0,0,0,0,0,0,0,0,0,0,0,370,396,0,0,0,0,0,0
2026-05-24,Social Feed,Family Pantry Retention Initiative,East Region Conversion Cohort,18477671,Health Conscious Buyers Interest Segment,943420043678017518,Offer Spotlight Friendly Voice,106112622047393490,Brand Awareness,89.68,58525,0,53924,61,100,100,100,100,0,168,192,53306,0,0,0,14,1837,0,0,0,0,0,0
2026-05-24,Social Feed,Family Pantry Retention Initiative,East Region Conversion Cohort,18477671,Weekend Deal Hunters Interest Segment,101101667273139728,Offer Spotlight Friendly Voice,117593843375361956,Brand Awareness,18.9,10406,0,11167,16,35,100,100,57,0,38,30,10904,0,0,0,2,397,0,0,0,0,0,0
2026-05-24,Marketplace Feed,Family Pantry Retention Initiative,East Region Conversion Cohort,18477671,Family Planners Interest Segment,176932253436870086,Offer Spotlight Friendly Voice,399151028293560484,Brand Awareness,114.24,73669,0,91930,82,100,100,100,100,0,254,239,69258,0,0,0,21,2649,0,0,0,0,0,0
2026-05-24,Retail Media Network,Market Fresh Demand Initiative,Metro Region Prospecting Cohort,18477671,Weekend Deal Hunters Interest Segment,161376797460090312,Product Reel Bold Voice,509760748397830743,Brand Awareness,29.61,19366,0,22957,42,0,0,0,0,0,0,0,0,0,0,0,9,17,0,0,0,0,0,0
2026-05-24,Affiliate Network,Market Fresh Demand Initiative,Metro Region Prospecting Cohort,18477671,Health Conscious Buyers Interest Segment,111425641592502989,Product Reel Bold Voice,973295260612807555,Brand Awareness,45.30,31980,0,35160,58,0,0,0,0,0,0,0,0,0,0,1,22,28,0,0,0,0,0,0
2026-05-24,Connected TV,Family Pantry Retention Initiative,Metro Region Loyalty Cohort,18477671,Health Conscious Buyers Interest Segment,173595033394031516,Offer Spotlight Value Voice,397382253886637388,Brand Awareness,31.88,2145,0,1140,8,100,100,100,100,0,2030,1798,1939,0,0,0,7,1844,0,0,0,0,0,0
2026-05-24,Influencer Network,Family Pantry Retention Initiative,Metro Region Loyalty Cohort,18477671,Weekend Deal Hunters Interest Segment,529329479889645863,Offer Spotlight Value Voice,160471836563128672,Brand Awareness,158.67,9633,0,5322,58,100,100,100,100,0,10399,10527,10571,0,0,0,45,11299,0,0,0,0,0,0
2026-05-24,Influencer Network,Family Pantry Retention Initiative,Metro Region Loyalty Cohort,18477671,Quick Refill Buyers Retention Segment,128935530347390848,Offer Spotlight Value Voice,847521899130835388,Brand Awareness,0.47,36,0,19,1,26,35,34,30,0,25,28,36,0,0,0,1,30,0,0,0,0,0,0
2026-05-24,Retail Media Network,Family Pantry Retention Initiative,Metro Region Loyalty Cohort,18477671,Weekend Deal Hunters Interest Segment,174176954196329732,Shelf Story Warm Voice,925460221944962698,Brand Awareness,102.22,12503,0,10069,969,100,100,100,100,0,2324,2481,12871,0,0,0,969,5360,0,0,0,0,0,0
2026-05-24,Video Network,Family Pantry Retention Initiative,Metro Region Loyalty Cohort,18477671,Health Conscious Buyers Interest Segment,831767333222217053,Shelf Story Warm Voice,982160139961136392,Brand Awareness,25.05,2943,0,3187,215,100,100,100,100,0,803,711,3051,0,0,0,205,1797,0,0,0,0,0,0
2026-05-24,Marketplace Feed,Family Pantry Retention Initiative,Metro Region Loyalty Cohort,18477671,Quick Refill Buyers Retention Segment,513232078006145092,Shelf Story Warm Voice,133729297815049595,Brand Awareness,10.34,1145,0,993,72,9,100,100,8,0,130,125,1025,0,0,0,88,421,0,0,0,0,0,0
2026-05-24,In-App Display,Family Pantry Retention Initiative,Metro Region Loyalty Cohort,18477671,Family Planners Lookalike Segment,131110122694256392,Shelf Story Warm Voice,585790054530420953,Brand Awareness,5.11,791,0,518,32,12,80,39,13,0,35,32,634,0,0,0,47,183,0,0,0,0,0,0
2026-05-24,Shopping Grid,Home Essentials Scale Initiative,Metro Region Loyalty Cohort,18477671,Family Planners Lookalike Segment,446016762288579880,Shelf Story Bold Voice,113800263724801222,Brand Awareness,40.07,7555,0,4598,367,0,0,0,0,0,0,0,0,1,0,0,326,345,0,0,0,0,0,0
2026-05-24,Display Network,Home Essentials Scale Initiative,Metro Region Loyalty Cohort,18477671,Weekend Deal Hunters Interest Segment,377247011822843168,Shelf Story Bold Voice,643135492237413482,Brand Awareness,113.21,32582,0,15164,938,0,0,0,0,0,0,0,0,0,0,0,878,797,0,0,0,0,0,0
2026-05-23,Retail Media Network,Family Pantry Retention Initiative,Metro Region Loyalty Cohort,18477671,Weekend Deal Hunters Interest Segment,174176954196329732,Shelf Story Warm Voice,925460221944962698,Brand Awareness,106.48,11356,0,9906,1054,100,100,100,100,0,2665,2528,13067,0,0,0,846,6450,0,0,0,0,0,0
2026-05-23,Discovery Network,Family Pantry Retention Initiative,Metro Region Loyalty Cohort,18477671,Health Conscious Buyers Interest Segment,831767333222217053,Shelf Story Warm Voice,982160139961136392,Brand Awareness,21.75,2881,0,2668,199,100,100,100,100,0,702,607,2492,0,0,0,162,1398,0,0,0,0,0,0
2026-05-23,Discovery Network,Family Pantry Retention Initiative,Metro Region Loyalty Cohort,18477671,Family Planners Lookalike Segment,131110122694256392,Shelf Story Warm Voice,585790054530420953,Brand Awareness,4.55,551,0,391,33,12,63,34,14,0,31,30,542,0,0,0,44,132,0,0,0,0,0,0
2026-05-23,Search Network,Home Essentials Scale Initiative,Metro Region Loyalty Cohort,18477671,Family Planners Lookalike Segment,446016762288579880,Shelf Story Bold Voice,113800263724801222,Brand Awareness,23.39,5253,0,3400,185,0,0,0,0,0,0,0,0,0,0,0,205,161,0,0,0,0,0,0
2026-05-23,Influencer Network,Home Essentials Scale Initiative,Metro Region Loyalty Cohort,18477671,Quick Refill Buyers Retention Segment,680094259900990869,Shelf Story Bold Voice,769886055999783877,Brand Awareness,41.6,11693,0,9044,330,0,0,0,0,0,0,0,0,1,0,0,327,262,0,0,0,0,0,0
2026-05-23,Video Network,Home Essentials Scale Initiative,Metro Region Loyalty Cohort,18477671,Health Conscious Buyers Interest Segment,159508469974487548,Shelf Story Bold Voice,113329620542890551,Brand Awareness,50.93,12906,0,8145,470,0,0,0,0,0,0,0,0,0,0,0,426,379,0,0,0,0,0,0
2026-05-23,Video Network,Family Pantry Retention Initiative,East Region Conversion Cohort,18477671,Health Conscious Buyers Interest Segment,943420043678017518,Offer Spotlight Friendly Voice,106112622047393490,Brand Awareness,97.45,56748,0,58009,65,100,100,100,100,0,182,178,56156,0,0,0,8,1824,0,0,0,0,0,0
2026-05-23,Shopping Grid,Family Pantry Retention Initiative,Metro Region Loyalty Cohort,18477671,Health Conscious Buyers Interest Segment,173595033394031516,Offer Spotlight Value Voice,397382253886637388,Brand Awareness,73.83,4781,0,2366,26,100,100,100,100,0,4967,4251,5135,0,0,0,19,4404,0,0,0,0,0,0
2026-05-23,Connected TV,Family Pantry Retention Initiative,Metro Region Loyalty Cohort,18477671,Weekend Deal Hunters Interest Segment,529329479889645863,Offer Spotlight Value Voice,160471836563128672,Brand Awareness,131.40,22026,0,18654,20,100,100,100,100,0,8059,8652,21255,0,0,0,17,16881,0,0,0,0,0,0
2026-05-23,Connected TV,Family Pantry Retention Initiative,Metro Region Loyalty Cohort,18477671,Quick Refill Buyers Retention Segment,128935530347390848,Offer Spotlight Value Voice,847521899130835388,Brand Awareness,1,328,0,355,1,81,100,100,98,0,67,61,292,0,0,0,1,184,0,0,0,0,0,0
2026-05-23,Connected TV,Home Essentials Scale Initiative,Metro Region Loyalty Cohort,18477671,Weekend Deal Hunters Interest Segment,377247011822843168,Shelf Story Bold Voice,643135492237413482,Brand Awareness,135.93,28808,0,10584,1164,0,0,0,0,0,0,0,0,0,1,0,1150,1029,0,0,0,0,0,0
2026-05-23,Retail Media Network,Family Pantry Retention Initiative,Metro Region Loyalty Cohort,18477671,Quick Refill Buyers Retention Segment,513232078006145092,Shelf Story Warm Voice,133729297815049595,Brand Awareness,6.69,790,0,788,53,2,100,85,5,0,87,77,814,0,0,0,71,232,0,0,0,0,0,0
2026-05-23,Connected TV,Market Fresh Demand Initiative,Metro Region Prospecting Cohort,18477671,Health Conscious Buyers Interest Segment,111425641592502989,Product Reel Bold Voice,973295260612807555,Brand Awareness,36.81,24402,0,24231,52,0,0,0,0,0,0,0,0,0,0,0,21,31,0,0,0,0,0,0
2026-05-23,Social Feed,Family Pantry Retention Initiative,East Region Conversion Cohort,18477671,Weekend Deal Hunters Interest Segment,101101667273139728,Offer Spotlight Friendly Voice,117593843375361956,Brand Awareness,13.08,8498,0,9252,12,31,100,86,43,0,30,29,6571,0,0,1,2,320,0,0,0,0,0,0
2026-05-23,Affiliate Network,Market Fresh Demand Initiative,Metro Region Prospecting Cohort,18477671,Weekend Deal Hunters Interest Segment,161376797460090312,Product Reel Bold Voice,509760748397830743,Brand Awareness,34.8,25977,0,25802,66,0,0,0,0,0,0,0,0,0,0,1,23,30,0,0,0,0,0,0
2026-05-23,Search Network,Family Pantry Retention Initiative,East Region Conversion Cohort,18477671,Family Planners Interest Segment,176932253436870086,Offer Spotlight Friendly Voice,399151028293560484,Brand Awareness,144.99,94101,0,91329,80,100,100,100,100,0,276,269,77087,0,0,0,15,2262,0,0,0,0,0,0
2026-05-22,Marketplace Feed,Family Pantry Retention Initiative,East Region Conversion Cohort,18477671,Weekend Deal Hunters Interest Segment,101101667273139728,Offer Spotlight Friendly Voice,117593843375361956,Brand Awareness,14.67,9428,0,9948,14,34,100,85,43,0,32,27,9060,0,0,0,4,374,0,0,0,0,0,0
2026-05-22,Social Feed,Family Pantry Retention Initiative,East Region Conversion Cohort,18477671,Family Planners Interest Segment,176932253436870086,Offer Spotlight Friendly Voice,399151028293560484,Brand Awareness,155.91,84587,0,84800,66,100,100,100,100,0,245,230,92702,1,0,0,8,2596,0,0,0,0,0,0
2026-05-22,Connected TV,Market Fresh Demand Initiative,Metro Region Prospecting Cohort,18477671,Weekend Deal Hunters Interest Segment,161376797460090312,Product Reel Bold Voice,509760748397830743,Brand Awareness,33.46,27246,0,24798,63,0,0,0,0,0,0,0,0,1,0,0,18,27,0,0,0,0,0,0
2026-05-22,Influencer Network,Market Fresh Demand Initiative,Metro Region Prospecting Cohort,18477671,Health Conscious Buyers Interest Segment,111425641592502989,Product Reel Bold Voice,973295260612807555,Brand Awareness,33.12,22032,0,24587,34,0,0,0,0,0,0,0,0,0,0,0,12,23,0,0,0,0,0,0
2026-05-22,Marketplace Feed,Family Pantry Retention Initiative,Metro Region Loyalty Cohort,18477671,Weekend Deal Hunters Interest Segment,529329479889645863,Offer Spotlight Value Voice,160471836563128672,Brand Awareness,84.88,7466,0,3185,27,100,100,100,100,0,6350,5981,6974,0,0,0,25,7001,0,0,0,0,0,0
2026-05-22,Social Feed,Family Pantry Retention Initiative,Metro Region Loyalty Cohort,18477671,Quick Refill Buyers Retention Segment,128935530347390848,Offer Spotlight Value Voice,847521899130835388,Brand Awareness,0.67,198,0,191,0,56,100,88,61,0,53,54,196,0,0,0,0,135,0,0,0,0,0,0
2026-05-22,Influencer Network,Family Pantry Retention Initiative,Metro Region Loyalty Cohort,18477671,Health Conscious Buyers Interest Segment,173595033394031516,Offer Spotlight Value Voice,397382253886637388,Brand Awareness,71.68,6387,0,2444,33,100,100,100,100,0,5136,5004,5974,0,0,0,33,4805,0,0,0,0,0,0
2026-05-22,Display Network,Home Essentials Scale Initiative,Metro Region Loyalty Cohort,18477671,Family Planners Lookalike Segment,446016762288579880,Shelf Story Bold Voice,113800263724801222,Brand Awareness,27.2,6934,0,5141,199,0,0,0,0,0,0,0,0,2,0,0,186,173,0,0,0,0,0,0
2026-05-22,In-App Display,Home Essentials Scale Initiative,Metro Region Loyalty Cohort,18477671,Health Conscious Buyers Interest Segment,159508469974487548,Shelf Story Bold Voice,113329620542890551,Brand Awareness,53.93,19450,0,15253,418,0,0,0,0,0,0,0,0,1,0,0,430,384,0,0,0,0,0,0
2026-05-22,Video Network,Family Pantry Retention Initiative,East Region Conversion Cohort,18477671,Health Conscious Buyers Interest Segment,943420043678017518,Offer Spotlight Friendly Voice,106112622047393490,Brand Awareness,85.06,43045,0,54010,52,100,100,100,100,0,146,134,47798,0,0,0,10,1370,0,0,0,0,0,0
2026-05-22,Video Network,Family Pantry Retention Initiative,Metro Region Loyalty Cohort,18477671,Weekend Deal Hunters Interest Segment,174176954196329732,Shelf Story Warm Voice,925460221944962698,Brand Awareness,105.77,14157,0,11450,975,100,100,100,100,0,2832,2209,14353,0,0,0,942,6280,0,0,0,0,0,0
2026-05-22,Social Feed,Family Pantry Retention Initiative,Metro Region Loyalty Cohort,18477671,Health Conscious Buyers Interest Segment,831767333222217053,Shelf Story Warm Voice,982160139961136392,Brand Awareness,14.50,1694,0,1667,134,80,100,100,91,0,456,372,1643,0,0,0,126,904,0,0,0,0,0,0
2026-05-22,Video Network,Family Pantry Retention Initiative,Metro Region Loyalty Cohort,18477671,Quick Refill Buyers Retention Segment,513232078006145092,Shelf Story Warm Voice,133729297815049595,Brand Awareness,9.32,1241,0,1097,104,6,100,100,8,0,116,134,1066,0,0,0,87,345,0,0,0,0,0,0
2026-05-22,Discovery Network,Family Pantry Retention Initiative,Metro Region Loyalty Cohort,18477671,Family Planners Lookalike Segment,131110122694256392,Shelf Story Warm Voice,585790054530420953,Brand Awareness,1.75,246,0,222,13,10,38,24,10,0,23,22,230,0,0,0,13,71,0,0,0,0,0,0
2026-05-22,Influencer Network,Home Essentials Scale Initiative,Metro Region Loyalty Cohort,18477671,Weekend Deal Hunters Interest Segment,377247011822843168,Shelf Story Bold Voice,643135492237413482,Brand Awareness,131.2,31160,0,11778,1054,0,0,0,0,0,0,0,0,0,0,0,816,723,0,0,0,0,0,0
2026-05-22,Search Network,Home Essentials Scale Initiative,Metro Region Loyalty Cohort,18477671,Quick Refill Buyers Retention Segment,680094259900990869,Shelf Story Bold Voice,769886055999783877,Brand Awareness,33.73,17084,0,12681,375,0,0,0,0,0,0,0,0,0,0,0,257,224,0,0,0,0,0,0
2026-05-21,Display Network,Family Pantry Retention Initiative,Metro Region Loyalty Cohort,18477671,Weekend Deal Hunters Interest Segment,174176954196329732,Shelf Story Warm Voice,925460221944962698,Brand Awareness,112.19,15531,0,13311,1019,100,100,100,100,0,2667,2490,13093,0,0,0,897,5997,0,0,0,0,0,0
2026-05-21,Influencer Network,Home Essentials Scale Initiative,Metro Region Loyalty Cohort,18477671,Weekend Deal Hunters Interest Segment,377247011822843168,Shelf Story Bold Voice,643135492237413482,Brand Awareness,120.99,54545,0,22868,824,0,0,0,0,0,0,0,0,1,0,0,754,787,0,0,0,0,0,0
2026-05-21,Display Network,Home Essentials Scale Initiative,Metro Region Loyalty Cohort,18477671,Family Planners Lookalike Segment,446016762288579880,Shelf Story Bold Voice,113800263724801222,Brand Awareness,20.42,8196,0,5417,147,0,0,0,0,0,0,0,0,0,0,0,150,126,0,0,0,0,0,0
2026-05-21,Search Network,Home Essentials Scale Initiative,Metro Region Loyalty Cohort,18477671,Quick Refill Buyers Retention Segment,680094259900990869,Shelf Story Bold Voice,769886055999783877,Brand Awareness,58.19,32768,0,22883,425,0,0,0,0,0,0,0,0,1,0,0,333,310,0,0,0,0,0,0
2026-05-21,Display Network,Home Essentials Scale Initiative,Metro Region Loyalty Cohort,18477671,Health Conscious Buyers Interest Segment,159508469974487548,Shelf Story Bold Voice,113329620542890551,Brand Awareness,54.03,28169,0,20160,440,0,0,0,0,0,0,0,0,1,0,0,357,341,0,0,0,0,0,0
2026-05-21,Influencer Network,Family Pantry Retention Initiative,East Region Conversion Cohort,18477671,Health Conscious Buyers Interest Segment,943420043678017518,Offer Spotlight Friendly Voice,106112622047393490,Brand Awareness,85.2,47903,0,62282,76,100,100,100,100,0,195,173,50948,0,0,0,15,1482,0,0,0,0,0,0
2026-05-21,Social Feed,Family Pantry Retention Initiative,Metro Region Loyalty Cohort,18477671,Weekend Deal Hunters Interest Segment,529329479889645863,Offer Spotlight Value Voice,160471836563128672,Brand Awareness,69.55,7961,0,3514,14,100,100,100,100,0,6376,6070,8961,0,0,0,12,7785,0,0,0,0,0,0
2026-05-21,Video Network,Family Pantry Retention Initiative,Metro Region Loyalty Cohort,18477671,Quick Refill Buyers Retention Segment,128935530347390848,Offer Spotlight Value Voice,847521899130835388,Brand Awareness,0.45,369,0,332,0,45,100,100,78,0,47,38,282,0,0,0,0,206,0,0,0,0,0,0
2026-05-21,Search Network,Family Pantry Retention Initiative,East Region Conversion Cohort,18477671,Weekend Deal Hunters Interest Segment,101101667273139728,Offer Spotlight Friendly Voice,117593843375361956,Brand Awareness,15.07,8982,0,10112,6,39,100,100,50,0,32,34,8279,0,0,0,1,353,0,0,0,0,0,0
2026-05-21,Connected TV,Weekend Saver Retention Initiative,Metro Region Loyalty Cohort,18477671,Weekend Deal Hunters Interest Segment,171618698486885946,Shelf Story Warm Voice,295612185318726350,Brand Awareness,0,0,0,0,0,0,0,0,0,0,0,0,0,0,0,0,0,0,0,0,0,0,0,0
2026-05-21,Social Feed,Market Fresh Demand Initiative,Metro Region Prospecting Cohort,18477671,Weekend Deal Hunters Interest Segment,161376797460090312,Product Reel Bold Voice,509760748397830743,Brand Awareness,27.85,17657,0,22820,51,0,0,0,0,0,0,0,0,0,0,0,20,21,0,0,0,0,0,0
2026-05-21,In-App Display,Family Pantry Retention Initiative,Metro Region Loyalty Cohort,18477671,Quick Refill Buyers Retention Segment,513232078006145092,Shelf Story Warm Voice,133729297815049595,Brand Awareness,8.30,980,0,743,68,5,100,100,6,0,120,104,1003,0,0,0,69,283,0,0,0,0,0,0
2026-05-21,Video Network,Family Pantry Retention Initiative,Metro Region Loyalty Cohort,18477671,Family Planners Lookalike Segment,131110122694256392,Shelf Story Warm Voice,585790054530420953,Brand Awareness,1.78,178,0,150,16,1,29,20,4,0,17,13,148,0,0,0,19,59,0,0,0,0,0,0
2026-05-21,Search Network,Family Pantry Retention Initiative,Metro Region Loyalty Cohort,18477671,Health Conscious Buyers Interest Segment,831767333222217053,Shelf Story Warm Voice,982160139961136392,Brand Awareness,16.46,1942,0,1872,158,62,100,100,89,0,401,361,1755,0,0,0,138,931,0,0,0,0,0,0
2026-05-21,Video Network,Weekend Saver Retention Initiative,Metro Region Loyalty Cohort,18477671,Health Conscious Buyers Interest Segment,138336101737243677,Shelf Story Warm Voice,857496427611882308,Brand Awareness,0,0,0,0,0,0,0,0,0,0,0,0,0,0,0,0,0,0,0,0,0,0,0,0
2026-05-21,Discovery Network,Family Pantry Retention Initiative,East Region Conversion Cohort,18477671,Family Planners Interest Segment,176932253436870086,Offer Spotlight Friendly Voice,399151028293560484,Brand Awareness,106.47,56498,0,69628,51,100,100,100,100,0,207,214,56507,0,0,0,15,1852,0,0,0,0,0,0
2026-05-21,Retail Media Network,Family Pantry Retention Initiative,Metro Region Loyalty Cohort,18477671,Health Conscious Buyers Interest Segment,173595033394031516,Offer Spotlight Value Voice,397382253886637388,Brand Awareness,105.37,11287,0,4428,18,100,100,100,100,0,9453,9713,12813,0,0,0,20,10608,0,0,0,0,0,0
2026-05-21,Display Network,Market Fresh Demand Initiative,Metro Region Prospecting Cohort,18477671,Health Conscious Buyers Interest Segment,111425641592502989,Product Reel Bold Voice,973295260612807555,Brand Awareness,24.55,15017,0,13998,37,0,0,0,0,0,0,0,0,0,0,0,12,18,0,0,0,0,0,0
2026-05-20,Retail Media Network,Family Pantry Retention Initiative,Metro Region Loyalty Cohort,18477671,Weekend Deal Hunters Interest Segment,174176954196329732,Shelf Story Warm Voice,925460221944962698,Brand Awareness,123.41,15287,0,12944,1173,100,100,100,100,0,2338,2446,15412,0,0,1,888,5855,0,0,0,0,0,0
2026-05-20,Retail Media Network,Family Pantry Retention Initiative,Metro Region Loyalty Cohort,18477671,Health Conscious Buyers Interest Segment,831767333222217053,Shelf Story Warm Voice,982160139961136392,Brand Awareness,16.03,3029,0,2975,119,100,100,100,100,0,444,498,2463,0,0,0,118,1234,0,0,0,0,0,0
2026-05-20,In-App Display,Family Pantry Retention Initiative,Metro Region Loyalty Cohort,18477671,Quick Refill Buyers Retention Segment,513232078006145092,Shelf Story Warm Voice,133729297815049595,Brand Awareness,6.32,882,0,602,60,8,100,88,10,0,96,92,784,0,0,0,59,240,0,0,0,0,0,0
2026-05-20,Influencer Network,Family Pantry Retention Initiative,Metro Region Loyalty Cohort,18477671,Family Planners Lookalike Segment,131110122694256392,Shelf Story Warm Voice,585790054530420953,Brand Awareness,1.53,215,0,181,11,5,38,22,6,0,23,19,198,0,0,0,18,69,0,0,0,0,0,0
2026-05-20,Discovery Network,Home Essentials Scale Initiative,Metro Region Loyalty Cohort,18477671,Weekend Deal Hunters Interest Segment,377247011822843168,Shelf Story Bold Voice,643135492237413482,Brand Awareness,115.65,39745,0,17437,943,0,0,0,0,0,0,0,0,0,0,0,784,699,0,0,0,0,0,0
2026-05-20,Shopping Grid,Home Essentials Scale Initiative,Metro Region Loyalty Cohort,18477671,Family Planners Lookalike Segment,446016762288579880,Shelf Story Bold Voice,113800263724801222,Brand Awareness,5.42,3267,0,2925,52,0,0,0,0,0,0,0,0,0,0,0,40,33,0,0,0,0,0,0
2026-05-20,Affiliate Network,Home Essentials Scale Initiative,Metro Region Loyalty Cohort,18477671,Quick Refill Buyers Retention Segment,680094259900990869,Shelf Story Bold Voice,769886055999783877,Brand Awareness,63.65,25264,0,20705,538,0,0,0,0,0,0,0,0,0,1,0,462,391,0,0,0,0,0,0
2026-05-20,Affiliate Network,Family Pantry Retention Initiative,East Region Conversion Cohort,18477671,Health Conscious Buyers Interest Segment,943420043678017518,Offer Spotlight Friendly Voice,106112622047393490,Brand Awareness,123.24,68583,0,73127,72,100,100,100,100,0,216,223,67993,0,0,0,12,2126,0,0,0,0,0,0
2026-05-20,In-App Display,Family Pantry Retention Initiative,East Region Conversion Cohort,18477671,Weekend Deal Hunters Interest Segment,101101667273139728,Offer Spotlight Friendly Voice,117593843375361956,Brand Awareness,12.73,7862,0,7750,6,22,100,73,38,0,23,21,6574,0,0,0,0,251,0,0,0,0,0,0
2026-05-20,Shopping Grid,Family Pantry Retention Initiative,East Region Conversion Cohort,18477671,Family Planners Interest Segment,176932253436870086,Offer Spotlight Friendly Voice,399151028293560484,Brand Awareness,97.83,50308,0,54226,60,100,100,100,100,0,169,142,55893,0,0,0,6,1703,0,0,0,0,0,0
2026-05-20,In-App Display,Weekend Saver Retention Initiative,Metro Region Loyalty Cohort,18477671,Weekend Deal Hunters Interest Segment,171618698486885946,Shelf Story Warm Voice,295612185318726350,Brand Awareness,51.55,4466,0,1664,5,100,100,100,100,0,3919,3774,4311,0,0,0,4,3771,0,0,0,0,0,0
2026-05-20,Display Network,Weekend Saver Retention Initiative,Metro Region Loyalty Cohort,18477671,Quick Refill Buyers Retention Segment,484793727686105209,Shelf Story Warm Voice,396951131450277495,Brand Awareness,0.84,268,0,264,0,71,100,100,96,0,69,74,277,0,0,0,0,215,0,0,0,0,0,0
2026-05-20,Affiliate Network,Weekend Saver Retention Initiative,Metro Region Loyalty Cohort,18477671,Health Conscious Buyers Interest Segment,138336101737243677,Shelf Story Warm Voice,857496427611882308,Brand Awareness,94.67,8334,0,3141,8,100,100,100,100,0,8127,5966,7508,0,0,0,7,6284,0,0,0,0,0,0
2026-05-20,Discovery Network,Home Essentials Scale Initiative,Metro Region Loyalty Cohort,18477671,Health Conscious Buyers Interest Segment,159508469974487548,Shelf Story Bold Voice,113329620542890551,Brand Awareness,81.97,32266,0,23948,647,0,0,0,0,0,0,0,0,0,0,0,574,464,0,0,0,0,0,0
2026-05-19,Retail Media Network,Family Pantry Retention Initiative,Metro Region Loyalty Cohort,18477671,Health Conscious Buyers Interest Segment,831767333222217053,Shelf Story Warm Voice,982160139961136392,Brand Awareness,20.21,2673,0,2476,154,100,100,100,100,0,579,475,2070,0,0,0,165,1103,0,0,0,0,0,0
2026-05-19,Affiliate Network,Family Pantry Retention Initiative,Metro Region Loyalty Cohort,18477671,Quick Refill Buyers Retention Segment,513232078006145092,Shelf Story Warm Voice,133729297815049595,Brand Awareness,8.20,999,0,821,56,6,100,90,9,0,103,89,1020,0,0,0,82,316,0,0,0,0,0,0
2026-05-19,Search Network,Family Pantry Retention Initiative,Metro Region Loyalty Cohort,18477671,Family Planners Lookalike Segment,131110122694256392,Shelf Story Warm Voice,585790054530420953,Brand Awareness,1.77,223,0,198,11,5,42,22,7,0,26,24,269,0,0,0,17,71,0,0,0,0,0,0
2026-05-19,Affiliate Network,Home Essentials Scale Initiative,Metro Region Loyalty Cohort,18477671,Weekend Deal Hunters Interest Segment,377247011822843168,Shelf Story Bold Voice,643135492237413482,Brand Awareness,144.89,63649,0,24999,1160,0,0,0,0,0,0,0,0,1,0,2,958,860,0,0,0,0,0,0
2026-05-19,Affiliate Network,Family Pantry Retention Initiative,Metro Region Loyalty Cohort,18477671,Weekend Deal Hunters Interest Segment,174176954196329732,Shelf Story Warm Voice,925460221944962698,Brand Awareness,106.2,11498,0,10496,999,100,100,100,100,0,2850,2523,11160,0,0,0,814,6091,0,0,0,0,0,0
2026-05-19,In-App Display,Home Essentials Scale Initiative,Metro Region Loyalty Cohort,18477671,Quick Refill Buyers Retention Segment,680094259900990869,Shelf Story Bold Voice,769886055999783877,Brand Awareness,41.06,25785,0,21540,379,0,0,0,0,0,0,0,0,0,1,0,313,240,0,0,0,0,0,0
2026-05-19,Social Feed,Home Essentials Scale Initiative,Metro Region Loyalty Cohort,18477671,Health Conscious Buyers Interest Segment,159508469974487548,Shelf Story Bold Voice,113329620542890551,Brand Awareness,56.38,32880,0,25633,523,0,0,0,0,0,0,0,0,0,0,0,429,311,0,0,0,0,0,0
2026-05-19,Discovery Network,Family Pantry Retention Initiative,East Region Conversion Cohort,18477671,Health Conscious Buyers Interest Segment,943420043678017518,Offer Spotlight Friendly Voice,106112622047393490,Brand Awareness,61.88,42356,0,43876,40,100,100,100,100,0,111,126,35713,1,0,0,9,1249,0,0,0,0,0,0
2026-05-19,Video Network,Family Pantry Retention Initiative,East Region Conversion Cohort,18477671,Family Planners Interest Segment,176932253436870086,Offer Spotlight Friendly Voice,399151028293560484,Brand Awareness,156.6,89908,0,97307,96,100,100,100,100,0,275,233,78957,0,0,0,14,2600,0,0,0,0,0,0
2026-05-19,Display Network,Weekend Saver Retention Initiative,Metro Region Loyalty Cohort,18477671,Weekend Deal Hunters Interest Segment,171618698486885946,Shelf Story Warm Voice,295612185318726350,Brand Awareness,53.43,5734,0,1534,12,100,100,100,100,0,4472,4174,5185,0,0,0,12,4635,0,0,0,0,0,0
2026-05-19,Connected TV,Weekend Saver Retention Initiative,Metro Region Loyalty Cohort,18477671,Quick Refill Buyers Retention Segment,484793727686105209,Shelf Story Warm Voice,396951131450277495,Brand Awareness,0.73,81,0,47,0,56,80,59,52,0,53,41,72,0,0,0,0,60,0,0,0,0,0,0
2026-05-19,Influencer Network,Weekend Saver Retention Initiative,Metro Region Loyalty Cohort,18477671,Health Conscious Buyers Interest Segment,138336101737243677,Shelf Story Warm Voice,857496427611882308,Brand Awareness,99.63,8909,0,2416,21,100,100,100,100,0,8380,8868,9158,0,0,0,15,8487,0,0,0,0,0,0
2026-05-19,Search Network,Family Pantry Retention Initiative,East Region Conversion Cohort,18477671,Weekend Deal Hunters Interest Segment,101101667273139728,Offer Spotlight Friendly Voice,117593843375361956,Brand Awareness,15.48,8081,0,8260,13,36,100,79,54,0,34,33,7044,0,0,0,4,324,0,0,0,0,0,0
2026-05-19,Influencer Network,Home Essentials Scale Initiative,Metro Region Loyalty Cohort,18477671,Family Planners Lookalike Segment,446016762288579880,Shelf Story Bold Voice,113800263724801222,Brand Awareness,14.90,5469,0,4145,107,0,0,0,0,0,0,0,0,0,0,0,89,89,0,0,0,0,0,0
2026-05-18,Affiliate Network,Weekend Saver Retention Initiative,Metro Region Loyalty Cohort,18477671,Health Conscious Buyers Interest Segment,138336101737243677,Shelf Story Warm Voice,857496427611882308,Brand Awareness,63.15,5357,0,1485,10,100,100,100,100,0,5053,4386,6165,0,0,0,7,5110,0,0,0,0,0,0
2026-05-18,Affiliate Network,Family Pantry Retention Initiative,East Region Conversion Cohort,18477671,Weekend Deal Hunters Interest Segment,101101667273139728,Offer Spotlight Friendly Voice,117593843375361956,Brand Awareness,27.55,18209,0,15204,20,66,100,100,99,0,60,54,12849,0,0,0,3,704,0,0,0,0,0,0
2026-05-18,Connected TV,Family Pantry Retention Initiative,East Region Conversion Cohort,18477671,Family Planners Interest Segment,176932253436870086,Offer Spotlight Friendly Voice,399151028293560484,Brand Awareness,80.17,55359,0,51656,49,100,100,100,100,0,144,131,52918,0,0,0,10,1753,0,0,0,0,0,0
2026-05-18,Connected TV,Weekend Saver Retention Initiative,Metro Region Loyalty Cohort,18477671,Weekend Deal Hunters Interest Segment,171618698486885946,Shelf Story Warm Voice,295612185318726350,Brand Awareness,113.48,10846,0,2744,22,100,100,100,100,0,8563,8721,9776,0,0,0,16,9271,0,0,0,0,0,0
2026-05-18,Display Network,Weekend Saver Retention Initiative,Metro Region Loyalty Cohort,18477671,Quick Refill Buyers Retention Segment,484793727686105209,Shelf Story Warm Voice,396951131450277495,Brand Awareness,1.08,103,0,33,0,97,100,94,100,0,101,99,112,0,0,0,0,97,0,0,0,0,0,0
2026-05-18,Marketplace Feed,Family Pantry Retention Initiative,Metro Region Loyalty Cohort,18477671,Weekend Deal Hunters Interest Segment,174176954196329732,Shelf Story Warm Voice,925460221944962698,Brand Awareness,117.70,12094,0,11416,963,100,100,100,100,0,2794,2497,12797,0,0,0,886,6878,0,0,0,0,0,0
2026-05-18,In-App Display,Family Pantry Retention Initiative,Metro Region Loyalty Cohort,18477671,Health Conscious Buyers Interest Segment,831767333222217053,Shelf Story Warm Voice,982160139961136392,Brand Awareness,13.87,2338,0,2121,135,95,100,100,88,0,365,384,1909,0,0,0,132,898,0,0,0,0,0,0
2026-05-18,Video Network,Home Essentials Scale Initiative,Metro Region Loyalty Cohort,18477671,Weekend Deal Hunters Interest Segment,377247011822843168,Shelf Story Bold Voice,643135492237413482,Brand Awareness,130.04,39100,0,21560,858,0,0,0,0,0,0,0,0,0,0,0,920,795,0,0,0,0,0,0
2026-05-18,Search Network,Family Pantry Retention Initiative,East Region Conversion Cohort,18477671,Health Conscious Buyers Interest Segment,943420043678017518,Offer Spotlight Friendly Voice,106112622047393490,Brand Awareness,95.76,55778,0,55307,83,100,100,100,100,0,206,172,48571,0,0,0,15,1942,0,0,0,0,0,0
2026-05-18,In-App Display,Family Pantry Retention Initiative,Metro Region Loyalty Cohort,18477671,Family Planners Lookalike Segment,131110122694256392,Shelf Story Warm Voice,585790054530420953,Brand Awareness,1.52,248,0,230,11,6,43,28,6,0,27,25,249,0,0,0,12,66,0,0,0,0,0,0
2026-05-18,Social Feed,Home Essentials Scale Initiative,Metro Region Loyalty Cohort,18477671,Family Planners Lookalike Segment,446016762288579880,Shelf Story Bold Voice,113800263724801222,Brand Awareness,10.03,3560,0,2747,75,0,0,0,0,0,0,0,0,0,0,0,64,65,0,0,0,0,0,0
2026-05-18,Connected TV,Home Essentials Scale Initiative,Metro Region Loyalty Cohort,18477671,Quick Refill Buyers Retention Segment,680094259900990869,Shelf Story Bold Voice,769886055999783877,Brand Awareness,52.02,23111,0,12737,474,0,0,0,0,0,0,0,0,1,0,0,376,311,0,0,0,0,0,0
2026-05-18,Shopping Grid,Home Essentials Scale Initiative,Metro Region Loyalty Cohort,18477671,Health Conscious Buyers Interest Segment,159508469974487548,Shelf Story Bold Voice,113329620542890551,Brand Awareness,65.22,24436,0,17819,463,0,0,0,0,0,0,0,0,0,0,0,439,362,0,0,0,0,0,0
2026-05-18,Display Network,Family Pantry Retention Initiative,Metro Region Loyalty Cohort,18477671,Quick Refill Buyers Retention Segment,513232078006145092,Shelf Story Warm Voice,133729297815049595,Brand Awareness,7.68,1015,0,892,65,8,100,91,14,0,88,90,1112,0,0,0,66,239,0,0,0,0,0,0
2026-05-17,Retail Media Network,Family Pantry Retention Initiative,Metro Region Loyalty Cohort,18477671,Weekend Deal Hunters Interest Segment,174176954196329732,Shelf Story Warm Voice,925460221944962698,Brand Awareness,110.48,14458,0,13035,1073,100,100,100,100,0,3336,2793,13229,1,0,0,884,6241,0,0,0,0,0,0
2026-05-17,Search Network,Family Pantry Retention Initiative,Metro Region Loyalty Cohort,18477671,Health Conscious Buyers Interest Segment,831767333222217053,Shelf Story Warm Voice,982160139961136392,Brand Awareness,12.4,2357,0,2625,135,100,100,100,100,0,382,428,2116,0,0,0,136,1040,0,0,0,0,0,0
2026-05-17,Retail Media Network,Family Pantry Retention Initiative,Metro Region Loyalty Cohort,18477671,Quick Refill Buyers Retention Segment,513232078006145092,Shelf Story Warm Voice,133729297815049595,Brand Awareness,5.34,776,0,660,48,2,98,66,4,0,66,51,779,0,0,0,49,175,0,0,0,0,0,0
2026-05-17,Influencer Network,Family Pantry Retention Initiative,Metro Region Loyalty Cohort,18477671,Family Planners Lookalike Segment,131110122694256392,Shelf Story Warm Voice,585790054530420953,Brand Awareness,1.88,233,0,234,13,2,40,27,4,0,24,24,222,0,0,0,19,81,0,0,0,0,0,0
2026-05-17,Shopping Grid,Home Essentials Scale Initiative,Metro Region Loyalty Cohort,18477671,Weekend Deal Hunters Interest Segment,377247011822843168,Shelf Story Bold Voice,643135492237413482,Brand Awareness,110.09,51862,0,23625,1017,0,0,0,0,0,0,0,0,0,0,0,984,751,0,0,0,0,0,0
2026-05-17,Affiliate Network,Home Essentials Scale Initiative,Metro Region Loyalty Cohort,18477671,Family Planners Lookalike Segment,446016762288579880,Shelf Story Bold Voice,113800263724801222,Brand Awareness,6.90,2816,0,2130,49,0,0,0,0,0,0,0,0,0,0,0,50,43,0,0,0,0,0,0
2026-05-17,Social Feed,Home Essentials Scale Initiative,Metro Region Loyalty Cohort,18477671,Quick Refill Buyers Retention Segment,680094259900990869,Shelf Story Bold Voice,769886055999783877,Brand Awareness,70.87,31402,0,19715,656,0,0,0,0,0,0,0,0,4,0,0,633,482,0,0,0,0,0,0
2026-05-17,Social Feed,Home Essentials Scale Initiative,Metro Region Loyalty Cohort,18477671,Health Conscious Buyers Interest Segment,159508469974487548,Shelf Story Bold Voice,113329620542890551,Brand Awareness,49.3,22965,0,18298,394,0,0,0,0,0,0,0,0,0,0,0,328,290,0,0,0,0,0,0
2026-05-17,Display Network,Home Essentials Promo Initiative,Metro Region Conversion Cohort,18477671,Weekend Deal Hunters Interest Segment,568259978699904428,Collection Showcase Warm Voice,441303141215903350,Brand Awareness,0,0,0,0,0,0,0,0,0,0,0,0,0,0,0,0,0,0,0,0,0,0,0,0
2026-05-17,Marketplace Feed,Home Essentials Promo Initiative,Metro Region Conversion Cohort,18477671,Family Planners Lookalike Segment,120266429594337592,Collection Showcase Warm Voice,568988315423701849,Brand Awareness,0,0,0,0,0,0,0,0,0,0,0,0,0,0,0,0,0,0,0,0,0,0,0,0
2026-05-17,Retail Media Network,Weekend Saver Retention Initiative,Metro Region Loyalty Cohort,18477671,Weekend Deal Hunters Interest Segment,171618698486885946,Shelf Story Warm Voice,295612185318726350,Brand Awareness,95.52,7650,0,2785,15,100,100,100,100,0,8166,7629,8460,0,0,0,14,8045,0,0,0,0,0,0
2026-05-17,Social Feed,Weekend Saver Retention Initiative,Metro Region Loyalty Cohort,18477671,Quick Refill Buyers Retention Segment,484793727686105209,Shelf Story Warm Voice,396951131450277495,Brand Awareness,0.77,120,0,68,0,64,100,73,67,0,72,67,118,0,0,0,0,104,0,0,0,0,0,0
2026-05-17,Discovery Network,Weekend Saver Retention Initiative,Metro Region Loyalty Cohort,18477671,Health Conscious Buyers Interest Segment,138336101737243677,Shelf Story Warm Voice,857496427611882308,Brand Awareness,71.07,7075,0,1860,12,100,100,100,100,0,7209,6327,6596,0,0,0,10,5578,0,0,0,0,0,0
2026-05-16,In-App Display,Family Pantry Retention Initiative,Metro Region Loyalty Cohort,18477671,Quick Refill Buyers Retention Segment,513232078006145092,Shelf Story Warm Voice,133729297815049595,Brand Awareness,4.5,705,0,567,47,2,100,77,3,0,65,66,547,0,0,0,47,177,0,0,0,0,0,0
2026-05-16,Marketplace Feed,Home Essentials Scale Initiative,Metro Region Loyalty Cohort,18477671,Weekend Deal Hunters Interest Segment,377247011822843168,Shelf Story Bold Voice,643135492237413482,Brand Awareness,132.70,40755,0,21012,1096,0,0,0,0,0,0,0,0,0,0,0,1220,1144,0,0,0,0,0,0
2026-05-16,Search Network,Home Essentials Scale Initiative,Metro Region Loyalty Cohort,18477671,Family Planners Lookalike Segment,446016762288579880,Shelf Story Bold Voice,113800263724801222,Brand Awareness,8.30,3976,0,2878,76,0,0,0,0,0,0,0,0,0,0,0,71,64,0,0,0,0,0,0
2026-05-16,Connected TV,Home Essentials Scale Initiative,Metro Region Loyalty Cohort,18477671,Quick Refill Buyers Retention Segment,680094259900990869,Shelf Story Bold Voice,769886055999783877,Brand Awareness,63.02,21212,0,12821,477,0,0,0,0,0,0,0,0,0,0,0,427,365,0,0,0,0,0,0
2026-05-16,Marketplace Feed,Home Essentials Scale Initiative,Metro Region Loyalty Cohort,18477671,Health Conscious Buyers Interest Segment,159508469974487548,Shelf Story Bold Voice,113329620542890551,Brand Awareness,65.32,24446,0,16310,585,0,0,0,0,0,0,0,0,1,0,0,434,450,0,0,0,0,0,0
2026-05-16,Affiliate Network,Home Essentials Promo Initiative,Metro Region Conversion Cohort,18477671,Weekend Deal Hunters Interest Segment,568259978699904428,Collection Showcase Warm Voice,441303141215903350,Brand Awareness,0,0,0,0,0,0,0,0,0,0,0,0,0,0,0,0,0,0,0,0,0,0,0,0
2026-05-16,Search Network,Home Essentials Promo Initiative,Metro Region Conversion Cohort,18477671,Family Planners Lookalike Segment,120266429594337592,Collection Showcase Warm Voice,568988315423701849,Brand Awareness,0,0,0,0,0,0,0,0,0,0,0,0,0,0,0,0,0,0,0,0,0,0,0,0
2026-05-16,Discovery Network,Weekend Saver Retention Initiative,Metro Region Loyalty Cohort,18477671,Quick Refill Buyers Retention Segment,484793727686105209,Shelf Story Warm Voice,396951131450277495,Brand Awareness,0.95,293,0,216,0,91,100,100,100,0,102,80,225,0,0,0,0,178,0,0,0,0,0,0
2026-05-16,In-App Display,Family Pantry Retention Initiative,Metro Region Loyalty Cohort,18477671,Family Planners Lookalike Segment,131110122694256392,Shelf Story Warm Voice,585790054530420953,Brand Awareness,2.07,372,0,372,14,3,48,32,2,0,31,23,167,0,0,0,13,77,0,0,0,0,0,0
2026-05-16,Shopping Grid,Weekend Saver Retention Initiative,Metro Region Loyalty Cohort,18477671,Health Conscious Buyers Interest Segment,138336101737243677,Shelf Story Warm Voice,857496427611882308,Brand Awareness,126.06,12121,0,3363,12,100,100,100,100,0,13160,12024,14009,0,0,0,11,13502,0,0,0,0,0,0
2026-05-16,Discovery Network,Family Pantry Retention Initiative,Metro Region Loyalty Cohort,18477671,Weekend Deal Hunters Interest Segment,174176954196329732,Shelf Story Warm Voice,925460221944962698,Brand Awareness,132,12274,0,12340,1066,100,100,100,100,0,2971,2864,13476,1,0,0,944,6975,0,0,0,0,0,0
2026-05-16,Video Network,Weekend Saver Retention Initiative,Metro Region Loyalty Cohort,18477671,Weekend Deal Hunters Interest Segment,171618698486885946,Shelf Story Warm Voice,295612185318726350,Brand Awareness,70.11,6584,0,2358,6,100,100,100,100,0,6869,5811,6622,0,0,0,5,5591,0,0,0,0,0,0
2026-05-16,Retail Media Network,Family Pantry Retention Initiative,Metro Region Loyalty Cohort,18477671,Health Conscious Buyers Interest Segment,831767333222217053,Shelf Story Warm Voice,982160139961136392,Brand Awareness,10.50,1879,0,2255,107,53,100,100,53,0,319,254,1848,0,0,0,109,940,0,0,0,0,0,0
2026-05-15,Connected TV,Family Pantry Retention Initiative,Metro Region Loyalty Cohort,18477671,Weekend Deal Hunters Interest Segment,174176954196329732,Shelf Story Warm Voice,925460221944962698,Brand Awareness,112.25,13331,0,12112,927,100,100,100,100,0,2817,2349,15542,0,0,0,825,6102,0,0,0,0,0,0
2026-05-15,Retail Media Network,Family Pantry Retention Initiative,Metro Region Loyalty Cohort,18477671,Health Conscious Buyers Interest Segment,831767333222217053,Shelf Story Warm Voice,982160139961136392,Brand Awareness,11.34,1632,0,1522,111,26,100,100,29,0,233,212,1493,0,0,0,88,701,0,0,0,0,0,0
2026-05-15,Influencer Network,Home Essentials Promo Initiative,Metro Region Conversion Cohort,18477671,Weekend Deal Hunters Interest Segment,568259978699904428,Collection Showcase Warm Voice,441303141215903350,Brand Awareness,0,0,0,0,0,0,0,0,0,0,0,0,0,0,0,0,0,0,0,0,0,0,0,0
2026-05-15,Video Network,Weekend Saver Retention Initiative,Metro Region Loyalty Cohort,18477671,Health Conscious Buyers Interest Segment,138336101737243677,Shelf Story Warm Voice,857496427611882308,Brand Awareness,131.52,10768,0,3667,43,100,100,100,100,0,12271,9409,10678,0,0,0,34,9512,0,0,0,0,0,0
2026-05-15,Search Network,Weekend Saver Retention Initiative,Metro Region Loyalty Cohort,18477671,Weekend Deal Hunters Interest Segment,171618698486885946,Shelf Story Warm Voice,295612185318726350,Brand Awareness,89.09,8347,0,3330,18,100,100,100,100,0,8433,6477,8715,0,0,0,18,7153,0,0,0,0,0,0
2026-05-15,Connected TV,Home Essentials Promo Initiative,Metro Region Conversion Cohort,18477671,Family Planners Lookalike Segment,120266429594337592,Collection Showcase Warm Voice,568988315423701849,Brand Awareness,0,0,0,0,0,0,0,0,0,0,0,0,0,0,0,0,0,0,0,0,0,0,0,0
2026-05-15,Marketplace Feed,Family Pantry Retention Initiative,Metro Region Loyalty Cohort,18477671,Weekend Deal Hunters Interest Segment,103203639111536721,Price Drop Cut Direct Voice,795160295748965064,Brand Awareness,0,0,0,0,0,0,0,0,0,0,0,0,0,0,0,0,0,0,0,0,0,0,0,0
2026-05-15,Display Network,Family Pantry Retention Initiative,Metro Region Loyalty Cohort,18477671,Quick Refill Buyers Retention Segment,513232078006145092,Shelf Story Warm Voice,133729297815049595,Brand Awareness,8.08,803,0,787,65,5,100,82,7,0,67,59,863,0,0,0,66,244,0,0,0,0,0,0
2026-05-15,Connected TV,Family Pantry Retention Initiative,Metro Region Loyalty Cohort,18477671,Family Planners Lookalike Segment,131110122694256392,Shelf Story Warm Voice,585790054530420953,Brand Awareness,0.85,118,0,104,7,1,18,14,1,0,16,13,65,0,0,0,8,30,0,0,0,0,0,0
2026-05-15,Marketplace Feed,Home Essentials Scale Initiative,Metro Region Loyalty Cohort,18477671,Weekend Deal Hunters Interest Segment,377247011822843168,Shelf Story Bold Voice,643135492237413482,Brand Awareness,76.31,32082,0,20721,613,0,0,0,0,0,0,0,0,0,0,0,597,557,0,0,0,0,0,0
2026-05-15,Social Feed,Home Essentials Scale Initiative,Metro Region Loyalty Cohort,18477671,Family Planners Lookalike Segment,446016762288579880,Shelf Story Bold Voice,113800263724801222,Brand Awareness,11.2,5000,0,5213,98,0,0,0,0,0,0,0,0,0,0,0,76,71,0,0,0,0,0,0
2026-05-15,In-App Display,Weekend Saver Retention Initiative,Metro Region Loyalty Cohort,18477671,Quick Refill Buyers Retention Segment,484793727686105209,Shelf Story Warm Voice,396951131450277495,Brand Awareness,0.24,115,0,121,0,18,90,46,21,0,22,20,105,0,0,0,0,67,0,0,0,0,0,0
2026-05-15,In-App Display,Home Essentials Scale Initiative,Metro Region Loyalty Cohort,18477671,Health Conscious Buyers Interest Segment,159508469974487548,Shelf Story Bold Voice,113329620542890551,Brand Awareness,48.80,23057,0,21084,426,0,0,0,0,0,0,0,0,0,0,0,317,306,0,0,0,0,0,0
2026-05-15,Marketplace Feed,Home Essentials Scale Initiative,Metro Region Loyalty Cohort,18477671,Quick Refill Buyers Retention Segment,680094259900990869,Shelf Story Bold Voice,769886055999783877,Brand Awareness,106.32,35625,0,29312,820,0,0,0,0,0,0,0,0,0,0,0,760,597,0,0,0,0,0,0
2026-05-14,Connected TV,Family Pantry Retention Initiative,Metro Region Loyalty Cohort,18477671,Weekend Deal Hunters Interest Segment,174176954196329732,Shelf Story Warm Voice,925460221944962698,Brand Awareness,122.33,15814,0,11324,1024,100,100,100,100,0,2695,2950,14207,0,0,0,938,6797,0,0,0,0,0,0
2026-05-14,Affiliate Network,Family Pantry Retention Initiative,Metro Region Loyalty Cohort,18477671,Health Conscious Buyers Interest Segment,831767333222217053,Shelf Story Warm Voice,982160139961136392,Brand Awareness,16.07,2419,0,2415,158,37,100,100,53,0,444,349,2187,0,0,0,145,1122,0,0,0,0,0,0
2026-05-14,Affiliate Network,Family Pantry Retention Initiative,Metro Region Loyalty Cohort,18477671,Quick Refill Buyers Retention Segment,513232078006145092,Shelf Story Warm Voice,133729297815049595,Brand Awareness,8.99,1104,0,828,79,6,100,94,8,0,106,85,896,0,0,0,89,315,0,0,0,0,0,0
2026-05-14,Social Feed,Family Pantry Retention Initiative,Metro Region Loyalty Cohort,18477671,Family Planners Lookalike Segment,131110122694256392,Shelf Story Warm Voice,585790054530420953,Brand Awareness,1.07,151,0,117,12,1,17,10,1,0,9,10,117,0,0,0,10,47,0,0,0,0,0,0
2026-05-14,Shopping Grid,Home Essentials Scale Initiative,Metro Region Loyalty Cohort,18477671,Weekend Deal Hunters Interest Segment,377247011822843168,Shelf Story Bold Voice,643135492237413482,Brand Awareness,49.71,26156,0,21201,446,0,0,0,0,0,0,0,0,0,0,0,343,347,0,0,0,0,0,0
2026-05-14,Connected TV,Home Essentials Scale Initiative,Metro Region Loyalty Cohort,18477671,Quick Refill Buyers Retention Segment,680094259900990869,Shelf Story Bold Voice,769886055999783877,Brand Awareness,88.0,43835,0,38174,874,0,0,0,0,0,0,0,0,0,0,0,580,597,0,0,0,0,0,0
2026-05-14,Marketplace Feed,Home Essentials Scale Initiative,Metro Region Loyalty Cohort,18477671,Health Conscious Buyers Interest Segment,159508469974487548,Shelf Story Bold Voice,113329620542890551,Brand Awareness,84.07,32793,0,25787,763,0,0,0,0,0,0,0,0,1,0,0,492,425,0,0,0,0,0,0
2026-05-14,Display Network,Home Essentials Promo Initiative,Metro Region Conversion Cohort,18477671,Family Planners Lookalike Segment,120266429594337592,Collection Showcase Warm Voice,568988315423701849,Brand Awareness,0,0,0,0,0,0,0,0,0,0,0,0,0,0,0,0,0,0,0,0,0,0,0,0
2026-05-14,Retail Media Network,Weekend Saver Retention Initiative,Metro Region Loyalty Cohort,18477671,Weekend Deal Hunters Interest Segment,171618698486885946,Shelf Story Warm Voice,295612185318726350,Brand Awareness,45.26,4406,0,2935,17,100,100,100,100,0,2791,2554,3761,0,0,0,14,3412,0,0,0,0,0,0
2026-05-14,Retail Media Network,Weekend Saver Retention Initiative,Metro Region Loyalty Cohort,18477671,Quick Refill Buyers Retention Segment,484793727686105209,Shelf Story Warm Voice,396951131450277495,Brand Awareness,0.30,30,0,32,0,20,30,19,18,0,19,17,33,0,0,0,0,21,0,0,0,0,0,0
2026-05-14,Display Network,Weekend Saver Retention Initiative,Metro Region Loyalty Cohort,18477671,Health Conscious Buyers Interest Segment,138336101737243677,Shelf Story Warm Voice,857496427611882308,Brand Awareness,125.76,10796,0,6235,39,100,100,100,100,0,8086,7146,11755,0,0,0,32,8987,0,0,0,0,0,0
2026-05-14,Discovery Network,Home Essentials Scale Initiative,Metro Region Loyalty Cohort,18477671,Family Planners Lookalike Segment,446016762288579880,Shelf Story Bold Voice,113800263724801222,Brand Awareness,15.96,7478,0,7007,137,0,0,0,0,0,0,0,0,0,0,0,101,95,0,0,0,0,0,0
2026-05-14,Retail Media Network,Home Essentials Promo Initiative,Metro Region Conversion Cohort,18477671,Weekend Deal Hunters Interest Segment,568259978699904428,Collection Showcase Warm Voice,441303141215903350,Brand Awareness,0,0,0,0,0,0,0,0,0,0,0,0,0,0,0,0,0,0,0,0,0,0,0,0
2026-05-13,Discovery Network,Home Essentials Scale Initiative,Metro Region Loyalty Cohort,18477671,Weekend Deal Hunters Interest Segment,377247011822843168,Shelf Story Bold Voice,643135492237413482,Brand Awareness,93.46,49224,0,29719,803,0,0,0,0,0,0,0,0,1,0,0,543,511,0,0,0,0,0,0
2026-05-13,Discovery Network,Home Essentials Scale Initiative,Metro Region Loyalty Cohort,18477671,Family Planners Lookalike Segment,446016762288579880,Shelf Story Bold Voice,113800263724801222,Brand Awareness,25.94,15185,0,8351,274,0,0,0,0,0,0,0,0,0,0,0,192,185,0,0,0,0,0,0
2026-05-13,Connected TV,Home Essentials Scale Initiative,Metro Region Loyalty Cohort,18477671,Quick Refill Buyers Retention Segment,680094259900990869,Shelf Story Bold Voice,769886055999783877,Brand Awareness,83.45,39008,0,41087,765,0,0,0,0,0,0,0,0,0,0,0,494,529,0,0,0,0,0,0
2026-05-13,Display Network,Home Essentials Scale Initiative,Metro Region Loyalty Cohort,18477671,Health Conscious Buyers Interest Segment,159508469974487548,Shelf Story Bold Voice,113329620542890551,Brand Awareness,50.49,20954,0,13364,386,0,0,0,0,0,0,0,0,0,0,0,305,257,0,0,0,0,0,0
2026-05-13,Display Network,Home Essentials Promo Initiative,Metro Region Conversion Cohort,18477671,Weekend Deal Hunters Interest Segment,568259978699904428,Collection Showcase Warm Voice,441303141215903350,Brand Awareness,0,0,0,0,0,0,0,0,0,0,0,0,0,0,0,0,0,0,0,0,0,0,0,0
2026-05-13,Retail Media Network,Family Pantry Retention Initiative,Metro Region Loyalty Cohort,18477671,Weekend Deal Hunters Interest Segment,103203639111536721,Price Drop Cut Direct Voice,795160295748965064,Brand Awareness,0,0,0,0,0,0,0,0,0,0,0,0,0,0,0,0,0,0,0,0,0,0,0,0
2026-05-13,Search Network,Family Pantry Retention Initiative,Metro Region Loyalty Cohort,18477671,Health Conscious Buyers Interest Segment,871985878315331461,Price Drop Cut Direct Voice,110537144815999554,Brand Awareness,0,0,0,0,0,0,0,0,0,0,0,0,0,0,0,0,0,0,0,0,0,0,0,0
2026-05-13,Social Feed,Family Pantry Retention Initiative,Metro Region Loyalty Cohort,18477671,Weekend Deal Hunters Interest Segment,174176954196329732,Shelf Story Warm Voice,925460221944962698,Brand Awareness,109.73,14707,0,11603,951,100,100,100,100,0,2843,2531,12833,0,0,0,915,6214,0,0,0,0,0,0
2026-05-13,Search Network,Family Pantry Retention Initiative,Metro Region Loyalty Cohort,18477671,Health Conscious Buyers Interest Segment,831767333222217053,Shelf Story Warm Voice,982160139961136392,Brand Awareness,15.70,2232,0,2636,158,22,100,100,24,0,353,355,2048,0,0,0,153,863,0,0,0,0,0,0
2026-05-13,Display Network,Family Pantry Retention Initiative,Metro Region Loyalty Cohort,18477671,Quick Refill Buyers Retention Segment,513232078006145092,Shelf Story Warm Voice,133729297815049595,Brand Awareness,5.05,595,0,505,37,5,100,62,8,0,68,56,678,0,0,0,31,192,0,0,0,0,0,0
2026-05-13,Influencer Network,Family Pantry Retention Initiative,Metro Region Loyalty Cohort,18477671,Family Planners Lookalike Segment,131110122694256392,Shelf Story Warm Voice,585790054530420953,Brand Awareness,1.60,172,0,155,10,1,30,20,1,0,18,16,138,0,0,0,14,50,0,0,0,0,0,0
2026-05-13,Shopping Grid,Home Essentials Promo Initiative,Metro Region Conversion Cohort,18477671,Family Planners Lookalike Segment,120266429594337592,Collection Showcase Warm Voice,568988315423701849,Brand Awareness,0,0,0,0,0,0,0,0,0,0,0,0,0,0,0,0,0,0,0,0,0,0,0,0
2026-05-12,Connected TV,Family Pantry Retention Initiative,Metro Region Loyalty Cohort,18477671,Family Planners Lookalike Segment,131110122694256392,Shelf Story Warm Voice,585790054530420953,Brand Awareness,1.82,222,0,195,18,2,38,18,3,0,19,18,190,0,0,0,17,75,0,0,0,0,0,0
2026-05-12,Influencer Network,Family Pantry Retention Initiative,Metro Region Loyalty Cohort,18477671,Health Conscious Buyers Interest Segment,871985878315331461,Price Drop Cut Direct Voice,110537144815999554,Brand Awareness,79.96,8070,0,2311,15,100,100,100,100,0,8222,8176,9336,0,0,0,13,7713,0,0,0,0,0,0
2026-05-12,Social Feed,Family Pantry Retention Initiative,Metro Region Loyalty Cohort,18477671,Weekend Deal Hunters Interest Segment,174176954196329732,Shelf Story Warm Voice,925460221944962698,Brand Awareness,113.36,13542,0,14380,1159,100,100,100,100,0,3327,2560,15692,0,0,0,894,6811,0,0,0,0,0,0
2026-05-12,Shopping Grid,Family Pantry Retention Initiative,Metro Region Loyalty Cohort,18477671,Health Conscious Buyers Interest Segment,831767333222217053,Shelf Story Warm Voice,982160139961136392,Brand Awareness,20.20,3260,0,2636,159,22,100,100,30,0,534,486,2862,0,0,0,154,1212,0,0,0,0,0,0
2026-05-12,Retail Media Network,Family Pantry Retention Initiative,Metro Region Loyalty Cohort,18477671,Quick Refill Buyers Retention Segment,513232078006145092,Shelf Story Warm Voice,133729297815049595,Brand Awareness,4.29,589,0,574,37,4,95,63,4,0,57,55,592,0,0,0,30,186,0,0,0,0,0,0
2026-05-12,Marketplace Feed,Home Essentials Scale Initiative,Metro Region Loyalty Cohort,18477671,Weekend Deal Hunters Interest Segment,377247011822843168,Shelf Story Bold Voice,643135492237413482,Brand Awareness,60.08,40428,0,24719,570,0,0,0,0,0,0,0,0,0,0,0,505,437,0,0,0,0,0,0
2026-05-12,In-App Display,Home Essentials Scale Initiative,Metro Region Loyalty Cohort,18477671,Family Planners Lookalike Segment,446016762288579880,Shelf Story Bold Voice,113800263724801222,Brand Awareness,15.80,12038,0,10041,141,0,0,0,0,0,0,0,0,1,0,0,100,94,0,0,0,0,0,0
2026-05-12,In-App Display,Home Essentials Scale Initiative,Metro Region Loyalty Cohort,18477671,Quick Refill Buyers Retention Segment,680094259900990869,Shelf Story Bold Voice,769886055999783877,Brand Awareness,126.72,99782,0,80994,1282,0,0,0,0,0,0,0,0,1,0,0,967,1016,0,0,0,0,0,0
2026-05-12,Shopping Grid,Home Essentials Scale Initiative,Metro Region Loyalty Cohort,18477671,Health Conscious Buyers Interest Segment,159508469974487548,Shelf Story Bold Voice,113329620542890551,Brand Awareness,18.0,11895,0,11291,187,0,0,0,0,0,0,0,0,0,0,0,136,114,0,0,0,0,0,0
2026-05-12,Retail Media Network,Home Essentials Promo Initiative,Metro Region Conversion Cohort,18477671,Weekend Deal Hunters Interest Segment,568259978699904428,Collection Showcase Warm Voice,441303141215903350,Brand Awareness,0,0,0,0,0,0,0,0,0,0,0,0,0,0,0,0,0,0,0,0,0,0,0,0
2026-05-12,Discovery Network,Home Essentials Promo Initiative,Metro Region Conversion Cohort,18477671,Family Planners Lookalike Segment,120266429594337592,Collection Showcase Warm Voice,568988315423701849,Brand Awareness,0,0,0,0,0,0,0,0,0,0,0,0,0,0,0,0,0,0,0,0,0,0,0,0
2026-05-12,Shopping Grid,Family Pantry Retention Initiative,Metro Region Loyalty Cohort,18477671,Weekend Deal Hunters Interest Segment,103203639111536721,Price Drop Cut Direct Voice,795160295748965064,Brand Awareness,46.49,4177,0,1357,10,100,100,100,100,0,3808,3871,3858,0,0,0,8,4140,0,0,0,0,0,0
2026-05-12,Discovery Network,Family Pantry Retention Initiative,Metro Region Loyalty Cohort,18477671,Quick Refill Buyers Retention Segment,101111115174694327,Price Drop Cut Direct Voice,837770672147982289,Brand Awareness,0.27,161,0,162,0,31,100,77,44,0,34,31,130,0,0,0,0,99,0,0,0,0,0,0
2026-05-11,Shopping Grid,Family Pantry Retention Initiative,Metro Region Loyalty Cohort,18477671,Health Conscious Buyers Interest Segment,871985878315331461,Price Drop Cut Direct Voice,110537144815999554,Brand Awareness,95.3,7309,0,2588,11,100,100,100,100,0,7050,7534,8636,0,0,0,9,7713,0,0,0,0,0,0
2026-05-11,Video Network,Family Pantry Retention Initiative,Metro Region Loyalty Cohort,18477671,Quick Refill Buyers Retention Segment,101111115174694327,Price Drop Cut Direct Voice,837770672147982289,Brand Awareness,0.61,383,0,361,0,62,100,100,95,0,57,63,360,0,0,0,0,247,0,0,0,0,0,0
2026-05-11,Connected TV,Home Essentials Scale Initiative,Metro Region Loyalty Cohort,18477671,Health Conscious Buyers Interest Segment,159508469974487548,Shelf Story Bold Voice,113329620542890551,Brand Awareness,13.86,13434,0,10939,145,0,0,0,0,0,0,0,0,0,0,0,108,93,0,0,0,0,0,0
2026-05-11,Connected TV,Family Pantry Retention Initiative,Metro Region Loyalty Cohort,18477671,Weekend Deal Hunters Interest Segment,174176954196329732,Shelf Story Warm Voice,925460221944962698,Brand Awareness,123.66,14184,0,13716,1076,100,100,100,100,0,3581,3474,15291,0,0,0,1061,8473,0,0,0,0,0,0
2026-05-11,Social Feed,Family Pantry Retention Initiative,Metro Region Loyalty Cohort,18477671,Health Conscious Buyers Interest Segment,831767333222217053,Shelf Story Warm Voice,982160139961136392,Brand Awareness,20.97,3884,0,3254,200,20,100,100,30,0,719,745,3710,0,0,0,177,1799,0,0,0,0,0,0
2026-05-11,Display Network,Family Pantry Retention Initiative,Metro Region Loyalty Cohort,18477671,Quick Refill Buyers Retention Segment,513232078006145092,Shelf Story Warm Voice,133729297815049595,Brand Awareness,4.8,409,0,387,44,3,100,71,2,0,68,60,478,0,0,0,45,190,0,0,0,0,0,0
2026-05-11,Display Network,Family Pantry Retention Initiative,Metro Region Loyalty Cohort,18477671,Family Planners Lookalike Segment,131110122694256392,Shelf Story Warm Voice,585790054530420953,Brand Awareness,1.5,151,0,143,11,0,25,13,1,0,11,12,133,0,0,0,9,49,0,0,0,0,0,0
2026-05-11,Display Network,Home Essentials Scale Initiative,Metro Region Loyalty Cohort,18477671,Quick Refill Buyers Retention Segment,904306999983636892,Shelf Story Bold Voice,331629093166289619,Brand Awareness,0,0,0,0,0,0,0,0,0,0,0,0,0,0,0,0,0,0,0,0,0,0,0,0
2026-05-11,Affiliate Network,Home Essentials Scale Initiative,Metro Region Loyalty Cohort,18477671,Family Planners Lookalike Segment,105822959293344436,Shelf Story Bold Voice,111348416253375468,Brand Awareness,0,0,0,0,0,0,0,0,0,0,0,0,0,0,0,0,0,0,0,0,0,0,0,0
2026-05-11,Discovery Network,Home Essentials Scale Initiative,Metro Region Loyalty Cohort,18477671,Weekend Deal Hunters Interest Segment,377247011822843168,Shelf Story Bold Voice,643135492237413482,Brand Awareness,93.19,79162,0,46080,927,0,0,0,0,0,0,0,0,0,0,0,923,671,0,0,0,0,0,0
2026-05-11,Search Network,Home Essentials Scale Initiative,Metro Region Loyalty Cohort,18477671,Family Planners Lookalike Segment,446016762288579880,Shelf Story Bold Voice,113800263724801222,Brand Awareness,18.07,24277,0,16071,207,0,0,0,0,0,0,0,0,0,0,0,154,138,0,0,0,0,0,0
2026-05-11,Retail Media Network,Home Essentials Scale Initiative,Metro Region Loyalty Cohort,18477671,Quick Refill Buyers Retention Segment,680094259900990869,Shelf Story Bold Voice,769886055999783877,Brand Awareness,98.00,84855,0,60261,1016,0,0,0,0,0,0,0,0,2,0,2,861,672,0,0,0,0,0,0
2026-05-11,Connected TV,Home Essentials Promo Initiative,Metro Region Conversion Cohort,18477671,Weekend Deal Hunters Interest Segment,568259978699904428,Collection Showcase Warm Voice,441303141215903350,Brand Awareness,0,0,0,0,0,0,0,0,0,0,0,0,0,0,0,0,0,0,0,0,0,0,0,0
2026-05-11,Social Feed,Home Essentials Promo Initiative,Metro Region Conversion Cohort,18477671,Family Planners Lookalike Segment,120266429594337592,Collection Showcase Warm Voice,568988315423701849,Brand Awareness,0,0,0,0,0,0,0,0,0,0,0,0,0,0,0,0,0,0,0,0,0,0,0,0
2026-05-11,Discovery Network,Family Pantry Retention Initiative,Metro Region Loyalty Cohort,18477671,Weekend Deal Hunters Interest Segment,103203639111536721,Price Drop Cut Direct Voice,795160295748965064,Brand Awareness,75.91,5824,0,1854,19,100,100,100,100,0,5975,5253,6449,0,0,0,16,5310,0,0,0,0,0,0
2026-05-10,Social Feed,Home Essentials Promo Initiative,Metro Region Conversion Cohort,18477671,Family Planners Lookalike Segment,120266429594337592,Collection Showcase Warm Voice,568988315423701849,Brand Awareness,350.26,276806,0,46448,2835,0,0,0,0,0,0,0,0,0,0,0,2810,2519,0,0,0,0,0,0
2026-05-10,Affiliate Network,Weekend Saver Retention Initiative,East Region Conversion Cohort,18477671,Family Planners Interest Segment,163033400066214072,Price Drop Cut Direct Voice,652642569425864784,Brand Awareness,0,0,0,0,0,0,0,0,0,0,0,0,0,0,0,0,0,0,0,0,0,0,0,0
2026-05-10,Display Network,Weekend Saver Retention Initiative,East Region Conversion Cohort,18477671,Weekend Deal Hunters Interest Segment,170774182137491988,Price Drop Cut Direct Voice,994869123933960279,Brand Awareness,0,0,0,0,0,0,0,0,0,0,0,0,0,0,0,0,0,0,0,0,0,0,0,0
2026-05-10,Marketplace Feed,Weekend Saver Retention Initiative,East Region Conversion Cohort,18477671,Health Conscious Buyers Interest Segment,164123536480795593,Price Drop Cut Direct Voice,152285551965647520,Brand Awareness,0,0,0,0,0,0,0,0,0,0,0,0,0,0,0,0,0,0,0,0,0,0,0,0
2026-05-10,Shopping Grid,Family Pantry Retention Initiative,Metro Region Loyalty Cohort,18477671,Weekend Deal Hunters Interest Segment,174176954196329732,Shelf Story Warm Voice,925460221944962698,Brand Awareness,101.73,13345,0,13788,1098,100,100,100,100,0,2647,2441,12791,1,0,0,997,7286,0,0,0,0,0,0
2026-05-10,Discovery Network,Family Pantry Retention Initiative,Metro Region Loyalty Cohort,18477671,Health Conscious Buyers Interest Segment,831767333222217053,Shelf Story Warm Voice,982160139961136392,Brand Awareness,23.47,3845,0,3597,256,19,100,100,26,0,639,574,3824,0,0,0,203,1315,0,0,0,0,0,0
2026-05-10,Video Network,Family Pantry Retention Initiative,Metro Region Loyalty Cohort,18477671,Quick Refill Buyers Retention Segment,513232078006145092,Shelf Story Warm Voice,133729297815049595,Brand Awareness,3.71,456,0,391,32,2,94,47,2,0,44,47,435,0,0,0,39,152,0,0,0,0,0,0
2026-05-10,Retail Media Network,Family Pantry Retention Initiative,Metro Region Loyalty Cohort,18477671,Family Planners Lookalike Segment,131110122694256392,Shelf Story Warm Voice,585790054530420953,Brand Awareness,1.75,244,0,197,19,1,26,14,1,0,12,11,143,0,0,0,15,55,0,0,0,0,0,0
2026-05-10,Search Network,Home Essentials Scale Initiative,Metro Region Loyalty Cohort,18477671,Quick Refill Buyers Retention Segment,904306999983636892,Shelf Story Bold Voice,331629093166289619,Brand Awareness,0,0,0,0,0,0,0,0,0,0,0,0,0,0,0,0,0,0,0,0,0,0,0,0
2026-05-10,Search Network,Home Essentials Scale Initiative,Metro Region Loyalty Cohort,18477671,Family Planners Lookalike Segment,105822959293344436,Shelf Story Bold Voice,111348416253375468,Brand Awareness,0,0,0,0,0,0,0,0,0,0,0,0,0,0,0,0,0,0,0,0,0,0,0,0
2026-05-10,Influencer Network,Home Essentials Scale Initiative,Metro Region Loyalty Cohort,18477671,Weekend Deal Hunters Interest Segment,377247011822843168,Shelf Story Bold Voice,643135492237413482,Brand Awareness,122.47,77262,0,45485,1099,0,0,0,0,0,0,0,0,0,0,0,997,894,0,0,0,0,0,0
2026-05-10,Marketplace Feed,Home Essentials Scale Initiative,Metro Region Loyalty Cohort,18477671,Family Planners Lookalike Segment,446016762288579880,Shelf Story Bold Voice,113800263724801222,Brand Awareness,26.22,9224,0,8488,265,0,0,0,0,0,0,0,0,0,0,0,219,195,0,0,0,0,0,0
2026-05-10,Affiliate Network,Home Essentials Scale Initiative,Metro Region Loyalty Cohort,18477671,Quick Refill Buyers Retention Segment,680094259900990869,Shelf Story Bold Voice,769886055999783877,Brand Awareness,84.23,44781,0,27158,942,0,0,0,0,0,0,0,0,2,0,1,746,583,0,0,0,0,0,0
2026-05-10,Connected TV,Home Essentials Scale Initiative,Metro Region Loyalty Cohort,18477671,Health Conscious Buyers Interest Segment,159508469974487548,Shelf Story Bold Voice,113329620542890551,Brand Awareness,7.68,2583,0,2421,94,0,0,0,0,0,0,0,0,0,0,0,57,62,0,0,0,0,0,0
2026-05-10,Video Network,Home Essentials Promo Initiative,Metro Region Conversion Cohort,18477671,Quick Refill Buyers Retention Segment,153694587401797906,Collection Showcase Warm Voice,165486110095011535,Brand Awareness,0.03,29,0,22,0,0,0,0,0,0,0,0,0,0,0,0,0,0,0,0,0,0,0,0
2026-05-10,Affiliate Network,Family Pantry Retention Initiative,Metro Region Loyalty Cohort,18477671,Health Conscious Buyers Interest Segment,871985878315331461,Price Drop Cut Direct Voice,110537144815999554,Brand Awareness,102.28,7478,0,2032,13,100,100,100,100,0,7056,7261,7018,0,0,0,13,6719,0,0,0,0,0,0
2026-05-10,In-App Display,Home Essentials Promo Initiative,Metro Region Conversion Cohort,18477671,Weekend Deal Hunters Interest Segment,568259978699904428,Collection Showcase Warm Voice,441303141215903350,Brand Awareness,367.31,304161,0,62794,3369,0,0,0,0,0,0,0,0,0,0,0,2797,2383,0,0,0,0,0,0
2026-05-10,Social Feed,Family Pantry Retention Initiative,Metro Region Loyalty Cohort,18477671,Weekend Deal Hunters Interest Segment,103203639111536721,Price Drop Cut Direct Voice,795160295748965064,Brand Awareness,46.97,4307,0,1341,2,100,100,100,100,0,3338,3525,3616,0,0,0,2,3920,0,0,0,0,0,0
2026-05-10,Search Network,Family Pantry Retention Initiative,Metro Region Loyalty Cohort,18477671,Quick Refill Buyers Retention Segment,101111115174694327,Price Drop Cut Direct Voice,837770672147982289,Brand Awareness,0.51,274,0,261,0,54,100,100,67,0,50,44,275,0,0,0,0,208,0,0,0,0,0,0
2026-05-09,In-App Display,Family Pantry Retention Initiative,Metro Region Loyalty Cohort,18477671,Weekend Deal Hunters Interest Segment,103203639111536721,Price Drop Cut Direct Voice,795160295748965064,Brand Awareness,100.3,7694,0,3721,15,100,100,100,100,0,8210,7039,9038,0,0,0,13,8215,0,0,0,0,0,0
2026-05-09,Discovery Network,Family Pantry Retention Initiative,Metro Region Loyalty Cohort,18477671,Health Conscious Buyers Interest Segment,871985878315331461,Price Drop Cut Direct Voice,110537144815999554,Brand Awareness,89.98,8811,0,3115,14,100,100,100,100,0,8488,7191,8879,0,0,0,14,7884,0,0,0,0,0,0
2026-05-09,Influencer Network,Family Pantry Retention Initiative,Metro Region Loyalty Cohort,18477671,Quick Refill Buyers Retention Segment,101111115174694327,Price Drop Cut Direct Voice,837770672147982289,Brand Awareness,0.6,265,0,336,0,43,100,100,62,0,40,44,273,0,0,0,0,213,0,0,0,0,0,0
2026-05-09,Influencer Network,Family Pantry Retention Initiative,Metro Region Loyalty Cohort,18477671,Weekend Deal Hunters Interest Segment,174176954196329732,Shelf Story Warm Voice,925460221944962698,Brand Awareness,102.11,14422,0,13326,981,100,100,100,100,0,2355,2645,13459,0,0,0,772,7493,0,0,0,0,0,0
2026-05-09,Display Network,Family Pantry Retention Initiative,Metro Region Loyalty Cohort,18477671,Health Conscious Buyers Interest Segment,831767333222217053,Shelf Story Warm Voice,982160139961136392,Brand Awareness,30.48,4774,0,3953,243,51,100,100,70,0,450,420,4376,1,0,0,265,1450,0,0,0,0,0,0
2026-05-09,Affiliate Network,Family Pantry Retention Initiative,Metro Region Loyalty Cohort,18477671,Family Planners Lookalike Segment,131110122694256392,Shelf Story Warm Voice,585790054530420953,Brand Awareness,1.59,165,0,164,11,0,27,15,1,0,12,11,151,0,0,0,11,50,0,0,0,0,0,0
2026-05-09,Retail Media Network,Home Essentials Scale Initiative,Metro Region Loyalty Cohort,18477671,Quick Refill Buyers Retention Segment,904306999983636892,Shelf Story Bold Voice,331629093166289619,Brand Awareness,0,0,0,0,0,0,0,0,0,0,0,0,0,0,0,0,0,0,0,0,0,0,0,0
2026-05-09,Marketplace Feed,Weekend Saver Retention Initiative,East Region Conversion Cohort,18477671,Family Planners Interest Segment,163033400066214072,Price Drop Cut Direct Voice,652642569425864784,Brand Awareness,82.90,57907,0,58975,85,100,100,100,100,0,397,366,25901,0,0,0,40,1013,0,0,0,0,0,0
2026-05-09,Social Feed,Weekend Saver Retention Initiative,East Region Conversion Cohort,18477671,Weekend Deal Hunters Interest Segment,170774182137491988,Price Drop Cut Direct Voice,994869123933960279,Brand Awareness,8.48,5528,0,5056,12,22,100,66,32,0,21,17,1286,0,0,0,7,96,0,0,0,0,0,0
2026-05-09,Retail Media Network,Weekend Saver Retention Initiative,East Region Conversion Cohort,18477671,Health Conscious Buyers Interest Segment,164123536480795593,Price Drop Cut Direct Voice,152285551965647520,Brand Awareness,140.98,77976,0,81660,153,100,100,100,100,0,422,399,17732,0,0,0,102,1168,0,0,0,0,0,0
2026-05-09,Discovery Network,Family Pantry Retention Initiative,Metro Region Loyalty Cohort,18477671,Quick Refill Buyers Retention Segment,513232078006145092,Shelf Story Warm Voice,133729297815049595,Brand Awareness,4.40,502,0,472,29,6,66,40,7,0,42,40,564,0,0,0,43,152,0,0,0,0,0,0
2026-05-09,Affiliate Network,Home Essentials Scale Initiative,Metro Region Loyalty Cohort,18477671,Weekend Deal Hunters Interest Segment,112765600395888630,Shelf Story Bold Voice,133599555318112040,Brand Awareness,0,0,0,0,0,0,0,0,0,0,0,0,0,0,0,0,0,0,0,0,0,0,0,0
2026-05-09,Display Network,Home Essentials Scale Initiative,Metro Region Loyalty Cohort,18477671,Weekend Deal Hunters Interest Segment,377247011822843168,Shelf Story Bold Voice,643135492237413482,Brand Awareness,139.14,53061,0,40051,1168,0,0,0,0,0,0,0,0,0,0,0,1111,901,0,0,0,0,0,0
2026-05-09,Connected TV,Home Essentials Scale Initiative,Metro Region Loyalty Cohort,18477671,Family Planners Lookalike Segment,446016762288579880,Shelf Story Bold Voice,113800263724801222,Brand Awareness,23.29,9120,0,10447,258,0,0,0,0,0,0,0,0,1,0,0,238,188,0,0,0,0,0,0
2026-05-09,Affiliate Network,Home Essentials Scale Initiative,Metro Region Loyalty Cohort,18477671,Quick Refill Buyers Retention Segment,680094259900990869,Shelf Story Bold Voice,769886055999783877,Brand Awareness,95.69,40377,0,42721,1043,0,0,0,0,0,0,0,0,0,0,0,904,667,0,0,0,0,0,0
2026-05-09,In-App Display,Home Essentials Scale Initiative,Metro Region Loyalty Cohort,18477671,Health Conscious Buyers Interest Segment,159508469974487548,Shelf Story Bold Voice,113329620542890551,Brand Awareness,19.96,6161,0,4994,190,0,0,0,0,0,0,0,0,0,0,0,148,161,0,0,0,0,0,0
2026-05-09,Influencer Network,Home Essentials Promo Initiative,Metro Region Conversion Cohort,18477671,Weekend Deal Hunters Interest Segment,568259978699904428,Collection Showcase Warm Voice,441303141215903350,Brand Awareness,355.27,321528,0,60814,3407,0,0,0,0,0,0,0,0,0,0,0,2646,2621,0,0,0,0,0,0
2026-05-09,Affiliate Network,Home Essentials Promo Initiative,Metro Region Conversion Cohort,18477671,Quick Refill Buyers Retention Segment,153694587401797906,Collection Showcase Warm Voice,165486110095011535,Brand Awareness,0.01,7,0,7,0,0,0,0,0,0,0,0,0,0,0,0,0,0,0,0,0,0,0,0
2026-05-09,Affiliate Network,Home Essentials Promo Initiative,Metro Region Conversion Cohort,18477671,Family Planners Lookalike Segment,120266429594337592,Collection Showcase Warm Voice,568988315423701849,Brand Awareness,349.52,294318,0,52652,3069,0,0,0,0,0,0,0,0,0,0,0,3013,2582,0,0,0,0,0,0
2026-05-09,Social Feed,Home Essentials Scale Initiative,Metro Region Loyalty Cohort,18477671,Health Conscious Buyers Interest Segment,158681937364607331,Shelf Story Bold Voice,694582080781320957,Brand Awareness,0,0,0,0,0,0,0,0,0,0,0,0,0,0,0,0,0,0,0,0,0,0,0,0
2026-05-08,Discovery Network,Family Pantry Retention Initiative,Metro Region Loyalty Cohort,18477671,Quick Refill Buyers Retention Segment,513232078006145092,Shelf Story Warm Voice,133729297815049595,Brand Awareness,6.72,821,0,737,44,8,68,40,9,0,32,32,821,0,0,0,54,190,0,0,0,0,0,0
2026-05-08,Search Network,Weekend Saver Retention Initiative,East Region Conversion Cohort,18477671,Family Planners Interest Segment,163033400066214072,Price Drop Cut Direct Voice,652642569425864784,Brand Awareness,94.14,51785,0,59999,102,100,100,100,100,0,421,376,33423,0,0,0,40,1321,0,0,0,0,0,0
2026-05-08,Connected TV,Home Essentials Scale Initiative,Metro Region Loyalty Cohort,18477671,Weekend Deal Hunters Interest Segment,112765600395888630,Shelf Story Bold Voice,133599555318112040,Brand Awareness,0,0,0,0,0,0,0,0,0,0,0,0,0,0,1,0,0,0,0,0,0,0,0,0
2026-05-08,Video Network,Home Essentials Scale Initiative,Metro Region Loyalty Cohort,18477671,Quick Refill Buyers Retention Segment,904306999983636892,Shelf Story Bold Voice,331629093166289619,Brand Awareness,0,0,0,0,0,0,0,0,0,0,0,0,0,0,0,0,0,0,0,0,0,0,0,0
2026-05-08,Video Network,Home Essentials Scale Initiative,Metro Region Loyalty Cohort,18477671,Family Planners Lookalike Segment,105822959293344436,Shelf Story Bold Voice,111348416253375468,Brand Awareness,0,0,0,0,0,0,0,0,0,0,0,0,0,0,0,0,0,0,0,0,0,0,0,0
2026-05-08,Display Network,Home Essentials Promo Initiative,Metro Region Conversion Cohort,18477671,Family Planners Lookalike Segment,120266429594337592,Collection Showcase Warm Voice,568988315423701849,Brand Awareness,267.39,257426,0,59491,2122,0,0,0,0,0,0,0,0,0,0,1,2082,2082,0,0,0,0,0,0
2026-05-08,Social Feed,Family Pantry Retention Initiative,Metro Region Loyalty Cohort,18477671,Health Conscious Buyers Interest Segment,871985878315331461,Price Drop Cut Direct Voice,110537144815999554,Brand Awareness,97.67,7714,0,4090,29,100,100,100,100,0,7386,6293,8802,0,0,0,24,7673,0,0,0,0,0,0
2026-05-08,Social Feed,Family Pantry Retention Initiative,Metro Region Loyalty Cohort,18477671,Quick Refill Buyers Retention Segment,101111115174694327,Price Drop Cut Direct Voice,837770672147982289,Brand Awareness,0.65,266,0,278,0,63,100,100,93,0,51,56,299,0,0,0,0,190,0,0,0,0,0,0
2026-05-08,Marketplace Feed,Family Pantry Retention Initiative,Metro Region Loyalty Cohort,18477671,Family Planners Lookalike Segment,131110122694256392,Shelf Story Warm Voice,585790054530420953,Brand Awareness,1.47,172,0,167,10,0,23,9,0,0,10,8,147,0,0,0,14,47,0,0,0,0,0,0
2026-05-08,Affiliate Network,Home Essentials Scale Initiative,Metro Region Loyalty Cohort,18477671,Quick Refill Buyers Retention Segment,680094259900990869,Shelf Story Bold Voice,769886055999783877,Brand Awareness,71.66,48866,0,46303,806,0,0,0,0,0,0,0,0,0,0,1,618,697,0,0,0,0,0,0
2026-05-08,Discovery Network,Family Pantry Retention Initiative,Metro Region Loyalty Cohort,18477671,Weekend Deal Hunters Interest Segment,103203639111536721,Price Drop Cut Direct Voice,795160295748965064,Brand Awareness,97.95,7858,0,3065,18,100,100,100,100,0,6628,5701,6453,0,0,0,16,6111,0,0,0,0,0,0
2026-05-08,Social Feed,Weekend Saver Retention Initiative,East Region Conversion Cohort,18477671,Weekend Deal Hunters Interest Segment,170774182137491988,Price Drop Cut Direct Voice,994869123933960279,Brand Awareness,5.41,3393,0,3089,7,10,91,31,15,0,13,11,943,0,0,0,5,64,0,0,0,0,0,0
2026-05-08,Affiliate Network,Weekend Saver Retention Initiative,East Region Conversion Cohort,18477671,Health Conscious Buyers Interest Segment,164123536480795593,Price Drop Cut Direct Voice,152285551965647520,Brand Awareness,126.50,68053,0,90423,126,100,100,100,100,0,532,510,23511,0,0,0,68,1653,0,0,0,0,0,0
2026-05-08,Influencer Network,Family Pantry Retention Initiative,Metro Region Loyalty Cohort,18477671,Weekend Deal Hunters Interest Segment,174176954196329732,Shelf Story Warm Voice,925460221944962698,Brand Awareness,103.72,15238,0,11781,960,100,100,100,100,0,1990,1593,14134,0,0,0,877,5203,0,0,0,0,0,0
2026-05-08,Affiliate Network,Family Pantry Retention Initiative,Metro Region Loyalty Cohort,18477671,Health Conscious Buyers Interest Segment,831767333222217053,Shelf Story Warm Voice,982160139961136392,Brand Awareness,31.44,6237,0,5027,235,36,100,100,34,0,331,354,5549,0,0,0,250,1748,0,0,0,0,0,0
2026-05-08,Marketplace Feed,Home Essentials Scale Initiative,Metro Region Loyalty Cohort,18477671,Family Planners Lookalike Segment,446016762288579880,Shelf Story Bold Voice,113800263724801222,Brand Awareness,29.66,16505,0,18618,335,0,0,0,0,0,0,0,0,0,0,0,255,212,0,0,0,0,0,0
2026-05-08,Retail Media Network,Home Essentials Promo Initiative,Metro Region Conversion Cohort,18477671,Quick Refill Buyers Retention Segment,153694587401797906,Collection Showcase Warm Voice,165486110095011535,Brand Awareness,0,11,0,12,0,0,0,0,0,0,0,0,0,0,0,0,0,0,0,0,0,0,0,0
2026-05-08,Marketplace Feed,Home Essentials Scale Initiative,Metro Region Loyalty Cohort,18477671,Health Conscious Buyers Interest Segment,159508469974487548,Shelf Story Bold Voice,113329620542890551,Brand Awareness,20.41,7727,0,8261,248,0,0,0,0,0,0,0,0,0,0,0,179,146,0,0,0,0,0,0
2026-05-08,Shopping Grid,Home Essentials Promo Initiative,Metro Region Conversion Cohort,18477671,Weekend Deal Hunters Interest Segment,568259978699904428,Collection Showcase Warm Voice,441303141215903350,Brand Awareness,405.33,484921,0,96644,4316,0,0,0,0,0,0,0,0,0,0,1,3619,3536,0,0,0,0,0,0
2026-05-08,Video Network,Home Essentials Scale Initiative,Metro Region Loyalty Cohort,18477671,Weekend Deal Hunters Interest Segment,377247011822843168,Shelf Story Bold Voice,643135492237413482,Brand Awareness,127.65,77121,0,53388,1333,0,0,0,0,0,0,0,0,1,0,0,1019,765,0,0,0,0,0,0
2026-05-07,Marketplace Feed,Family Pantry Retention Initiative,Metro Region Loyalty Cohort,18477671,Family Planners Lookalike Segment,131110122694256392,Shelf Story Warm Voice,585790054530420953,Brand Awareness,0.97,131,0,124,10,0,13,3,1,0,4,4,109,0,0,0,10,38,0,0,0,0,0,0
2026-05-07,Shopping Grid,Weekend Saver Retention Initiative,East Region Conversion Cohort,18477671,Family Planners Interest Segment,163033400066214072,Price Drop Cut Direct Voice,652642569425864784,Brand Awareness,95.87,55094,0,58147,84,100,100,100,100,0,391,319,23717,0,0,0,49,1241,0,0,0,0,0,0
2026-05-07,Display Network,Weekend Saver Retention Initiative,East Region Conversion Cohort,18477671,Weekend Deal Hunters Interest Segment,170774182137491988,Price Drop Cut Direct Voice,994869123933960279,Brand Awareness,5.84,3678,0,3250,12,8,73,16,10,0,7,7,690,0,0,0,8,37,0,0,0,0,0,0
2026-05-07,Discovery Network,Weekend Saver Retention Initiative,East Region Conversion Cohort,18477671,Health Conscious Buyers Interest Segment,164123536480795593,Price Drop Cut Direct Voice,152285551965647520,Brand Awareness,109.96,57376,0,72341,121,100,100,100,100,0,532,490,19587,0,0,0,75,1369,0,0,0,0,0,0
2026-05-07,Retail Media Network,Family Pantry Retention Initiative,Metro Region Loyalty Cohort,18477671,Weekend Deal Hunters Interest Segment,174176954196329732,Shelf Story Warm Voice,925460221944962698,Brand Awareness,112.15,16106,0,11803,899,87,100,100,100,0,2075,1785,15193,0,0,0,896,6263,0,0,0,0,0,0
2026-05-07,In-App Display,Home Essentials Promo Initiative,Metro Region Conversion Cohort,18477671,Weekend Deal Hunters Interest Segment,568259978699904428,Collection Showcase Warm Voice,441303141215903350,Brand Awareness,463.82,320141,0,105542,3919,0,0,0,0,0,0,0,0,0,0,0,3368,2951,0,0,0,0,0,0
2026-05-07,Search Network,Home Essentials Promo Initiative,Metro Region Conversion Cohort,18477671,Quick Refill Buyers Retention Segment,153694587401797906,Collection Showcase Warm Voice,165486110095011535,Brand Awareness,0.02,20,0,22,0,0,0,0,0,0,0,0,0,0,0,0,0,0,0,0,0,0,0,0
2026-05-07,Influencer Network,Home Essentials Promo Initiative,Metro Region Conversion Cohort,18477671,Family Planners Lookalike Segment,120266429594337592,Collection Showcase Warm Voice,568988315423701849,Brand Awareness,295.41,235604,0,64078,2042,0,0,0,0,0,0,0,0,0,0,0,1949,1524,0,0,0,0,0,0
2026-05-07,Video Network,Family Pantry Retention Initiative,Metro Region Loyalty Cohort,18477671,Health Conscious Buyers Interest Segment,871985878315331461,Price Drop Cut Direct Voice,110537144815999554,Brand Awareness,145.32,10699,0,5525,33,100,100,100,100,0,11304,8988,9857,0,0,0,21,11403,0,0,0,0,0,0
2026-05-07,Connected TV,Family Pantry Retention Initiative,Metro Region Loyalty Cohort,18477671,Quick Refill Buyers Retention Segment,101111115174694327,Price Drop Cut Direct Voice,837770672147982289,Brand Awareness,0.49,47,0,29,0,29,43,35,29,0,26,21,47,0,0,0,0,37,0,0,0,0,0,0
2026-05-07,Social Feed,Family Pantry Retention Initiative,Metro Region Loyalty Cohort,18477671,Weekend Deal Hunters Interest Segment,103203639111536721,Price Drop Cut Direct Voice,795160295748965064,Brand Awareness,104.01,8588,0,3645,9,100,100,100,100,0,7751,7061,8304,0,0,0,10,6760,0,0,0,0,0,0
2026-05-07,Retail Media Network,Family Pantry Retention Initiative,Metro Region Loyalty Cohort,18477671,Health Conscious Buyers Interest Segment,831767333222217053,Shelf Story Warm Voice,982160139961136392,Brand Awareness,25.2,3246,0,2715,179,28,100,100,38,0,306,254,2968,0,0,0,168,940,0,0,0,0,0,0
2026-05-07,Search Network,Home Essentials Scale Initiative,Metro Region Loyalty Cohort,18477671,Health Conscious Buyers Interest Segment,158681937364607331,Shelf Story Bold Voice,694582080781320957,Brand Awareness,0,0,0,0,0,0,0,0,0,0,0,0,0,0,0,0,0,0,0,0,0,0,0,0
2026-05-07,Discovery Network,Home Essentials Scale Initiative,Metro Region Loyalty Cohort,18477671,Family Planners Lookalike Segment,105822959293344436,Shelf Story Bold Voice,111348416253375468,Brand Awareness,0,0,0,0,0,0,0,0,0,0,0,0,0,0,0,0,0,0,0,0,0,0,0,0
2026-05-07,Affiliate Network,Home Essentials Scale Initiative,Metro Region Loyalty Cohort,18477671,Weekend Deal Hunters Interest Segment,377247011822843168,Shelf Story Bold Voice,643135492237413482,Brand Awareness,85.12,32573,0,29757,987,0,0,0,0,0,0,0,0,0,0,2,675,585,0,0,0,0,0,0
2026-05-07,Social Feed,Home Essentials Scale Initiative,Metro Region Loyalty Cohort,18477671,Family Planners Lookalike Segment,446016762288579880,Shelf Story Bold Voice,113800263724801222,Brand Awareness,28.51,18814,0,17207,234,0,0,0,0,0,0,0,0,0,0,0,188,209,0,0,0,0,0,0
2026-05-07,Influencer Network,Home Essentials Scale Initiative,Metro Region Loyalty Cohort,18477671,Quick Refill Buyers Retention Segment,680094259900990869,Shelf Story Bold Voice,769886055999783877,Brand Awareness,113.26,60170,0,59925,1045,0,0,0,0,0,0,0,0,3,0,0,739,727,0,0,0,0,0,0
2026-05-07,Video Network,Home Essentials Scale Initiative,Metro Region Loyalty Cohort,18477671,Health Conscious Buyers Interest Segment,159508469974487548,Shelf Story Bold Voice,113329620542890551,Brand Awareness,29.16,13458,0,10979,299,0,0,0,0,0,0,0,0,0,0,1,175,209,0,0,0,0,0,0
2026-05-07,Influencer Network,Family Pantry Retention Initiative,Metro Region Loyalty Cohort,18477671,Quick Refill Buyers Retention Segment,513232078006145092,Shelf Story Warm Voice,133729297815049595,Brand Awareness,4.02,620,0,446,30,2,38,16,2,0,16,16,559,0,0,0,31,101,0,0,0,0,0,0
2026-05-07,Social Feed,Home Essentials Promo Initiative,Metro Region Loyalty Cohort,18477671,Health Conscious Buyers Interest Segment,501480859908001971,Shelf Story Bold Voice,510400015565431247,Brand Awareness,0,0,0,0,0,0,0,0,0,0,0,0,0,0,0,0,0,0,0,0,0,0,0,0
2026-05-07,Display Network,Home Essentials Scale Initiative,Metro Region Loyalty Cohort,18477671,Weekend Deal Hunters Interest Segment,112765600395888630,Shelf Story Bold Voice,133599555318112040,Brand Awareness,0,0,0,0,0,0,0,0,0,0,0,0,0,0,0,0,0,0,0,0,0,0,0,0
2026-05-07,Connected TV,Home Essentials Scale Initiative,Metro Region Loyalty Cohort,18477671,Quick Refill Buyers Retention Segment,904306999983636892,Shelf Story Bold Voice,331629093166289619,Brand Awareness,0,0,0,0,0,0,0,0,0,0,0,0,0,0,0,0,0,0,0,0,0,0,0,0
2026-05-06,Discovery Network,Home Essentials Scale Initiative,Metro Region Loyalty Cohort,18477671,Weekend Deal Hunters Interest Segment,377247011822843168,Shelf Story Bold Voice,643135492237413482,Brand Awareness,21.55,9300,0,7901,274,0,0,0,0,0,0,0,0,1,0,0,172,185,0,0,0,0,0,0
2026-05-06,Video Network,Home Essentials Scale Initiative,Metro Region Loyalty Cohort,18477671,Family Planners Lookalike Segment,446016762288579880,Shelf Story Bold Voice,113800263724801222,Brand Awareness,52.89,25584,0,28485,682,0,0,0,0,0,0,0,0,1,0,2,383,433,0,0,0,0,0,0
2026-05-06,Video Network,Home Essentials Scale Initiative,Metro Region Loyalty Cohort,18477671,Quick Refill Buyers Retention Segment,680094259900990869,Shelf Story Bold Voice,769886055999783877,Brand Awareness,144.2,61107,0,51810,2344,0,0,0,0,0,0,0,0,7,0,3,1009,1000,0,0,0,0,0,0
2026-05-06,Influencer Network,Home Essentials Scale Initiative,Metro Region Loyalty Cohort,18477671,Health Conscious Buyers Interest Segment,159508469974487548,Shelf Story Bold Voice,113329620542890551,Brand Awareness,28.64,13014,0,14812,452,0,0,0,0,0,0,0,0,2,0,0,250,220,0,0,0,0,0,0
2026-05-06,Connected TV,Home Essentials Promo Initiative,Metro Region Conversion Cohort,18477671,Weekend Deal Hunters Interest Segment,568259978699904428,Collection Showcase Warm Voice,441303141215903350,Brand Awareness,304.3,128194,0,77647,2313,0,0,0,0,0,0,0,0,0,0,2,1535,1228,0,0,0,0,0,0
2026-05-06,Connected TV,Home Essentials Promo Initiative,Metro Region Conversion Cohort,18477671,Quick Refill Buyers Retention Segment,153694587401797906,Collection Showcase Warm Voice,165486110095011535,Brand Awareness,0.01,22,0,28,0,0,0,0,0,0,0,0,0,0,0,0,0,0,0,0,0,0,0,0
2026-05-06,Marketplace Feed,Home Essentials Promo Initiative,Metro Region Conversion Cohort,18477671,Family Planners Lookalike Segment,120266429594337592,Collection Showcase Warm Voice,568988315423701849,Brand Awareness,210,86659,0,42202,1445,0,0,0,0,0,0,0,0,0,0,0,1054,883,0,0,0,0,0,0
2026-05-06,Retail Media Network,Family Pantry Retention Initiative,Metro Region Loyalty Cohort,18477671,Weekend Deal Hunters Interest Segment,103203639111536721,Price Drop Cut Direct Voice,795160295748965064,Brand Awareness,69.01,5184,0,3158,30,100,100,100,100,0,3678,3722,5209,0,0,0,22,4541,0,0,0,0,0,0
2026-05-06,In-App Display,Family Pantry Retention Initiative,Metro Region Loyalty Cohort,18477671,Health Conscious Buyers Interest Segment,871985878315331461,Price Drop Cut Direct Voice,110537144815999554,Brand Awareness,81.99,7290,0,5332,44,100,100,100,100,0,4734,4391,7588,0,0,0,30,5798,0,0,0,0,0,0
2026-05-06,In-App Display,Family Pantry Retention Initiative,Metro Region Loyalty Cohort,18477671,Quick Refill Buyers Retention Segment,101111115174694327,Price Drop Cut Direct Voice,837770672147982289,Brand Awareness,1.49,303,0,280,2,100,100,100,98,0,97,75,281,0,0,0,0,213,0,0,0,0,0,0
2026-05-06,Discovery Network,Family Pantry Retention Initiative,Metro Region Loyalty Cohort,18477671,Weekend Deal Hunters Interest Segment,174176954196329732,Shelf Story Warm Voice,925460221944962698,Brand Awareness,123.47,25764,0,19756,1034,100,100,100,100,0,2867,2255,19022,0,0,0,896,7307,0,0,0,0,0,0
2026-05-06,Shopping Grid,Family Pantry Retention Initiative,Metro Region Loyalty Cohort,18477671,Health Conscious Buyers Interest Segment,831767333222217053,Shelf Story Warm Voice,982160139961136392,Brand Awareness,15.23,2966,0,3590,141,8,100,100,14,0,299,261,2188,0,0,0,126,868,0,0,0,0,0,0
2026-05-06,In-App Display,Family Pantry Retention Initiative,Metro Region Loyalty Cohort,18477671,Quick Refill Buyers Retention Segment,513232078006145092,Shelf Story Warm Voice,133729297815049595,Brand Awareness,3.28,609,0,661,25,2,43,29,2,0,27,26,444,0,0,0,29,86,0,0,0,0,0,0
2026-05-06,Affiliate Network,Family Pantry Retention Initiative,Metro Region Loyalty Cohort,18477671,Family Planners Lookalike Segment,131110122694256392,Shelf Story Warm Voice,585790054530420953,Brand Awareness,1.80,359,0,357,10,2,20,9,2,0,9,9,154,0,0,0,13,44,0,0,0,0,0,0
2026-05-06,Display Network,Home Essentials Scale Initiative,Metro Region Loyalty Cohort,18477671,Weekend Deal Hunters Interest Segment,112765600395888630,Shelf Story Bold Voice,133599555318112040,Brand Awareness,0,0,0,0,0,0,0,0,0,0,0,0,0,0,0,0,0,0,0,0,0,0,0,0
2026-05-06,Social Feed,Home Essentials Scale Initiative,Metro Region Loyalty Cohort,18477671,Quick Refill Buyers Retention Segment,904306999983636892,Shelf Story Bold Voice,331629093166289619,Brand Awareness,0,0,0,0,0,0,0,0,0,0,0,0,0,0,0,0,0,0,0,0,0,0,0,0
2026-05-06,Video Network,Home Essentials Scale Initiative,Metro Region Loyalty Cohort,18477671,Health Conscious Buyers Interest Segment,158681937364607331,Shelf Story Bold Voice,694582080781320957,Brand Awareness,0,0,0,0,0,0,0,0,0,0,0,0,0,0,0,0,0,0,0,0,0,0,0,0
2026-05-06,Display Network,Home Essentials Scale Initiative,Metro Region Loyalty Cohort,18477671,Family Planners Lookalike Segment,105822959293344436,Shelf Story Bold Voice,111348416253375468,Brand Awareness,0,0,0,0,0,0,0,0,0,0,0,0,0,0,0,0,0,0,0,0,0,0,0,0
2026-05-06,In-App Display,Weekend Saver Retention Initiative,East Region Conversion Cohort,18477671,Weekend Deal Hunters Interest Segment,170774182137491988,Price Drop Cut Direct Voice,994869123933960279,Brand Awareness,6.54,4109,0,4531,6,33,100,61,38,0,32,30,2232,0,0,0,4,124,0,0,0,0,0,0
2026-05-06,Shopping Grid,Weekend Saver Retention Initiative,East Region Conversion Cohort,18477671,Health Conscious Buyers Interest Segment,164123536480795593,Price Drop Cut Direct Voice,152285551965647520,Brand Awareness,118.09,84958,0,89486,166,100,100,100,100,0,777,669,28205,0,0,0,93,2069,0,0,0,0,0,0
2026-05-06,Affiliate Network,Weekend Saver Retention Initiative,East Region Conversion Cohort,18477671,Family Planners Interest Segment,163033400066214072,Price Drop Cut Direct Voice,652642569425864784,Brand Awareness,93.47,72723,0,76044,98,100,100,100,100,0,432,453,41307,0,0,0,50,1549,0,0,0,0,0,0
2026-05-05,Marketplace Feed,Weekend Saver Retention Initiative,East Region Conversion Cohort,18477671,Weekend Deal Hunters Interest Segment,170774182137491988,Price Drop Cut Direct Voice,994869123933960279,Brand Awareness,14.6,11493,0,13736,23,30,100,67,40,0,31,32,2109,0,0,0,17,103,0,0,0,0,0,0
2026-05-05,Video Network,Weekend Saver Retention Initiative,East Region Conversion Cohort,18477671,Health Conscious Buyers Interest Segment,164123536480795593,Price Drop Cut Direct Voice,152285551965647520,Brand Awareness,96.18,54204,0,53699,86,100,100,100,100,0,577,598,21515,0,0,0,58,1595,0,0,0,0,0,0
2026-05-05,Display Network,Family Pantry Retention Initiative,Metro Region Loyalty Cohort,18477671,Quick Refill Buyers Retention Segment,513232078006145092,Shelf Story Warm Voice,133729297815049595,Brand Awareness,3.34,878,0,712,31,2,49,33,3,0,29,28,356,0,0,0,23,99,0,0,0,0,0,0
2026-05-05,Connected TV,Home Essentials Promo Initiative,Metro Region Loyalty Cohort,18477671,Health Conscious Buyers Interest Segment,501480859908001971,Shelf Story Bold Voice,510400015565431247,Brand Awareness,45.83,4748,0,2322,6,100,100,100,100,0,4862,4468,5189,0,0,0,5,4499,0,0,0,0,0,0
2026-05-05,In-App Display,Home Essentials Promo Initiative,Metro Region Loyalty Cohort,18477671,Weekend Deal Hunters Interest Segment,806287066765575254,Shelf Story Bold Voice,686516845049075568,Brand Awareness,37.62,3909,0,1869,4,100,100,100,100,0,3569,2909,3187,0,0,0,3,3626,0,0,0,0,0,0
2026-05-05,Display Network,Home Essentials Scale Initiative,Metro Region Loyalty Cohort,18477671,Weekend Deal Hunters Interest Segment,112765600395888630,Shelf Story Bold Voice,133599555318112040,Brand Awareness,7.86,742,0,629,27,0,0,0,0,0,0,0,0,0,0,0,23,21,0,0,0,0,0,0
2026-05-05,Shopping Grid,Home Essentials Scale Initiative,Metro Region Loyalty Cohort,18477671,Health Conscious Buyers Interest Segment,158681937364607331,Shelf Story Bold Voice,694582080781320957,Brand Awareness,3.22,395,0,351,14,0,0,0,0,0,0,0,0,0,0,0,9,9,0,0,0,0,0,0
2026-05-05,Connected TV,Home Essentials Scale Initiative,Metro Region Loyalty Cohort,18477671,Family Planners Lookalike Segment,446016762288579880,Shelf Story Bold Voice,113800263724801222,Brand Awareness,51.40,26174,0,26732,925,0,0,0,0,0,0,0,0,5,0,0,469,512,0,0,0,0,0,0
2026-05-05,Marketplace Feed,Home Essentials Scale Initiative,Metro Region Loyalty Cohort,18477671,Quick Refill Buyers Retention Segment,680094259900990869,Shelf Story Bold Voice,769886055999783877,Brand Awareness,58.18,29471,0,32337,1017,0,0,0,0,0,0,0,0,3,0,4,512,517,0,0,0,0,0,0
2026-05-05,Influencer Network,Weekend Saver Retention Initiative,East Region Conversion Cohort,18477671,Family Planners Interest Segment,163033400066214072,Price Drop Cut Direct Voice,652642569425864784,Brand Awareness,100.29,55448,0,56025,86,100,100,100,100,0,435,440,33538,0,0,1,39,1288,0,0,0,0,0,0
2026-05-05,Search Network,Family Pantry Retention Initiative,Metro Region Loyalty Cohort,18477671,Health Conscious Buyers Interest Segment,831767333222217053,Shelf Story Warm Voice,982160139961136392,Brand Awareness,25.45,5594,0,5932,230,37,100,100,39,0,682,674,3282,0,0,0,180,1438,0,0,0,0,0,0
2026-05-05,Connected TV,Family Pantry Retention Initiative,Metro Region Loyalty Cohort,18477671,Family Planners Lookalike Segment,131110122694256392,Shelf Story Warm Voice,585790054530420953,Brand Awareness,1.66,625,0,609,7,0,25,14,0,0,12,11,131,0,0,0,7,39,0,0,0,0,0,0
2026-05-05,Marketplace Feed,Home Essentials Scale Initiative,Metro Region Loyalty Cohort,18477671,Health Conscious Buyers Interest Segment,159508469974487548,Shelf Story Bold Voice,113329620542890551,Brand Awareness,50.7,14116,0,17571,643,0,0,0,0,0,0,0,0,1,0,0,357,382,0,0,0,0,0,0
2026-05-05,Affiliate Network,Family Pantry Retention Initiative,Metro Region Loyalty Cohort,18477671,Weekend Deal Hunters Interest Segment,174176954196329732,Shelf Story Warm Voice,925460221944962698,Brand Awareness,107.30,16859,0,15931,909,100,100,100,100,0,2862,2887,17056,0,0,0,908,7466,0,0,0,0,0,0
2026-05-05,Social Feed,Home Essentials Scale Initiative,Metro Region Loyalty Cohort,18477671,Quick Refill Buyers Retention Segment,904306999983636892,Shelf Story Bold Voice,331629093166289619,Brand Awareness,66.97,9504,0,8999,520,0,0,0,0,0,0,0,0,2,1,1,305,307,0,0,0,0,0,0
2026-05-05,Affiliate Network,Home Essentials Scale Initiative,Metro Region Loyalty Cohort,18477671,Family Planners Lookalike Segment,105822959293344436,Shelf Story Bold Voice,111348416253375468,Brand Awareness,23.91,3327,0,2957,147,0,0,0,0,0,0,0,0,0,0,0,84,69,0,0,0,0,0,0
2026-05-05,Affiliate Network,Home Essentials Promo Initiative,Metro Region Loyalty Cohort,18477671,Quick Refill Buyers Retention Segment,752423538186053657,Shelf Story Bold Voice,115947231150120306,Brand Awareness,0.19,106,0,115,0,17,78,49,20,0,15,14,97,0,0,0,0,62,0,0,0,0,0,0
2026-05-05,Social Feed,Home Essentials Scale Initiative,Metro Region Loyalty Cohort,18477671,Weekend Deal Hunters Interest Segment,377247011822843168,Shelf Story Bold Voice,643135492237413482,Brand Awareness,22.41,10427,0,8394,387,0,0,0,0,0,0,0,0,0,0,1,199,182,0,0,0,0,0,0
2026-05-04,Shopping Grid,Home Essentials Promo Initiative,Metro Region Loyalty Cohort,18477671,Weekend Deal Hunters Interest Segment,806287066765575254,Shelf Story Bold Voice,686516845049075568,Brand Awareness,92.78,8412,0,3950,23,100,100,100,100,0,7775,7137,8201,0,0,0,22,8311,0,0,0,0,0,0
2026-05-04,In-App Display,Home Essentials Scale Initiative,Metro Region Loyalty Cohort,18477671,Weekend Deal Hunters Interest Segment,112765600395888630,Shelf Story Bold Voice,133599555318112040,Brand Awareness,28.47,3279,0,3409,214,0,0,0,0,0,0,0,0,1,0,0,93,103,0,0,0,0,0,0
2026-05-04,Discovery Network,Home Essentials Scale Initiative,Metro Region Loyalty Cohort,18477671,Quick Refill Buyers Retention Segment,904306999983636892,Shelf Story Bold Voice,331629093166289619,Brand Awareness,112.12,14219,0,14217,824,0,0,0,0,0,0,0,0,3,0,3,435,371,0,0,0,0,0,0
2026-05-04,In-App Display,Home Essentials Scale Initiative,Metro Region Loyalty Cohort,18477671,Health Conscious Buyers Interest Segment,158681937364607331,Shelf Story Bold Voice,694582080781320957,Brand Awareness,22.52,3312,0,3447,202,0,0,0,0,0,0,0,0,0,0,0,89,99,0,0,0,0,0,0
2026-05-04,In-App Display,Home Essentials Scale Initiative,Metro Region Loyalty Cohort,18477671,Family Planners Lookalike Segment,105822959293344436,Shelf Story Bold Voice,111348416253375468,Brand Awareness,62.20,8778,0,8108,492,0,0,0,0,0,0,0,0,3,0,1,207,227,0,0,0,0,0,0
2026-05-04,Connected TV,Weekend Saver Retention Initiative,East Region Conversion Cohort,18477671,Family Planners Interest Segment,163033400066214072,Price Drop Cut Direct Voice,652642569425864784,Brand Awareness,93.9,63564,0,65628,118,100,100,100,100,0,241,235,20373,0,0,0,80,815,0,0,0,0,0,0
2026-05-04,Retail Media Network,Weekend Saver Retention Initiative,East Region Conversion Cohort,18477671,Weekend Deal Hunters Interest Segment,170774182137491988,Price Drop Cut Direct Voice,994869123933960279,Brand Awareness,22.38,15130,0,13790,33,28,100,54,37,0,27,22,2308,0,0,0,25,139,0,0,0,0,0,0
2026-05-04,Video Network,Family Pantry Retention Initiative,Metro Region Loyalty Cohort,18477671,Health Conscious Buyers Interest Segment,166010658542979286,Shelf Story Warm Voice,544289880041099230,Brand Awareness,0,0,0,0,0,0,0,0,0,0,0,0,0,0,0,0,0,0,0,0,0,0,0,0
2026-05-04,Influencer Network,Family Pantry Retention Initiative,Metro Region Loyalty Cohort,18477671,Weekend Deal Hunters Interest Segment,174176954196329732,Shelf Story Warm Voice,925460221944962698,Brand Awareness,98.4,18781,0,14801,1071,100,100,100,100,0,3027,2681,17548,0,0,0,864,6699,0,0,0,0,0,0
2026-05-04,Video Network,Family Pantry Retention Initiative,Metro Region Loyalty Cohort,18477671,Health Conscious Buyers Interest Segment,831767333222217053,Shelf Story Warm Voice,982160139961136392,Brand Awareness,31.12,5080,0,4339,271,27,100,100,36,0,790,687,5308,0,0,0,262,1816,0,0,0,0,0,0
2026-05-04,Display Network,Family Pantry Retention Initiative,Metro Region Loyalty Cohort,18477671,Quick Refill Buyers Retention Segment,513232078006145092,Shelf Story Warm Voice,133729297815049595,Brand Awareness,3.30,1228,0,1260,26,1,51,30,1,0,33,29,342,0,0,0,34,134,0,0,0,0,0,0
2026-05-04,Video Network,Family Pantry Retention Initiative,Metro Region Loyalty Cohort,18477671,Family Planners Lookalike Segment,131110122694256392,Shelf Story Warm Voice,585790054530420953,Brand Awareness,1.56,1053,0,1093,18,1,35,19,2,0,18,15,171,0,0,0,15,57,0,0,0,0,0,0
2026-05-04,Search Network,Home Essentials Promo Initiative,Metro Region Loyalty Cohort,18477671,Quick Refill Buyers Retention Segment,752423538186053657,Shelf Story Bold Voice,115947231150120306,Brand Awareness,0.83,489,0,490,0,74,100,100,100,0,79,68,463,0,0,0,0,276,0,0,0,0,0,0
2026-05-04,Video Network,Home Essentials Promo Initiative,Metro Region Loyalty Cohort,18477671,Health Conscious Buyers Interest Segment,501480859908001971,Shelf Story Bold Voice,510400015565431247,Brand Awareness,79.05,6774,0,3316,12,100,100,100,100,0,5956,6042,7605,0,0,0,12,6407,0,0,0,0,0,0
2026-05-04,Discovery Network,Weekend Saver Retention Initiative,East Region Conversion Cohort,18477671,Health Conscious Buyers Interest Segment,164123536480795593,Price Drop Cut Direct Voice,152285551965647520,Brand Awareness,72.97,53251,0,53631,77,100,100,100,100,0,400,390,20010,0,0,0,42,1146,0,0,0,0,0,0
2026-05-03,In-App Display,Weekend Saver Retention Initiative,East Region Conversion Cohort,18477671,Family Planners Interest Segment,163033400066214072,Price Drop Cut Direct Voice,652642569425864784,Brand Awareness,132.66,128310,0,151923,241,100,100,100,100,0,206,207,15001,0,0,0,168,783,0,0,0,0,0,0
2026-05-03,Social Feed,Weekend Saver Retention Initiative,East Region Conversion Cohort,18477671,Weekend Deal Hunters Interest Segment,170774182137491988,Price Drop Cut Direct Voice,994869123933960279,Brand Awareness,109.74,109848,0,129202,305,21,100,41,28,0,20,21,1421,0,0,0,238,284,0,0,0,0,0,0
2026-05-03,In-App Display,Family Pantry Retention Initiative,Metro Region Loyalty Cohort,18477671,Health Conscious Buyers Interest Segment,166010658542979286,Shelf Story Warm Voice,544289880041099230,Brand Awareness,0,0,0,0,0,0,0,0,0,0,0,0,0,0,0,0,0,0,0,0,0,0,0,0
2026-05-03,Affiliate Network,Family Pantry Retention Initiative,Metro Region Loyalty Cohort,18477671,Weekend Deal Hunters Interest Segment,174176954196329732,Shelf Story Warm Voice,925460221944962698,Brand Awareness,102.1,18028,0,15701,951,100,100,100,100,0,3322,2683,19699,0,0,0,928,7218,0,0,0,0,0,0
2026-05-03,Social Feed,Family Pantry Retention Initiative,Metro Region Loyalty Cohort,18477671,Health Conscious Buyers Interest Segment,831767333222217053,Shelf Story Warm Voice,982160139961136392,Brand Awareness,24.76,7147,0,7264,219,31,100,100,45,0,545,437,3217,0,0,0,188,1556,0,0,0,0,0,0
2026-05-03,Shopping Grid,Family Pantry Retention Initiative,Metro Region Loyalty Cohort,18477671,Quick Refill Buyers Retention Segment,513232078006145092,Shelf Story Warm Voice,133729297815049595,Brand Awareness,3.70,1801,0,1973,28,2,73,48,2,0,46,43,290,0,0,0,31,114,0,0,0,0,0,0
2026-05-03,Connected TV,Family Pantry Retention Initiative,Metro Region Loyalty Cohort,18477671,Family Planners Lookalike Segment,131110122694256392,Shelf Story Warm Voice,585790054530420953,Brand Awareness,2.62,1353,0,1336,16,3,46,30,2,0,32,28,176,0,0,0,16,78,0,0,0,0,0,0
2026-05-03,Retail Media Network,Home Essentials Promo Initiative,Metro Region Loyalty Cohort,18477671,Quick Refill Buyers Retention Segment,752423538186053657,Shelf Story Bold Voice,115947231150120306,Brand Awareness,0.59,337,0,279,0,46,100,100,73,0,45,44,320,0,0,0,0,180,0,0,0,0,0,0
2026-05-03,Display Network,Home Essentials Promo Initiative,Metro Region Loyalty Cohort,18477671,Health Conscious Buyers Interest Segment,501480859908001971,Shelf Story Bold Voice,510400015565431247,Brand Awareness,43.67,3935,0,1856,6,100,100,100,100,0,3232,3277,3505,0,0,0,7,3498,0,0,0,0,0,0
2026-05-03,Social Feed,Home Essentials Promo Initiative,Metro Region Loyalty Cohort,18477671,Weekend Deal Hunters Interest Segment,806287066765575254,Shelf Story Bold Voice,686516845049075568,Brand Awareness,139.02,10971,0,4732,21,100,100,100,100,0,8822,8663,10333,0,0,0,18,10145,0,0,0,0,0,0
2026-05-03,Display Network,Home Essentials Scale Initiative,Metro Region Loyalty Cohort,18477671,Quick Refill Buyers Retention Segment,904306999983636892,Shelf Story Bold Voice,331629093166289619,Brand Awareness,0,0,0,0,0,0,0,0,0,0,0,0,0,0,0,0,0,0,0,0,0,0,0,0
2026-05-03,Social Feed,Home Essentials Scale Initiative,Metro Region Loyalty Cohort,18477671,Family Planners Lookalike Segment,105822959293344436,Shelf Story Bold Voice,111348416253375468,Brand Awareness,0,0,0,0,0,0,0,0,0,0,0,0,0,0,0,0,0,0,0,0,0,0,0,0
2026-05-03,Discovery Network,Family Pantry Retention Initiative,Metro Region Loyalty Cohort,18477671,Weekend Deal Hunters Interest Segment,833887355637217986,Shelf Story Warm Voice,169527595428423532,Brand Awareness,0,0,0,0,0,0,0,0,0,0,0,0,0,0,0,0,0,0,0,0,0,0,0,0
2026-05-03,Social Feed,Weekend Saver Retention Initiative,East Region Conversion Cohort,18477671,Health Conscious Buyers Interest Segment,164123536480795593,Price Drop Cut Direct Voice,152285551965647520,Brand Awareness,72.48,49148,0,49464,85,100,100,100,100,0,452,474,24482,0,0,0,47,1431,0,0,0,0,0,0
2026-05-02,Marketplace Feed,Home Essentials Promo Initiative,Metro Region Loyalty Cohort,18477671,Health Conscious Buyers Interest Segment,501480859908001971,Shelf Story Bold Voice,510400015565431247,Brand Awareness,72.92,8749,0,6910,9,100,100,100,100,0,6029,5294,9430,0,0,0,11,8447,0,0,0,0,0,0
2026-05-02,Marketplace Feed,Weekend Saver Retention Initiative,East Region Conversion Cohort,18477671,Family Planners Interest Segment,163033400066214072,Price Drop Cut Direct Voice,652642569425864784,Brand Awareness,108.10,66566,0,63877,138,100,100,100,100,0,300,329,25824,0,0,0,68,1038,0,0,0,0,0,0
2026-05-02,Search Network,Weekend Saver Retention Initiative,East Region Conversion Cohort,18477671,Weekend Deal Hunters Interest Segment,170774182137491988,Price Drop Cut Direct Voice,994869123933960279,Brand Awareness,9.55,6196,0,7044,12,48,100,100,59,0,43,43,2470,0,0,0,5,181,0,0,0,0,0,0
2026-05-02,Discovery Network,Family Pantry Retention Initiative,Metro Region Loyalty Cohort,18477671,Family Planners Lookalike Segment,131110122694256392,Shelf Story Warm Voice,585790054530420953,Brand Awareness,5.49,2653,0,2070,37,2,83,44,3,0,42,36,370,0,0,0,38,149,0,0,0,0,0,0
2026-05-02,Connected TV,Home Essentials Promo Initiative,Metro Region Loyalty Cohort,18477671,Quick Refill Buyers Retention Segment,752423538186053657,Shelf Story Bold Voice,115947231150120306,Brand Awareness,0.74,507,0,553,0,92,100,100,100,0,86,70,535,0,0,0,0,370,0,0,0,0,0,0
2026-05-02,Marketplace Feed,Home Essentials Promo Initiative,Metro Region Loyalty Cohort,18477671,Weekend Deal Hunters Interest Segment,806287066765575254,Shelf Story Bold Voice,686516845049075568,Brand Awareness,133.57,18620,0,14732,18,100,100,100,100,0,9807,10498,20080,0,0,0,15,14834,0,0,0,0,0,0
2026-05-02,In-App Display,Home Essentials Scale Initiative,Metro Region Loyalty Cohort,18477671,Weekend Deal Hunters Interest Segment,112765600395888630,Shelf Story Bold Voice,133599555318112040,Brand Awareness,0,0,0,0,0,0,0,0,0,0,0,0,0,0,0,0,0,0,0,0,0,0,0,0
2026-05-02,Marketplace Feed,Home Essentials Scale Initiative,Metro Region Loyalty Cohort,18477671,Quick Refill Buyers Retention Segment,904306999983636892,Shelf Story Bold Voice,331629093166289619,Brand Awareness,0,0,0,0,0,0,0,0,0,0,0,0,0,0,0,0,0,0,0,0,0,0,0,0
2026-05-02,Connected TV,Home Essentials Scale Initiative,Metro Region Loyalty Cohort,18477671,Health Conscious Buyers Interest Segment,158681937364607331,Shelf Story Bold Voice,694582080781320957,Brand Awareness,0,0,0,0,0,0,0,0,0,0,0,0,0,0,0,0,0,0,0,0,0,0,0,0
2026-05-02,Social Feed,Family Pantry Retention Initiative,Metro Region Loyalty Cohort,18477671,Health Conscious Buyers Interest Segment,166010658542979286,Shelf Story Warm Voice,544289880041099230,Brand Awareness,0,0,0,0,0,0,0,0,0,0,0,0,0,0,0,0,0,0,0,0,0,0,0,0
2026-05-02,Video Network,Family Pantry Retention Initiative,Metro Region Loyalty Cohort,18477671,Weekend Deal Hunters Interest Segment,174176954196329732,Shelf Story Warm Voice,925460221944962698,Brand Awareness,102.72,20133,0,15800,1088,100,100,100,100,0,2329,2325,16485,0,0,0,812,7777,0,0,0,0,0,0
2026-05-02,Influencer Network,Family Pantry Retention Initiative,Metro Region Loyalty Cohort,18477671,Health Conscious Buyers Interest Segment,831767333222217053,Shelf Story Warm Voice,982160139961136392,Brand Awareness,26.66,4876,0,4306,196,27,100,100,38,0,366,325,2949,0,0,0,184,1114,0,0,0,0,0,0
2026-05-02,Influencer Network,Family Pantry Retention Initiative,Metro Region Loyalty Cohort,18477671,Quick Refill Buyers Retention Segment,513232078006145092,Shelf Story Warm Voice,133729297815049595,Brand Awareness,4.75,2034,0,1757,43,2,44,28,2,0,28,25,337,0,0,0,44,118,0,0,0,0,0,0
2026-05-02,Display Network,Home Essentials Scale Initiative,Metro Region Loyalty Cohort,18477671,Family Planners Lookalike Segment,105822959293344436,Shelf Story Bold Voice,111348416253375468,Brand Awareness,0,0,0,0,0,0,0,0,0,0,0,0,0,0,0,0,0,0,0,0,0,0,0,0
2026-05-02,Affiliate Network,Weekend Saver Retention Initiative,East Region Conversion Cohort,18477671,Health Conscious Buyers Interest Segment,164123536480795593,Price Drop Cut Direct Voice,152285551965647520,Brand Awareness,121.06,73331,0,63515,139,100,100,100,100,0,436,392,18310,0,0,0,67,1375,0,0,0,0,0,0
2026-05-01,Influencer Network,Home Essentials Promo Initiative,Metro Region Loyalty Cohort,18477671,Health Conscious Buyers Interest Segment,501480859908001971,Shelf Story Bold Voice,510400015565431247,Brand Awareness,105.60,6970,0,3795,16,100,100,100,100,0,8129,7177,8372,0,0,0,15,7759,0,0,0,0,0,0
2026-05-01,Display Network,Home Essentials Promo Initiative,Metro Region Loyalty Cohort,18477671,Weekend Deal Hunters Interest Segment,806287066765575254,Shelf Story Bold Voice,686516845049075568,Brand Awareness,128.99,9661,0,3585,22,100,100,100,100,0,8133,8930,10004,0,0,0,18,7679,0,0,0,0,0,0
2026-05-01,Retail Media Network,Home Essentials Scale Initiative,Metro Region Loyalty Cohort,18477671,Quick Refill Buyers Retention Segment,904306999983636892,Shelf Story Bold Voice,331629093166289619,Brand Awareness,0,0,0,0,0,0,0,0,0,0,0,0,0,0,0,0,0,0,0,0,0,0,0,0
2026-05-01,Shopping Grid,Home Essentials Scale Initiative,Metro Region Loyalty Cohort,18477671,Health Conscious Buyers Interest Segment,158681937364607331,Shelf Story Bold Voice,694582080781320957,Brand Awareness,0,0,0,0,0,0,0,0,0,0,0,0,0,0,0,0,0,0,0,0,0,0,0,0
2026-05-01,In-App Display,Home Essentials Scale Initiative,Metro Region Loyalty Cohort,18477671,Family Planners Lookalike Segment,105822959293344436,Shelf Story Bold Voice,111348416253375468,Brand Awareness,0,0,0,0,0,0,0,0,0,0,0,0,0,0,0,0,0,0,0,0,0,0,0,0
2026-05-01,Shopping Grid,Family Pantry Retention Initiative,Metro Region Loyalty Cohort,18477671,Weekend Deal Hunters Interest Segment,174176954196329732,Shelf Story Warm Voice,925460221944962698,Brand Awareness,89.29,16132,0,11991,887,100,100,100,100,0,1603,1554,12935,0,0,0,647,5116,0,0,0,0,0,0
2026-05-01,Search Network,Family Pantry Retention Initiative,Metro Region Loyalty Cohort,18477671,Health Conscious Buyers Interest Segment,831767333222217053,Shelf Story Warm Voice,982160139961136392,Brand Awareness,29.79,4991,0,3555,241,77,100,100,87,0,484,397,4018,0,0,0,219,1667,0,0,0,0,0,0
2026-05-01,In-App Display,Family Pantry Retention Initiative,Metro Region Loyalty Cohort,18477671,Quick Refill Buyers Retention Segment,513232078006145092,Shelf Story Warm Voice,133729297815049595,Brand Awareness,4.13,1420,0,1373,44,1,41,20,2,0,18,14,341,0,0,0,36,114,0,0,0,0,0,0
2026-05-01,Connected TV,Family Pantry Retention Initiative,Metro Region Loyalty Cohort,18477671,Family Planners Lookalike Segment,131110122694256392,Shelf Story Warm Voice,585790054530420953,Brand Awareness,6.7,3656,0,3704,45,2,59,31,2,0,30,28,275,0,0,0,36,150,0,0,0,0,0,0
2026-05-01,Affiliate Network,Home Essentials Promo Initiative,Metro Region Loyalty Cohort,18477671,Quick Refill Buyers Retention Segment,752423538186053657,Shelf Story Bold Voice,115947231150120306,Brand Awareness,0.62,410,0,384,0,68,100,100,100,0,55,54,360,0,0,0,0,258,0,0,0,0,0,0
2026-05-01,Marketplace Feed,Home Essentials Scale Initiative,Metro Region Loyalty Cohort,18477671,Weekend Deal Hunters Interest Segment,112765600395888630,Shelf Story Bold Voice,133599555318112040,Brand Awareness,0,0,0,0,0,0,0,0,0,0,0,0,0,0,0,0,0,0,0,0,0,0,0,0
2026-05-01,Connected TV,Weekend Saver Retention Initiative,East Region Conversion Cohort,18477671,Family Planners Interest Segment,163033400066214072,Price Drop Cut Direct Voice,652642569425864784,Brand Awareness,106.20,63952,0,53639,93,100,100,100,100,0,250,204,19938,0,0,0,55,924,0,0,0,0,0,0
2026-05-01,Display Network,Weekend Saver Retention Initiative,East Region Conversion Cohort,18477671,Weekend Deal Hunters Interest Segment,170774182137491988,Price Drop Cut Direct Voice,994869123933960279,Brand Awareness,21.31,14101,0,11932,45,63,100,100,94,0,64,65,5191,0,0,0,11,322,0,0,0,0,0,0
2026-05-01,Influencer Network,Weekend Saver Retention Initiative,East Region Conversion Cohort,18477671,Health Conscious Buyers Interest Segment,164123536480795593,Price Drop Cut Direct Voice,152285551965647520,Brand Awareness,102.82,64550,0,71880,92,100,100,100,100,0,336,291,22738,0,0,0,55,1174,0,0,0,0,0,0
2026-05-01,Influencer Network,Family Pantry Retention Initiative,Metro Region Loyalty Cohort,18477671,Health Conscious Buyers Interest Segment,166010658542979286,Shelf Story Warm Voice,544289880041099230,Brand Awareness,0,0,0,0,0,0,0,0,0,0,0,0,0,0,0,0,0,0,0,0,0,0,0,0
2026-05-31,In-App Display,Market Fresh Demand Initiative,Metro Region Conversion Cohort,86057605,Bulk Buyers Retention Segment,2856518857723944,Product Reel Warm Voice,1829249393081722,Catalog Engagement,0,0,0,0,0,0,0,0,0,0,0,0,0,0,0,0,0,0,0,0,0,0,0,0
2026-05-31,Shopping Grid,Family Pantry Retention Initiative,Metro Region Conversion Cohort,15908997,Weekend Deal Hunters Interest Segment,1797636588654079,Offer Spotlight Friendly Voice,1157639135138193,Catalog Engagement,0,0,0,0,0,0,0,0,0,0,0,0,0,0,0,0,0,0,0,0,0,0,0,0
2026-05-31,Connected TV,Family Pantry Retention Initiative,Metro Region Conversion Cohort,15908997,Family Planners Lookalike Segment,6458788079175331,Shelf Story Warm Voice,5787456630362778,Catalog Engagement,0,11,0,13,0,0,0,0,0,0,0,0,0,0,0,0,0,0,0,0,0,0,9,0
2026-05-31,Social Feed,Family Pantry Retention Initiative,Metro Region Conversion Cohort,15908997,Weekend Deal Hunters Interest Segment,6202516839870495,Shelf Story Value Voice,1077582730962642,Catalog Engagement,119.91,40984,0,54454,325,100,100,100,100,4239,4099,0,0,0,0,576,0,726,1.78,1,28,0,45493,0
2026-05-31,Social Feed,Family Pantry Retention Initiative,Metro Region Loyalty Cohort,86057605,Family Planners Lookalike Segment,1389792323919646,Shelf Story Warm Voice,1559200281199121,Brand Awareness,8,2870,0,2236,58,11,82,27,15,76,59,0,0,0,0,3,0,83,3.14,0,1,0,2782,0
2026-05-31,Search Network,Family Pantry Retention Initiative,Metro Region Conversion Cohort,38881639,Family Planners Lookalike Segment,1010331617086390,Shelf Story Warm Voice,1022962676348579,Brand Awareness,0,0,0,0,0,0,0,0,0,0,0,0,0,0,0,0,0,0,0,0,0,0,0,0
2026-05-31,Connected TV,Seasonal Select Demand Initiative,Metro Region Loyalty Cohort,15908997,Health Conscious Buyers Retention Segment,9223925519536552,Offer Spotlight Bold Voice,1119314133689227,Catalog Engagement,147.88,39851,0,43504,221,100,100,100,100,6416,5147,0,0,0,0,1468,0,1471,2.67,3,21,0,43054,0
2026-05-31,Shopping Grid,Family Pantry Retention Initiative,Metro Region Loyalty Cohort,15908997,Family Planners Lookalike Segment,4652266771659829,Offer Spotlight Value Voice,1434973701169276,Catalog Engagement,0,0,0,0,0,0,0,0,0,0,0,0,0,0,0,0,0,0,0,0,0,0,0,0
2026-05-31,In-App Display,Seasonal Select Demand Initiative,Metro Region Conversion Cohort,15908997,Family Planners Lookalike Segment,5759016641689799,Offer Spotlight Bold Voice,9554297992940714,Catalog Engagement,0.08,40,0,40,0,0,3,0,0,3,3,0,0,0,0,0,0,0,0,0,0,0,36,0
2026-05-31,Marketplace Feed,Family Pantry Retention Initiative,Metro Region Conversion Cohort,15908997,Family Planners Lookalike Segment,3017606229260592,Shelf Story Value Voice,5691206288583839,Catalog Engagement,105.94,25852,0,28049,266,100,100,100,100,3655,3198,0,0,0,0,147,0,578,1.78,0,22,0,28748,0
2026-05-31,Influencer Network,Family Pantry Retention Initiative,Metro Region Conversion Cohort,15908997,Bulk Buyers Retention Segment,1096889057602193,Offer Spotlight Friendly Voice,5703717592430862,Catalog Engagement,209.46,45361,0,46745,565,100,100,100,100,7517,7352,0,0,5,0,1401,0,1652,3.82,6,23,0,50365,0
2026-05-31,Shopping Grid,Family Pantry Retention Initiative,Metro Region Loyalty Cohort,86057605,Family Planners Lookalike Segment,1541980607257120,Shelf Story Warm Voice,1227821280716912,Brand Awareness,37.15,11895,0,9264,337,37,100,75,38,291,246,0,0,0,0,14,0,474,4.05,0,2,0,11388,0
2026-05-31,Retail Media Network,Seasonal Select Demand Initiative,Metro Region Loyalty Cohort,15908997,Health Conscious Buyers Interest Segment,9149918565845118,Offer Spotlight Bold Voice,1532175116888722,Catalog Engagement,0.97,171,0,160,2,26,100,65,48,41,27,0,0,0,0,5,0,5,3.06,0,0,0,144,0
2026-05-31,Shopping Grid,Family Pantry Retention Initiative,Metro Region Conversion Cohort,15908997,Bulk Buyers Retention Segment,1412316301536073,Offer Spotlight Friendly Voice,9097155454198752,Catalog Engagement,0,0,0,0,0,0,0,0,0,0,0,0,0,0,0,0,0,0,0,0,0,0,0,0
2026-05-31,Social Feed,Smart Choice Impact Initiative,Central Region Loyalty Cohort,86057605,Health Conscious Buyers Retention Segment,4689140768019905,Offer Spotlight Friendly Voice,6565476888405014,Catalog Engagement,0,0,0,0,0,0,0,0,0,0,0,0,0,0,0,0,0,0,0,0,0,0,0,0
2026-05-31,Display Network,Family Pantry Retention Initiative,Metro Region Conversion Cohort,15908997,Bulk Buyers Retention Segment,1777717557426296,Shelf Story Value Voice,8084225603313437,Catalog Engagement,18.97,4580,0,4533,70,100,100,100,100,586,565,0,0,0,0,34,0,128,2.99,1,7,0,3925,0
2026-05-31,Influencer Network,Family Pantry Retention Initiative,Metro Region Loyalty Cohort,86057605,Health Conscious Buyers Interest Segment,1317849022166581,Shelf Story Warm Voice,4835139745633214,Brand Awareness,29.95,6543,0,6025,223,15,100,37,21,221,203,0,0,0,0,3,0,315,4.22,0,1,0,5769,0
2026-05-31,Shopping Grid,Seasonal Select Demand Initiative,Metro Region Conversion Cohort,15908997,Bulk Buyers Retention Segment,1061064502710542,Offer Spotlight Bold Voice,1741856265266256,Catalog Engagement,237.80,58868,0,59930,375,100,100,100,100,7512,6311,0,0,2,0,780,0,1248,1.67,3,25,0,63852,0
2026-05-31,Search Network,Family Pantry Retention Initiative,Metro Region Loyalty Cohort,86057605,Health Conscious Buyers Retention Segment,3498408274906447,Shelf Story Warm Voice,8734198326451158,Brand Awareness,13.83,1712,0,1754,103,6,27,11,8,82,71,0,0,0,0,1,0,142,7.36,0,0,0,1814,0
2026-05-31,In-App Display,Seasonal Select Demand Initiative,Metro Region Conversion Cohort,15908997,Weekend Deal Hunters Interest Segment,2579958354523595,Offer Spotlight Bold Voice,1300165410973170,Catalog Engagement,37.78,7460,0,7506,35,83,100,100,100,1260,1096,0,0,0,0,67,0,106,1.25,1,2,0,8163,0
2026-05-31,Shopping Grid,Seasonal Select Demand Initiative,Metro Region Loyalty Cohort,15908997,Family Planners Lookalike Segment,1409583213200047,Offer Spotlight Bold Voice,2174063222301993,Catalog Engagement,25.49,5448,0,4939,23,100,100,100,100,822,704,0,0,0,0,326,0,323,5.69,1,3,0,4786,0
2026-05-31,Retail Media Network,Family Pantry Retention Initiative,Metro Region Conversion Cohort,15908997,Weekend Deal Hunters Interest Segment,9663578947718335,Offer Spotlight Friendly Voice,4064886041583361,Catalog Engagement,8.79,2115,0,2460,12,26,100,72,44,342,252,0,0,0,0,45,0,67,2.25,0,5,0,2176,0
2026-05-31,Display Network,Home Essentials Scale Initiative,Metro Region Prospecting Cohort,86057605,Family Planners Interest Segment,2052479131570920,Price Drop Cut Value Voice,1337311684616332,Brand Awareness,0,0,0,0,0,0,0,0,0,0,0,0,0,0,0,0,0,0,0,0,0,0,0,0
2026-05-30,Display Network,Family Pantry Retention Initiative,Metro Region Conversion Cohort,15908997,Family Planners Lookalike Segment,6458788079175331,Shelf Story Warm Voice,5787456630362778,Catalog Engagement,0.06,18,0,15,0,0,4,1,0,4,3,0,0,0,0,0,0,0,0,0,0,0,16,0
2026-05-30,Marketplace Feed,Family Pantry Retention Initiative,Metro Region Conversion Cohort,15908997,Weekend Deal Hunters Interest Segment,9663578947718335,Offer Spotlight Friendly Voice,4064886041583361,Catalog Engagement,14.09,2805,0,2798,32,30,100,100,50,459,412,0,0,0,0,70,0,87,3.0,0,1,0,3142,0
2026-05-30,Connected TV,Family Pantry Retention Initiative,Metro Region Loyalty Cohort,86057605,Family Planners Lookalike Segment,1389792323919646,Shelf Story Warm Voice,1559200281199121,Brand Awareness,11.69,2459,0,2944,81,10,70,32,20,106,82,0,0,0,0,3,0,128,3.95,0,0,0,2404,0
2026-05-30,Connected TV,Market Fresh Demand Initiative,Metro Region Conversion Cohort,86057605,Bulk Buyers Retention Segment,2856518857723944,Product Reel Warm Voice,1829249393081722,Catalog Engagement,0,0,0,0,0,0,0,0,0,0,0,0,0,0,0,0,0,0,0,0,0,0,0,0
2026-05-30,Social Feed,Seasonal Select Demand Initiative,Metro Region Conversion Cohort,15908997,Bulk Buyers Retention Segment,1061064502710542,Offer Spotlight Bold Voice,1741856265266256,Catalog Engagement,217.98,66453,0,75529,455,100,100,100,100,6837,6785,0,0,1,0,993,0,1298,1.81,6,21,0,68540,0
2026-05-30,Retail Media Network,Family Pantry Retention Initiative,Metro Region Conversion Cohort,15908997,Weekend Deal Hunters Interest Segment,1797636588654079,Offer Spotlight Friendly Voice,1157639135138193,Catalog Engagement,0,0,0,0,0,0,0,0,0,0,0,0,0,0,0,0,0,0,0,0,0,0,0,0
2026-05-30,Display Network,Family Pantry Retention Initiative,Metro Region Conversion Cohort,15908997,Family Planners Lookalike Segment,3017606229260592,Shelf Story Value Voice,5691206288583839,Catalog Engagement,122.63,36652,0,38921,352,100,100,100,100,3651,3502,0,0,2,0,120,0,545,1.49,0,38,0,34609,0
2026-05-30,Influencer Network,Seasonal Select Demand Initiative,Metro Region Conversion Cohort,15908997,Family Planners Lookalike Segment,5759016641689799,Offer Spotlight Bold Voice,9554297992940714,Catalog Engagement,0.23,46,0,39,2,0,9,2,0,12,8,0,0,0,0,0,0,2,5.08,0,1,0,48,0
2026-05-30,Search Network,Seasonal Select Demand Initiative,Metro Region Loyalty Cohort,15908997,Health Conscious Buyers Retention Segment,9223925519536552,Offer Spotlight Bold Voice,1119314133689227,Catalog Engagement,153.67,26571,0,33730,140,100,100,100,100,5374,3830,0,0,2,0,2041,0,1733,5.79,0,13,0,31864,0
2026-05-30,Connected TV,Family Pantry Retention Initiative,Metro Region Loyalty Cohort,15908997,Family Planners Lookalike Segment,4652266771659829,Offer Spotlight Value Voice,1434973701169276,Catalog Engagement,0,0,0,0,0,0,0,0,0,0,0,0,0,0,0,0,0,0,0,0,0,0,0,0
2026-05-30,Discovery Network,Family Pantry Retention Initiative,Metro Region Conversion Cohort,15908997,Weekend Deal Hunters Interest Segment,6202516839870495,Shelf Story Value Voice,1077582730962642,Catalog Engagement,97.80,25544,0,27597,139,100,100,100,100,2986,2485,0,0,1,0,303,0,442,1.82,0,11,0,24411,0
2026-05-30,Retail Media Network,Seasonal Select Demand Initiative,Metro Region Loyalty Cohort,15908997,Health Conscious Buyers Interest Segment,9149918565845118,Offer Spotlight Bold Voice,1532175116888722,Catalog Engagement,1.29,220,0,222,1,41,100,93,60,46,44,0,0,0,0,10,0,11,4.87,0,0,0,172,0
2026-05-30,Search Network,Family Pantry Retention Initiative,Metro Region Loyalty Cohort,86057605,Health Conscious Buyers Interest Segment,1317849022166581,Shelf Story Warm Voice,4835139745633214,Brand Awareness,31.3,6163,0,6865,237,18,88,32,20,234,186,0,0,0,0,3,0,343,4.63,0,0,0,5831,0
2026-05-30,Marketplace Feed,Family Pantry Retention Initiative,Metro Region Loyalty Cohort,86057605,Health Conscious Buyers Retention Segment,3498408274906447,Shelf Story Warm Voice,8734198326451158,Brand Awareness,11.05,1461,0,1425,86,6,24,11,6,77,57,0,0,0,0,1,0,128,6.17,0,0,0,1735,0
2026-05-30,Shopping Grid,Seasonal Select Demand Initiative,Metro Region Loyalty Cohort,15908997,Family Planners Lookalike Segment,1409583213200047,Offer Spotlight Bold Voice,2174063222301993,Catalog Engagement,48.21,7022,0,7696,45,100,100,100,100,1516,1329,0,0,0,0,1322,0,1217,13.42,1,6,0,6642,0
2026-05-30,Discovery Network,Family Pantry Retention Initiative,Metro Region Conversion Cohort,15908997,Bulk Buyers Retention Segment,1777717557426296,Shelf Story Value Voice,8084225603313437,Catalog Engagement,47.6,11425,0,12703,128,100,100,100,100,1199,1221,0,0,1,0,132,0,275,1.95,0,4,0,11831,0
2026-05-30,Influencer Network,Seasonal Select Demand Initiative,Metro Region Conversion Cohort,15908997,Weekend Deal Hunters Interest Segment,2579958354523595,Offer Spotlight Bold Voice,1300165410973170,Catalog Engagement,29.10,6555,0,7289,31,92,100,100,100,1037,868,0,0,3,0,57,0,80,1.16,0,5,0,7531,0
2026-05-30,Marketplace Feed,Family Pantry Retention Initiative,Metro Region Prospecting Cohort,86057605,Health Conscious Buyers Affinity Segment,1135622965987651,Shelf Story Warm Voice,6310646509441659,Brand Awareness,0,0,0,0,0,0,0,0,0,0,0,0,0,0,0,0,0,0,0,0,0,0,0,0
2026-05-30,Influencer Network,Family Pantry Retention Initiative,Metro Region Loyalty Cohort,86057605,Family Planners Lookalike Segment,1541980607257120,Shelf Story Warm Voice,1227821280716912,Brand Awareness,39.40,13554,0,10530,336,37,100,81,49,296,241,0,0,1,0,15,0,490,3.8,3,1,0,10847,0
2026-05-30,Display Network,Family Pantry Retention Initiative,Metro Region Conversion Cohort,15908997,Bulk Buyers Retention Segment,1412316301536073,Offer Spotlight Friendly Voice,9097155454198752,Catalog Engagement,0,0,0,0,0,0,0,0,0,0,0,0,0,0,0,0,0,0,0,0,0,0,0,0
2026-05-30,Shopping Grid,Family Pantry Retention Initiative,Metro Region Conversion Cohort,15908997,Bulk Buyers Retention Segment,1096889057602193,Offer Spotlight Friendly Voice,5703717592430862,Catalog Engagement,207.4,54537,0,56001,629,100,100,100,100,9056,6880,0,0,4,0,1166,0,1490,3.04,6,28,0,52919,0
2026-05-30,Display Network,Family Pantry Retention Initiative,Metro Region Conversion Cohort,38881639,Family Planners Lookalike Segment,1010331617086390,Shelf Story Warm Voice,1022962676348579,Brand Awareness,0,0,0,0,0,0,0,0,0,0,0,0,0,0,0,0,0,0,0,0,0,0,0,0
2026-05-29,Retail Media Network,Seasonal Select Demand Initiative,Metro Region Loyalty Cohort,15908997,Family Planners Lookalike Segment,1409583213200047,Offer Spotlight Bold Voice,2174063222301993,Catalog Engagement,81.24,12803,0,13750,96,100,100,100,100,3098,3027,0,0,1,0,3318,0,2575,16.72,0,6,0,12827,0
2026-05-29,In-App Display,Family Pantry Retention Initiative,Metro Region Loyalty Cohort,15908997,Family Planners Lookalike Segment,4652266771659829,Offer Spotlight Value Voice,1434973701169276,Catalog Engagement,0,0,0,0,0,0,0,0,0,0,0,0,0,0,0,0,0,0,0,0,0,0,0,0
2026-05-29,Influencer Network,Family Pantry Retention Initiative,Metro Region Loyalty Cohort,86057605,Family Planners Lookalike Segment,1389792323919646,Shelf Story Warm Voice,1559200281199121,Brand Awareness,8.6,4594,0,4775,67,23,100,71,32,126,94,0,0,0,0,7,0,95,1.9,0,1,0,4607,0
2026-05-29,Influencer Network,Seasonal Select Demand Initiative,Metro Region Loyalty Cohort,15908997,Health Conscious Buyers Interest Segment,9149918565845118,Offer Spotlight Bold Voice,1532175116888722,Catalog Engagement,9.45,1447,0,1525,10,100,100,100,100,368,306,0,0,0,0,61,0,49,2.76,0,0,0,1615,0
2026-05-29,Connected TV,Family Pantry Retention Initiative,Metro Region Conversion Cohort,15908997,Bulk Buyers Retention Segment,1096889057602193,Offer Spotlight Friendly Voice,5703717592430862,Catalog Engagement,256.61,46714,0,56239,605,100,100,100,100,8463,7685,0,0,3,0,1615,0,1927,3.25,8,24,0,49406,0
2026-05-29,Search Network,Family Pantry Retention Initiative,Metro Region Conversion Cohort,15908997,Weekend Deal Hunters Interest Segment,1797636588654079,Offer Spotlight Friendly Voice,1157639135138193,Catalog Engagement,0,0,0,0,0,0,0,0,0,0,0,0,0,0,0,0,0,0,0,0,0,0,0,0
2026-05-29,Video Network,Family Pantry Retention Initiative,Metro Region Conversion Cohort,15908997,Family Planners Lookalike Segment,5543611230519311,Offer Spotlight Friendly Voice,1716769906634105,Catalog Engagement,0,0,0,0,0,0,0,0,0,0,0,0,0,0,0,0,0,0,0,0,0,0,0,0
2026-05-29,Marketplace Feed,Family Pantry Retention Initiative,Metro Region Conversion Cohort,15908997,Bulk Buyers Retention Segment,1777717557426296,Shelf Story Value Voice,8084225603313437,Catalog Engagement,47.01,9545,0,12190,150,100,100,100,100,1483,1241,0,0,0,0,108,0,301,2.51,1,7,0,11189,0
2026-05-29,Discovery Network,Family Pantry Retention Initiative,Metro Region Loyalty Cohort,15908997,Health Conscious Buyers Interest Segment,2349481798369276,Offer Spotlight Value Voice,5280093134790707,Catalog Engagement,0,0,0,0,0,0,0,0,0,0,0,0,0,0,0,0,0,0,0,0,0,0,0,0
2026-05-29,Marketplace Feed,Family Pantry Retention Initiative,Metro Region Loyalty Cohort,86057605,Health Conscious Buyers Interest Segment,1317849022166581,Shelf Story Warm Voice,4835139745633214,Brand Awareness,38.4,7940,0,7047,283,33,100,72,36,287,202,0,0,0,0,7,0,399,5.20,0,1,0,7475,0
2026-05-29,Discovery Network,Seasonal Select Demand Initiative,Metro Region Loyalty Cohort,15908997,Health Conscious Buyers Retention Segment,9223925519536552,Offer Spotlight Bold Voice,1119314133689227,Catalog Engagement,105.78,19910,0,19170,83,100,100,100,100,3577,3642,0,0,0,0,901,0,835,4.34,1,3,0,16942,0
2026-05-29,Affiliate Network,Family Pantry Retention Initiative,Metro Region Conversion Cohort,15908997,Bulk Buyers Retention Segment,1412316301536073,Offer Spotlight Friendly Voice,9097155454198752,Catalog Engagement,0,0,0,0,0,0,0,0,0,0,0,0,0,0,0,0,0,0,0,0,0,0,0,0
2026-05-29,Affiliate Network,Family Pantry Retention Initiative,Metro Region Conversion Cohort,15908997,Weekend Deal Hunters Interest Segment,6202516839870495,Shelf Story Value Voice,1077582730962642,Catalog Engagement,110.65,38164,0,35377,209,100,100,100,100,3695,3000,0,0,3,0,461,0,617,1.80,0,19,0,30333,0
2026-05-29,Retail Media Network,Seasonal Select Demand Initiative,Metro Region Conversion Cohort,15908997,Weekend Deal Hunters Interest Segment,2579958354523595,Offer Spotlight Bold Voice,1300165410973170,Catalog Engagement,21.2,4016,0,4786,18,60,100,100,95,724,551,0,0,0,0,57,0,57,1.43,0,1,0,3841,0
2026-05-29,In-App Display,Family Pantry Retention Initiative,Metro Region Conversion Cohort,15908997,Family Planners Lookalike Segment,3017606229260592,Shelf Story Value Voice,5691206288583839,Catalog Engagement,119.65,28895,0,29930,279,100,100,100,100,3770,2976,0,0,1,0,144,0,550,1.62,4,13,0,33904,0
2026-05-29,Video Network,Family Pantry Retention Initiative,Metro Region Loyalty Cohort,86057605,Family Planners Lookalike Segment,1541980607257120,Shelf Story Warm Voice,1227821280716912,Brand Awareness,53.96,13189,0,14331,428,39,100,100,68,296,277,0,0,0,0,25,0,630,4.14,1,0,0,14663,0
2026-05-29,Video Network,Home Essentials Promo Initiative,Metro Region Loyalty Cohort,38881639,Family Planners Lookalike Segment,8962004814279482,Shelf Story Value Voice,1020691786654074,Brand Awareness,0,0,0,0,0,0,0,0,0,0,0,0,0,0,0,0,0,0,0,0,0,0,0,0
2026-05-29,Video Network,Weekend Saver Retention Initiative,Metro Region Loyalty Cohort,15908997,Family Planners Lookalike Segment,1510547668986600,Shelf Story Warm Voice,5523927866180044,Catalog Engagement,0,0,0,0,0,0,0,0,0,0,0,0,0,0,0,0,0,0,0,0,0,0,0,0
2026-05-29,Video Network,Market Fresh Demand Initiative,Metro Region Conversion Cohort,86057605,Bulk Buyers Retention Segment,2856518857723944,Product Reel Warm Voice,1829249393081722,Catalog Engagement,0,0,0,0,0,0,0,0,0,0,0,0,0,0,0,0,0,0,0,0,0,0,0,0
2026-05-29,Marketplace Feed,Family Pantry Retention Initiative,Metro Region Conversion Cohort,15908997,Family Planners Lookalike Segment,6458788079175331,Shelf Story Warm Voice,5787456630362778,Catalog Engagement,0.05,15,0,13,1,0,2,0,0,2,2,0,0,0,0,0,0,1,6.21,0,0,0,12,0
2026-05-29,In-App Display,Seasonal Select Demand Initiative,Metro Region Conversion Cohort,15908997,Family Planners Lookalike Segment,5759016641689799,Offer Spotlight Bold Voice,9554297992940714,Catalog Engagement,0.20,37,0,45,1,1,8,3,2,8,7,0,0,0,0,0,0,2,4.33,0,0,0,41,0
2026-05-29,Display Network,Market Fresh Demand Initiative,Metro Region Conversion Cohort,86057605,Weekend Deal Hunters Interest Segment,2737857498400057,Product Reel Warm Voice,1640779927447931,Catalog Engagement,0,0,0,0,0,0,0,0,0,0,0,0,0,0,0,0,0,0,0,0,0,0,0,0
2026-05-29,Retail Media Network,Family Pantry Retention Initiative,Metro Region Loyalty Cohort,86057605,Health Conscious Buyers Retention Segment,3498408274906447,Shelf Story Warm Voice,8734198326451158,Brand Awareness,10.28,1953,0,1691,77,4,33,11,6,72,57,0,0,0,0,0,0,114,7.0,0,0,0,1513,0
2026-05-29,Marketplace Feed,Family Pantry Retention Initiative,Metro Region Conversion Cohort,15908997,Weekend Deal Hunters Interest Segment,9663578947718335,Offer Spotlight Friendly Voice,4064886041583361,Catalog Engagement,6.12,1654,0,1447,9,9,100,67,30,283,207,0,0,0,0,38,0,44,3.35,0,2,0,1566,0
2026-05-29,In-App Display,Seasonal Select Demand Initiative,Metro Region Conversion Cohort,15908997,Bulk Buyers Retention Segment,1061064502710542,Offer Spotlight Bold Voice,1741856265266256,Catalog Engagement,233.13,78452,0,87107,537,100,100,100,100,8341,8182,0,0,4,0,1404,0,1804,2.32,7,28,0,82935,0
2026-05-29,Marketplace Feed,Weekend Saver Retention Initiative,Metro Region Loyalty Cohort,15908997,Health Conscious Buyers Interest Segment,1005675834666415,Shelf Story Warm Voice,1777489169523949,Catalog Engagement,0,0,0,0,0,0,0,0,0,0,0,0,0,0,0,0,0,0,0,0,0,0,0,0
2026-05-28,Influencer Network,Family Pantry Retention Initiative,Metro Region Conversion Cohort,15908997,Family Planners Lookalike Segment,3017606229260592,Shelf Story Value Voice,5691206288583839,Catalog Engagement,160.31,36392,0,42847,387,100,100,100,100,4761,3905,0,0,2,0,214,0,776,1.6,1,33,0,45106,0
2026-05-28,Display Network,Family Pantry Retention Initiative,Metro Region Loyalty Cohort,86057605,Family Planners Lookalike Segment,1389792323919646,Shelf Story Warm Voice,1559200281199121,Brand Awareness,7.59,5324,0,5082,61,33,100,54,41,121,102,0,0,0,0,8,0,94,1.68,0,1,0,5351,0
2026-05-28,In-App Display,Weekend Saver Retention Initiative,Metro Region Loyalty Cohort,15908997,Family Planners Lookalike Segment,1510547668986600,Shelf Story Warm Voice,5523927866180044,Catalog Engagement,0,0,0,0,0,0,0,0,0,0,0,0,0,0,0,0,0,0,0,0,0,0,0,0
2026-05-28,Retail Media Network,Seasonal Select Demand Initiative,Metro Region Conversion Cohort,15908997,Bulk Buyers Retention Segment,1061064502710542,Offer Spotlight Bold Voice,1741856265266256,Catalog Engagement,261.23,99385,0,95092,860,100,100,100,100,9147,8908,0,0,3,0,2155,0,2997,3.0,0,29,0,101005,0
2026-05-28,Social Feed,Family Pantry Retention Initiative,Metro Region Conversion Cohort,15908997,Weekend Deal Hunters Interest Segment,9663578947718335,Offer Spotlight Friendly Voice,4064886041583361,Catalog Engagement,8.55,1928,0,1988,28,23,100,99,51,323,307,0,0,0,0,42,0,70,3.2,0,2,0,2204,0
2026-05-28,Shopping Grid,Family Pantry Retention Initiative,Metro Region Prospecting Cohort,86057605,Health Conscious Buyers Retention Segment,1345308351935222,Product Reel Bold Voice,3103965387610382,Brand Awareness,0,0,0,0,0,0,0,0,0,0,0,0,0,0,0,0,0,0,0,0,0,0,0,0
2026-05-28,Influencer Network,Family Pantry Retention Initiative,Metro Region Conversion Cohort,15908997,Bulk Buyers Retention Segment,1412316301536073,Offer Spotlight Friendly Voice,9097155454198752,Catalog Engagement,0,0,0,0,0,0,0,0,0,0,0,0,0,0,0,0,0,0,0,0,0,0,0,0
2026-05-28,Retail Media Network,Family Pantry Retention Initiative,Metro Region Prospecting Cohort,86057605,Health Conscious Buyers Interest Segment,4038732375076011,Price Drop Cut Direct Voice,1621355325413800,Brand Awareness,0,0,0,0,0,0,0,0,0,0,0,0,0,0,0,0,0,0,0,0,0,0,0,0
2026-05-28,Retail Media Network,Family Pantry Retention Initiative,Metro Region Loyalty Cohort,15908997,Family Planners Lookalike Segment,4652266771659829,Offer Spotlight Value Voice,1434973701169276,Catalog Engagement,0,0,0,0,0,0,0,0,0,0,0,0,0,0,0,0,0,0,0,0,0,0,0,0
2026-05-28,Social Feed,Home Essentials Scale Initiative,Metro Region Prospecting Cohort,86057605,Family Planners Interest Segment,2052479131570920,Promo Banner Friendly Voice,7057211523700123,Brand Awareness,0,0,0,0,0,0,0,0,0,0,0,0,0,0,0,0,0,0,0,0,0,0,0,0
2026-05-28,Search Network,Seasonal Select Demand Initiative,Metro Region Loyalty Cohort,15908997,Health Conscious Buyers Interest Segment,9149918565845118,Offer Spotlight Bold Voice,1532175116888722,Catalog Engagement,24.66,8021,0,7002,37,100,100,100,100,945,776,0,0,0,0,102,0,110,1.44,0,0,0,8002,0
2026-05-28,Marketplace Feed,Family Pantry Retention Initiative,Metro Region Loyalty Cohort,86057605,Health Conscious Buyers Interest Segment,1317849022166581,Shelf Story Warm Voice,4835139745633214,Brand Awareness,30.0,8746,0,8530,212,35,100,76,38,238,196,0,0,0,0,4,0,339,3.73,0,2,0,9108,0
2026-05-28,Display Network,Family Pantry Retention Initiative,Metro Region Conversion Cohort,15908997,Family Planners Lookalike Segment,6458788079175331,Shelf Story Warm Voice,5787456630362778,Catalog Engagement,0.09,14,0,17,0,1,5,2,2,5,5,0,0,0,0,1,0,1,5.15,0,0,0,17,0
2026-05-28,Search Network,Family Pantry Retention Initiative,Metro Region Conversion Cohort,15908997,Weekend Deal Hunters Interest Segment,6202516839870495,Shelf Story Value Voice,1077582730962642,Catalog Engagement,98.51,22973,0,27277,186,100,100,100,100,2837,2228,0,0,2,0,403,0,492,1.77,3,16,0,21934,0
2026-05-28,Display Network,Seasonal Select Demand Initiative,Metro Region Loyalty Cohort,15908997,Health Conscious Buyers Retention Segment,9223925519536552,Offer Spotlight Bold Voice,1119314133689227,Catalog Engagement,3.19,554,0,632,3,100,100,100,100,113,117,0,0,0,0,10,0,12,1.95,0,0,0,589,0
2026-05-28,Video Network,Home Essentials Scale Initiative,Metro Region Prospecting Cohort,86057605,Family Planners Interest Segment,2052479131570920,Product Reel Warm Voice,1464656530089556,Brand Awareness,0,0,0,0,0,0,0,0,0,0,0,0,0,0,0,0,0,0,0,0,0,0,0,0
2026-05-28,Social Feed,Weekend Saver Retention Initiative,Metro Region Loyalty Cohort,15908997,Health Conscious Buyers Retention Segment,1230538778014850,Shelf Story Warm Voice,4293050474887513,Catalog Engagement,0,0,0,0,0,0,0,0,0,0,0,0,0,0,0,0,0,0,0,0,0,0,0,0
2026-05-28,Shopping Grid,Market Fresh Demand Initiative,Metro Region Conversion Cohort,86057605,Bulk Buyers Retention Segment,2856518857723944,Product Reel Warm Voice,1829249393081722,Catalog Engagement,0,0,0,0,0,0,0,0,0,0,0,0,0,0,0,0,0,0,0,0,0,0,0,0
2026-05-28,Connected TV,Family Pantry Retention Initiative,Metro Region Conversion Cohort,38881639,Family Planners Lookalike Segment,1010331617086390,Shelf Story Warm Voice,1022962676348579,Brand Awareness,0,0,0,0,0,0,0,0,0,0,0,0,0,0,0,0,0,0,0,0,0,0,0,0
2026-05-28,Search Network,Family Pantry Retention Initiative,Metro Region Loyalty Cohort,86057605,Health Conscious Buyers Retention Segment,3498408274906447,Shelf Story Warm Voice,8734198326451158,Brand Awareness,12.1,1486,0,1404,84,3,30,11,6,67,61,0,0,0,0,0,0,131,7.38,0,0,0,1405,0
2026-05-28,Discovery Network,Seasonal Select Demand Initiative,Metro Region Conversion Cohort,15908997,Weekend Deal Hunters Interest Segment,2579958354523595,Offer Spotlight Bold Voice,1300165410973170,Catalog Engagement,8,1889,0,1877,8,29,100,81,40,288,261,0,0,0,0,30,0,36,1.6,0,1,0,1920,0
2026-05-28,Video Network,Family Pantry Retention Initiative,Metro Region Loyalty Cohort,15908997,Health Conscious Buyers Interest Segment,2349481798369276,Offer Spotlight Value Voice,5280093134790707,Catalog Engagement,0,0,0,0,0,0,0,0,0,0,0,0,0,0,0,0,0,0,0,0,0,0,0,0
2026-05-28,Shopping Grid,Family Pantry Retention Initiative,Metro Region Loyalty Cohort,15908997,Health Conscious Buyers Retention Segment,4056111085043817,Offer Spotlight Value Voice,8603697568951240,Catalog Engagement,0,0,0,0,0,0,0,0,0,0,0,0,0,0,0,0,0,0,0,0,0,0,0,0
2026-05-28,Display Network,Market Fresh Demand Initiative,Metro Region Conversion Cohort,86057605,Weekend Deal Hunters Interest Segment,2737857498400057,Product Reel Warm Voice,1640779927447931,Catalog Engagement,0,0,0,0,0,0,0,0,0,0,0,0,0,0,0,0,0,0,0,0,0,0,0,0
2026-05-28,In-App Display,Family Pantry Retention Initiative,Metro Region Conversion Cohort,15908997,Bulk Buyers Retention Segment,1777717557426296,Shelf Story Value Voice,8084225603313437,Catalog Engagement,24.47,5960,0,6125,90,100,100,100,100,691,628,0,0,0,0,75,0,153,3.30,1,6,0,4962,0
2026-05-28,Search Network,Seasonal Select Demand Initiative,Metro Region Loyalty Cohort,15908997,Family Planners Lookalike Segment,1409583213200047,Offer Spotlight Bold Voice,2174063222301993,Catalog Engagement,12.29,3916,0,3480,12,100,100,100,100,550,449,0,0,0,0,97,0,79,1.84,0,1,0,3885,0
2026-05-28,Video Network,Family Pantry Retention Initiative,Metro Region Conversion Cohort,15908997,Bulk Buyers Retention Segment,1096889057602193,Offer Spotlight Friendly Voice,5703717592430862,Catalog Engagement,240.55,67091,0,62616,791,100,100,100,100,10072,10162,0,0,5,0,1564,0,2017,2.89,5,20,0,63763,0
2026-05-28,Connected TV,Family Pantry Retention Initiative,Metro Region Prospecting Cohort,86057605,Health Conscious Buyers Retention Segment,1345308351935222,Promo Banner Friendly Voice,6475634155019312,Brand Awareness,0,0,0,0,0,0,0,0,0,0,0,0,0,0,0,0,0,0,0,0,0,0,0,0
2026-05-28,Social Feed,Family Pantry Retention Initiative,Metro Region Conversion Cohort,15908997,Family Planners Lookalike Segment,5543611230519311,Offer Spotlight Friendly Voice,1716769906634105,Catalog Engagement,0,0,0,0,0,0,0,0,0,0,0,0,0,0,0,0,0,0,0,0,0,0,0,0
2026-05-28,Search Network,Seasonal Select Demand Initiative,Metro Region Conversion Cohort,15908997,Family Planners Lookalike Segment,5759016641689799,Offer Spotlight Bold Voice,9554297992940714,Catalog Engagement,1.31,191,0,196,5,8,52,23,13,50,43,0,0,0,0,4,0,8,4.14,0,0,0,173,0
2026-05-28,Video Network,Family Pantry Retention Initiative,Metro Region Prospecting Cohort,86057605,Health Conscious Buyers Retention Segment,1345308351935222,Price Drop Cut Value Voice,6635833234332869,Brand Awareness,0,0,0,0,0,0,0,0,0,0,0,0,0,0,0,0,0,0,0,0,0,0,0,0
2026-05-28,Retail Media Network,Family Pantry Retention Initiative,Metro Region Loyalty Cohort,86057605,Family Planners Lookalike Segment,1541980607257120,Shelf Story Warm Voice,1227821280716912,Brand Awareness,47.21,19934,0,18333,357,79,100,100,100,413,331,0,0,2,0,26,0,550,2.56,1,3,0,20529,0
2026-05-28,In-App Display,Home Essentials Promo Initiative,Metro Region Loyalty Cohort,86057605,Family Planners Lookalike Segment,1651621344407030,Shelf Story Bold Voice,1041287863438891,Catalog Engagement,0,0,0,0,0,0,0,0,0,0,0,0,0,0,0,0,0,0,0,0,0,0,0,0
2026-05-28,Display Network,Family Pantry Retention Initiative,Metro Region Conversion Cohort,15908997,Weekend Deal Hunters Interest Segment,1797636588654079,Offer Spotlight Friendly Voice,1157639135138193,Catalog Engagement,0,0,0,0,0,0,0,0,0,0,0,0,0,0,0,0,0,0,0,0,0,0,0,0
2026-05-27,Search Network,Family Pantry Retention Initiative,Metro Region Loyalty Cohort,86057605,Family Planners Lookalike Segment,1541980607257120,Shelf Story Warm Voice,1227821280716912,Brand Awareness,59.7,17253,0,17246,450,55,100,100,65,366,293,0,0,0,0,29,0,592,3.12,1,0,0,17436,0
2026-05-27,Shopping Grid,Weekend Saver Retention Initiative,Metro Region Loyalty Cohort,15908997,Family Planners Lookalike Segment,1510547668986600,Shelf Story Warm Voice,5523927866180044,Catalog Engagement,0,0,0,0,0,0,0,0,0,0,0,0,0,0,0,0,0,0,0,0,0,0,0,0
2026-05-27,Shopping Grid,Family Pantry Retention Initiative,Metro Region Conversion Cohort,15908997,Bulk Buyers Retention Segment,1096889057602193,Offer Spotlight Friendly Voice,5703717592430862,Catalog Engagement,257.84,56832,0,59119,709,100,100,100,100,11780,8169,0,0,1,0,1512,0,1918,3.2,10,32,0,50874,0
2026-05-27,Connected TV,Family Pantry Retention Initiative,Metro Region Conversion Cohort,15908997,Bulk Buyers Retention Segment,1412316301536073,Offer Spotlight Friendly Voice,9097155454198752,Catalog Engagement,43.58,16927,0,15743,138,100,100,100,100,1661,1521,0,0,0,0,244,0,317,1.80,1,11,0,15196,0
2026-05-27,Affiliate Network,Weekend Saver Retention Initiative,Metro Region Loyalty Cohort,15908997,Health Conscious Buyers Retention Segment,1230538778014850,Shelf Story Warm Voice,4293050474887513,Catalog Engagement,0,0,0,0,0,0,0,0,0,0,0,0,0,0,0,0,0,0,0,0,0,0,0,0
2026-05-27,Marketplace Feed,Weekend Saver Retention Initiative,Metro Region Loyalty Cohort,15908997,Health Conscious Buyers Interest Segment,1005675834666415,Shelf Story Warm Voice,1777489169523949,Catalog Engagement,0,0,0,0,0,0,0,0,0,0,0,0,0,0,0,0,0,0,0,0,0,0,0,0
2026-05-27,Affiliate Network,Family Pantry Retention Initiative,Metro Region Loyalty Cohort,15908997,Health Conscious Buyers Interest Segment,2349481798369276,Offer Spotlight Value Voice,5280093134790707,Catalog Engagement,4.76,573,0,689,4,80,100,100,100,97,85,0,0,0,0,3,0,4,0.72,0,0,0,571,0
2026-05-27,Retail Media Network,Seasonal Select Demand Initiative,Metro Region Conversion Cohort,15908997,Weekend Deal Hunters Interest Segment,2579958354523595,Offer Spotlight Bold Voice,1300165410973170,Catalog Engagement,22.83,5539,0,4793,42,75,100,100,100,921,716,0,0,1,0,61,0,88,1.53,0,1,0,4717,0
2026-05-27,Influencer Network,Family Pantry Retention Initiative,Metro Region Loyalty Cohort,86057605,Health Conscious Buyers Interest Segment,1317849022166581,Shelf Story Warm Voice,4835139745633214,Brand Awareness,32.02,9526,0,8226,217,30,100,61,46,257,220,0,0,0,0,12,0,340,3.84,0,0,0,8361,0
2026-05-27,Influencer Network,Market Fresh Demand Initiative,Metro Region Conversion Cohort,86057605,Weekend Deal Hunters Interest Segment,2737857498400057,Product Reel Warm Voice,1640779927447931,Catalog Engagement,0,0,0,0,0,0,0,0,0,0,0,0,0,0,0,0,0,0,0,0,0,0,0,0
2026-05-27,Influencer Network,Family Pantry Retention Initiative,Metro Region Loyalty Cohort,86057605,Health Conscious Buyers Retention Segment,3498408274906447,Shelf Story Warm Voice,8734198326451158,Brand Awareness,8.59,1277,0,1378,73,2,27,8,3,64,50,0,0,0,0,6,0,103,5.57,0,0,0,1383,0
2026-05-27,Connected TV,Family Pantry Retention Initiative,Metro Region Conversion Cohort,15908997,Bulk Buyers Retention Segment,1777717557426296,Shelf Story Value Voice,8084225603313437,Catalog Engagement,26.62,9205,0,10534,92,100,100,100,100,670,617,0,0,1,0,104,0,216,2.3,0,4,0,9470,0
2026-05-27,In-App Display,Market Fresh Demand Initiative,Metro Region Conversion Cohort,86057605,Bulk Buyers Retention Segment,2856518857723944,Product Reel Warm Voice,1829249393081722,Catalog Engagement,0,0,0,0,0,0,0,0,0,0,0,0,0,0,0,0,0,0,0,0,0,0,0,0
2026-05-27,In-App Display,Family Pantry Retention Initiative,Metro Region Conversion Cohort,15908997,Weekend Deal Hunters Interest Segment,9663578947718335,Offer Spotlight Friendly Voice,4064886041583361,Catalog Engagement,6.01,1631,0,1783,10,13,100,77,38,255,230,0,0,0,0,28,0,38,2.17,0,1,0,1666,0
2026-05-27,Display Network,Seasonal Select Demand Initiative,Metro Region Conversion Cohort,15908997,Bulk Buyers Retention Segment,1061064502710542,Offer Spotlight Bold Voice,1741856265266256,Catalog Engagement,248,76428,0,90491,739,100,100,100,100,10262,9090,0,0,4,0,2338,0,3240,2.8,8,19,0,78154,0
2026-05-27,Video Network,Family Pantry Retention Initiative,Metro Region Conversion Cohort,15908997,Family Planners Lookalike Segment,6458788079175331,Shelf Story Warm Voice,5787456630362778,Catalog Engagement,0.10,31,0,27,1,1,5,1,1,6,6,0,0,0,0,0,0,3,9.24,0,0,0,26,0
2026-05-27,Retail Media Network,Family Pantry Retention Initiative,Metro Region Loyalty Cohort,86057605,Family Planners Lookalike Segment,1389792323919646,Shelf Story Warm Voice,1559200281199121,Brand Awareness,10.99,4395,0,3919,70,34,100,64,38,121,107,0,0,0,0,12,0,122,2.38,0,1,0,4424,0
2026-05-27,Affiliate Network,Family Pantry Retention Initiative,Metro Region Conversion Cohort,15908997,Family Planners Lookalike Segment,5543611230519311,Offer Spotlight Friendly Voice,1716769906634105,Catalog Engagement,20.31,6309,0,6388,117,100,100,100,100,826,726,0,0,1,0,33,0,177,3.05,0,6,0,5466,0
2026-05-27,Video Network,Family Pantry Retention Initiative,Metro Region Conversion Cohort,15908997,Weekend Deal Hunters Interest Segment,1797636588654079,Offer Spotlight Friendly Voice,1157639135138193,Catalog Engagement,283.15,76209,0,87962,589,100,100,100,100,7999,8095,0,0,2,0,817,0,1626,1.88,7,41,0,75459,0
2026-05-27,Influencer Network,Family Pantry Retention Initiative,Metro Region Conversion Cohort,15908997,Family Planners Lookalike Segment,3017606229260592,Shelf Story Value Voice,5691206288583839,Catalog Engagement,110.22,30344,0,25706,170,100,100,100,100,3543,2458,0,0,2,0,140,0,349,1.26,0,11,0,24788,0
2026-05-27,Retail Media Network,Family Pantry Retention Initiative,Metro Region Loyalty Cohort,15908997,Health Conscious Buyers Retention Segment,4056111085043817,Offer Spotlight Value Voice,8603697568951240,Catalog Engagement,20.7,2544,0,2699,10,100,100,100,100,307,248,0,0,0,0,5,0,14,0.57,0,0,0,2099,0
2026-05-27,Social Feed,Family Pantry Retention Initiative,Metro Region Conversion Cohort,38881639,Family Planners Lookalike Segment,1010331617086390,Shelf Story Warm Voice,1022962676348579,Brand Awareness,0,0,0,0,0,0,0,0,0,0,0,0,0,0,0,0,0,0,0,0,0,0,0,0
2026-05-27,Affiliate Network,Family Pantry Retention Initiative,Metro Region Loyalty Cohort,15908997,Family Planners Lookalike Segment,4652266771659829,Offer Spotlight Value Voice,1434973701169276,Catalog Engagement,102.22,18830,0,20323,61,100,100,100,100,1808,1486,0,0,0,0,92,0,151,0.77,0,4,0,20277,0
2026-05-27,Affiliate Network,Market Fresh Demand Initiative,Metro Region Conversion Cohort,86057605,Family Planners Lookalike Segment,1772224591172120,Product Reel Warm Voice,5445284725858050,Catalog Engagement,0,0,0,0,0,0,0,0,0,0,0,0,0,0,0,0,0,0,0,0,0,0,0,0
2026-05-27,Video Network,Seasonal Select Demand Initiative,Metro Region Conversion Cohort,15908997,Family Planners Lookalike Segment,5759016641689799,Offer Spotlight Bold Voice,9554297992940714,Catalog Engagement,2.66,451,0,436,3,15,100,51,23,134,110,0,0,0,0,4,0,7,1.84,0,1,0,344,0
2026-05-27,Connected TV,Family Pantry Retention Initiative,Metro Region Conversion Cohort,15908997,Weekend Deal Hunters Interest Segment,6202516839870495,Shelf Story Value Voice,1077582730962642,Catalog Engagement,129.62,44097,0,47729,252,100,100,100,100,4148,2739,0,0,1,0,456,0,751,1.40,2,19,0,46592,0
2026-05-26,Display Network,Family Pantry Retention Initiative,Metro Region Loyalty Cohort,15908997,Family Planners Lookalike Segment,4652266771659829,Offer Spotlight Value Voice,1434973701169276,Catalog Engagement,120.59,18676,0,22661,81,100,100,100,100,2209,1884,0,0,0,0,116,0,194,0.83,1,3,0,22217,0
2026-05-26,Shopping Grid,Family Pantry Retention Initiative,Metro Region Loyalty Cohort,86057605,Family Planners Lookalike Segment,1389792323919646,Shelf Story Warm Voice,1559200281199121,Brand Awareness,11.26,4112,0,4925,81,32,100,60,34,113,94,0,0,0,0,4,0,120,2.26,0,0,0,4770,0
2026-05-26,In-App Display,Weekend Saver Retention Initiative,Metro Region Loyalty Cohort,15908997,Family Planners Lookalike Segment,1510547668986600,Shelf Story Warm Voice,5523927866180044,Catalog Engagement,100.43,27031,0,24342,57,100,100,100,100,1971,1764,0,0,0,0,205,0,250,1.08,0,7,0,27305,0
2026-05-26,Shopping Grid,Market Fresh Demand Initiative,Metro Region Conversion Cohort,86057605,Weekend Deal Hunters Interest Segment,2737857498400057,Product Reel Warm Voice,1640779927447931,Catalog Engagement,0,0,0,0,0,0,0,0,0,0,0,0,0,0,0,0,0,0,0,0,0,0,0,0
2026-05-26,Discovery Network,Seasonal Select Demand Initiative,Metro Region Conversion Cohort,15908997,Bulk Buyers Retention Segment,1061064502710542,Offer Spotlight Bold Voice,1741856265266256,Catalog Engagement,11.22,4944,0,4495,25,19,100,77,41,536,364,0,0,0,0,153,0,165,3.11,0,1,0,4880,0
2026-05-26,Social Feed,Family Pantry Retention Initiative,Metro Region Loyalty Cohort,86057605,Health Conscious Buyers Retention Segment,3498408274906447,Shelf Story Warm Voice,8734198326451158,Brand Awareness,8.8,1455,0,1265,56,10,32,18,10,68,58,0,0,0,0,3,0,76,6.00,0,0,0,1232,0
2026-05-26,In-App Display,Family Pantry Retention Initiative,Metro Region Conversion Cohort,15908997,Bulk Buyers Retention Segment,1412316301536073,Offer Spotlight Friendly Voice,9097155454198752,Catalog Engagement,48.68,12734,0,12570,166,100,100,100,100,2037,1426,0,0,1,0,178,0,325,2.51,0,14,0,11332,0
2026-05-26,Connected TV,Family Pantry Retention Initiative,Metro Region Conversion Cohort,15908997,Weekend Deal Hunters Interest Segment,9663578947718335,Offer Spotlight Friendly Voice,4064886041583361,Catalog Engagement,9.74,3052,0,3739,22,24,100,100,65,551,415,0,0,0,0,66,0,76,2.23,0,1,0,3602,0
2026-05-26,Shopping Grid,Family Pantry Retention Initiative,Metro Region Loyalty Cohort,15908997,Health Conscious Buyers Retention Segment,4056111085043817,Offer Spotlight Value Voice,8603697568951240,Catalog Engagement,32.30,4598,0,3901,8,100,100,100,100,639,447,0,0,0,0,10,0,21,0.5,0,1,0,3617,0
2026-05-26,Discovery Network,Family Pantry Retention Initiative,Metro Region Loyalty Cohort,15908997,Health Conscious Buyers Interest Segment,2349481798369276,Offer Spotlight Value Voice,5280093134790707,Catalog Engagement,5.30,610,0,651,1,78,100,100,100,96,82,0,0,0,0,4,0,5,0.59,0,0,0,694,0
2026-05-26,Search Network,Family Pantry Retention Initiative,Metro Region Conversion Cohort,15908997,Family Planners Lookalike Segment,6458788079175331,Shelf Story Warm Voice,5787456630362778,Catalog Engagement,1.21,220,0,220,0,7,53,20,13,51,50,0,0,0,0,1,0,2,0.71,0,0,0,255,0
2026-05-26,Search Network,Home Essentials Scale Initiative,Metro Region Prospecting Cohort,86057605,Family Planners Interest Segment,2052479131570920,Price Drop Cut Value Voice,1450690616595384,Brand Awareness,0,0,0,0,0,0,0,0,0,0,0,0,0,0,0,0,0,0,0,0,0,0,0,0
2026-05-26,Connected TV,Home Essentials Scale Initiative,Metro Region Prospecting Cohort,86057605,Family Planners Interest Segment,2052479131570920,Promo Banner Friendly Voice,7057211523700123,Brand Awareness,0,0,0,0,0,0,0,0,0,0,0,0,0,0,0,0,0,0,0,0,0,0,0,0
2026-05-26,Discovery Network,Family Pantry Retention Initiative,Metro Region Conversion Cohort,15908997,Weekend Deal Hunters Interest Segment,6202516839870495,Shelf Story Value Voice,1077582730962642,Catalog Engagement,12.56,5018,0,4946,20,84,100,100,100,336,250,0,0,0,0,29,0,65,1.18,0,1,0,4997,0
2026-05-26,In-App Display,Market Fresh Demand Initiative,Metro Region Conversion Cohort,86057605,Bulk Buyers Retention Segment,2856518857723944,Product Reel Warm Voice,1829249393081722,Catalog Engagement,0,0,0,0,0,0,0,0,0,0,0,0,0,0,0,0,0,0,0,0,0,0,0,0
2026-05-26,Marketplace Feed,Family Pantry Retention Initiative,Metro Region Conversion Cohort,15908997,Family Planners Lookalike Segment,3017606229260592,Shelf Story Value Voice,5691206288583839,Catalog Engagement,36.02,11495,0,13155,83,100,100,100,100,970,749,0,0,0,0,70,0,153,1.12,0,1,0,10161,0
2026-05-26,Shopping Grid,Family Pantry Retention Initiative,Metro Region Conversion Cohort,15908997,Family Planners Lookalike Segment,5543611230519311,Offer Spotlight Friendly Voice,1716769906634105,Catalog Engagement,25.01,6745,0,6765,82,100,100,100,100,1007,840,0,0,0,0,27,0,123,2.10,0,4,0,5467,0
2026-05-26,Retail Media Network,Seasonal Select Demand Initiative,Metro Region Conversion Cohort,15908997,Family Planners Lookalike Segment,5759016641689799,Offer Spotlight Bold Voice,9554297992940714,Catalog Engagement,58.93,12513,0,14702,83,100,100,100,100,1679,1390,0,0,1,0,227,0,325,1.93,0,7,0,13216,0
2026-05-26,Search Network,Family Pantry Retention Initiative,Metro Region Conversion Cohort,15908997,Bulk Buyers Retention Segment,1777717557426296,Shelf Story Value Voice,8084225603313437,Catalog Engagement,41.18,14123,0,14765,70,100,100,100,100,960,961,0,0,0,0,137,0,242,1.35,0,4,0,16013,0
2026-05-26,Connected TV,Weekend Saver Retention Initiative,Metro Region Loyalty Cohort,15908997,Health Conscious Buyers Interest Segment,1005675834666415,Shelf Story Warm Voice,1777489169523949,Catalog Engagement,5.85,432,0,444,0,100,100,100,100,106,104,0,0,0,0,1,0,2,0.51,0,1,0,442,0
2026-05-26,Affiliate Network,Family Pantry Retention Initiative,Metro Region Loyalty Cohort,86057605,Health Conscious Buyers Interest Segment,1317849022166581,Shelf Story Warm Voice,4835139745633214,Brand Awareness,34.21,9106,0,9234,190,22,100,65,40,187,171,0,0,0,0,7,0,269,2.76,0,1,0,9564,0
2026-05-26,Video Network,Family Pantry Retention Initiative,Metro Region Conversion Cohort,38881639,Family Planners Lookalike Segment,1010331617086390,Shelf Story Warm Voice,1022962676348579,Brand Awareness,0,0,0,0,0,0,0,0,0,0,0,0,0,0,0,0,0,0,0,0,0,0,0,0
2026-05-26,Video Network,Home Essentials Promo Initiative,Metro Region Loyalty Cohort,86057605,Health Conscious Buyers Interest Segment,1547932434152739,Shelf Story Bold Voice,1607803194966386,Catalog Engagement,0,0,0,0,0,0,0,0,0,0,0,0,0,0,0,0,0,0,0,0,0,0,0,0
2026-05-26,Affiliate Network,Family Pantry Retention Initiative,Metro Region Conversion Cohort,15908997,Weekend Deal Hunters Interest Segment,1797636588654079,Offer Spotlight Friendly Voice,1157639135138193,Catalog Engagement,287.44,75718,0,75945,647,100,100,100,100,8296,8486,0,0,3,0,762,0,1346,1.95,6,24,0,78507,0
2026-05-26,Social Feed,Family Pantry Retention Initiative,Metro Region Loyalty Cohort,86057605,Family Planners Lookalike Segment,1541980607257120,Shelf Story Warm Voice,1227821280716912,Brand Awareness,52.11,16881,0,16345,349,49,100,100,79,374,298,0,0,1,0,19,0,511,3.11,0,2,0,17149,0
2026-05-26,Display Network,Home Essentials Scale Initiative,Metro Region Prospecting Cohort,86057605,Family Planners Interest Segment,2052479131570920,Shelf Story Bold Voice,1037070944576843,Brand Awareness,0,0,0,0,0,0,0,0,0,0,0,0,0,0,0,0,0,0,0,0,0,0,0,0
2026-05-26,Shopping Grid,Weekend Saver Retention Initiative,Metro Region Loyalty Cohort,15908997,Health Conscious Buyers Retention Segment,1230538778014850,Shelf Story Warm Voice,4293050474887513,Catalog Engagement,25.28,3992,0,3830,13,100,100,100,100,453,370,0,0,0,0,7,0,22,0.6,0,0,0,3316,0
2026-05-26,In-App Display,Seasonal Select Demand Initiative,Metro Region Conversion Cohort,15908997,Weekend Deal Hunters Interest Segment,2579958354523595,Offer Spotlight Bold Voice,1300165410973170,Catalog Engagement,43.38,10600,0,12365,43,98,100,100,100,1669,1376,0,0,1,0,184,0,215,1.73,0,4,0,9939,0
2026-05-26,Social Feed,Family Pantry Retention Initiative,Metro Region Conversion Cohort,15908997,Bulk Buyers Retention Segment,1096889057602193,Offer Spotlight Friendly Voice,5703717592430862,Catalog Engagement,241.11,65936,0,65241,642,100,100,100,100,10775,9190,0,0,5,0,1990,0,2080,3.4,9,30,0,62493,0
2026-05-25,Display Network,Family Pantry Retention Initiative,Metro Region Conversion Cohort,15908997,Family Planners Lookalike Segment,5543611230519311,Offer Spotlight Friendly Voice,1716769906634105,Catalog Engagement,51.73,11977,0,10991,111,100,100,100,100,1788,1637,0,0,1,0,67,0,211,1.61,1,3,0,12194,0
2026-05-25,Shopping Grid,Family Pantry Retention Initiative,Metro Region Loyalty Cohort,15908997,Health Conscious Buyers Interest Segment,2349481798369276,Offer Spotlight Value Voice,5280093134790707,Catalog Engagement,5.95,838,0,873,3,97,100,100,100,114,101,0,0,0,0,1,0,6,0.53,0,0,0,705,0
2026-05-25,Marketplace Feed,Family Pantry Retention Initiative,Metro Region Loyalty Cohort,15908997,Health Conscious Buyers Retention Segment,4056111085043817,Offer Spotlight Value Voice,8603697568951240,Catalog Engagement,19.98,2774,0,3169,9,100,100,100,100,299,267,0,0,0,0,7,0,22,0.69,0,0,0,2406,0
2026-05-25,Search Network,Family Pantry Retention Initiative,Metro Region Conversion Cohort,15908997,Bulk Buyers Retention Segment,1412316301536073,Offer Spotlight Friendly Voice,9097155454198752,Catalog Engagement,129.99,34183,0,29122,323,100,100,100,100,4495,3327,0,0,4,0,445,0,712,2.39,6,12,0,32557,0
2026-05-25,Discovery Network,Family Pantry Retention Initiative,Metro Region Loyalty Cohort,15908997,Family Planners Lookalike Segment,4652266771659829,Offer Spotlight Value Voice,1434973701169276,Catalog Engagement,146.7,23776,0,23636,86,100,100,100,100,2177,1897,0,0,0,0,176,0,263,1.02,0,12,0,27276,0
2026-05-25,Social Feed,Family Pantry Retention Initiative,Metro Region Loyalty Cohort,86057605,Health Conscious Buyers Retention Segment,3498408274906447,Shelf Story Warm Voice,8734198326451158,Brand Awareness,7.97,1468,0,1494,48,4,23,8,3,45,43,0,0,0,0,2,0,94,5.35,0,0,0,1216,0
2026-05-25,Connected TV,Market Fresh Demand Initiative,Metro Region Conversion Cohort,86057605,Weekend Deal Hunters Interest Segment,2737857498400057,Product Reel Warm Voice,1640779927447931,Catalog Engagement,0,0,0,0,0,0,0,0,0,0,0,0,0,0,0,0,0,0,0,0,0,0,0,0
2026-05-25,Display Network,Market Fresh Demand Initiative,Metro Region Conversion Cohort,86057605,Family Planners Lookalike Segment,1772224591172120,Product Reel Warm Voice,5445284725858050,Catalog Engagement,0,0,0,0,0,0,0,0,0,0,0,0,0,0,0,0,0,0,0,0,0,0,0,0
2026-05-25,Display Network,Home Essentials Promo Initiative,Metro Region Loyalty Cohort,86057605,Health Conscious Buyers Interest Segment,1547932434152739,Shelf Story Bold Voice,1607803194966386,Catalog Engagement,0,0,0,0,0,0,0,0,0,0,0,0,0,0,0,0,0,0,0,0,0,0,0,0
2026-05-25,Search Network,Family Pantry Retention Initiative,Metro Region Loyalty Cohort,86057605,Health Conscious Buyers Interest Segment,1317849022166581,Shelf Story Warm Voice,4835139745633214,Brand Awareness,27.85,8251,0,8165,183,24,100,65,39,207,152,0,0,0,0,4,0,323,3.23,1,0,0,7653,0
2026-05-25,Social Feed,Family Pantry Retention Initiative,Metro Region Conversion Cohort,15908997,Family Planners Lookalike Segment,6458788079175331,Shelf Story Warm Voice,5787456630362778,Catalog Engagement,1.72,345,0,366,0,11,100,31,14,85,74,0,0,0,0,1,0,2,0.63,0,0,0,331,0
2026-05-25,Marketplace Feed,Weekend Saver Retention Initiative,Metro Region Loyalty Cohort,15908997,Family Planners Lookalike Segment,1510547668986600,Shelf Story Warm Voice,5523927866180044,Catalog Engagement,108.72,34120,0,31398,69,100,100,100,100,2250,1720,0,0,1,0,263,0,292,0.84,0,3,0,33406,0
2026-05-25,Search Network,Family Pantry Retention Initiative,Metro Region Loyalty Cohort,86057605,Family Planners Lookalike Segment,1541980607257120,Shelf Story Warm Voice,1227821280716912,Brand Awareness,43.43,17562,0,19039,320,51,100,100,89,334,261,0,0,0,0,23,0,508,2.47,0,0,0,17909,0
2026-05-25,Affiliate Network,Family Pantry Retention Initiative,Metro Region Prospecting Cohort,86057605,Health Conscious Buyers Affinity Segment,1135622965987651,Price Drop Cut Direct Voice,1376321213572515,Brand Awareness,0,0,0,0,0,0,0,0,0,0,0,0,0,0,0,0,0,0,0,0,0,0,0,0
2026-05-25,Discovery Network,Market Fresh Demand Initiative,Metro Region Conversion Cohort,86057605,Bulk Buyers Retention Segment,2856518857723944,Product Reel Warm Voice,1829249393081722,Catalog Engagement,0,0,0,0,0,0,0,0,0,0,0,0,0,0,0,0,0,0,0,0,0,0,0,0
2026-05-25,Influencer Network,Family Pantry Retention Initiative,Metro Region Loyalty Cohort,86057605,Family Planners Lookalike Segment,1389792323919646,Shelf Story Warm Voice,1559200281199121,Brand Awareness,28.32,8503,0,8970,200,40,100,98,53,228,179,0,0,0,0,12,0,261,2.45,0,0,0,7931,0
2026-05-25,Search Network,Family Pantry Retention Initiative,Metro Region Conversion Cohort,15908997,Weekend Deal Hunters Interest Segment,1797636588654079,Offer Spotlight Friendly Voice,1157639135138193,Catalog Engagement,182.06,55794,0,68686,490,100,100,100,100,7402,4974,0,0,4,0,534,0,1174,1.57,1,33,0,60742,0
2026-05-25,Retail Media Network,Family Pantry Retention Initiative,Metro Region Conversion Cohort,15908997,Weekend Deal Hunters Interest Segment,9663578947718335,Offer Spotlight Friendly Voice,4064886041583361,Catalog Engagement,13.07,4416,0,5760,51,41,100,100,86,890,643,0,0,1,0,97,0,146,2.75,1,3,0,4283,0
2026-05-25,In-App Display,Weekend Saver Retention Initiative,Metro Region Loyalty Cohort,15908997,Health Conscious Buyers Retention Segment,1230538778014850,Shelf Story Warm Voice,4293050474887513,Catalog Engagement,38.50,4825,0,5206,13,100,100,100,100,712,622,0,0,0,0,6,0,21,0.35,0,0,0,4647,0
2026-05-25,Social Feed,Family Pantry Retention Initiative,Metro Region Conversion Cohort,15908997,Bulk Buyers Retention Segment,1096889057602193,Offer Spotlight Friendly Voice,5703717592430862,Catalog Engagement,237.94,61416,0,66979,687,100,100,100,100,13198,11604,0,0,6,0,2300,0,2841,3.27,15,28,0,59290,0
2026-05-25,Affiliate Network,Weekend Saver Retention Initiative,Metro Region Loyalty Cohort,15908997,Health Conscious Buyers Interest Segment,1005675834666415,Shelf Story Warm Voice,1777489169523949,Catalog Engagement,6.31,473,0,429,5,86,100,100,100,106,90,0,0,0,0,4,0,8,1.52,0,0,0,407,0
2026-05-24,Search Network,Family Pantry Retention Initiative,Metro Region Loyalty Cohort,86057605,Health Conscious Buyers Interest Segment,1317849022166581,Shelf Story Warm Voice,4835139745633214,Brand Awareness,18.30,6671,0,6987,131,19,100,35,27,115,117,0,0,0,0,6,0,188,2.68,0,1,0,5397,0
2026-05-24,Influencer Network,Home Essentials Promo Initiative,Metro Region Loyalty Cohort,86057605,Health Conscious Buyers Interest Segment,1547932434152739,Shelf Story Bold Voice,1607803194966386,Catalog Engagement,0,0,0,0,0,0,0,0,0,0,0,0,0,0,0,0,0,0,0,0,0,0,0,0
2026-05-24,Connected TV,Family Pantry Retention Initiative,Metro Region Loyalty Cohort,15908997,Health Conscious Buyers Interest Segment,2349481798369276,Offer Spotlight Value Voice,5280093134790707,Catalog Engagement,4.34,670,0,657,6,90,100,100,100,107,93,0,0,0,0,0,0,6,0.93,0,0,0,706,0
2026-05-24,Affiliate Network,Family Pantry Retention Initiative,Metro Region Prospecting Cohort,86057605,Health Conscious Buyers Interest Segment,4038732375076011,Product Reel Warm Voice,5024232539393398,Brand Awareness,0,0,0,0,0,0,0,0,0,0,0,0,0,0,0,0,0,0,0,0,0,0,0,0
2026-05-24,Marketplace Feed,Home Essentials Scale Initiative,Metro Region Prospecting Cohort,86057605,Family Planners Interest Segment,2052479131570920,Shelf Story Warm Voice,1453411941100364,Brand Awareness,0,0,0,0,0,0,0,0,0,0,0,0,0,0,0,0,0,0,0,0,0,0,0,0
2026-05-24,Affiliate Network,Weekend Saver Retention Initiative,Metro Region Loyalty Cohort,15908997,Family Planners Lookalike Segment,1510547668986600,Shelf Story Warm Voice,5523927866180044,Catalog Engagement,139.44,37245,0,43588,87,100,100,100,100,2425,2004,0,0,0,0,324,0,405,0.82,0,3,0,39137,0
2026-05-24,Influencer Network,Family Pantry Retention Initiative,Metro Region Prospecting Cohort,86057605,Health Conscious Buyers Interest Segment,4038732375076011,Product Reel Bold Voice,2610832510663182,Brand Awareness,0,0,0,0,0,0,0,0,0,0,0,0,0,0,0,0,0,0,0,0,0,0,0,0
2026-05-24,Video Network,Market Fresh Demand Initiative,Metro Region Conversion Cohort,86057605,Family Planners Lookalike Segment,1772224591172120,Product Reel Warm Voice,5445284725858050,Catalog Engagement,0,0,0,0,0,0,0,0,0,0,0,0,0,0,0,0,0,0,0,0,0,0,0,0
2026-05-24,Connected TV,Family Pantry Retention Initiative,Metro Region Loyalty Cohort,86057605,Family Planners Lookalike Segment,1541980607257120,Shelf Story Warm Voice,1227821280716912,Brand Awareness,56.36,17280,0,15825,336,52,100,100,60,254,213,0,0,1,0,27,0,511,3.22,0,2,0,13313,0
2026-05-24,Connected TV,Market Fresh Demand Initiative,Metro Region Conversion Cohort,86057605,Bulk Buyers Retention Segment,2856518857723944,Product Reel Warm Voice,1829249393081722,Catalog Engagement,0,0,0,0,0,0,0,0,0,0,0,0,0,0,0,0,0,0,0,0,0,0,0,0
2026-05-24,Video Network,Family Pantry Retention Initiative,Metro Region Conversion Cohort,15908997,Weekend Deal Hunters Interest Segment,1797636588654079,Offer Spotlight Friendly Voice,1157639135138193,Catalog Engagement,61.61,17565,0,16364,187,100,100,100,100,2545,2073,0,0,1,0,91,0,263,1.67,0,12,0,15613,0
2026-05-24,Video Network,Family Pantry Retention Initiative,Metro Region Conversion Cohort,15908997,Family Planners Lookalike Segment,5543611230519311,Offer Spotlight Friendly Voice,1716769906634105,Catalog Engagement,42.60,8090,0,8465,67,100,100,100,100,1318,967,0,0,1,0,46,0,125,1.36,0,8,0,8982,0
2026-05-24,Shopping Grid,Family Pantry Retention Initiative,Metro Region Conversion Cohort,15908997,Bulk Buyers Retention Segment,1412316301536073,Offer Spotlight Friendly Voice,9097155454198752,Catalog Engagement,246.6,82245,0,87196,583,100,100,100,100,9559,8994,0,0,5,0,808,0,1634,1.71,2,34,0,73918,0
2026-05-24,Search Network,Family Pantry Retention Initiative,Metro Region Prospecting Cohort,86057605,Health Conscious Buyers Interest Segment,4038732375076011,Shelf Story Bold Voice,5252167376816900,Brand Awareness,0,0,0,0,0,0,0,0,0,0,0,0,0,0,0,0,0,0,0,0,0,0,0,0
2026-05-24,Influencer Network,Family Pantry Retention Initiative,Metro Region Conversion Cohort,15908997,Family Planners Lookalike Segment,6458788079175331,Shelf Story Warm Voice,5787456630362778,Catalog Engagement,5.40,1080,0,977,5,33,100,100,59,295,237,0,0,0,0,8,0,10,0.92,0,0,0,1134,0
2026-05-24,Influencer Network,Family Pantry Retention Initiative,Metro Region Loyalty Cohort,86057605,Health Conscious Buyers Interest Segment,2521243424639338,Price Drop Cut Direct Voice,1418260482152184,Catalog Engagement,0,0,0,0,0,0,0,0,0,0,0,0,0,0,0,0,0,0,0,0,0,0,0,0
2026-05-24,Search Network,Family Pantry Retention Initiative,Metro Region Loyalty Cohort,86057605,Family Planners Lookalike Segment,1389792323919646,Shelf Story Warm Voice,1559200281199121,Brand Awareness,30.08,8215,0,8772,190,28,100,65,42,194,178,0,0,0,0,12,0,344,3.52,0,2,0,9142,0
2026-05-24,Video Network,Family Pantry Retention Initiative,Metro Region Conversion Cohort,38881639,Family Planners Lookalike Segment,1010331617086390,Shelf Story Warm Voice,1022962676348579,Brand Awareness,0,0,0,0,0,0,0,0,0,0,0,0,0,0,0,0,0,0,0,0,0,0,0,0
2026-05-24,Video Network,Weekend Saver Retention Initiative,Metro Region Loyalty Cohort,15908997,Health Conscious Buyers Retention Segment,1230538778014850,Shelf Story Warm Voice,4293050474887513,Catalog Engagement,22.00,3522,0,3495,9,100,100,100,100,433,363,0,0,0,0,13,0,19,0.59,0,0,0,3432,0
2026-05-24,Affiliate Network,Family Pantry Retention Initiative,Metro Region Loyalty Cohort,15908997,Family Planners Lookalike Segment,4652266771659829,Offer Spotlight Value Voice,1434973701169276,Catalog Engagement,136.46,21553,0,23860,105,100,100,100,100,2637,2021,0,0,1,0,259,0,316,1.15,2,3,0,23608,0
2026-05-24,In-App Display,Weekend Saver Retention Initiative,Metro Region Loyalty Cohort,15908997,Health Conscious Buyers Interest Segment,1005675834666415,Shelf Story Warm Voice,1777489169523949,Catalog Engagement,8.37,699,0,790,5,100,100,100,100,171,124,0,0,0,0,4,0,9,1.04,0,0,0,780,0
2026-05-24,Shopping Grid,Family Pantry Retention Initiative,Metro Region Loyalty Cohort,86057605,Health Conscious Buyers Retention Segment,3498408274906447,Shelf Story Warm Voice,8734198326451158,Brand Awareness,5.07,1091,0,1060,38,7,21,10,8,35,34,0,0,0,0,1,0,62,4.40,0,0,0,1252,0
2026-05-24,Marketplace Feed,Home Essentials Scale Initiative,Metro Region Loyalty Cohort,86057605,Weekend Deal Hunters Interest Segment,1459448327666023,Product Reel Bold Voice,1341726046078307,Brand Awareness,0,0,0,0,0,0,0,0,0,0,0,0,0,0,0,0,0,0,0,0,0,0,0,0
2026-05-24,Video Network,Market Fresh Demand Initiative,Metro Region Conversion Cohort,86057605,Weekend Deal Hunters Interest Segment,2737857498400057,Product Reel Warm Voice,1640779927447931,Catalog Engagement,0,0,0,0,0,0,0,0,0,0,0,0,0,0,0,0,0,0,0,0,0,0,0,0
2026-05-24,Display Network,Family Pantry Retention Initiative,Metro Region Prospecting Cohort,86057605,Health Conscious Buyers Affinity Segment,1135622965987651,Promo Banner Friendly Voice,8513428259763770,Brand Awareness,0,0,0,0,0,0,0,0,0,0,0,0,0,0,0,0,0,0,0,0,0,0,0,0
2026-05-24,Search Network,Family Pantry Retention Initiative,Metro Region Loyalty Cohort,15908997,Health Conscious Buyers Retention Segment,4056111085043817,Offer Spotlight Value Voice,8603697568951240,Catalog Engagement,24.71,4222,0,4846,10,100,100,100,100,575,471,0,0,0,0,22,0,27,0.55,0,1,0,3972,0
2026-05-24,Discovery Network,Family Pantry Retention Initiative,Metro Region Conversion Cohort,15908997,Weekend Deal Hunters Interest Segment,9663578947718335,Offer Spotlight Friendly Voice,4064886041583361,Catalog Engagement,16.41,5738,0,5644,20,50,100,100,93,914,768,0,0,1,0,148,0,185,2.80,1,2,0,4961,0
2026-05-24,Influencer Network,Family Pantry Retention Initiative,Metro Region Conversion Cohort,15908997,Bulk Buyers Retention Segment,1096889057602193,Offer Spotlight Friendly Voice,5703717592430862,Catalog Engagement,255.04,67756,0,78513,832,100,100,100,100,12408,10336,0,0,4,0,2774,0,3592,4.62,9,23,0,61351,0
2026-05-23,Video Network,Weekend Saver Retention Initiative,Metro Region Loyalty Cohort,15908997,Health Conscious Buyers Interest Segment,1005675834666415,Shelf Story Warm Voice,1777489169523949,Catalog Engagement,18.81,2008,0,1667,7,100,100,100,100,413,346,0,0,0,0,8,0,15,0.79,0,0,0,1737,0
2026-05-23,In-App Display,Family Pantry Retention Initiative,Metro Region Conversion Cohort,15908997,Family Planners Lookalike Segment,6458788079175331,Shelf Story Warm Voice,5787456630362778,Catalog Engagement,4.31,849,0,990,8,37,100,100,67,286,247,0,0,0,0,13,0,15,1.66,0,0,0,1003,0
2026-05-23,Affiliate Network,Family Pantry Retention Initiative,Metro Region Loyalty Cohort,86057605,Health Conscious Buyers Interest Segment,2521243424639338,Price Drop Cut Direct Voice,1418260482152184,Catalog Engagement,0,0,0,0,0,0,0,0,0,0,0,0,0,0,0,0,0,0,0,0,0,0,0,0
2026-05-23,Influencer Network,Family Pantry Retention Initiative,Metro Region Prospecting Cohort,86057605,Health Conscious Buyers Affinity Segment,1135622965987651,Price Drop Cut Value Voice,3451026948260594,Brand Awareness,0,0,0,0,0,0,0,0,0,0,0,0,0,0,0,0,0,0,0,0,0,0,0,0
2026-05-23,Marketplace Feed,Family Pantry Retention Initiative,Metro Region Prospecting Cohort,86057605,Health Conscious Buyers Affinity Segment,1135622965987651,Shelf Story Warm Voice,1258937255511149,Brand Awareness,0,0,0,0,0,0,0,0,0,0,0,0,0,0,0,0,0,0,0,0,0,0,0,0
2026-05-23,Video Network,Family Pantry Retention Initiative,Metro Region Loyalty Cohort,86057605,Family Planners Lookalike Segment,1541980607257120,Shelf Story Warm Voice,1227821280716912,Brand Awareness,46.50,13225,0,12088,297,42,100,100,46,247,221,0,0,0,0,13,0,477,3.58,0,3,0,11528,0
2026-05-23,Social Feed,Family Pantry Retention Initiative,Metro Region Conversion Cohort,15908997,Bulk Buyers Retention Segment,1096889057602193,Offer Spotlight Friendly Voice,5703717592430862,Catalog Engagement,232.28,81744,0,92614,887,100,100,100,100,17117,12426,0,0,2,0,4363,0,4581,5.32,12,34,0,77909,0
2026-05-23,Affiliate Network,Family Pantry Retention Initiative,Metro Region Conversion Cohort,15908997,Weekend Deal Hunters Interest Segment,9663578947718335,Offer Spotlight Friendly Voice,4064886041583361,Catalog Engagement,1.60,587,0,551,6,5,100,31,18,123,92,0,0,0,0,28,0,31,5.31,0,0,0,462,0
2026-05-23,Discovery Network,Family Pantry Retention Initiative,Metro Region Conversion Cohort,15908997,Weekend Deal Hunters Interest Segment,1797636588654079,Offer Spotlight Friendly Voice,1157639135138193,Catalog Engagement,35.40,6598,0,7724,91,100,100,100,100,1423,1186,0,0,1,0,38,0,186,1.93,2,9,0,7326,0
2026-05-23,Retail Media Network,Family Pantry Retention Initiative,Metro Region Conversion Cohort,15908997,Family Planners Lookalike Segment,5543611230519311,Offer Spotlight Friendly Voice,1716769906634105,Catalog Engagement,2.55,532,0,582,3,29,100,58,45,99,88,0,0,0,0,6,0,9,1.57,0,0,0,606,0
2026-05-23,Retail Media Network,Market Fresh Demand Initiative,Metro Region Conversion Cohort,86057605,Family Planners Lookalike Segment,1772224591172120,Product Reel Warm Voice,5445284725858050,Catalog Engagement,0,0,0,0,0,0,0,0,0,0,0,0,0,0,0,0,0,0,0,0,0,0,0,0
2026-05-23,In-App Display,Family Pantry Retention Initiative,Metro Region Prospecting Cohort,86057605,Health Conscious Buyers Affinity Segment,1135622965987651,Shelf Story Bold Voice,3741790868443346,Brand Awareness,0,0,0,0,0,0,0,0,0,0,0,0,0,0,0,0,0,0,0,0,0,0,0,0
2026-05-23,Display Network,Family Pantry Retention Initiative,Metro Region Prospecting Cohort,86057605,Health Conscious Buyers Affinity Segment,1135622965987651,Shelf Story Warm Voice,4677512718707653,Brand Awareness,0,0,0,0,0,0,0,0,0,0,0,0,0,0,0,0,0,0,0,0,0,0,0,0
2026-05-23,Marketplace Feed,Family Pantry Retention Initiative,Metro Region Loyalty Cohort,86057605,Family Planners Lookalike Segment,1389792323919646,Shelf Story Warm Voice,1559200281199121,Brand Awareness,32.59,5521,0,5730,196,27,100,45,25,192,159,0,0,0,0,2,0,256,3.73,0,3,0,5888,0
2026-05-23,Display Network,Weekend Saver Retention Initiative,Metro Region Loyalty Cohort,15908997,Health Conscious Buyers Retention Segment,1230538778014850,Shelf Story Warm Voice,4293050474887513,Catalog Engagement,12.82,1801,0,2058,0,100,100,100,100,212,179,0,0,0,0,3,0,7,0.27,0,0,0,1816,0
2026-05-23,Connected TV,Home Essentials Scale Initiative,Metro Region Loyalty Cohort,86057605,Weekend Deal Hunters Interest Segment,1459448327666023,Product Reel Bold Voice,1341726046078307,Brand Awareness,0,0,0,0,0,0,0,0,0,0,0,0,0,0,0,0,0,0,0,0,0,0,0,0
2026-05-23,In-App Display,Family Pantry Retention Initiative,Metro Region Prospecting Cohort,86057605,Health Conscious Buyers Affinity Segment,1135622965987651,Promo Banner Friendly Voice,8513428259763770,Brand Awareness,0,0,0,0,0,0,0,0,0,0,0,0,0,0,0,0,0,0,0,0,0,0,0,0
2026-05-23,Video Network,Seasonal Select Promo Initiative,Metro Region Prospecting Cohort,86057605,Family Planners Affinity Segment,8367846490627350,Price Drop Cut Direct Voice,1282017847074823,Brand Awareness,0,0,0,0,0,0,0,0,0,0,0,0,0,0,0,0,0,0,0,0,0,0,0,0
2026-05-23,Connected TV,Family Pantry Retention Initiative,Metro Region Loyalty Cohort,86057605,Health Conscious Buyers Interest Segment,1317849022166581,Shelf Story Warm Voice,4835139745633214,Brand Awareness,21.44,6745,0,6795,150,17,100,38,25,101,96,0,0,0,0,0,0,208,3.05,0,0,0,6294,0
2026-05-23,Discovery Network,Family Pantry Retention Initiative,Metro Region Prospecting Cohort,86057605,Health Conscious Buyers Affinity Segment,1135622965987651,Price Drop Cut Direct Voice,1738411410074119,Brand Awareness,0,0,0,0,0,0,0,0,0,0,0,0,0,0,0,0,0,0,0,0,0,0,0,0
2026-05-23,Connected TV,Family Pantry Retention Initiative,Metro Region Prospecting Cohort,86057605,Health Conscious Buyers Affinity Segment,1135622965987651,Shelf Story Warm Voice,1387340628030834,Brand Awareness,0,0,0,0,0,0,0,0,0,0,0,0,0,0,0,0,0,0,0,0,0,0,0,0
2026-05-23,Retail Media Network,Home Essentials Scale Initiative,Metro Region Prospecting Cohort,86057605,Family Planners Interest Segment,2052479131570920,Shelf Story Warm Voice,1453411941100364,Brand Awareness,0,0,0,0,0,0,0,0,0,0,0,0,0,0,0,0,0,0,0,0,0,0,0,0
2026-05-23,Connected TV,Family Pantry Retention Initiative,Metro Region Loyalty Cohort,15908997,Health Conscious Buyers Retention Segment,4056111085043817,Offer Spotlight Value Voice,8603697568951240,Catalog Engagement,54.48,9918,0,10401,16,100,100,100,100,925,827,0,0,0,0,37,0,55,0.55,0,3,0,8706,0
2026-05-23,Video Network,Market Fresh Demand Initiative,Metro Region Conversion Cohort,86057605,Weekend Deal Hunters Interest Segment,2737857498400057,Product Reel Warm Voice,1640779927447931,Catalog Engagement,0,0,0,0,0,0,0,0,0,0,0,0,0,0,0,0,0,0,0,0,0,0,0,0
2026-05-23,Retail Media Network,Home Essentials Scale Initiative,Metro Region Prospecting Cohort,86057605,Family Planners Interest Segment,2052479131570920,Promo Banner Friendly Voice,7057211523700123,Brand Awareness,0,0,0,0,0,0,0,0,0,0,0,0,0,0,0,0,0,0,0,0,0,0,0,0
2026-05-23,Retail Media Network,Family Pantry Retention Initiative,Metro Region Prospecting Cohort,86057605,Health Conscious Buyers Interest Segment,4038732375076011,Shelf Story Warm Voice,5571287986311220,Brand Awareness,0,0,0,0,0,0,0,0,0,0,0,0,0,0,0,0,0,0,0,0,0,0,0,0
2026-05-23,Discovery Network,Weekend Saver Retention Initiative,Metro Region Loyalty Cohort,15908997,Family Planners Lookalike Segment,1510547668986600,Shelf Story Warm Voice,5523927866180044,Catalog Engagement,127.27,35361,0,35359,89,100,100,100,100,2739,1892,0,0,0,0,522,0,497,1.45,0,5,0,34077,0
2026-05-23,Shopping Grid,Family Pantry Retention Initiative,Metro Region Prospecting Cohort,86057605,Health Conscious Buyers Affinity Segment,1135622965987651,Product Reel Bold Voice,8953408766836705,Brand Awareness,0,0,0,0,0,0,0,0,0,0,0,0,0,0,0,0,0,0,0,0,0,0,0,0
2026-05-23,Marketplace Feed,Family Pantry Retention Initiative,Metro Region Loyalty Cohort,15908997,Health Conscious Buyers Interest Segment,2349481798369276,Offer Spotlight Value Voice,5280093134790707,Catalog Engagement,21.73,2901,0,3069,9,100,100,100,100,427,333,0,0,0,0,12,0,23,0.66,0,1,0,2715,0
2026-05-23,Affiliate Network,Family Pantry Retention Initiative,Metro Region Prospecting Cohort,86057605,Health Conscious Buyers Interest Segment,4038732375076011,Price Drop Cut Direct Voice,7463263725071030,Brand Awareness,0,0,0,0,0,0,0,0,0,0,0,0,0,0,0,0,0,0,0,0,0,0,0,0
2026-05-23,In-App Display,Family Pantry Retention Initiative,Metro Region Loyalty Cohort,86057605,Health Conscious Buyers Retention Segment,3498408274906447,Shelf Story Warm Voice,8734198326451158,Brand Awareness,8.0,1215,0,1290,47,4,25,10,4,49,34,0,0,0,0,0,0,69,5.55,0,0,0,1362,0
2026-05-23,Affiliate Network,Family Pantry Retention Initiative,Metro Region Conversion Cohort,15908997,Bulk Buyers Retention Segment,1412316301536073,Offer Spotlight Friendly Voice,9097155454198752,Catalog Engagement,347.33,96943,0,118934,794,100,100,100,100,14295,9901,0,0,11,0,1422,0,2347,1.76,11,56,0,109665,0
2026-05-23,Discovery Network,Market Fresh Demand Initiative,Metro Region Conversion Cohort,86057605,Bulk Buyers Retention Segment,2856518857723944,Product Reel Warm Voice,1829249393081722,Catalog Engagement,0,0,0,0,0,0,0,0,0,0,0,0,0,0,0,0,0,0,0,0,0,0,0,0
2026-05-23,Marketplace Feed,Family Pantry Retention Initiative,Metro Region Loyalty Cohort,15908997,Family Planners Lookalike Segment,4652266771659829,Offer Spotlight Value Voice,1434973701169276,Catalog Engagement,93.78,21996,0,20825,74,100,100,100,100,1901,1530,0,0,1,0,126,0,213,0.85,0,4,0,20573,0
2026-05-23,In-App Display,Seasonal Select Promo Initiative,Metro Region Prospecting Cohort,86057605,Family Planners Affinity Segment,8367846490627350,Shelf Story Bold Voice,1443072828443197,Brand Awareness,0,0,0,0,0,0,0,0,0,0,0,0,0,0,0,0,0,0,0,0,0,0,0,0
2026-05-22,Marketplace Feed,Weekend Saver Retention Initiative,Metro Region Loyalty Cohort,15908997,Family Planners Lookalike Segment,1510547668986600,Shelf Story Warm Voice,5523927866180044,Catalog Engagement,90.62,36264,0,40336,92,100,100,100,100,1987,1561,0,0,0,0,447,0,500,1.1,0,11,0,38345,0
2026-05-22,Retail Media Network,Market Fresh Demand Initiative,Metro Region Conversion Cohort,86057605,Weekend Deal Hunters Interest Segment,2737857498400057,Product Reel Warm Voice,1640779927447931,Catalog Engagement,300.23,86047,0,91517,405,100,100,100,100,10164,8992,0,0,6,0,1310,0,1683,1.39,7,39,0,91482,0
2026-05-22,In-App Display,Family Pantry Retention Initiative,Metro Region Loyalty Cohort,86057605,Family Planners Lookalike Segment,1541980607257120,Shelf Story Warm Voice,1227821280716912,Brand Awareness,51.14,13608,0,11156,324,49,100,94,55,321,269,0,0,0,0,28,0,474,3.75,0,4,0,12763,0
2026-05-22,Search Network,Market Fresh Demand Initiative,Metro Region Conversion Cohort,86057605,Bulk Buyers Retention Segment,2856518857723944,Product Reel Warm Voice,1829249393081722,Catalog Engagement,13.25,5234,0,4822,25,81,100,100,100,1014,786,0,0,1,0,147,0,143,2.4,1,2,0,4977,0
2026-05-22,Influencer Network,Family Pantry Retention Initiative,Metro Region Conversion Cohort,15908997,Weekend Deal Hunters Interest Segment,9663578947718335,Offer Spotlight Friendly Voice,4064886041583361,Catalog Engagement,2.84,1171,0,1085,15,9,100,45,22,211,203,0,0,0,0,102,0,107,9.20,0,0,0,1159,0
2026-05-22,Influencer Network,Family Pantry Retention Initiative,Metro Region Conversion Cohort,15908997,Bulk Buyers Retention Segment,1096889057602193,Offer Spotlight Friendly Voice,5703717592430862,Catalog Engagement,214.95,89453,0,82767,1147,100,100,100,100,15731,13972,0,0,3,0,4232,0,4136,4.65,11,25,0,80718,0
2026-05-22,Discovery Network,Weekend Saver Retention Initiative,Metro Region Loyalty Cohort,15908997,Health Conscious Buyers Retention Segment,1230538778014850,Shelf Story Warm Voice,4293050474887513,Catalog Engagement,27.67,5015,0,5220,5,100,100,100,100,542,390,0,0,0,0,8,0,14,0.23,0,1,0,5807,0
2026-05-22,Connected TV,Family Pantry Retention Initiative,Metro Region Loyalty Cohort,15908997,Family Planners Lookalike Segment,4652266771659829,Offer Spotlight Value Voice,1434973701169276,Catalog Engagement,130.22,27185,0,26219,94,100,100,100,100,2387,1845,0,0,0,0,141,0,234,0.70,0,3,0,24913,0
2026-05-22,In-App Display,Family Pantry Retention Initiative,Metro Region Conversion Cohort,15908997,Bulk Buyers Retention Segment,1412316301536073,Offer Spotlight Friendly Voice,9097155454198752,Catalog Engagement,344.42,103705,0,111817,801,100,100,100,100,13821,11222,0,0,2,0,1316,0,1893,2.11,5,62,0,98150,0
2026-05-22,Connected TV,Weekend Saver Retention Initiative,Metro Region Loyalty Cohort,15908997,Health Conscious Buyers Interest Segment,1005675834666415,Shelf Story Warm Voice,1777489169523949,Catalog Engagement,43.38,6282,0,5123,16,100,100,100,100,858,730,0,0,0,0,51,0,53,1.01,0,0,0,5781,0
2026-05-22,Influencer Network,Family Pantry Retention Initiative,Metro Region Conversion Cohort,15908997,Family Planners Lookalike Segment,6458788079175331,Shelf Story Warm Voice,5787456630362778,Catalog Engagement,19.62,5214,0,4696,21,100,100,100,100,1391,1217,0,0,0,0,53,0,64,1.31,0,0,0,4293,0
2026-05-22,Search Network,Family Pantry Retention Initiative,Metro Region Loyalty Cohort,15908997,Health Conscious Buyers Interest Segment,2349481798369276,Offer Spotlight Value Voice,5280093134790707,Catalog Engagement,34.03,6107,0,5134,18,100,100,100,100,644,543,0,0,0,0,63,0,67,1.1,0,1,0,6148,0
2026-05-22,Social Feed,Home Essentials Scale Initiative,Metro Region Prospecting Cohort,86057605,Family Planners Interest Segment,2052479131570920,Shelf Story Bold Voice,1642534966349722,Brand Awareness,0,0,0,0,0,0,0,0,0,0,0,0,0,0,0,0,0,0,0,0,0,0,0,0
2026-05-22,Video Network,Family Pantry Retention Initiative,Metro Region Loyalty Cohort,86057605,Family Planners Lookalike Segment,1389792323919646,Shelf Story Warm Voice,1559200281199121,Brand Awareness,26.46,8219,0,8423,184,29,100,78,42,208,168,0,0,0,0,8,0,273,2.65,0,4,0,7039,0
2026-05-22,Retail Media Network,Family Pantry Retention Initiative,Metro Region Loyalty Cohort,15908997,Health Conscious Buyers Retention Segment,4056111085043817,Offer Spotlight Value Voice,8603697568951240,Catalog Engagement,13.1,3197,0,3419,6,100,100,100,100,283,213,0,0,0,0,21,0,22,0.62,0,1,0,2919,0
2026-05-22,Display Network,Home Essentials Scale Initiative,Metro Region Prospecting Cohort,86057605,Family Planners Interest Segment,2052479131570920,Product Reel Bold Voice,8230132190292546,Brand Awareness,0,0,0,0,0,0,0,0,0,0,0,0,0,0,0,0,0,0,0,0,0,0,0,0
2026-05-22,In-App Display,Family Pantry Retention Initiative,Metro Region Loyalty Cohort,86057605,Health Conscious Buyers Interest Segment,1317849022166581,Shelf Story Warm Voice,4835139745633214,Brand Awareness,26.06,7534,0,8191,187,16,100,40,22,164,114,0,0,0,0,4,0,217,2.7,0,1,0,7731,0
2026-05-22,Retail Media Network,Family Pantry Retention Initiative,Metro Region Conversion Cohort,15908997,Family Planners Lookalike Segment,5543611230519311,Offer Spotlight Friendly Voice,1716769906634105,Catalog Engagement,1.91,331,0,349,3,16,97,39,25,58,58,0,0,0,0,4,0,6,1.72,0,0,0,355,0
2026-05-22,Marketplace Feed,Family Pantry Retention Initiative,Metro Region Loyalty Cohort,86057605,Health Conscious Buyers Retention Segment,3498408274906447,Shelf Story Warm Voice,8734198326451158,Brand Awareness,8.44,1268,0,1392,50,8,33,14,8,51,50,0,0,0,0,0,0,85,5.22,0,1,0,1163,0
2026-05-22,Connected TV,Home Essentials Promo Initiative,Metro Region Conversion Cohort,44948390,Quick Refill Buyers Retention Segment,1899712342036110,Shelf Story Warm Voice,8585579191193727,Brand Awareness,0,0,0,0,0,0,0,0,0,0,0,0,0,0,0,0,0,0,0,0,0,0,0,0
2026-05-22,Marketplace Feed,Home Essentials Scale Initiative,Metro Region Prospecting Cohort,86057605,Family Planners Interest Segment,2052479131570920,Price Drop Cut Value Voice,1337311684616332,Brand Awareness,0,0,0,0,0,0,0,0,0,0,0,0,0,0,0,0,0,0,0,0,0,0,0,0
2026-05-22,Connected TV,Family Pantry Retention Initiative,Metro Region Conversion Cohort,15908997,Weekend Deal Hunters Interest Segment,1797636588654079,Offer Spotlight Friendly Voice,1157639135138193,Catalog Engagement,56.83,14931,0,17253,92,100,100,100,100,2085,1691,0,0,1,0,107,0,270,1.48,1,10,0,15909,0
2026-05-22,Marketplace Feed,Market Fresh Demand Initiative,Metro Region Conversion Cohort,86057605,Family Planners Lookalike Segment,1772224591172120,Product Reel Warm Voice,5445284725858050,Catalog Engagement,27.58,9417,0,8867,59,45,100,100,100,1019,963,0,0,1,0,34,0,120,1.14,0,4,0,9328,0
2026-05-21,Shopping Grid,Market Fresh Demand Initiative,Metro Region Conversion Cohort,86057605,Bulk Buyers Retention Segment,2856518857723944,Product Reel Warm Voice,1829249393081722,Catalog Engagement,13.39,5401,0,6413,33,95,100,100,100,999,942,0,0,4,0,173,0,154,2.72,2,5,0,5065,0
2026-05-21,Influencer Network,Weekend Saver Retention Initiative,Metro Region Loyalty Cohort,15908997,Family Planners Lookalike Segment,1510547668986600,Shelf Story Warm Voice,5523927866180044,Catalog Engagement,92.16,28399,0,31804,55,100,100,100,100,1554,1377,0,0,0,0,393,0,368,1.17,0,3,0,35466,0
2026-05-21,Search Network,Family Pantry Retention Initiative,Metro Region Conversion Cohort,15908997,Family Planners Lookalike Segment,5543611230519311,Offer Spotlight Friendly Voice,1716769906634105,Catalog Engagement,3.95,1253,0,1190,7,66,100,100,97,150,149,0,0,0,0,25,0,32,2.54,0,0,0,1318,0
2026-05-21,Influencer Network,Family Pantry Retention Initiative,Metro Region Loyalty Cohort,15908997,Family Planners Lookalike Segment,4652266771659829,Offer Spotlight Value Voice,1434973701169276,Catalog Engagement,77.16,18132,0,18739,49,100,100,100,100,1505,1259,0,0,0,0,128,0,156,1,0,2,0,16538,0
2026-05-21,In-App Display,Family Pantry Retention Initiative,Metro Region Loyalty Cohort,86057605,Health Conscious Buyers Interest Segment,1317849022166581,Shelf Story Warm Voice,4835139745633214,Brand Awareness,19.31,5905,0,5096,117,13,87,27,15,116,89,0,0,0,0,7,0,206,2.8,0,2,0,4721,0
2026-05-21,Connected TV,Family Pantry Retention Initiative,Metro Region Conversion Cohort,15908997,Family Planners Lookalike Segment,6458788079175331,Shelf Story Warm Voice,5787456630362778,Catalog Engagement,19.49,6107,0,6755,62,69,100,100,100,1358,1141,0,0,1,0,260,0,215,4.17,0,2,0,5607,0
2026-05-21,Retail Media Network,Family Pantry Retention Initiative,Metro Region Loyalty Cohort,86057605,Family Planners Lookalike Segment,1389792323919646,Shelf Story Warm Voice,1559200281199121,Brand Awareness,27.87,6455,0,6635,171,35,100,70,39,185,159,0,0,0,0,13,0,235,3.21,0,0,0,7076,0
2026-05-21,Display Network,Market Fresh Demand Initiative,Metro Region Conversion Cohort,86057605,Weekend Deal Hunters Interest Segment,2737857498400057,Product Reel Warm Voice,1640779927447931,Catalog Engagement,271.75,92858,0,93535,364,100,100,100,100,12097,9615,0,0,7,0,1149,0,1449,1.48,8,51,0,78474,0
2026-05-21,Display Network,Family Pantry Retention Initiative,Metro Region Loyalty Cohort,86057605,Family Planners Lookalike Segment,1541980607257120,Shelf Story Warm Voice,1227821280716912,Brand Awareness,28.03,9165,0,10176,203,40,100,77,47,190,162,0,0,0,0,9,0,284,2.6,1,1,0,10264,0
2026-05-21,Video Network,Weekend Saver Retention Initiative,Metro Region Loyalty Cohort,15908997,Health Conscious Buyers Interest Segment,1005675834666415,Shelf Story Warm Voice,1777489169523949,Catalog Engagement,11.79,1755,0,1693,3,100,100,100,100,224,217,0,0,0,0,30,0,29,1.41,0,1,0,1820,0
2026-05-21,Marketplace Feed,Family Pantry Retention Initiative,Metro Region Conversion Cohort,15908997,Bulk Buyers Retention Segment,1412316301536073,Offer Spotlight Friendly Voice,9097155454198752,Catalog Engagement,299.87,99279,0,102186,739,100,100,100,100,11319,9576,0,0,8,0,1189,0,1939,1.81,6,55,0,103910,0
2026-05-21,Video Network,Family Pantry Retention Initiative,Metro Region Loyalty Cohort,86057605,Health Conscious Buyers Retention Segment,3498408274906447,Shelf Story Warm Voice,8734198326451158,Brand Awareness,6.52,1054,0,887,40,0,24,7,2,40,32,0,0,0,0,3,0,53,5.32,0,0,0,877,0
2026-05-21,Marketplace Feed,Family Pantry Retention Initiative,Metro Region Loyalty Cohort,15908997,Health Conscious Buyers Retention Segment,4056111085043817,Offer Spotlight Value Voice,8603697568951240,Catalog Engagement,25.43,5820,0,6025,18,100,100,100,100,509,490,0,0,0,0,29,0,42,0.69,0,0,0,5680,0
2026-05-21,Connected TV,Family Pantry Retention Initiative,Metro Region Loyalty Cohort,15908997,Health Conscious Buyers Interest Segment,2349481798369276,Offer Spotlight Value Voice,5280093134790707,Catalog Engagement,54.62,8969,0,9318,21,100,100,100,100,1370,1025,0,0,0,0,126,0,116,1.39,1,0,0,9087,0
2026-05-21,Retail Media Network,Home Essentials Scale Initiative,Metro Region Prospecting Cohort,86057605,Family Planners Interest Segment,2052479131570920,Shelf Story Warm Voice,1781570544556972,Brand Awareness,0,0,0,0,0,0,0,0,0,0,0,0,0,0,0,0,0,0,0,0,0,0,0,0
2026-05-21,Connected TV,Weekend Saver Retention Initiative,Metro Region Loyalty Cohort,15908997,Health Conscious Buyers Retention Segment,1230538778014850,Shelf Story Warm Voice,4293050474887513,Catalog Engagement,57.07,9835,0,8891,16,100,100,100,100,1093,772,0,0,0,0,49,0,66,0.52,0,1,0,9780,0
2026-05-21,Connected TV,Family Pantry Retention Initiative,Metro Region Conversion Cohort,15908997,Bulk Buyers Retention Segment,1096889057602193,Offer Spotlight Friendly Voice,5703717592430862,Catalog Engagement,201.53,84126,0,89405,1266,100,100,100,100,20419,15822,0,0,8,0,6840,0,5645,7.30,12,32,0,76289,0
2026-05-21,Affiliate Network,Family Pantry Retention Initiative,Metro Region Conversion Cohort,15908997,Weekend Deal Hunters Interest Segment,9663578947718335,Offer Spotlight Friendly Voice,4064886041583361,Catalog Engagement,10.71,4443,0,4159,54,29,100,100,58,834,822,0,0,0,0,472,0,416,9.32,0,2,0,4339,0
2026-05-21,In-App Display,Market Fresh Demand Initiative,Metro Region Conversion Cohort,86057605,Family Planners Lookalike Segment,1772224591172120,Product Reel Warm Voice,5445284725858050,Catalog Engagement,21.35,8276,0,8147,44,60,100,100,100,978,855,0,0,1,0,46,0,109,1.19,3,11,0,7430,0
2026-05-21,Influencer Network,Family Pantry Retention Initiative,Metro Region Conversion Cohort,15908997,Weekend Deal Hunters Interest Segment,1797636588654079,Offer Spotlight Friendly Voice,1157639135138193,Catalog Engagement,56.28,18870,0,16889,120,100,100,100,100,2090,2129,0,0,0,0,158,0,269,1.58,1,8,0,15651,0
2026-05-21,Influencer Network,Family Pantry Retention Initiative,Metro Region Conversion Cohort,38881639,Family Planners Lookalike Segment,1010331617086390,Shelf Story Warm Voice,1022962676348579,Brand Awareness,0,0,0,0,0,0,0,0,0,0,0,0,0,0,0,0,0,0,0,0,0,0,0,0
2026-05-20,Social Feed,Family Pantry Retention Initiative,Metro Region Conversion Cohort,15908997,Weekend Deal Hunters Interest Segment,1797636588654079,Offer Spotlight Friendly Voice,1157639135138193,Catalog Engagement,40.58,12368,0,11379,63,100,100,100,100,1838,1372,0,0,3,0,148,0,243,2.11,0,2,0,10250,0
2026-05-20,Video Network,Family Pantry Retention Initiative,Metro Region Loyalty Cohort,86057605,Family Planners Lookalike Segment,1389792323919646,Shelf Story Warm Voice,1559200281199121,Brand Awareness,31.06,10061,0,8640,166,77,100,100,90,304,233,0,0,0,0,14,0,263,2.67,1,3,0,8393,0
2026-05-20,Retail Media Network,Home Essentials Scale Initiative,Metro Region Prospecting Cohort,86057605,Family Planners Interest Segment,2052479131570920,Shelf Story Warm Voice,1781570544556972,Brand Awareness,0,0,0,0,0,0,0,0,0,0,0,0,0,0,0,0,0,0,0,0,0,0,0,0
2026-05-20,In-App Display,Family Pantry Retention Initiative,Metro Region Conversion Cohort,15908997,Family Planners Lookalike Segment,5543611230519311,Offer Spotlight Friendly Voice,1716769906634105,Catalog Engagement,1.80,610,0,642,6,22,100,58,46,73,69,0,0,0,0,11,0,16,2.58,0,0,0,600,0
2026-05-20,Discovery Network,Family Pantry Retention Initiative,Metro Region Conversion Cohort,38881639,Family Planners Lookalike Segment,1010331617086390,Shelf Story Warm Voice,1022962676348579,Brand Awareness,0,0,0,0,0,0,0,0,0,0,0,0,0,0,0,0,0,0,0,0,0,0,0,0
2026-05-20,Search Network,Weekend Saver Retention Initiative,Metro Region Loyalty Cohort,15908997,Health Conscious Buyers Retention Segment,1230538778014850,Shelf Story Warm Voice,4293050474887513,Catalog Engagement,98.91,20271,0,22614,47,100,100,100,100,1778,1693,0,0,0,0,264,0,261,1.12,0,0,0,21943,0
2026-05-20,Marketplace Feed,Weekend Saver Retention Initiative,Metro Region Loyalty Cohort,15908997,Health Conscious Buyers Interest Segment,1005675834666415,Shelf Story Warm Voice,1777489169523949,Catalog Engagement,12.73,1938,0,1711,6,100,100,100,100,252,208,0,0,0,0,37,0,42,2.15,0,0,0,1581,0
2026-05-20,Search Network,Market Fresh Demand Initiative,Metro Region Conversion Cohort,86057605,Weekend Deal Hunters Interest Segment,2737857498400057,Product Reel Warm Voice,1640779927447931,Catalog Engagement,312.02,97452,0,110330,409,100,100,100,100,13002,9349,0,0,6,0,1586,0,1865,1.65,15,49,0,90110,0
2026-05-20,Marketplace Feed,Home Essentials Scale Initiative,Metro Region Prospecting Cohort,86057605,Family Planners Interest Segment,2052479131570920,Shelf Story Bold Voice,1037070944576843,Brand Awareness,0,0,0,0,0,0,0,0,0,0,0,0,0,0,0,0,0,0,0,0,0,0,0,0
2026-05-20,Affiliate Network,Family Pantry Retention Initiative,Metro Region Loyalty Cohort,86057605,Health Conscious Buyers Interest Segment,1317849022166581,Shelf Story Warm Voice,4835139745633214,Brand Awareness,23.45,7150,0,7237,146,18,100,42,25,155,110,0,0,0,0,4,0,212,3.12,0,0,0,6550,0
2026-05-20,Marketplace Feed,Family Pantry Retention Initiative,Metro Region Loyalty Cohort,86057605,Family Planners Lookalike Segment,1541980607257120,Shelf Story Warm Voice,1227821280716912,Brand Awareness,43.32,13364,0,13939,330,47,100,100,67,318,220,0,0,0,0,14,0,443,3.20,0,4,0,11849,0
2026-05-20,Retail Media Network,Market Fresh Demand Initiative,Metro Region Conversion Cohort,86057605,Bulk Buyers Retention Segment,2856518857723944,Product Reel Warm Voice,1829249393081722,Catalog Engagement,9,6535,0,8387,43,100,100,100,100,1420,1228,0,0,0,0,247,0,229,2.92,3,3,0,7514,0
2026-05-20,Social Feed,Weekend Saver Retention Initiative,Metro Region Loyalty Cohort,15908997,Family Planners Lookalike Segment,1510547668986600,Shelf Story Warm Voice,5523927866180044,Catalog Engagement,66.60,23904,0,26187,77,100,100,100,100,1313,1185,0,0,1,0,213,0,272,0.93,1,0,0,21405,0
2026-05-20,Marketplace Feed,Family Pantry Retention Initiative,Metro Region Conversion Cohort,15908997,Bulk Buyers Retention Segment,1412316301536073,Offer Spotlight Friendly Voice,9097155454198752,Catalog Engagement,325.50,131088,0,122822,893,100,100,100,100,14733,13081,0,0,6,0,1354,0,2450,1.56,6,46,0,125265,0
2026-05-20,Social Feed,Family Pantry Retention Initiative,Metro Region Loyalty Cohort,15908997,Health Conscious Buyers Retention Segment,4056111085043817,Offer Spotlight Value Voice,8603697568951240,Catalog Engagement,0,0,0,0,0,0,0,0,0,0,0,0,0,0,0,0,0,0,0,0,0,0,0,0
2026-05-20,Retail Media Network,Family Pantry Retention Initiative,Metro Region Loyalty Cohort,86057605,Health Conscious Buyers Retention Segment,3498408274906447,Shelf Story Warm Voice,8734198326451158,Brand Awareness,7.03,1002,0,955,53,5,27,10,6,38,34,0,0,0,0,3,0,70,5.19,0,1,0,1041,0
2026-05-20,Retail Media Network,Market Fresh Demand Initiative,Metro Region Conversion Cohort,86057605,Family Planners Lookalike Segment,1772224591172120,Product Reel Warm Voice,5445284725858050,Catalog Engagement,20.30,7442,0,8510,59,61,100,100,100,1099,869,0,0,1,0,42,0,130,1.31,0,8,0,7791,0
2026-05-19,Retail Media Network,Market Fresh Demand Initiative,Metro Region Conversion Cohort,86057605,Bulk Buyers Retention Segment,2856518857723944,Product Reel Warm Voice,1829249393081722,Catalog Engagement,13.75,7540,0,9386,54,100,100,100,100,1888,1551,0,0,3,0,281,0,317,2.94,4,14,0,7657,0
2026-05-19,Marketplace Feed,Family Pantry Retention Initiative,Metro Region Loyalty Cohort,86057605,Family Planners Lookalike Segment,1541980607257120,Shelf Story Warm Voice,1227821280716912,Brand Awareness,41.88,13583,0,13691,272,57,100,100,74,242,226,0,0,0,0,23,0,381,2.15,0,3,0,12901,0
2026-05-19,Shopping Grid,Market Fresh Demand Initiative,Metro Region Conversion Cohort,86057605,Weekend Deal Hunters Interest Segment,2737857498400057,Product Reel Warm Voice,1640779927447931,Catalog Engagement,305.07,104746,0,99427,468,100,100,100,100,12071,11694,0,0,14,0,1648,0,2267,2.0,12,50,0,92714,0
2026-05-19,Connected TV,Family Pantry Retention Initiative,Metro Region Conversion Cohort,15908997,Bulk Buyers Retention Segment,1412316301536073,Offer Spotlight Friendly Voice,9097155454198752,Catalog Engagement,344.4,165930,0,148649,1477,100,100,100,100,25723,19700,0,0,9,0,1784,0,2655,1.98,9,44,0,148216,0
2026-05-19,In-App Display,Family Pantry Retention Initiative,Metro Region Loyalty Cohort,86057605,Health Conscious Buyers Retention Segment,3498408274906447,Shelf Story Warm Voice,8734198326451158,Brand Awareness,9.75,1445,0,1283,56,9,44,19,11,57,49,0,0,0,0,1,0,70,5.40,0,0,0,1286,0
2026-05-19,Affiliate Network,Family Pantry Retention Initiative,Metro Region Conversion Cohort,15908997,Family Planners Lookalike Segment,5543611230519311,Offer Spotlight Friendly Voice,1716769906634105,Catalog Engagement,3.6,1186,0,1546,5,62,100,100,100,191,183,0,0,1,0,35,0,31,2.04,0,0,0,1366,0
2026-05-19,Display Network,Home Essentials Scale Initiative,Metro Region Prospecting Cohort,86057605,Family Planners Interest Segment,2052479131570920,Shelf Story Warm Voice,6668703011220466,Brand Awareness,0,0,0,0,0,0,0,0,0,0,0,0,0,0,0,0,0,0,0,0,0,0,0,0
2026-05-19,Discovery Network,Market Fresh Demand Initiative,Metro Region Conversion Cohort,86057605,Family Planners Lookalike Segment,1772224591172120,Product Reel Warm Voice,5445284725858050,Catalog Engagement,30.92,10921,0,11563,66,83,100,100,100,1409,1096,0,0,0,0,59,0,158,1.21,0,6,0,10676,0
2026-05-19,Affiliate Network,Home Essentials Scale Initiative,Metro Region Prospecting Cohort,86057605,Family Planners Interest Segment,2052479131570920,Price Drop Cut Direct Voice,1293082123821342,Brand Awareness,0,0,0,0,0,0,0,0,0,0,0,0,0,0,0,0,0,0,0,0,0,0,0,0
2026-05-19,In-App Display,Weekend Saver Retention Initiative,Metro Region Loyalty Cohort,15908997,Health Conscious Buyers Interest Segment,1005675834666415,Shelf Story Warm Voice,1777489169523949,Catalog Engagement,0,0,0,0,0,0,0,0,0,0,0,0,0,0,0,0,0,0,0,0,0,0,0,0
2026-05-19,Discovery Network,Family Pantry Retention Initiative,Metro Region Loyalty Cohort,86057605,Family Planners Lookalike Segment,1389792323919646,Shelf Story Warm Voice,1559200281199121,Brand Awareness,26.90,9666,0,7747,178,57,100,100,76,247,225,0,0,0,0,12,0,267,2.61,0,1,0,7636,0
2026-05-19,Video Network,Family Pantry Retention Initiative,Metro Region Conversion Cohort,38881639,Family Planners Lookalike Segment,1010331617086390,Shelf Story Warm Voice,1022962676348579,Brand Awareness,0,0,0,0,0,0,0,0,0,0,0,0,0,0,0,0,0,0,0,0,0,0,0,0
2026-05-19,Connected TV,Home Essentials Scale Initiative,Metro Region Prospecting Cohort,86057605,Family Planners Interest Segment,2052479131570920,Shelf Story Warm Voice,1431189176757496,Brand Awareness,0,0,0,0,0,0,0,0,0,0,0,0,0,0,0,0,0,0,0,0,0,0,0,0
2026-05-19,Influencer Network,Home Essentials Scale Initiative,Metro Region Prospecting Cohort,86057605,Family Planners Interest Segment,2052479131570920,Promo Banner Friendly Voice,7057211523700123,Brand Awareness,0,0,0,0,0,0,0,0,0,0,0,0,0,0,0,0,0,0,0,0,0,0,0,0
2026-05-19,Video Network,Family Pantry Retention Initiative,Metro Region Loyalty Cohort,86057605,Health Conscious Buyers Interest Segment,1317849022166581,Shelf Story Warm Voice,4835139745633214,Brand Awareness,28.33,7442,0,7540,174,24,100,56,29,178,144,0,0,0,0,2,0,249,3.19,0,0,0,7704,0
2026-05-19,Connected TV,Family Pantry Retention Initiative,Metro Region Conversion Cohort,15908997,Weekend Deal Hunters Interest Segment,1797636588654079,Offer Spotlight Friendly Voice,1157639135138193,Catalog Engagement,22.99,7527,0,8479,71,100,100,100,100,1186,1085,0,0,1,0,152,0,197,2.68,0,4,0,7915,0
2026-05-18,Shopping Grid,Family Pantry Retention Initiative,Metro Region Loyalty Cohort,86057605,Health Conscious Buyers Retention Segment,3498408274906447,Shelf Story Warm Voice,8734198326451158,Brand Awareness,7.0,1114,0,1121,42,3,18,10,5,42,34,0,0,0,0,3,0,77,5.99,1,0,0,1097,0
2026-05-18,Social Feed,Family Pantry Retention Initiative,Metro Region Prospecting Cohort,86057605,Health Conscious Buyers Interest Segment,4038732375076011,Shelf Story Warm Voice,1071265383635459,Brand Awareness,0,0,0,0,0,0,0,0,0,0,0,0,0,0,0,0,0,0,0,0,0,0,0,0
2026-05-18,Discovery Network,Market Fresh Demand Initiative,Metro Region Conversion Cohort,86057605,Weekend Deal Hunters Interest Segment,2737857498400057,Product Reel Warm Voice,1640779927447931,Catalog Engagement,309.14,101926,0,90441,440,100,100,100,100,14048,12263,0,0,9,0,1724,0,2261,2.08,12,44,0,97802,0
2026-05-18,Shopping Grid,Market Fresh Demand Initiative,Metro Region Conversion Cohort,86057605,Family Planners Lookalike Segment,1772224591172120,Product Reel Warm Voice,5445284725858050,Catalog Engagement,27.23,12929,0,10926,79,97,100,100,100,1641,1295,0,0,0,0,58,0,190,1.44,0,11,0,12560,0
2026-05-18,In-App Display,Family Pantry Retention Initiative,Metro Region Prospecting Cohort,86057605,Health Conscious Buyers Affinity Segment,1135622965987651,Product Reel Bold Voice,8953408766836705,Brand Awareness,0,0,0,0,0,0,0,0,0,0,0,0,0,0,0,0,0,0,0,0,0,0,0,0
2026-05-18,Marketplace Feed,Market Fresh Demand Initiative,Metro Region Conversion Cohort,86057605,Bulk Buyers Retention Segment,2856518857723944,Product Reel Warm Voice,1829249393081722,Catalog Engagement,21.96,16261,0,19067,97,100,100,100,100,3158,3257,0,0,4,0,558,0,583,3.33,9,22,0,16484,0
2026-05-18,Search Network,Family Pantry Retention Initiative,Metro Region Loyalty Cohort,86057605,Family Planners Lookalike Segment,1389792323919646,Shelf Story Warm Voice,1559200281199121,Brand Awareness,38.40,7250,0,7688,191,23,100,49,34,183,165,0,0,0,0,16,0,345,3.70,0,0,0,7916,0
2026-05-18,Connected TV,Family Pantry Retention Initiative,Metro Region Conversion Cohort,15908997,Bulk Buyers Retention Segment,1412316301536073,Offer Spotlight Friendly Voice,9097155454198752,Catalog Engagement,62.72,27495,0,31291,215,100,100,100,100,3003,2526,0,0,1,0,337,0,626,1.82,0,5,0,26354,0
2026-05-18,Marketplace Feed,Family Pantry Retention Initiative,Metro Region Prospecting Cohort,86057605,Health Conscious Buyers Affinity Segment,1135622965987651,Price Drop Cut Direct Voice,1738411410074119,Brand Awareness,0,0,0,0,0,0,0,0,0,0,0,0,0,0,0,0,0,0,0,0,0,0,0,0
2026-05-18,Marketplace Feed,Family Pantry Retention Initiative,Metro Region Prospecting Cohort,86057605,Health Conscious Buyers Affinity Segment,1135622965987651,Shelf Story Warm Voice,1387340628030834,Brand Awareness,0,0,0,0,0,0,0,0,0,0,0,0,0,0,0,0,0,0,0,0,0,0,0,0
2026-05-18,Display Network,Seasonal Select Promo Initiative,Metro Region Prospecting Cohort,86057605,Health Conscious Buyers Affinity Segment,1583198464464326,Price Drop Cut Direct Voice,1784287715532418,Brand Awareness,0,0,0,0,0,0,0,0,0,0,0,0,0,0,0,0,0,0,0,0,0,0,0,0
2026-05-18,Discovery Network,Family Pantry Retention Initiative,Metro Region Loyalty Cohort,86057605,Health Conscious Buyers Interest Segment,1317849022166581,Shelf Story Warm Voice,4835139745633214,Brand Awareness,19.28,5079,0,5429,98,15,97,29,19,103,83,0,0,0,0,4,0,184,2.90,0,0,0,5137,0
2026-05-18,Video Network,Home Essentials Promo Initiative,Metro Region Loyalty Cohort,86057605,Health Conscious Buyers Interest Segment,1547932434152739,Shelf Story Bold Voice,1607803194966386,Catalog Engagement,0,0,0,0,0,0,0,0,0,0,0,0,0,0,0,0,0,0,0,0,0,0,0,0
2026-05-18,Marketplace Feed,Family Pantry Retention Initiative,Metro Region Conversion Cohort,15908997,Weekend Deal Hunters Interest Segment,1797636588654079,Offer Spotlight Friendly Voice,1157639135138193,Catalog Engagement,22.92,9590,0,12995,73,100,100,100,100,1279,1109,0,0,0,0,145,0,194,1.7,0,3,0,10485,0
2026-05-18,Discovery Network,Family Pantry Retention Initiative,Metro Region Conversion Cohort,38881639,Family Planners Lookalike Segment,1010331617086390,Shelf Story Warm Voice,1022962676348579,Brand Awareness,0,0,0,0,0,0,0,0,0,0,0,0,0,0,0,0,0,0,0,0,0,0,0,0
2026-05-18,Affiliate Network,Family Pantry Retention Initiative,Metro Region Loyalty Cohort,86057605,Health Conscious Buyers Interest Segment,2521243424639338,Price Drop Cut Direct Voice,1418260482152184,Catalog Engagement,0,0,0,0,0,0,0,0,0,0,0,0,0,0,0,0,0,0,0,0,0,0,0,0
2026-05-18,Social Feed,Home Essentials Promo Initiative,Metro Region Loyalty Cohort,38881639,Family Planners Lookalike Segment,8962004814279482,Shelf Story Value Voice,1020691786654074,Brand Awareness,0,0,0,0,0,0,0,0,0,0,0,0,0,0,0,0,0,0,0,0,0,0,0,0
2026-05-18,Influencer Network,Weekend Saver Retention Initiative,Metro Region Loyalty Cohort,15908997,Health Conscious Buyers Interest Segment,1005675834666415,Shelf Story Warm Voice,1777489169523949,Catalog Engagement,0,0,0,0,0,0,0,0,0,0,0,0,0,0,0,0,0,0,0,0,0,0,0,0
2026-05-18,Search Network,Family Pantry Retention Initiative,Metro Region Loyalty Cohort,86057605,Family Planners Lookalike Segment,1541980607257120,Shelf Story Warm Voice,1227821280716912,Brand Awareness,47.41,13698,0,12023,345,39,100,100,53,260,197,0,0,0,0,14,0,418,2.97,0,0,0,13152,0
2026-05-18,Search Network,Family Pantry Retention Initiative,Metro Region Prospecting Cohort,86057605,Health Conscious Buyers Retention Segment,1345308351935222,Shelf Story Warm Voice,3386014062513396,Brand Awareness,0,0,0,0,0,0,0,0,0,0,0,0,0,0,0,0,0,0,0,0,0,0,0,0
2026-05-18,Marketplace Feed,Family Pantry Retention Initiative,Metro Region Conversion Cohort,15908997,Family Planners Lookalike Segment,5543611230519311,Offer Spotlight Friendly Voice,1716769906634105,Catalog Engagement,17.98,6911,0,8026,42,100,100,100,100,734,624,0,0,0,0,61,0,110,1.17,0,2,0,7365,0
2026-05-17,Discovery Network,Family Pantry Retention Initiative,Metro Region Loyalty Cohort,86057605,Health Conscious Buyers Interest Segment,2521243424639338,Price Drop Cut Direct Voice,1418260482152184,Catalog Engagement,0,0,0,0,0,0,0,0,0,0,0,0,0,0,0,0,0,0,0,0,0,0,0,0
2026-05-17,Marketplace Feed,Family Pantry Retention Initiative,Metro Region Loyalty Cohort,86057605,Health Conscious Buyers Retention Segment,3498408274906447,Shelf Story Warm Voice,8734198326451158,Brand Awareness,4.68,881,0,985,26,3,20,6,5,27,24,0,0,0,0,0,0,44,4.36,0,0,0,931,0
2026-05-17,Affiliate Network,Market Fresh Demand Initiative,Metro Region Conversion Cohort,86057605,Family Planners Lookalike Segment,1772224591172120,Product Reel Warm Voice,5445284725858050,Catalog Engagement,17,7219,0,8532,54,60,100,100,100,1077,882,0,0,0,0,49,0,143,1.60,2,12,0,6699,0
2026-05-17,Video Network,Family Pantry Retention Initiative,Metro Region Loyalty Cohort,86057605,Family Planners Lookalike Segment,1389792323919646,Shelf Story Warm Voice,1559200281199121,Brand Awareness,29.56,9168,0,7486,218,30,100,57,39,218,163,0,0,0,0,5,0,309,3.22,0,1,0,8413,0
2026-05-17,Social Feed,Family Pantry Retention Initiative,Metro Region Loyalty Cohort,86057605,Health Conscious Buyers Interest Segment,1317849022166581,Shelf Story Warm Voice,4835139745633214,Brand Awareness,28.41,8960,0,11276,172,27,100,59,35,148,124,0,0,0,0,6,0,276,2.04,0,0,0,8645,0
2026-05-17,Search Network,Home Essentials Scale Initiative,Metro Region Prospecting Cohort,86057605,Family Planners Interest Segment,2052479131570920,Promo Banner Friendly Voice,7057211523700123,Brand Awareness,0,0,0,0,0,0,0,0,0,0,0,0,0,0,0,0,0,0,0,0,0,0,0,0
2026-05-17,Social Feed,Market Fresh Demand Initiative,Metro Region Conversion Cohort,86057605,Weekend Deal Hunters Interest Segment,2737857498400057,Product Reel Warm Voice,1640779927447931,Catalog Engagement,285.55,117180,0,105153,526,100,100,100,100,14631,12877,0,0,6,0,2424,0,2641,2.07,13,74,0,107307,0
2026-05-17,Connected TV,Family Pantry Retention Initiative,Metro Region Conversion Cohort,38881639,Family Planners Lookalike Segment,1010331617086390,Shelf Story Warm Voice,1022962676348579,Brand Awareness,0,0,0,0,0,0,0,0,0,0,0,0,0,0,0,0,0,0,0,0,0,0,0,0
2026-05-17,Retail Media Network,Market Fresh Demand Initiative,Metro Region Conversion Cohort,86057605,Bulk Buyers Retention Segment,2856518857723944,Product Reel Warm Voice,1829249393081722,Catalog Engagement,25.31,19046,0,18669,98,100,100,100,100,4305,3862,0,0,5,0,502,0,540,2.54,6,17,0,17570,0
2026-05-17,Shopping Grid,Family Pantry Retention Initiative,Metro Region Loyalty Cohort,86057605,Family Planners Lookalike Segment,1541980607257120,Shelf Story Warm Voice,1227821280716912,Brand Awareness,43.65,17000,0,14864,314,40,100,100,61,236,248,0,0,0,0,10,0,424,2.82,0,2,0,12819,0
2026-05-16,Marketplace Feed,Market Fresh Demand Initiative,Metro Region Conversion Cohort,86057605,Weekend Deal Hunters Interest Segment,2737857498400057,Product Reel Warm Voice,1640779927447931,Catalog Engagement,288.91,115570,0,114934,550,100,100,100,100,15376,13486,0,0,11,0,2137,0,2361,2.31,14,70,0,97335,0
2026-05-16,Display Network,Family Pantry Retention Initiative,Metro Region Loyalty Cohort,86057605,Family Planners Lookalike Segment,1389792323919646,Shelf Story Warm Voice,1559200281199121,Brand Awareness,26.3,8246,0,6902,175,13,100,41,24,184,130,0,0,0,0,9,0,265,3.28,0,0,0,7247,0
2026-05-16,Connected TV,Family Pantry Retention Initiative,Metro Region Loyalty Cohort,86057605,Family Planners Lookalike Segment,1541980607257120,Shelf Story Warm Voice,1227821280716912,Brand Awareness,46.33,11873,0,13415,325,34,100,78,39,226,220,0,0,0,0,9,0,465,3.62,0,1,0,12087,0
2026-05-16,Influencer Network,Family Pantry Retention Initiative,Metro Region Loyalty Cohort,86057605,Health Conscious Buyers Retention Segment,3498408274906447,Shelf Story Warm Voice,8734198326451158,Brand Awareness,3.12,762,0,632,20,2,13,4,4,22,18,0,0,0,0,1,0,38,4.12,0,1,0,649,0
2026-05-16,Display Network,Family Pantry Retention Initiative,Metro Region Loyalty Cohort,86057605,Family Planners Lookalike Segment,5788351582095512,Price Drop Cut Direct Voice,2231082661113394,Catalog Engagement,0,0,0,0,0,0,0,0,0,0,0,0,0,0,0,0,0,0,0,0,0,0,0,0
2026-05-16,Search Network,Family Pantry Retention Initiative,Metro Region Loyalty Cohort,86057605,Health Conscious Buyers Interest Segment,2521243424639338,Price Drop Cut Direct Voice,1418260482152184,Catalog Engagement,0,0,0,0,0,0,0,0,0,0,0,0,0,0,0,0,0,0,0,0,0,0,0,0
2026-05-16,Social Feed,Family Pantry Retention Initiative,Metro Region Loyalty Cohort,86057605,Health Conscious Buyers Interest Segment,1317849022166581,Shelf Story Warm Voice,4835139745633214,Brand Awareness,29.18,7481,0,8122,200,20,100,52,34,152,141,0,0,0,0,1,0,302,2.8,0,0,0,8155,0
2026-05-16,Discovery Network,Market Fresh Demand Initiative,Metro Region Conversion Cohort,86057605,Bulk Buyers Retention Segment,2856518857723944,Product Reel Warm Voice,1829249393081722,Catalog Engagement,46.65,35125,0,37475,255,100,100,100,100,8330,6505,0,0,3,0,1104,0,1144,2.50,7,22,0,37521,0
2026-05-16,Marketplace Feed,Market Fresh Demand Initiative,Metro Region Conversion Cohort,86057605,Family Planners Lookalike Segment,1772224591172120,Product Reel Warm Voice,5445284725858050,Catalog Engagement,9.70,3495,0,4238,29,25,100,100,100,509,443,0,0,0,0,27,0,54,1.19,0,0,0,3905,0
2026-05-16,Influencer Network,Family Pantry Retention Initiative,Metro Region Prospecting Cohort,86057605,Health Conscious Buyers Interest Segment,4038732375076011,Promo Banner Friendly Voice,1795647028277080,Brand Awareness,0,0,0,0,0,0,0,0,0,0,0,0,0,0,0,0,0,0,0,0,0,0,0,0
2026-05-16,Display Network,Home Essentials Scale Initiative,Metro Region Conversion Cohort,44948390,Bulk Buyers Retention Segment,5247618499351699,Product Reel Bold Voice,4508229314086626,Brand Awareness,0,0,0,0,0,0,0,0,0,0,0,0,0,0,0,0,0,0,0,0,0,0,0,0
2026-05-15,Social Feed,Family Pantry Retention Initiative,Metro Region Loyalty Cohort,86057605,Health Conscious Buyers Interest Segment,2521243424639338,Price Drop Cut Direct Voice,1418260482152184,Catalog Engagement,0,0,0,0,0,0,0,0,0,0,0,0,0,0,0,0,0,0,0,0,0,0,0,0
2026-05-15,Retail Media Network,Family Pantry Retention Initiative,Metro Region Loyalty Cohort,86057605,Family Planners Lookalike Segment,5788351582095512,Price Drop Cut Direct Voice,2231082661113394,Catalog Engagement,0,0,0,0,0,0,0,0,0,0,0,0,0,0,0,0,0,0,0,0,0,0,0,0
2026-05-15,Influencer Network,Market Fresh Demand Initiative,Metro Region Conversion Cohort,86057605,Family Planners Lookalike Segment,1772224591172120,Product Reel Warm Voice,5445284725858050,Catalog Engagement,6.53,2965,0,3018,13,20,100,100,100,385,351,0,0,0,0,38,0,42,1.31,0,0,0,2715,0
2026-05-15,Video Network,Family Pantry Retention Initiative,Metro Region Conversion Cohort,38881639,Family Planners Lookalike Segment,1010331617086390,Shelf Story Warm Voice,1022962676348579,Brand Awareness,0,0,0,0,0,0,0,0,0,0,0,0,0,0,0,0,0,0,0,0,0,0,0,0
2026-05-15,Social Feed,Market Fresh Demand Initiative,Metro Region Conversion Cohort,86057605,Bulk Buyers Retention Segment,2856518857723944,Product Reel Warm Voice,1829249393081722,Catalog Engagement,35.03,48083,0,51974,280,100,100,100,100,11229,9393,0,0,9,0,1755,0,1427,3.18,11,43,0,46719,0
2026-05-15,Shopping Grid,Market Fresh Demand Initiative,Metro Region Conversion Cohort,86057605,Weekend Deal Hunters Interest Segment,2737857498400057,Product Reel Warm Voice,1640779927447931,Catalog Engagement,289.91,99820,0,132249,586,100,100,100,100,20129,14867,0,0,12,0,3379,0,2898,2.71,24,65,0,114681,0
2026-05-15,Connected TV,Family Pantry Retention Initiative,Metro Region Loyalty Cohort,86057605,Family Planners Lookalike Segment,1389792323919646,Shelf Story Warm Voice,1559200281199121,Brand Awareness,36.66,8102,0,6895,242,22,100,52,31,229,205,0,0,0,0,9,0,320,3.38,0,0,0,7797,0
2026-05-15,Search Network,Seasonal Select Promo Initiative,Metro Region Prospecting Cohort,86057605,Family Planners Affinity Segment,8367846490627350,Product Reel Bold Voice,1533913016753531,Brand Awareness,0,0,0,0,0,0,0,0,0,0,0,0,0,0,0,0,0,0,0,0,0,0,0,0
2026-05-15,Social Feed,Home Essentials Scale Initiative,Metro Region Loyalty Cohort,86057605,Weekend Deal Hunters Interest Segment,1459448327666023,Product Reel Bold Voice,1341726046078307,Brand Awareness,0,0,0,0,0,0,0,0,0,0,0,0,0,0,0,0,0,0,0,0,0,0,0,0
2026-05-15,Video Network,Family Pantry Retention Initiative,Metro Region Loyalty Cohort,86057605,Health Conscious Buyers Interest Segment,1317849022166581,Shelf Story Warm Voice,4835139745633214,Brand Awareness,27.20,8213,0,7802,191,16,100,57,30,165,139,0,0,0,0,4,0,248,3.68,0,0,0,6996,0
2026-05-15,Marketplace Feed,Family Pantry Retention Initiative,Metro Region Loyalty Cohort,86057605,Family Planners Lookalike Segment,1541980607257120,Shelf Story Warm Voice,1227821280716912,Brand Awareness,44.20,12361,0,9719,308,25,100,82,39,225,173,0,0,0,0,8,0,402,3.33,1,2,0,11371,0
2026-05-15,Influencer Network,Family Pantry Retention Initiative,Metro Region Loyalty Cohort,86057605,Health Conscious Buyers Retention Segment,3498408274906447,Shelf Story Warm Voice,8734198326451158,Brand Awareness,2.46,407,0,492,16,0,8,1,1,12,10,0,0,0,0,0,0,22,5.15,0,0,0,400,0
2026-05-14,Influencer Network,Market Fresh Demand Initiative,Metro Region Conversion Cohort,86057605,Family Planners Lookalike Segment,1772224591172120,Product Reel Warm Voice,5445284725858050,Catalog Engagement,1.52,804,0,859,0,10,100,53,45,124,111,0,0,0,0,17,0,13,1.75,0,0,0,861,0
2026-05-14,Shopping Grid,Family Pantry Retention Initiative,Metro Region Loyalty Cohort,86057605,Health Conscious Buyers Interest Segment,1317849022166581,Shelf Story Warm Voice,4835139745633214,Brand Awareness,24.55,5600,0,5421,158,17,100,32,20,140,93,0,0,0,0,6,0,205,3.4,0,1,0,5651,0
2026-05-14,In-App Display,Family Pantry Retention Initiative,Metro Region Loyalty Cohort,86057605,Family Planners Lookalike Segment,1389792323919646,Shelf Story Warm Voice,1559200281199121,Brand Awareness,41.58,9727,0,9740,296,33,100,65,35,238,211,0,0,0,0,11,0,396,3,0,2,0,10246,0
2026-05-14,Marketplace Feed,Seasonal Select Promo Initiative,Metro Region Prospecting Cohort,86057605,Health Conscious Buyers Affinity Segment,1583198464464326,Price Drop Cut Value Voice,1693074427559461,Brand Awareness,0,0,0,0,0,0,0,0,0,0,0,0,0,0,0,0,0,0,0,0,0,0,0,0
2026-05-14,Discovery Network,Family Pantry Retention Initiative,Metro Region Prospecting Cohort,86057605,Health Conscious Buyers Retention Segment,1345308351935222,Price Drop Cut Direct Voice,1235697900866550,Brand Awareness,0,0,0,0,0,0,0,0,0,0,0,0,0,0,0,0,0,0,0,0,0,0,0,0
2026-05-14,Shopping Grid,Home Essentials Promo Initiative,Metro Region Loyalty Cohort,86057605,Family Planners Lookalike Segment,1651621344407030,Shelf Story Bold Voice,1041287863438891,Catalog Engagement,0,0,0,0,0,0,0,0,0,0,0,0,0,0,0,0,0,0,0,0,0,0,0,0
2026-05-14,Shopping Grid,Home Essentials Promo Initiative,Metro Region Loyalty Cohort,86057605,Health Conscious Buyers Interest Segment,1547932434152739,Shelf Story Bold Voice,1607803194966386,Catalog Engagement,0,0,0,0,0,0,0,0,0,0,0,0,0,0,0,0,0,0,0,0,0,0,0,0
2026-05-14,Social Feed,Family Pantry Retention Initiative,Metro Region Conversion Cohort,38881639,Family Planners Lookalike Segment,1010331617086390,Shelf Story Warm Voice,1022962676348579,Brand Awareness,0,0,0,0,0,0,0,0,0,0,0,0,0,0,0,0,0,0,0,0,0,0,0,0
2026-05-14,Connected TV,Market Fresh Demand Initiative,Metro Region Conversion Cohort,86057605,Bulk Buyers Retention Segment,2856518857723944,Product Reel Warm Voice,1829249393081722,Catalog Engagement,24.42,30224,0,31270,199,100,100,100,100,7259,7386,0,0,8,0,1257,0,994,3.02,10,16,0,32148,0
2026-05-14,Marketplace Feed,Family Pantry Retention Initiative,Metro Region Loyalty Cohort,86057605,Family Planners Lookalike Segment,1541980607257120,Shelf Story Warm Voice,1227821280716912,Brand Awareness,36.91,12632,0,11692,274,33,100,60,39,198,186,0,0,0,0,13,0,361,3.47,0,1,0,10550,0
2026-05-14,Marketplace Feed,Family Pantry Retention Initiative,Metro Region Loyalty Cohort,86057605,Health Conscious Buyers Retention Segment,3498408274906447,Shelf Story Warm Voice,8734198326451158,Brand Awareness,3.48,601,0,614,23,5,17,10,7,27,22,0,0,0,0,1,0,37,5.55,0,0,0,665,0
2026-05-14,Retail Media Network,Market Fresh Demand Initiative,Metro Region Conversion Cohort,86057605,Weekend Deal Hunters Interest Segment,2737857498400057,Product Reel Warm Voice,1640779927447931,Catalog Engagement,310.46,130582,0,128921,629,100,100,100,100,21592,20567,0,0,16,0,3593,0,3816,2.96,17,47,0,118598,0
2026-05-14,Shopping Grid,Family Pantry Retention Initiative,Metro Region Loyalty Cohort,86057605,Health Conscious Buyers Interest Segment,2521243424639338,Price Drop Cut Direct Voice,1418260482152184,Catalog Engagement,0,0,0,0,0,0,0,0,0,0,0,0,0,0,0,0,0,0,0,0,0,0,0,0
2026-05-14,Influencer Network,Family Pantry Retention Initiative,Metro Region Loyalty Cohort,86057605,Family Planners Lookalike Segment,5788351582095512,Price Drop Cut Direct Voice,2231082661113394,Catalog Engagement,0,0,0,0,0,0,0,0,0,0,0,0,0,0,0,0,0,0,0,0,0,0,0,0
2026-05-13,Search Network,Family Pantry Retention Initiative,Metro Region Loyalty Cohort,86057605,Family Planners Lookalike Segment,1541980607257120,Shelf Story Warm Voice,1227821280716912,Brand Awareness,43.46,11482,0,12620,246,42,100,100,70,277,205,0,0,0,0,11,0,392,3.38,0,1,0,11917,0
2026-05-13,Display Network,Family Pantry Retention Initiative,Metro Region Loyalty Cohort,86057605,Health Conscious Buyers Interest Segment,2521243424639338,Price Drop Cut Direct Voice,1418260482152184,Catalog Engagement,0,0,0,0,0,0,0,0,0,0,0,0,0,0,0,0,0,0,0,0,0,0,0,0
2026-05-13,Influencer Network,Family Pantry Retention Initiative,Metro Region Loyalty Cohort,86057605,Family Planners Lookalike Segment,1389792323919646,Shelf Story Warm Voice,1559200281199121,Brand Awareness,40.22,8360,0,8086,247,20,100,57,33,201,175,0,0,1,0,9,0,363,3.66,1,3,0,8939,0
2026-05-13,Retail Media Network,Home Essentials Scale Initiative,Metro Region Prospecting Cohort,86057605,Family Planners Interest Segment,2052479131570920,Shelf Story Warm Voice,6668703011220466,Brand Awareness,0,0,0,0,0,0,0,0,0,0,0,0,0,0,0,0,0,0,0,0,0,0,0,0
2026-05-13,Marketplace Feed,Family Pantry Retention Initiative,Metro Region Loyalty Cohort,86057605,Health Conscious Buyers Interest Segment,1317849022166581,Shelf Story Warm Voice,4835139745633214,Brand Awareness,26.21,5492,0,6039,161,15,91,38,18,132,128,0,0,0,0,4,0,272,4.09,0,0,0,5807,0
2026-05-13,Retail Media Network,Market Fresh Demand Initiative,Metro Region Conversion Cohort,86057605,Family Planners Lookalike Segment,1772224591172120,Product Reel Warm Voice,5445284725858050,Catalog Engagement,7.10,2846,0,2535,8,69,100,100,100,808,586,0,0,1,0,41,0,39,1.5,0,0,0,2816,0
2026-05-13,Display Network,Market Fresh Demand Initiative,Metro Region Conversion Cohort,86057605,Bulk Buyers Retention Segment,2856518857723944,Product Reel Warm Voice,1829249393081722,Catalog Engagement,24.54,24584,0,26046,154,100,100,100,100,7286,5641,0,0,3,0,1203,0,963,4.22,6,28,0,22627,0
2026-05-13,Video Network,Family Pantry Retention Initiative,Metro Region Loyalty Cohort,86057605,Family Planners Lookalike Segment,5788351582095512,Price Drop Cut Direct Voice,2231082661113394,Catalog Engagement,0,0,0,0,0,0,0,0,0,0,0,0,0,0,0,0,0,0,0,0,0,0,0,0
2026-05-13,Connected TV,Market Fresh Demand Initiative,Metro Region Conversion Cohort,86057605,Weekend Deal Hunters Interest Segment,2737857498400057,Product Reel Warm Voice,1640779927447931,Catalog Engagement,281.80,107953,0,134024,446,100,100,100,100,29951,23362,0,0,10,0,2106,0,2852,2.11,11,41,0,119085,0
2026-05-13,Marketplace Feed,Home Essentials Promo Initiative,Metro Region Loyalty Cohort,86057605,Family Planners Lookalike Segment,1651621344407030,Shelf Story Bold Voice,1041287863438891,Catalog Engagement,0,0,0,0,0,0,0,0,0,0,0,0,0,0,0,0,0,0,0,0,0,0,0,0
2026-05-13,Retail Media Network,Family Pantry Retention Initiative,Metro Region Loyalty Cohort,86057605,Health Conscious Buyers Retention Segment,3498408274906447,Shelf Story Warm Voice,8734198326451158,Brand Awareness,3.99,577,0,612,21,5,18,8,4,27,23,0,0,0,0,0,0,34,4.87,0,0,0,594,0
2026-05-13,Shopping Grid,Family Pantry Retention Initiative,Metro Region Conversion Cohort,38881639,Family Planners Lookalike Segment,1010331617086390,Shelf Story Warm Voice,1022962676348579,Brand Awareness,0,0,0,0,0,0,0,0,0,0,0,0,0,0,0,0,0,0,0,0,0,0,0,0
2026-05-13,Affiliate Network,Family Pantry Retention Initiative,Metro Region Loyalty Cohort,86057605,Health Conscious Buyers Retention Segment,1603182424569070,Price Drop Cut Direct Voice,3556898576481294,Catalog Engagement,0,0,0,0,0,0,0,0,0,0,0,0,0,0,0,0,0,0,0,0,0,0,0,0
2026-05-12,In-App Display,Home Essentials Scale Initiative,Metro Region Prospecting Cohort,86057605,Family Planners Interest Segment,2052479131570920,Price Drop Cut Direct Voice,1293082123821342,Brand Awareness,0,0,0,0,0,0,0,0,0,0,0,0,0,0,0,0,0,0,0,0,0,0,0,0
2026-05-12,Influencer Network,Family Pantry Retention Initiative,Metro Region Loyalty Cohort,86057605,Family Planners Lookalike Segment,5788351582095512,Price Drop Cut Direct Voice,2231082661113394,Catalog Engagement,51.42,14891,0,15937,62,100,100,100,100,991,984,0,0,1,0,87,0,163,0.95,0,3,0,14224,0
2026-05-12,Search Network,Family Pantry Retention Initiative,Metro Region Loyalty Cohort,86057605,Health Conscious Buyers Interest Segment,2521243424639338,Price Drop Cut Direct Voice,1418260482152184,Catalog Engagement,94.87,25289,0,22421,89,100,100,100,100,2164,1605,0,0,0,0,154,0,191,0.76,0,2,0,24646,0
2026-05-12,Discovery Network,Home Essentials Scale Initiative,Metro Region Prospecting Cohort,86057605,Family Planners Interest Segment,2052479131570920,Promo Banner Friendly Voice,7057211523700123,Brand Awareness,0,0,0,0,0,0,0,0,0,0,0,0,0,0,0,0,0,0,0,0,0,0,0,0
2026-05-12,Search Network,Family Pantry Retention Initiative,Metro Region Loyalty Cohort,86057605,Health Conscious Buyers Interest Segment,1317849022166581,Shelf Story Warm Voice,4835139745633214,Brand Awareness,28.78,7283,0,6804,208,18,100,43,27,167,158,0,0,0,0,8,0,314,4.21,0,0,0,6103,0
2026-05-12,Affiliate Network,Home Essentials Promo Initiative,Metro Region Loyalty Cohort,86057605,Health Conscious Buyers Interest Segment,1547932434152739,Shelf Story Bold Voice,1607803194966386,Catalog Engagement,0,0,0,0,0,0,0,0,0,0,0,0,0,0,0,0,0,0,0,0,0,0,0,0
2026-05-12,Influencer Network,Family Pantry Retention Initiative,Metro Region Conversion Cohort,44948390,Health Conscious Buyers Retention Segment,1425500821334288,Collection Showcase Warm Voice,6802901513164570,Catalog Engagement,0,0,0,0,0,0,0,0,0,0,0,0,0,0,0,0,0,0,0,0,0,0,0,0
2026-05-12,Connected TV,Seasonal Select Promo Initiative,Metro Region Prospecting Cohort,86057605,Health Conscious Buyers Affinity Segment,1583198464464326,Promo Banner Friendly Voice,1472199163581113,Brand Awareness,0,0,0,0,0,0,0,0,0,0,0,0,0,0,0,0,0,0,0,0,0,0,0,0
2026-05-12,Display Network,Family Pantry Retention Initiative,Metro Region Loyalty Cohort,86057605,Health Conscious Buyers Retention Segment,3498408274906447,Shelf Story Warm Voice,8734198326451158,Brand Awareness,16.31,653,0,800,32,1,13,3,2,26,19,0,0,0,0,0,0,47,5.20,0,0,0,681,0
2026-05-12,Video Network,Family Pantry Retention Initiative,Metro Region Prospecting Cohort,86057605,Health Conscious Buyers Affinity Segment,1135622965987651,Price Drop Cut Direct Voice,1738411410074119,Brand Awareness,0,0,0,0,0,0,0,0,0,0,0,0,0,0,0,0,0,0,0,0,0,0,0,0
2026-05-12,Search Network,Home Essentials Promo Initiative,Metro Region Loyalty Cohort,86057605,Family Planners Lookalike Segment,1651621344407030,Shelf Story Bold Voice,1041287863438891,Catalog Engagement,0,0,0,0,0,0,0,0,0,0,0,0,0,0,0,0,0,0,0,0,0,0,0,0
2026-05-12,Search Network,Family Pantry Retention Initiative,Metro Region Loyalty Cohort,86057605,Family Planners Lookalike Segment,1541980607257120,Shelf Story Warm Voice,1227821280716912,Brand Awareness,43.28,6517,0,7039,212,21,100,48,28,216,163,0,0,0,0,4,0,327,3.93,0,0,0,6227,0
2026-05-12,Discovery Network,Family Pantry Retention Initiative,Metro Region Loyalty Cohort,86057605,Family Planners Lookalike Segment,1389792323919646,Shelf Story Warm Voice,1559200281199121,Brand Awareness,24.91,6116,0,5799,149,24,100,54,29,177,141,0,0,0,0,3,0,204,2.86,0,1,0,5783,0
2026-05-12,Shopping Grid,Family Pantry Retention Initiative,Metro Region Loyalty Cohort,86057605,Health Conscious Buyers Retention Segment,1603182424569070,Price Drop Cut Direct Voice,3556898576481294,Catalog Engagement,3.04,431,0,455,1,44,100,98,63,67,52,0,0,0,0,6,0,7,1.77,0,1,0,478,0
2026-05-11,In-App Display,Home Essentials Promo Initiative,Metro Region Loyalty Cohort,86057605,Family Planners Lookalike Segment,1651621344407030,Shelf Story Bold Voice,1041287863438891,Catalog Engagement,0,0,0,0,0,0,0,0,0,0,0,0,0,0,0,0,0,0,0,0,0,0,0,0
2026-05-11,Display Network,Family Pantry Retention Initiative,Metro Region Loyalty Cohort,86057605,Family Planners Lookalike Segment,1541980607257120,Shelf Story Warm Voice,1227821280716912,Brand Awareness,65.51,10656,0,9488,332,27,100,74,36,336,265,0,0,0,0,11,0,519,5.19,0,0,0,9244,0
2026-05-11,Discovery Network,Home Essentials Scale Initiative,Metro Region Prospecting Cohort,86057605,Family Planners Interest Segment,2052479131570920,Shelf Story Bold Voice,1642534966349722,Brand Awareness,0,0,0,0,0,0,0,0,0,0,0,0,0,0,0,0,0,0,0,0,0,0,0,0
2026-05-11,In-App Display,Family Pantry Retention Initiative,Metro Region Loyalty Cohort,86057605,Health Conscious Buyers Retention Segment,3498408274906447,Shelf Story Warm Voice,8734198326451158,Brand Awareness,10.61,950,0,960,67,1,21,7,4,62,48,0,0,0,0,0,0,106,7.92,0,0,0,1129,0
2026-05-11,Affiliate Network,Home Essentials Scale Initiative,Metro Region Conversion Cohort,44948390,Health Conscious Buyers Affinity Segment,1198664249496341,Shelf Story Warm Voice,2720915756251901,Brand Awareness,0,0,0,0,0,0,0,0,0,0,0,0,0,0,0,0,0,0,0,0,0,0,0,0
2026-05-11,Connected TV,Family Pantry Retention Initiative,Metro Region Loyalty Cohort,86057605,Family Planners Lookalike Segment,5788351582095512,Price Drop Cut Direct Voice,2231082661113394,Catalog Engagement,83.22,22571,0,23833,67,100,100,100,100,1538,1501,0,0,0,0,76,0,159,0.72,1,5,0,22531,0
2026-05-11,Display Network,Family Pantry Retention Initiative,Metro Region Loyalty Cohort,86057605,Health Conscious Buyers Interest Segment,1317849022166581,Shelf Story Warm Voice,4835139745633214,Brand Awareness,45.60,13240,0,12956,278,23,100,65,38,231,219,0,0,0,0,17,0,461,3.4,0,0,0,12666,0
2026-05-11,Connected TV,Home Essentials Promo Initiative,Metro Region Loyalty Cohort,86057605,Health Conscious Buyers Interest Segment,1547932434152739,Shelf Story Bold Voice,1607803194966386,Catalog Engagement,0,0,0,0,0,0,0,0,0,0,0,0,0,0,0,0,0,0,0,0,0,0,0,0
2026-05-11,Video Network,Seasonal Select Promo Initiative,Metro Region Prospecting Cohort,86057605,Health Conscious Buyers Affinity Segment,1583198464464326,Shelf Story Warm Voice,1398435806475897,Brand Awareness,0,0,0,0,0,0,0,0,0,0,0,0,0,0,0,0,0,0,0,0,0,0,0,0
2026-05-11,Video Network,Family Pantry Retention Initiative,Metro Region Loyalty Cohort,86057605,Health Conscious Buyers Retention Segment,1603182424569070,Price Drop Cut Direct Voice,3556898576481294,Catalog Engagement,1.14,224,0,224,1,20,100,54,35,24,25,0,0,0,0,3,0,3,1.02,0,0,0,195,0
2026-05-11,Affiliate Network,Family Pantry Retention Initiative,Metro Region Loyalty Cohort,86057605,Health Conscious Buyers Interest Segment,2521243424639338,Price Drop Cut Direct Voice,1418260482152184,Catalog Engagement,101.69,23363,0,26225,68,100,100,100,100,1884,1870,0,0,0,0,195,0,235,0.78,0,3,0,21616,0
2026-05-11,Influencer Network,Family Pantry Retention Initiative,Metro Region Conversion Cohort,38881639,Family Planners Lookalike Segment,1010331617086390,Shelf Story Warm Voice,1022962676348579,Brand Awareness,0,0,0,0,0,0,0,0,0,0,0,0,0,0,0,0,0,0,0,0,0,0,0,0
2026-05-10,Connected TV,Home Essentials Promo Initiative,Metro Region Loyalty Cohort,86057605,Family Planners Lookalike Segment,1651621344407030,Shelf Story Bold Voice,1041287863438891,Catalog Engagement,0,0,0,0,0,0,0,0,0,0,0,0,0,0,0,0,0,0,0,0,0,0,0,0
2026-05-10,Video Network,Family Pantry Retention Initiative,Metro Region Loyalty Cohort,86057605,Family Planners Lookalike Segment,1541980607257120,Shelf Story Warm Voice,1227821280716912,Brand Awareness,58,19620,0,16856,419,46,100,100,58,392,342,0,0,0,0,21,0,673,3.39,0,2,0,16294,0
2026-05-10,Display Network,Family Pantry Retention Initiative,Metro Region Loyalty Cohort,86057605,Health Conscious Buyers Retention Segment,1603182424569070,Price Drop Cut Direct Voice,3556898576481294,Catalog Engagement,4.60,668,0,711,0,84,100,100,100,116,87,0,0,0,0,3,0,2,0.36,0,0,0,695,0
2026-05-10,Retail Media Network,Family Pantry Retention Initiative,Metro Region Conversion Cohort,38881639,Family Planners Lookalike Segment,1010331617086390,Shelf Story Warm Voice,1022962676348579,Brand Awareness,0,0,0,0,0,0,0,0,0,0,0,0,0,0,0,0,0,0,0,0,0,0,0,0
2026-05-10,Search Network,Home Essentials Promo Initiative,Metro Region Conversion Cohort,44948390,Quick Refill Buyers Retention Segment,1899712342036110,Shelf Story Warm Voice,8585579191193727,Brand Awareness,0,0,0,0,0,0,0,0,0,0,0,0,0,0,0,0,0,0,0,0,0,0,0,0
2026-05-10,Retail Media Network,Family Pantry Retention Initiative,Metro Region Prospecting Cohort,86057605,Health Conscious Buyers Retention Segment,1345308351935222,Price Drop Cut Direct Voice,1235697900866550,Brand Awareness,0,0,0,0,0,0,0,0,0,0,0,0,0,0,0,0,0,0,0,0,0,0,0,0
2026-05-10,Discovery Network,Family Pantry Retention Initiative,Metro Region Prospecting Cohort,86057605,Health Conscious Buyers Affinity Segment,1135622965987651,Price Drop Cut Value Voice,3451026948260594,Brand Awareness,0,0,0,0,0,0,0,0,0,0,0,0,0,0,0,0,0,0,0,0,0,0,0,0
2026-05-10,Video Network,Family Pantry Retention Initiative,Metro Region Loyalty Cohort,86057605,Health Conscious Buyers Retention Segment,3498408274906447,Shelf Story Warm Voice,8734198326451158,Brand Awareness,5.2,799,0,882,32,1,20,9,4,36,29,0,0,0,0,1,0,48,4.98,0,0,0,775,0
2026-05-10,Shopping Grid,Family Pantry Retention Initiative,Metro Region Loyalty Cohort,86057605,Family Planners Lookalike Segment,5788351582095512,Price Drop Cut Direct Voice,2231082661113394,Catalog Engagement,91.87,28302,0,26844,97,100,100,100,100,2238,1664,0,0,0,0,91,0,216,0.82,0,7,0,26102,0
2026-05-10,Display Network,Family Pantry Retention Initiative,Metro Region Prospecting Cohort,86057605,Health Conscious Buyers Affinity Segment,1135622965987651,Shelf Story Warm Voice,6310646509441659,Brand Awareness,0,0,0,0,0,0,0,0,0,0,0,0,0,0,0,0,0,0,0,0,0,0,0,0
2026-05-10,Influencer Network,Family Pantry Retention Initiative,Metro Region Prospecting Cohort,86057605,Health Conscious Buyers Interest Segment,4038732375076011,Price Drop Cut Direct Voice,1621355325413800,Brand Awareness,0,0,0,0,0,0,0,0,0,0,0,0,0,0,0,0,0,0,0,0,0,0,0,0
2026-05-10,Influencer Network,Home Essentials Promo Initiative,Metro Region Loyalty Cohort,86057605,Health Conscious Buyers Interest Segment,1547932434152739,Shelf Story Bold Voice,1607803194966386,Catalog Engagement,0,0,0,0,0,0,0,0,0,0,0,0,0,0,0,0,0,0,0,0,0,0,0,0
2026-05-10,Influencer Network,Family Pantry Retention Initiative,Metro Region Loyalty Cohort,86057605,Health Conscious Buyers Interest Segment,1317849022166581,Shelf Story Warm Voice,4835139745633214,Brand Awareness,31.30,8209,0,8057,244,27,100,54,39,225,183,0,0,0,0,5,0,400,4.0,0,1,0,9084,0
2026-05-10,Connected TV,Home Essentials Scale Initiative,Metro Region Prospecting Cohort,86057605,Family Planners Interest Segment,2052479131570920,Price Drop Cut Direct Voice,7324105902810892,Brand Awareness,0,0,0,0,0,0,0,0,0,0,0,0,0,0,0,0,0,0,0,0,0,0,0,0
2026-05-10,In-App Display,Family Pantry Retention Initiative,Metro Region Loyalty Cohort,86057605,Health Conscious Buyers Interest Segment,2521243424639338,Price Drop Cut Direct Voice,1418260482152184,Catalog Engagement,92.30,22718,0,23523,77,100,100,100,100,1878,1564,0,0,0,0,206,0,235,0.98,3,2,0,20952,0
2026-05-09,Video Network,Seasonal Select Promo Initiative,Metro Region Prospecting Cohort,86057605,Health Conscious Buyers Affinity Segment,1583198464464326,Product Reel Bold Voice,9879327331114134,Brand Awareness,0,0,0,0,0,0,0,0,0,0,0,0,0,0,0,0,0,0,0,0,0,0,0,0
2026-05-09,In-App Display,Family Pantry Retention Initiative,Metro Region Prospecting Cohort,86057605,Health Conscious Buyers Interest Segment,4038732375076011,Price Drop Cut Direct Voice,1621355325413800,Brand Awareness,0,0,0,0,0,0,0,0,0,0,0,0,0,0,0,0,0,0,0,0,0,0,0,0
2026-05-09,Marketplace Feed,Family Pantry Retention Initiative,Metro Region Loyalty Cohort,86057605,Health Conscious Buyers Interest Segment,2521243424639338,Price Drop Cut Direct Voice,1418260482152184,Catalog Engagement,86.41,19293,0,21853,60,100,100,100,100,1590,1458,0,0,0,0,173,0,200,0.92,0,6,0,18731,0
2026-05-09,Search Network,Family Pantry Retention Initiative,Metro Region Loyalty Cohort,86057605,Health Conscious Buyers Interest Segment,1317849022166581,Shelf Story Warm Voice,4835139745633214,Brand Awareness,43.07,10148,0,8113,256,31,100,68,43,250,221,0,0,0,0,3,0,380,4.0,0,0,0,10017,0
2026-05-09,Influencer Network,Home Essentials Promo Initiative,Metro Region Loyalty Cohort,86057605,Health Conscious Buyers Interest Segment,1547932434152739,Shelf Story Bold Voice,1607803194966386,Catalog Engagement,0,0,0,0,0,0,0,0,0,0,0,0,0,0,0,0,0,0,0,0,0,0,0,0
2026-05-09,Affiliate Network,Home Essentials Scale Initiative,Metro Region Prospecting Cohort,86057605,Family Planners Interest Segment,2052479131570920,Price Drop Cut Value Voice,1450690616595384,Brand Awareness,0,0,0,0,0,0,0,0,0,0,0,0,0,0,0,0,0,0,0,0,0,0,0,0
2026-05-09,Marketplace Feed,Home Essentials Scale Initiative,Metro Region Prospecting Cohort,86057605,Family Planners Interest Segment,2052479131570920,Shelf Story Warm Voice,1431189176757496,Brand Awareness,0,0,0,0,0,0,0,0,0,0,0,0,0,0,0,0,0,0,0,0,0,0,0,0
2026-05-09,Search Network,Home Essentials Scale Initiative,Metro Region Loyalty Cohort,86057605,Weekend Deal Hunters Interest Segment,1459448327666023,Product Reel Bold Voice,1341726046078307,Brand Awareness,0,0,0,0,0,0,0,0,0,0,0,0,0,0,0,0,0,0,0,0,0,0,0,0
2026-05-09,Discovery Network,Family Pantry Retention Initiative,Metro Region Loyalty Cohort,86057605,Health Conscious Buyers Retention Segment,1603182424569070,Price Drop Cut Direct Voice,3556898576481294,Catalog Engagement,3.14,738,0,757,1,66,100,100,100,89,71,0,0,0,0,3,0,3,0.44,0,0,0,660,0
2026-05-09,Connected TV,Home Essentials Promo Initiative,Metro Region Loyalty Cohort,86057605,Family Planners Lookalike Segment,1651621344407030,Shelf Story Bold Voice,1041287863438891,Catalog Engagement,0,0,0,0,0,0,0,0,0,0,0,0,0,0,0,0,0,0,0,0,0,0,0,0
2026-05-09,Display Network,Home Essentials Promo Initiative,Metro Region Conversion Cohort,44948390,Quick Refill Buyers Retention Segment,1899712342036110,Shelf Story Warm Voice,8585579191193727,Brand Awareness,0,0,0,0,0,0,0,0,0,0,0,0,0,0,0,0,0,0,0,0,0,0,0,0
2026-05-09,Search Network,Family Pantry Retention Initiative,Metro Region Loyalty Cohort,86057605,Family Planners Lookalike Segment,5788351582095512,Price Drop Cut Direct Voice,2231082661113394,Catalog Engagement,108.77,26156,0,25132,113,100,100,100,100,2182,1861,0,0,0,0,109,0,209,0.82,1,6,0,29217,0
2026-05-09,Video Network,Family Pantry Retention Initiative,Metro Region Loyalty Cohort,86057605,Family Planners Lookalike Segment,1541980607257120,Shelf Story Warm Voice,1227821280716912,Brand Awareness,65.70,17204,0,16255,456,59,100,100,59,348,249,0,0,0,0,15,0,678,3.56,0,2,0,16199,0
2026-05-09,Display Network,Family Pantry Retention Initiative,Metro Region Prospecting Cohort,86057605,Health Conscious Buyers Affinity Segment,1135622965987651,Price Drop Cut Direct Voice,1738411410074119,Brand Awareness,0,0,0,0,0,0,0,0,0,0,0,0,0,0,0,0,0,0,0,0,0,0,0,0
2026-05-09,Affiliate Network,Family Pantry Retention Initiative,Metro Region Conversion Cohort,44948390,Weekend Deal Hunters Interest Segment,1111168710985428,Offer Spotlight Bold Voice,4490884174868010,Brand Awareness,0,0,0,0,0,0,0,0,0,0,0,0,0,0,0,0,0,0,0,0,0,0,0,0
2026-05-09,Affiliate Network,Family Pantry Retention Initiative,Metro Region Loyalty Cohort,86057605,Health Conscious Buyers Retention Segment,3498408274906447,Shelf Story Warm Voice,8734198326451158,Brand Awareness,3.66,531,0,474,22,3,10,5,3,26,22,0,0,0,0,0,0,42,7.07,0,0,0,485,0
2026-05-09,In-App Display,Seasonal Select Promo Initiative,Metro Region Prospecting Cohort,86057605,Health Conscious Buyers Affinity Segment,1583198464464326,Product Reel Warm Voice,1085328768903302,Brand Awareness,0,0,0,0,0,0,0,0,0,0,0,0,0,0,0,0,0,0,0,0,0,0,0,0
2026-05-08,Display Network,Family Pantry Retention Initiative,Metro Region Loyalty Cohort,86057605,Health Conscious Buyers Interest Segment,1317849022166581,Shelf Story Warm Voice,4835139745633214,Brand Awareness,43.80,10305,0,9919,288,31,100,62,40,243,224,0,0,0,0,5,0,478,3.76,0,0,0,9105,0
2026-05-08,Shopping Grid,Family Pantry Retention Initiative,Metro Region Prospecting Cohort,86057605,Health Conscious Buyers Interest Segment,4038732375076011,Price Drop Cut Direct Voice,1621355325413800,Brand Awareness,0,0,0,0,0,0,0,0,0,0,0,0,0,0,0,0,0,0,0,0,0,0,0,0
2026-05-08,Affiliate Network,Home Essentials Promo Initiative,Metro Region Loyalty Cohort,86057605,Health Conscious Buyers Interest Segment,1547932434152739,Shelf Story Bold Voice,1607803194966386,Catalog Engagement,0,0,0,0,0,0,0,0,0,0,0,0,0,0,0,0,0,0,0,0,0,0,0,0
2026-05-08,Affiliate Network,Home Essentials Promo Initiative,Metro Region Loyalty Cohort,86057605,Family Planners Lookalike Segment,1651621344407030,Shelf Story Bold Voice,1041287863438891,Catalog Engagement,0,0,0,0,0,0,0,0,0,0,0,0,0,0,0,0,0,0,0,0,0,0,0,0
2026-05-08,Retail Media Network,Family Pantry Retention Initiative,Metro Region Loyalty Cohort,86057605,Health Conscious Buyers Retention Segment,3498408274906447,Shelf Story Warm Voice,8734198326451158,Brand Awareness,2.74,663,0,567,22,6,18,8,5,21,19,0,0,0,0,1,0,27,4.16,0,0,0,523,0
2026-05-08,Display Network,Seasonal Select Promo Initiative,Metro Region Prospecting Cohort,86057605,Family Planners Affinity Segment,8367846490627350,Price Drop Cut Direct Voice,1282017847074823,Brand Awareness,0,0,0,0,0,0,0,0,0,0,0,0,0,0,0,0,0,0,0,0,0,0,0,0
2026-05-08,Social Feed,Family Pantry Retention Initiative,Metro Region Loyalty Cohort,86057605,Family Planners Lookalike Segment,1541980607257120,Shelf Story Warm Voice,1227821280716912,Brand Awareness,60.16,19023,0,18044,455,59,100,100,65,332,261,0,0,0,0,9,0,629,3.36,0,2,0,17132,0
2026-05-08,Influencer Network,Family Pantry Retention Initiative,Metro Region Loyalty Cohort,86057605,Health Conscious Buyers Retention Segment,1603182424569070,Price Drop Cut Direct Voice,3556898576481294,Catalog Engagement,6.90,1202,0,1090,6,100,100,100,100,189,176,0,0,0,0,10,0,18,1.42,0,1,0,1130,0
2026-05-08,Affiliate Network,Family Pantry Retention Initiative,Metro Region Loyalty Cohort,86057605,Family Planners Lookalike Segment,5788351582095512,Price Drop Cut Direct Voice,2231082661113394,Catalog Engagement,102.79,26518,0,23503,94,100,100,100,100,2219,2115,0,0,0,0,125,0,236,0.96,0,5,0,22252,0
2026-05-08,Connected TV,Home Essentials Scale Initiative,Metro Region Prospecting Cohort,86057605,Family Planners Interest Segment,2052479131570920,Shelf Story Warm Voice,8866144267684809,Brand Awareness,0,0,0,0,0,0,0,0,0,0,0,0,0,0,0,0,0,0,0,0,0,0,0,0
2026-05-08,Video Network,Family Pantry Retention Initiative,Metro Region Conversion Cohort,38881639,Family Planners Lookalike Segment,1010331617086390,Shelf Story Warm Voice,1022962676348579,Brand Awareness,0,0,0,0,0,0,0,0,0,0,0,0,0,0,0,0,0,0,0,0,0,0,0,0
2026-05-08,Retail Media Network,Home Essentials Scale Initiative,Metro Region Loyalty Cohort,86057605,Weekend Deal Hunters Interest Segment,1459448327666023,Product Reel Bold Voice,1341726046078307,Brand Awareness,0,0,0,0,0,0,0,0,0,0,0,0,0,0,0,0,0,0,0,0,0,0,0,0
2026-05-08,Social Feed,Family Pantry Retention Initiative,Metro Region Loyalty Cohort,86057605,Health Conscious Buyers Interest Segment,2521243424639338,Price Drop Cut Direct Voice,1418260482152184,Catalog Engagement,74.53,17756,0,15755,54,100,100,100,100,1686,1742,0,0,0,0,183,0,247,1.34,0,4,0,14422,0
2026-05-07,Retail Media Network,Family Pantry Retention Initiative,Metro Region Loyalty Cohort,86057605,Family Planners Lookalike Segment,5788351582095512,Price Drop Cut Direct Voice,2231082661113394,Catalog Engagement,130.08,27360,0,30825,112,100,100,100,100,3075,2150,0,0,1,0,180,0,346,0.98,2,7,0,32409,0
2026-05-07,Retail Media Network,Family Pantry Retention Initiative,Metro Region Prospecting Cohort,86057605,Health Conscious Buyers Affinity Segment,1135622965987651,Product Reel Warm Voice,1149004867408980,Brand Awareness,0,0,0,0,0,0,0,0,0,0,0,0,0,0,0,0,0,0,0,0,0,0,0,0
2026-05-07,Shopping Grid,Family Pantry Retention Initiative,Metro Region Loyalty Cohort,86057605,Health Conscious Buyers Retention Segment,3498408274906447,Shelf Story Warm Voice,8734198326451158,Brand Awareness,5.34,809,0,778,31,6,22,10,8,36,28,0,0,0,0,1,0,51,6,0,0,0,725,0
2026-05-07,Search Network,Family Pantry Retention Initiative,Metro Region Loyalty Cohort,86057605,Family Planners Lookalike Segment,1541980607257120,Shelf Story Warm Voice,1227821280716912,Brand Awareness,54.34,15117,0,15539,345,54,100,100,66,302,299,0,0,0,0,16,0,563,3.53,0,3,0,17393,0
2026-05-07,Marketplace Feed,Family Pantry Retention Initiative,Metro Region Loyalty Cohort,86057605,Health Conscious Buyers Retention Segment,1603182424569070,Price Drop Cut Direct Voice,3556898576481294,Catalog Engagement,8.62,1366,0,1409,9,100,100,100,100,249,195,0,0,0,0,9,0,15,1.09,0,0,0,1394,0
2026-05-07,Video Network,Family Pantry Retention Initiative,Metro Region Loyalty Cohort,86057605,Health Conscious Buyers Interest Segment,2521243424639338,Price Drop Cut Direct Voice,1418260482152184,Catalog Engagement,60.3,13239,0,15352,47,100,100,100,100,1463,1128,0,0,0,0,150,0,179,1.2,0,5,0,14652,0
2026-05-07,In-App Display,Family Pantry Retention Initiative,Metro Region Loyalty Cohort,86057605,Health Conscious Buyers Interest Segment,1317849022166581,Shelf Story Warm Voice,4835139745633214,Brand Awareness,44.61,11138,0,11445,312,42,100,79,51,224,210,0,0,0,0,9,0,433,3.56,0,1,0,9900,0
2026-05-07,Connected TV,Home Essentials Promo Initiative,Metro Region Loyalty Cohort,86057605,Health Conscious Buyers Interest Segment,1547932434152739,Shelf Story Bold Voice,1607803194966386,Catalog Engagement,0,0,0,0,0,0,0,0,0,0,0,0,0,0,0,0,0,0,0,0,0,0,0,0
2026-05-07,Retail Media Network,Home Essentials Promo Initiative,Metro Region Loyalty Cohort,86057605,Family Planners Lookalike Segment,1651621344407030,Shelf Story Bold Voice,1041287863438891,Catalog Engagement,0,0,0,0,0,0,0,0,0,0,0,0,0,0,0,0,0,0,0,0,0,0,0,0
2026-05-06,Connected TV,Family Pantry Retention Initiative,Metro Region Loyalty Cohort,86057605,Health Conscious Buyers Interest Segment,2521243424639338,Price Drop Cut Direct Voice,1418260482152184,Catalog Engagement,21.95,5743,0,7107,13,100,100,100,100,743,552,0,0,0,0,89,0,102,1.45,1,3,0,6556,0
2026-05-06,Retail Media Network,Family Pantry Retention Initiative,Metro Region Loyalty Cohort,86057605,Health Conscious Buyers Retention Segment,3498408274906447,Shelf Story Warm Voice,8734198326451158,Brand Awareness,6.94,726,0,691,44,6,20,11,7,52,42,0,0,0,0,1,0,85,9.5,0,0,0,814,0
2026-05-06,Video Network,Home Essentials Promo Initiative,Metro Region Loyalty Cohort,86057605,Health Conscious Buyers Interest Segment,1547932434152739,Shelf Story Bold Voice,1607803194966386,Catalog Engagement,0,0,0,0,0,0,0,0,0,0,0,0,0,0,0,0,0,0,0,0,0,0,0,0
2026-05-06,Connected TV,Family Pantry Retention Initiative,Metro Region Loyalty Cohort,86057605,Family Planners Lookalike Segment,1541980607257120,Shelf Story Warm Voice,1227821280716912,Brand Awareness,47.4,17066,0,14694,289,39,100,93,55,270,245,0,0,0,0,14,0,441,2.81,0,4,0,16062,0
2026-05-06,Influencer Network,Smart Choice Impact Initiative,Central Region Loyalty Cohort,86057605,Health Conscious Buyers Retention Segment,4689140768019905,Offer Spotlight Friendly Voice,6565476888405014,Catalog Engagement,0,0,0,0,0,0,0,0,0,0,0,0,0,0,0,0,0,0,0,0,0,0,0,0
2026-05-06,Social Feed,Family Pantry Retention Initiative,Metro Region Loyalty Cohort,86057605,Family Planners Lookalike Segment,5788351582095512,Price Drop Cut Direct Voice,2231082661113394,Catalog Engagement,52.57,17970,0,16284,64,100,100,100,100,1590,1457,0,0,0,0,113,0,177,0.91,2,6,0,18173,0
2026-05-06,Affiliate Network,Family Pantry Retention Initiative,Central Region Loyalty Cohort,86057605,Health Conscious Buyers Retention Segment,1330727324422624,Price Drop Cut Direct Voice,1461772519148197,Catalog Engagement,0,0,0,0,0,0,0,0,0,0,0,0,0,0,0,0,0,0,0,0,0,0,0,0
2026-05-06,Display Network,Family Pantry Retention Initiative,Metro Region Prospecting Cohort,86057605,Health Conscious Buyers Affinity Segment,1135622965987651,Price Drop Cut Direct Voice,1376321213572515,Brand Awareness,0,0,0,0,0,0,0,0,0,0,0,0,0,0,0,0,0,0,0,0,0,0,0,0
2026-05-06,Search Network,Home Essentials Promo Initiative,Metro Region Loyalty Cohort,86057605,Family Planners Lookalike Segment,1651621344407030,Shelf Story Bold Voice,1041287863438891,Catalog Engagement,0,0,0,0,0,0,0,0,0,0,0,0,0,0,0,0,0,0,0,0,0,0,0,0
2026-05-06,Discovery Network,Family Pantry Retention Initiative,Metro Region Conversion Cohort,38881639,Family Planners Lookalike Segment,1010331617086390,Shelf Story Warm Voice,1022962676348579,Brand Awareness,0,0,0,0,0,0,0,0,0,0,0,0,0,0,0,0,0,0,0,0,0,0,0,0
2026-05-06,Marketplace Feed,Family Pantry Retention Initiative,Metro Region Loyalty Cohort,86057605,Health Conscious Buyers Retention Segment,1603182424569070,Price Drop Cut Direct Voice,3556898576481294,Catalog Engagement,1.71,474,0,491,2,30,100,94,55,38,41,0,0,0,0,11,0,11,2.5,0,1,0,436,0
2026-05-06,Video Network,Home Essentials Promo Initiative,Metro Region Loyalty Cohort,86057605,Health Conscious Buyers Retention Segment,1018813487171322,Shelf Story Bold Voice,1511733591384906,Catalog Engagement,0,0,0,0,0,0,0,0,0,0,0,0,0,0,0,0,0,0,0,0,0,0,0,0
2026-05-06,Display Network,Family Pantry Retention Initiative,Metro Region Loyalty Cohort,86057605,Health Conscious Buyers Interest Segment,1317849022166581,Shelf Story Warm Voice,4835139745633214,Brand Awareness,45.62,11616,0,13129,323,43,100,94,56,311,242,0,0,0,0,6,0,439,3.73,0,0,0,12645,0
2026-05-05,Influencer Network,Family Pantry Retention Initiative,Metro Region Prospecting Cohort,86057605,Health Conscious Buyers Interest Segment,4038732375076011,Price Drop Cut Value Voice,5368036527923125,Brand Awareness,0,0,0,0,0,0,0,0,0,0,0,0,0,0,0,0,0,0,0,0,0,0,0,0
2026-05-05,Shopping Grid,Family Pantry Retention Initiative,Metro Region Conversion Cohort,38881639,Family Planners Lookalike Segment,1010331617086390,Shelf Story Warm Voice,1022962676348579,Brand Awareness,0,0,0,0,0,0,0,0,0,0,0,0,0,0,0,0,0,0,0,0,0,0,0,0
2026-05-05,Retail Media Network,Family Pantry Retention Initiative,Metro Region Loyalty Cohort,86057605,Health Conscious Buyers Retention Segment,3498408274906447,Shelf Story Warm Voice,8734198326451158,Brand Awareness,6.41,647,0,662,35,3,20,9,4,38,33,0,0,0,0,0,0,47,6.5,0,0,0,652,0
2026-05-05,Influencer Network,Home Essentials Promo Initiative,Metro Region Loyalty Cohort,38881639,Family Planners Lookalike Segment,8962004814279482,Shelf Story Value Voice,1020691786654074,Brand Awareness,0,0,0,0,0,0,0,0,0,0,0,0,0,0,0,0,0,0,0,0,0,0,0,0
2026-05-05,Marketplace Feed,Family Pantry Retention Initiative,Metro Region Loyalty Cohort,86057605,Family Planners Lookalike Segment,1541980607257120,Shelf Story Warm Voice,1227821280716912,Brand Awareness,62.64,24173,0,20069,425,65,100,100,78,441,325,0,0,0,0,35,0,698,2.57,0,4,0,19760,0
2026-05-05,Social Feed,Home Essentials Promo Initiative,Metro Region Loyalty Cohort,86057605,Health Conscious Buyers Retention Segment,1018813487171322,Shelf Story Bold Voice,1511733591384906,Catalog Engagement,1.54,306,0,330,0,31,100,74,47,37,33,0,0,0,0,2,0,3,0.9,0,0,0,318,0
2026-05-05,Connected TV,Home Essentials Promo Initiative,Metro Region Loyalty Cohort,86057605,Health Conscious Buyers Interest Segment,1547932434152739,Shelf Story Bold Voice,1607803194966386,Catalog Engagement,46.84,9041,0,9562,26,100,100,100,100,1053,913,0,0,0,0,47,0,63,0.56,0,4,0,10017,0
2026-05-05,Discovery Network,Home Essentials Promo Initiative,Metro Region Loyalty Cohort,86057605,Family Planners Lookalike Segment,1651621344407030,Shelf Story Bold Voice,1041287863438891,Catalog Engagement,83.74,16276,0,18531,54,100,100,100,100,1428,1407,0,0,2,0,70,0,114,0.76,3,6,0,15483,0
2026-05-05,Display Network,Family Pantry Retention Initiative,Metro Region Loyalty Cohort,86057605,Health Conscious Buyers Interest Segment,1317849022166581,Shelf Story Warm Voice,4835139745633214,Brand Awareness,41.67,9842,0,8655,234,28,100,63,41,227,185,0,0,0,0,9,0,378,3.40,0,2,0,8622,0
2026-05-04,Video Network,Family Pantry Retention Initiative,Metro Region Loyalty Cohort,86057605,Health Conscious Buyers Interest Segment,1317849022166581,Shelf Story Warm Voice,4835139745633214,Brand Awareness,36.64,7550,0,5994,217,12,92,37,18,182,171,0,0,0,0,2,0,364,4.74,0,2,0,6792,0
2026-05-04,Affiliate Network,Home Essentials Promo Initiative,Metro Region Loyalty Cohort,86057605,Health Conscious Buyers Interest Segment,1547932434152739,Shelf Story Bold Voice,1607803194966386,Catalog Engagement,44.71,13699,0,12620,32,100,100,100,100,1116,824,0,0,0,0,55,0,84,0.62,0,4,0,11166,0
2026-05-04,Marketplace Feed,Home Essentials Promo Initiative,Metro Region Loyalty Cohort,86057605,Family Planners Lookalike Segment,1651621344407030,Shelf Story Bold Voice,1041287863438891,Catalog Engagement,103.11,26875,0,24574,87,100,100,100,100,2571,1855,0,0,0,0,105,0,200,0.78,0,5,0,22335,0
2026-05-04,In-App Display,Family Pantry Retention Initiative,Metro Region Loyalty Cohort,86057605,Health Conscious Buyers Retention Segment,3498408274906447,Shelf Story Warm Voice,8734198326451158,Brand Awareness,4.63,641,0,621,26,1,12,7,2,27,23,0,0,0,0,0,0,38,5.17,0,0,0,581,0
2026-05-04,Discovery Network,Home Essentials Scale Initiative,Metro Region Prospecting Cohort,86057605,Family Planners Interest Segment,2052479131570920,Shelf Story Warm Voice,8866144267684809,Brand Awareness,0,0,0,0,0,0,0,0,0,0,0,0,0,0,0,0,0,0,0,0,0,0,0,0
2026-05-04,Retail Media Network,Family Pantry Retention Initiative,Metro Region Conversion Cohort,38881639,Family Planners Lookalike Segment,1010331617086390,Shelf Story Warm Voice,1022962676348579,Brand Awareness,0,0,0,0,0,0,0,0,0,0,0,0,0,0,0,0,0,0,0,0,0,0,0,0
2026-05-04,Social Feed,Home Essentials Promo Initiative,Metro Region Conversion Cohort,44948390,Quick Refill Buyers Retention Segment,1899712342036110,Shelf Story Warm Voice,8585579191193727,Brand Awareness,0,0,0,0,0,0,0,0,0,0,0,0,0,0,0,0,0,0,0,0,0,0,0,0
2026-05-04,Influencer Network,Home Essentials Scale Initiative,Metro Region Prospecting Cohort,86057605,Family Planners Interest Segment,2052479131570920,Shelf Story Warm Voice,1453411941100364,Brand Awareness,0,0,0,0,0,0,0,0,0,0,0,0,0,0,0,0,0,0,0,0,0,0,0,0
2026-05-04,Connected TV,Home Essentials Promo Initiative,Metro Region Loyalty Cohort,86057605,Health Conscious Buyers Retention Segment,1018813487171322,Shelf Story Bold Voice,1511733591384906,Catalog Engagement,1.07,247,0,289,0,22,100,60,43,30,22,0,0,0,0,0,0,0,0,0,0,0,245,0
2026-05-04,Shopping Grid,Smart Choice Impact Initiative,Central Region Loyalty Cohort,44948390,Family Planners Interest Segment,4141466458949862,Shelf Story Bold Voice,1119693786488421,Brand Awareness,0,0,0,0,0,0,0,0,0,0,0,0,0,0,0,0,0,0,0,0,0,0,0,0
2026-05-04,Connected TV,Home Essentials Scale Initiative,Central Region Loyalty Cohort,86057605,Family Planners Interest Segment,1350970894496714,Price Drop Cut Direct Voice,1524894842862814,Brand Awareness,0,0,0,0,0,0,0,0,0,0,0,0,0,0,0,0,0,0,0,0,0,0,0,0
2026-05-04,Shopping Grid,Home Essentials Promo Initiative,Metro Region Loyalty Cohort,38881639,Family Planners Lookalike Segment,8962004814279482,Shelf Story Value Voice,1020691786654074,Brand Awareness,0,0,0,0,0,0,0,0,0,0,0,0,0,0,0,0,0,0,0,0,0,0,0,0
2026-05-04,In-App Display,Family Pantry Retention Initiative,Metro Region Loyalty Cohort,86057605,Family Planners Lookalike Segment,1541980607257120,Shelf Story Warm Voice,1227821280716912,Brand Awareness,72.43,23672,0,19480,474,50,100,100,72,367,312,0,0,0,0,24,0,638,3.10,0,1,0,19969,0
2026-05-03,Shopping Grid,Family Pantry Retention Initiative,Metro Region Loyalty Cohort,86057605,Health Conscious Buyers Retention Segment,3498408274906447,Shelf Story Warm Voice,8734198326451158,Brand Awareness,2.05,715,0,689,16,0,8,2,0,13,11,0,0,0,0,0,0,26,2.94,0,0,0,692,0
2026-05-03,Influencer Network,Home Essentials Scale Initiative,Metro Region Loyalty Cohort,86057605,Weekend Deal Hunters Interest Segment,1459448327666023,Product Reel Bold Voice,1341726046078307,Brand Awareness,0,0,0,0,0,0,0,0,0,0,0,0,0,0,0,0,0,0,0,0,0,0,0,0
2026-05-03,In-App Display,Family Pantry Retention Initiative,Metro Region Loyalty Cohort,86057605,Family Planners Lookalike Segment,1541980607257120,Shelf Story Warm Voice,1227821280716912,Brand Awareness,82.5,26247,0,22661,617,55,100,100,69,403,325,0,0,0,0,18,0,807,3.32,0,6,0,25525,0
2026-05-03,Social Feed,Home Essentials Promo Initiative,Metro Region Loyalty Cohort,86057605,Health Conscious Buyers Retention Segment,1018813487171322,Shelf Story Bold Voice,1511733591384906,Catalog Engagement,3.65,765,0,778,3,74,100,100,100,101,81,0,0,0,0,5,0,6,0.8,0,0,0,610,0
2026-05-03,Discovery Network,Family Pantry Retention Initiative,Metro Region Conversion Cohort,38881639,Family Planners Lookalike Segment,1010331617086390,Shelf Story Warm Voice,1022962676348579,Brand Awareness,0,0,0,0,0,0,0,0,0,0,0,0,0,0,0,0,0,0,0,0,0,0,0,0
2026-05-03,Influencer Network,Home Essentials Scale Initiative,Metro Region Prospecting Cohort,86057605,Family Planners Interest Segment,2052479131570920,Shelf Story Warm Voice,8866144267684809,Brand Awareness,0,0,0,0,0,0,0,0,0,0,0,0,0,0,0,0,0,0,0,0,0,0,0,0
2026-05-03,Influencer Network,Home Essentials Promo Initiative,Metro Region Loyalty Cohort,86057605,Health Conscious Buyers Interest Segment,1547932434152739,Shelf Story Bold Voice,1607803194966386,Catalog Engagement,54.75,16183,0,15306,48,100,100,100,100,1254,1070,0,0,0,0,92,0,122,0.70,0,2,0,18077,0
2026-05-03,In-App Display,Family Pantry Retention Initiative,Metro Region Loyalty Cohort,86057605,Health Conscious Buyers Interest Segment,1317849022166581,Shelf Story Warm Voice,4835139745633214,Brand Awareness,38.80,11379,0,8943,256,29,100,61,36,257,219,0,0,0,0,11,0,394,4.16,0,0,0,9100,0
2026-05-03,Search Network,Home Essentials Promo Initiative,Metro Region Loyalty Cohort,86057605,Family Planners Lookalike Segment,1651621344407030,Shelf Story Bold Voice,1041287863438891,Catalog Engagement,101.0,27454,0,28105,117,100,100,100,100,2530,1888,0,0,1,0,159,0,229,0.91,0,6,0,25559,0
2026-05-03,Display Network,Home Essentials Scale Initiative,Metro Region Prospecting Cohort,86057605,Family Planners Interest Segment,2052479131570920,Shelf Story Bold Voice,1642534966349722,Brand Awareness,0,0,0,0,0,0,0,0,0,0,0,0,0,0,0,0,0,0,0,0,0,0,0,0
2026-05-02,In-App Display,Family Pantry Retention Initiative,Metro Region Prospecting Cohort,86057605,Health Conscious Buyers Interest Segment,4038732375076011,Shelf Story Bold Voice,5252167376816900,Brand Awareness,0,0,0,0,0,0,0,0,0,0,0,0,0,0,0,0,0,0,0,0,0,0,0,0
2026-05-02,Marketplace Feed,Family Pantry Retention Initiative,Metro Region Loyalty Cohort,86057605,Health Conscious Buyers Interest Segment,1317849022166581,Shelf Story Warm Voice,4835139745633214,Brand Awareness,41.50,13232,0,11239,296,28,100,55,33,254,191,0,0,0,0,3,0,408,3.05,0,2,0,13763,0
2026-05-02,Video Network,Family Pantry Retention Initiative,Metro Region Conversion Cohort,38881639,Family Planners Lookalike Segment,1010331617086390,Shelf Story Warm Voice,1022962676348579,Brand Awareness,0,0,0,0,0,0,0,0,0,0,0,0,0,0,0,0,0,0,0,0,0,0,0,0
2026-05-02,Influencer Network,Family Pantry Retention Initiative,Metro Region Loyalty Cohort,86057605,Family Planners Lookalike Segment,1541980607257120,Shelf Story Warm Voice,1227821280716912,Brand Awareness,65.37,19078,0,16467,514,42,100,100,52,361,344,0,0,0,0,14,0,687,3.82,0,3,0,18207,0
2026-05-02,Social Feed,Home Essentials Promo Initiative,Metro Region Loyalty Cohort,86057605,Family Planners Lookalike Segment,1651621344407030,Shelf Story Bold Voice,1041287863438891,Catalog Engagement,102.23,26030,0,24266,81,100,100,100,100,2254,1803,0,0,2,0,165,0,221,1,1,5,0,22116,0
2026-05-02,Display Network,Family Pantry Retention Initiative,Metro Region Prospecting Cohort,86057605,Health Conscious Buyers Interest Segment,4038732375076011,Shelf Story Warm Voice,1588505872211201,Brand Awareness,0,0,0,0,0,0,0,0,0,0,0,0,0,0,0,0,0,0,0,0,0,0,0,0
2026-05-02,Influencer Network,Home Essentials Promo Initiative,Metro Region Loyalty Cohort,86057605,Health Conscious Buyers Retention Segment,1018813487171322,Shelf Story Bold Voice,1511733591384906,Catalog Engagement,3.94,645,0,594,6,84,100,100,100,104,90,0,0,0,0,5,0,8,1.37,0,0,0,532,0
2026-05-02,Display Network,Home Essentials Promo Initiative,Metro Region Loyalty Cohort,86057605,Health Conscious Buyers Interest Segment,1547932434152739,Shelf Story Bold Voice,1607803194966386,Catalog Engagement,49.93,13551,0,13462,52,100,100,100,100,1344,1070,0,0,1,0,92,0,127,0.95,2,2,0,14528,0
2026-05-02,Marketplace Feed,Family Pantry Retention Initiative,Metro Region Loyalty Cohort,86057605,Health Conscious Buyers Retention Segment,3498408274906447,Shelf Story Warm Voice,8734198326451158,Brand Awareness,4.84,500,0,571,35,1,4,2,2,25,19,0,0,0,0,0,0,53,8.29,0,0,0,545,0
2026-05-01,Search Network,Family Pantry Retention Initiative,Metro Region Prospecting Cohort,86057605,Health Conscious Buyers Affinity Segment,1135622965987651,Shelf Story Bold Voice,3741790868443346,Brand Awareness,0,0,0,0,0,0,0,0,0,0,0,0,0,0,0,0,0,0,0,0,0,0,0,0
2026-05-01,Display Network,Weekend Saver Retention Initiative,Metro Region Conversion Cohort,44948390,Family Planners Interest Segment,1394673896902429,Offer Spotlight Warm Voice,2577836288304446,Brand Awareness,0,0,0,0,0,0,0,0,0,0,0,0,0,0,0,0,0,0,0,0,0,0,0,0
2026-05-01,Video Network,Home Essentials Scale Initiative,Metro Region Prospecting Cohort,86057605,Family Planners Interest Segment,2052479131570920,Promo Banner Friendly Voice,7057211523700123,Brand Awareness,0,0,0,0,0,0,0,0,0,0,0,0,0,0,0,0,0,0,0,0,0,0,0,0
2026-05-01,Social Feed,Home Essentials Scale Initiative,Metro Region Prospecting Cohort,86057605,Family Planners Interest Segment,2052479131570920,Price Drop Cut Direct Voice,7324105902810892,Brand Awareness,0,0,0,0,0,0,0,0,0,0,0,0,0,0,0,0,0,0,0,0,0,0,0,0
2026-05-01,Shopping Grid,Family Pantry Retention Initiative,Metro Region Loyalty Cohort,86057605,Health Conscious Buyers Retention Segment,3498408274906447,Shelf Story Warm Voice,8734198326451158,Brand Awareness,3.72,503,0,470,24,1,7,4,4,22,21,0,0,0,0,0,0,39,7.20,0,0,0,462,0
2026-05-01,Search Network,Family Pantry Retention Initiative,Metro Region Loyalty Cohort,86057605,Health Conscious Buyers Interest Segment,1317849022166581,Shelf Story Warm Voice,4835139745633214,Brand Awareness,51.9,13822,0,13797,364,28,100,68,37,297,201,0,0,1,0,9,0,587,3.57,1,0,0,11789,0
2026-05-01,Marketplace Feed,Home Essentials Promo Initiative,Metro Region Loyalty Cohort,86057605,Health Conscious Buyers Retention Segment,1018813487171322,Shelf Story Bold Voice,1511733591384906,Catalog Engagement,2.99,447,0,483,0,64,100,100,83,77,60,0,0,0,0,4,0,4,0.69,0,0,0,398,0
2026-05-01,Influencer Network,Family Pantry Retention Initiative,Metro Region Loyalty Cohort,86057605,Family Planners Lookalike Segment,1541980607257120,Shelf Story Warm Voice,1227821280716912,Brand Awareness,60.06,17250,0,15962,462,46,100,86,54,369,276,0,0,0,0,22,0,730,3.75,0,2,0,17238,0
2026-05-01,Shopping Grid,Home Essentials Scale Initiative,Metro Region Prospecting Cohort,86057605,Family Planners Interest Segment,2052479131570920,Price Drop Cut Value Voice,1337311684616332,Brand Awareness,0,0,0,0,0,0,0,0,0,0,0,0,0,0,0,0,0,0,0,0,0,0,0,0
2026-05-01,Search Network,Family Pantry Retention Initiative,Metro Region Prospecting Cohort,86057605,Health Conscious Buyers Interest Segment,4038732375076011,Shelf Story Warm Voice,9220444258600248,Brand Awareness,0,0,0,0,0,0,0,0,0,0,0,0,0,0,0,0,0,0,0,0,0,0,0,0
2026-05-01,Social Feed,Family Pantry Retention Initiative,Metro Region Prospecting Cohort,86057605,Health Conscious Buyers Affinity Segment,1135622965987651,Shelf Story Warm Voice,7615538610890160,Brand Awareness,0,0,0,0,0,0,0,0,0,0,0,0,0,0,0,0,0,0,0,0,0,0,0,0
2026-05-01,Social Feed,Home Essentials Promo Initiative,Metro Region Loyalty Cohort,38881639,Family Planners Lookalike Segment,8962004814279482,Shelf Story Value Voice,1020691786654074,Brand Awareness,0,0,0,0,0,0,0,0,0,0,0,0,0,0,0,0,0,0,0,0,0,0,0,0
2026-05-01,Video Network,Family Pantry Retention Initiative,Metro Region Conversion Cohort,38881639,Family Planners Lookalike Segment,1010331617086390,Shelf Story Warm Voice,1022962676348579,Brand Awareness,0,0,0,0,0,0,0,0,0,0,0,0,0,0,0,0,0,0,0,0,0,0,0,0
2026-05-01,Marketplace Feed,Home Essentials Scale Initiative,Metro Region Prospecting Cohort,86057605,Family Planners Interest Segment,2052479131570920,Product Reel Warm Voice,1464656530089556,Brand Awareness,0,0,0,0,0,0,0,0,0,0,0,0,0,0,0,0,0,0,0,0,0,0,0,0
2026-05-01,Connected TV,Home Essentials Scale Initiative,Metro Region Prospecting Cohort,86057605,Family Planners Interest Segment,2052479131570920,Product Reel Bold Voice,8230132190292546,Brand Awareness,0,0,0,0,0,0,0,0,0,0,0,0,0,0,0,0,0,0,0,0,0,0,0,0
2026-05-01,Connected TV,Home Essentials Promo Initiative,Metro Region Loyalty Cohort,86057605,Family Planners Lookalike Segment,1651621344407030,Shelf Story Bold Voice,1041287863438891,Catalog Engagement,84.13,21846,0,21998,80,100,100,100,100,1988,1772,0,0,1,0,148,0,236,1.08,1,6,0,19693,0
2026-05-01,Shopping Grid,Home Essentials Promo Initiative,Metro Region Loyalty Cohort,86057605,Health Conscious Buyers Interest Segment,1547932434152739,Shelf Story Bold Voice,1607803194966386,Catalog Engagement,90.88,17823,0,18935,76,100,100,100,100,2128,1619,0,0,0,0,159,0,237,1.11,1,4,0,18828,0
2026-05-01,Social Feed,Home Essentials Scale Initiative,Metro Region Prospecting Cohort,86057605,Family Planners Interest Segment,2052479131570920,Shelf Story Warm Voice,8866144267684809,Brand Awareness,0,0,0,0,0,0,0,0,0,0,0,0,0,0,0,0,0,0,0,0,0,0,0,0
