DATE,PLATFORM,CAMPAIGN_NAME,CAMPAIGN_GROUP,CAMPAIGN_ID,ADSET_NAME,ADSET_ID,AD_NAME,AD_ID,OBJECTIVE,AMOUNT_SPENT,IMPRESSIONS,CONVERSIONS,REACH,CLICKS,VIDEO_PLAYS_AT_100,VIDEO_PLAYS_AT_25,VIDEO_PLAYS_AT_50,VIDEO_PLAYS_AT_75,FOCUSSED_VIEW_15SEC,VIDEO_VIEWS,VIDEO_THRUPLAY,VIDEO_PLAY_ACTIONS,COMMENTS,LEADS,LIKES,LINK_CLICKS,ENGAGEMENT,ENGAGEMENT_RATE,SHARES,FOLLOWS,VIEW_THROUGH_CONVERSION,VIDEO_STARTS,PURCHASE
2026-07-22,Discovery Network,Family Pantry Retention Initiative,South Region Loyalty Cohort,33983082585,Family Planners Affinity Segment,148777056069,Shelf Story Bold Voice,693603098421,Brand Awareness,14.704897,1763,0,0,3,2.31,3.5419,2.8500,2.0981,0,1059,0,0,0,0,0,0,1135,2.6687,0,0,0,0,0
2026-07-22,In-App Display,Family Pantry Retention Initiative,South Region Loyalty Cohort,33983082585,Family Planners Lookalike Segment,146812989016,Shelf Story Bold Voice,144013049376,Brand Awareness,144.41592,32692,0,0,36,3.8979,7.1959,5.0424,3.539,0,17469,0,0,0,0,0,0,19023,5.0188,0,0,0,0,0
2026-07-22,Video Network,Home Essentials Promo Initiative,South Region Loyalty Cohort,13400058075,Quick Refill Buyers Retention Segment,144570312496,Shelf Story Warm Voice,774554124848,Brand Awareness,105.76194,17466,0,0,24,3.4450,6.7668,4.1367,3.2745,0,11592,0,0,0,0,0,0,11385,4.287,0,0,0,0,0
2026-07-22,Display Network,Home Essentials Promo Initiative,South Region Loyalty Cohort,13400058075,Family Planners Affinity Segment,730187392112,Shelf Story Warm Voice,102393688314,Brand Awareness,9.480842,958,0,0,0,2.5019,4.3497,2.939,2.7974,0,717,0,0,0,0,0,0,766,2.631,0,0,0,0,0
2026-07-22,Influencer Network,Family Pantry Retention Initiative,South Region Loyalty Cohort,33983082585,Quick Refill Buyers Retention Segment,951272069769,Shelf Story Bold Voice,156913134685,Brand Awareness,89.862625,16845,0,0,21,4.7731,6.7470,4.4282,4.6710,0,11020,0,0,0,0,0,0,12451,5.2394,0,0,0,0,0
2026-07-22,Affiliate Network,Home Essentials Promo Initiative,South Region Loyalty Cohort,13400058075,Family Planners Lookalike Segment,151748144487,Shelf Story Warm Voice,676634372206,Brand Awareness,107.563463,23570,0,0,27,4.5317,6.6656,4.2579,4.469,0,12845,0,0,0,0,0,0,13061,4.8931,0,0,0,0,0
2026-07-21,Video Network,Home Essentials Promo Initiative,South Region Loyalty Cohort,13400058075,Quick Refill Buyers Retention Segment,144570312496,Shelf Story Warm Voice,774554124848,Brand Awareness,127.660544,28850,0,0,26,3.6459,6.482,4.0363,3.9240,0,20969,0,0,0,0,0,0,22238,5.0357,0,0,0,0,0
2026-07-21,Social Feed,Family Pantry Retention Initiative,South Region Loyalty Cohort,33983082585,Quick Refill Buyers Retention Segment,951272069769,Shelf Story Bold Voice,156913134685,Brand Awareness,109.109690,28506,0,0,39,3.4455,6.5717,4.1381,3.7235,0,14130,0,0,0,0,0,0,15912,4.1244,0,0,0,0,0
2026-07-21,Connected TV,Home Essentials Promo Initiative,South Region Loyalty Cohort,13400058075,Family Planners Affinity Segment,730187392112,Shelf Story Warm Voice,102393688314,Brand Awareness,16.738962,2932,0,0,2,3.5402,4.711,3.8569,3.0930,0,1878,0,0,0,0,0,0,1791,3.6322,0,0,0,0,0
2026-07-21,In-App Display,Home Essentials Promo Initiative,South Region Loyalty Cohort,13400058075,Family Planners Lookalike Segment,151748144487,Shelf Story Warm Voice,676634372206,Brand Awareness,85.918543,21408,0,0,19,3.4456,6.1266,4.1808,3.4380,0,10682,0,0,0,0,0,0,12243,4.4125,0,0,0,0,0
2026-07-21,Discovery Network,Family Pantry Retention Initiative,South Region Loyalty Cohort,33983082585,Family Planners Affinity Segment,148777056069,Shelf Story Bold Voice,693603098421,Brand Awareness,12.93176,1447,0,0,0,2.3096,3.2394,2.3329,1.9562,0,899,0,0,0,0,0,0,1020,2.4232,0,0,0,0,0
2026-07-21,Display Network,Family Pantry Retention Initiative,South Region Loyalty Cohort,33983082585,Family Planners Lookalike Segment,146812989016,Shelf Story Bold Voice,144013049376,Brand Awareness,125.571015,22793,0,0,33,3.4520,7.1080,4.5233,3.567,0,11064,0,0,0,0,0,0,12932,4.2093,0,0,0,0,0
2026-07-20,Affiliate Network,Family Pantry Retention Initiative,South Region Loyalty Cohort,33983082585,Quick Refill Buyers Retention Segment,951272069769,Shelf Story Bold Voice,156913134685,Brand Awareness,124.57504,23647,0,0,33,3.5872,6.2570,3.980,3.7163,0,14397,0,0,0,0,0,0,16513,4.5371,0,0,0,0,0
2026-07-20,Retail Media Network,Family Pantry Retention Initiative,South Region Loyalty Cohort,33983082585,Family Planners Affinity Segment,148777056069,Shelf Story Bold Voice,693603098421,Brand Awareness,16.505487,1109,0,0,0,2.455,4.0805,2.4097,2.6412,0,725,0,0,0,0,0,0,852,2.651,0,0,0,0,0
2026-07-20,Social Feed,Home Essentials Promo Initiative,South Region Loyalty Cohort,13400058075,Quick Refill Buyers Retention Segment,144570312496,Shelf Story Warm Voice,774554124848,Brand Awareness,91.111962,20001,0,0,23,3.6059,7.2659,4.0565,3.3141,0,13113,0,0,0,0,0,0,13356,4.2960,0,0,0,0,0
2026-07-20,Discovery Network,Family Pantry Retention Initiative,South Region Loyalty Cohort,33983082585,Family Planners Lookalike Segment,146812989016,Shelf Story Bold Voice,144013049376,Brand Awareness,116.382950,22720,0,0,30,4.0764,6.4571,4.3084,3.8130,0,10873,0,0,0,0,0,0,13852,4.6641,0,0,0,0,0
2026-07-20,Influencer Network,Home Essentials Promo Initiative,South Region Loyalty Cohort,13400058075,Family Planners Lookalike Segment,151748144487,Shelf Story Warm Voice,676634372206,Brand Awareness,133.407429,28305,1,0,40,4.3388,6.5055,4.3618,3.8363,0,17721,0,0,0,0,0,0,17759,5.2479,0,0,0,0,0
2026-07-20,Discovery Network,Home Essentials Promo Initiative,South Region Loyalty Cohort,13400058075,Family Planners Affinity Segment,730187392112,Shelf Story Warm Voice,102393688314,Brand Awareness,17.929266,2842,0,0,0,2.978,5.2719,3.6994,3.3054,0,1696,0,0,0,0,0,0,2068,3.2874,0,0,0,0,0
2026-07-19,Connected TV,Home Essentials Promo Initiative,South Region Loyalty Cohort,13400058075,Family Planners Lookalike Segment,151748144487,Shelf Story Warm Voice,676634372206,Brand Awareness,101.322427,21375,1,0,39,3.6201,6.4216,4.5863,3.4456,0,10029,0,0,0,0,0,0,12511,4.0383,0,0,0,0,0
2026-07-19,Influencer Network,Family Pantry Retention Initiative,South Region Loyalty Cohort,33983082585,Quick Refill Buyers Retention Segment,951272069769,Shelf Story Bold Voice,156913134685,Brand Awareness,115.584536,28158,1,0,32,3.7087,6.4921,4.7924,3.68,0,15518,0,0,0,0,0,0,17631,4.8819,0,0,0,0,0
2026-07-19,Social Feed,Family Pantry Retention Initiative,South Region Loyalty Cohort,33983082585,Family Planners Lookalike Segment,146812989016,Shelf Story Bold Voice,144013049376,Brand Awareness,94.622222,18859,0,0,17,4.2104,6.5826,4.0515,3.6467,0,13090,0,0,0,0,0,0,13065,4.3109,0,0,0,0,0
2026-07-19,Shopping Grid,Home Essentials Promo Initiative,South Region Loyalty Cohort,13400058075,Family Planners Affinity Segment,730187392112,Shelf Story Warm Voice,102393688314,Brand Awareness,26.789452,3495,0,0,0,2.3788,3.852,2.7025,2.1855,0,2467,0,0,0,0,0,0,2301,2.3639,0,0,0,0,0
2026-07-19,Discovery Network,Family Pantry Retention Initiative,South Region Loyalty Cohort,33983082585,Family Planners Affinity Segment,148777056069,Shelf Story Bold Voice,693603098421,Brand Awareness,14.872221,1588,0,0,4,2.5273,4.0120,2.4343,2.3919,0,852,0,0,0,0,0,0,1036,2.8372,0,0,0,0,0
2026-07-19,Video Network,Home Essentials Promo Initiative,South Region Loyalty Cohort,13400058075,Quick Refill Buyers Retention Segment,144570312496,Shelf Story Warm Voice,774554124848,Brand Awareness,107.88298,24592,0,0,23,3.88,6.6146,4.1770,3.2422,0,14253,0,0,0,0,0,0,14556,4.670,0,0,0,0,0
2026-07-18,Marketplace Feed,Home Essentials Promo Initiative,South Region Loyalty Cohort,13400058075,Family Planners Lookalike Segment,151748144487,Shelf Story Warm Voice,676634372206,Brand Awareness,109.896428,18877,0,0,21,3.6967,6.1148,4.5988,3.6694,0,9810,0,0,0,0,0,0,11772,3.8904,0,0,0,0,0
2026-07-18,Video Network,Family Pantry Retention Initiative,South Region Loyalty Cohort,33983082585,Family Planners Lookalike Segment,146812989016,Shelf Story Bold Voice,144013049376,Brand Awareness,81.760795,14463,1,0,15,3.5954,6.8489,4.8468,4.2715,0,9520,0,0,0,0,0,0,9863,4.2625,0,0,0,0,0
2026-07-18,Connected TV,Family Pantry Retention Initiative,South Region Loyalty Cohort,33983082585,Family Planners Affinity Segment,148777056069,Shelf Story Bold Voice,693603098421,Brand Awareness,3.107432,215,0,0,0,2.060,3.2108,2.6805,2.5171,0,116,0,0,0,0,0,0,140,2.1701,0,0,0,0,0
2026-07-18,In-App Display,Home Essentials Promo Initiative,South Region Loyalty Cohort,13400058075,Family Planners Affinity Segment,730187392112,Shelf Story Warm Voice,102393688314,Brand Awareness,3.718489,511,0,0,0,1.6719,3.246,2.0658,1.7667,0,268,0,0,0,0,0,0,326,1.9858,0,0,0,0,0
2026-07-18,Social Feed,Family Pantry Retention Initiative,South Region Loyalty Cohort,33983082585,Quick Refill Buyers Retention Segment,951272069769,Shelf Story Bold Voice,156913134685,Brand Awareness,130.870188,25112,1,0,30,3.4619,7.2807,4.3128,3.9363,0,15313,0,0,0,0,0,0,14651,4.0447,0,0,0,0,0
2026-07-18,Social Feed,Home Essentials Promo Initiative,South Region Loyalty Cohort,13400058075,Quick Refill Buyers Retention Segment,144570312496,Shelf Story Warm Voice,774554124848,Brand Awareness,116.947432,18099,0,0,22,3.7166,6.1389,3.6025,3.1832,0,9465,0,0,0,0,0,0,11600,3.7387,0,0,0,0,0
2026-07-17,Connected TV,Home Essentials Promo Initiative,South Region Loyalty Cohort,13400058075,Family Planners Affinity Segment,730187392112,Shelf Story Warm Voice,102393688314,Brand Awareness,15.914395,992,0,0,1,1.8956,3.9696,2.1074,2.0099,0,495,0,0,0,0,0,0,673,2.5798,0,0,0,0,0
2026-07-17,Video Network,Family Pantry Retention Initiative,South Region Loyalty Cohort,33983082585,Quick Refill Buyers Retention Segment,951272069769,Shelf Story Bold Voice,156913134685,Brand Awareness,40.466701,2413,0,0,4,4.0617,5.5694,4.2257,3.8664,0,1052,0,0,0,0,0,0,1282,3.4424,0,0,0,0,0
2026-07-17,Connected TV,Home Essentials Promo Initiative,South Region Loyalty Cohort,13400058075,Quick Refill Buyers Retention Segment,144570312496,Shelf Story Warm Voice,774554124848,Brand Awareness,118.276027,6600,0,0,12,3.6812,6.4402,4.528,3.8669,0,4072,0,0,0,0,0,0,5037,3.8451,0,0,0,0,0
2026-07-17,In-App Display,Family Pantry Retention Initiative,South Region Loyalty Cohort,33983082585,Family Planners Lookalike Segment,146812989016,Shelf Story Bold Voice,144013049376,Brand Awareness,33.556060,2280,0,0,1,3.0912,6.4183,3.9916,3.5241,0,1052,0,0,0,0,0,0,1151,4.4675,0,0,0,0,0
2026-07-17,Social Feed,Home Essentials Promo Initiative,South Region Loyalty Cohort,13400058075,Family Planners Lookalike Segment,151748144487,Shelf Story Warm Voice,676634372206,Brand Awareness,82.261864,4784,0,0,8,4.7830,7.0008,4.8168,4.8174,0,2612,0,0,0,0,0,0,3271,4.3502,0,0,0,0,0
2026-07-17,Discovery Network,Family Pantry Retention Initiative,South Region Loyalty Cohort,33983082585,Family Planners Affinity Segment,148777056069,Shelf Story Bold Voice,693603098421,Brand Awareness,5.097014,248,0,0,0,2.36,4.2135,2.7245,2.0606,0,160,0,0,0,0,0,0,184,2.0135,0,0,0,0,0
2026-07-22,Search Network,Home Essentials Promo Initiative,South Region Loyalty Cohort,18477671,Weekend Deal Hunters Interest Segment,130403397731390189,Shelf Story Warm Voice,111086320055323506,Brand Awareness,124.70,13615,0,3947,17,100,100,100,100,0,12344,12779,14951,0,0,0,14,13593,0,0,0,0,0,0
2026-07-22,Video Network,Home Essentials Promo Initiative,South Region Loyalty Cohort,18477671,Health Conscious Buyers Interest Segment,175366825833016208,Shelf Story Warm Voice,134194795709294151,Brand Awareness,104.67,10991,0,3116,15,100,100,100,100,0,9002,8429,10886,0,0,0,11,10041,0,0,0,0,0,0
2026-07-22,Social Feed,Family Pantry Retention Initiative,South Region Loyalty Cohort,18477671,Health Conscious Buyers Interest Segment,704337211110928305,Shelf Story Bold Voice,408515428262166702,Brand Awareness,49.90,4587,0,3444,267,100,100,100,100,0,1874,1608,3985,0,0,0,255,2816,0,0,0,0,0,0
2026-07-22,Discovery Network,Smart Choice Impact Initiative,East Region Conversion Cohort,18477671,Health Conscious Buyers Interest Segment,405750488210350860,Promo Banner Warm Voice,545341656838724666,Brand Awareness,148.75,116757,0,107384,208,0,0,0,0,0,0,0,0,0,0,0,87,111,0,0,0,0,0,0
2026-07-22,Affiliate Network,Smart Choice Impact Initiative,East Region Conversion Cohort,18477671,Family Planners Interest Segment,181839062630415749,Promo Banner Warm Voice,448087514348322622,Brand Awareness,81.12,62665,0,63551,103,0,0,0,0,0,0,0,0,0,0,1,34,46,0,0,0,0,0,0
2026-07-22,Search Network,Family Pantry Retention Initiative,South Region Loyalty Cohort,18477671,Family Planners Interest Segment,141835434266657278,Shelf Story Bold Voice,861805485748054925,Brand Awareness,73.0,7730,0,6892,534,100,100,100,100,0,2054,1803,7446,0,0,0,367,4368,0,0,0,0,0,0
2026-07-22,Affiliate Network,Family Pantry Retention Initiative,South Region Loyalty Cohort,18477671,Weekend Deal Hunters Interest Segment,126647690564662537,Shelf Story Bold Voice,103733240052967262,Brand Awareness,114.56,10484,0,11755,743,100,100,100,100,0,2378,2351,8893,0,0,0,617,5826,0,0,0,0,0,0
2026-07-22,Affiliate Network,Smart Choice Impact Initiative,East Region Conversion Cohort,18477671,Weekend Deal Hunters Interest Segment,121065224964513199,Promo Banner Warm Voice,155740923362381059,Brand Awareness,8.52,6276,0,5449,20,0,0,0,0,0,0,0,0,0,0,0,6,9,0,0,0,0,0,0
2026-07-22,Shopping Grid,Home Essentials Promo Initiative,South Region Loyalty Cohort,18477671,Family Planners Interest Segment,138595170326199080,Shelf Story Warm Voice,165478106040543280,Brand Awareness,0.58,148,0,130,0,66,100,62,57,0,68,59,147,0,0,0,0,106,0,0,0,0,0,0
2026-07-21,Discovery Network,Smart Choice Impact Initiative,East Region Conversion Cohort,18477671,Weekend Deal Hunters Interest Segment,121065224964513199,Promo Banner Warm Voice,155740923362381059,Brand Awareness,12.77,9089,0,9988,36,0,0,0,0,0,0,0,0,0,0,0,13,18,0,0,0,0,0,0
2026-07-21,Discovery Network,Home Essentials Promo Initiative,South Region Loyalty Cohort,18477671,Weekend Deal Hunters Interest Segment,130403397731390189,Shelf Story Warm Voice,111086320055323506,Brand Awareness,138.65,14708,0,5023,11,100,100,100,100,0,12932,11501,13845,0,0,0,11,14031,0,0,0,0,0,0
2026-07-21,Marketplace Feed,Smart Choice Impact Initiative,East Region Conversion Cohort,18477671,Health Conscious Buyers Interest Segment,405750488210350860,Promo Banner Warm Voice,545341656838724666,Brand Awareness,113.78,94332,0,95484,196,0,0,0,0,0,0,0,0,0,0,0,75,86,0,0,0,0,0,0
2026-07-21,Influencer Network,Home Essentials Promo Initiative,South Region Loyalty Cohort,18477671,Health Conscious Buyers Interest Segment,175366825833016208,Shelf Story Warm Voice,134194795709294151,Brand Awareness,96.53,8740,0,3100,10,100,100,100,100,0,9412,8175,10973,0,0,0,8,9727,0,0,0,0,0,0
2026-07-21,Display Network,Home Essentials Promo Initiative,South Region Loyalty Cohort,18477671,Family Planners Interest Segment,138595170326199080,Shelf Story Warm Voice,165478106040543280,Brand Awareness,0.45,197,0,204,0,41,100,61,44,0,55,54,227,0,0,0,0,121,0,0,0,0,0,0
2026-07-21,Shopping Grid,Family Pantry Retention Initiative,South Region Loyalty Cohort,18477671,Weekend Deal Hunters Interest Segment,126647690564662537,Shelf Story Bold Voice,103733240052967262,Brand Awareness,99.40,14773,0,11959,805,100,100,100,100,0,2944,2648,10030,0,0,0,626,5635,0,0,0,0,0,0
2026-07-21,Marketplace Feed,Family Pantry Retention Initiative,South Region Loyalty Cohort,18477671,Health Conscious Buyers Interest Segment,704337211110928305,Shelf Story Bold Voice,408515428262166702,Brand Awareness,39.26,4746,0,3767,236,100,100,100,100,0,2145,1760,4486,0,0,1,195,3349,0,0,0,0,0,0
2026-07-21,Video Network,Family Pantry Retention Initiative,South Region Loyalty Cohort,18477671,Family Planners Interest Segment,141835434266657278,Shelf Story Bold Voice,861805485748054925,Brand Awareness,100.84,13177,0,12473,652,100,100,100,100,0,2021,1924,8730,0,0,0,482,4523,0,0,0,0,0,0
2026-07-21,Discovery Network,Smart Choice Impact Initiative,East Region Conversion Cohort,18477671,Family Planners Interest Segment,181839062630415749,Promo Banner Warm Voice,448087514348322622,Brand Awareness,105.50,86447,0,70945,147,0,0,0,0,0,0,0,0,0,0,0,61,70,0,0,0,0,0,0
2026-07-20,Influencer Network,Family Pantry Retention Initiative,South Region Loyalty Cohort,18477671,Weekend Deal Hunters Interest Segment,126647690564662537,Shelf Story Bold Voice,103733240052967262,Brand Awareness,96.17,15298,0,15332,716,100,100,100,100,0,2918,2343,12180,0,0,0,666,6178,0,0,0,0,0,0
2026-07-20,Affiliate Network,Family Pantry Retention Initiative,South Region Loyalty Cohort,18477671,Family Planners Interest Segment,141835434266657278,Shelf Story Bold Voice,861805485748054925,Brand Awareness,98.81,10785,0,9737,633,100,100,100,100,0,2071,1965,9408,0,0,0,537,4924,0,0,0,0,0,0
2026-07-20,Video Network,Family Pantry Retention Initiative,South Region Loyalty Cohort,18477671,Health Conscious Buyers Interest Segment,704337211110928305,Shelf Story Bold Voice,408515428262166702,Brand Awareness,27.97,4440,0,4085,239,100,100,100,100,0,724,780,3195,0,0,0,200,1741,0,0,0,0,0,0
2026-07-20,Connected TV,Smart Choice Impact Initiative,East Region Conversion Cohort,18477671,Health Conscious Buyers Interest Segment,405750488210350860,Promo Banner Warm Voice,545341656838724666,Brand Awareness,145.21,97493,0,99675,175,0,0,0,0,0,0,0,0,0,0,0,61,82,0,0,0,0,0,0
2026-07-20,Marketplace Feed,Smart Choice Impact Initiative,East Region Conversion Cohort,18477671,Weekend Deal Hunters Interest Segment,121065224964513199,Promo Banner Warm Voice,155740923362381059,Brand Awareness,18.04,13429,0,13319,36,0,0,0,0,0,0,0,0,0,0,0,11,19,0,0,0,0,0,0
2026-07-20,Influencer Network,Smart Choice Impact Initiative,East Region Conversion Cohort,18477671,Family Planners Interest Segment,181839062630415749,Promo Banner Warm Voice,448087514348322622,Brand Awareness,107.70,82371,0,73540,155,0,0,0,0,0,0,0,0,0,0,0,63,65,0,0,0,0,0,0
2026-07-20,Connected TV,Home Essentials Promo Initiative,South Region Loyalty Cohort,18477671,Weekend Deal Hunters Interest Segment,130403397731390189,Shelf Story Warm Voice,111086320055323506,Brand Awareness,227.13,20341,0,7285,59,100,100,100,100,0,19302,18446,21569,0,0,0,40,16978,0,0,0,0,0,0
2026-07-20,Social Feed,Home Essentials Promo Initiative,South Region Loyalty Cohort,18477671,Health Conscious Buyers Interest Segment,175366825833016208,Shelf Story Warm Voice,134194795709294151,Brand Awareness,18.81,2058,0,809,0,100,100,100,100,0,2027,1540,2304,0,0,0,0,1586,0,0,0,0,0,0
2026-07-20,Influencer Network,Home Essentials Promo Initiative,South Region Loyalty Cohort,18477671,Family Planners Interest Segment,138595170326199080,Shelf Story Warm Voice,165478106040543280,Brand Awareness,0.33,112,0,126,0,50,82,53,50,0,47,50,130,0,0,0,0,83,0,0,0,0,0,0
2026-07-19,Search Network,Smart Choice Impact Initiative,East Region Conversion Cohort,18477671,Health Conscious Buyers Interest Segment,405750488210350860,Promo Banner Warm Voice,545341656838724666,Brand Awareness,143.53,96361,0,111679,185,0,0,0,0,0,0,0,0,0,0,0,88,97,0,0,0,0,0,0
2026-07-19,Discovery Network,Smart Choice Impact Initiative,East Region Conversion Cohort,18477671,Weekend Deal Hunters Interest Segment,121065224964513199,Promo Banner Warm Voice,155740923362381059,Brand Awareness,12.26,9091,0,9860,23,0,0,0,0,0,0,0,0,0,0,0,10,12,0,0,0,0,0,0
2026-07-19,In-App Display,Smart Choice Impact Initiative,East Region Conversion Cohort,18477671,Family Planners Interest Segment,181839062630415749,Promo Banner Warm Voice,448087514348322622,Brand Awareness,94.98,71767,0,65691,120,0,0,0,0,0,0,0,0,0,0,0,41,61,0,0,0,0,0,0
2026-07-19,Affiliate Network,Home Essentials Promo Initiative,South Region Loyalty Cohort,18477671,Weekend Deal Hunters Interest Segment,130403397731390189,Shelf Story Warm Voice,111086320055323506,Brand Awareness,176.35,16753,0,5060,30,100,100,100,100,0,14718,13888,14675,0,0,0,25,13381,0,0,0,0,0,0
2026-07-19,Connected TV,Home Essentials Promo Initiative,South Region Loyalty Cohort,18477671,Health Conscious Buyers Interest Segment,175366825833016208,Shelf Story Warm Voice,134194795709294151,Brand Awareness,18.2,1771,0,837,4,100,100,100,100,0,2045,1748,2080,0,0,0,3,1831,0,0,0,0,0,0
2026-07-19,Affiliate Network,Home Essentials Promo Initiative,South Region Loyalty Cohort,18477671,Family Planners Interest Segment,138595170326199080,Shelf Story Warm Voice,165478106040543280,Brand Awareness,0.35,86,0,69,0,35,75,44,35,0,41,44,75,0,0,0,0,59,0,0,0,0,0,0
2026-07-19,In-App Display,Family Pantry Retention Initiative,South Region Loyalty Cohort,18477671,Weekend Deal Hunters Interest Segment,126647690564662537,Shelf Story Bold Voice,103733240052967262,Brand Awareness,107.55,14406,0,12071,737,100,100,100,100,0,2614,2244,11696,0,0,0,647,5998,0,0,0,0,0,0
2026-07-19,Retail Media Network,Family Pantry Retention Initiative,South Region Loyalty Cohort,18477671,Health Conscious Buyers Interest Segment,704337211110928305,Shelf Story Bold Voice,408515428262166702,Brand Awareness,32.58,4174,0,4467,210,100,100,100,100,0,803,662,2927,0,0,0,170,1794,0,0,0,0,0,0
2026-07-19,Social Feed,Family Pantry Retention Initiative,South Region Loyalty Cohort,18477671,Family Planners Interest Segment,141835434266657278,Shelf Story Bold Voice,861805485748054925,Brand Awareness,117.8,15036,0,14031,721,100,100,100,100,0,3033,2484,11312,1,0,0,589,5584,0,0,0,0,0,0
2026-07-18,Search Network,Family Pantry Retention Initiative,South Region Loyalty Cohort,18477671,Health Conscious Buyers Interest Segment,704337211110928305,Shelf Story Bold Voice,408515428262166702,Brand Awareness,23.74,3481,0,3535,158,100,100,100,100,0,879,997,3527,0,0,0,126,1757,0,0,0,0,0,0
2026-07-18,Marketplace Feed,Family Pantry Retention Initiative,South Region Loyalty Cohort,18477671,Family Planners Interest Segment,141835434266657278,Shelf Story Bold Voice,861805485748054925,Brand Awareness,80.11,13903,0,11947,582,100,100,100,100,0,1883,1817,8942,0,0,0,385,4684,0,0,0,0,0,0
2026-07-18,Marketplace Feed,Smart Choice Impact Initiative,East Region Conversion Cohort,18477671,Family Planners Interest Segment,181839062630415749,Promo Banner Warm Voice,448087514348322622,Brand Awareness,115.50,79789,0,77351,136,0,0,0,0,0,0,0,0,0,0,0,49,64,0,0,0,0,0,0
2026-07-18,Display Network,Home Essentials Promo Initiative,South Region Loyalty Cohort,18477671,Weekend Deal Hunters Interest Segment,130403397731390189,Shelf Story Warm Voice,111086320055323506,Brand Awareness,85.38,8465,0,3339,11,100,100,100,100,0,7960,6653,7954,0,0,0,9,7851,0,0,0,0,0,0
2026-07-18,Influencer Network,Home Essentials Promo Initiative,South Region Loyalty Cohort,18477671,Health Conscious Buyers Interest Segment,175366825833016208,Shelf Story Warm Voice,134194795709294151,Brand Awareness,186.40,17724,0,5830,48,100,100,100,100,0,16467,13888,18685,0,0,0,33,14114,0,0,0,0,0,0
2026-07-18,Discovery Network,Smart Choice Impact Initiative,East Region Conversion Cohort,18477671,Health Conscious Buyers Interest Segment,405750488210350860,Promo Banner Warm Voice,545341656838724666,Brand Awareness,139.15,87236,0,89851,155,0,0,0,0,0,0,0,0,0,0,1,54,77,0,0,0,0,0,0
2026-07-18,In-App Display,Home Essentials Promo Initiative,South Region Loyalty Cohort,18477671,Family Planners Interest Segment,138595170326199080,Shelf Story Warm Voice,165478106040543280,Brand Awareness,120.53,8996,0,3499,9,100,100,100,100,0,10477,9413,10421,0,0,0,6,8684,0,0,0,0,0,0
2026-07-18,Shopping Grid,Smart Choice Impact Initiative,East Region Conversion Cohort,18477671,Weekend Deal Hunters Interest Segment,121065224964513199,Promo Banner Warm Voice,155740923362381059,Brand Awareness,16.53,12539,0,11029,31,0,0,0,0,0,0,0,0,0,0,0,9,14,0,0,0,0,0,0
2026-07-18,In-App Display,Family Pantry Retention Initiative,South Region Loyalty Cohort,18477671,Weekend Deal Hunters Interest Segment,126647690564662537,Shelf Story Bold Voice,103733240052967262,Brand Awareness,120.13,16599,0,17916,855,100,100,100,100,0,3646,2943,14936,0,0,0,741,7208,0,0,0,0,0,0
2026-07-17,Display Network,Smart Choice Impact Initiative,East Region Conversion Cohort,18477671,Health Conscious Buyers Interest Segment,405750488210350860,Promo Banner Warm Voice,545341656838724666,Brand Awareness,122.11,95257,0,88981,127,0,0,0,0,0,0,0,0,0,0,0,54,64,0,0,0,0,0,0
2026-07-17,Social Feed,Smart Choice Impact Initiative,East Region Conversion Cohort,18477671,Weekend Deal Hunters Interest Segment,121065224964513199,Promo Banner Warm Voice,155740923362381059,Brand Awareness,13.03,7337,0,7626,19,0,0,0,0,0,0,0,0,0,0,0,10,10,0,0,0,0,0,0
2026-07-17,Social Feed,Home Essentials Promo Initiative,South Region Loyalty Cohort,18477671,Weekend Deal Hunters Interest Segment,130403397731390189,Shelf Story Warm Voice,111086320055323506,Brand Awareness,17.82,3149,0,2186,4,100,100,100,100,0,1448,1270,2743,0,0,0,4,2012,0,0,0,0,0,0
2026-07-17,In-App Display,Home Essentials Promo Initiative,South Region Loyalty Cohort,18477671,Family Planners Interest Segment,138595170326199080,Shelf Story Warm Voice,165478106040543280,Brand Awareness,38.58,3066,0,1341,9,100,100,100,100,0,2388,2283,2639,0,0,0,7,2725,0,0,0,0,0,0
2026-07-17,Influencer Network,Family Pantry Retention Initiative,South Region Loyalty Cohort,18477671,Weekend Deal Hunters Interest Segment,126647690564662537,Shelf Story Bold Voice,103733240052967262,Brand Awareness,29.44,5308,0,5120,301,100,100,100,100,0,452,431,4429,0,0,0,188,1454,0,0,0,0,0,0
2026-07-17,Retail Media Network,Family Pantry Retention Initiative,South Region Loyalty Cohort,18477671,Family Planners Interest Segment,141835434266657278,Shelf Story Bold Voice,861805485748054925,Brand Awareness,72.57,40519,0,17157,726,100,100,100,100,0,1797,1376,29255,0,0,0,428,4415,0,0,0,0,0,0
2026-07-17,In-App Display,Smart Choice Impact Initiative,East Region Conversion Cohort,18477671,Family Planners Interest Segment,181839062630415749,Promo Banner Warm Voice,448087514348322622,Brand Awareness,94.41,56716,0,69705,84,0,0,0,0,0,0,0,0,0,0,0,43,47,0,0,0,0,0,0
2026-07-17,Connected TV,Home Essentials Promo Initiative,South Region Loyalty Cohort,18477671,Health Conscious Buyers Interest Segment,175366825833016208,Shelf Story Warm Voice,134194795709294151,Brand Awareness,68.02,5990,0,3671,30,100,100,100,100,0,3775,3472,5825,0,0,0,20,4249,0,0,0,0,0,0
2026-07-17,In-App Display,Family Pantry Retention Initiative,South Region Loyalty Cohort,18477671,Health Conscious Buyers Interest Segment,704337211110928305,Shelf Story Bold Voice,408515428262166702,Brand Awareness,10.77,3639,0,3648,109,100,100,100,100,0,160,116,1732,0,0,0,76,478,0,0,0,0,0,0
2026-07-16,Social Feed,Smart Choice Impact Initiative,East Region Conversion Cohort,18477671,Family Planners Interest Segment,181839062630415749,Promo Banner Warm Voice,448087514348322622,Brand Awareness,100.95,67801,0,80354,139,0,0,0,0,0,0,0,0,0,0,0,45,66,0,0,0,0,0,0
2026-07-16,Display Network,Smart Choice Impact Initiative,East Region Conversion Cohort,18477671,Health Conscious Buyers Interest Segment,405750488210350860,Promo Banner Warm Voice,545341656838724666,Brand Awareness,135.4,97916,0,106620,149,0,0,0,0,0,0,0,0,0,0,0,59,72,0,0,0,0,0,0
2026-07-16,Search Network,Smart Choice Impact Initiative,East Region Conversion Cohort,18477671,Weekend Deal Hunters Interest Segment,121065224964513199,Promo Banner Warm Voice,155740923362381059,Brand Awareness,11.47,10154,0,10258,33,0,0,0,0,0,0,0,0,0,0,0,13,19,0,0,0,0,0,0
2026-07-15,Shopping Grid,Smart Choice Impact Initiative,East Region Conversion Cohort,18477671,Weekend Deal Hunters Interest Segment,121065224964513199,Promo Banner Warm Voice,155740923362381059,Brand Awareness,11.47,9585,0,9919,22,0,0,0,0,0,0,0,0,0,0,0,9,11,0,0,0,0,0,0
2026-07-15,Discovery Network,Smart Choice Impact Initiative,East Region Conversion Cohort,18477671,Family Planners Interest Segment,181839062630415749,Promo Banner Warm Voice,448087514348322622,Brand Awareness,100.80,80525,0,77579,122,0,0,0,0,0,0,0,0,0,0,0,47,56,0,0,0,0,0,0
2026-07-15,Shopping Grid,Smart Choice Impact Initiative,East Region Conversion Cohort,18477671,Health Conscious Buyers Interest Segment,405750488210350860,Promo Banner Warm Voice,545341656838724666,Brand Awareness,121.07,80890,0,107936,156,0,0,0,0,0,0,0,0,0,0,1,45,68,0,0,0,0,0,0
2026-07-14,Connected TV,Smart Choice Impact Initiative,East Region Conversion Cohort,18477671,Weekend Deal Hunters Interest Segment,121065224964513199,Promo Banner Warm Voice,155740923362381059,Brand Awareness,12.57,12426,0,10859,38,0,0,0,0,0,0,0,0,0,0,0,19,17,0,0,0,0,0,0
2026-07-14,Marketplace Feed,Smart Choice Impact Initiative,East Region Conversion Cohort,18477671,Family Planners Interest Segment,181839062630415749,Promo Banner Warm Voice,448087514348322622,Brand Awareness,147.71,124978,0,105965,256,0,0,0,0,0,0,0,0,0,0,0,132,118,0,0,0,0,0,0
2026-07-14,Connected TV,Smart Choice Impact Initiative,East Region Conversion Cohort,18477671,Health Conscious Buyers Interest Segment,405750488210350860,Promo Banner Warm Voice,545341656838724666,Brand Awareness,98.5,90056,0,81509,156,0,0,0,0,0,0,0,0,0,0,0,84,102,0,0,0,0,0,0
2026-07-13,Affiliate Network,Smart Choice Impact Initiative,East Region Conversion Cohort,18477671,Health Conscious Buyers Interest Segment,405750488210350860,Promo Banner Warm Voice,545341656838724666,Brand Awareness,38.12,34914,0,39471,82,0,0,0,0,0,0,0,0,0,0,0,46,41,0,0,0,0,0,0
2026-07-13,Social Feed,Smart Choice Impact Initiative,East Region Conversion Cohort,18477671,Weekend Deal Hunters Interest Segment,121065224964513199,Promo Banner Warm Voice,155740923362381059,Brand Awareness,8.56,7935,0,9107,32,0,0,0,0,0,0,0,0,0,0,0,20,18,0,0,0,0,0,0
2026-07-13,Connected TV,Smart Choice Impact Initiative,East Region Conversion Cohort,18477671,Family Planners Interest Segment,181839062630415749,Promo Banner Warm Voice,448087514348322622,Brand Awareness,80.23,73680,0,81619,185,0,0,0,0,0,0,0,0,0,0,0,128,106,0,0,0,0,0,0
2026-07-08,Retail Media Network,Home Essentials Promo Initiative,East Region Conversion Cohort,18477671,Health Conscious Buyers Interest Segment,744937521596374624,Offer Spotlight Bold Voice,160997656439243393,Brand Awareness,0,0,0,0,0,0,0,0,0,0,0,0,0,0,0,0,0,0,0,0,0,0,0,0
2026-07-08,Affiliate Network,Home Essentials Promo Initiative,East Region Conversion Cohort,18477671,Family Planners Interest Segment,426460522604668080,Offer Spotlight Bold Voice,961469379678885435,Brand Awareness,0,0,0,0,0,0,0,0,0,0,0,0,0,0,0,0,0,0,0,0,0,0,0,0
2026-07-08,Affiliate Network,Home Essentials Promo Initiative,East Region Conversion Cohort,18477671,Weekend Deal Hunters Interest Segment,512235775188952937,Offer Spotlight Bold Voice,562333462013611341,Brand Awareness,0,0,0,0,0,0,0,0,0,0,0,0,0,0,0,0,0,0,0,0,0,0,0,0
2026-07-07,Retail Media Network,Home Essentials Promo Initiative,East Region Conversion Cohort,18477671,Family Planners Interest Segment,426460522604668080,Offer Spotlight Bold Voice,961469379678885435,Brand Awareness,98.35,75211,0,64727,114,100,100,100,100,0,345,359,59306,0,0,0,32,3867,0,0,0,0,0,0
2026-07-07,Discovery Network,Home Essentials Promo Initiative,East Region Conversion Cohort,18477671,Health Conscious Buyers Interest Segment,744937521596374624,Offer Spotlight Bold Voice,160997656439243393,Brand Awareness,104.36,75642,0,79610,131,100,100,100,100,0,485,370,75715,0,0,0,25,4721,0,0,0,0,0,0
2026-07-07,Connected TV,Home Essentials Promo Initiative,East Region Conversion Cohort,18477671,Weekend Deal Hunters Interest Segment,512235775188952937,Offer Spotlight Bold Voice,562333462013611341,Brand Awareness,7.67,5400,0,6259,10,32,100,87,37,0,28,27,4467,0,0,0,1,337,0,0,0,0,0,0
2026-07-06,Marketplace Feed,Home Essentials Promo Initiative,East Region Conversion Cohort,18477671,Weekend Deal Hunters Interest Segment,512235775188952937,Offer Spotlight Bold Voice,562333462013611341,Brand Awareness,7,5631,0,5289,14,31,100,90,41,0,34,25,4726,0,0,0,3,351,0,0,0,0,0,0
2026-07-06,Retail Media Network,Home Essentials Promo Initiative,East Region Conversion Cohort,18477671,Family Planners Interest Segment,426460522604668080,Offer Spotlight Bold Voice,961469379678885435,Brand Awareness,114.93,76570,0,70536,175,100,100,100,100,0,427,392,69492,0,0,0,35,4636,0,0,0,0,0,0
2026-07-06,Search Network,Home Essentials Promo Initiative,East Region Conversion Cohort,18477671,Health Conscious Buyers Interest Segment,744937521596374624,Offer Spotlight Bold Voice,160997656439243393,Brand Awareness,111.16,91698,0,81713,151,100,100,100,100,0,457,401,71989,0,0,0,17,4300,0,0,0,0,0,0
2026-07-05,Retail Media Network,Home Essentials Promo Initiative,East Region Conversion Cohort,18477671,Family Planners Interest Segment,426460522604668080,Offer Spotlight Bold Voice,961469379678885435,Brand Awareness,99.76,62057,0,73566,132,100,100,100,100,0,377,337,58477,0,0,0,31,3832,0,0,0,0,0,0
2026-07-05,Marketplace Feed,Home Essentials Promo Initiative,East Region Conversion Cohort,18477671,Weekend Deal Hunters Interest Segment,512235775188952937,Offer Spotlight Bold Voice,562333462013611341,Brand Awareness,8.29,6801,0,6493,11,36,100,100,62,0,34,30,4900,0,0,0,2,449,0,0,0,0,0,0
2026-07-05,Marketplace Feed,Home Essentials Promo Initiative,East Region Conversion Cohort,18477671,Health Conscious Buyers Interest Segment,744937521596374624,Offer Spotlight Bold Voice,160997656439243393,Brand Awareness,129.61,91523,0,98223,184,100,100,100,100,0,555,500,74955,1,0,0,32,6331,0,0,0,0,0,0
2026-07-04,Affiliate Network,Home Essentials Promo Initiative,East Region Conversion Cohort,18477671,Family Planners Interest Segment,426460522604668080,Offer Spotlight Bold Voice,961469379678885435,Brand Awareness,71.54,56765,0,46551,137,100,100,100,100,0,346,283,46926,0,0,0,16,3496,0,0,0,0,0,0
2026-07-04,In-App Display,Home Essentials Promo Initiative,East Region Conversion Cohort,18477671,Weekend Deal Hunters Interest Segment,512235775188952937,Offer Spotlight Bold Voice,562333462013611341,Brand Awareness,5.93,4359,0,4073,6,19,100,78,38,0,20,18,3128,0,0,0,0,290,0,0,0,0,0,0
2026-07-04,Marketplace Feed,Home Essentials Promo Initiative,East Region Conversion Cohort,18477671,Health Conscious Buyers Interest Segment,744937521596374624,Offer Spotlight Bold Voice,160997656439243393,Brand Awareness,141.41,98610,0,104298,173,100,100,100,100,0,621,475,95020,0,0,0,44,6358,0,0,0,0,0,0
2026-07-03,Shopping Grid,Home Essentials Promo Initiative,East Region Conversion Cohort,18477671,Health Conscious Buyers Interest Segment,744937521596374624,Offer Spotlight Bold Voice,160997656439243393,Brand Awareness,131.84,84892,0,78094,138,100,100,100,100,0,612,554,85562,0,0,0,32,5018,0,0,0,0,0,0
2026-07-03,Display Network,Home Essentials Promo Initiative,East Region Conversion Cohort,18477671,Family Planners Interest Segment,426460522604668080,Offer Spotlight Bold Voice,961469379678885435,Brand Awareness,84.32,60114,0,56157,123,100,100,100,100,0,418,328,54886,0,0,0,41,3831,0,0,0,0,0,0
2026-07-03,Video Network,Home Essentials Promo Initiative,East Region Conversion Cohort,18477671,Weekend Deal Hunters Interest Segment,512235775188952937,Offer Spotlight Bold Voice,562333462013611341,Brand Awareness,4.39,3332,0,3332,8,19,100,61,27,0,21,20,2784,0,0,0,2,237,0,0,0,0,0,0
2026-07-02,Display Network,Home Essentials Promo Initiative,East Region Conversion Cohort,18477671,Family Planners Interest Segment,426460522604668080,Offer Spotlight Bold Voice,961469379678885435,Brand Awareness,96.21,68028,0,62147,123,100,100,100,100,0,420,381,53780,0,0,0,30,4117,0,0,0,0,0,0
2026-07-02,Video Network,Home Essentials Promo Initiative,East Region Conversion Cohort,18477671,Health Conscious Buyers Interest Segment,744937521596374624,Offer Spotlight Bold Voice,160997656439243393,Brand Awareness,134.74,79846,0,88416,137,100,100,100,100,0,536,498,73491,0,0,0,34,5863,0,0,0,0,0,0
2026-07-02,Discovery Network,Home Essentials Promo Initiative,East Region Conversion Cohort,18477671,Weekend Deal Hunters Interest Segment,512235775188952937,Offer Spotlight Bold Voice,562333462013611341,Brand Awareness,5.47,3192,0,4107,7,24,100,58,35,0,20,17,2527,0,0,0,4,233,0,0,0,0,0,0
2026-07-01,Search Network,Home Essentials Promo Initiative,East Region Conversion Cohort,18477671,Health Conscious Buyers Interest Segment,744937521596374624,Offer Spotlight Bold Voice,160997656439243393,Brand Awareness,116.35,73685,0,76762,148,100,100,100,100,0,408,399,71486,0,0,0,18,5405,0,0,0,0,0,0
2026-07-01,Discovery Network,Home Essentials Promo Initiative,East Region Conversion Cohort,18477671,Weekend Deal Hunters Interest Segment,512235775188952937,Offer Spotlight Bold Voice,562333462013611341,Brand Awareness,4.32,3543,0,3575,11,19,100,67,28,0,19,20,2597,0,0,0,2,197,0,0,0,0,0,0
2026-07-01,In-App Display,Home Essentials Promo Initiative,East Region Conversion Cohort,18477671,Family Planners Interest Segment,426460522604668080,Offer Spotlight Bold Voice,961469379678885435,Brand Awareness,100.58,76072,0,85918,160,100,100,100,100,0,457,383,66235,0,0,0,28,4860,0,0,0,0,0,0
2026-07-22,Marketplace Feed,Seasonal Select Promo Initiative,Metro Region Loyalty Cohort,15908997,Health Conscious Buyers Interest Segment,9636976462621540,Price Drop Cut Value Voice,1145727121527841,Brand Awareness,82.48,15878,0,20720,31,100,100,100,100,470,389,0,0,1,0,46,0,94,0.40,1,2,0,17914,0
2026-07-22,Display Network,Seasonal Select Promo Initiative,Metro Region Loyalty Cohort,15908997,Health Conscious Buyers Retention Segment,6945709324023795,Shelf Story Warm Voice,4178078534064285,Brand Awareness,9.42,2132,0,1900,5,44,100,67,49,85,83,0,0,0,0,3,0,8,0.47,0,0,0,1655,0
2026-07-22,In-App Display,Seasonal Select Promo Initiative,Metro Region Loyalty Cohort,15908997,Health Conscious Buyers Retention Segment,6945709324023795,Offer Spotlight Bold Voice,1942492104880454,Brand Awareness,8.3,1598,0,1844,1,41,100,75,46,46,47,0,0,0,0,5,0,7,0.40,0,1,0,1759,0
2026-07-22,Video Network,Seasonal Select Promo Initiative,Metro Region Loyalty Cohort,15908997,Health Conscious Buyers Retention Segment,6945709324023795,Price Drop Cut Value Voice,1540225504199059,Brand Awareness,11.22,1883,0,2435,2,49,100,100,67,55,57,0,0,0,0,5,0,7,0.32,0,0,0,1901,0
2026-07-22,In-App Display,Market Fresh Demand Initiative,Metro Region Loyalty Cohort,15908997,Health Conscious Buyers Affinity Segment,7030806053055339,Shelf Story Warm Voice,9326714968149692,Brand Awareness,152.8,21793,0,20982,45,100,100,100,100,1383,1173,0,0,0,0,59,0,99,0.47,0,6,0,23367,0
2026-07-22,Marketplace Feed,Seasonal Select Promo Initiative,Metro Region Loyalty Cohort,15908997,Family Planners Lookalike Segment,1435940547903710,Collection Showcase Warm Voice,4477978810320029,Brand Awareness,46.56,5260,0,6282,13,100,100,100,100,294,252,0,0,0,0,92,0,74,1.36,0,1,0,6080,0
2026-07-22,Retail Media Network,Seasonal Select Promo Initiative,Metro Region Loyalty Cohort,15908997,Family Planners Lookalike Segment,1435940547903710,Offer Spotlight Bold Voice,1312967392719179,Brand Awareness,61.77,8124,0,7927,12,100,100,100,100,511,435,0,0,0,0,10,0,23,0.2,0,0,0,6970,0
2026-07-22,Retail Media Network,Seasonal Select Promo Initiative,Metro Region Loyalty Cohort,15908997,Health Conscious Buyers Retention Segment,6945709324023795,Offer Spotlight Bold Voice,5813346492289368,Brand Awareness,19.94,3069,0,2732,13,89,100,100,100,383,308,0,0,0,0,22,0,31,0.97,0,1,0,3205,0
2026-07-22,Discovery Network,Market Fresh Demand Initiative,Metro Region Loyalty Cohort,15908997,Health Conscious Buyers Affinity Segment,7030806053055339,Offer Spotlight Bold Voice,7816991454234970,Brand Awareness,421.38,60579,0,62734,297,100,100,100,100,8761,6040,0,0,0,0,353,0,564,0.87,2,15,0,52275,0
2026-07-22,In-App Display,Seasonal Select Promo Initiative,Metro Region Loyalty Cohort,15908997,Health Conscious Buyers Interest Segment,9636976462621540,Offer Spotlight Friendly Voice,1451736217985844,Brand Awareness,52.57,6225,0,6915,26,100,100,100,100,349,292,0,0,0,0,21,0,38,0.58,0,1,0,6796,0
2026-07-22,In-App Display,Seasonal Select Promo Initiative,Metro Region Loyalty Cohort,15908997,Health Conscious Buyers Retention Segment,6945709324023795,Collection Showcase Warm Voice,1145521054891308,Brand Awareness,7.42,1221,0,1444,2,24,86,43,24,37,29,0,0,0,0,6,0,8,0.51,0,0,0,1365,0
2026-07-22,In-App Display,Seasonal Select Promo Initiative,Metro Region Loyalty Cohort,15908997,Health Conscious Buyers Retention Segment,6945709324023795,Promo Banner Friendly Voice,1228492131723428,Brand Awareness,11.82,2112,0,2230,0,14,69,28,16,65,53,0,0,0,0,8,0,10,0.40,0,0,0,2623,0
2026-07-22,Marketplace Feed,Seasonal Select Promo Initiative,Metro Region Loyalty Cohort,15908997,Health Conscious Buyers Retention Segment,6945709324023795,Shelf Story Bold Voice,2029239804837920,Brand Awareness,9.42,1864,0,1842,3,40,100,80,45,54,46,0,0,0,0,5,0,9,0.43,0,0,0,1899,0
2026-07-22,Discovery Network,Seasonal Select Promo Initiative,Metro Region Loyalty Cohort,15908997,Health Conscious Buyers Interest Segment,9636976462621540,Offer Spotlight Bold Voice,8387476592728197,Brand Awareness,126.83,19236,0,22498,89,100,100,100,100,1856,1509,0,0,3,0,277,0,367,1.30,0,3,0,23654,0
2026-07-22,Display Network,Market Fresh Demand Initiative,Metro Region Loyalty Cohort,15908997,Health Conscious Buyers Affinity Segment,7030806053055339,Price Drop Cut Value Voice,1486591106265412,Brand Awareness,224.48,29376,0,29435,49,100,100,100,100,1115,958,0,0,0,0,66,0,144,0.42,1,7,0,26420,0
2026-07-22,Connected TV,Home Essentials Scale Initiative,Metro Region Prospecting Cohort,86057605,Family Planners Interest Segment,2052479131570920,Shelf Story Warm Voice,8866144267684809,Brand Awareness,0,0,0,0,0,0,0,0,0,0,0,0,0,0,0,0,0,0,0,0,0,0,0,0
2026-07-22,Display Network,Seasonal Select Promo Initiative,Metro Region Loyalty Cohort,15908997,Family Planners Lookalike Segment,1435940547903710,Offer Spotlight Friendly Voice,9750064897272716,Brand Awareness,51.72,7196,0,6801,11,100,100,100,100,277,227,0,0,0,0,39,0,47,0.75,0,0,0,6137,0
2026-07-22,Discovery Network,Market Fresh Demand Initiative,Metro Region Loyalty Cohort,15908997,Health Conscious Buyers Affinity Segment,7030806053055339,Shelf Story Warm Voice,9854057346236000,Brand Awareness,197.16,27617,0,28850,111,100,100,100,100,1464,1016,0,0,0,0,71,0,178,0.73,3,5,0,25751,0
2026-07-22,Social Feed,Market Fresh Demand Initiative,Metro Region Loyalty Cohort,15908997,Health Conscious Buyers Affinity Segment,7030806053055339,Offer Spotlight Bold Voice,4469236434282536,Brand Awareness,156.75,18511,0,20524,63,100,100,100,100,1026,869,0,0,0,0,69,0,133,0.56,4,3,0,20343,0
2026-07-22,Retail Media Network,Market Fresh Demand Initiative,Metro Region Loyalty Cohort,15908997,Health Conscious Buyers Affinity Segment,7030806053055339,Promo Banner Friendly Voice,3159348300226057,Brand Awareness,230.7,34914,0,35914,70,100,100,100,100,1857,1435,0,0,0,0,90,0,166,0.52,0,6,0,35053,0
2026-07-22,In-App Display,Seasonal Select Promo Initiative,Metro Region Loyalty Cohort,15908997,Health Conscious Buyers Interest Segment,9636976462621540,Offer Spotlight Bold Voice,1173956280094687,Brand Awareness,57.33,12045,0,12935,32,100,100,100,100,295,249,0,0,0,0,27,0,60,0.47,0,0,0,11348,0
2026-07-22,Affiliate Network,Market Fresh Demand Initiative,Metro Region Loyalty Cohort,15908997,Health Conscious Buyers Affinity Segment,7030806053055339,Offer Spotlight Friendly Voice,1308581766084093,Brand Awareness,149.54,21835,0,24340,39,100,100,100,100,1074,832,0,0,1,0,37,0,88,0.36,0,2,0,24215,0
2026-07-22,Social Feed,Seasonal Select Promo Initiative,Metro Region Loyalty Cohort,15908997,Family Planners Lookalike Segment,1435940547903710,Shelf Story Bold Voice,1694124854748380,Brand Awareness,92.09,18262,0,17698,44,100,100,100,100,473,417,0,0,0,0,146,0,184,0.99,0,2,0,15026,0
2026-07-22,Retail Media Network,Market Fresh Demand Initiative,Metro Region Loyalty Cohort,15908997,Health Conscious Buyers Affinity Segment,7030806053055339,Offer Spotlight Bold Voice,5462037895277767,Brand Awareness,158.23,18742,0,20158,36,100,100,100,100,715,675,0,0,0,0,42,0,79,0.40,1,1,0,17487,0
2026-07-22,Search Network,Seasonal Select Promo Initiative,Metro Region Loyalty Cohort,15908997,Family Planners Lookalike Segment,1435940547903710,Offer Spotlight Bold Voice,1878114509065679,Brand Awareness,157.50,35351,0,31270,110,100,100,100,100,919,960,0,0,0,0,384,0,394,1.30,0,13,0,28787,0
2026-07-22,Influencer Network,Market Fresh Demand Initiative,Metro Region Loyalty Cohort,15908997,Health Conscious Buyers Affinity Segment,7030806053055339,Collection Showcase Warm Voice,1528136951530426,Brand Awareness,258.56,30374,0,29293,68,100,100,100,100,1443,1137,0,0,0,0,86,0,147,0.52,3,5,0,32022,0
2026-07-22,Influencer Network,Seasonal Select Promo Initiative,Metro Region Loyalty Cohort,15908997,Family Planners Lookalike Segment,1435940547903710,Shelf Story Warm Voice,1656139180808294,Brand Awareness,72.63,9486,0,11666,39,100,100,100,100,633,534,0,0,2,0,165,0,169,1.3,0,4,0,11534,0
2026-07-22,Connected TV,Seasonal Select Promo Initiative,Metro Region Loyalty Cohort,15908997,Health Conscious Buyers Interest Segment,9636976462621540,Shelf Story Warm Voice,7555982603028652,Brand Awareness,89.55,12040,0,12719,47,100,100,100,100,847,699,0,0,1,0,43,0,82,0.72,0,1,0,11380,0
2026-07-22,Connected TV,Seasonal Select Promo Initiative,Metro Region Loyalty Cohort,15908997,Health Conscious Buyers Retention Segment,6945709324023795,Offer Spotlight Bold Voice,1532712540255137,Brand Awareness,9.96,2136,0,2373,5,35,100,51,36,64,67,0,0,0,0,6,0,10,0.41,0,0,0,1917,0
2026-07-22,Connected TV,Seasonal Select Promo Initiative,Metro Region Loyalty Cohort,15908997,Health Conscious Buyers Interest Segment,9636976462621540,Collection Showcase Warm Voice,8433975883301302,Brand Awareness,63.83,15648,0,15040,21,100,100,100,100,414,340,0,0,0,0,59,0,73,0.52,0,3,0,15348,0
2026-07-22,Influencer Network,Seasonal Select Promo Initiative,Metro Region Loyalty Cohort,15908997,Health Conscious Buyers Interest Segment,9636976462621540,Shelf Story Bold Voice,1162050509268935,Brand Awareness,56.24,9518,0,10224,24,100,100,100,100,270,236,0,0,0,0,44,0,70,0.61,0,1,0,10358,0
2026-07-22,Display Network,Seasonal Select Promo Initiative,Metro Region Loyalty Cohort,15908997,Health Conscious Buyers Interest Segment,9636976462621540,Shelf Story Warm Voice,5318692481434552,Brand Awareness,104.03,20738,0,24986,71,100,100,100,100,838,676,0,0,1,0,123,0,175,0.74,2,11,0,23919,0
2026-07-22,Connected TV,Seasonal Select Promo Initiative,Metro Region Loyalty Cohort,15908997,Health Conscious Buyers Retention Segment,6945709324023795,Offer Spotlight Friendly Voice,1505459502516869,Brand Awareness,6.19,1253,0,1118,3,27,100,51,27,35,27,0,0,0,0,3,0,8,0.61,0,0,0,1084,0
2026-07-22,Video Network,Seasonal Select Promo Initiative,Metro Region Loyalty Cohort,15908997,Family Planners Lookalike Segment,1435940547903710,Shelf Story Warm Voice,1551351673809105,Brand Awareness,154.18,25001,0,25498,64,100,100,100,100,1002,917,0,0,1,0,273,0,296,1.14,3,6,0,26576,0
2026-07-22,In-App Display,Seasonal Select Promo Initiative,Metro Region Loyalty Cohort,15908997,Health Conscious Buyers Retention Segment,6945709324023795,Collection Showcase Warm Voice,5332220446039657,Brand Awareness,9.17,1878,0,1946,4,42,100,100,61,57,53,0,0,0,0,6,0,10,0.49,0,0,0,2090,0
2026-07-22,Connected TV,Market Fresh Demand Initiative,Metro Region Loyalty Cohort,15908997,Health Conscious Buyers Affinity Segment,7030806053055339,Shelf Story Bold Voice,4877488741451153,Brand Awareness,128.32,18491,0,16582,42,100,100,100,100,547,496,0,0,0,0,56,0,96,0.53,0,4,0,15881,0
2026-07-22,Marketplace Feed,Seasonal Select Promo Initiative,Metro Region Loyalty Cohort,15908997,Health Conscious Buyers Interest Segment,1532426936569806,Promo Banner Warm Voice,5732401046815275,Brand Awareness,0,0,0,0,0,0,0,0,0,0,0,0,0,0,0,0,0,0,0,0,0,0,0,0
2026-07-22,Search Network,Seasonal Select Promo Initiative,Metro Region Loyalty Cohort,15908997,Family Planners Lookalike Segment,1435940547903710,Shelf Story Bold Voice,1624603170651165,Brand Awareness,74.25,16764,0,17104,46,100,100,100,100,301,255,0,0,0,0,14,0,66,0.36,0,1,0,14731,0
2026-07-22,Retail Media Network,Seasonal Select Promo Initiative,Metro Region Loyalty Cohort,15908997,Family Planners Lookalike Segment,1435940547903710,Offer Spotlight Bold Voice,4537133360628572,Brand Awareness,193.58,24708,0,28767,113,100,100,100,100,2421,2221,0,0,1,0,681,0,558,1.98,5,10,0,24114,0
2026-07-22,Affiliate Network,Seasonal Select Promo Initiative,Metro Region Loyalty Cohort,15908997,Family Planners Lookalike Segment,1435940547903710,Promo Banner Friendly Voice,1979120391570106,Brand Awareness,115.33,22484,0,21662,51,100,100,100,100,772,669,0,0,0,0,404,0,337,1.25,0,2,0,24016,0
2026-07-22,Shopping Grid,Seasonal Select Promo Initiative,Metro Region Loyalty Cohort,15908997,Health Conscious Buyers Interest Segment,9636976462621540,Promo Banner Friendly Voice,1283021001863590,Brand Awareness,111.94,20476,0,20783,67,100,100,100,100,846,835,0,0,5,0,173,0,249,1.01,4,2,0,18397,0
2026-07-22,Marketplace Feed,Market Fresh Demand Initiative,Metro Region Loyalty Cohort,15908997,Health Conscious Buyers Affinity Segment,7030806053055339,Shelf Story Bold Voice,1314867205803152,Brand Awareness,142.54,19594,0,21890,52,100,100,100,100,804,683,0,0,0,0,52,0,114,0.5,1,4,0,20784,0
2026-07-22,Display Network,Seasonal Select Promo Initiative,Metro Region Loyalty Cohort,15908997,Health Conscious Buyers Interest Segment,9636976462621540,Offer Spotlight Bold Voice,1125424362537969,Brand Awareness,110.6,28316,0,29433,88,100,100,100,100,790,621,0,0,8,0,157,0,247,0.66,1,1,0,28874,0
2026-07-22,Connected TV,Seasonal Select Promo Initiative,Metro Region Loyalty Cohort,15908997,Health Conscious Buyers Interest Segment,9636976462621540,Offer Spotlight Bold Voice,1610722595215638,Brand Awareness,45.40,6557,0,6774,10,100,100,100,100,397,342,0,0,0,0,16,0,27,0.4,0,0,0,6273,0
2026-07-22,In-App Display,Market Fresh Demand Initiative,Metro Region Loyalty Cohort,15908997,Health Conscious Buyers Affinity Segment,7030806053055339,Offer Spotlight Bold Voice,1778672574727283,Brand Awareness,100.50,12935,0,13663,30,100,100,100,100,971,970,0,0,0,0,38,0,71,0.40,1,3,0,14057,0
2026-07-22,Connected TV,Home Essentials Scale Initiative,Metro Region Prospecting Cohort,86057605,Family Planners Interest Segment,2052479131570920,Shelf Story Warm Voice,1453411941100364,Brand Awareness,0,0,0,0,0,0,0,0,0,0,0,0,0,0,0,0,0,0,0,0,0,0,0,0
2026-07-22,Marketplace Feed,Seasonal Select Promo Initiative,Metro Region Loyalty Cohort,15908997,Health Conscious Buyers Interest Segment,9636976462621540,Shelf Story Bold Voice,5205739363049317,Brand Awareness,84.11,21893,0,25211,60,100,100,100,100,379,343,0,0,0,0,19,0,91,0.31,0,1,0,23068,0
2026-07-22,Video Network,Seasonal Select Promo Initiative,Metro Region Loyalty Cohort,15908997,Health Conscious Buyers Retention Segment,6945709324023795,Shelf Story Bold Voice,1738479709197085,Brand Awareness,12.12,2857,0,3259,2,34,100,69,41,38,31,0,0,1,0,1,0,5,0.15,0,0,0,2573,0
2026-07-22,Marketplace Feed,Seasonal Select Promo Initiative,Metro Region Loyalty Cohort,15908997,Health Conscious Buyers Retention Segment,6945709324023795,Offer Spotlight Bold Voice,3227305453568424,Brand Awareness,5.15,1128,0,1049,2,24,57,43,26,60,51,0,0,0,0,1,0,5,0.48,0,0,0,900,0
2026-07-22,In-App Display,Seasonal Select Promo Initiative,Metro Region Loyalty Cohort,15908997,Family Planners Lookalike Segment,1435940547903710,Price Drop Cut Value Voice,4944439086617637,Brand Awareness,81.57,15907,0,16329,33,100,100,100,100,421,392,0,0,0,0,128,0,125,0.78,1,2,0,15546,0
2026-07-22,Video Network,Seasonal Select Promo Initiative,Metro Region Loyalty Cohort,15908997,Family Planners Lookalike Segment,1435940547903710,Collection Showcase Warm Voice,1794728517690399,Brand Awareness,92.76,19864,0,18475,31,100,100,100,100,550,416,0,0,0,0,172,0,211,1.03,0,2,0,19259,0
2026-07-22,Connected TV,Seasonal Select Promo Initiative,Metro Region Loyalty Cohort,15908997,Health Conscious Buyers Interest Segment,1532426936569806,Shelf Story Warm Voice,7193200529405455,Brand Awareness,0,0,0,0,0,0,0,0,0,0,0,0,0,0,0,0,0,0,0,0,0,0,0,0
2026-07-22,Marketplace Feed,Seasonal Select Promo Initiative,Metro Region Loyalty Cohort,15908997,Family Planners Lookalike Segment,1435940547903710,Offer Spotlight Bold Voice,1099239113496281,Brand Awareness,66.64,15554,0,15672,30,100,100,100,100,422,339,0,0,0,0,102,0,125,0.80,0,0,0,13572,0
2026-07-22,Connected TV,Market Fresh Demand Initiative,Metro Region Loyalty Cohort,15908997,Health Conscious Buyers Affinity Segment,7030806053055339,Collection Showcase Warm Voice,1620091426868263,Brand Awareness,114.45,18478,0,16979,27,100,100,100,100,506,496,0,0,0,0,41,0,64,0.3,0,4,0,16147,0
2026-07-22,Influencer Network,Seasonal Select Promo Initiative,Metro Region Loyalty Cohort,15908997,Health Conscious Buyers Retention Segment,6945709324023795,Shelf Story Warm Voice,1823323606210415,Brand Awareness,12.93,2237,0,2390,3,35,100,43,35,67,57,0,0,1,0,4,0,6,0.25,0,0,0,2075,0
2026-07-22,Marketplace Feed,Seasonal Select Promo Initiative,Metro Region Loyalty Cohort,15908997,Health Conscious Buyers Interest Segment,9636976462621540,Collection Showcase Warm Voice,1528989560536138,Brand Awareness,52.0,6377,0,6961,15,100,100,100,100,330,298,0,0,0,0,18,0,33,0.37,0,1,0,7586,0
2026-07-21,Connected TV,Seasonal Select Promo Initiative,Metro Region Loyalty Cohort,15908997,Family Planners Lookalike Segment,1435940547903710,Offer Spotlight Bold Voice,1878114509065679,Brand Awareness,167.34,47603,0,50541,118,100,100,100,100,924,762,0,0,1,0,241,0,338,0.77,0,13,0,43265,0
2026-07-21,Marketplace Feed,Seasonal Select Promo Initiative,Metro Region Loyalty Cohort,15908997,Health Conscious Buyers Interest Segment,9636976462621540,Offer Spotlight Bold Voice,8387476592728197,Brand Awareness,109.21,20533,0,22389,80,100,100,100,100,1414,1195,0,0,0,0,179,0,249,1.15,0,6,0,17901,0
2026-07-21,Video Network,Market Fresh Demand Initiative,Metro Region Loyalty Cohort,15908997,Health Conscious Buyers Affinity Segment,7030806053055339,Offer Spotlight Bold Voice,1778672574727283,Brand Awareness,103.09,12555,0,16595,23,100,100,100,100,1048,956,0,0,0,0,40,0,80,0.48,1,4,0,13020,0
2026-07-21,Connected TV,Seasonal Select Promo Initiative,Metro Region Loyalty Cohort,15908997,Health Conscious Buyers Retention Segment,6945709324023795,Collection Showcase Warm Voice,1145521054891308,Brand Awareness,9.17,1705,0,1693,0,30,100,58,35,44,43,0,0,0,0,8,0,6,0.39,0,0,0,1699,0
2026-07-21,Influencer Network,Seasonal Select Promo Initiative,Metro Region Loyalty Cohort,15908997,Health Conscious Buyers Retention Segment,6945709324023795,Promo Banner Friendly Voice,1228492131723428,Brand Awareness,14.31,4120,0,3515,11,27,100,47,38,107,95,0,0,0,0,8,0,24,0.63,0,0,0,3508,0
2026-07-21,Shopping Grid,Seasonal Select Promo Initiative,Metro Region Loyalty Cohort,15908997,Health Conscious Buyers Retention Segment,6945709324023795,Offer Spotlight Bold Voice,3227305453568424,Brand Awareness,7.20,1629,0,1475,3,44,87,63,51,91,64,0,0,0,0,1,0,6,0.31,0,0,0,1514,0
2026-07-21,Search Network,Seasonal Select Promo Initiative,Metro Region Loyalty Cohort,15908997,Health Conscious Buyers Interest Segment,9636976462621540,Collection Showcase Warm Voice,1528989560536138,Brand Awareness,51.18,8873,0,9347,37,100,100,100,100,408,302,0,0,0,0,20,0,51,0.55,0,1,0,7901,0
2026-07-21,Affiliate Network,Seasonal Select Promo Initiative,Metro Region Loyalty Cohort,15908997,Health Conscious Buyers Interest Segment,9636976462621540,Offer Spotlight Bold Voice,1125424362537969,Brand Awareness,126.15,36156,0,34599,76,100,100,100,100,687,540,0,0,0,0,91,0,185,0.48,0,2,0,29312,0
2026-07-21,Marketplace Feed,Seasonal Select Promo Initiative,Metro Region Loyalty Cohort,15908997,Family Planners Lookalike Segment,1435940547903710,Shelf Story Warm Voice,1656139180808294,Brand Awareness,76.29,11732,0,12297,34,100,100,100,100,719,545,0,0,0,0,131,0,141,1.14,0,2,0,11088,0
2026-07-21,Shopping Grid,Market Fresh Demand Initiative,Metro Region Loyalty Cohort,15908997,Health Conscious Buyers Affinity Segment,7030806053055339,Collection Showcase Warm Voice,1528136951530426,Brand Awareness,221.21,32137,0,35301,70,100,100,100,100,1308,1231,0,0,1,0,76,0,149,0.4,4,10,0,33581,0
2026-07-21,Affiliate Network,Seasonal Select Promo Initiative,Metro Region Loyalty Cohort,15908997,Family Planners Lookalike Segment,1435940547903710,Offer Spotlight Bold Voice,4537133360628572,Brand Awareness,133.55,28732,0,25925,91,100,100,100,100,2149,1803,0,0,0,0,286,0,353,1.27,1,5,0,29242,0
2026-07-21,Display Network,Seasonal Select Promo Initiative,Metro Region Loyalty Cohort,15908997,Health Conscious Buyers Interest Segment,9636976462621540,Shelf Story Bold Voice,1162050509268935,Brand Awareness,59.00,13874,0,14531,22,100,100,100,100,335,272,0,0,0,0,32,0,63,0.4,0,2,0,13213,0
2026-07-21,Connected TV,Seasonal Select Promo Initiative,Metro Region Loyalty Cohort,15908997,Family Planners Lookalike Segment,1435940547903710,Offer Spotlight Friendly Voice,9750064897272716,Brand Awareness,50.30,5858,0,7102,10,100,100,100,100,275,227,0,0,0,0,38,0,45,0.62,0,0,0,5492,0
2026-07-21,Video Network,Seasonal Select Promo Initiative,Metro Region Loyalty Cohort,15908997,Health Conscious Buyers Retention Segment,6945709324023795,Shelf Story Bold Voice,1738479709197085,Brand Awareness,12.56,2879,0,3431,3,41,100,62,40,49,40,0,0,0,0,2,0,6,0.16,0,0,0,3183,0
2026-07-21,Affiliate Network,Market Fresh Demand Initiative,Metro Region Loyalty Cohort,15908997,Health Conscious Buyers Affinity Segment,7030806053055339,Shelf Story Warm Voice,9326714968149692,Brand Awareness,161.07,20884,0,24952,60,100,100,100,100,1309,1118,0,0,1,0,73,0,150,0.51,3,6,0,22722,0
2026-07-21,Marketplace Feed,Seasonal Select Promo Initiative,Metro Region Loyalty Cohort,15908997,Health Conscious Buyers Interest Segment,9636976462621540,Offer Spotlight Bold Voice,1173956280094687,Brand Awareness,75.66,21660,0,21952,54,100,100,100,100,399,401,0,0,0,0,49,0,104,0.41,0,2,0,19019,0
2026-07-21,In-App Display,Seasonal Select Promo Initiative,Metro Region Loyalty Cohort,15908997,Family Planners Lookalike Segment,1435940547903710,Collection Showcase Warm Voice,4477978810320029,Brand Awareness,39.19,6420,0,6424,15,100,100,100,100,207,168,0,0,0,0,63,0,73,1.23,0,0,0,5103,0
2026-07-21,Shopping Grid,Seasonal Select Promo Initiative,Metro Region Loyalty Cohort,15908997,Health Conscious Buyers Retention Segment,6945709324023795,Collection Showcase Warm Voice,5332220446039657,Brand Awareness,11.15,2160,0,2618,4,53,100,100,61,67,58,0,0,0,0,8,0,11,0.39,0,0,0,2178,0
2026-07-21,Discovery Network,Seasonal Select Promo Initiative,Metro Region Loyalty Cohort,15908997,Health Conscious Buyers Retention Segment,6945709324023795,Offer Spotlight Friendly Voice,1505459502516869,Brand Awareness,8.1,1364,0,1542,1,41,100,59,36,42,35,0,0,0,0,0,0,5,0.31,0,0,0,1355,0
2026-07-21,In-App Display,Seasonal Select Promo Initiative,Metro Region Loyalty Cohort,15908997,Family Planners Lookalike Segment,1435940547903710,Offer Spotlight Bold Voice,1099239113496281,Brand Awareness,67.21,15518,0,15377,25,100,100,100,100,394,308,0,0,0,0,68,0,96,0.58,0,2,0,16019,0
2026-07-21,Affiliate Network,Home Essentials Scale Initiative,Metro Region Conversion Cohort,44948390,Weekend Deal Hunters Interest Segment,4343805881369289,Offer Spotlight Warm Voice,1438846480461721,Brand Awareness,0,0,0,0,0,0,0,0,0,0,0,0,0,0,0,0,0,0,0,0,0,0,0,0
2026-07-21,Search Network,Seasonal Select Promo Initiative,Metro Region Loyalty Cohort,15908997,Family Planners Lookalike Segment,1435940547903710,Collection Showcase Warm Voice,1794728517690399,Brand Awareness,88.62,24934,0,23660,35,100,100,100,100,531,404,0,0,0,0,142,0,194,0.80,0,1,0,20085,0
2026-07-21,Social Feed,Seasonal Select Promo Initiative,Metro Region Loyalty Cohort,15908997,Family Planners Lookalike Segment,1435940547903710,Price Drop Cut Value Voice,4944439086617637,Brand Awareness,81.07,21964,0,19140,29,100,100,100,100,410,306,0,0,0,0,84,0,113,0.53,0,2,0,17260,0
2026-07-21,Display Network,Seasonal Select Promo Initiative,Metro Region Loyalty Cohort,15908997,Health Conscious Buyers Retention Segment,6945709324023795,Shelf Story Bold Voice,2029239804837920,Brand Awareness,8.70,1730,0,1754,0,54,100,72,50,55,53,0,0,0,0,8,0,7,0.33,0,0,0,1820,0
2026-07-21,Affiliate Network,Market Fresh Demand Initiative,Metro Region Loyalty Cohort,15908997,Health Conscious Buyers Affinity Segment,7030806053055339,Promo Banner Friendly Voice,3159348300226057,Brand Awareness,240.11,37309,0,36320,62,100,100,100,100,1637,1487,0,0,3,0,81,0,161,0.47,5,14,0,37050,0
2026-07-21,Video Network,Market Fresh Demand Initiative,Metro Region Loyalty Cohort,15908997,Health Conscious Buyers Affinity Segment,7030806053055339,Offer Spotlight Bold Voice,4469236434282536,Brand Awareness,140.9,19367,0,20801,69,100,100,100,100,1324,921,0,0,1,0,55,0,119,0.60,0,9,0,20089,0
2026-07-21,Influencer Network,Market Fresh Demand Initiative,Metro Region Loyalty Cohort,15908997,Health Conscious Buyers Affinity Segment,7030806053055339,Shelf Story Warm Voice,9854057346236000,Brand Awareness,207.56,23505,0,29429,99,100,100,100,100,1221,1089,0,0,1,0,65,0,169,0.74,1,8,0,24615,0
2026-07-21,Marketplace Feed,Market Fresh Demand Initiative,Metro Region Loyalty Cohort,15908997,Health Conscious Buyers Affinity Segment,7030806053055339,Shelf Story Bold Voice,4877488741451153,Brand Awareness,119.14,14646,0,16100,43,100,100,100,100,620,509,0,0,1,0,51,0,93,0.42,0,2,0,14413,0
2026-07-21,Marketplace Feed,Seasonal Select Promo Initiative,Metro Region Loyalty Cohort,15908997,Health Conscious Buyers Interest Segment,9636976462621540,Offer Spotlight Bold Voice,1610722595215638,Brand Awareness,69.54,7304,0,8678,18,100,100,100,100,543,480,0,0,0,0,31,0,44,0.53,2,2,0,8875,0
2026-07-21,Shopping Grid,Seasonal Select Promo Initiative,Metro Region Loyalty Cohort,15908997,Health Conscious Buyers Interest Segment,9636976462621540,Promo Banner Friendly Voice,1283021001863590,Brand Awareness,127.38,22003,0,22598,49,100,100,100,100,821,779,0,0,1,0,153,0,190,0.66,0,7,0,22287,0
2026-07-21,Video Network,Seasonal Select Promo Initiative,Metro Region Loyalty Cohort,15908997,Health Conscious Buyers Retention Segment,6945709324023795,Offer Spotlight Bold Voice,1532712540255137,Brand Awareness,13.59,3853,0,3813,12,31,100,57,36,79,59,0,0,0,0,4,0,21,0.61,0,0,0,3383,0
2026-07-21,Search Network,Seasonal Select Promo Initiative,Metro Region Loyalty Cohort,15908997,Family Planners Lookalike Segment,1435940547903710,Promo Banner Friendly Voice,1979120391570106,Brand Awareness,129.42,33267,0,31966,70,100,100,100,100,756,649,0,0,1,0,237,0,278,0.73,2,2,0,30837,0
2026-07-21,In-App Display,Family Pantry Retention Initiative,Metro Region Conversion Cohort,38881639,Family Planners Lookalike Segment,1010331617086390,Shelf Story Warm Voice,1022962676348579,Brand Awareness,0,0,0,0,0,0,0,0,0,0,0,0,0,0,0,0,0,0,0,0,0,0,0,0
2026-07-21,Social Feed,Seasonal Select Promo Initiative,Metro Region Loyalty Cohort,15908997,Family Planners Lookalike Segment,1435940547903710,Shelf Story Warm Voice,1551351673809105,Brand Awareness,111.04,25531,0,25700,72,100,100,100,100,838,842,0,0,0,0,186,0,276,0.88,1,5,0,25922,0
2026-07-21,Retail Media Network,Family Pantry Retention Initiative,Metro Region Prospecting Cohort,86057605,Health Conscious Buyers Interest Segment,4038732375076011,Product Reel Warm Voice,5024232539393398,Brand Awareness,0,0,0,0,0,0,0,0,0,0,0,0,0,0,0,0,0,0,0,0,0,0,0,0
2026-07-21,Affiliate Network,Seasonal Select Promo Initiative,Metro Region Loyalty Cohort,15908997,Health Conscious Buyers Interest Segment,9636976462621540,Shelf Story Bold Voice,5205739363049317,Brand Awareness,81.35,17661,0,18613,37,100,100,100,100,401,307,0,0,0,0,15,0,62,0.28,0,1,0,19539,0
2026-07-21,Shopping Grid,Seasonal Select Promo Initiative,Metro Region Loyalty Cohort,15908997,Health Conscious Buyers Interest Segment,9636976462621540,Price Drop Cut Value Voice,1145727121527841,Brand Awareness,108.41,27304,0,25655,50,100,100,100,100,613,538,0,0,0,0,52,0,113,0.38,0,3,0,29357,0
2026-07-21,Social Feed,Seasonal Select Promo Initiative,Metro Region Loyalty Cohort,15908997,Family Planners Lookalike Segment,1435940547903710,Shelf Story Bold Voice,1624603170651165,Brand Awareness,48.81,10630,0,10428,29,100,100,100,100,251,205,0,0,0,0,11,0,39,0.32,0,0,0,10940,0
2026-07-21,Connected TV,Seasonal Select Promo Initiative,Metro Region Loyalty Cohort,15908997,Health Conscious Buyers Retention Segment,6945709324023795,Price Drop Cut Value Voice,1540225504199059,Brand Awareness,11.60,2547,0,3028,2,45,100,100,71,61,58,0,0,0,0,8,0,9,0.31,0,0,0,2301,0
2026-07-21,Discovery Network,Seasonal Select Promo Initiative,Metro Region Loyalty Cohort,15908997,Health Conscious Buyers Retention Segment,6945709324023795,Offer Spotlight Bold Voice,1942492104880454,Brand Awareness,9.03,2249,0,2135,4,48,100,92,58,48,42,0,0,0,0,3,0,6,0.32,0,0,0,2068,0
2026-07-21,In-App Display,Market Fresh Demand Initiative,Metro Region Loyalty Cohort,15908997,Health Conscious Buyers Affinity Segment,7030806053055339,Offer Spotlight Friendly Voice,1308581766084093,Brand Awareness,184.2,20738,0,25499,41,100,100,100,100,1121,807,0,0,0,0,56,0,111,0.46,0,0,0,24242,0
2026-07-21,Affiliate Network,Seasonal Select Promo Initiative,Metro Region Loyalty Cohort,15908997,Family Planners Lookalike Segment,1435940547903710,Shelf Story Bold Voice,1694124854748380,Brand Awareness,82.69,18016,0,20208,36,100,100,100,100,522,466,0,0,0,0,102,0,119,0.58,2,1,0,16433,0
2026-07-21,Influencer Network,Market Fresh Demand Initiative,Metro Region Loyalty Cohort,15908997,Health Conscious Buyers Affinity Segment,7030806053055339,Price Drop Cut Value Voice,1486591106265412,Brand Awareness,217.81,29391,0,31550,61,100,100,100,100,1285,933,0,0,1,0,76,0,159,0.44,4,5,0,28073,0
2026-07-21,Video Network,Seasonal Select Promo Initiative,Metro Region Loyalty Cohort,15908997,Health Conscious Buyers Interest Segment,9636976462621540,Offer Spotlight Friendly Voice,1451736217985844,Brand Awareness,54.61,7556,0,6972,32,100,100,100,100,348,369,0,0,0,0,30,0,47,0.69,0,2,0,6644,0
2026-07-21,In-App Display,Market Fresh Demand Initiative,Metro Region Loyalty Cohort,15908997,Health Conscious Buyers Affinity Segment,7030806053055339,Collection Showcase Warm Voice,1620091426868263,Brand Awareness,115.06,19265,0,18384,44,100,100,100,100,506,481,0,0,0,0,42,0,103,0.55,1,5,0,16905,0
2026-07-21,Influencer Network,Market Fresh Demand Initiative,Metro Region Loyalty Cohort,15908997,Health Conscious Buyers Affinity Segment,7030806053055339,Shelf Story Bold Voice,1314867205803152,Brand Awareness,170.36,20601,0,25754,43,100,100,100,100,955,797,0,0,0,0,72,0,104,0.50,0,0,0,21709,0
2026-07-21,Influencer Network,Seasonal Select Promo Initiative,Metro Region Loyalty Cohort,15908997,Family Planners Lookalike Segment,1435940547903710,Offer Spotlight Bold Voice,1312967392719179,Brand Awareness,49.29,6855,0,6647,23,100,100,100,100,379,327,0,0,0,0,15,0,36,0.47,0,1,0,6448,0
2026-07-21,Marketplace Feed,Market Fresh Demand Initiative,Metro Region Loyalty Cohort,15908997,Health Conscious Buyers Affinity Segment,7030806053055339,Offer Spotlight Bold Voice,7816991454234970,Brand Awareness,388.46,63262,0,63020,267,100,100,100,100,7682,7511,0,0,1,0,314,0,549,0.95,6,14,0,54854,0
2026-07-21,Connected TV,Seasonal Select Promo Initiative,Metro Region Loyalty Cohort,15908997,Health Conscious Buyers Retention Segment,6945709324023795,Offer Spotlight Bold Voice,5813346492289368,Brand Awareness,17.40,2755,0,2843,12,58,100,92,72,275,218,0,0,1,0,20,0,29,1.08,0,1,0,2729,0
2026-07-21,Shopping Grid,Market Fresh Demand Initiative,Metro Region Loyalty Cohort,15908997,Health Conscious Buyers Affinity Segment,7030806053055339,Offer Spotlight Bold Voice,5462037895277767,Brand Awareness,130.41,18201,0,20881,38,100,100,100,100,703,664,0,0,0,0,66,0,85,0.4,0,1,0,17363,0
2026-07-21,Social Feed,Seasonal Select Promo Initiative,Metro Region Loyalty Cohort,15908997,Health Conscious Buyers Interest Segment,9636976462621540,Shelf Story Warm Voice,5318692481434552,Brand Awareness,103.31,24904,0,24611,64,100,100,100,100,763,651,0,0,0,0,70,0,132,0.56,1,7,0,23850,0
2026-07-21,Social Feed,Seasonal Select Promo Initiative,Metro Region Loyalty Cohort,15908997,Health Conscious Buyers Interest Segment,9636976462621540,Shelf Story Warm Voice,7555982603028652,Brand Awareness,94.66,14661,0,12836,37,100,100,100,100,916,832,0,0,0,0,48,0,79,0.51,0,5,0,12493,0
2026-07-21,Influencer Network,Seasonal Select Promo Initiative,Metro Region Loyalty Cohort,15908997,Health Conscious Buyers Retention Segment,6945709324023795,Shelf Story Warm Voice,1823323606210415,Brand Awareness,15.15,2652,0,2928,6,52,100,79,64,129,90,0,0,0,0,6,0,11,0.35,0,0,0,2516,0
2026-07-21,Affiliate Network,Seasonal Select Promo Initiative,Metro Region Loyalty Cohort,15908997,Health Conscious Buyers Retention Segment,6945709324023795,Shelf Story Warm Voice,4178078534064285,Brand Awareness,12.25,2208,0,2210,3,49,100,91,65,107,105,0,0,0,0,3,0,5,0.25,0,0,0,2222,0
2026-07-21,Shopping Grid,Seasonal Select Promo Initiative,Metro Region Loyalty Cohort,15908997,Health Conscious Buyers Interest Segment,9636976462621540,Collection Showcase Warm Voice,8433975883301302,Brand Awareness,79,24467,0,21538,36,100,100,100,100,486,411,0,0,1,0,42,0,103,0.36,1,2,0,20806,0
2026-07-20,Marketplace Feed,Seasonal Select Promo Initiative,Metro Region Loyalty Cohort,15908997,Health Conscious Buyers Interest Segment,9636976462621540,Promo Banner Friendly Voice,1283021001863590,Brand Awareness,118.89,17489,0,16511,53,100,100,100,100,1281,936,0,0,3,0,598,0,486,2.70,4,6,0,15762,0
2026-07-20,Display Network,Seasonal Select Promo Initiative,Metro Region Loyalty Cohort,15908997,Health Conscious Buyers Interest Segment,9636976462621540,Offer Spotlight Bold Voice,1610722595215638,Brand Awareness,61.01,8768,0,9174,20,100,100,100,100,425,401,0,0,0,0,18,0,41,0.42,0,2,0,6951,0
2026-07-20,Social Feed,Seasonal Select Promo Initiative,Metro Region Loyalty Cohort,15908997,Family Planners Lookalike Segment,1435940547903710,Promo Banner Friendly Voice,1979120391570106,Brand Awareness,86.18,13865,0,13274,33,100,100,100,100,879,741,0,0,0,0,675,0,538,3.81,0,3,0,13387,0
2026-07-20,Display Network,Seasonal Select Promo Initiative,Metro Region Loyalty Cohort,15908997,Health Conscious Buyers Interest Segment,9636976462621540,Offer Spotlight Bold Voice,8387476592728197,Brand Awareness,181.09,24644,0,21794,123,100,100,100,100,3387,2612,0,0,9,0,923,0,837,3.35,9,10,0,20394,0
2026-07-20,Social Feed,Seasonal Select Promo Initiative,Metro Region Loyalty Cohort,15908997,Health Conscious Buyers Interest Segment,9636976462621540,Shelf Story Bold Voice,5205739363049317,Brand Awareness,62.07,8587,0,8156,18,100,100,100,100,274,245,0,0,1,0,20,0,40,0.46,1,1,0,8502,0
2026-07-20,Display Network,Market Fresh Demand Initiative,Metro Region Loyalty Cohort,15908997,Health Conscious Buyers Affinity Segment,7030806053055339,Offer Spotlight Bold Voice,1778672574727283,Brand Awareness,97.04,15338,0,17203,32,100,100,100,100,840,774,0,0,0,0,35,0,82,0.52,1,4,0,15836,0
2026-07-20,Affiliate Network,Seasonal Select Promo Initiative,Metro Region Loyalty Cohort,15908997,Health Conscious Buyers Retention Segment,6945709324023795,Price Drop Cut Value Voice,1540225504199059,Brand Awareness,11.58,1752,0,1845,2,47,100,100,66,65,54,0,0,0,0,10,0,13,0.71,0,0,0,1810,0
2026-07-20,Social Feed,Market Fresh Demand Initiative,Metro Region Loyalty Cohort,15908997,Health Conscious Buyers Affinity Segment,7030806053055339,Promo Banner Friendly Voice,3159348300226057,Brand Awareness,246.38,39179,0,39954,73,100,100,100,100,1935,1300,0,0,0,0,93,0,178,0.53,1,7,0,35250,0
2026-07-20,Influencer Network,Seasonal Select Promo Initiative,Metro Region Loyalty Cohort,15908997,Health Conscious Buyers Retention Segment,6945709324023795,Offer Spotlight Bold Voice,1942492104880454,Brand Awareness,8.1,1435,0,1427,2,36,100,72,42,56,44,0,0,0,0,13,0,13,0.84,0,0,0,1563,0
2026-07-20,Marketplace Feed,Market Fresh Demand Initiative,Metro Region Loyalty Cohort,15908997,Health Conscious Buyers Affinity Segment,7030806053055339,Shelf Story Warm Voice,9854057346236000,Brand Awareness,212.47,26172,0,28237,119,100,100,100,100,1407,1032,0,0,1,0,70,0,182,0.60,0,4,0,24086,0
2026-07-20,In-App Display,Market Fresh Demand Initiative,Metro Region Loyalty Cohort,15908997,Health Conscious Buyers Affinity Segment,7030806053055339,Collection Showcase Warm Voice,1620091426868263,Brand Awareness,123.53,19308,0,21054,33,100,100,100,100,587,500,0,0,1,0,55,0,88,0.48,0,1,0,16817,0
2026-07-20,Retail Media Network,Seasonal Select Promo Initiative,Metro Region Loyalty Cohort,15908997,Health Conscious Buyers Interest Segment,9636976462621540,Shelf Story Warm Voice,7555982603028652,Brand Awareness,128.23,16142,0,16665,64,100,100,100,100,1250,1030,0,0,4,0,342,0,394,2.25,0,5,0,14091,0
2026-07-20,Display Network,Seasonal Select Promo Initiative,Metro Region Loyalty Cohort,15908997,Health Conscious Buyers Interest Segment,9636976462621540,Collection Showcase Warm Voice,8433975883301302,Brand Awareness,73.77,11938,0,14330,30,100,100,100,100,548,383,0,0,0,0,197,0,233,1.6,0,6,0,12413,0
2026-07-20,Shopping Grid,Family Pantry Retention Initiative,Metro Region Loyalty Cohort,15908997,Family Planners Lookalike Segment,1665761135741679,Shelf Story Warm Voice,2902136042807068,Brand Awareness,0,0,0,0,0,0,0,0,0,0,0,0,0,0,0,0,0,0,0,0,0,0,0,0
2026-07-20,Marketplace Feed,Seasonal Select Promo Initiative,Metro Region Loyalty Cohort,15908997,Family Planners Lookalike Segment,1435940547903710,Shelf Story Warm Voice,1656139180808294,Brand Awareness,98.83,10506,0,9830,24,100,100,100,100,915,677,0,0,1,0,641,0,493,4.38,0,1,0,10269,0
2026-07-20,In-App Display,Market Fresh Demand Initiative,Metro Region Loyalty Cohort,15908997,Health Conscious Buyers Affinity Segment,7030806053055339,Collection Showcase Warm Voice,1528136951530426,Brand Awareness,216.79,29254,0,32519,71,100,100,100,100,1359,973,0,0,0,0,96,0,157,0.49,1,5,0,33598,0
2026-07-20,Video Network,Seasonal Select Promo Initiative,Metro Region Loyalty Cohort,15908997,Family Planners Lookalike Segment,1435940547903710,Offer Spotlight Bold Voice,1878114509065679,Brand Awareness,142.51,27729,0,28612,73,100,100,100,100,898,854,0,0,0,0,675,0,736,2.32,4,19,0,29544,0
2026-07-20,Marketplace Feed,Seasonal Select Promo Initiative,Metro Region Loyalty Cohort,15908997,Health Conscious Buyers Interest Segment,9636976462621540,Shelf Story Bold Voice,1162050509268935,Brand Awareness,66.84,10239,0,11187,32,100,100,100,100,391,381,0,0,0,0,183,0,198,1.79,0,2,0,9433,0
2026-07-20,In-App Display,Seasonal Select Promo Initiative,Metro Region Loyalty Cohort,15908997,Family Planners Lookalike Segment,1435940547903710,Shelf Story Bold Voice,1624603170651165,Brand Awareness,41.93,5344,0,6360,14,100,100,100,100,182,132,0,0,0,0,30,0,52,0.77,0,1,0,5026,0
2026-07-20,Discovery Network,Seasonal Select Promo Initiative,Metro Region Loyalty Cohort,15908997,Health Conscious Buyers Retention Segment,6945709324023795,Collection Showcase Warm Voice,1145521054891308,Brand Awareness,12.18,1770,0,1636,4,41,100,57,44,64,53,0,0,0,0,7,0,9,0.46,0,0,0,1551,0
2026-07-20,Display Network,Seasonal Select Promo Initiative,Metro Region Loyalty Cohort,15908997,Health Conscious Buyers Retention Segment,6945709324023795,Promo Banner Friendly Voice,1228492131723428,Brand Awareness,14.33,2259,0,2135,11,33,100,52,45,115,102,0,0,0,0,21,0,33,1.35,0,2,0,2164,0
2026-07-20,Display Network,Seasonal Select Promo Initiative,Metro Region Loyalty Cohort,15908997,Health Conscious Buyers Retention Segment,6945709324023795,Shelf Story Bold Voice,2029239804837920,Brand Awareness,10.85,1626,0,1650,1,35,100,66,43,56,50,0,0,0,0,11,0,11,0.57,0,1,0,1826,0
2026-07-20,Social Feed,Seasonal Select Promo Initiative,Metro Region Loyalty Cohort,15908997,Family Planners Lookalike Segment,1435940547903710,Price Drop Cut Value Voice,4944439086617637,Brand Awareness,64.72,10913,0,12307,25,100,100,100,100,403,343,0,0,3,0,227,0,202,1.82,0,0,0,12486,0
2026-07-20,In-App Display,Market Fresh Demand Initiative,Metro Region Loyalty Cohort,15908997,Health Conscious Buyers Affinity Segment,7030806053055339,Offer Spotlight Bold Voice,4469236434282536,Brand Awareness,157.59,20331,0,20547,70,100,100,100,100,1202,956,0,0,0,0,41,0,117,0.60,0,5,0,18469,0
2026-07-20,Discovery Network,Seasonal Select Promo Initiative,Metro Region Loyalty Cohort,15908997,Family Planners Lookalike Segment,1435940547903710,Shelf Story Warm Voice,1551351673809105,Brand Awareness,122.67,17576,0,20017,66,100,100,100,100,1039,896,0,0,3,0,599,0,506,2.92,0,10,0,18953,0
2026-07-20,Influencer Network,Seasonal Select Promo Initiative,Metro Region Loyalty Cohort,15908997,Health Conscious Buyers Retention Segment,6945709324023795,Offer Spotlight Bold Voice,3227305453568424,Brand Awareness,9.34,1136,0,1065,2,19,60,30,25,49,49,0,0,0,0,5,0,7,0.52,0,0,0,1223,0
2026-07-20,Marketplace Feed,Family Pantry Retention Initiative,Metro Region Conversion Cohort,38881639,Family Planners Lookalike Segment,1010331617086390,Shelf Story Warm Voice,1022962676348579,Brand Awareness,0,0,0,0,0,0,0,0,0,0,0,0,0,0,0,0,0,0,0,0,0,0,0,0
2026-07-20,Marketplace Feed,Seasonal Select Promo Initiative,Metro Region Loyalty Cohort,15908997,Health Conscious Buyers Interest Segment,9636976462621540,Offer Spotlight Friendly Voice,1451736217985844,Brand Awareness,54.18,6467,0,6487,16,100,100,100,100,302,262,0,0,0,0,57,0,69,0.93,1,3,0,6291,0
2026-07-20,In-App Display,Seasonal Select Promo Initiative,Metro Region Loyalty Cohort,15908997,Health Conscious Buyers Interest Segment,9636976462621540,Offer Spotlight Bold Voice,1125424362537969,Brand Awareness,134.70,24583,0,24903,77,100,100,100,100,828,680,0,0,7,0,283,0,338,1.38,1,6,0,20484,0
2026-07-20,Video Network,Market Fresh Demand Initiative,Metro Region Loyalty Cohort,15908997,Health Conscious Buyers Affinity Segment,7030806053055339,Price Drop Cut Value Voice,1486591106265412,Brand Awareness,224.36,27798,0,26234,71,100,100,100,100,1364,957,0,0,0,0,91,0,191,0.57,5,9,0,30198,0
2026-07-20,In-App Display,Seasonal Select Promo Initiative,Metro Region Loyalty Cohort,15908997,Family Planners Lookalike Segment,1435940547903710,Shelf Story Bold Voice,1694124854748380,Brand Awareness,79.78,11407,0,13805,30,100,100,100,100,503,418,0,0,1,0,462,0,358,2.97,0,1,0,11076,0
2026-07-20,In-App Display,Family Pantry Retention Initiative,Metro Region Loyalty Cohort,15908997,Family Planners Lookalike Segment,1665761135741679,Shelf Story Warm Voice,2616618213121749,Brand Awareness,0,0,0,0,0,0,0,0,0,0,0,0,0,0,0,0,0,0,0,0,0,0,0,0
2026-07-20,Discovery Network,Seasonal Select Promo Initiative,Metro Region Loyalty Cohort,15908997,Family Planners Lookalike Segment,1435940547903710,Offer Spotlight Bold Voice,1312967392719179,Brand Awareness,36.95,4659,0,5025,10,100,100,100,100,298,225,0,0,0,0,41,0,39,0.80,0,1,0,4185,0
2026-07-20,Connected TV,Market Fresh Demand Initiative,Metro Region Loyalty Cohort,15908997,Health Conscious Buyers Affinity Segment,7030806053055339,Offer Spotlight Bold Voice,5462037895277767,Brand Awareness,150.0,22104,0,21069,35,100,100,100,100,824,564,0,0,0,0,45,0,89,0.43,1,7,0,18376,0
2026-07-20,Social Feed,Seasonal Select Promo Initiative,Metro Region Loyalty Cohort,15908997,Family Planners Lookalike Segment,1435940547903710,Offer Spotlight Bold Voice,4537133360628572,Brand Awareness,177.36,25547,0,21906,137,100,100,100,100,3019,2895,0,0,3,0,1307,0,1268,4.88,2,10,0,23371,0
2026-07-20,Display Network,Market Fresh Demand Initiative,Metro Region Loyalty Cohort,15908997,Health Conscious Buyers Affinity Segment,7030806053055339,Offer Spotlight Bold Voice,7816991454234970,Brand Awareness,457.1,56326,0,64601,363,100,100,100,100,9226,6414,0,0,0,0,330,0,656,1.07,3,18,0,60540,0
2026-07-20,Video Network,Seasonal Select Promo Initiative,Metro Region Loyalty Cohort,15908997,Health Conscious Buyers Retention Segment,6945709324023795,Shelf Story Bold Voice,1738479709197085,Brand Awareness,8.59,1446,0,1605,2,43,100,59,47,53,45,0,0,0,0,6,0,8,0.49,1,0,0,1597,0
2026-07-20,Influencer Network,Seasonal Select Promo Initiative,Metro Region Loyalty Cohort,15908997,Family Planners Lookalike Segment,1435940547903710,Collection Showcase Warm Voice,4477978810320029,Brand Awareness,55.26,5919,0,7197,11,100,100,100,100,309,246,0,0,0,0,322,0,292,4.04,0,1,0,6023,0
2026-07-20,Video Network,Market Fresh Demand Initiative,Metro Region Loyalty Cohort,15908997,Health Conscious Buyers Affinity Segment,7030806053055339,Shelf Story Bold Voice,1314867205803152,Brand Awareness,164.3,22753,0,24352,55,100,100,100,100,794,660,0,0,0,0,56,0,117,0.52,0,3,0,18809,0
2026-07-20,Affiliate Network,Seasonal Select Promo Initiative,Metro Region Loyalty Cohort,15908997,Health Conscious Buyers Retention Segment,6945709324023795,Shelf Story Warm Voice,4178078534064285,Brand Awareness,14.51,2416,0,2290,11,61,100,96,79,176,131,0,0,0,0,27,0,31,1.25,0,0,0,2266,0
2026-07-20,Display Network,Seasonal Select Promo Initiative,Metro Region Loyalty Cohort,15908997,Health Conscious Buyers Interest Segment,9636976462621540,Collection Showcase Warm Voice,1528989560536138,Brand Awareness,60.1,7882,0,9476,29,100,100,100,100,327,335,0,0,0,0,122,0,112,1.21,1,0,0,8141,0
2026-07-20,Discovery Network,Market Fresh Demand Initiative,Metro Region Loyalty Cohort,15908997,Health Conscious Buyers Affinity Segment,7030806053055339,Shelf Story Warm Voice,9326714968149692,Brand Awareness,165.08,19717,0,21782,49,100,100,100,100,1276,976,0,0,0,0,56,0,123,0.52,0,3,0,20929,0
2026-07-20,Display Network,Market Fresh Demand Initiative,Metro Region Loyalty Cohort,15908997,Health Conscious Buyers Affinity Segment,7030806053055339,Shelf Story Bold Voice,4877488741451153,Brand Awareness,106.93,18104,0,17343,24,100,100,100,100,597,449,0,0,0,0,42,0,80,0.46,0,4,0,15015,0
2026-07-20,Influencer Network,Seasonal Select Promo Initiative,Metro Region Loyalty Cohort,15908997,Family Planners Lookalike Segment,1718074286658736,Shelf Story Warm Voice,1533493773187614,Brand Awareness,0,0,0,0,0,0,0,0,0,0,0,0,0,0,0,0,0,0,0,0,0,0,0,0
2026-07-20,Search Network,Seasonal Select Promo Initiative,Metro Region Loyalty Cohort,15908997,Health Conscious Buyers Retention Segment,6945709324023795,Offer Spotlight Friendly Voice,1505459502516869,Brand Awareness,7.5,1130,0,1346,3,40,100,75,40,55,51,0,0,0,0,8,0,9,0.66,0,0,0,1221,0
2026-07-20,Affiliate Network,Seasonal Select Promo Initiative,Metro Region Loyalty Cohort,15908997,Family Planners Lookalike Segment,1435940547903710,Collection Showcase Warm Voice,1794728517690399,Brand Awareness,82.53,13108,0,12329,21,100,100,100,100,432,355,0,0,1,0,433,0,336,2.29,0,3,0,14293,0
2026-07-20,Discovery Network,Seasonal Select Promo Initiative,Metro Region Loyalty Cohort,15908997,Health Conscious Buyers Retention Segment,6945709324023795,Shelf Story Warm Voice,1823323606210415,Brand Awareness,16.23,2377,0,2071,7,57,100,80,56,123,116,0,0,0,0,27,0,35,1.30,0,1,0,2034,0
2026-07-20,Influencer Network,Seasonal Select Promo Initiative,Metro Region Loyalty Cohort,15908997,Health Conscious Buyers Retention Segment,6945709324023795,Offer Spotlight Bold Voice,5813346492289368,Brand Awareness,28.2,3383,0,3734,15,94,100,100,100,481,332,0,0,0,0,61,0,77,1.80,0,1,0,3675,0
2026-07-20,Marketplace Feed,Seasonal Select Promo Initiative,Metro Region Loyalty Cohort,15908997,Health Conscious Buyers Retention Segment,6945709324023795,Collection Showcase Warm Voice,5332220446039657,Brand Awareness,9.88,1616,0,1781,0,43,100,93,53,57,56,0,0,0,0,11,0,9,0.49,0,0,0,1797,0
2026-07-20,In-App Display,Market Fresh Demand Initiative,Metro Region Loyalty Cohort,15908997,Health Conscious Buyers Affinity Segment,7030806053055339,Offer Spotlight Friendly Voice,1308581766084093,Brand Awareness,156.7,22809,0,24671,40,100,100,100,100,1149,905,0,0,0,0,61,0,126,0.47,1,6,0,20475,0
2026-07-20,Marketplace Feed,Seasonal Select Promo Initiative,Metro Region Loyalty Cohort,15908997,Health Conscious Buyers Interest Segment,9636976462621540,Offer Spotlight Bold Voice,1173956280094687,Brand Awareness,73.90,13675,0,13422,38,100,100,100,100,378,371,0,0,0,0,130,0,152,1.13,1,6,0,14434,0
2026-07-20,Discovery Network,Seasonal Select Promo Initiative,Metro Region Loyalty Cohort,15908997,Health Conscious Buyers Retention Segment,6945709324023795,Offer Spotlight Bold Voice,1532712540255137,Brand Awareness,14.77,3146,0,3036,2,30,100,50,36,96,66,0,0,0,0,14,0,14,0.49,0,0,0,2718,0
2026-07-20,Social Feed,Seasonal Select Promo Initiative,Metro Region Loyalty Cohort,15908997,Family Planners Lookalike Segment,1435940547903710,Offer Spotlight Friendly Voice,9750064897272716,Brand Awareness,41.64,5784,0,5338,16,100,100,100,100,298,237,0,0,1,0,120,0,114,2.00,0,2,0,5554,0
2026-07-20,Social Feed,Seasonal Select Promo Initiative,Metro Region Loyalty Cohort,15908997,Health Conscious Buyers Interest Segment,9636976462621540,Shelf Story Warm Voice,5318692481434552,Brand Awareness,128.88,19516,0,17247,65,100,100,100,100,1035,908,0,0,3,0,369,0,369,1.67,3,4,0,15541,0
2026-07-20,Display Network,Seasonal Select Promo Initiative,Metro Region Loyalty Cohort,15908997,Family Planners Lookalike Segment,1435940547903710,Offer Spotlight Bold Voice,1099239113496281,Brand Awareness,54.86,9771,0,9663,25,100,100,100,100,330,281,0,0,0,0,218,0,205,2,0,2,0,9755,0
2026-07-20,Influencer Network,Seasonal Select Promo Initiative,Metro Region Loyalty Cohort,15908997,Health Conscious Buyers Interest Segment,9636976462621540,Price Drop Cut Value Voice,1145727121527841,Brand Awareness,83.98,15637,0,16045,29,100,100,100,100,519,534,0,0,3,0,103,0,151,0.97,0,5,0,13468,0
2026-07-19,Social Feed,Market Fresh Demand Initiative,Metro Region Loyalty Cohort,15908997,Health Conscious Buyers Affinity Segment,7030806053055339,Price Drop Cut Value Voice,1486591106265412,Brand Awareness,178.13,27296,0,28642,80,100,100,100,100,996,915,0,0,0,0,64,0,144,0.48,0,2,0,26794,0
2026-07-19,Search Network,Seasonal Select Promo Initiative,Metro Region Loyalty Cohort,15908997,Family Planners Lookalike Segment,1435940547903710,Offer Spotlight Bold Voice,1878114509065679,Brand Awareness,132.11,29160,0,32338,73,100,100,100,100,672,606,0,0,4,0,443,0,481,1.59,5,8,0,32033,0
2026-07-19,Discovery Network,Market Fresh Demand Initiative,Metro Region Loyalty Cohort,15908997,Health Conscious Buyers Affinity Segment,7030806053055339,Offer Spotlight Bold Voice,7816991454234970,Brand Awareness,468.77,65258,0,63955,411,100,100,100,100,8246,6844,0,0,2,0,326,0,702,1.10,1,19,0,53844,0
2026-07-19,Discovery Network,Seasonal Select Promo Initiative,Metro Region Loyalty Cohort,15908997,Health Conscious Buyers Interest Segment,9636976462621540,Offer Spotlight Bold Voice,8387476592728197,Brand Awareness,146.3,23370,0,21779,115,100,100,100,100,3006,2192,0,0,10,0,1414,0,1384,4.47,4,10,0,23651,0
2026-07-19,Discovery Network,Seasonal Select Promo Initiative,Metro Region Loyalty Cohort,15908997,Health Conscious Buyers Retention Segment,6945709324023795,Offer Spotlight Bold Voice,5813346492289368,Brand Awareness,20.80,2753,0,2659,9,58,100,95,66,326,237,0,0,0,0,45,0,55,1.86,0,2,0,2751,0
2026-07-19,Display Network,Seasonal Select Promo Initiative,Metro Region Loyalty Cohort,15908997,Family Planners Lookalike Segment,1435940547903710,Shelf Story Warm Voice,1551351673809105,Brand Awareness,127.59,20273,0,17636,65,100,100,100,100,955,832,0,0,1,0,622,0,591,2.57,0,11,0,19701,0
2026-07-19,Shopping Grid,Seasonal Select Promo Initiative,Metro Region Loyalty Cohort,15908997,Family Planners Lookalike Segment,1435940547903710,Offer Spotlight Friendly Voice,9750064897272716,Brand Awareness,50.99,6154,0,6707,15,100,100,100,100,355,287,0,0,0,0,197,0,180,2.63,0,3,0,6137,0
2026-07-19,Connected TV,Seasonal Select Promo Initiative,Metro Region Loyalty Cohort,15908997,Health Conscious Buyers Interest Segment,9636976462621540,Offer Spotlight Friendly Voice,1451736217985844,Brand Awareness,43.38,6411,0,7274,11,100,100,100,100,243,207,0,0,0,0,143,0,107,1.61,0,0,0,6121,0
2026-07-19,Video Network,Market Fresh Demand Initiative,Metro Region Loyalty Cohort,15908997,Health Conscious Buyers Affinity Segment,7030806053055339,Collection Showcase Warm Voice,1620091426868263,Brand Awareness,134.91,17554,0,17155,34,100,100,100,100,471,385,0,0,0,0,54,0,71,0.46,1,1,0,18855,0
2026-07-19,Search Network,Seasonal Select Promo Initiative,Metro Region Loyalty Cohort,15908997,Health Conscious Buyers Retention Segment,6945709324023795,Collection Showcase Warm Voice,5332220446039657,Brand Awareness,8.14,1396,0,1473,4,31,100,75,46,43,46,0,0,0,0,10,0,11,0.7,0,0,0,1387,0
2026-07-19,Social Feed,Seasonal Select Promo Initiative,Metro Region Loyalty Cohort,15908997,Family Planners Lookalike Segment,1435940547903710,Shelf Story Warm Voice,1656139180808294,Brand Awareness,90.93,10779,0,9894,27,100,100,100,100,669,480,0,0,0,0,339,0,350,2.87,1,7,0,9717,0
2026-07-19,Marketplace Feed,Seasonal Select Promo Initiative,Metro Region Loyalty Cohort,15908997,Health Conscious Buyers Interest Segment,9636976462621540,Shelf Story Bold Voice,1162050509268935,Brand Awareness,58.41,11413,0,9686,31,100,100,100,100,380,320,0,0,0,0,290,0,242,2.42,0,1,0,10497,0
2026-07-19,Connected TV,Seasonal Select Promo Initiative,Metro Region Loyalty Cohort,15908997,Health Conscious Buyers Interest Segment,9636976462621540,Collection Showcase Warm Voice,8433975883301302,Brand Awareness,88.99,15294,0,16281,25,100,100,100,100,439,349,0,0,3,0,349,0,279,1.92,0,1,0,14370,0
2026-07-19,Retail Media Network,Seasonal Select Promo Initiative,Metro Region Loyalty Cohort,15908997,Health Conscious Buyers Interest Segment,9636976462621540,Shelf Story Warm Voice,5318692481434552,Brand Awareness,129.13,18968,0,17167,51,100,100,100,100,639,546,0,0,3,0,399,0,390,1.99,2,6,0,17030,0
2026-07-19,Affiliate Network,Seasonal Select Promo Initiative,Metro Region Loyalty Cohort,15908997,Family Planners Lookalike Segment,1435940547903710,Shelf Story Bold Voice,1624603170651165,Brand Awareness,49.87,6192,0,5805,12,100,100,100,100,180,177,0,0,0,0,28,0,41,0.56,0,0,0,6132,0
2026-07-19,Search Network,Seasonal Select Promo Initiative,Metro Region Loyalty Cohort,15908997,Health Conscious Buyers Interest Segment,9636976462621540,Shelf Story Warm Voice,7555982603028652,Brand Awareness,113.07,11742,0,13847,41,100,100,100,100,883,746,0,0,3,0,392,0,317,2.47,0,6,0,13154,0
2026-07-19,In-App Display,Seasonal Select Promo Initiative,Metro Region Loyalty Cohort,15908997,Health Conscious Buyers Interest Segment,9636976462621540,Offer Spotlight Bold Voice,1125424362537969,Brand Awareness,112.76,25043,0,25000,61,100,100,100,100,520,419,0,0,5,0,215,0,264,1.18,0,4,0,22312,0
2026-07-19,Affiliate Network,Seasonal Select Promo Initiative,Metro Region Loyalty Cohort,15908997,Family Planners Lookalike Segment,1435940547903710,Offer Spotlight Bold Voice,4537133360628572,Brand Awareness,178.18,25692,0,24269,99,100,100,100,100,3053,2065,0,0,5,0,1259,0,1251,5.21,16,18,0,22400,0
2026-07-19,Video Network,Seasonal Select Promo Initiative,Metro Region Loyalty Cohort,15908997,Health Conscious Buyers Retention Segment,6945709324023795,Offer Spotlight Bold Voice,3227305453568424,Brand Awareness,5.75,1046,0,1136,2,23,61,39,26,63,51,0,0,0,0,1,0,3,0.29,0,0,0,902,0
2026-07-19,Influencer Network,Market Fresh Demand Initiative,Metro Region Loyalty Cohort,15908997,Health Conscious Buyers Affinity Segment,7030806053055339,Shelf Story Bold Voice,4877488741451153,Brand Awareness,111.95,17063,0,16530,35,100,100,100,100,475,456,0,0,0,0,57,0,98,0.52,0,1,0,15667,0
2026-07-19,Connected TV,Market Fresh Demand Initiative,Metro Region Loyalty Cohort,15908997,Health Conscious Buyers Affinity Segment,7030806053055339,Shelf Story Warm Voice,9326714968149692,Brand Awareness,178.93,21249,0,24049,38,100,100,100,100,1153,1136,0,0,0,0,48,0,92,0.40,0,3,0,22624,0
2026-07-19,Retail Media Network,Seasonal Select Promo Initiative,Metro Region Loyalty Cohort,15908997,Family Planners Lookalike Segment,1435940547903710,Promo Banner Friendly Voice,1979120391570106,Brand Awareness,125.23,20826,0,21575,44,100,100,100,100,924,792,0,0,1,0,1132,0,920,3.46,1,3,0,19609,0
2026-07-19,Video Network,Market Fresh Demand Initiative,Metro Region Loyalty Cohort,15908997,Health Conscious Buyers Affinity Segment,7030806053055339,Shelf Story Bold Voice,1314867205803152,Brand Awareness,147.76,20000,0,24273,60,100,100,100,100,771,653,0,0,0,0,43,0,102,0.55,0,3,0,19992,0
2026-07-19,Connected TV,Seasonal Select Promo Initiative,Metro Region Loyalty Cohort,15908997,Health Conscious Buyers Interest Segment,9636976462621540,Shelf Story Bold Voice,5205739363049317,Brand Awareness,66.7,9145,0,9305,9,100,100,100,100,252,188,0,0,0,0,37,0,39,0.43,0,0,0,8447,0
2026-07-19,Discovery Network,Market Fresh Demand Initiative,Metro Region Loyalty Cohort,15908997,Health Conscious Buyers Affinity Segment,7030806053055339,Offer Spotlight Bold Voice,1778672574727283,Brand Awareness,108.54,15953,0,16704,45,100,100,100,100,1065,721,0,0,0,0,48,0,91,0.71,0,5,0,15887,0
2026-07-19,Marketplace Feed,Home Essentials Scale Initiative,Metro Region Prospecting Cohort,86057605,Family Planners Interest Segment,2052479131570920,Product Reel Bold Voice,8230132190292546,Brand Awareness,0,0,0,0,0,0,0,0,0,0,0,0,0,0,0,0,0,0,0,0,0,0,0,0
2026-07-19,Discovery Network,Market Fresh Demand Initiative,Metro Region Loyalty Cohort,15908997,Health Conscious Buyers Affinity Segment,7030806053055339,Offer Spotlight Bold Voice,5462037895277767,Brand Awareness,146.46,20801,0,23893,45,100,100,100,100,797,556,0,0,1,0,41,0,96,0.40,0,2,0,21565,0
2026-07-19,Search Network,Seasonal Select Promo Initiative,Metro Region Loyalty Cohort,15908997,Family Planners Lookalike Segment,1435940547903710,Price Drop Cut Value Voice,4944439086617637,Brand Awareness,76.51,14068,0,16659,26,100,100,100,100,428,313,0,0,0,0,250,0,277,1.61,2,1,0,13601,0
2026-07-19,Shopping Grid,Seasonal Select Promo Initiative,Metro Region Loyalty Cohort,15908997,Health Conscious Buyers Interest Segment,9636976462621540,Offer Spotlight Bold Voice,1610722595215638,Brand Awareness,53.82,7302,0,7255,20,100,100,100,100,292,281,0,0,0,0,37,0,49,0.72,0,1,0,6632,0
2026-07-19,Social Feed,Seasonal Select Promo Initiative,Metro Region Loyalty Cohort,15908997,Health Conscious Buyers Retention Segment,6945709324023795,Offer Spotlight Bold Voice,1532712540255137,Brand Awareness,13.51,2549,0,2206,12,21,84,32,30,63,46,0,0,0,0,10,0,17,0.71,0,0,0,2123,0
2026-07-19,Marketplace Feed,Seasonal Select Promo Initiative,Metro Region Loyalty Cohort,15908997,Health Conscious Buyers Interest Segment,9636976462621540,Promo Banner Friendly Voice,1283021001863590,Brand Awareness,142.65,21271,0,21132,62,100,100,100,100,1336,1030,0,0,7,0,1017,0,1007,3.42,0,5,0,21533,0
2026-07-19,Search Network,Seasonal Select Promo Initiative,Metro Region Loyalty Cohort,15908997,Health Conscious Buyers Retention Segment,6945709324023795,Shelf Story Bold Voice,1738479709197085,Brand Awareness,8.87,1386,0,1598,2,36,100,57,34,41,36,0,0,0,0,1,0,5,0.34,0,0,0,1391,0
2026-07-19,Search Network,Seasonal Select Promo Initiative,Metro Region Loyalty Cohort,15908997,Health Conscious Buyers Retention Segment,6945709324023795,Price Drop Cut Value Voice,1540225504199059,Brand Awareness,10.71,1774,0,1827,5,44,100,81,46,53,46,0,0,0,0,12,0,17,0.86,1,0,0,1511,0
2026-07-19,In-App Display,Seasonal Select Promo Initiative,Metro Region Loyalty Cohort,15908997,Family Planners Lookalike Segment,1435940547903710,Collection Showcase Warm Voice,1794728517690399,Brand Awareness,101.04,18254,0,17608,33,100,100,100,100,581,565,0,0,0,0,564,0,438,2.74,1,5,0,18921,0
2026-07-19,Connected TV,Seasonal Select Promo Initiative,Metro Region Loyalty Cohort,15908997,Health Conscious Buyers Retention Segment,6945709324023795,Offer Spotlight Friendly Voice,1505459502516869,Brand Awareness,6.75,1230,0,1252,4,24,100,44,27,39,36,0,0,0,0,5,0,7,0.51,0,0,0,1075,0
2026-07-19,Affiliate Network,Family Pantry Retention Initiative,Metro Region Loyalty Cohort,15908997,Family Planners Lookalike Segment,1665761135741679,Shelf Story Warm Voice,2902136042807068,Brand Awareness,0,0,0,0,0,0,0,0,0,0,0,0,0,0,0,0,0,0,0,0,0,0,0,0
2026-07-19,Display Network,Market Fresh Demand Initiative,Metro Region Loyalty Cohort,15908997,Health Conscious Buyers Affinity Segment,7030806053055339,Collection Showcase Warm Voice,1528136951530426,Brand Awareness,224.90,31771,0,35550,75,100,100,100,100,1289,1166,0,0,0,0,109,0,176,0.63,1,7,0,29634,0
2026-07-19,Search Network,Seasonal Select Promo Initiative,Metro Region Loyalty Cohort,15908997,Health Conscious Buyers Interest Segment,1532426936569806,Shelf Story Warm Voice,7193200529405455,Brand Awareness,0,0,0,0,0,0,0,0,0,0,0,0,0,0,0,0,0,0,0,0,0,0,0,0
2026-07-19,In-App Display,Seasonal Select Promo Initiative,Metro Region Loyalty Cohort,15908997,Health Conscious Buyers Retention Segment,6945709324023795,Shelf Story Warm Voice,4178078534064285,Brand Awareness,11.87,2168,0,1983,8,37,100,53,49,84,73,0,0,0,0,12,0,19,0.78,0,0,0,1681,0
2026-07-19,Display Network,Seasonal Select Promo Initiative,Metro Region Loyalty Cohort,15908997,Health Conscious Buyers Retention Segment,6945709324023795,Offer Spotlight Bold Voice,1942492104880454,Brand Awareness,8.42,1288,0,1356,1,39,100,59,43,49,43,0,0,0,0,5,0,9,0.58,0,0,0,1203,0
2026-07-19,Display Network,Seasonal Select Promo Initiative,Metro Region Loyalty Cohort,15908997,Health Conscious Buyers Interest Segment,9636976462621540,Price Drop Cut Value Voice,1145727121527841,Brand Awareness,89.07,16425,0,17020,29,100,100,100,100,439,292,0,0,2,0,167,0,192,0.98,0,3,0,16621,0
2026-07-19,Search Network,Seasonal Select Promo Initiative,Metro Region Loyalty Cohort,15908997,Family Planners Lookalike Segment,1435940547903710,Offer Spotlight Bold Voice,1099239113496281,Brand Awareness,79.06,13881,0,13468,27,100,100,100,100,406,337,0,0,1,0,358,0,274,2.36,0,2,0,10794,0
2026-07-19,Social Feed,Seasonal Select Promo Initiative,Metro Region Loyalty Cohort,15908997,Health Conscious Buyers Retention Segment,6945709324023795,Shelf Story Warm Voice,1823323606210415,Brand Awareness,16.44,2067,0,2569,8,29,100,57,44,83,71,0,0,0,0,17,0,25,1.03,0,0,0,2271,0
2026-07-19,Influencer Network,Seasonal Select Promo Initiative,Metro Region Loyalty Cohort,15908997,Health Conscious Buyers Interest Segment,9636976462621540,Collection Showcase Warm Voice,1528989560536138,Brand Awareness,80.00,9588,0,9345,15,100,100,100,100,439,319,0,0,1,0,299,0,277,2.80,0,1,0,8535,0
2026-07-19,Social Feed,Seasonal Select Promo Initiative,Metro Region Loyalty Cohort,15908997,Family Planners Lookalike Segment,1435940547903710,Collection Showcase Warm Voice,4477978810320029,Brand Awareness,58.53,7987,0,8563,16,100,100,100,100,341,321,0,0,0,0,379,0,335,4.12,0,4,0,7158,0
2026-07-19,Connected TV,Seasonal Select Promo Initiative,Metro Region Loyalty Cohort,15908997,Health Conscious Buyers Retention Segment,6945709324023795,Promo Banner Friendly Voice,1228492131723428,Brand Awareness,12.30,2512,0,2648,2,23,100,38,30,88,65,0,0,0,0,13,0,19,0.65,1,1,0,2321,0
2026-07-19,Retail Media Network,Seasonal Select Promo Initiative,Metro Region Loyalty Cohort,15908997,Health Conscious Buyers Retention Segment,6945709324023795,Shelf Story Bold Voice,2029239804837920,Brand Awareness,11.1,1572,0,1953,5,32,100,71,48,44,42,0,0,0,0,8,0,11,0.63,0,0,0,1830,0
2026-07-19,Affiliate Network,Market Fresh Demand Initiative,Metro Region Loyalty Cohort,15908997,Health Conscious Buyers Affinity Segment,7030806053055339,Shelf Story Warm Voice,9854057346236000,Brand Awareness,181.66,24750,0,25596,98,100,100,100,100,1528,1183,0,0,0,0,73,0,178,0.69,2,8,0,27181,0
2026-07-19,Video Network,Market Fresh Demand Initiative,Metro Region Loyalty Cohort,15908997,Health Conscious Buyers Affinity Segment,7030806053055339,Offer Spotlight Bold Voice,4469236434282536,Brand Awareness,148.47,20089,0,23541,58,100,100,100,100,1274,975,0,0,0,0,54,0,130,0.53,3,3,0,22361,0
2026-07-19,Shopping Grid,Seasonal Select Promo Initiative,Metro Region Loyalty Cohort,15908997,Family Planners Lookalike Segment,1435940547903710,Shelf Story Bold Voice,1694124854748380,Brand Awareness,102.9,12499,0,12753,29,100,100,100,100,496,401,0,0,1,0,614,0,494,4.01,0,2,0,13124,0
2026-07-19,Connected TV,Seasonal Select Promo Initiative,Metro Region Loyalty Cohort,15908997,Health Conscious Buyers Retention Segment,6945709324023795,Collection Showcase Warm Voice,1145521054891308,Brand Awareness,10.92,1635,0,1637,2,45,100,69,55,84,69,0,0,0,0,7,0,8,0.55,0,0,0,1328,0
2026-07-19,Social Feed,Market Fresh Demand Initiative,Metro Region Loyalty Cohort,15908997,Health Conscious Buyers Affinity Segment,7030806053055339,Promo Banner Friendly Voice,3159348300226057,Brand Awareness,260.66,40604,0,34708,72,100,100,100,100,1919,1733,0,0,0,0,110,0,177,0.45,1,2,0,38376,0
2026-07-19,Video Network,Market Fresh Demand Initiative,Metro Region Loyalty Cohort,15908997,Health Conscious Buyers Affinity Segment,7030806053055339,Offer Spotlight Friendly Voice,1308581766084093,Brand Awareness,189.52,21040,0,22395,30,100,100,100,100,874,773,0,0,0,0,54,0,90,0.43,0,2,0,23452,0
2026-07-19,Discovery Network,Seasonal Select Promo Initiative,Metro Region Loyalty Cohort,15908997,Health Conscious Buyers Interest Segment,9636976462621540,Offer Spotlight Bold Voice,1173956280094687,Brand Awareness,72.24,12569,0,11326,22,100,100,100,100,278,259,0,0,1,0,202,0,177,1.65,1,1,0,11311,0
2026-07-19,Influencer Network,Seasonal Select Promo Initiative,Metro Region Loyalty Cohort,15908997,Family Planners Lookalike Segment,1435940547903710,Offer Spotlight Bold Voice,1312967392719179,Brand Awareness,45.11,5908,0,5030,13,100,100,100,100,268,248,0,0,0,0,21,0,33,0.58,0,1,0,5007,0
2026-07-19,Marketplace Feed,Family Pantry Retention Initiative,Metro Region Conversion Cohort,38881639,Family Planners Lookalike Segment,1010331617086390,Shelf Story Warm Voice,1022962676348579,Brand Awareness,0,0,0,0,0,0,0,0,0,0,0,0,0,0,0,0,0,0,0,0,0,0,0,0
2026-07-18,Connected TV,Seasonal Select Promo Initiative,Metro Region Loyalty Cohort,15908997,Family Planners Lookalike Segment,1435940547903710,Shelf Story Bold Voice,1624603170651165,Brand Awareness,48.99,6487,0,6526,14,100,100,100,100,184,172,0,0,0,0,55,0,69,1.11,0,1,0,5721,0
2026-07-18,Discovery Network,Seasonal Select Promo Initiative,Metro Region Loyalty Cohort,15908997,Health Conscious Buyers Interest Segment,9636976462621540,Offer Spotlight Bold Voice,1125424362537969,Brand Awareness,110.16,28994,0,24608,60,100,100,100,100,626,474,0,0,3,0,279,0,296,0.91,1,10,0,24421,0
2026-07-18,Marketplace Feed,Seasonal Select Promo Initiative,Metro Region Loyalty Cohort,15908997,Health Conscious Buyers Interest Segment,9636976462621540,Promo Banner Friendly Voice,1283021001863590,Brand Awareness,97.4,16233,0,17716,24,100,100,100,100,717,671,0,0,0,0,441,0,484,2.41,1,1,0,16265,0
2026-07-18,Search Network,Seasonal Select Promo Initiative,Metro Region Loyalty Cohort,15908997,Health Conscious Buyers Interest Segment,9636976462621540,Offer Spotlight Bold Voice,1610722595215638,Brand Awareness,46.58,6651,0,7213,17,100,100,100,100,324,271,0,0,0,0,41,0,49,0.74,0,3,0,5774,0
2026-07-18,Video Network,Seasonal Select Promo Initiative,Metro Region Loyalty Cohort,15908997,Health Conscious Buyers Retention Segment,6945709324023795,Offer Spotlight Bold Voice,1942492104880454,Brand Awareness,5.75,1102,0,1147,2,22,100,44,24,30,24,0,0,0,0,6,0,9,0.75,0,0,0,1123,0
2026-07-18,Social Feed,Weekend Saver Retention Initiative,Metro Region Loyalty Cohort,15908997,Health Conscious Buyers Interest Segment,1334393532567969,Price Drop Cut Value Voice,1109002298095593,Brand Awareness,0,0,0,0,0,0,0,0,0,0,0,0,0,0,0,0,0,0,0,0,0,0,0,0
2026-07-18,Affiliate Network,Market Fresh Demand Initiative,Metro Region Loyalty Cohort,15908997,Health Conscious Buyers Affinity Segment,7030806053055339,Shelf Story Warm Voice,9326714968149692,Brand Awareness,162.86,23935,0,24520,58,100,100,100,100,1340,1275,0,0,1,0,47,0,114,0.45,5,4,0,24624,0
2026-07-18,Retail Media Network,Market Fresh Demand Initiative,Metro Region Loyalty Cohort,15908997,Health Conscious Buyers Affinity Segment,7030806053055339,Promo Banner Friendly Voice,3159348300226057,Brand Awareness,269.47,38247,0,40839,69,100,100,100,100,1902,1695,0,0,0,0,117,0,169,0.45,2,8,0,38536,0
2026-07-18,Connected TV,Seasonal Select Promo Initiative,Metro Region Loyalty Cohort,15908997,Health Conscious Buyers Retention Segment,6945709324023795,Collection Showcase Warm Voice,1145521054891308,Brand Awareness,5.7,888,0,866,5,20,65,36,20,28,27,0,0,0,0,5,0,10,0.98,0,0,0,863,0
2026-07-18,Shopping Grid,Seasonal Select Promo Initiative,Metro Region Loyalty Cohort,15908997,Family Planners Lookalike Segment,1435940547903710,Promo Banner Friendly Voice,1979120391570106,Brand Awareness,148.69,21776,0,21536,60,100,100,100,100,1067,1100,0,0,1,0,1162,0,1136,4.67,2,4,0,18928,0
2026-07-18,Connected TV,Home Essentials Scale Initiative,Metro Region Prospecting Cohort,86057605,Family Planners Interest Segment,2052479131570920,Shelf Story Warm Voice,1453411941100364,Brand Awareness,0,0,0,0,0,0,0,0,0,0,0,0,0,0,0,0,0,0,0,0,0,0,0,0
2026-07-18,Connected TV,Seasonal Select Promo Initiative,Metro Region Loyalty Cohort,15908997,Health Conscious Buyers Retention Segment,6945709324023795,Price Drop Cut Value Voice,1540225504199059,Brand Awareness,7.8,1328,0,1413,3,40,100,64,45,43,39,0,0,0,0,5,0,9,0.66,0,0,0,1207,0
2026-07-18,Connected TV,Home Essentials Scale Initiative,Metro Region Prospecting Cohort,86057605,Family Planners Interest Segment,2052479131570920,Price Drop Cut Direct Voice,7324105902810892,Brand Awareness,0,0,0,0,0,0,0,0,0,0,0,0,0,0,0,0,0,0,0,0,0,0,0,0
2026-07-18,Affiliate Network,Seasonal Select Promo Initiative,Metro Region Loyalty Cohort,15908997,Health Conscious Buyers Retention Segment,6945709324023795,Shelf Story Warm Voice,4178078534064285,Brand Awareness,9.16,1572,0,1733,3,21,97,37,20,48,39,0,0,0,0,4,0,10,0.65,0,0,0,1480,0
2026-07-18,Shopping Grid,Seasonal Select Promo Initiative,Metro Region Loyalty Cohort,15908997,Family Planners Lookalike Segment,1435940547903710,Shelf Story Warm Voice,1656139180808294,Brand Awareness,133.57,12314,0,15653,37,100,100,100,100,963,781,0,0,2,0,1085,0,750,5.51,1,10,0,14352,0
2026-07-18,Marketplace Feed,Seasonal Select Promo Initiative,Metro Region Loyalty Cohort,15908997,Family Planners Lookalike Segment,1435940547903710,Offer Spotlight Bold Voice,1099239113496281,Brand Awareness,70,12231,0,13824,15,100,100,100,100,423,423,0,0,0,0,508,0,363,3.11,0,1,0,12146,0
2026-07-18,Search Network,Market Fresh Demand Initiative,Metro Region Loyalty Cohort,15908997,Health Conscious Buyers Affinity Segment,7030806053055339,Offer Spotlight Bold Voice,5462037895277767,Brand Awareness,165.00,23059,0,21047,44,100,100,100,100,698,716,0,0,0,0,62,0,92,0.45,0,2,0,18753,0
2026-07-18,Video Network,Seasonal Select Promo Initiative,Metro Region Loyalty Cohort,15908997,Health Conscious Buyers Retention Segment,6945709324023795,Offer Spotlight Bold Voice,5813346492289368,Brand Awareness,16.48,2123,0,2363,14,53,100,74,52,237,231,0,0,0,0,33,0,38,1.70,0,1,0,2079,0
2026-07-18,Video Network,Seasonal Select Promo Initiative,Metro Region Loyalty Cohort,15908997,Health Conscious Buyers Retention Segment,6945709324023795,Shelf Story Bold Voice,1738479709197085,Brand Awareness,6.24,1031,0,1008,1,21,87,30,26,35,26,0,0,0,0,7,0,6,0.54,0,0,0,956,0
2026-07-18,Shopping Grid,Seasonal Select Promo Initiative,Metro Region Loyalty Cohort,15908997,Family Planners Lookalike Segment,1435940547903710,Shelf Story Warm Voice,1551351673809105,Brand Awareness,126.84,17878,0,17490,66,100,100,100,100,926,918,0,0,2,0,763,0,613,3.00,7,12,0,16475,0
2026-07-18,Shopping Grid,Market Fresh Demand Initiative,Metro Region Loyalty Cohort,15908997,Health Conscious Buyers Affinity Segment,7030806053055339,Shelf Story Warm Voice,9854057346236000,Brand Awareness,207.50,23782,0,30788,97,100,100,100,100,1388,1293,0,0,2,0,75,0,183,0.61,4,5,0,23918,0
2026-07-18,Social Feed,Weekend Saver Retention Initiative,Metro Region Loyalty Cohort,15908997,Health Conscious Buyers Interest Segment,1334393532567969,Shelf Story Warm Voice,2520693897922300,Brand Awareness,0,0,0,0,0,0,0,0,0,0,0,0,0,0,0,0,0,0,0,0,0,0,0,0
2026-07-18,Social Feed,Market Fresh Demand Initiative,Metro Region Loyalty Cohort,15908997,Health Conscious Buyers Affinity Segment,7030806053055339,Shelf Story Bold Voice,4877488741451153,Brand Awareness,125.96,18488,0,16527,51,100,100,100,100,588,468,0,0,1,0,61,0,92,0.51,1,3,0,17347,0
2026-07-18,Shopping Grid,Seasonal Select Promo Initiative,Metro Region Loyalty Cohort,15908997,Family Planners Lookalike Segment,1435940547903710,Price Drop Cut Value Voice,4944439086617637,Brand Awareness,85.54,15287,0,13870,27,100,100,100,100,572,426,0,0,1,0,532,0,509,3.18,0,3,0,15086,0
2026-07-18,In-App Display,Seasonal Select Promo Initiative,Metro Region Loyalty Cohort,15908997,Health Conscious Buyers Interest Segment,9636976462621540,Shelf Story Warm Voice,7555982603028652,Brand Awareness,85.26,10321,0,10336,37,100,100,100,100,633,539,0,0,1,0,353,0,266,2.69,4,6,0,12170,0
2026-07-18,Search Network,Seasonal Select Promo Initiative,Metro Region Loyalty Cohort,15908997,Health Conscious Buyers Retention Segment,6945709324023795,Offer Spotlight Bold Voice,1532712540255137,Brand Awareness,10.36,2695,0,2404,4,20,86,29,20,50,49,0,0,0,0,10,0,18,0.61,0,0,0,2524,0
2026-07-18,Discovery Network,Market Fresh Demand Initiative,Metro Region Loyalty Cohort,15908997,Health Conscious Buyers Affinity Segment,7030806053055339,Collection Showcase Warm Voice,1528136951530426,Brand Awareness,226.08,32201,0,35436,82,100,100,100,100,1363,1216,0,0,0,0,76,0,153,0.44,1,7,0,29923,0
2026-07-18,Social Feed,Seasonal Select Promo Initiative,Metro Region Loyalty Cohort,15908997,Health Conscious Buyers Interest Segment,9636976462621540,Collection Showcase Warm Voice,8433975883301302,Brand Awareness,86.0,15915,0,18404,37,100,100,100,100,588,506,0,0,1,0,474,0,422,2.38,0,6,0,16614,0
2026-07-18,Discovery Network,Seasonal Select Promo Initiative,Metro Region Loyalty Cohort,15908997,Health Conscious Buyers Retention Segment,6945709324023795,Shelf Story Bold Voice,2029239804837920,Brand Awareness,8.39,1440,0,1667,7,25,100,54,34,41,30,0,0,0,0,8,0,13,0.83,0,0,0,1553,0
2026-07-18,Display Network,Seasonal Select Promo Initiative,Metro Region Loyalty Cohort,15908997,Health Conscious Buyers Interest Segment,9636976462621540,Offer Spotlight Bold Voice,8387476592728197,Brand Awareness,135.74,19292,0,17455,66,100,100,100,100,2248,1611,0,0,2,0,1054,0,966,4.96,2,6,0,16261,0
2026-07-18,Display Network,Seasonal Select Promo Initiative,Metro Region Loyalty Cohort,15908997,Family Planners Lookalike Segment,1435940547903710,Offer Spotlight Bold Voice,1878114509065679,Brand Awareness,146.13,39026,0,33462,92,100,100,100,100,984,711,0,0,0,0,631,0,667,1.80,0,16,0,31702,0
2026-07-18,Display Network,Family Pantry Retention Initiative,Metro Region Conversion Cohort,38881639,Family Planners Lookalike Segment,1010331617086390,Shelf Story Warm Voice,1022962676348579,Brand Awareness,0,0,0,0,0,0,0,0,0,0,0,0,0,0,0,0,0,0,0,0,0,0,0,0
2026-07-18,Shopping Grid,Market Fresh Demand Initiative,Metro Region Loyalty Cohort,15908997,Health Conscious Buyers Affinity Segment,7030806053055339,Collection Showcase Warm Voice,1620091426868263,Brand Awareness,125.79,16227,0,18717,34,100,100,100,100,494,419,0,0,0,0,30,0,81,0.42,1,3,0,17258,0
2026-07-18,Display Network,Seasonal Select Promo Initiative,Metro Region Loyalty Cohort,15908997,Health Conscious Buyers Retention Segment,6945709324023795,Promo Banner Friendly Voice,1228492131723428,Brand Awareness,11.14,2576,0,2422,9,17,96,30,21,75,59,0,0,0,0,10,0,17,0.65,0,0,0,2550,0
2026-07-18,Marketplace Feed,Seasonal Select Promo Initiative,Metro Region Loyalty Cohort,15908997,Family Planners Lookalike Segment,1435940547903710,Offer Spotlight Bold Voice,4537133360628572,Brand Awareness,195.33,25265,0,27908,96,100,100,100,100,3382,2732,0,0,2,0,1837,0,1590,5.70,3,13,0,21908,0
2026-07-18,Affiliate Network,Seasonal Select Promo Initiative,Metro Region Loyalty Cohort,15908997,Health Conscious Buyers Interest Segment,9636976462621540,Shelf Story Bold Voice,5205739363049317,Brand Awareness,56.92,7524,0,7076,13,100,100,100,100,221,222,0,0,0,0,63,0,59,0.69,0,0,0,6716,0
2026-07-18,Video Network,Market Fresh Demand Initiative,Metro Region Loyalty Cohort,15908997,Health Conscious Buyers Affinity Segment,7030806053055339,Offer Spotlight Bold Voice,1778672574727283,Brand Awareness,123.36,13876,0,13643,28,100,100,100,100,1115,927,0,0,0,0,47,0,91,0.61,0,6,0,12894,0
2026-07-18,Social Feed,Home Essentials Scale Initiative,Metro Region Prospecting Cohort,86057605,Family Planners Interest Segment,2052479131570920,Shelf Story Bold Voice,1642534966349722,Brand Awareness,0,0,0,0,0,0,0,0,0,0,0,0,0,0,0,0,0,0,0,0,0,0,0,0
2026-07-18,Affiliate Network,Seasonal Select Promo Initiative,Metro Region Loyalty Cohort,15908997,Health Conscious Buyers Interest Segment,9636976462621540,Offer Spotlight Friendly Voice,1451736217985844,Brand Awareness,50.35,6451,0,7679,14,100,100,100,100,308,283,0,0,0,0,132,0,143,1.87,0,0,0,5807,0
2026-07-18,Search Network,Seasonal Select Promo Initiative,Metro Region Loyalty Cohort,15908997,Health Conscious Buyers Interest Segment,9636976462621540,Price Drop Cut Value Voice,1145727121527841,Brand Awareness,97.57,16778,0,16704,26,100,100,100,100,454,456,0,0,0,0,358,0,343,2.09,0,1,0,15697,0
2026-07-18,Retail Media Network,Seasonal Select Promo Initiative,Metro Region Loyalty Cohort,15908997,Family Planners Lookalike Segment,1435940547903710,Offer Spotlight Friendly Voice,9750064897272716,Brand Awareness,57.16,8004,0,7806,13,100,100,100,100,384,351,0,0,0,0,245,0,175,2.39,3,0,0,6503,0
2026-07-18,Shopping Grid,Home Essentials Scale Initiative,Metro Region Loyalty Cohort,86057605,Weekend Deal Hunters Interest Segment,1459448327666023,Product Reel Bold Voice,1341726046078307,Brand Awareness,0,0,0,0,0,0,0,0,0,0,0,0,0,0,0,0,0,0,0,0,0,0,0,0
2026-07-18,Discovery Network,Seasonal Select Promo Initiative,Metro Region Loyalty Cohort,15908997,Health Conscious Buyers Interest Segment,9636976462621540,Collection Showcase Warm Voice,1528989560536138,Brand Awareness,59.20,6476,0,7571,10,100,100,100,100,304,273,0,0,0,0,226,0,157,2.2,0,0,0,7043,0
2026-07-18,Affiliate Network,Market Fresh Demand Initiative,Metro Region Loyalty Cohort,15908997,Health Conscious Buyers Affinity Segment,7030806053055339,Shelf Story Bold Voice,1314867205803152,Brand Awareness,175.77,22159,0,21986,61,100,100,100,100,927,792,0,0,1,0,51,0,124,0.50,0,3,0,20095,0
2026-07-18,Shopping Grid,Seasonal Select Promo Initiative,Metro Region Loyalty Cohort,15908997,Family Planners Lookalike Segment,1435940547903710,Offer Spotlight Bold Voice,1312967392719179,Brand Awareness,58.38,7816,0,7502,15,100,100,100,100,465,358,0,0,1,0,56,0,65,0.7,1,1,0,6924,0
2026-07-18,Connected TV,Seasonal Select Promo Initiative,Metro Region Loyalty Cohort,15908997,Health Conscious Buyers Retention Segment,6945709324023795,Shelf Story Warm Voice,1823323606210415,Brand Awareness,10.17,1935,0,1840,13,22,100,33,21,83,69,0,0,0,0,15,0,28,1.27,0,0,0,1802,0
2026-07-18,Affiliate Network,Market Fresh Demand Initiative,Metro Region Loyalty Cohort,15908997,Health Conscious Buyers Affinity Segment,7030806053055339,Offer Spotlight Friendly Voice,1308581766084093,Brand Awareness,173.43,25464,0,26658,45,100,100,100,100,1197,840,0,0,0,0,55,0,104,0.38,1,5,0,22774,0
2026-07-18,Shopping Grid,Home Essentials Promo Initiative,Metro Region Conversion Cohort,44948390,Quick Refill Buyers Retention Segment,1899712342036110,Shelf Story Warm Voice,8585579191193727,Brand Awareness,0,0,0,0,0,0,0,0,0,0,0,0,0,0,0,0,0,0,0,0,0,0,0,0
2026-07-18,Discovery Network,Seasonal Select Promo Initiative,Metro Region Loyalty Cohort,15908997,Health Conscious Buyers Interest Segment,9636976462621540,Offer Spotlight Bold Voice,1173956280094687,Brand Awareness,64.46,14731,0,14619,14,100,100,100,100,352,315,0,0,0,0,234,0,233,1.61,1,0,0,14595,0
2026-07-18,Search Network,Seasonal Select Promo Initiative,Metro Region Loyalty Cohort,15908997,Health Conscious Buyers Retention Segment,6945709324023795,Collection Showcase Warm Voice,5332220446039657,Brand Awareness,5.39,1147,0,1085,0,29,100,59,40,40,33,0,0,0,0,5,0,5,0.43,0,0,0,1140,0
2026-07-18,Affiliate Network,Seasonal Select Promo Initiative,Metro Region Loyalty Cohort,15908997,Family Planners Lookalike Segment,1435940547903710,Collection Showcase Warm Voice,1794728517690399,Brand Awareness,101.38,14337,0,17157,38,100,100,100,100,692,623,0,0,1,0,809,0,602,3.56,2,4,0,15348,0
2026-07-18,Display Network,Market Fresh Demand Initiative,Metro Region Loyalty Cohort,15908997,Health Conscious Buyers Affinity Segment,7030806053055339,Offer Spotlight Bold Voice,4469236434282536,Brand Awareness,144.70,18485,0,22183,56,100,100,100,100,1289,991,0,0,0,0,51,0,118,0.58,0,7,0,21237,0
2026-07-18,Social Feed,Seasonal Select Promo Initiative,Metro Region Loyalty Cohort,15908997,Health Conscious Buyers Interest Segment,9636976462621540,Shelf Story Bold Voice,1162050509268935,Brand Awareness,63.29,10583,0,12516,29,100,100,100,100,365,354,0,0,1,0,343,0,288,2.05,0,1,0,10254,0
2026-07-18,Display Network,Home Essentials Scale Initiative,Metro Region Prospecting Cohort,86057605,Family Planners Interest Segment,2052479131570920,Price Drop Cut Value Voice,1450690616595384,Brand Awareness,0,0,0,0,0,0,0,0,0,0,0,0,0,0,0,0,0,0,0,0,0,0,0,0
2026-07-18,Connected TV,Seasonal Select Promo Initiative,Metro Region Loyalty Cohort,15908997,Family Planners Lookalike Segment,1435940547903710,Shelf Story Bold Voice,1694124854748380,Brand Awareness,118.61,15190,0,16235,29,100,100,100,100,724,578,0,0,1,0,813,0,739,4.52,0,8,0,15108,0
2026-07-18,Discovery Network,Seasonal Select Promo Initiative,Metro Region Loyalty Cohort,15908997,Health Conscious Buyers Retention Segment,6945709324023795,Offer Spotlight Friendly Voice,1505459502516869,Brand Awareness,5.37,751,0,789,0,16,82,25,16,28,24,0,0,0,0,7,0,9,0.73,0,0,0,839,0
2026-07-18,Display Network,Market Fresh Demand Initiative,Metro Region Loyalty Cohort,15908997,Health Conscious Buyers Affinity Segment,7030806053055339,Offer Spotlight Bold Voice,7816991454234970,Brand Awareness,431.5,61825,0,61263,297,100,100,100,100,8329,6352,0,0,1,0,305,0,552,0.99,0,20,0,60424,0
2026-07-18,Connected TV,Seasonal Select Promo Initiative,Metro Region Loyalty Cohort,15908997,Health Conscious Buyers Retention Segment,6945709324023795,Offer Spotlight Bold Voice,3227305453568424,Brand Awareness,4.29,668,0,764,2,13,37,23,21,29,28,0,0,0,0,3,0,5,0.72,0,0,0,656,0
2026-07-18,Affiliate Network,Seasonal Select Promo Initiative,Metro Region Loyalty Cohort,15908997,Family Planners Lookalike Segment,1435940547903710,Collection Showcase Warm Voice,4477978810320029,Brand Awareness,54.44,7854,0,6918,10,100,100,100,100,401,328,0,0,0,0,426,0,424,4.81,0,2,0,7849,0
2026-07-18,Display Network,Market Fresh Demand Initiative,Metro Region Loyalty Cohort,15908997,Health Conscious Buyers Affinity Segment,7030806053055339,Price Drop Cut Value Voice,1486591106265412,Brand Awareness,204.89,24594,0,32527,66,100,100,100,100,1161,1044,0,0,0,0,86,0,145,0.58,1,7,0,28929,0
2026-07-18,Discovery Network,Family Pantry Retention Initiative,Metro Region Loyalty Cohort,15908997,Family Planners Lookalike Segment,1665761135741679,Shelf Story Warm Voice,2616618213121749,Brand Awareness,0,0,0,0,0,0,0,0,0,0,0,0,0,0,0,0,0,0,0,0,0,0,0,0
2026-07-18,Video Network,Seasonal Select Promo Initiative,Metro Region Loyalty Cohort,15908997,Health Conscious Buyers Interest Segment,9636976462621540,Shelf Story Warm Voice,5318692481434552,Brand Awareness,79.11,12330,0,11893,29,100,100,100,100,491,426,0,0,1,0,314,0,282,2.14,0,5,0,12163,0
2026-07-17,Display Network,Family Pantry Retention Initiative,Metro Region Loyalty Cohort,15908997,Family Planners Lookalike Segment,1665761135741679,Collection Showcase Warm Voice,5654112849815777,Brand Awareness,0,0,0,0,0,0,0,0,0,0,0,0,0,0,0,0,0,0,0,0,0,0,0,0
2026-07-17,Display Network,Market Fresh Demand Initiative,Metro Region Loyalty Cohort,15908997,Health Conscious Buyers Affinity Segment,7030806053055339,Offer Spotlight Bold Voice,5462037895277767,Brand Awareness,123.73,16808,0,15441,30,100,100,100,100,570,504,0,0,0,0,44,0,70,0.47,0,2,0,16280,0
2026-07-17,Social Feed,Seasonal Select Promo Initiative,Metro Region Loyalty Cohort,15908997,Health Conscious Buyers Interest Segment,9636976462621540,Offer Spotlight Bold Voice,1173956280094687,Brand Awareness,40.25,7067,0,6040,13,100,100,100,100,212,207,0,0,0,0,203,0,153,2.30,0,0,0,5682,0
2026-07-17,Social Feed,Family Pantry Retention Initiative,Metro Region Loyalty Cohort,15908997,Health Conscious Buyers Interest Segment,9013382232369046,Shelf Story Warm Voice,1099249066640891,Brand Awareness,0,0,0,0,0,0,0,0,0,0,0,0,0,0,0,0,0,0,0,0,0,0,0,0
2026-07-17,Shopping Grid,Seasonal Select Promo Initiative,Metro Region Loyalty Cohort,15908997,Health Conscious Buyers Retention Segment,6945709324023795,Offer Spotlight Bold Voice,5813346492289368,Brand Awareness,12.92,3114,0,2602,7,34,100,63,45,231,164,0,0,0,0,32,0,38,1.38,1,0,0,3048,0
2026-07-17,Connected TV,Market Fresh Demand Initiative,Metro Region Loyalty Cohort,15908997,Health Conscious Buyers Affinity Segment,7030806053055339,Offer Spotlight Bold Voice,7816991454234970,Brand Awareness,538.2,80819,0,76713,455,100,100,100,100,13457,11280,0,0,0,0,398,0,830,1.0,1,28,0,78173,0
2026-07-17,Display Network,Seasonal Select Promo Initiative,Metro Region Loyalty Cohort,15908997,Family Planners Lookalike Segment,1718074286658736,Promo Banner Warm Voice,1089449421739833,Brand Awareness,0,0,0,0,0,0,0,0,0,0,0,0,0,0,0,0,0,0,0,0,0,0,0,0
2026-07-17,In-App Display,Seasonal Select Promo Initiative,Metro Region Loyalty Cohort,15908997,Health Conscious Buyers Retention Segment,6945709324023795,Shelf Story Bold Voice,1738479709197085,Brand Awareness,2.90,679,0,873,0,12,37,19,13,14,11,0,0,0,0,2,0,2,0.20,0,0,0,762,0
2026-07-17,Connected TV,Seasonal Select Promo Initiative,Metro Region Loyalty Cohort,15908997,Health Conscious Buyers Retention Segment,6945709324023795,Offer Spotlight Bold Voice,3227305453568424,Brand Awareness,2.35,669,0,728,1,0,12,7,5,8,8,0,0,0,0,1,0,2,0.37,0,0,0,654,0
2026-07-17,Video Network,Market Fresh Demand Initiative,Metro Region Loyalty Cohort,15908997,Health Conscious Buyers Affinity Segment,7030806053055339,Price Drop Cut Value Voice,1486591106265412,Brand Awareness,147.49,23213,0,22104,49,100,100,100,100,976,753,0,0,0,0,63,0,108,0.50,1,3,0,23537,0
2026-07-17,In-App Display,Seasonal Select Promo Initiative,Metro Region Loyalty Cohort,15908997,Family Planners Lookalike Segment,1435940547903710,Offer Spotlight Bold Voice,1312967392719179,Brand Awareness,70.14,8309,0,9355,35,100,100,100,100,578,427,0,0,1,0,123,0,135,1.33,0,3,0,9244,0
2026-07-17,Connected TV,Weekend Saver Retention Initiative,Metro Region Loyalty Cohort,15908997,Family Planners Lookalike Segment,7248228093339312,Shelf Story Warm Voice,6451368560487732,Brand Awareness,0,0,0,0,0,0,0,0,0,0,0,0,0,0,0,0,0,0,0,0,0,0,0,0
2026-07-17,Video Network,Seasonal Select Promo Initiative,Metro Region Loyalty Cohort,15908997,Health Conscious Buyers Interest Segment,1532426936569806,Shelf Story Bold Voice,1082336609132049,Brand Awareness,0,0,0,0,0,0,0,0,0,0,0,0,0,0,0,0,0,0,0,0,0,0,0,0
2026-07-17,Search Network,Weekend Saver Retention Initiative,Metro Region Loyalty Cohort,15908997,Health Conscious Buyers Interest Segment,1334393532567969,Offer Spotlight Bold Voice,3220054077294586,Brand Awareness,0,0,0,0,0,0,0,0,0,0,0,0,0,0,0,0,0,0,0,0,0,0,0,0
2026-07-17,Display Network,Family Pantry Retention Initiative,Metro Region Loyalty Cohort,15908997,Family Planners Lookalike Segment,1665761135741679,Shelf Story Warm Voice,6549680554582288,Brand Awareness,0,0,0,0,0,0,0,0,0,0,0,0,0,0,0,0,0,0,0,0,0,0,0,0
2026-07-17,Search Network,Seasonal Select Promo Initiative,Metro Region Loyalty Cohort,15908997,Health Conscious Buyers Interest Segment,9636976462621540,Offer Spotlight Friendly Voice,1451736217985844,Brand Awareness,29.27,5128,0,4433,10,95,100,100,100,207,141,0,0,0,0,119,0,98,2.03,0,0,0,4478,0
2026-07-17,In-App Display,Market Fresh Demand Initiative,Metro Region Loyalty Cohort,15908997,Health Conscious Buyers Affinity Segment,7030806053055339,Offer Spotlight Friendly Voice,1308581766084093,Brand Awareness,113.44,17785,0,16939,37,100,100,100,100,728,613,0,0,0,0,47,0,76,0.48,2,1,0,15100,0
2026-07-17,In-App Display,Seasonal Select Promo Initiative,Metro Region Loyalty Cohort,15908997,Family Planners Lookalike Segment,1435940547903710,Shelf Story Bold Voice,1694124854748380,Brand Awareness,183.66,20483,0,22741,43,100,100,100,100,1395,1119,0,0,0,0,2273,0,1657,7.8,0,6,0,18083,0
2026-07-17,Connected TV,Seasonal Select Promo Initiative,Metro Region Loyalty Cohort,15908997,Family Planners Lookalike Segment,1435940547903710,Offer Spotlight Friendly Voice,9750064897272716,Brand Awareness,66.40,9863,0,8781,20,100,100,100,100,551,460,0,0,0,0,526,0,435,4.43,0,1,0,9162,0
2026-07-17,Connected TV,Market Fresh Demand Initiative,Metro Region Loyalty Cohort,15908997,Health Conscious Buyers Affinity Segment,7030806053055339,Collection Showcase Warm Voice,1620091426868263,Brand Awareness,93.71,13198,0,15534,37,100,100,100,100,328,321,0,0,0,0,34,0,65,0.43,0,1,0,12454,0
2026-07-17,Marketplace Feed,Family Pantry Retention Initiative,Metro Region Loyalty Cohort,15908997,Family Planners Lookalike Segment,1665761135741679,Shelf Story Warm Voice,2616618213121749,Brand Awareness,0,0,0,0,0,0,0,0,0,0,0,0,0,0,0,0,0,0,0,0,0,0,0,0
2026-07-17,Affiliate Network,Seasonal Select Promo Initiative,Metro Region Loyalty Cohort,15908997,Health Conscious Buyers Retention Segment,6945709324023795,Shelf Story Warm Voice,1823323606210415,Brand Awareness,9.9,2467,0,2904,4,18,95,33,24,59,59,0,0,0,0,12,0,18,0.63,0,1,0,2549,0
2026-07-17,Social Feed,Weekend Saver Retention Initiative,Metro Region Loyalty Cohort,15908997,Health Conscious Buyers Interest Segment,1334393532567969,Shelf Story Warm Voice,8045514033882153,Brand Awareness,0,0,0,0,0,0,0,0,0,0,0,0,0,0,0,0,0,0,0,0,0,0,0,0
2026-07-17,Influencer Network,Seasonal Select Promo Initiative,Metro Region Loyalty Cohort,15908997,Family Planners Lookalike Segment,1435940547903710,Offer Spotlight Bold Voice,4537133360628572,Brand Awareness,172.05,18289,0,21787,71,100,100,100,100,2489,2365,0,0,7,0,1537,0,1594,6.71,1,12,0,21914,0
2026-07-17,Display Network,Seasonal Select Promo Initiative,Metro Region Loyalty Cohort,15908997,Health Conscious Buyers Interest Segment,9636976462621540,Shelf Story Bold Voice,1162050509268935,Brand Awareness,50.22,9432,0,8993,14,100,100,100,100,292,274,0,0,0,0,304,0,229,2.9,0,2,0,8396,0
2026-07-17,Marketplace Feed,Seasonal Select Promo Initiative,Metro Region Loyalty Cohort,15908997,Family Planners Lookalike Segment,1435940547903710,Shelf Story Bold Voice,1624603170651165,Brand Awareness,63.67,8202,0,8434,19,100,100,100,100,283,251,0,0,1,0,108,0,98,1.39,0,0,0,7274,0
2026-07-17,Marketplace Feed,Seasonal Select Promo Initiative,Metro Region Loyalty Cohort,15908997,Health Conscious Buyers Interest Segment,9636976462621540,Shelf Story Warm Voice,7555982603028652,Brand Awareness,45.81,6524,0,6953,25,100,100,100,100,338,326,0,0,1,0,164,0,170,2.36,0,0,0,6151,0
2026-07-17,Connected TV,Seasonal Select Promo Initiative,Metro Region Loyalty Cohort,15908997,Health Conscious Buyers Interest Segment,9636976462621540,Offer Spotlight Bold Voice,1125424362537969,Brand Awareness,105.96,20600,0,23142,75,100,100,100,100,550,513,0,0,2,0,305,0,383,1.26,0,3,0,24944,0
2026-07-17,In-App Display,Seasonal Select Promo Initiative,Metro Region Loyalty Cohort,15908997,Health Conscious Buyers Interest Segment,9636976462621540,Collection Showcase Warm Voice,8433975883301302,Brand Awareness,60.54,9440,0,9727,16,100,100,100,100,430,421,0,0,1,0,414,0,349,3.62,2,4,0,8533,0
2026-07-17,Connected TV,Market Fresh Demand Initiative,Metro Region Loyalty Cohort,15908997,Health Conscious Buyers Affinity Segment,7030806053055339,Collection Showcase Warm Voice,1528136951530426,Brand Awareness,187.84,23359,0,26619,30,100,100,100,100,1055,803,0,0,0,0,70,0,95,0.5,0,7,0,24158,0
2026-07-17,Marketplace Feed,Family Pantry Retention Initiative,Metro Region Loyalty Cohort,15908997,Family Planners Lookalike Segment,1665761135741679,Shelf Story Warm Voice,2793262031628184,Brand Awareness,0,0,0,0,0,0,0,0,0,0,0,0,0,0,0,0,0,0,0,0,0,0,0,0
2026-07-17,Connected TV,Market Fresh Demand Initiative,Metro Region Loyalty Cohort,15908997,Health Conscious Buyers Affinity Segment,7030806053055339,Shelf Story Bold Voice,1314867205803152,Brand Awareness,117.49,15089,0,18797,50,100,100,100,100,747,573,0,0,0,0,45,0,108,0.55,0,1,0,16751,0
2026-07-17,Retail Media Network,Weekend Saver Retention Initiative,Metro Region Loyalty Cohort,15908997,Health Conscious Buyers Interest Segment,1334393532567969,Shelf Story Bold Voice,8314765461987923,Brand Awareness,0,0,0,0,0,0,0,0,0,0,0,0,0,0,0,0,0,0,0,0,0,0,0,0
2026-07-17,Social Feed,Seasonal Select Promo Initiative,Metro Region Loyalty Cohort,15908997,Health Conscious Buyers Retention Segment,6945709324023795,Collection Showcase Warm Voice,5332220446039657,Brand Awareness,3.45,915,0,803,1,16,87,33,21,26,21,0,0,0,0,6,0,8,0.79,0,0,0,872,0
2026-07-17,Marketplace Feed,Weekend Saver Retention Initiative,Metro Region Loyalty Cohort,15908997,Health Conscious Buyers Interest Segment,1334393532567969,Price Drop Cut Value Voice,2051943278335934,Brand Awareness,0,0,0,0,0,0,0,0,0,0,0,0,0,0,0,0,0,0,0,0,0,0,0,0
2026-07-17,Social Feed,Market Fresh Demand Initiative,Metro Region Loyalty Cohort,15908997,Health Conscious Buyers Affinity Segment,7030806053055339,Shelf Story Warm Voice,9854057346236000,Brand Awareness,368.91,43460,0,52454,184,100,100,100,100,2773,2339,0,0,0,0,112,0,305,0.62,0,12,0,46668,0
2026-07-17,In-App Display,Seasonal Select Promo Initiative,Metro Region Loyalty Cohort,15908997,Family Planners Lookalike Segment,1435940547903710,Shelf Story Warm Voice,1551351673809105,Brand Awareness,145.26,17117,0,14352,58,100,100,100,100,987,977,0,0,2,0,1083,0,818,4.34,1,9,0,14357,0
2026-07-17,Connected TV,Seasonal Select Promo Initiative,Metro Region Loyalty Cohort,15908997,Family Planners Lookalike Segment,1435940547903710,Price Drop Cut Value Voice,4944439086617637,Brand Awareness,96.20,11993,0,10198,22,100,100,100,100,696,596,0,0,0,0,774,0,596,4.9,0,3,0,10700,0
2026-07-17,Retail Media Network,Seasonal Select Promo Initiative,Metro Region Loyalty Cohort,15908997,Family Planners Lookalike Segment,1718074286658736,Shelf Story Warm Voice,1533493773187614,Brand Awareness,0,0,0,0,0,0,0,0,0,0,0,0,0,0,0,0,0,0,0,0,0,0,0,0
2026-07-17,In-App Display,Family Pantry Retention Initiative,Metro Region Conversion Cohort,15908997,Bulk Buyers Retention Segment,1412316301536073,Offer Spotlight Friendly Voice,9097155454198752,Catalog Engagement,0,0,0,0,0,0,0,0,0,0,0,0,0,0,0,0,0,0,0,0,0,0,0,0
2026-07-17,Social Feed,Seasonal Select Promo Initiative,Metro Region Loyalty Cohort,15908997,Health Conscious Buyers Interest Segment,9636976462621540,Shelf Story Warm Voice,5318692481434552,Brand Awareness,97.14,14430,0,14768,44,100,100,100,100,465,403,0,0,1,0,270,0,300,1.54,0,3,0,14058,0
2026-07-17,Retail Media Network,Home Essentials Scale Initiative,Metro Region Loyalty Cohort,86057605,Weekend Deal Hunters Interest Segment,1459448327666023,Product Reel Bold Voice,1341726046078307,Brand Awareness,0,0,0,0,0,0,0,0,0,0,0,0,0,0,0,0,0,0,0,0,0,0,0,0
2026-07-17,Retail Media Network,Seasonal Select Promo Initiative,Metro Region Loyalty Cohort,15908997,Family Planners Lookalike Segment,1718074286658736,Shelf Story Bold Voice,4278310985669178,Brand Awareness,0,0,0,0,0,0,0,0,0,0,0,0,0,0,0,0,0,0,0,0,0,0,0,0
2026-07-17,Connected TV,Seasonal Select Promo Initiative,Metro Region Loyalty Cohort,15908997,Family Planners Lookalike Segment,1435940547903710,Collection Showcase Warm Voice,1794728517690399,Brand Awareness,141.87,16599,0,18278,57,100,100,100,100,1159,832,0,0,1,0,1185,0,970,6.19,0,10,0,15502,0
2026-07-17,Search Network,Family Pantry Retention Initiative,Metro Region Loyalty Cohort,15908997,Health Conscious Buyers Interest Segment,1474840462607869,Shelf Story Warm Voice,4340134105081797,Brand Awareness,0,0,0,0,0,0,0,0,0,0,0,0,0,0,0,0,0,0,0,0,0,0,0,0
2026-07-17,Affiliate Network,Family Pantry Retention Initiative,Metro Region Loyalty Cohort,86057605,Family Planners Lookalike Segment,1541980607257120,Shelf Story Warm Voice,1227821280716912,Brand Awareness,0,0,0,0,0,0,0,0,0,0,0,0,0,0,0,0,0,0,0,0,0,0,0,0
2026-07-17,Shopping Grid,Seasonal Select Promo Initiative,Metro Region Loyalty Cohort,15908997,Health Conscious Buyers Retention Segment,6945709324023795,Offer Spotlight Friendly Voice,1505459502516869,Brand Awareness,2.87,531,0,640,3,9,48,19,11,16,13,0,0,0,0,4,0,6,1.10,0,0,0,494,0
2026-07-17,Marketplace Feed,Market Fresh Demand Initiative,Metro Region Loyalty Cohort,15908997,Health Conscious Buyers Affinity Segment,7030806053055339,Shelf Story Warm Voice,9326714968149692,Brand Awareness,128.37,18422,0,19501,40,100,100,100,100,1038,763,0,0,0,0,37,0,74,0.36,0,2,0,16594,0
2026-07-17,Retail Media Network,Market Fresh Demand Initiative,Metro Region Loyalty Cohort,15908997,Health Conscious Buyers Affinity Segment,7030806053055339,Shelf Story Bold Voice,4877488741451153,Brand Awareness,95.84,13983,0,15397,38,100,100,100,100,421,388,0,0,0,0,37,0,67,0.47,0,0,0,12286,0
2026-07-17,Video Network,Seasonal Select Promo Initiative,Metro Region Loyalty Cohort,15908997,Health Conscious Buyers Interest Segment,9636976462621540,Price Drop Cut Value Voice,1145727121527841,Brand Awareness,49.18,8193,0,8871,16,100,100,100,100,307,267,0,0,0,0,225,0,182,2.0,2,2,0,7116,0
2026-07-17,Marketplace Feed,Seasonal Select Promo Initiative,Metro Region Loyalty Cohort,15908997,Health Conscious Buyers Interest Segment,9636976462621540,Collection Showcase Warm Voice,1528989560536138,Brand Awareness,28.74,4551,0,5106,10,100,100,100,100,191,149,0,0,0,0,132,0,112,2.55,0,1,0,3847,0
2026-07-17,Social Feed,Seasonal Select Promo Initiative,Metro Region Loyalty Cohort,15908997,Family Planners Lookalike Segment,1435940547903710,Collection Showcase Warm Voice,4477978810320029,Brand Awareness,124.82,11578,0,13918,22,100,100,100,100,832,644,0,0,0,0,1359,0,1005,6.8,0,4,0,14146,0
2026-07-17,Video Network,Seasonal Select Promo Initiative,Metro Region Loyalty Cohort,15908997,Family Planners Lookalike Segment,1435940547903710,Offer Spotlight Bold Voice,1099239113496281,Brand Awareness,94.51,11118,0,14372,34,100,100,100,100,552,541,0,0,0,0,732,0,605,5.58,1,0,0,10689,0
2026-07-17,Shopping Grid,Weekend Saver Retention Initiative,Metro Region Loyalty Cohort,15908997,Family Planners Lookalike Segment,7248228093339312,Price Drop Cut Value Voice,9318406623487279,Brand Awareness,0,0,0,0,0,0,0,0,0,0,0,0,0,0,0,0,0,0,0,0,0,0,0,0
2026-07-17,Retail Media Network,Seasonal Select Promo Initiative,Metro Region Loyalty Cohort,15908997,Health Conscious Buyers Interest Segment,9636976462621540,Offer Spotlight Bold Voice,8387476592728197,Brand Awareness,132.19,18158,0,21550,76,100,100,100,100,2158,1713,0,0,2,0,1158,0,1007,4.32,1,8,0,21756,0
2026-07-17,Display Network,Seasonal Select Promo Initiative,Metro Region Loyalty Cohort,15908997,Health Conscious Buyers Retention Segment,6945709324023795,Collection Showcase Warm Voice,1145521054891308,Brand Awareness,2.84,727,0,695,1,4,19,7,6,8,7,0,0,0,0,0,0,2,0.24,0,0,0,677,0
2026-07-17,Social Feed,Seasonal Select Promo Initiative,Metro Region Loyalty Cohort,15908997,Health Conscious Buyers Retention Segment,6945709324023795,Promo Banner Friendly Voice,1228492131723428,Brand Awareness,4.94,1682,0,1805,2,6,55,15,9,44,39,0,0,0,0,14,0,14,0.71,3,0,0,1550,0
2026-07-17,Marketplace Feed,Seasonal Select Promo Initiative,Metro Region Loyalty Cohort,15908997,Family Planners Lookalike Segment,1435940547903710,Promo Banner Friendly Voice,1979120391570106,Brand Awareness,157.00,23533,0,21319,58,100,100,100,100,1562,1413,0,0,3,0,1734,0,1526,6.1,0,7,0,20573,0
2026-07-17,Social Feed,Seasonal Select Promo Initiative,Metro Region Loyalty Cohort,15908997,Health Conscious Buyers Retention Segment,6945709324023795,Shelf Story Bold Voice,2029239804837920,Brand Awareness,3.65,1068,0,1035,3,13,60,22,19,23,20,0,0,0,0,4,0,5,0.56,0,0,0,928,0
2026-07-17,Social Feed,Market Fresh Demand Initiative,Metro Region Loyalty Cohort,15908997,Health Conscious Buyers Affinity Segment,7030806053055339,Offer Spotlight Bold Voice,1778672574727283,Brand Awareness,85.56,10918,0,12420,25,100,100,100,100,823,687,0,0,0,0,32,0,72,0.62,1,3,0,11497,0
2026-07-17,Social Feed,Weekend Saver Retention Initiative,Metro Region Loyalty Cohort,15908997,Family Planners Lookalike Segment,7248228093339312,Shelf Story Warm Voice,1150526236199258,Brand Awareness,0,0,0,0,0,0,0,0,0,0,0,0,0,0,0,0,0,0,0,0,0,0,0,0
2026-07-17,Marketplace Feed,Weekend Saver Retention Initiative,Metro Region Loyalty Cohort,15908997,Health Conscious Buyers Interest Segment,1334393532567969,Shelf Story Warm Voice,2520693897922300,Brand Awareness,0,0,0,0,0,0,0,0,0,0,0,0,0,0,0,0,0,0,0,0,0,0,0,0
2026-07-17,Influencer Network,Seasonal Select Promo Initiative,Metro Region Loyalty Cohort,15908997,Health Conscious Buyers Interest Segment,9636976462621540,Shelf Story Bold Voice,5205739363049317,Brand Awareness,36.13,4934,0,5463,12,100,100,100,100,126,122,0,0,0,0,37,0,38,0.7,0,1,0,4632,0
2026-07-17,Discovery Network,Seasonal Select Promo Initiative,Metro Region Loyalty Cohort,15908997,Health Conscious Buyers Interest Segment,9636976462621540,Promo Banner Friendly Voice,1283021001863590,Brand Awareness,70.65,12023,0,10979,23,100,100,100,100,462,434,0,0,1,0,305,0,300,2.34,0,1,0,12092,0
2026-07-17,Social Feed,Seasonal Select Promo Initiative,Metro Region Loyalty Cohort,15908997,Health Conscious Buyers Interest Segment,9636976462621540,Offer Spotlight Bold Voice,1610722595215638,Brand Awareness,28.56,4941,0,4688,13,69,100,100,93,206,178,0,0,0,0,53,0,51,1.08,0,1,0,4219,0
2026-07-17,Connected TV,Seasonal Select Promo Initiative,Metro Region Loyalty Cohort,15908997,Health Conscious Buyers Retention Segment,6945709324023795,Offer Spotlight Bold Voice,1532712540255137,Brand Awareness,10,2920,0,2526,6,7,60,20,12,54,41,0,0,0,0,18,0,19,0.73,0,0,0,2919,0
2026-07-17,In-App Display,Family Pantry Retention Initiative,Metro Region Loyalty Cohort,15908997,Family Planners Lookalike Segment,1665761135741679,Shelf Story Value Voice,5225143865411760,Brand Awareness,0,0,0,0,0,0,0,0,0,0,0,0,0,0,0,0,0,0,0,0,0,0,0,0
2026-07-17,Influencer Network,Market Fresh Demand Initiative,Metro Region Loyalty Cohort,15908997,Health Conscious Buyers Affinity Segment,7030806053055339,Offer Spotlight Bold Voice,4469236434282536,Brand Awareness,374.98,50427,0,42814,152,100,100,100,100,2444,1966,0,0,2,0,91,0,276,0.52,1,8,0,43762,0
2026-07-17,Search Network,Weekend Saver Retention Initiative,Metro Region Loyalty Cohort,15908997,Family Planners Lookalike Segment,7248228093339312,Price Drop Cut Value Voice,9781212069592701,Brand Awareness,0,0,0,0,0,0,0,0,0,0,0,0,0,0,0,0,0,0,0,0,0,0,0,0
2026-07-17,Retail Media Network,Market Fresh Demand Initiative,Metro Region Loyalty Cohort,15908997,Health Conscious Buyers Affinity Segment,7030806053055339,Promo Banner Friendly Voice,3159348300226057,Brand Awareness,185.61,29312,0,25211,59,100,100,100,100,1501,1103,0,0,0,0,94,0,137,0.54,3,3,0,24035,0
2026-07-17,Search Network,Seasonal Select Promo Initiative,Metro Region Loyalty Cohort,15908997,Family Planners Lookalike Segment,1435940547903710,Offer Spotlight Bold Voice,1878114509065679,Brand Awareness,195.6,27569,0,28555,92,100,100,100,100,1429,1157,0,0,3,0,1420,0,1403,4.72,0,29,0,27676,0
2026-07-17,Display Network,Market Fresh Demand Initiative,Metro Region Conversion Cohort,86057605,Weekend Deal Hunters Interest Segment,2737857498400057,Product Reel Warm Voice,1640779927447931,Catalog Engagement,0,0,0,0,0,0,0,0,0,0,0,0,0,0,0,0,0,0,0,0,0,0,0,0
2026-07-17,Retail Media Network,Seasonal Select Promo Initiative,Metro Region Loyalty Cohort,15908997,Health Conscious Buyers Retention Segment,6945709324023795,Price Drop Cut Value Voice,1540225504199059,Brand Awareness,3.1,830,0,865,2,7,70,21,9,12,10,0,0,0,0,4,0,5,0.69,0,0,0,770,0
2026-07-17,Video Network,Seasonal Select Promo Initiative,Metro Region Loyalty Cohort,15908997,Health Conscious Buyers Retention Segment,6945709324023795,Shelf Story Warm Voice,4178078534064285,Brand Awareness,3.70,887,0,965,1,4,30,7,5,13,11,0,0,0,0,5,0,4,0.53,0,0,0,801,0
2026-07-17,Video Network,Seasonal Select Promo Initiative,Metro Region Loyalty Cohort,15908997,Family Planners Lookalike Segment,1435940547903710,Shelf Story Warm Voice,1656139180808294,Brand Awareness,153.25,18049,0,18789,47,100,100,100,100,1517,1319,0,0,0,0,1396,0,1392,7.82,0,7,0,16008,0
2026-07-17,Connected TV,Seasonal Select Promo Initiative,Metro Region Loyalty Cohort,15908997,Health Conscious Buyers Retention Segment,6945709324023795,Offer Spotlight Bold Voice,1942492104880454,Brand Awareness,2.75,830,0,770,7,10,64,25,11,19,18,0,0,0,0,5,0,11,1.21,0,0,0,684,0
2026-07-16,Social Feed,Seasonal Select Promo Initiative,Metro Region Loyalty Cohort,15908997,Family Planners Lookalike Segment,1435940547903710,Shelf Story Bold Voice,1624603170651165,Brand Awareness,24.17,4522,0,3958,12,76,100,100,86,123,98,0,0,0,0,48,0,49,0.97,1,0,0,4374,0
2026-07-16,Video Network,Market Fresh Demand Initiative,Metro Region Loyalty Cohort,15908997,Health Conscious Buyers Affinity Segment,7030806053055339,Offer Spotlight Bold Voice,4469236434282536,Brand Awareness,752.8,100928,0,116842,352,100,100,100,100,6154,5067,0,0,1,0,213,0,573,0.46,2,18,0,103286,0
2026-07-16,In-App Display,Family Pantry Retention Initiative,Metro Region Loyalty Cohort,15908997,Family Planners Lookalike Segment,1665761135741679,Shelf Story Warm Voice,2616618213121749,Brand Awareness,0,0,0,0,0,0,0,0,0,0,0,0,0,0,0,0,0,0,0,0,0,0,0,0
2026-07-16,Display Network,Family Pantry Retention Initiative,Metro Region Conversion Cohort,38881639,Family Planners Lookalike Segment,1010331617086390,Shelf Story Warm Voice,1022962676348579,Brand Awareness,0,0,0,0,0,0,0,0,0,0,0,0,0,0,0,0,0,0,0,0,0,0,0,0
2026-07-16,Search Network,Seasonal Select Promo Initiative,Metro Region Loyalty Cohort,15908997,Health Conscious Buyers Interest Segment,9636976462621540,Offer Spotlight Bold Voice,8387476592728197,Brand Awareness,320.17,50705,0,56197,201,100,100,100,100,4183,3660,0,0,6,0,1529,0,1747,3.12,5,19,0,44478,0
2026-07-16,In-App Display,Seasonal Select Promo Initiative,Metro Region Loyalty Cohort,15908997,Family Planners Lookalike Segment,1435940547903710,Shelf Story Bold Voice,1694124854748380,Brand Awareness,36.94,8884,0,9952,10,100,100,100,100,336,285,0,0,1,0,313,0,249,2.61,0,2,0,8806,0
2026-07-16,Video Network,Seasonal Select Promo Initiative,Metro Region Loyalty Cohort,15908997,Family Planners Lookalike Segment,1435940547903710,Offer Spotlight Bold Voice,4537133360628572,Brand Awareness,411.04,65385,0,67047,285,100,100,100,100,6285,5801,0,0,6,0,2829,0,2963,3.37,6,36,0,61250,0
2026-07-16,Discovery Network,Family Pantry Retention Initiative,Metro Region Conversion Cohort,15908997,Bulk Buyers Retention Segment,1412316301536073,Offer Spotlight Friendly Voice,9097155454198752,Catalog Engagement,0,0,0,0,0,0,0,0,0,0,0,0,0,0,0,0,0,0,0,0,0,0,0,0
2026-07-16,Influencer Network,Seasonal Select Promo Initiative,Metro Region Loyalty Cohort,15908997,Family Planners Lookalike Segment,1435940547903710,Shelf Story Warm Voice,1656139180808294,Brand Awareness,43.60,7401,0,7783,17,100,100,100,100,458,414,0,0,0,0,421,0,349,4.59,0,1,0,6939,0
2026-07-16,Discovery Network,Seasonal Select Promo Initiative,Metro Region Loyalty Cohort,15908997,Family Planners Lookalike Segment,1435940547903710,Offer Spotlight Bold Voice,1312967392719179,Brand Awareness,38.9,6500,0,6944,13,100,100,100,100,278,239,0,0,0,0,79,0,75,1.06,0,1,0,6693,0
2026-07-16,Influencer Network,Seasonal Select Promo Initiative,Metro Region Loyalty Cohort,15908997,Family Planners Lookalike Segment,1435940547903710,Price Drop Cut Value Voice,4944439086617637,Brand Awareness,25.82,6120,0,5503,7,100,100,100,100,226,205,0,0,0,0,151,0,127,2.26,1,2,0,5361,0
2026-07-16,Video Network,Seasonal Select Promo Initiative,Metro Region Loyalty Cohort,15908997,Health Conscious Buyers Interest Segment,9636976462621540,Shelf Story Warm Voice,5318692481434552,Brand Awareness,303.92,56197,0,42977,131,100,100,100,100,829,637,0,0,1,0,303,0,423,0.7,0,8,0,55341,0
2026-07-16,Influencer Network,Market Fresh Demand Initiative,Metro Region Loyalty Cohort,15908997,Health Conscious Buyers Affinity Segment,7030806053055339,Shelf Story Warm Voice,9854057346236000,Brand Awareness,802.70,117846,0,117339,394,100,100,100,100,5393,4922,0,0,3,0,241,0,659,0.62,6,27,0,115090,0
2026-07-16,Video Network,Market Fresh Demand Initiative,Metro Region Loyalty Cohort,15908997,Health Conscious Buyers Affinity Segment,7030806053055339,Offer Spotlight Bold Voice,7816991454234970,Brand Awareness,901.32,110920,0,133543,720,100,100,100,100,22148,18685,0,0,3,0,671,0,1237,0.9,2,39,0,129425,0
2026-07-16,Social Feed,Seasonal Select Promo Initiative,Metro Region Loyalty Cohort,15908997,Family Planners Lookalike Segment,1435940547903710,Offer Spotlight Friendly Voice,9750064897272716,Brand Awareness,34.8,6189,0,7371,14,100,100,100,100,300,285,0,0,1,0,383,0,282,3.87,0,1,0,7072,0
2026-07-16,Retail Media Network,Seasonal Select Promo Initiative,Metro Region Loyalty Cohort,15908997,Family Planners Lookalike Segment,1435940547903710,Collection Showcase Warm Voice,4477978810320029,Brand Awareness,53.11,7847,0,9700,19,100,100,100,100,352,302,0,0,1,0,535,0,402,3.90,1,4,0,7774,0
2026-07-16,Shopping Grid,Seasonal Select Promo Initiative,Metro Region Loyalty Cohort,15908997,Family Planners Lookalike Segment,1435940547903710,Offer Spotlight Bold Voice,1878114509065679,Brand Awareness,421.83,75054,0,68190,197,100,100,100,100,2945,2404,0,0,4,0,2550,0,2323,2.61,10,35,0,60432,0
2026-07-16,Search Network,Seasonal Select Promo Initiative,Metro Region Loyalty Cohort,15908997,Health Conscious Buyers Retention Segment,6945709324023795,Offer Spotlight Bold Voice,1532712540255137,Brand Awareness,15.48,3312,0,3013,14,33,100,61,34,119,92,0,0,0,0,43,0,46,1.19,0,0,0,3181,0
2026-07-16,Connected TV,Seasonal Select Promo Initiative,Metro Region Loyalty Cohort,15908997,Health Conscious Buyers Retention Segment,6945709324023795,Shelf Story Warm Voice,1823323606210415,Brand Awareness,13.31,3334,0,3136,8,24,100,40,27,78,61,0,0,0,0,19,0,32,0.86,0,0,0,3081,0
2026-07-16,Video Network,Seasonal Select Promo Initiative,Metro Region Loyalty Cohort,15908997,Health Conscious Buyers Interest Segment,9636976462621540,Offer Spotlight Bold Voice,1125424362537969,Brand Awareness,211.70,44812,0,43690,119,100,100,100,100,1055,883,0,0,4,0,569,0,551,1.0,2,8,0,45350,0
2026-07-16,In-App Display,Seasonal Select Promo Initiative,Metro Region Loyalty Cohort,15908997,Family Planners Lookalike Segment,1435940547903710,Shelf Story Warm Voice,1551351673809105,Brand Awareness,305.91,57140,0,46634,172,100,100,100,100,2299,1689,0,0,5,0,1234,0,1108,2.13,3,16,0,45800,0
2026-07-16,Marketplace Feed,Seasonal Select Promo Initiative,Metro Region Loyalty Cohort,15908997,Family Planners Lookalike Segment,1435940547903710,Promo Banner Friendly Voice,1979120391570106,Brand Awareness,77.8,11188,0,14070,26,100,100,100,100,919,665,0,0,2,0,842,0,793,5.63,0,5,0,10881,0
2026-07-16,Connected TV,Seasonal Select Promo Initiative,Metro Region Loyalty Cohort,15908997,Family Planners Lookalike Segment,1435940547903710,Collection Showcase Warm Voice,1794728517690399,Brand Awareness,32.25,7737,0,7924,28,100,100,100,100,209,186,0,0,0,0,228,0,190,2.26,0,0,0,7211,0
2026-07-16,Retail Media Network,Seasonal Select Promo Initiative,Metro Region Loyalty Cohort,15908997,Family Planners Lookalike Segment,1435940547903710,Offer Spotlight Bold Voice,1099239113496281,Brand Awareness,32.96,5929,0,6527,6,94,100,100,100,206,141,0,0,1,0,244,0,176,2.68,0,3,0,6302,0
2026-07-16,Video Network,Seasonal Select Promo Initiative,Metro Region Loyalty Cohort,15908997,Health Conscious Buyers Retention Segment,6945709324023795,Offer Spotlight Bold Voice,5813346492289368,Brand Awareness,22.97,4048,0,4195,22,63,100,100,74,352,356,0,0,0,0,59,0,81,1.98,0,2,0,4110,0
2026-07-15,Shopping Grid,Seasonal Select Promo Initiative,Metro Region Loyalty Cohort,15908997,Health Conscious Buyers Retention Segment,6945709324023795,Offer Spotlight Bold Voice,1532712540255137,Brand Awareness,5.73,1143,0,1248,1,9,36,18,12,25,26,0,0,0,0,16,0,16,1.17,0,0,0,1132,0
2026-07-15,Search Network,Seasonal Select Promo Initiative,Metro Region Loyalty Cohort,15908997,Family Planners Lookalike Segment,1435940547903710,Shelf Story Warm Voice,1551351673809105,Brand Awareness,392.58,55873,0,56253,170,100,100,100,100,2284,1731,0,0,5,0,2116,0,1794,2.65,4,20,0,59098,0
2026-07-15,Social Feed,Seasonal Select Promo Initiative,Metro Region Loyalty Cohort,15908997,Health Conscious Buyers Interest Segment,9636976462621540,Shelf Story Warm Voice,5318692481434552,Brand Awareness,325.26,65181,0,54068,190,100,100,100,100,1647,1326,0,0,7,0,1936,0,1988,2.64,0,13,0,62924,0
2026-07-15,In-App Display,Seasonal Select Promo Initiative,Metro Region Loyalty Cohort,15908997,Family Planners Lookalike Segment,1435940547903710,Offer Spotlight Bold Voice,1878114509065679,Brand Awareness,505.52,72634,0,77876,211,100,100,100,100,3752,2854,0,0,9,0,3762,0,3519,4.66,1,30,0,64073,0
2026-07-15,Connected TV,Seasonal Select Promo Initiative,Metro Region Loyalty Cohort,15908997,Health Conscious Buyers Interest Segment,9636976462621540,Offer Spotlight Bold Voice,1125424362537969,Brand Awareness,379.77,61155,0,63903,153,100,100,100,100,2420,1911,0,0,9,0,2824,0,2435,3.11,4,25,0,65687,0
2026-07-15,Affiliate Network,Family Pantry Retention Initiative,Metro Region Loyalty Cohort,15908997,Health Conscious Buyers Interest Segment,9013382232369046,Shelf Story Warm Voice,1177430610668804,Brand Awareness,0,0,0,0,0,0,0,0,0,0,0,0,0,0,0,0,0,0,0,0,0,0,0,0
2026-07-15,Search Network,Seasonal Select Promo Initiative,Metro Region Loyalty Cohort,15908997,Health Conscious Buyers Interest Segment,9636976462621540,Offer Spotlight Bold Voice,8387476592728197,Brand Awareness,470.72,67349,0,68051,228,100,100,100,100,7699,5152,0,0,16,0,5759,0,5934,8.39,4,55,0,65972,0
2026-07-15,Shopping Grid,Market Fresh Demand Initiative,Metro Region Loyalty Cohort,15908997,Health Conscious Buyers Affinity Segment,7030806053055339,Offer Spotlight Bold Voice,4469236434282536,Brand Awareness,815.03,129331,0,116762,325,100,100,100,100,6155,4687,0,0,0,0,201,0,622,0.50,6,22,0,121925,0
2026-07-15,Social Feed,Seasonal Select Promo Initiative,Metro Region Loyalty Cohort,15908997,Family Planners Lookalike Segment,1435940547903710,Offer Spotlight Bold Voice,4537133360628572,Brand Awareness,387.05,75698,0,64492,234,100,100,100,100,5057,5089,0,0,22,0,3329,0,2964,4.76,16,34,0,58817,0
2026-07-15,Video Network,Seasonal Select Promo Initiative,Metro Region Loyalty Cohort,15908997,Family Planners Lookalike Segment,1718074286658736,Shelf Story Warm Voice,1532291780998103,Brand Awareness,0,0,0,0,0,0,0,0,0,0,0,0,0,0,0,0,0,0,0,0,0,0,0,0
2026-07-15,In-App Display,Seasonal Select Promo Initiative,Metro Region Loyalty Cohort,15908997,Health Conscious Buyers Retention Segment,6945709324023795,Shelf Story Warm Voice,1823323606210415,Brand Awareness,3.59,824,0,1008,6,3,22,5,3,16,16,0,0,0,0,11,0,19,1.68,0,0,0,911,0
2026-07-15,Search Network,Seasonal Select Promo Initiative,South Region Prospecting Cohort,44948390,Family Planners Lookalike Segment,1612680572149189,Shelf Story Value Voice,9942355155404503,Catalog Engagement,0,0,0,0,0,0,0,0,0,0,0,0,0,0,0,0,0,0,0,0,0,0,0,0
2026-07-15,Display Network,Market Fresh Demand Initiative,Metro Region Loyalty Cohort,15908997,Health Conscious Buyers Affinity Segment,7030806053055339,Offer Spotlight Bold Voice,7816991454234970,Brand Awareness,833.79,118563,0,131111,627,100,100,100,100,18210,18631,0,0,2,0,514,0,1157,0.92,0,23,0,127573,0
2026-07-15,Shopping Grid,Seasonal Select Promo Initiative,Metro Region Loyalty Cohort,15908997,Health Conscious Buyers Retention Segment,6945709324023795,Offer Spotlight Bold Voice,5813346492289368,Brand Awareness,6.46,1095,0,1239,5,27,94,47,33,115,106,0,0,0,0,24,0,27,1.94,0,0,0,1059,0
2026-07-15,Search Network,Family Pantry Retention Initiative,Metro Region Conversion Cohort,38881639,Family Planners Lookalike Segment,1010331617086390,Shelf Story Warm Voice,1022962676348579,Brand Awareness,0,0,0,0,0,0,0,0,0,0,0,0,0,0,0,0,0,0,0,0,0,0,0,0
2026-07-15,Social Feed,Seasonal Select Promo Initiative,Metro Region Loyalty Cohort,15908997,Health Conscious Buyers Interest Segment,1532426936569806,Promo Banner Warm Voice,5732401046815275,Brand Awareness,0,0,0,0,0,0,0,0,0,0,0,0,0,0,0,0,0,0,0,0,0,0,0,0
2026-07-15,Shopping Grid,Market Fresh Demand Initiative,Metro Region Loyalty Cohort,15908997,Health Conscious Buyers Affinity Segment,7030806053055339,Shelf Story Warm Voice,9854057346236000,Brand Awareness,962.78,127729,0,131662,356,100,100,100,100,5515,4305,0,0,0,0,260,0,603,0.6,3,15,0,125908,0
2026-07-14,Influencer Network,Seasonal Select Promo Initiative,Metro Region Loyalty Cohort,15908997,Family Planners Lookalike Segment,1435940547903710,Offer Spotlight Bold Voice,1878114509065679,Brand Awareness,139.47,23203,0,28028,69,100,100,100,100,1010,810,0,0,4,0,1571,0,1118,4.23,2,10,0,24747,0
2026-07-14,Shopping Grid,Seasonal Select Promo Initiative,Metro Region Loyalty Cohort,15908997,Health Conscious Buyers Retention Segment,6945709324023795,Offer Spotlight Bold Voice,5813346492289368,Brand Awareness,2.08,376,0,368,4,7,26,14,9,33,28,0,0,0,0,30,0,25,4.96,0,0,0,363,0
2026-07-14,Influencer Network,Seasonal Select Promo Initiative,Metro Region Loyalty Cohort,15908997,Health Conscious Buyers Interest Segment,9636976462621540,Shelf Story Warm Voice,5318692481434552,Brand Awareness,96.5,25205,0,23186,68,100,100,100,100,586,481,0,0,3,0,591,0,537,1.98,1,5,0,24992,0
2026-07-14,Discovery Network,Market Fresh Demand Initiative,Metro Region Loyalty Cohort,15908997,Health Conscious Buyers Affinity Segment,7030806053055339,Shelf Story Warm Voice,9854057346236000,Brand Awareness,251.40,37922,0,41061,97,100,100,100,100,1832,1389,0,0,0,0,67,0,178,0.46,0,12,0,40159,0
2026-07-14,Shopping Grid,Seasonal Select Promo Initiative,Metro Region Loyalty Cohort,15908997,Health Conscious Buyers Retention Segment,6945709324023795,Offer Spotlight Bold Voice,1532712540255137,Brand Awareness,1.00,309,0,309,2,1,3,2,1,7,5,0,0,0,0,6,0,5,1.6,0,0,0,310,0
2026-07-14,Search Network,Family Pantry Retention Initiative,Metro Region Conversion Cohort,38881639,Family Planners Lookalike Segment,1010331617086390,Shelf Story Warm Voice,1022962676348579,Brand Awareness,0,0,0,0,0,0,0,0,0,0,0,0,0,0,0,0,0,0,0,0,0,0,0,0
2026-07-14,In-App Display,Market Fresh Demand Initiative,Metro Region Loyalty Cohort,15908997,Health Conscious Buyers Affinity Segment,7030806053055339,Offer Spotlight Bold Voice,4469236434282536,Brand Awareness,292.48,39374,0,37323,86,100,100,100,100,1632,1721,0,0,0,0,64,0,168,0.47,0,6,0,37042,0
2026-07-14,Search Network,Seasonal Select Promo Initiative,Metro Region Loyalty Cohort,15908997,Family Planners Lookalike Segment,1435940547903710,Shelf Story Warm Voice,1551351673809105,Brand Awareness,130.1,21218,0,20875,51,100,100,100,100,956,825,0,0,2,0,1355,0,973,4.88,0,13,0,17456,0
2026-07-14,Display Network,Seasonal Select Promo Initiative,Metro Region Loyalty Cohort,15908997,Health Conscious Buyers Interest Segment,9636976462621540,Offer Spotlight Bold Voice,8387476592728197,Brand Awareness,130.36,29843,0,28302,68,100,100,100,100,1618,1553,0,0,3,0,1415,0,1328,3.70,0,5,0,25369,0
2026-07-14,Retail Media Network,Seasonal Select Promo Initiative,Metro Region Loyalty Cohort,15908997,Health Conscious Buyers Interest Segment,9636976462621540,Offer Spotlight Bold Voice,1125424362537969,Brand Awareness,104.7,28300,0,25583,72,100,100,100,100,663,594,0,0,1,0,639,0,586,1.92,0,4,0,25012,0
2026-07-14,Search Network,Weekend Saver Retention Initiative,Metro Region Loyalty Cohort,15908997,Health Conscious Buyers Interest Segment,1334393532567969,Price Drop Cut Value Voice,1109002298095593,Brand Awareness,0,0,0,0,0,0,0,0,0,0,0,0,0,0,0,0,0,0,0,0,0,0,0,0
2026-07-14,Retail Media Network,Family Pantry Retention Initiative,Metro Region Loyalty Cohort,15908997,Family Planners Lookalike Segment,1665761135741679,Collection Showcase Warm Voice,5654112849815777,Brand Awareness,0,0,0,0,0,0,0,0,0,0,0,0,0,0,0,0,0,0,0,0,0,0,0,0
2026-07-14,Display Network,Market Fresh Demand Initiative,Metro Region Loyalty Cohort,15908997,Health Conscious Buyers Affinity Segment,7030806053055339,Offer Spotlight Bold Voice,7816991454234970,Brand Awareness,317.20,39183,0,43629,210,100,100,100,100,6256,5165,0,0,0,0,188,0,381,1.03,5,20,0,33600,0
2026-07-14,In-App Display,Seasonal Select Promo Initiative,Metro Region Loyalty Cohort,15908997,Health Conscious Buyers Retention Segment,6945709324023795,Shelf Story Warm Voice,1823323606210415,Brand Awareness,1.1,280,0,275,0,3,4,2,2,7,6,0,0,0,0,3,0,3,0.95,0,0,0,280,0
2026-07-14,Marketplace Feed,Seasonal Select Promo Initiative,Metro Region Loyalty Cohort,15908997,Family Planners Lookalike Segment,1435940547903710,Offer Spotlight Bold Voice,4537133360628572,Brand Awareness,144.21,27720,0,24038,77,100,100,100,100,2343,1986,0,0,4,0,2315,0,1828,6.72,1,5,0,25179,0
2026-07-14,Search Network,Family Pantry Retention Initiative,Metro Region Loyalty Cohort,15908997,Family Planners Lookalike Segment,1665761135741679,Shelf Story Warm Voice,2616618213121749,Brand Awareness,0,0,0,0,0,0,0,0,0,0,0,0,0,0,0,0,0,0,0,0,0,0,0,0
2026-07-13,Connected TV,Weekend Saver Retention Initiative,Metro Region Loyalty Cohort,15908997,Health Conscious Buyers Interest Segment,1334393532567969,Shelf Story Bold Voice,7232280368739505,Brand Awareness,0,0,0,0,0,0,0,0,0,0,0,0,0,0,0,0,0,0,0,0,0,0,0,0
2026-07-13,Retail Media Network,Family Pantry Retention Initiative,Metro Region Loyalty Cohort,15908997,Family Planners Lookalike Segment,1665761135741679,Shelf Story Warm Voice,6549680554582288,Brand Awareness,0,0,0,0,0,0,0,0,0,0,0,0,0,0,0,0,0,0,0,0,0,0,0,0
2026-07-13,Retail Media Network,Family Pantry Retention Initiative,Metro Region Conversion Cohort,15908997,Weekend Deal Hunters Interest Segment,6202516839870495,Shelf Story Value Voice,1077582730962642,Catalog Engagement,0,0,0,0,0,0,0,0,0,0,0,0,0,0,0,0,0,0,0,0,0,0,0,0
2026-07-13,Retail Media Network,Seasonal Select Promo Initiative,Metro Region Loyalty Cohort,15908997,Family Planners Lookalike Segment,1718074286658736,Shelf Story Warm Voice,1532291780998103,Brand Awareness,0,0,0,0,0,0,0,0,0,0,0,0,0,0,0,0,0,0,0,0,0,0,0,0
2026-07-13,In-App Display,Seasonal Select Promo Initiative,Metro Region Loyalty Cohort,15908997,Family Planners Lookalike Segment,1718074286658736,Shelf Story Warm Voice,1533493773187614,Brand Awareness,0,0,0,0,0,0,0,0,0,0,0,0,0,0,0,0,0,0,0,0,0,0,0,0
2026-07-13,Influencer Network,Seasonal Select Promo Initiative,Metro Region Loyalty Cohort,15908997,Health Conscious Buyers Interest Segment,1532426936569806,Shelf Story Bold Voice,1082336609132049,Brand Awareness,0,0,0,0,0,0,0,0,0,0,0,0,0,0,0,0,0,0,0,0,0,0,0,0
2026-07-13,Connected TV,Family Pantry Retention Initiative,Metro Region Loyalty Cohort,15908997,Family Planners Lookalike Segment,1665761135741679,Promo Banner Friendly Voice,1647756988327695,Brand Awareness,0,0,0,0,0,0,0,0,0,0,0,0,0,0,0,0,0,0,0,0,0,0,0,0
2026-07-13,Social Feed,Weekend Saver Retention Initiative,Metro Region Loyalty Cohort,15908997,Health Conscious Buyers Interest Segment,1334393532567969,Price Drop Cut Value Voice,1109002298095593,Brand Awareness,0,0,0,0,0,0,0,0,0,0,0,0,0,0,0,0,0,0,0,0,0,0,0,0
2026-07-13,Marketplace Feed,Family Pantry Retention Initiative,Metro Region Loyalty Cohort,15908997,Family Planners Lookalike Segment,1002710949555221,Shelf Story Warm Voice,5797898098365146,Brand Awareness,0,0,0,0,0,0,0,0,0,0,0,0,0,0,0,0,0,0,0,0,0,0,0,0
2026-07-13,Retail Media Network,Family Pantry Retention Initiative,Metro Region Loyalty Cohort,15908997,Health Conscious Buyers Interest Segment,1474840462607869,Shelf Story Warm Voice,5682500646683685,Brand Awareness,0,0,0,0,0,0,0,0,0,0,0,0,0,0,0,0,0,0,0,0,0,0,0,0
2026-07-13,Affiliate Network,Family Pantry Retention Initiative,Metro Region Loyalty Cohort,15908997,Family Planners Lookalike Segment,1665761135741679,Shelf Story Value Voice,5225143865411760,Brand Awareness,0,0,0,0,0,0,0,0,0,0,0,0,0,0,0,0,0,0,0,0,0,0,0,0
2026-07-13,Affiliate Network,Weekend Saver Retention Initiative,Metro Region Loyalty Cohort,15908997,Health Conscious Buyers Interest Segment,1334393532567969,Shelf Story Warm Voice,2520693897922300,Brand Awareness,0,0,0,0,0,0,0,0,0,0,0,0,0,0,0,0,0,0,0,0,0,0,0,0
2026-07-13,Influencer Network,Seasonal Select Promo Initiative,Metro Region Loyalty Cohort,15908997,Health Conscious Buyers Interest Segment,1532426936569806,Shelf Story Warm Voice,9953353036347574,Brand Awareness,0,0,0,0,0,0,0,0,0,0,0,0,0,0,0,0,0,0,0,0,0,0,0,0
2026-07-13,Connected TV,Seasonal Select Promo Initiative,Metro Region Loyalty Cohort,15908997,Family Planners Lookalike Segment,1718074286658736,Shelf Story Bold Voice,4278310985669178,Brand Awareness,0,0,0,0,0,0,0,0,0,0,0,0,0,0,0,0,0,0,0,0,0,0,0,0
2026-07-13,In-App Display,Weekend Saver Retention Initiative,Metro Region Loyalty Cohort,15908997,Health Conscious Buyers Interest Segment,1334393532567969,Shelf Story Warm Voice,8045514033882153,Brand Awareness,0,0,0,0,0,0,0,0,0,0,0,0,0,0,0,0,0,0,0,0,0,0,0,0
2026-07-13,In-App Display,Family Pantry Retention Initiative,Metro Region Conversion Cohort,38881639,Family Planners Lookalike Segment,1010331617086390,Shelf Story Warm Voice,1022962676348579,Brand Awareness,0,0,0,0,0,0,0,0,0,0,0,0,0,0,0,0,0,0,0,0,0,0,0,0
2026-07-13,Shopping Grid,Seasonal Select Promo Initiative,Metro Region Loyalty Cohort,15908997,Family Planners Lookalike Segment,1718074286658736,Promo Banner Warm Voice,1089449421739833,Brand Awareness,0,0,0,0,0,0,0,0,0,0,0,0,0,0,0,0,0,0,0,0,0,0,0,0
2026-07-13,Connected TV,Seasonal Select Promo Initiative,Metro Region Loyalty Cohort,15908997,Health Conscious Buyers Interest Segment,1532426936569806,Promo Banner Warm Voice,5732401046815275,Brand Awareness,0,0,0,0,0,0,0,0,0,0,0,0,0,0,0,0,0,0,0,0,0,0,0,0
2026-07-13,Video Network,Family Pantry Retention Initiative,Metro Region Loyalty Cohort,15908997,Family Planners Lookalike Segment,1665761135741679,Shelf Story Warm Voice,2616618213121749,Brand Awareness,0,0,0,0,0,0,0,0,0,0,0,0,0,0,0,0,0,0,0,0,0,0,0,0
2026-07-13,Video Network,Weekend Saver Retention Initiative,Metro Region Loyalty Cohort,15908997,Health Conscious Buyers Interest Segment,1334393532567969,Shelf Story Bold Voice,8314765461987923,Brand Awareness,0,0,0,0,0,0,0,0,0,0,0,0,0,0,0,0,0,0,0,0,0,0,0,0
2026-07-12,Affiliate Network,Home Essentials Promo Initiative,Metro Region Conversion Cohort,44948390,Quick Refill Buyers Retention Segment,1899712342036110,Shelf Story Warm Voice,8585579191193727,Brand Awareness,0,0,0,0,0,0,0,0,0,0,0,0,0,0,0,0,0,0,0,0,0,0,0,0
2026-07-12,Shopping Grid,Seasonal Select Promo Initiative,Metro Region Loyalty Cohort,15908997,Health Conscious Buyers Interest Segment,1532426936569806,Shelf Story Bold Voice,1082336609132049,Brand Awareness,0,0,0,0,0,0,0,0,0,0,0,0,0,0,0,0,0,0,0,0,0,0,0,0
2026-07-12,Search Network,Weekend Saver Retention Initiative,Metro Region Loyalty Cohort,15908997,Family Planners Lookalike Segment,7248228093339312,Price Drop Cut Value Voice,9318406623487279,Brand Awareness,0,0,0,0,0,0,0,0,0,0,0,0,0,0,0,0,0,0,0,0,0,0,0,0
2026-07-12,Discovery Network,Seasonal Select Promo Initiative,Metro Region Loyalty Cohort,15908997,Health Conscious Buyers Interest Segment,1532426936569806,Promo Banner Warm Voice,5732401046815275,Brand Awareness,0,0,0,0,0,0,0,0,0,0,0,0,0,0,0,0,0,0,0,0,0,0,0,0
2026-07-12,Connected TV,Family Pantry Retention Initiative,Metro Region Loyalty Cohort,15908997,Family Planners Lookalike Segment,1665761135741679,Shelf Story Value Voice,5225143865411760,Brand Awareness,0,0,0,0,0,0,0,0,0,0,0,0,0,0,0,0,0,0,0,0,0,0,0,0
2026-07-12,Connected TV,Family Pantry Retention Initiative,Metro Region Loyalty Cohort,15908997,Family Planners Lookalike Segment,1002710949555221,Shelf Story Warm Voice,5797898098365146,Brand Awareness,0,0,0,0,0,0,0,0,0,0,0,0,0,0,0,0,0,0,0,0,0,0,0,0
2026-07-12,Affiliate Network,Family Pantry Retention Initiative,Metro Region Conversion Cohort,15908997,Bulk Buyers Retention Segment,1777717557426296,Shelf Story Value Voice,8084225603313437,Catalog Engagement,0,0,0,0,0,0,0,0,0,0,0,0,0,0,0,0,0,0,0,0,0,0,0,0
2026-07-12,Video Network,Weekend Saver Retention Initiative,Metro Region Loyalty Cohort,15908997,Health Conscious Buyers Interest Segment,1334393532567969,Offer Spotlight Bold Voice,3220054077294586,Brand Awareness,0,0,0,0,0,0,0,0,0,0,0,0,0,0,0,0,0,0,0,0,0,0,0,0
2026-07-12,In-App Display,Family Pantry Retention Initiative,Metro Region Loyalty Cohort,15908997,Family Planners Lookalike Segment,1665761135741679,Shelf Story Warm Voice,2616618213121749,Brand Awareness,0,0,0,0,0,0,0,0,0,0,0,0,0,0,0,0,0,0,0,0,0,0,0,0
2026-07-12,Video Network,Family Pantry Retention Initiative,Metro Region Loyalty Cohort,15908997,Health Conscious Buyers Interest Segment,1474840462607869,Shelf Story Warm Voice,4340134105081797,Brand Awareness,0,0,0,0,0,0,0,0,0,0,0,0,0,0,0,0,0,0,0,0,0,0,0,0
2026-07-12,Marketplace Feed,Seasonal Select Promo Initiative,Metro Region Loyalty Cohort,15908997,Family Planners Lookalike Segment,1718074286658736,Shelf Story Warm Voice,1533493773187614,Brand Awareness,0,0,0,0,0,0,0,0,0,0,0,0,0,0,0,0,0,0,0,0,0,0,0,0
2026-07-12,Connected TV,Family Pantry Retention Initiative,Metro Region Loyalty Cohort,15908997,Family Planners Lookalike Segment,1665761135741679,Shelf Story Warm Voice,2793262031628184,Brand Awareness,0,0,0,0,0,0,0,0,0,0,0,0,0,0,0,0,0,0,0,0,0,0,0,0
2026-07-12,Search Network,Weekend Saver Retention Initiative,Metro Region Loyalty Cohort,15908997,Health Conscious Buyers Interest Segment,1334393532567969,Shelf Story Bold Voice,7232280368739505,Brand Awareness,0,0,0,0,0,0,0,0,0,0,0,0,0,0,0,0,0,0,0,0,0,0,0,0
2026-07-12,Search Network,Family Pantry Retention Initiative,Metro Region Conversion Cohort,15908997,Bulk Buyers Retention Segment,1096889057602193,Offer Spotlight Friendly Voice,5703717592430862,Catalog Engagement,0,0,0,0,0,0,0,0,0,0,0,0,0,0,0,0,0,0,0,0,0,0,0,0
2026-07-12,Social Feed,Family Pantry Retention Initiative,Metro Region Loyalty Cohort,15908997,Family Planners Lookalike Segment,1665761135741679,Promo Banner Friendly Voice,1647756988327695,Brand Awareness,0,0,0,0,0,0,0,0,0,0,0,0,0,0,0,0,0,0,0,0,0,0,0,0
2026-07-12,Connected TV,Weekend Saver Retention Initiative,Metro Region Loyalty Cohort,15908997,Health Conscious Buyers Interest Segment,1334393532567969,Shelf Story Bold Voice,8314765461987923,Brand Awareness,0,0,0,0,0,0,0,0,0,0,0,0,0,0,0,0,0,0,0,0,0,0,0,0
2026-07-12,Social Feed,Weekend Saver Retention Initiative,Metro Region Loyalty Cohort,15908997,Health Conscious Buyers Interest Segment,1334393532567969,Shelf Story Warm Voice,8045514033882153,Brand Awareness,0,0,0,0,0,0,0,0,0,0,0,0,0,0,0,0,0,0,0,0,0,0,0,0
2026-07-12,Connected TV,Seasonal Select Promo Initiative,Metro Region Loyalty Cohort,15908997,Health Conscious Buyers Interest Segment,1532426936569806,Shelf Story Warm Voice,9953353036347574,Brand Awareness,0,0,0,0,0,0,0,0,0,0,0,0,0,0,0,0,0,0,0,0,0,0,0,0
2026-07-12,Social Feed,Family Pantry Retention Initiative,Metro Region Loyalty Cohort,15908997,Health Conscious Buyers Interest Segment,9013382232369046,Shelf Story Warm Voice,5257839822274418,Brand Awareness,0,0,0,0,0,0,0,0,0,0,0,0,0,0,0,0,0,0,0,0,0,0,0,0
2026-07-12,Social Feed,Seasonal Select Promo Initiative,Metro Region Loyalty Cohort,15908997,Health Conscious Buyers Interest Segment,1532426936569806,Offer Spotlight Bold Voice,4433422745438620,Brand Awareness,0,0,0,0,0,0,0,0,0,0,0,0,0,0,0,0,0,0,0,0,0,0,0,0
2026-07-12,Video Network,Family Pantry Retention Initiative,Metro Region Loyalty Cohort,15908997,Family Planners Lookalike Segment,1665761135741679,Shelf Story Warm Voice,6549680554582288,Brand Awareness,0,0,0,0,0,0,0,0,0,0,0,0,0,0,0,0,0,0,0,0,0,0,0,0
2026-07-12,Influencer Network,Family Pantry Retention Initiative,Metro Region Conversion Cohort,38881639,Family Planners Lookalike Segment,1010331617086390,Shelf Story Warm Voice,1022962676348579,Brand Awareness,0,0,0,0,0,0,0,0,0,0,0,0,0,0,0,0,0,0,0,0,0,0,0,0
2026-07-12,In-App Display,Family Pantry Retention Initiative,Metro Region Conversion Cohort,15908997,Family Planners Lookalike Segment,3017606229260592,Shelf Story Value Voice,5691206288583839,Catalog Engagement,0,0,0,0,0,0,0,0,0,0,0,0,0,0,0,0,0,0,0,0,0,0,0,0
2026-07-12,Discovery Network,Weekend Saver Retention Initiative,Metro Region Loyalty Cohort,15908997,Family Planners Lookalike Segment,7248228093339312,Price Drop Cut Value Voice,9781212069592701,Brand Awareness,0,0,0,0,0,0,0,0,0,0,0,0,0,0,0,0,0,0,0,0,0,0,0,0
2026-07-12,Marketplace Feed,Weekend Saver Retention Initiative,Metro Region Loyalty Cohort,15908997,Health Conscious Buyers Interest Segment,1334393532567969,Shelf Story Warm Voice,2520693897922300,Brand Awareness,0,0,0,0,0,0,0,0,0,0,0,0,0,0,0,0,0,0,0,0,0,0,0,0
2026-07-12,Retail Media Network,Family Pantry Retention Initiative,Metro Region Loyalty Cohort,15908997,Family Planners Lookalike Segment,1002710949555221,Shelf Story Warm Voice,3185083078735744,Brand Awareness,0,0,0,0,0,0,0,0,0,0,0,0,0,0,0,0,0,0,0,0,0,0,0,0
2026-07-11,Search Network,Weekend Saver Retention Initiative,Metro Region Loyalty Cohort,15908997,Family Planners Lookalike Segment,7248228093339312,Price Drop Cut Value Voice,9318406623487279,Brand Awareness,0,0,0,0,0,0,0,0,0,0,0,0,0,0,0,0,0,0,0,0,0,0,0,0
2026-07-11,In-App Display,Family Pantry Retention Initiative,Metro Region Loyalty Cohort,15908997,Health Conscious Buyers Interest Segment,9013382232369046,Shelf Story Value Voice,1103993184708534,Brand Awareness,0,0,0,0,0,0,0,0,0,0,0,0,0,0,0,0,0,0,0,0,0,0,0,0
2026-07-11,Discovery Network,Seasonal Select Promo Initiative,Metro Region Loyalty Cohort,15908997,Health Conscious Buyers Interest Segment,1532426936569806,Shelf Story Warm Voice,7193200529405455,Brand Awareness,0,0,0,0,0,0,0,0,0,0,0,0,0,0,0,0,0,0,0,0,0,0,0,0
2026-07-11,Influencer Network,Seasonal Select Promo Initiative,Metro Region Loyalty Cohort,15908997,Family Planners Lookalike Segment,1718074286658736,Promo Banner Warm Voice,1089449421739833,Brand Awareness,0,0,0,0,0,0,0,0,0,0,0,0,0,0,0,0,0,0,0,0,0,0,0,0
2026-07-11,Social Feed,Family Pantry Retention Initiative,Metro Region Loyalty Cohort,15908997,Health Conscious Buyers Interest Segment,9013382232369046,Shelf Story Warm Voice,1177430610668804,Brand Awareness,0,0,0,0,0,0,0,0,0,0,0,0,0,0,0,0,0,0,0,0,0,0,0,0
2026-07-11,Shopping Grid,Family Pantry Retention Initiative,Metro Region Loyalty Cohort,15908997,Health Conscious Buyers Retention Segment,1669733702699813,Price Drop Cut Value Voice,6906673719698824,Brand Awareness,0,0,0,0,0,0,0,0,0,0,0,0,0,0,0,0,0,0,0,0,0,0,0,0
2026-07-11,Discovery Network,Seasonal Select Promo Initiative,Metro Region Loyalty Cohort,15908997,Health Conscious Buyers Retention Segment,3613956286158588,Shelf Story Warm Voice,9626373394400677,Brand Awareness,0,0,0,0,0,0,0,0,0,0,0,0,0,0,0,0,0,0,0,0,0,0,0,0
2026-07-11,Affiliate Network,Family Pantry Retention Initiative,Metro Region Loyalty Cohort,15908997,Health Conscious Buyers Retention Segment,1669733702699813,Shelf Story Warm Voice,1173063753252113,Brand Awareness,0,0,0,0,0,0,0,0,0,0,0,0,0,0,0,0,0,0,0,0,0,0,0,0
2026-07-11,Marketplace Feed,Seasonal Select Promo Initiative,Metro Region Loyalty Cohort,15908997,Family Planners Lookalike Segment,1718074286658736,Offer Spotlight Value Voice,2074777970281390,Brand Awareness,0,0,0,0,0,0,0,0,0,0,0,0,0,0,0,0,0,0,0,0,0,0,0,0
2026-07-11,In-App Display,Weekend Saver Retention Initiative,Metro Region Loyalty Cohort,15908997,Family Planners Lookalike Segment,7248228093339312,Price Drop Cut Value Voice,9781212069592701,Brand Awareness,0,0,0,0,0,0,0,0,0,0,0,0,0,0,0,0,0,0,0,0,0,0,0,0
2026-07-11,Social Feed,Family Pantry Retention Initiative,Metro Region Loyalty Cohort,15908997,Health Conscious Buyers Retention Segment,1669733702699813,Shelf Story Warm Voice,1837904232519606,Brand Awareness,0,0,0,0,0,0,0,0,0,0,0,0,0,0,0,0,0,0,0,0,0,0,0,0
2026-07-11,Social Feed,Seasonal Select Promo Initiative,Metro Region Loyalty Cohort,15908997,Health Conscious Buyers Interest Segment,1532426936569806,Promo Banner Warm Voice,5732401046815275,Brand Awareness,0,0,0,0,0,0,0,0,0,0,0,0,0,0,0,0,0,0,0,0,0,0,0,0
2026-07-11,Retail Media Network,Family Pantry Retention Initiative,Metro Region Loyalty Cohort,15908997,Health Conscious Buyers Retention Segment,4976789753470273,Offer Spotlight Bold Voice,1582932391745882,Brand Awareness,0,0,0,0,0,0,0,0,0,0,0,0,0,0,0,0,0,0,0,0,0,0,0,0
2026-07-11,Marketplace Feed,Weekend Saver Retention Initiative,Metro Region Loyalty Cohort,15908997,Family Planners Lookalike Segment,7248228093339312,Shelf Story Warm Voice,1150526236199258,Brand Awareness,0,0,0,0,0,0,0,0,0,0,0,0,0,0,0,0,0,0,0,0,0,0,0,0
2026-07-11,In-App Display,Seasonal Select Promo Initiative,Metro Region Loyalty Cohort,15908997,Health Conscious Buyers Interest Segment,1532426936569806,Shelf Story Warm Voice,9953353036347574,Brand Awareness,0,0,0,0,0,0,0,0,0,0,0,0,0,0,0,0,0,0,0,0,0,0,0,0
2026-07-11,Retail Media Network,Seasonal Select Promo Initiative,Metro Region Loyalty Cohort,15908997,Family Planners Lookalike Segment,1718074286658736,Shelf Story Bold Voice,4278310985669178,Brand Awareness,0,0,0,0,0,0,0,0,0,0,0,0,0,0,0,0,0,0,0,0,0,0,0,0
2026-07-11,Social Feed,Seasonal Select Promo Initiative,Metro Region Loyalty Cohort,15908997,Health Conscious Buyers Interest Segment,1532426936569806,Offer Spotlight Bold Voice,4433422745438620,Brand Awareness,0,0,0,0,0,0,0,0,0,0,0,0,0,0,0,0,0,0,0,0,0,0,0,0
2026-07-11,In-App Display,Family Pantry Retention Initiative,Metro Region Loyalty Cohort,15908997,Health Conscious Buyers Retention Segment,4976789753470273,Shelf Story Warm Voice,1220076337258804,Brand Awareness,0,0,0,0,0,0,0,0,0,0,0,0,0,0,0,0,0,0,0,0,0,0,0,0
2026-07-11,Marketplace Feed,Seasonal Select Promo Initiative,Metro Region Loyalty Cohort,15908997,Health Conscious Buyers Interest Segment,1532426936569806,Offer Spotlight Value Voice,2894551765052346,Brand Awareness,0,0,0,0,0,0,0,0,0,0,0,0,0,0,0,0,0,0,0,0,0,0,0,0
2026-07-11,Search Network,Family Pantry Retention Initiative,Metro Region Loyalty Cohort,15908997,Health Conscious Buyers Interest Segment,9013382232369046,Shelf Story Warm Voice,5257839822274418,Brand Awareness,0,0,0,0,0,0,0,0,0,0,0,0,0,0,0,0,0,0,0,0,0,0,0,0
2026-07-11,Marketplace Feed,Seasonal Select Promo Initiative,Metro Region Loyalty Cohort,15908997,Health Conscious Buyers Retention Segment,3613956286158588,Shelf Story Bold Voice,1755467445485119,Brand Awareness,0,0,0,0,0,0,0,0,0,0,0,0,0,0,0,0,0,0,0,0,0,0,0,0
2026-07-11,Discovery Network,Family Pantry Retention Initiative,Metro Region Loyalty Cohort,15908997,Health Conscious Buyers Retention Segment,1669733702699813,Promo Banner Friendly Voice,4647140982681565,Brand Awareness,0,0,0,0,0,0,0,0,0,0,0,0,0,0,0,0,0,0,0,0,0,0,0,0
2026-07-11,Affiliate Network,Seasonal Select Promo Initiative,Metro Region Loyalty Cohort,15908997,Family Planners Lookalike Segment,1718074286658736,Offer Spotlight Bold Voice,1638167476571035,Brand Awareness,0,0,0,0,0,0,0,0,0,0,0,0,0,0,0,0,0,0,0,0,0,0,0,0
2026-07-11,Social Feed,Seasonal Select Promo Initiative,Metro Region Loyalty Cohort,15908997,Health Conscious Buyers Retention Segment,3613956286158588,Promo Banner Warm Voice,3456261421148856,Brand Awareness,0,0,0,0,0,0,0,0,0,0,0,0,0,0,0,0,0,0,0,0,0,0,0,0
2026-07-11,Retail Media Network,Family Pantry Retention Initiative,Metro Region Loyalty Cohort,15908997,Health Conscious Buyers Retention Segment,4976789753470273,Shelf Story Warm Voice,5506678816268127,Brand Awareness,0,0,0,0,0,0,0,0,0,0,0,0,0,0,0,0,0,0,0,0,0,0,0,0
2026-07-11,Display Network,Family Pantry Retention Initiative,Metro Region Conversion Cohort,38881639,Family Planners Lookalike Segment,1010331617086390,Shelf Story Warm Voice,1022962676348579,Brand Awareness,0,0,0,0,0,0,0,0,0,0,0,0,0,0,0,0,0,0,0,0,0,0,0,0
2026-07-11,Affiliate Network,Family Pantry Retention Initiative,Metro Region Loyalty Cohort,15908997,Health Conscious Buyers Retention Segment,1669733702699813,Shelf Story Warm Voice,5602072675253918,Brand Awareness,0,0,0,0,0,0,0,0,0,0,0,0,0,0,0,0,0,0,0,0,0,0,0,0
2026-07-11,Connected TV,Weekend Saver Retention Initiative,Metro Region Loyalty Cohort,15908997,Family Planners Lookalike Segment,7248228093339312,Shelf Story Bold Voice,1269408759613688,Brand Awareness,0,0,0,0,0,0,0,0,0,0,0,0,0,0,0,0,0,0,0,0,0,0,0,0
2026-07-11,Video Network,Seasonal Select Promo Initiative,Metro Region Loyalty Cohort,15908997,Family Planners Lookalike Segment,1718074286658736,Shelf Story Warm Voice,1533493773187614,Brand Awareness,0,0,0,0,0,0,0,0,0,0,0,0,0,0,0,0,0,0,0,0,0,0,0,0
2026-07-11,In-App Display,Seasonal Select Promo Initiative,Metro Region Loyalty Cohort,15908997,Family Planners Lookalike Segment,1718074286658736,Shelf Story Warm Voice,1532291780998103,Brand Awareness,0,0,0,0,0,0,0,0,0,0,0,0,0,0,0,0,0,0,0,0,0,0,0,0
2026-07-11,In-App Display,Seasonal Select Promo Initiative,Metro Region Loyalty Cohort,15908997,Health Conscious Buyers Interest Segment,1532426936569806,Shelf Story Bold Voice,1082336609132049,Brand Awareness,0,0,0,0,0,0,0,0,0,0,0,0,0,0,0,0,0,0,0,0,0,0,0,0
2026-07-11,Connected TV,Weekend Saver Retention Initiative,Metro Region Loyalty Cohort,15908997,Family Planners Lookalike Segment,7248228093339312,Shelf Story Warm Voice,6451368560487732,Brand Awareness,0,0,0,0,0,0,0,0,0,0,0,0,0,0,0,0,0,0,0,0,0,0,0,0
2026-07-11,Connected TV,Family Pantry Retention Initiative,Metro Region Prospecting Cohort,86057605,Health Conscious Buyers Affinity Segment,1135622965987651,Shelf Story Warm Voice,6310646509441659,Brand Awareness,0,0,0,0,0,0,0,0,0,0,0,0,0,0,0,0,0,0,0,0,0,0,0,0
2026-07-11,Display Network,Seasonal Select Promo Initiative,Metro Region Loyalty Cohort,15908997,Health Conscious Buyers Retention Segment,3613956286158588,Shelf Story Warm Voice,2259713911990191,Brand Awareness,0,0,0,0,0,0,0,0,0,0,0,0,0,0,0,0,0,0,0,0,0,0,0,0
2026-07-11,Discovery Network,Family Pantry Retention Initiative,Metro Region Loyalty Cohort,15908997,Health Conscious Buyers Retention Segment,1669733702699813,Collection Showcase Warm Voice,1788908453907262,Brand Awareness,0,0,0,0,0,0,0,0,0,0,0,0,0,0,0,0,0,0,0,0,0,0,0,0
2026-07-11,Video Network,Family Pantry Retention Initiative,Metro Region Loyalty Cohort,15908997,Health Conscious Buyers Retention Segment,4976789753470273,Shelf Story Warm Voice,4041974945367907,Brand Awareness,0,0,0,0,0,0,0,0,0,0,0,0,0,0,0,0,0,0,0,0,0,0,0,0
2026-07-11,Connected TV,Family Pantry Retention Initiative,Metro Region Loyalty Cohort,15908997,Health Conscious Buyers Interest Segment,1474840462607869,Offer Spotlight Bold Voice,3530423296641236,Brand Awareness,0,0,0,0,0,0,0,0,0,0,0,0,0,0,0,0,0,0,0,0,0,0,0,0
2026-07-11,Video Network,Family Pantry Retention Initiative,Metro Region Conversion Cohort,15908997,Bulk Buyers Retention Segment,1412316301536073,Offer Spotlight Friendly Voice,9097155454198752,Catalog Engagement,0,0,0,0,0,0,0,0,0,0,0,0,0,0,0,0,0,0,0,0,0,0,0,0
2026-07-11,In-App Display,Family Pantry Retention Initiative,Metro Region Conversion Cohort,44948390,Health Conscious Buyers Retention Segment,1425500821334288,Product Reel Bold Voice,2476416610568674,Catalog Engagement,0,0,0,0,0,0,0,0,0,0,0,0,0,0,0,0,0,0,0,0,0,0,0,0
2026-07-11,Display Network,Seasonal Select Promo Initiative,Metro Region Loyalty Cohort,15908997,Health Conscious Buyers Retention Segment,3613956286158588,Offer Spotlight Bold Voice,4607696881668990,Brand Awareness,0,0,0,0,0,0,0,0,0,0,0,0,0,0,0,0,0,0,0,0,0,0,0,0
2026-07-11,Affiliate Network,Family Pantry Retention Initiative,Metro Region Loyalty Cohort,15908997,Health Conscious Buyers Retention Segment,1669733702699813,Shelf Story Warm Voice,4211876559793011,Brand Awareness,0,0,0,0,0,0,0,0,0,0,0,0,0,0,0,0,0,0,0,0,0,0,0,0
2026-07-11,Discovery Network,Family Pantry Retention Initiative,Metro Region Loyalty Cohort,15908997,Family Planners Lookalike Segment,1002710949555221,Shelf Story Warm Voice,5797898098365146,Brand Awareness,0,0,0,0,0,0,0,0,0,0,0,0,0,0,0,0,0,0,0,0,0,0,0,0
2026-07-10,Search Network,Seasonal Select Promo Initiative,Metro Region Loyalty Cohort,15908997,Health Conscious Buyers Interest Segment,1532426936569806,Offer Spotlight Bold Voice,4433422745438620,Brand Awareness,0,0,0,0,0,0,0,0,0,0,0,0,0,0,0,0,0,0,0,0,0,0,0,0
2026-07-10,Shopping Grid,Family Pantry Retention Initiative,Metro Region Loyalty Cohort,15908997,Health Conscious Buyers Retention Segment,1669733702699813,Shelf Story Warm Voice,1173063753252113,Brand Awareness,0,0,0,0,0,0,0,0,0,0,0,0,0,0,0,0,0,0,0,0,0,0,0,0
2026-07-10,Shopping Grid,Seasonal Select Promo Initiative,Metro Region Loyalty Cohort,15908997,Family Planners Lookalike Segment,1718074286658736,Promo Banner Warm Voice,1089449421739833,Brand Awareness,0,0,0,0,0,0,0,0,0,0,0,0,0,0,0,0,0,0,0,0,0,0,0,0
2026-07-10,Influencer Network,Seasonal Select Promo Initiative,Metro Region Loyalty Cohort,15908997,Health Conscious Buyers Retention Segment,3613956286158588,Shelf Story Warm Voice,2259713911990191,Brand Awareness,0,0,0,0,0,0,0,0,0,0,0,0,0,0,0,0,0,0,0,0,0,0,0,0
2026-07-10,In-App Display,Weekend Saver Retention Initiative,Metro Region Loyalty Cohort,15908997,Family Planners Lookalike Segment,7248228093339312,Shelf Story Bold Voice,1269408759613688,Brand Awareness,0,0,0,0,0,0,0,0,0,0,0,0,0,0,0,0,0,0,0,0,0,0,0,0
2026-07-10,Social Feed,Seasonal Select Promo Initiative,Metro Region Loyalty Cohort,15908997,Health Conscious Buyers Interest Segment,1532426936569806,Shelf Story Bold Voice,1082336609132049,Brand Awareness,0,0,0,0,0,0,0,0,0,0,0,0,0,0,0,0,0,0,0,0,0,0,0,0
2026-07-10,Display Network,Family Pantry Retention Initiative,Metro Region Loyalty Cohort,15908997,Family Planners Lookalike Segment,1665761135741679,Shelf Story Warm Voice,2616618213121749,Brand Awareness,0,0,0,0,0,0,0,0,0,0,0,0,0,0,0,0,0,0,0,0,0,0,0,0
2026-07-10,In-App Display,Seasonal Select Promo Initiative,Metro Region Loyalty Cohort,15908997,Family Planners Lookalike Segment,1718074286658736,Offer Spotlight Value Voice,2074777970281390,Brand Awareness,0,0,0,0,0,0,0,0,0,0,0,0,0,0,0,0,0,0,0,0,0,0,0,0
2026-07-10,Social Feed,Seasonal Select Promo Initiative,Metro Region Loyalty Cohort,15908997,Health Conscious Buyers Interest Segment,1532426936569806,Offer Spotlight Value Voice,2894551765052346,Brand Awareness,0,0,0,0,0,0,0,0,0,0,0,0,0,0,0,0,0,0,0,0,0,0,0,0
2026-07-10,Marketplace Feed,Family Pantry Retention Initiative,Metro Region Loyalty Cohort,15908997,Health Conscious Buyers Interest Segment,9013382232369046,Promo Banner Friendly Voice,1255871739760170,Brand Awareness,0,0,0,0,0,0,0,0,0,0,0,0,0,0,0,0,0,0,0,0,0,0,0,0
2026-07-10,In-App Display,Weekend Saver Retention Initiative,Metro Region Loyalty Cohort,15908997,Health Conscious Buyers Interest Segment,1334393532567969,Shelf Story Warm Voice,2520693897922300,Brand Awareness,0,0,0,0,0,0,0,0,0,0,0,0,0,0,0,0,0,0,0,0,0,0,0,0
2026-07-10,Video Network,Seasonal Select Demand Initiative,Metro Region Conversion Cohort,15908997,Bulk Buyers Retention Segment,1061064502710542,Offer Spotlight Bold Voice,1741856265266256,Catalog Engagement,0,0,0,0,0,0,0,0,0,0,0,0,0,0,0,0,0,0,0,0,0,0,0,0
2026-07-10,Connected TV,Seasonal Select Promo Initiative,Metro Region Loyalty Cohort,15908997,Family Planners Lookalike Segment,1718074286658736,Shelf Story Warm Voice,1533493773187614,Brand Awareness,0,0,0,0,0,0,0,0,0,0,0,0,0,0,0,0,0,0,0,0,0,0,0,0
2026-07-10,Marketplace Feed,Seasonal Select Promo Initiative,Metro Region Loyalty Cohort,15908997,Family Planners Lookalike Segment,1718074286658736,Shelf Story Warm Voice,1532291780998103,Brand Awareness,0,0,0,0,0,0,0,0,0,0,0,0,0,0,0,0,0,0,0,0,0,0,0,0
2026-07-10,Influencer Network,Family Pantry Retention Initiative,Metro Region Loyalty Cohort,15908997,Family Planners Lookalike Segment,1002710949555221,Shelf Story Warm Voice,3185083078735744,Brand Awareness,0,0,0,0,0,0,0,0,0,0,0,0,0,0,0,0,0,0,0,0,0,0,0,0
2026-07-10,Display Network,Home Essentials Scale Initiative,Metro Region Conversion Cohort,44948390,Bulk Buyers Retention Segment,5247618499351699,Collection Showcase Warm Voice,1378719551322531,Brand Awareness,0,0,0,0,0,0,0,0,0,0,0,0,0,0,0,0,0,0,0,0,0,0,0,0
2026-07-10,Marketplace Feed,Weekend Saver Retention Initiative,Metro Region Loyalty Cohort,15908997,Health Conscious Buyers Interest Segment,1334393532567969,Price Drop Cut Value Voice,1109002298095593,Brand Awareness,0,0,0,0,0,0,0,0,0,0,0,0,0,0,0,0,0,0,0,0,0,0,0,0
2026-07-10,Video Network,Family Pantry Retention Initiative,Metro Region Loyalty Cohort,15908997,Family Planners Lookalike Segment,1002710949555221,Shelf Story Warm Voice,5797898098365146,Brand Awareness,0,0,0,0,0,0,0,0,0,0,0,0,0,0,0,0,0,0,0,0,0,0,0,0
2026-07-10,Connected TV,Family Pantry Retention Initiative,Metro Region Loyalty Cohort,15908997,Health Conscious Buyers Interest Segment,9013382232369046,Shelf Story Warm Voice,5257839822274418,Brand Awareness,0,0,0,0,0,0,0,0,0,0,0,0,0,0,0,0,0,0,0,0,0,0,0,0
2026-07-10,Influencer Network,Seasonal Select Promo Initiative,Metro Region Loyalty Cohort,15908997,Family Planners Lookalike Segment,1718074286658736,Offer Spotlight Bold Voice,1638167476571035,Brand Awareness,0,0,0,0,0,0,0,0,0,0,0,0,0,0,0,0,0,0,0,0,0,0,0,0
2026-07-10,Video Network,Seasonal Select Promo Initiative,Metro Region Loyalty Cohort,15908997,Family Planners Lookalike Segment,1718074286658736,Shelf Story Bold Voice,4278310985669178,Brand Awareness,0,0,0,0,0,0,0,0,0,0,0,0,0,0,0,0,0,0,0,0,0,0,0,0
2026-07-10,Search Network,Family Pantry Retention Initiative,Metro Region Conversion Cohort,15908997,Family Planners Lookalike Segment,3017606229260592,Shelf Story Value Voice,5691206288583839,Catalog Engagement,0,0,0,0,0,0,0,0,0,0,0,0,0,0,0,0,0,0,0,0,0,0,0,0
2026-07-10,Search Network,Seasonal Select Promo Initiative,Metro Region Loyalty Cohort,15908997,Health Conscious Buyers Interest Segment,1532426936569806,Shelf Story Warm Voice,7193200529405455,Brand Awareness,0,0,0,0,0,0,0,0,0,0,0,0,0,0,0,0,0,0,0,0,0,0,0,0
2026-07-10,In-App Display,Family Pantry Retention Initiative,Metro Region Conversion Cohort,15908997,Bulk Buyers Retention Segment,1777717557426296,Shelf Story Value Voice,8084225603313437,Catalog Engagement,0,0,0,0,0,0,0,0,0,0,0,0,0,0,0,0,0,0,0,0,0,0,0,0
2026-07-09,Discovery Network,Seasonal Select Promo Initiative,Metro Region Loyalty Cohort,15908997,Family Planners Lookalike Segment,1718074286658736,Shelf Story Warm Voice,1533493773187614,Brand Awareness,0,0,0,0,0,0,0,0,0,0,0,0,0,0,0,0,0,0,0,0,0,0,0,0
2026-07-09,Search Network,Seasonal Select Promo Initiative,Metro Region Loyalty Cohort,15908997,Family Planners Lookalike Segment,1718074286658736,Shelf Story Warm Voice,1532291780998103,Brand Awareness,0,0,0,0,0,0,0,0,0,0,0,0,0,0,0,0,0,0,0,0,0,0,0,0
2026-07-09,Influencer Network,Family Pantry Retention Initiative,Metro Region Loyalty Cohort,15908997,Family Planners Lookalike Segment,1665761135741679,Promo Banner Friendly Voice,1647756988327695,Brand Awareness,0,0,0,0,0,0,0,0,0,0,0,0,0,0,0,0,0,0,0,0,0,0,0,0
2026-07-09,Video Network,Seasonal Select Promo Initiative,Metro Region Loyalty Cohort,15908997,Health Conscious Buyers Retention Segment,3613956286158588,Shelf Story Warm Voice,2259713911990191,Brand Awareness,0,0,0,0,0,0,0,0,0,0,0,0,0,0,0,0,0,0,0,0,0,0,0,0
2026-07-09,Retail Media Network,Home Essentials Scale Initiative,Metro Region Prospecting Cohort,86057605,Family Planners Interest Segment,2052479131570920,Shelf Story Warm Voice,1453411941100364,Brand Awareness,0,0,0,0,0,0,0,0,0,0,0,0,0,0,0,0,0,0,0,0,0,0,0,0
2026-07-09,In-App Display,Seasonal Select Promo Initiative,Metro Region Loyalty Cohort,15908997,Family Planners Lookalike Segment,1718074286658736,Offer Spotlight Bold Voice,1638167476571035,Brand Awareness,0,0,0,0,0,0,0,0,0,0,0,0,0,0,0,0,0,0,0,0,0,0,0,0
2026-07-09,Video Network,Family Pantry Retention Initiative,Metro Region Loyalty Cohort,15908997,Health Conscious Buyers Retention Segment,1669733702699813,Shelf Story Value Voice,1365467474223726,Brand Awareness,0,0,0,0,0,0,0,0,0,0,0,0,0,0,0,0,0,0,0,0,0,0,0,0
2026-07-09,Discovery Network,Seasonal Select Promo Initiative,Metro Region Loyalty Cohort,15908997,Family Planners Lookalike Segment,1718074286658736,Shelf Story Bold Voice,4278310985669178,Brand Awareness,0,0,0,0,0,0,0,0,0,0,0,0,0,0,0,0,0,0,0,0,0,0,0,0
2026-07-09,Shopping Grid,Seasonal Select Promo Initiative,Metro Region Loyalty Cohort,15908997,Family Planners Lookalike Segment,1718074286658736,Promo Banner Warm Voice,1089449421739833,Brand Awareness,0,0,0,0,0,0,0,0,0,0,0,0,0,0,0,0,0,0,0,0,0,0,0,0
2026-07-09,Connected TV,Seasonal Select Promo Initiative,Metro Region Loyalty Cohort,15908997,Health Conscious Buyers Interest Segment,1532426936569806,Shelf Story Warm Voice,9953353036347574,Brand Awareness,0,0,0,0,0,0,0,0,0,0,0,0,0,0,0,0,0,0,0,0,0,0,0,0
2026-07-09,Shopping Grid,Family Pantry Retention Initiative,Metro Region Loyalty Cohort,15908997,Family Planners Lookalike Segment,1665761135741679,Shelf Story Warm Voice,2616618213121749,Brand Awareness,0,0,0,0,0,0,0,0,0,0,0,0,0,0,0,0,0,0,0,0,0,0,0,0
2026-07-09,Influencer Network,Family Pantry Retention Initiative,Metro Region Loyalty Cohort,15908997,Health Conscious Buyers Interest Segment,9013382232369046,Shelf Story Warm Voice,1177430610668804,Brand Awareness,0,0,0,0,0,0,0,0,0,0,0,0,0,0,0,0,0,0,0,0,0,0,0,0
2026-07-09,Influencer Network,Family Pantry Retention Initiative,Metro Region Loyalty Cohort,15908997,Health Conscious Buyers Interest Segment,1474840462607869,Shelf Story Warm Voice,9110304031000052,Brand Awareness,0,0,0,0,0,0,0,0,0,0,0,0,0,0,0,0,0,0,0,0,0,0,0,0
2026-07-09,In-App Display,Seasonal Select Promo Initiative,Metro Region Loyalty Cohort,15908997,Health Conscious Buyers Retention Segment,3613956286158588,Promo Banner Warm Voice,3456261421148856,Brand Awareness,0,0,0,0,0,0,0,0,0,0,0,0,0,0,0,0,0,0,0,0,0,0,0,0
2026-07-09,In-App Display,Family Pantry Retention Initiative,Metro Region Loyalty Cohort,15908997,Health Conscious Buyers Retention Segment,1669733702699813,Shelf Story Warm Voice,1837904232519606,Brand Awareness,0,0,0,0,0,0,0,0,0,0,0,0,0,0,0,0,0,0,0,0,0,0,0,0
2026-07-09,Retail Media Network,Seasonal Select Demand Initiative,Metro Region Conversion Cohort,15908997,Bulk Buyers Retention Segment,1061064502710542,Offer Spotlight Bold Voice,1741856265266256,Catalog Engagement,0,0,0,0,0,0,0,0,0,0,0,0,0,0,0,0,0,0,0,0,0,0,0,0
2026-07-08,Display Network,Family Pantry Retention Initiative,Metro Region Prospecting Cohort,86057605,Health Conscious Buyers Interest Segment,4038732375076011,Price Drop Cut Direct Voice,1621355325413800,Brand Awareness,0,0,0,0,0,0,0,0,0,0,0,0,0,0,0,0,0,0,0,0,0,0,0,0
2026-07-08,In-App Display,Family Pantry Retention Initiative,Metro Region Loyalty Cohort,15908997,Health Conscious Buyers Interest Segment,9013382232369046,Shelf Story Warm Voice,1177430610668804,Brand Awareness,0,0,0,0,0,0,0,0,0,0,0,0,0,0,0,0,0,0,0,0,0,0,0,0
2026-07-08,Video Network,Seasonal Select Promo Initiative,Metro Region Loyalty Cohort,15908997,Health Conscious Buyers Interest Segment,1532426936569806,Promo Banner Warm Voice,5732401046815275,Brand Awareness,0,0,0,0,0,0,0,0,0,0,0,0,0,0,0,0,0,0,0,0,0,0,0,0
2026-07-08,Social Feed,Seasonal Select Promo Initiative,Metro Region Loyalty Cohort,15908997,Family Planners Lookalike Segment,1718074286658736,Offer Spotlight Value Voice,2074777970281390,Brand Awareness,0,0,0,0,0,0,0,0,0,0,0,0,0,0,0,0,0,0,0,0,0,0,0,0
2026-07-08,Influencer Network,Seasonal Select Promo Initiative,Metro Region Loyalty Cohort,15908997,Health Conscious Buyers Interest Segment,1532426936569806,Shelf Story Bold Voice,1082336609132049,Brand Awareness,0,0,0,0,0,0,0,0,0,0,0,0,0,0,0,0,0,0,0,0,0,0,0,0
2026-07-08,Marketplace Feed,Seasonal Select Promo Initiative,Metro Region Loyalty Cohort,15908997,Family Planners Lookalike Segment,1718074286658736,Shelf Story Bold Voice,4278310985669178,Brand Awareness,0,0,0,0,0,0,0,0,0,0,0,0,0,0,0,0,0,0,0,0,0,0,0,0
2026-07-08,Social Feed,Weekend Saver Retention Initiative,Metro Region Loyalty Cohort,15908997,Family Planners Lookalike Segment,7248228093339312,Price Drop Cut Value Voice,9781212069592701,Brand Awareness,0,0,0,0,0,0,0,0,0,0,0,0,0,0,0,0,0,0,0,0,0,0,0,0
2026-07-08,Connected TV,Seasonal Select Promo Initiative,Metro Region Loyalty Cohort,15908997,Health Conscious Buyers Retention Segment,3613956286158588,Promo Banner Warm Voice,3456261421148856,Brand Awareness,0,0,0,0,0,0,0,0,0,0,0,0,0,0,0,0,0,0,0,0,0,0,0,0
2026-07-08,Search Network,Family Pantry Retention Initiative,Metro Region Conversion Cohort,15908997,Bulk Buyers Retention Segment,1412316301536073,Offer Spotlight Friendly Voice,9097155454198752,Catalog Engagement,0,0,0,0,0,0,0,0,0,0,0,0,0,0,0,0,0,0,0,0,0,0,0,0
2026-07-08,Marketplace Feed,Seasonal Select Promo Initiative,Metro Region Loyalty Cohort,15908997,Family Planners Lookalike Segment,1718074286658736,Offer Spotlight Bold Voice,1638167476571035,Brand Awareness,0,0,0,0,0,0,0,0,0,0,0,0,0,0,0,0,0,0,0,0,0,0,0,0
2026-07-08,Affiliate Network,Seasonal Select Promo Initiative,Metro Region Loyalty Cohort,15908997,Health Conscious Buyers Retention Segment,3613956286158588,Shelf Story Bold Voice,1755467445485119,Brand Awareness,0,0,0,0,0,0,0,0,0,0,0,0,0,0,0,0,0,0,0,0,0,0,0,0
2026-07-08,Shopping Grid,Seasonal Select Promo Initiative,Metro Region Loyalty Cohort,15908997,Family Planners Lookalike Segment,1718074286658736,Shelf Story Warm Voice,1532291780998103,Brand Awareness,0,0,0,0,0,0,0,0,0,0,0,0,0,0,0,0,0,0,0,0,0,0,0,0
2026-07-08,Marketplace Feed,Seasonal Select Promo Initiative,Metro Region Loyalty Cohort,15908997,Family Planners Lookalike Segment,1718074286658736,Shelf Story Warm Voice,1533493773187614,Brand Awareness,0,0,0,0,0,0,0,0,0,0,0,0,0,0,0,0,0,0,0,0,0,0,0,0
2026-07-08,Affiliate Network,Family Pantry Retention Initiative,Metro Region Prospecting Cohort,86057605,Health Conscious Buyers Interest Segment,4038732375076011,Shelf Story Warm Voice,1071265383635459,Brand Awareness,0,0,0,0,0,0,0,0,0,0,0,0,0,0,0,0,0,0,0,0,0,0,0,0
2026-07-08,Search Network,Seasonal Select Promo Initiative,Metro Region Loyalty Cohort,15908997,Health Conscious Buyers Interest Segment,1532426936569806,Shelf Story Warm Voice,7193200529405455,Brand Awareness,0,0,0,0,0,0,0,0,0,0,0,0,0,0,0,0,0,0,0,0,0,0,0,0
2026-07-08,Influencer Network,Family Pantry Retention Initiative,Metro Region Loyalty Cohort,15908997,Health Conscious Buyers Retention Segment,1669733702699813,Shelf Story Warm Voice,1173063753252113,Brand Awareness,0,0,0,0,0,0,0,0,0,0,0,0,0,0,0,0,0,0,0,0,0,0,0,0
2026-07-08,Social Feed,Seasonal Select Promo Initiative,Metro Region Loyalty Cohort,15908997,Family Planners Lookalike Segment,1718074286658736,Promo Banner Warm Voice,1089449421739833,Brand Awareness,0,0,0,0,0,0,0,0,0,0,0,0,0,0,0,0,0,0,0,0,0,0,0,0
2026-07-08,Social Feed,Seasonal Select Promo Initiative,Metro Region Loyalty Cohort,15908997,Health Conscious Buyers Interest Segment,1532426936569806,Offer Spotlight Value Voice,2894551765052346,Brand Awareness,0,0,0,0,0,0,0,0,0,0,0,0,0,0,0,0,0,0,0,0,0,0,0,0
2026-07-08,Influencer Network,Seasonal Select Promo Initiative,Metro Region Loyalty Cohort,15908997,Health Conscious Buyers Interest Segment,1532426936569806,Shelf Story Warm Voice,9953353036347574,Brand Awareness,0,0,0,0,0,0,0,0,0,0,0,0,0,0,0,0,0,0,0,0,0,0,0,0
2026-07-07,Retail Media Network,Seasonal Select Promo Initiative,Metro Region Loyalty Cohort,15908997,Health Conscious Buyers Interest Segment,1532426936569806,Shelf Story Warm Voice,9953353036347574,Brand Awareness,0,0,0,0,0,0,0,0,0,0,0,0,0,0,0,0,0,0,0,0,0,0,0,0
2026-07-07,Discovery Network,Seasonal Select Promo Initiative,Metro Region Loyalty Cohort,15908997,Health Conscious Buyers Retention Segment,3613956286158588,Promo Banner Warm Voice,3456261421148856,Brand Awareness,0,0,0,0,0,0,0,0,0,0,0,0,0,0,0,0,0,0,0,0,0,0,0,0
2026-07-07,Discovery Network,Family Pantry Retention Initiative,Metro Region Loyalty Cohort,15908997,Family Planners Lookalike Segment,1665761135741679,Promo Banner Friendly Voice,1647756988327695,Brand Awareness,0,0,0,0,0,0,0,0,0,0,0,0,0,0,0,0,0,0,0,0,0,0,0,0
2026-07-07,Search Network,Family Pantry Retention Initiative,Metro Region Loyalty Cohort,15908997,Family Planners Lookalike Segment,1665761135741679,Shelf Story Warm Voice,2793262031628184,Brand Awareness,0,0,0,0,0,0,0,0,0,0,0,0,0,0,0,0,0,0,0,0,0,0,0,0
2026-07-07,Display Network,Weekend Saver Retention Initiative,Metro Region Loyalty Cohort,15908997,Health Conscious Buyers Interest Segment,1334393532567969,Offer Spotlight Bold Voice,3220054077294586,Brand Awareness,0,0,0,0,0,0,0,0,0,0,0,0,0,0,0,0,0,0,0,0,0,0,0,0
2026-07-07,In-App Display,Seasonal Select Promo Initiative,Metro Region Loyalty Cohort,15908997,Family Planners Lookalike Segment,1718074286658736,Shelf Story Warm Voice,1532291780998103,Brand Awareness,0,0,0,0,0,0,0,0,0,0,0,0,0,0,0,0,0,0,0,0,0,0,0,0
2026-07-07,Retail Media Network,Seasonal Select Promo Initiative,Metro Region Loyalty Cohort,15908997,Family Planners Lookalike Segment,1718074286658736,Shelf Story Warm Voice,1533493773187614,Brand Awareness,0,0,0,0,0,0,0,0,0,0,0,0,0,0,0,0,0,0,0,0,0,0,0,0
2026-07-07,In-App Display,Family Pantry Retention Initiative,Metro Region Loyalty Cohort,15908997,Family Planners Lookalike Segment,1665761135741679,Shelf Story Warm Voice,6549680554582288,Brand Awareness,0,0,0,0,0,0,0,0,0,0,0,0,0,0,0,0,0,0,0,0,0,0,0,0
2026-07-07,Discovery Network,Seasonal Select Promo Initiative,Metro Region Loyalty Cohort,15908997,Family Planners Lookalike Segment,1718074286658736,Promo Banner Warm Voice,1089449421739833,Brand Awareness,0,0,0,0,0,0,0,0,0,0,0,0,0,0,0,0,0,0,0,0,0,0,0,0
2026-07-07,In-App Display,Family Pantry Retention Initiative,Metro Region Conversion Cohort,15908997,Family Planners Lookalike Segment,3017606229260592,Shelf Story Value Voice,5691206288583839,Catalog Engagement,0,0,0,0,0,0,0,0,0,0,0,0,0,0,0,0,0,0,0,0,0,0,0,0
2026-07-07,Social Feed,Seasonal Select Demand Initiative,Metro Region Conversion Cohort,15908997,Bulk Buyers Retention Segment,1061064502710542,Offer Spotlight Bold Voice,1741856265266256,Catalog Engagement,0,0,0,0,0,0,0,0,0,0,0,0,0,0,0,0,0,0,0,0,0,0,0,0
2026-07-07,Search Network,Family Pantry Retention Initiative,Metro Region Loyalty Cohort,15908997,Health Conscious Buyers Interest Segment,9013382232369046,Shelf Story Warm Voice,1177430610668804,Brand Awareness,0,0,0,0,0,0,0,0,0,0,0,0,0,0,0,0,0,0,0,0,0,0,0,0
2026-07-07,In-App Display,Family Pantry Retention Initiative,Metro Region Loyalty Cohort,15908997,Health Conscious Buyers Retention Segment,1669733702699813,Shelf Story Warm Voice,1173063753252113,Brand Awareness,0,0,0,0,0,0,0,0,0,0,0,0,0,0,0,0,0,0,0,0,0,0,0,0
2026-07-07,In-App Display,Family Pantry Retention Initiative,Metro Region Loyalty Cohort,15908997,Health Conscious Buyers Interest Segment,9013382232369046,Shelf Story Warm Voice,5257839822274418,Brand Awareness,0,0,0,0,0,0,0,0,0,0,0,0,0,0,0,0,0,0,0,0,0,0,0,0
2026-07-07,Influencer Network,Seasonal Select Promo Initiative,Metro Region Loyalty Cohort,15908997,Health Conscious Buyers Interest Segment,1532426936569806,Offer Spotlight Bold Voice,4433422745438620,Brand Awareness,0,0,0,0,0,0,0,0,0,0,0,0,0,0,0,0,0,0,0,0,0,0,0,0
2026-07-07,Social Feed,Seasonal Select Promo Initiative,Metro Region Loyalty Cohort,15908997,Health Conscious Buyers Interest Segment,1532426936569806,Shelf Story Bold Voice,1082336609132049,Brand Awareness,0,0,0,0,0,0,0,0,0,0,0,0,0,0,0,0,0,0,0,0,0,0,0,0
2026-07-07,Social Feed,Seasonal Select Promo Initiative,Metro Region Loyalty Cohort,15908997,Family Planners Lookalike Segment,1718074286658736,Shelf Story Bold Voice,4278310985669178,Brand Awareness,0,0,0,0,0,0,0,0,0,0,0,0,0,0,0,0,0,0,0,0,0,0,0,0
2026-07-07,Search Network,Seasonal Select Promo Initiative,Metro Region Loyalty Cohort,15908997,Health Conscious Buyers Interest Segment,1532426936569806,Offer Spotlight Value Voice,2894551765052346,Brand Awareness,0,0,0,0,0,0,0,0,0,0,0,0,0,0,0,0,0,0,0,0,0,0,0,0
2026-07-07,Retail Media Network,Seasonal Select Promo Initiative,Metro Region Loyalty Cohort,15908997,Family Planners Lookalike Segment,1718074286658736,Offer Spotlight Value Voice,2074777970281390,Brand Awareness,0,0,0,0,0,0,0,0,0,0,0,0,0,0,0,0,0,0,0,0,0,0,0,0
2026-07-07,Search Network,Seasonal Select Promo Initiative,Metro Region Loyalty Cohort,15908997,Health Conscious Buyers Interest Segment,1532426936569806,Promo Banner Warm Voice,5732401046815275,Brand Awareness,0,0,0,0,0,0,0,0,0,0,0,0,0,0,0,0,0,0,0,0,0,0,0,0
2026-07-07,Video Network,Family Pantry Retention Initiative,Metro Region Loyalty Cohort,15908997,Family Planners Lookalike Segment,1665761135741679,Shelf Story Value Voice,5225143865411760,Brand Awareness,0,0,0,0,0,0,0,0,0,0,0,0,0,0,0,0,0,0,0,0,0,0,0,0
2026-07-07,Influencer Network,Weekend Saver Retention Initiative,Metro Region Loyalty Cohort,15908997,Health Conscious Buyers Interest Segment,1334393532567969,Price Drop Cut Value Voice,2051943278335934,Brand Awareness,0,0,0,0,0,0,0,0,0,0,0,0,0,0,0,0,0,0,0,0,0,0,0,0
2026-07-07,Influencer Network,Seasonal Select Promo Initiative,Metro Region Loyalty Cohort,15908997,Family Planners Lookalike Segment,1718074286658736,Offer Spotlight Bold Voice,1638167476571035,Brand Awareness,0,0,0,0,0,0,0,0,0,0,0,0,0,0,0,0,0,0,0,0,0,0,0,0
2026-07-07,Shopping Grid,Weekend Saver Retention Initiative,Metro Region Loyalty Cohort,15908997,Health Conscious Buyers Interest Segment,1334393532567969,Shelf Story Warm Voice,2520693897922300,Brand Awareness,0,0,0,0,0,0,0,0,0,0,0,0,0,0,0,0,0,0,0,0,0,0,0,0
2026-07-06,Connected TV,Weekend Saver Retention Initiative,Metro Region Loyalty Cohort,15908997,Family Planners Lookalike Segment,7248228093339312,Shelf Story Warm Voice,1150526236199258,Brand Awareness,0,0,0,0,0,0,0,0,0,0,0,0,0,0,0,0,0,0,0,0,0,0,0,0
2026-07-06,Discovery Network,Family Pantry Retention Initiative,Metro Region Loyalty Cohort,15908997,Family Planners Lookalike Segment,1665761135741679,Shelf Story Value Voice,5225143865411760,Brand Awareness,0,0,0,0,0,0,0,0,0,0,0,0,0,0,0,0,0,0,0,0,0,0,0,0
2026-07-06,Search Network,Weekend Saver Retention Initiative,Metro Region Loyalty Cohort,15908997,Health Conscious Buyers Interest Segment,1334393532567969,Shelf Story Warm Voice,2520693897922300,Brand Awareness,0,0,0,0,0,0,0,0,0,0,0,0,0,0,0,0,0,0,0,0,0,0,0,0
2026-07-06,Influencer Network,Family Pantry Retention Initiative,Metro Region Loyalty Cohort,15908997,Health Conscious Buyers Retention Segment,1669733702699813,Promo Banner Friendly Voice,4647140982681565,Brand Awareness,0,0,0,0,0,0,0,0,0,0,0,0,0,0,0,0,0,0,0,0,0,0,0,0
2026-07-06,Influencer Network,Seasonal Select Promo Initiative,Metro Region Loyalty Cohort,15908997,Health Conscious Buyers Retention Segment,3613956286158588,Promo Banner Warm Voice,3456261421148856,Brand Awareness,0,0,0,0,0,0,0,0,0,0,0,0,0,0,0,0,0,0,0,0,0,0,0,0
2026-07-06,Retail Media Network,Weekend Saver Retention Initiative,Metro Region Loyalty Cohort,15908997,Family Planners Lookalike Segment,7248228093339312,Offer Spotlight Bold Voice,1757288035719114,Brand Awareness,0,0,0,0,0,0,0,0,0,0,0,0,0,0,0,0,0,0,0,0,0,0,0,0
2026-07-06,Affiliate Network,Seasonal Select Promo Initiative,Metro Region Loyalty Cohort,15908997,Family Planners Lookalike Segment,1718074286658736,Promo Banner Warm Voice,1089449421739833,Brand Awareness,0,0,0,0,0,0,0,0,0,0,0,0,0,0,0,0,0,0,0,0,0,0,0,0
2026-07-06,Social Feed,Family Pantry Retention Initiative,Metro Region Loyalty Cohort,15908997,Health Conscious Buyers Interest Segment,9013382232369046,Shelf Story Warm Voice,1177430610668804,Brand Awareness,0,0,0,0,0,0,0,0,0,0,0,0,0,0,0,0,0,0,0,0,0,0,0,0
2026-07-06,Discovery Network,Family Pantry Retention Initiative,Metro Region Loyalty Cohort,15908997,Family Planners Lookalike Segment,1665761135741679,Promo Banner Friendly Voice,1647756988327695,Brand Awareness,0,0,0,0,0,0,0,0,0,0,0,0,0,0,0,0,0,0,0,0,0,0,0,0
2026-07-06,Retail Media Network,Family Pantry Retention Initiative,Metro Region Conversion Cohort,38881639,Family Planners Lookalike Segment,1010331617086390,Shelf Story Warm Voice,1022962676348579,Brand Awareness,0,0,0,0,0,0,0,0,0,0,0,0,0,0,0,0,0,0,0,0,0,0,0,0
2026-07-06,Influencer Network,Seasonal Select Promo Initiative,Metro Region Loyalty Cohort,15908997,Health Conscious Buyers Interest Segment,1532426936569806,Promo Banner Warm Voice,5732401046815275,Brand Awareness,0,0,0,0,0,0,0,0,0,0,0,0,0,0,0,0,0,0,0,0,0,0,0,0
2026-07-06,Video Network,Family Pantry Retention Initiative,Metro Region Loyalty Cohort,15908997,Family Planners Lookalike Segment,1665761135741679,Shelf Story Warm Voice,2616618213121749,Brand Awareness,0,0,0,0,0,0,0,0,0,0,0,0,0,0,0,0,0,0,0,0,0,0,0,0
2026-07-06,Affiliate Network,Weekend Saver Retention Initiative,Metro Region Loyalty Cohort,15908997,Family Planners Lookalike Segment,7248228093339312,Shelf Story Bold Voice,1269408759613688,Brand Awareness,0,0,0,0,0,0,0,0,0,0,0,0,0,0,0,0,0,0,0,0,0,0,0,0
2026-07-06,Display Network,Family Pantry Retention Initiative,Metro Region Loyalty Cohort,15908997,Family Planners Lookalike Segment,1665761135741679,Collection Showcase Warm Voice,5654112849815777,Brand Awareness,0,0,0,0,0,0,0,0,0,0,0,0,0,0,0,0,0,0,0,0,0,0,0,0
2026-07-06,Video Network,Seasonal Select Promo Initiative,Metro Region Loyalty Cohort,15908997,Health Conscious Buyers Interest Segment,1532426936569806,Shelf Story Bold Voice,1082336609132049,Brand Awareness,0,0,0,0,0,0,0,0,0,0,0,0,0,0,0,0,0,0,0,0,0,0,0,0
2026-07-06,Discovery Network,Family Pantry Retention Initiative,Metro Region Conversion Cohort,15908997,Weekend Deal Hunters Interest Segment,6202516839870495,Shelf Story Value Voice,1077582730962642,Catalog Engagement,0,0,0,0,0,0,0,0,0,0,0,0,0,0,0,0,0,0,0,0,0,0,0,0
2026-07-06,Discovery Network,Weekend Saver Retention Initiative,Metro Region Loyalty Cohort,15908997,Family Planners Lookalike Segment,7248228093339312,Price Drop Cut Value Voice,9318406623487279,Brand Awareness,0,0,0,0,0,0,0,0,0,0,0,0,0,0,0,0,0,0,0,0,0,0,0,0
2026-07-06,Retail Media Network,Family Pantry Retention Initiative,Metro Region Conversion Cohort,15908997,Bulk Buyers Retention Segment,1096889057602193,Offer Spotlight Friendly Voice,5703717592430862,Catalog Engagement,0,0,0,0,0,0,0,0,0,0,0,0,0,0,0,0,0,0,0,0,0,0,0,0
2026-07-06,Video Network,Family Pantry Retention Initiative,Metro Region Prospecting Cohort,86057605,Health Conscious Buyers Affinity Segment,1135622965987651,Price Drop Cut Direct Voice,1376321213572515,Brand Awareness,0,0,0,0,0,0,0,0,0,0,0,0,0,0,0,0,0,0,0,0,0,0,0,0
2026-07-06,Retail Media Network,Home Essentials Promo Initiative,Metro Region Loyalty Cohort,38881639,Family Planners Lookalike Segment,8962004814279482,Shelf Story Value Voice,1020691786654074,Brand Awareness,0,0,0,0,0,0,0,0,0,0,0,0,0,0,0,0,0,0,0,0,0,0,0,0
2026-07-06,Social Feed,Family Pantry Retention Initiative,Metro Region Loyalty Cohort,15908997,Health Conscious Buyers Retention Segment,1669733702699813,Shelf Story Warm Voice,1173063753252113,Brand Awareness,0,0,0,0,0,0,0,0,0,0,0,0,0,0,0,0,0,0,0,0,0,0,0,0
2026-07-06,Marketplace Feed,Family Pantry Retention Initiative,Metro Region Loyalty Cohort,15908997,Family Planners Lookalike Segment,1665761135741679,Shelf Story Warm Voice,2793262031628184,Brand Awareness,0,0,0,0,0,0,0,0,0,0,0,0,0,0,0,0,0,0,0,0,0,0,0,0
2026-07-06,Connected TV,Family Pantry Retention Initiative,Metro Region Loyalty Cohort,15908997,Health Conscious Buyers Interest Segment,9013382232369046,Shelf Story Warm Voice,5257839822274418,Brand Awareness,0,0,0,0,0,0,0,0,0,0,0,0,0,0,0,0,0,0,0,0,0,0,0,0
2026-07-06,In-App Display,Seasonal Select Promo Initiative,Metro Region Loyalty Cohort,15908997,Health Conscious Buyers Retention Segment,3613956286158588,Shelf Story Bold Voice,1755467445485119,Brand Awareness,0,0,0,0,0,0,0,0,0,0,0,0,0,0,0,0,0,0,0,0,0,0,0,0
2026-07-06,Display Network,Family Pantry Retention Initiative,Metro Region Loyalty Cohort,15908997,Health Conscious Buyers Interest Segment,1474840462607869,Shelf Story Warm Voice,4340134105081797,Brand Awareness,0,0,0,0,0,0,0,0,0,0,0,0,0,0,0,0,0,0,0,0,0,0,0,0
2026-07-06,Social Feed,Seasonal Select Promo Initiative,Metro Region Loyalty Cohort,15908997,Family Planners Lookalike Segment,1718074286658736,Shelf Story Warm Voice,1532291780998103,Brand Awareness,0,0,0,0,0,0,0,0,0,0,0,0,0,0,0,0,0,0,0,0,0,0,0,0
2026-07-06,Connected TV,Seasonal Select Promo Initiative,Metro Region Loyalty Cohort,15908997,Health Conscious Buyers Interest Segment,1532426936569806,Offer Spotlight Bold Voice,4433422745438620,Brand Awareness,0,0,0,0,0,0,0,0,0,0,0,0,0,0,0,0,0,0,0,0,0,0,0,0
2026-07-05,Video Network,Family Pantry Retention Initiative,Metro Region Conversion Cohort,15908997,Weekend Deal Hunters Interest Segment,6202516839870495,Shelf Story Value Voice,1077582730962642,Catalog Engagement,0,0,0,0,0,0,0,0,0,0,0,0,0,0,0,0,0,0,0,0,0,0,0,0
2026-07-05,Connected TV,Seasonal Select Promo Initiative,Metro Region Loyalty Cohort,15908997,Family Planners Lookalike Segment,1718074286658736,Shelf Story Bold Voice,4278310985669178,Brand Awareness,0,0,0,0,0,0,0,0,0,0,0,0,0,0,0,0,0,0,0,0,0,0,0,0
2026-07-05,Search Network,Family Pantry Retention Initiative,Metro Region Conversion Cohort,15908997,Weekend Deal Hunters Interest Segment,9663578947718335,Offer Spotlight Friendly Voice,4064886041583361,Catalog Engagement,0,0,0,0,0,0,0,0,0,0,0,0,0,0,0,0,0,0,0,0,0,0,0,0
2026-07-05,Display Network,Seasonal Select Promo Initiative,Metro Region Loyalty Cohort,15908997,Health Conscious Buyers Interest Segment,1532426936569806,Offer Spotlight Bold Voice,4433422745438620,Brand Awareness,0,0,0,0,0,0,0,0,0,0,0,0,0,0,0,0,0,0,0,0,0,0,0,0
2026-07-05,Connected TV,Seasonal Select Promo Initiative,Metro Region Loyalty Cohort,15908997,Health Conscious Buyers Retention Segment,3613956286158588,Shelf Story Warm Voice,9626373394400677,Brand Awareness,0,0,0,0,0,0,0,0,0,0,0,0,0,0,0,0,0,0,0,0,0,0,0,0
2026-07-05,Influencer Network,Seasonal Select Promo Initiative,Metro Region Loyalty Cohort,15908997,Family Planners Lookalike Segment,1718074286658736,Offer Spotlight Value Voice,2074777970281390,Brand Awareness,0,0,0,0,0,0,0,0,0,0,0,0,0,0,0,0,0,0,0,0,0,0,0,0
2026-07-05,Retail Media Network,Family Pantry Retention Initiative,Metro Region Loyalty Cohort,15908997,Health Conscious Buyers Interest Segment,9013382232369046,Shelf Story Warm Voice,1099249066640891,Brand Awareness,0,0,0,0,0,0,0,0,0,0,0,0,0,0,0,0,0,0,0,0,0,0,0,0
2026-07-05,Marketplace Feed,Family Pantry Retention Initiative,Metro Region Loyalty Cohort,15908997,Health Conscious Buyers Interest Segment,9013382232369046,Shelf Story Warm Voice,1177430610668804,Brand Awareness,0,0,0,0,0,0,0,0,0,0,0,0,0,0,0,0,0,0,0,0,0,0,0,0
2026-07-05,Shopping Grid,Seasonal Select Promo Initiative,Metro Region Loyalty Cohort,15908997,Family Planners Lookalike Segment,1718074286658736,Promo Banner Warm Voice,1089449421739833,Brand Awareness,0,0,0,0,0,0,0,0,0,0,0,0,0,0,0,0,0,0,0,0,0,0,0,0
2026-07-05,Display Network,Seasonal Select Promo Initiative,Metro Region Loyalty Cohort,15908997,Health Conscious Buyers Interest Segment,1532426936569806,Offer Spotlight Value Voice,2894551765052346,Brand Awareness,0,0,0,0,0,0,0,0,0,0,0,0,0,0,0,0,0,0,0,0,0,0,0,0
2026-07-05,Video Network,Seasonal Select Promo Initiative,Metro Region Loyalty Cohort,15908997,Health Conscious Buyers Retention Segment,3613956286158588,Shelf Story Warm Voice,2259713911990191,Brand Awareness,0,0,0,0,0,0,0,0,0,0,0,0,0,0,0,0,0,0,0,0,0,0,0,0
2026-07-05,Retail Media Network,Family Pantry Retention Initiative,Metro Region Conversion Cohort,38881639,Family Planners Lookalike Segment,1010331617086390,Shelf Story Warm Voice,1022962676348579,Brand Awareness,0,0,0,0,0,0,0,0,0,0,0,0,0,0,0,0,0,0,0,0,0,0,0,0
2026-07-05,Affiliate Network,Family Pantry Retention Initiative,Metro Region Conversion Cohort,44948390,Weekend Deal Hunters Interest Segment,1111168710985428,Shelf Story Warm Voice,4768906377778314,Brand Awareness,0,0,0,0,0,0,0,0,0,0,0,0,0,0,0,0,0,0,0,0,0,0,0,0
2026-07-05,Retail Media Network,Weekend Saver Retention Initiative,Metro Region Loyalty Cohort,15908997,Health Conscious Buyers Interest Segment,1334393532567969,Shelf Story Warm Voice,8045514033882153,Brand Awareness,0,0,0,0,0,0,0,0,0,0,0,0,0,0,0,0,0,0,0,0,0,0,0,0
2026-07-05,In-App Display,Seasonal Select Promo Initiative,Metro Region Loyalty Cohort,15908997,Health Conscious Buyers Interest Segment,1532426936569806,Shelf Story Bold Voice,1082336609132049,Brand Awareness,0,0,0,0,0,0,0,0,0,0,0,0,0,0,0,0,0,0,0,0,0,0,0,0
2026-07-05,Display Network,Family Pantry Retention Initiative,Metro Region Conversion Cohort,15908997,Family Planners Lookalike Segment,3017606229260592,Shelf Story Value Voice,5691206288583839,Catalog Engagement,0,0,0,0,0,0,0,0,0,0,0,0,0,0,0,0,0,0,0,0,0,0,0,0
2026-07-05,Connected TV,Seasonal Select Promo Initiative,Metro Region Loyalty Cohort,15908997,Health Conscious Buyers Retention Segment,3613956286158588,Offer Spotlight Value Voice,9011752711561329,Brand Awareness,0,0,0,0,0,0,0,0,0,0,0,0,0,0,0,0,0,0,0,0,0,0,0,0
2026-07-05,Discovery Network,Family Pantry Retention Initiative,Metro Region Loyalty Cohort,15908997,Family Planners Lookalike Segment,1665761135741679,Shelf Story Warm Voice,2616618213121749,Brand Awareness,0,0,0,0,0,0,0,0,0,0,0,0,0,0,0,0,0,0,0,0,0,0,0,0
2026-07-05,Affiliate Network,Seasonal Select Promo Initiative,Metro Region Loyalty Cohort,15908997,Health Conscious Buyers Interest Segment,1532426936569806,Shelf Story Warm Voice,9953353036347574,Brand Awareness,0,0,0,0,0,0,0,0,0,0,0,0,0,0,0,0,0,0,0,0,0,0,0,0
2026-07-05,Retail Media Network,Seasonal Select Promo Initiative,Metro Region Loyalty Cohort,15908997,Health Conscious Buyers Interest Segment,1532426936569806,Shelf Story Warm Voice,7193200529405455,Brand Awareness,0,0,0,0,0,0,0,0,0,0,0,0,0,0,0,0,0,0,0,0,0,0,0,0
2026-07-05,Social Feed,Seasonal Select Promo Initiative,Metro Region Loyalty Cohort,15908997,Family Planners Lookalike Segment,1718074286658736,Shelf Story Warm Voice,1533493773187614,Brand Awareness,0,0,0,0,0,0,0,0,0,0,0,0,0,0,0,0,0,0,0,0,0,0,0,0
2026-07-05,Social Feed,Seasonal Select Promo Initiative,Metro Region Loyalty Cohort,15908997,Family Planners Lookalike Segment,1718074286658736,Shelf Story Warm Voice,1532291780998103,Brand Awareness,0,0,0,0,0,0,0,0,0,0,0,0,0,0,0,0,0,0,0,0,0,0,0,0
2026-07-05,Search Network,Seasonal Select Promo Initiative,Metro Region Loyalty Cohort,15908997,Health Conscious Buyers Retention Segment,3613956286158588,Promo Banner Warm Voice,3456261421148856,Brand Awareness,0,0,0,0,0,0,0,0,0,0,0,0,0,0,0,0,0,0,0,0,0,0,0,0
2026-07-05,Retail Media Network,Seasonal Select Promo Initiative,Metro Region Loyalty Cohort,15908997,Health Conscious Buyers Retention Segment,3613956286158588,Shelf Story Bold Voice,1755467445485119,Brand Awareness,0,0,0,0,0,0,0,0,0,0,0,0,0,0,0,0,0,0,0,0,0,0,0,0
2026-07-05,In-App Display,Weekend Saver Retention Initiative,Metro Region Conversion Cohort,44948390,Family Planners Interest Segment,1394673896902429,Offer Spotlight Warm Voice,2577836288304446,Brand Awareness,0,0,0,0,0,0,0,0,0,0,0,0,0,0,0,0,0,0,0,0,0,0,0,0
2026-07-05,Shopping Grid,Family Pantry Retention Initiative,Metro Region Loyalty Cohort,15908997,Family Planners Lookalike Segment,1665761135741679,Shelf Story Warm Voice,2793262031628184,Brand Awareness,0,0,0,0,0,0,0,0,0,0,0,0,0,0,0,0,0,0,0,0,0,0,0,0
2026-07-05,Shopping Grid,Weekend Saver Retention Initiative,Metro Region Conversion Cohort,44948390,Family Planners Interest Segment,1394673896902429,Shelf Story Bold Voice,1727505061486984,Brand Awareness,0,0,0,0,0,0,0,0,0,0,0,0,0,0,0,0,0,0,0,0,0,0,0,0
2026-07-05,Social Feed,Seasonal Select Promo Initiative,Metro Region Prospecting Cohort,86057605,Family Planners Affinity Segment,8367846490627350,Shelf Story Bold Voice,1513766392359337,Brand Awareness,0,0,0,0,0,0,0,0,0,0,0,0,0,0,0,0,0,0,0,0,0,0,0,0
2026-07-05,Social Feed,Seasonal Select Promo Initiative,Metro Region Loyalty Cohort,15908997,Health Conscious Buyers Retention Segment,3613956286158588,Offer Spotlight Bold Voice,4607696881668990,Brand Awareness,0,0,0,0,0,0,0,0,0,0,0,0,0,0,0,0,0,0,0,0,0,0,0,0
2026-07-05,Marketplace Feed,Smart Choice Impact Initiative,Metro Region Loyalty Cohort,44948390,Family Planners Lookalike Segment,2895780604957346,Price Drop Cut Direct Voice,1436052663222758,Brand Awareness,0,0,0,0,0,0,0,0,0,0,0,0,0,0,0,0,0,0,0,0,0,0,0,0
2026-07-05,In-App Display,Family Pantry Retention Initiative,Metro Region Loyalty Cohort,15908997,Health Conscious Buyers Retention Segment,1669733702699813,Shelf Story Warm Voice,5602072675253918,Brand Awareness,0,0,0,0,0,0,0,0,0,0,0,0,0,0,0,0,0,0,0,0,0,0,0,0
2026-07-05,Video Network,Family Pantry Retention Initiative,Metro Region Loyalty Cohort,15908997,Health Conscious Buyers Retention Segment,4976789753470273,Shelf Story Warm Voice,5506678816268127,Brand Awareness,0,0,0,0,0,0,0,0,0,0,0,0,0,0,0,0,0,0,0,0,0,0,0,0
2026-07-05,Social Feed,Seasonal Select Promo Initiative,Metro Region Loyalty Cohort,15908997,Health Conscious Buyers Interest Segment,1532426936569806,Promo Banner Warm Voice,5732401046815275,Brand Awareness,0,0,0,0,0,0,0,0,0,0,0,0,0,0,0,0,0,0,0,0,0,0,0,0
2026-07-04,Display Network,Seasonal Select Promo Initiative,Metro Region Loyalty Cohort,15908997,Health Conscious Buyers Retention Segment,3613956286158588,Shelf Story Bold Voice,1755467445485119,Brand Awareness,0,0,0,0,0,0,0,0,0,0,0,0,0,0,0,0,0,0,0,0,0,0,0,0
2026-07-04,Search Network,Weekend Saver Retention Initiative,Metro Region Loyalty Cohort,15908997,Family Planners Lookalike Segment,7248228093339312,Shelf Story Bold Voice,3411200546175283,Brand Awareness,0,0,0,0,0,0,0,0,0,0,0,0,0,0,0,0,0,0,0,0,0,0,0,0
2026-07-04,Shopping Grid,Seasonal Select Promo Initiative,Metro Region Loyalty Cohort,15908997,Health Conscious Buyers Interest Segment,1532426936569806,Shelf Story Warm Voice,7193200529405455,Brand Awareness,0,0,0,0,0,0,0,0,0,0,0,0,0,0,0,0,0,0,0,0,0,0,0,0
2026-07-04,Connected TV,Family Pantry Retention Initiative,Metro Region Loyalty Cohort,15908997,Health Conscious Buyers Interest Segment,9013382232369046,Shelf Story Warm Voice,1177430610668804,Brand Awareness,0,0,0,0,0,0,0,0,0,0,0,0,0,0,0,0,0,0,0,0,0,0,0,0
2026-07-04,Marketplace Feed,Seasonal Select Promo Initiative,Metro Region Loyalty Cohort,15908997,Family Planners Lookalike Segment,1718074286658736,Promo Banner Warm Voice,1089449421739833,Brand Awareness,0,0,0,0,0,0,0,0,0,0,0,0,0,0,0,0,0,0,0,0,0,0,0,0
2026-07-04,Social Feed,Family Pantry Retention Initiative,Metro Region Loyalty Cohort,15908997,Health Conscious Buyers Retention Segment,1669733702699813,Price Drop Cut Value Voice,6906673719698824,Brand Awareness,0,0,0,0,0,0,0,0,0,0,0,0,0,0,0,0,0,0,0,0,0,0,0,0
2026-07-04,Shopping Grid,Seasonal Select Promo Initiative,Metro Region Loyalty Cohort,15908997,Family Planners Lookalike Segment,1718074286658736,Offer Spotlight Value Voice,2074777970281390,Brand Awareness,0,0,0,0,0,0,0,0,0,0,0,0,0,0,0,0,0,0,0,0,0,0,0,0
2026-07-04,Social Feed,Seasonal Select Promo Initiative,Metro Region Loyalty Cohort,15908997,Health Conscious Buyers Retention Segment,3613956286158588,Offer Spotlight Value Voice,9011752711561329,Brand Awareness,0,0,0,0,0,0,0,0,0,0,0,0,0,0,0,0,0,0,0,0,0,0,0,0
2026-07-04,Shopping Grid,Seasonal Select Promo Initiative,Metro Region Loyalty Cohort,15908997,Health Conscious Buyers Interest Segment,1532426936569806,Promo Banner Warm Voice,5732401046815275,Brand Awareness,0,0,0,0,0,0,0,0,0,0,0,0,0,0,0,0,0,0,0,0,0,0,0,0
2026-07-04,Display Network,Seasonal Select Promo Initiative,Metro Region Loyalty Cohort,15908997,Health Conscious Buyers Interest Segment,1532426936569806,Shelf Story Warm Voice,9953353036347574,Brand Awareness,0,0,0,0,0,0,0,0,0,0,0,0,0,0,0,0,0,0,0,0,0,0,0,0
2026-07-04,Affiliate Network,Family Pantry Retention Initiative,Metro Region Loyalty Cohort,15908997,Family Planners Lookalike Segment,1665761135741679,Shelf Story Warm Voice,2616618213121749,Brand Awareness,0,0,0,0,0,0,0,0,0,0,0,0,0,0,0,0,0,0,0,0,0,0,0,0
2026-07-04,Search Network,Family Pantry Retention Initiative,Metro Region Conversion Cohort,15908997,Weekend Deal Hunters Interest Segment,6202516839870495,Shelf Story Value Voice,1077582730962642,Catalog Engagement,0,0,0,0,0,0,0,0,0,0,0,0,0,0,0,0,0,0,0,0,0,0,0,0
2026-07-04,Affiliate Network,Seasonal Select Promo Initiative,Metro Region Loyalty Cohort,15908997,Family Planners Lookalike Segment,1718074286658736,Shelf Story Bold Voice,4278310985669178,Brand Awareness,0,0,0,0,0,0,0,0,0,0,0,0,0,0,0,0,0,0,0,0,0,0,0,0
2026-07-04,Retail Media Network,Seasonal Select Promo Initiative,Metro Region Loyalty Cohort,15908997,Health Conscious Buyers Retention Segment,3613956286158588,Shelf Story Warm Voice,2259713911990191,Brand Awareness,0,0,0,0,0,0,0,0,0,0,0,0,0,0,0,0,0,0,0,0,0,0,0,0
2026-07-04,Retail Media Network,Seasonal Select Promo Initiative,Metro Region Loyalty Cohort,15908997,Health Conscious Buyers Interest Segment,1532426936569806,Offer Spotlight Value Voice,2894551765052346,Brand Awareness,0,0,0,0,0,0,0,0,0,0,0,0,0,0,0,0,0,0,0,0,0,0,0,0
2026-07-04,Marketplace Feed,Seasonal Select Promo Initiative,Metro Region Loyalty Cohort,15908997,Health Conscious Buyers Interest Segment,1532426936569806,Offer Spotlight Bold Voice,4433422745438620,Brand Awareness,0,0,0,0,0,0,0,0,0,0,0,0,0,0,0,0,0,0,0,0,0,0,0,0
2026-07-04,Shopping Grid,Weekend Saver Retention Initiative,Metro Region Loyalty Cohort,15908997,Health Conscious Buyers Retention Segment,4136110625615180,Price Drop Cut Value Voice,1316048837324374,Brand Awareness,0,0,0,0,0,0,0,0,0,0,0,0,0,0,0,0,0,0,0,0,0,0,0,0
2026-07-04,Affiliate Network,Family Pantry Retention Initiative,Metro Region Loyalty Cohort,15908997,Family Planners Lookalike Segment,1665761135741679,Shelf Story Warm Voice,2902136042807068,Brand Awareness,0,0,0,0,0,0,0,0,0,0,0,0,0,0,0,0,0,0,0,0,0,0,0,0
2026-07-04,Influencer Network,Family Pantry Retention Initiative,Metro Region Prospecting Cohort,86057605,Health Conscious Buyers Affinity Segment,1135622965987651,Product Reel Warm Voice,1149004867408980,Brand Awareness,0,0,0,0,0,0,0,0,0,0,0,0,0,0,0,0,0,0,0,0,0,0,0,0
2026-07-04,Social Feed,Family Pantry Retention Initiative,Metro Region Conversion Cohort,38881639,Family Planners Lookalike Segment,1010331617086390,Shelf Story Warm Voice,1022962676348579,Brand Awareness,0,0,0,0,0,0,0,0,0,0,0,0,0,0,0,0,0,0,0,0,0,0,0,0
2026-07-04,Social Feed,Weekend Saver Retention Initiative,Metro Region Loyalty Cohort,15908997,Health Conscious Buyers Interest Segment,1334393532567969,Offer Spotlight Bold Voice,3220054077294586,Brand Awareness,0,0,0,0,0,0,0,0,0,0,0,0,0,0,0,0,0,0,0,0,0,0,0,0
2026-07-04,Affiliate Network,Family Pantry Retention Initiative,Metro Region Loyalty Cohort,15908997,Family Planners Lookalike Segment,1665761135741679,Shelf Story Warm Voice,2793262031628184,Brand Awareness,0,0,0,0,0,0,0,0,0,0,0,0,0,0,0,0,0,0,0,0,0,0,0,0
2026-07-04,Video Network,Seasonal Select Promo Initiative,Metro Region Loyalty Cohort,15908997,Family Planners Lookalike Segment,1718074286658736,Shelf Story Warm Voice,1533493773187614,Brand Awareness,0,0,0,0,0,0,0,0,0,0,0,0,0,0,0,0,0,0,0,0,0,0,0,0
2026-07-04,Influencer Network,Seasonal Select Promo Initiative,Metro Region Loyalty Cohort,15908997,Family Planners Lookalike Segment,1718074286658736,Shelf Story Warm Voice,1532291780998103,Brand Awareness,0,0,0,0,0,0,0,0,0,0,0,0,0,0,0,0,0,0,0,0,0,0,0,0
2026-07-04,Retail Media Network,Weekend Saver Retention Initiative,Metro Region Conversion Cohort,44948390,Family Planners Interest Segment,1394673896902429,Shelf Story Warm Voice,1160733018635906,Brand Awareness,0,0,0,0,0,0,0,0,0,0,0,0,0,0,0,0,0,0,0,0,0,0,0,0
2026-07-04,In-App Display,Seasonal Select Promo Initiative,Metro Region Loyalty Cohort,15908997,Health Conscious Buyers Interest Segment,1532426936569806,Shelf Story Bold Voice,1082336609132049,Brand Awareness,0,0,0,0,0,0,0,0,0,0,0,0,0,0,0,0,0,0,0,0,0,0,0,0
2026-07-04,Display Network,Seasonal Select Promo Initiative,Metro Region Loyalty Cohort,15908997,Family Planners Lookalike Segment,1718074286658736,Offer Spotlight Bold Voice,1638167476571035,Brand Awareness,0,0,0,0,0,0,0,0,0,0,0,0,0,0,0,0,0,0,0,0,0,0,0,0
2026-07-04,Display Network,Seasonal Select Promo Initiative,Metro Region Loyalty Cohort,15908997,Health Conscious Buyers Retention Segment,3613956286158588,Promo Banner Warm Voice,3456261421148856,Brand Awareness,0,0,0,0,0,0,0,0,0,0,0,0,0,0,0,0,0,0,0,0,0,0,0,0
2026-07-04,Discovery Network,Home Essentials Scale Initiative,Metro Region Prospecting Cohort,86057605,Family Planners Interest Segment,2052479131570920,Shelf Story Warm Voice,1453411941100364,Brand Awareness,0,0,0,0,0,0,0,0,0,0,0,0,0,0,0,0,0,0,0,0,0,0,0,0
2026-07-04,Influencer Network,Seasonal Select Promo Initiative,Metro Region Loyalty Cohort,15908997,Health Conscious Buyers Retention Segment,3613956286158588,Offer Spotlight Bold Voice,4607696881668990,Brand Awareness,0,0,0,0,0,0,0,0,0,0,0,0,0,0,0,0,0,0,0,0,0,0,0,0
2026-07-03,Affiliate Network,Seasonal Select Promo Initiative,Metro Region Loyalty Cohort,15908997,Health Conscious Buyers Retention Segment,3613956286158588,Shelf Story Warm Voice,9626373394400677,Brand Awareness,0,0,0,0,0,0,0,0,0,0,0,0,0,0,0,0,0,0,0,0,0,0,0,0
2026-07-03,Search Network,Family Pantry Retention Initiative,Metro Region Loyalty Cohort,15908997,Health Conscious Buyers Interest Segment,1474840462607869,Shelf Story Warm Voice,4340134105081797,Brand Awareness,0,0,0,0,0,0,0,0,0,0,0,0,0,0,0,0,0,0,0,0,0,0,0,0
2026-07-03,Shopping Grid,Seasonal Select Promo Initiative,Metro Region Loyalty Cohort,15908997,Health Conscious Buyers Interest Segment,1532426936569806,Offer Spotlight Bold Voice,4433422745438620,Brand Awareness,0,0,0,0,0,0,0,0,0,0,0,0,0,0,0,0,0,0,0,0,0,0,0,0
2026-07-03,In-App Display,Weekend Saver Retention Initiative,Metro Region Loyalty Cohort,15908997,Health Conscious Buyers Interest Segment,1334393532567969,Shelf Story Bold Voice,7232280368739505,Brand Awareness,0,0,0,0,0,0,0,0,0,0,0,0,0,0,0,0,0,0,0,0,0,0,0,0
2026-07-03,Retail Media Network,Weekend Saver Retention Initiative,Metro Region Loyalty Cohort,15908997,Health Conscious Buyers Interest Segment,1334393532567969,Price Drop Cut Value Voice,2051943278335934,Brand Awareness,0,0,0,0,0,0,0,0,0,0,0,0,0,0,0,0,0,0,0,0,0,0,0,0
2026-07-03,In-App Display,Seasonal Select Promo Initiative,Metro Region Loyalty Cohort,15908997,Health Conscious Buyers Interest Segment,1532426936569806,Promo Banner Warm Voice,5732401046815275,Brand Awareness,0,0,0,0,0,0,0,0,0,0,0,0,0,0,0,0,0,0,0,0,0,0,0,0
2026-07-03,Video Network,Family Pantry Retention Initiative,Metro Region Loyalty Cohort,15908997,Family Planners Lookalike Segment,1002710949555221,Shelf Story Warm Voice,1655044419034925,Brand Awareness,0,0,0,0,0,0,0,0,0,0,0,0,0,0,0,0,0,0,0,0,0,0,0,0
2026-07-03,Retail Media Network,Family Pantry Retention Initiative,Metro Region Loyalty Cohort,15908997,Family Planners Lookalike Segment,1002710949555221,Shelf Story Warm Voice,5797898098365146,Brand Awareness,0,0,0,0,0,0,0,0,0,0,0,0,0,0,0,0,0,0,0,0,0,0,0,0
2026-07-03,Connected TV,Weekend Saver Retention Initiative,Metro Region Loyalty Cohort,15908997,Family Planners Lookalike Segment,7248228093339312,Price Drop Cut Value Voice,9318406623487279,Brand Awareness,0,0,0,0,0,0,0,0,0,0,0,0,0,0,0,0,0,0,0,0,0,0,0,0
2026-07-03,Video Network,Seasonal Select Promo Initiative,Metro Region Loyalty Cohort,15908997,Health Conscious Buyers Interest Segment,1532426936569806,Shelf Story Warm Voice,9953353036347574,Brand Awareness,0,0,0,0,0,0,0,0,0,0,0,0,0,0,0,0,0,0,0,0,0,0,0,0
2026-07-03,Marketplace Feed,Seasonal Select Promo Initiative,Metro Region Loyalty Cohort,15908997,Family Planners Lookalike Segment,1718074286658736,Offer Spotlight Bold Voice,1638167476571035,Brand Awareness,0,0,0,0,0,0,0,0,0,0,0,0,0,0,0,0,0,0,0,0,0,0,0,0
2026-07-03,Retail Media Network,Family Pantry Retention Initiative,Metro Region Loyalty Cohort,15908997,Health Conscious Buyers Interest Segment,1474840462607869,Offer Spotlight Bold Voice,3530423296641236,Brand Awareness,0,0,0,0,0,0,0,0,0,0,0,0,0,0,0,0,0,0,0,0,0,0,0,0
2026-07-03,Marketplace Feed,Seasonal Select Promo Initiative,Metro Region Loyalty Cohort,15908997,Health Conscious Buyers Retention Segment,3613956286158588,Offer Spotlight Bold Voice,4607696881668990,Brand Awareness,0,0,0,0,0,0,0,0,0,0,0,0,0,0,0,0,0,0,0,0,0,0,0,0
2026-07-03,Display Network,Seasonal Select Promo Initiative,Metro Region Loyalty Cohort,15908997,Health Conscious Buyers Interest Segment,1532426936569806,Offer Spotlight Value Voice,2894551765052346,Brand Awareness,0,0,0,0,0,0,0,0,0,0,0,0,0,0,0,0,0,0,0,0,0,0,0,0
2026-07-03,Discovery Network,Weekend Saver Retention Initiative,Metro Region Loyalty Cohort,15908997,Family Planners Lookalike Segment,7248228093339312,Shelf Story Warm Voice,1150526236199258,Brand Awareness,0,0,0,0,0,0,0,0,0,0,0,0,0,0,0,0,0,0,0,0,0,0,0,0
2026-07-03,Social Feed,Family Pantry Retention Initiative,Metro Region Loyalty Cohort,15908997,Family Planners Lookalike Segment,1665761135741679,Shelf Story Warm Voice,2902136042807068,Brand Awareness,0,0,0,0,0,0,0,0,0,0,0,0,0,0,0,0,0,0,0,0,0,0,0,0
2026-07-03,Display Network,Seasonal Select Promo Initiative,Metro Region Loyalty Cohort,15908997,Family Planners Lookalike Segment,1718074286658736,Shelf Story Warm Voice,1532291780998103,Brand Awareness,0,0,0,0,0,0,0,0,0,0,0,0,0,0,0,0,0,0,0,0,0,0,0,0
2026-07-03,Connected TV,Seasonal Select Promo Initiative,Metro Region Loyalty Cohort,15908997,Family Planners Lookalike Segment,1718074286658736,Shelf Story Warm Voice,1533493773187614,Brand Awareness,0,0,0,0,0,0,0,0,0,0,0,0,0,0,0,0,0,0,0,0,0,0,0,0
2026-07-03,Retail Media Network,Seasonal Select Promo Initiative,Metro Region Loyalty Cohort,15908997,Health Conscious Buyers Retention Segment,3613956286158588,Promo Banner Warm Voice,3456261421148856,Brand Awareness,0,0,0,0,0,0,0,0,0,0,0,0,0,0,0,0,0,0,0,0,0,0,0,0
2026-07-03,Shopping Grid,Weekend Saver Retention Initiative,Metro Region Loyalty Cohort,15908997,Health Conscious Buyers Interest Segment,1334393532567969,Shelf Story Warm Voice,8045514033882153,Brand Awareness,0,0,0,0,0,0,0,0,0,0,0,0,0,0,0,0,0,0,0,0,0,0,0,0
2026-07-03,Search Network,Weekend Saver Retention Initiative,Metro Region Loyalty Cohort,15908997,Family Planners Lookalike Segment,7248228093339312,Offer Spotlight Bold Voice,1757288035719114,Brand Awareness,0,0,0,0,0,0,0,0,0,0,0,0,0,0,0,0,0,0,0,0,0,0,0,0
2026-07-03,Affiliate Network,Seasonal Select Promo Initiative,Metro Region Loyalty Cohort,15908997,Health Conscious Buyers Retention Segment,3613956286158588,Shelf Story Bold Voice,1755467445485119,Brand Awareness,0,0,0,0,0,0,0,0,0,0,0,0,0,0,0,0,0,0,0,0,0,0,0,0
2026-07-03,Social Feed,Family Pantry Retention Initiative,Metro Region Loyalty Cohort,15908997,Family Planners Lookalike Segment,1665761135741679,Shelf Story Warm Voice,2793262031628184,Brand Awareness,0,0,0,0,0,0,0,0,0,0,0,0,0,0,0,0,0,0,0,0,0,0,0,0
2026-07-03,Search Network,Family Pantry Retention Initiative,Metro Region Loyalty Cohort,15908997,Family Planners Lookalike Segment,1665761135741679,Promo Banner Friendly Voice,1647756988327695,Brand Awareness,0,0,0,0,0,0,0,0,0,0,0,0,0,0,0,0,0,0,0,0,0,0,0,0
2026-07-03,Discovery Network,Seasonal Select Promo Initiative,Metro Region Loyalty Cohort,15908997,Family Planners Lookalike Segment,1718074286658736,Promo Banner Warm Voice,1089449421739833,Brand Awareness,0,0,0,0,0,0,0,0,0,0,0,0,0,0,0,0,0,0,0,0,0,0,0,0
2026-07-03,Marketplace Feed,Seasonal Select Promo Initiative,Metro Region Loyalty Cohort,15908997,Health Conscious Buyers Retention Segment,3613956286158588,Offer Spotlight Value Voice,9011752711561329,Brand Awareness,0,0,0,0,0,0,0,0,0,0,0,0,0,0,0,0,0,0,0,0,0,0,0,0
2026-07-03,Search Network,Seasonal Select Promo Initiative,Metro Region Loyalty Cohort,15908997,Family Planners Lookalike Segment,1718074286658736,Offer Spotlight Value Voice,2074777970281390,Brand Awareness,0,0,0,0,0,0,0,0,0,0,0,0,0,0,0,0,0,0,0,0,0,0,0,0
2026-07-03,Shopping Grid,Seasonal Select Promo Initiative,Metro Region Loyalty Cohort,15908997,Health Conscious Buyers Interest Segment,1532426936569806,Shelf Story Bold Voice,1082336609132049,Brand Awareness,0,0,0,0,0,0,0,0,0,0,0,0,0,0,0,0,0,0,0,0,0,0,0,0
2026-07-03,Influencer Network,Weekend Saver Retention Initiative,Metro Region Loyalty Cohort,15908997,Family Planners Lookalike Segment,7248228093339312,Shelf Story Bold Voice,1269408759613688,Brand Awareness,0,0,0,0,0,0,0,0,0,0,0,0,0,0,0,0,0,0,0,0,0,0,0,0
2026-07-03,In-App Display,Weekend Saver Retention Initiative,Metro Region Loyalty Cohort,15908997,Health Conscious Buyers Interest Segment,1334393532567969,Offer Spotlight Bold Voice,3220054077294586,Brand Awareness,0,0,0,0,0,0,0,0,0,0,0,0,0,0,0,0,0,0,0,0,0,0,0,0
2026-07-03,Display Network,Seasonal Select Promo Initiative,Metro Region Loyalty Cohort,15908997,Health Conscious Buyers Interest Segment,1532426936569806,Shelf Story Warm Voice,7193200529405455,Brand Awareness,0,0,0,0,0,0,0,0,0,0,0,0,0,0,0,0,0,0,0,0,0,0,0,0
2026-07-03,Display Network,Family Pantry Retention Initiative,Metro Region Conversion Cohort,15908997,Bulk Buyers Retention Segment,1096889057602193,Offer Spotlight Friendly Voice,5703717592430862,Catalog Engagement,0,0,0,0,0,0,0,0,0,0,0,0,0,0,0,0,0,0,0,0,0,0,0,0
2026-07-03,Discovery Network,Seasonal Select Promo Initiative,Metro Region Loyalty Cohort,15908997,Family Planners Lookalike Segment,1718074286658736,Shelf Story Bold Voice,4278310985669178,Brand Awareness,0,0,0,0,0,0,0,0,0,0,0,0,0,0,0,0,0,0,0,0,0,0,0,0
2026-07-03,In-App Display,Weekend Saver Retention Initiative,Metro Region Loyalty Cohort,15908997,Health Conscious Buyers Interest Segment,1334393532567969,Price Drop Cut Value Voice,1109002298095593,Brand Awareness,0,0,0,0,0,0,0,0,0,0,0,0,0,0,0,0,0,0,0,0,0,0,0,0
2026-07-03,Affiliate Network,Family Pantry Retention Initiative,Metro Region Loyalty Cohort,15908997,Family Planners Lookalike Segment,1665761135741679,Shelf Story Warm Voice,2616618213121749,Brand Awareness,0,0,0,0,0,0,0,0,0,0,0,0,0,0,0,0,0,0,0,0,0,0,0,0
2026-07-03,Display Network,Family Pantry Retention Initiative,Metro Region Loyalty Cohort,15908997,Family Planners Lookalike Segment,1665761135741679,Collection Showcase Warm Voice,5654112849815777,Brand Awareness,0,0,0,0,0,0,0,0,0,0,0,0,0,0,0,0,0,0,0,0,0,0,0,0
2026-07-03,Retail Media Network,Seasonal Select Promo Initiative,Metro Region Loyalty Cohort,15908997,Health Conscious Buyers Retention Segment,3613956286158588,Shelf Story Warm Voice,2259713911990191,Brand Awareness,0,0,0,0,0,0,0,0,0,0,0,0,0,0,0,0,0,0,0,0,0,0,0,0
2026-07-03,Display Network,Family Pantry Retention Initiative,Metro Region Loyalty Cohort,15908997,Health Conscious Buyers Interest Segment,9013382232369046,Shelf Story Warm Voice,1177430610668804,Brand Awareness,0,0,0,0,0,0,0,0,0,0,0,0,0,0,0,0,0,0,0,0,0,0,0,0
2026-07-02,Influencer Network,Weekend Saver Retention Initiative,Metro Region Loyalty Cohort,15908997,Family Planners Lookalike Segment,7248228093339312,Shelf Story Bold Voice,1269408759613688,Brand Awareness,0,0,0,0,0,0,0,0,0,0,0,0,0,0,0,0,0,0,0,0,0,0,0,0
2026-07-02,Retail Media Network,Seasonal Select Promo Initiative,Metro Region Loyalty Cohort,15908997,Health Conscious Buyers Interest Segment,1532426936569806,Promo Banner Warm Voice,5732401046815275,Brand Awareness,0,0,0,0,0,0,0,0,0,0,0,0,0,0,0,0,0,0,0,0,0,0,0,0
2026-07-02,Display Network,Seasonal Select Promo Initiative,Metro Region Loyalty Cohort,15908997,Health Conscious Buyers Interest Segment,1532426936569806,Shelf Story Bold Voice,1082336609132049,Brand Awareness,0,0,0,0,0,0,0,0,0,0,0,0,0,0,0,0,0,0,0,0,0,0,0,0
2026-07-02,Search Network,Seasonal Select Promo Initiative,Metro Region Loyalty Cohort,15908997,Family Planners Lookalike Segment,1718074286658736,Shelf Story Warm Voice,1532291780998103,Brand Awareness,0,0,0,0,0,0,0,0,0,0,0,0,0,0,0,0,0,0,0,0,0,0,0,0
2026-07-02,Affiliate Network,Seasonal Select Promo Initiative,Metro Region Loyalty Cohort,15908997,Family Planners Lookalike Segment,1718074286658736,Shelf Story Warm Voice,1533493773187614,Brand Awareness,0,0,0,0,0,0,0,0,0,0,0,0,0,0,0,0,0,0,0,0,0,0,0,0
2026-07-02,Display Network,Family Pantry Retention Initiative,Metro Region Conversion Cohort,15908997,Weekend Deal Hunters Interest Segment,6202516839870495,Shelf Story Value Voice,1077582730962642,Catalog Engagement,0,0,0,0,0,0,0,0,0,0,0,0,0,0,0,0,0,0,0,0,0,0,0,0
2026-07-02,Retail Media Network,Seasonal Select Promo Initiative,Metro Region Loyalty Cohort,15908997,Family Planners Lookalike Segment,1718074286658736,Promo Banner Warm Voice,1089449421739833,Brand Awareness,0,0,0,0,0,0,0,0,0,0,0,0,0,0,0,0,0,0,0,0,0,0,0,0
2026-07-02,Affiliate Network,Seasonal Select Promo Initiative,Metro Region Loyalty Cohort,15908997,Health Conscious Buyers Retention Segment,3613956286158588,Offer Spotlight Value Voice,9011752711561329,Brand Awareness,0,0,0,0,0,0,0,0,0,0,0,0,0,0,0,0,0,0,0,0,0,0,0,0
2026-07-02,Discovery Network,Weekend Saver Retention Initiative,Metro Region Loyalty Cohort,15908997,Health Conscious Buyers Retention Segment,4136110625615180,Price Drop Cut Value Voice,1682844113945221,Brand Awareness,0,0,0,0,0,0,0,0,0,0,0,0,0,0,0,0,0,0,0,0,0,0,0,0
2026-07-02,Marketplace Feed,Seasonal Select Promo Initiative,Metro Region Loyalty Cohort,15908997,Health Conscious Buyers Retention Segment,3613956286158588,Shelf Story Warm Voice,2259713911990191,Brand Awareness,0,0,0,0,0,0,0,0,0,0,0,0,0,0,0,0,0,0,0,0,0,0,0,0
2026-07-02,Discovery Network,Family Pantry Retention Initiative,Metro Region Loyalty Cohort,15908997,Health Conscious Buyers Interest Segment,1474840462607869,Shelf Story Warm Voice,4340134105081797,Brand Awareness,0,0,0,0,0,0,0,0,0,0,0,0,0,0,0,0,0,0,0,0,0,0,0,0
2026-07-02,Display Network,Family Pantry Retention Initiative,Metro Region Loyalty Cohort,15908997,Health Conscious Buyers Interest Segment,9013382232369046,Promo Banner Friendly Voice,1255871739760170,Brand Awareness,0,0,0,0,0,0,0,0,0,0,0,0,0,0,0,0,0,0,0,0,0,0,0,0
2026-07-02,Display Network,Weekend Saver Retention Initiative,Metro Region Loyalty Cohort,15908997,Health Conscious Buyers Interest Segment,1334393532567969,Shelf Story Bold Voice,7232280368739505,Brand Awareness,0,0,0,0,0,0,0,0,0,0,0,0,0,0,0,0,0,0,0,0,0,0,0,0
2026-07-02,Video Network,Family Pantry Retention Initiative,Metro Region Loyalty Cohort,15908997,Family Planners Lookalike Segment,1665761135741679,Shelf Story Value Voice,5225143865411760,Brand Awareness,0,0,0,0,0,0,0,0,0,0,0,0,0,0,0,0,0,0,0,0,0,0,0,0
2026-07-02,Connected TV,Seasonal Select Promo Initiative,Metro Region Loyalty Cohort,15908997,Family Planners Lookalike Segment,1718074286658736,Offer Spotlight Bold Voice,1638167476571035,Brand Awareness,0,0,0,0,0,0,0,0,0,0,0,0,0,0,0,0,0,0,0,0,0,0,0,0
2026-07-02,Marketplace Feed,Weekend Saver Retention Initiative,Metro Region Loyalty Cohort,15908997,Family Planners Lookalike Segment,7248228093339312,Price Drop Cut Value Voice,9318406623487279,Brand Awareness,0,0,0,0,0,0,0,0,0,0,0,0,0,0,0,0,0,0,0,0,0,0,0,0
2026-07-02,Influencer Network,Seasonal Select Promo Initiative,Metro Region Loyalty Cohort,15908997,Health Conscious Buyers Interest Segment,1532426936569806,Offer Spotlight Bold Voice,4433422745438620,Brand Awareness,0,0,0,0,0,0,0,0,0,0,0,0,0,0,0,0,0,0,0,0,0,0,0,0
2026-07-02,Search Network,Weekend Saver Retention Initiative,Metro Region Loyalty Cohort,15908997,Family Planners Lookalike Segment,7248228093339312,Shelf Story Warm Voice,1150526236199258,Brand Awareness,0,0,0,0,0,0,0,0,0,0,0,0,0,0,0,0,0,0,0,0,0,0,0,0
2026-07-02,Shopping Grid,Family Pantry Retention Initiative,Metro Region Conversion Cohort,44948390,Health Conscious Buyers Retention Segment,1425500821334288,Collection Showcase Warm Voice,6802901513164570,Catalog Engagement,0,0,0,0,0,0,0,0,0,0,0,0,0,0,0,0,0,0,0,0,0,0,0,0
2026-07-02,In-App Display,Weekend Saver Retention Initiative,Metro Region Loyalty Cohort,15908997,Family Planners Lookalike Segment,7248228093339312,Price Drop Cut Value Voice,9781212069592701,Brand Awareness,0,0,0,0,0,0,0,0,0,0,0,0,0,0,0,0,0,0,0,0,0,0,0,0
2026-07-02,Display Network,Seasonal Select Promo Initiative,Metro Region Loyalty Cohort,15908997,Family Planners Lookalike Segment,1718074286658736,Shelf Story Bold Voice,4278310985669178,Brand Awareness,0,0,0,0,0,0,0,0,0,0,0,0,0,0,0,0,0,0,0,0,0,0,0,0
2026-07-02,Shopping Grid,Seasonal Select Promo Initiative,Metro Region Loyalty Cohort,15908997,Health Conscious Buyers Retention Segment,3613956286158588,Offer Spotlight Bold Voice,4607696881668990,Brand Awareness,0,0,0,0,0,0,0,0,0,0,0,0,0,0,0,0,0,0,0,0,0,0,0,0
2026-07-02,Display Network,Family Pantry Retention Initiative,Metro Region Loyalty Cohort,15908997,Health Conscious Buyers Interest Segment,9013382232369046,Price Drop Cut Value Voice,4186893344787278,Brand Awareness,0,0,0,0,0,0,0,0,0,0,0,0,0,0,0,0,0,0,0,0,0,0,0,0
2026-07-02,Retail Media Network,Seasonal Select Promo Initiative,Metro Region Loyalty Cohort,15908997,Family Planners Lookalike Segment,1718074286658736,Offer Spotlight Value Voice,2074777970281390,Brand Awareness,0,0,0,0,0,0,0,0,0,0,0,0,0,0,0,0,0,0,0,0,0,0,0,0
2026-07-02,Retail Media Network,Weekend Saver Retention Initiative,Metro Region Loyalty Cohort,15908997,Family Planners Lookalike Segment,7248228093339312,Offer Spotlight Bold Voice,1757288035719114,Brand Awareness,0,0,0,0,0,0,0,0,0,0,0,0,0,0,0,0,0,0,0,0,0,0,0,0
2026-07-02,Connected TV,Seasonal Select Promo Initiative,Metro Region Loyalty Cohort,15908997,Health Conscious Buyers Retention Segment,3613956286158588,Shelf Story Bold Voice,1755467445485119,Brand Awareness,0,0,0,0,0,0,0,0,0,0,0,0,0,0,0,0,0,0,0,0,0,0,0,0
2026-07-02,In-App Display,Seasonal Select Promo Initiative,Metro Region Loyalty Cohort,15908997,Health Conscious Buyers Interest Segment,1532426936569806,Shelf Story Warm Voice,9953353036347574,Brand Awareness,0,0,0,0,0,0,0,0,0,0,0,0,0,0,0,0,0,0,0,0,0,0,0,0
2026-07-02,In-App Display,Family Pantry Retention Initiative,Metro Region Loyalty Cohort,15908997,Family Planners Lookalike Segment,1665761135741679,Shelf Story Warm Voice,2616618213121749,Brand Awareness,0,0,0,0,0,0,0,0,0,0,0,0,0,0,0,0,0,0,0,0,0,0,0,0
2026-07-02,Discovery Network,Seasonal Select Promo Initiative,Metro Region Loyalty Cohort,15908997,Health Conscious Buyers Retention Segment,3613956286158588,Promo Banner Warm Voice,3456261421148856,Brand Awareness,0,0,0,0,0,0,0,0,0,0,0,0,0,0,0,0,0,0,0,0,0,0,0,0
2026-07-02,Connected TV,Seasonal Select Promo Initiative,Metro Region Loyalty Cohort,15908997,Health Conscious Buyers Interest Segment,1532426936569806,Offer Spotlight Value Voice,2894551765052346,Brand Awareness,0,0,0,0,0,0,0,0,0,0,0,0,0,0,0,0,0,0,0,0,0,0,0,0
2026-07-02,Video Network,Weekend Saver Retention Initiative,Metro Region Loyalty Cohort,15908997,Health Conscious Buyers Retention Segment,4136110625615180,Price Drop Cut Value Voice,1316048837324374,Brand Awareness,0,0,0,0,0,0,0,0,0,0,0,0,0,0,0,0,0,0,0,0,0,0,0,0
2026-07-02,Retail Media Network,Family Pantry Retention Initiative,Metro Region Conversion Cohort,38881639,Family Planners Lookalike Segment,1010331617086390,Shelf Story Warm Voice,1022962676348579,Brand Awareness,0,0,0,0,0,0,0,0,0,0,0,0,0,0,0,0,0,0,0,0,0,0,0,0
2026-07-02,Shopping Grid,Seasonal Select Promo Initiative,Metro Region Loyalty Cohort,15908997,Health Conscious Buyers Interest Segment,1532426936569806,Shelf Story Warm Voice,7193200529405455,Brand Awareness,0,0,0,0,0,0,0,0,0,0,0,0,0,0,0,0,0,0,0,0,0,0,0,0
2026-07-02,Connected TV,Family Pantry Retention Initiative,Metro Region Loyalty Cohort,15908997,Family Planners Lookalike Segment,1665761135741679,Collection Showcase Warm Voice,5654112849815777,Brand Awareness,0,0,0,0,0,0,0,0,0,0,0,0,0,0,0,0,0,0,0,0,0,0,0,0
2026-07-02,Display Network,Family Pantry Retention Initiative,Metro Region Loyalty Cohort,15908997,Health Conscious Buyers Interest Segment,9013382232369046,Shelf Story Warm Voice,1177430610668804,Brand Awareness,0,0,0,0,0,0,0,0,0,0,0,0,0,0,0,0,0,0,0,0,0,0,0,0
2026-07-02,Social Feed,Weekend Saver Retention Initiative,Metro Region Loyalty Cohort,15908997,Health Conscious Buyers Interest Segment,1334393532567969,Shelf Story Warm Voice,8045514033882153,Brand Awareness,0,0,0,0,0,0,0,0,0,0,0,0,0,0,0,0,0,0,0,0,0,0,0,0
2026-07-02,In-App Display,Family Pantry Retention Initiative,Metro Region Loyalty Cohort,15908997,Health Conscious Buyers Retention Segment,4976789753470273,Shelf Story Warm Voice,4041974945367907,Brand Awareness,0,0,0,0,0,0,0,0,0,0,0,0,0,0,0,0,0,0,0,0,0,0,0,0
2026-07-02,Marketplace Feed,Family Pantry Retention Initiative,Metro Region Loyalty Cohort,15908997,Health Conscious Buyers Retention Segment,4976789753470273,Shelf Story Warm Voice,5506678816268127,Brand Awareness,0,0,0,0,0,0,0,0,0,0,0,0,0,0,0,0,0,0,0,0,0,0,0,0
2026-07-02,Shopping Grid,Weekend Saver Retention Initiative,Metro Region Loyalty Cohort,15908997,Health Conscious Buyers Interest Segment,1334393532567969,Price Drop Cut Value Voice,1109002298095593,Brand Awareness,0,0,0,0,0,0,0,0,0,0,0,0,0,0,0,0,0,0,0,0,0,0,0,0
2026-07-02,Marketplace Feed,Seasonal Select Promo Initiative,Metro Region Loyalty Cohort,15908997,Health Conscious Buyers Retention Segment,3613956286158588,Shelf Story Warm Voice,9626373394400677,Brand Awareness,0,0,0,0,0,0,0,0,0,0,0,0,0,0,0,0,0,0,0,0,0,0,0,0
2026-07-02,Affiliate Network,Weekend Saver Retention Initiative,Metro Region Loyalty Cohort,15908997,Health Conscious Buyers Retention Segment,4136110625615180,Shelf Story Warm Voice,5443423299390877,Brand Awareness,0,0,0,0,0,0,0,0,0,0,0,0,0,0,0,0,0,0,0,0,0,0,0,0
2026-07-02,Connected TV,Family Pantry Retention Initiative,Metro Region Loyalty Cohort,15908997,Health Conscious Buyers Retention Segment,1669733702699813,Shelf Story Warm Voice,1173063753252113,Brand Awareness,0,0,0,0,0,0,0,0,0,0,0,0,0,0,0,0,0,0,0,0,0,0,0,0
2026-07-02,Influencer Network,Weekend Saver Retention Initiative,Metro Region Loyalty Cohort,15908997,Health Conscious Buyers Interest Segment,1334393532567969,Price Drop Cut Value Voice,2051943278335934,Brand Awareness,0,0,0,0,0,0,0,0,0,0,0,0,0,0,0,0,0,0,0,0,0,0,0,0
2026-07-02,Video Network,Family Pantry Retention Initiative,Metro Region Loyalty Cohort,15908997,Health Conscious Buyers Interest Segment,1474840462607869,Shelf Story Warm Voice,5682500646683685,Brand Awareness,0,0,0,0,0,0,0,0,0,0,0,0,0,0,0,0,0,0,0,0,0,0,0,0
2026-07-01,Retail Media Network,Seasonal Select Promo Initiative,Metro Region Loyalty Cohort,15908997,Health Conscious Buyers Retention Segment,3613956286158588,Promo Banner Warm Voice,3456261421148856,Brand Awareness,0,0,0,0,0,0,0,0,0,0,0,0,0,0,0,0,0,0,0,0,0,0,0,0
2026-07-01,Social Feed,Family Pantry Retention Initiative,Metro Region Loyalty Cohort,15908997,Health Conscious Buyers Interest Segment,1474840462607869,Shelf Story Warm Voice,5682500646683685,Brand Awareness,0,0,0,0,0,0,0,0,0,0,0,0,0,0,0,0,0,0,0,0,0,0,0,0
2026-07-01,In-App Display,Weekend Saver Retention Initiative,Metro Region Loyalty Cohort,15908997,Health Conscious Buyers Interest Segment,1334393532567969,Shelf Story Warm Voice,8045514033882153,Brand Awareness,0,0,0,0,0,0,0,0,0,0,0,0,0,0,0,0,0,0,0,0,0,0,0,0
2026-07-01,Display Network,Family Pantry Retention Initiative,Metro Region Loyalty Cohort,15908997,Family Planners Lookalike Segment,1665761135741679,Shelf Story Warm Voice,2902136042807068,Brand Awareness,0,0,0,0,0,0,0,0,0,0,0,0,0,0,0,0,0,0,0,0,0,0,0,0
2026-07-01,Marketplace Feed,Weekend Saver Retention Initiative,Metro Region Loyalty Cohort,15908997,Health Conscious Buyers Interest Segment,1334393532567969,Shelf Story Bold Voice,7232280368739505,Brand Awareness,0,0,0,0,0,0,0,0,0,0,0,0,0,0,0,0,0,0,0,0,0,0,0,0
2026-07-01,Retail Media Network,Family Pantry Retention Initiative,Metro Region Loyalty Cohort,15908997,Health Conscious Buyers Retention Segment,1669733702699813,Collection Showcase Warm Voice,1788908453907262,Brand Awareness,0,0,0,0,0,0,0,0,0,0,0,0,0,0,0,0,0,0,0,0,0,0,0,0
2026-07-01,Video Network,Family Pantry Retention Initiative,Metro Region Loyalty Cohort,15908997,Family Planners Lookalike Segment,1665761135741679,Promo Banner Friendly Voice,1647756988327695,Brand Awareness,0,0,0,0,0,0,0,0,0,0,0,0,0,0,0,0,0,0,0,0,0,0,0,0
2026-07-01,Retail Media Network,Family Pantry Retention Initiative,Metro Region Loyalty Cohort,15908997,Family Planners Lookalike Segment,1002710949555221,Shelf Story Warm Voice,5797898098365146,Brand Awareness,0,0,0,0,0,0,0,0,0,0,0,0,0,0,0,0,0,0,0,0,0,0,0,0
2026-07-01,Marketplace Feed,Family Pantry Retention Initiative,Metro Region Loyalty Cohort,15908997,Family Planners Lookalike Segment,1665761135741679,Shelf Story Warm Voice,2793262031628184,Brand Awareness,0,0,0,0,0,0,0,0,0,0,0,0,0,0,0,0,0,0,0,0,0,0,0,0
2026-07-01,Search Network,Seasonal Select Promo Initiative,Metro Region Loyalty Cohort,15908997,Health Conscious Buyers Retention Segment,3613956286158588,Shelf Story Bold Voice,1755467445485119,Brand Awareness,0,0,0,0,0,0,0,0,0,0,0,0,0,0,0,0,0,0,0,0,0,0,0,0
2026-07-01,In-App Display,Seasonal Select Promo Initiative,Metro Region Loyalty Cohort,15908997,Family Planners Lookalike Segment,1718074286658736,Offer Spotlight Bold Voice,1638167476571035,Brand Awareness,0,0,0,0,0,0,0,0,0,0,0,0,0,0,0,0,0,0,0,0,0,0,0,0
2026-07-01,Influencer Network,Seasonal Select Promo Initiative,Metro Region Loyalty Cohort,15908997,Health Conscious Buyers Retention Segment,3613956286158588,Offer Spotlight Bold Voice,4607696881668990,Brand Awareness,0,0,0,0,0,0,0,0,0,0,0,0,0,0,0,0,0,0,0,0,0,0,0,0
2026-07-01,Connected TV,Family Pantry Retention Initiative,Metro Region Loyalty Cohort,15908997,Family Planners Lookalike Segment,1665761135741679,Shelf Story Value Voice,5225143865411760,Brand Awareness,0,0,0,0,0,0,0,0,0,0,0,0,0,0,0,0,0,0,0,0,0,0,0,0
2026-07-01,Social Feed,Weekend Saver Retention Initiative,Metro Region Loyalty Cohort,15908997,Health Conscious Buyers Interest Segment,1334393532567969,Shelf Story Bold Voice,8314765461987923,Brand Awareness,0,0,0,0,0,0,0,0,0,0,0,0,0,0,0,0,0,0,0,0,0,0,0,0
2026-07-01,In-App Display,Seasonal Select Promo Initiative,Metro Region Loyalty Cohort,15908997,Family Planners Lookalike Segment,1718074286658736,Shelf Story Warm Voice,1532291780998103,Brand Awareness,0,0,0,0,0,0,0,0,0,0,0,0,0,0,0,0,0,0,0,0,0,0,0,0
2026-07-01,Connected TV,Seasonal Select Promo Initiative,Metro Region Loyalty Cohort,15908997,Family Planners Lookalike Segment,1718074286658736,Shelf Story Warm Voice,1533493773187614,Brand Awareness,0,0,0,0,0,0,0,0,0,0,0,0,0,0,0,0,0,0,0,0,0,0,0,0
2026-07-01,In-App Display,Family Pantry Retention Initiative,Metro Region Loyalty Cohort,15908997,Health Conscious Buyers Interest Segment,9013382232369046,Shelf Story Warm Voice,8148838999548557,Brand Awareness,0,0,0,0,0,0,0,0,0,0,0,0,0,0,0,0,0,0,0,0,0,0,0,0
2026-07-01,Influencer Network,Seasonal Select Promo Initiative,Metro Region Loyalty Cohort,15908997,Family Planners Lookalike Segment,1718074286658736,Shelf Story Bold Voice,4278310985669178,Brand Awareness,0,0,0,0,0,0,0,0,0,0,0,0,0,0,0,0,0,0,0,0,0,0,0,0
2026-07-01,Retail Media Network,Family Pantry Retention Initiative,Metro Region Loyalty Cohort,15908997,Health Conscious Buyers Retention Segment,1669733702699813,Shelf Story Warm Voice,1173063753252113,Brand Awareness,0,0,0,0,0,0,0,0,0,0,0,0,0,0,0,0,0,0,0,0,0,0,0,0
2026-07-01,Discovery Network,Weekend Saver Retention Initiative,Metro Region Loyalty Cohort,15908997,Family Planners Lookalike Segment,7248228093339312,Shelf Story Bold Voice,3411200546175283,Brand Awareness,0,0,0,0,0,0,0,0,0,0,0,0,0,0,0,0,0,0,0,0,0,0,0,0
2026-07-01,Display Network,Seasonal Select Promo Initiative,Metro Region Loyalty Cohort,15908997,Family Planners Lookalike Segment,1718074286658736,Promo Banner Warm Voice,1089449421739833,Brand Awareness,0,0,0,0,0,0,0,0,0,0,0,0,0,0,0,0,0,0,0,0,0,0,0,0
2026-07-01,Retail Media Network,Seasonal Select Promo Initiative,Metro Region Loyalty Cohort,15908997,Health Conscious Buyers Retention Segment,3613956286158588,Shelf Story Warm Voice,2259713911990191,Brand Awareness,0,0,0,0,0,0,0,0,0,0,0,0,0,0,0,0,0,0,0,0,0,0,0,0
2026-07-01,Discovery Network,Seasonal Select Promo Initiative,Metro Region Loyalty Cohort,15908997,Health Conscious Buyers Interest Segment,1532426936569806,Offer Spotlight Value Voice,2894551765052346,Brand Awareness,0,0,0,0,0,0,0,0,0,0,0,0,0,0,0,0,0,0,0,0,0,0,0,0
2026-07-01,In-App Display,Family Pantry Retention Initiative,Metro Region Loyalty Cohort,15908997,Family Planners Lookalike Segment,1665761135741679,Shelf Story Warm Voice,2616618213121749,Brand Awareness,0,0,0,0,0,0,0,0,0,0,0,0,0,0,0,0,0,0,0,0,0,0,0,0
2026-07-01,Social Feed,Seasonal Select Promo Initiative,Metro Region Loyalty Cohort,15908997,Health Conscious Buyers Interest Segment,1532426936569806,Shelf Story Warm Voice,9953353036347574,Brand Awareness,0,0,0,0,0,0,0,0,0,0,0,0,0,0,0,0,0,0,0,0,0,0,0,0
2026-07-01,In-App Display,Seasonal Select Promo Initiative,Metro Region Loyalty Cohort,15908997,Family Planners Lookalike Segment,1718074286658736,Offer Spotlight Value Voice,2074777970281390,Brand Awareness,0,0,0,0,0,0,0,0,0,0,0,0,0,0,0,0,0,0,0,0,0,0,0,0
2026-07-01,Display Network,Family Pantry Retention Initiative,Metro Region Loyalty Cohort,15908997,Health Conscious Buyers Interest Segment,9013382232369046,Shelf Story Warm Voice,1099249066640891,Brand Awareness,0,0,0,0,0,0,0,0,0,0,0,0,0,0,0,0,0,0,0,0,0,0,0,0
2026-07-01,Retail Media Network,Family Pantry Retention Initiative,Metro Region Loyalty Cohort,15908997,Health Conscious Buyers Interest Segment,9013382232369046,Shelf Story Warm Voice,1177430610668804,Brand Awareness,0,0,0,0,0,0,0,0,0,0,0,0,0,0,0,0,0,0,0,0,0,0,0,0
2026-07-01,Video Network,Seasonal Select Promo Initiative,Metro Region Loyalty Cohort,15908997,Health Conscious Buyers Interest Segment,1532426936569806,Promo Banner Warm Voice,5732401046815275,Brand Awareness,0,0,0,0,0,0,0,0,0,0,0,0,0,0,0,0,0,0,0,0,0,0,0,0
2026-07-01,Influencer Network,Family Pantry Retention Initiative,Metro Region Loyalty Cohort,15908997,Health Conscious Buyers Retention Segment,1669733702699813,Shelf Story Warm Voice,4211876559793011,Brand Awareness,0,0,0,0,0,0,0,0,0,0,0,0,0,0,0,0,0,0,0,0,0,0,0,0
2026-07-01,Affiliate Network,Seasonal Select Promo Initiative,Metro Region Loyalty Cohort,15908997,Health Conscious Buyers Interest Segment,1532426936569806,Offer Spotlight Bold Voice,4433422745438620,Brand Awareness,0,0,0,0,0,0,0,0,0,0,0,0,0,0,0,0,0,0,0,0,0,0,0,0
2026-07-01,Connected TV,Family Pantry Retention Initiative,Metro Region Loyalty Cohort,15908997,Family Planners Lookalike Segment,1665761135741679,Shelf Story Warm Voice,6549680554582288,Brand Awareness,0,0,0,0,0,0,0,0,0,0,0,0,0,0,0,0,0,0,0,0,0,0,0,0
2026-07-01,Search Network,Family Pantry Retention Initiative,Metro Region Loyalty Cohort,15908997,Health Conscious Buyers Interest Segment,9013382232369046,Shelf Story Warm Voice,5257839822274418,Brand Awareness,0,0,0,0,0,0,0,0,0,0,0,0,0,0,0,0,0,0,0,0,0,0,0,0
2026-07-01,Search Network,Family Pantry Retention Initiative,Metro Region Loyalty Cohort,15908997,Health Conscious Buyers Interest Segment,1474840462607869,Shelf Story Warm Voice,4340134105081797,Brand Awareness,0,0,0,0,0,0,0,0,0,0,0,0,0,0,0,0,0,0,0,0,0,0,0,0
2026-07-01,Connected TV,Family Pantry Retention Initiative,Metro Region Loyalty Cohort,15908997,Health Conscious Buyers Interest Segment,9013382232369046,Promo Banner Friendly Voice,1255871739760170,Brand Awareness,0,0,0,0,0,0,0,0,0,0,0,0,0,0,0,0,0,0,0,0,0,0,0,0
2026-07-01,Marketplace Feed,Seasonal Select Promo Initiative,Metro Region Loyalty Cohort,15908997,Health Conscious Buyers Interest Segment,1532426936569806,Shelf Story Bold Voice,1082336609132049,Brand Awareness,0,0,0,0,0,0,0,0,0,0,0,0,0,0,0,0,0,0,0,0,0,0,0,0
2026-07-01,Search Network,Family Pantry Retention Initiative,Metro Region Conversion Cohort,15908997,Weekend Deal Hunters Interest Segment,6202516839870495,Shelf Story Value Voice,1077582730962642,Catalog Engagement,0,0,0,0,0,0,0,0,0,0,0,0,0,0,0,0,0,0,0,0,0,0,0,0
2026-07-01,Marketplace Feed,Weekend Saver Retention Initiative,Metro Region Loyalty Cohort,15908997,Health Conscious Buyers Interest Segment,1334393532567969,Shelf Story Warm Voice,2520693897922300,Brand Awareness,0,0,0,0,0,0,0,0,0,0,0,0,0,0,0,0,0,0,0,0,0,0,0,0
2026-07-01,Connected TV,Seasonal Select Promo Initiative,Metro Region Loyalty Cohort,15908997,Health Conscious Buyers Retention Segment,3613956286158588,Offer Spotlight Value Voice,9011752711561329,Brand Awareness,0,0,0,0,0,0,0,0,0,0,0,0,0,0,0,0,0,0,0,0,0,0,0,0
2026-07-01,Search Network,Seasonal Select Promo Initiative,Metro Region Loyalty Cohort,15908997,Health Conscious Buyers Interest Segment,1532426936569806,Shelf Story Warm Voice,7193200529405455,Brand Awareness,0,0,0,0,0,0,0,0,0,0,0,0,0,0,0,0,0,0,0,0,0,0,0,0
2026-07-01,In-App Display,Seasonal Select Promo Initiative,Metro Region Loyalty Cohort,15908997,Health Conscious Buyers Retention Segment,3613956286158588,Shelf Story Warm Voice,9626373394400677,Brand Awareness,0,0,0,0,0,0,0,0,0,0,0,0,0,0,0,0,0,0,0,0,0,0,0,0
2026-07-01,Affiliate Network,Weekend Saver Retention Initiative,Metro Region Loyalty Cohort,15908997,Health Conscious Buyers Interest Segment,1334393532567969,Price Drop Cut Value Voice,1109002298095593,Brand Awareness,0,0,0,0,0,0,0,0,0,0,0,0,0,0,0,0,0,0,0,0,0,0,0,0
2026-07-01,In-App Display,Family Pantry Retention Initiative,Metro Region Loyalty Cohort,15908997,Family Planners Lookalike Segment,1665761135741679,Shelf Story Bold Voice,1220357368781053,Brand Awareness,0,0,0,0,0,0,0,0,0,0,0,0,0,0,0,0,0,0,0,0,0,0,0,0
