DATE,PLATFORM,CAMPAIGN_NAME,CAMPAIGN_GROUP,CAMPAIGN_ID,ADSET_NAME,ADSET_ID,AD_NAME,AD_ID,OBJECTIVE,AMOUNT_SPENT,IMPRESSIONS,CONVERSIONS,REACH,CLICKS,VIDEO_PLAYS_AT_100,VIDEO_PLAYS_AT_25,VIDEO_PLAYS_AT_50,VIDEO_PLAYS_AT_75,FOCUSSED_VIEW_15SEC,VIDEO_VIEWS,VIDEO_THRUPLAY,VIDEO_PLAY_ACTIONS,COMMENTS,LEADS,LIKES,LINK_CLICKS,ENGAGEMENT,ENGAGEMENT_RATE,SHARES,FOLLOWS,VIEW_THROUGH_CONVERSION,VIDEO_STARTS,PURCHASE
2026-02-28,Display Network,Family Pantry Retention Initiative,Central Region Loyalty Cohort,88536126546,Family Planners Interest Segment,285444870101,Collection Showcase Warm Voice,663666316732,Brand Awareness,158.538526,71668,0,0,60,0.4097,1.1488,0.7048,0.5795,0,4832,0,0,0,0,0,0,6263,1.8423,0,0,0,0,0
2026-02-28,Influencer Network,Family Pantry Retention Initiative,Central Region Loyalty Cohort,88536126546,Weekend Deal Hunters Interest Segment,121597754445,Collection Showcase Warm Voice,767332541439,Brand Awareness,45.970292,12743,0,0,21,0.4606,1.3352,0.9856,0.6111,0,1040,0,0,0,0,0,0,1527,0.4576,0,0,0,0,0
2026-02-28,Influencer Network,Family Pantry Retention Initiative,Central Region Loyalty Cohort,88536126546,Bulk Buyers Retention Segment,174279500412,Collection Showcase Warm Voice,374916335819,Brand Awareness,763.40385,444989,0,0,400,0.4687,1.3334,0.6881,0.5731,0,25237,0,0,0,0,0,0,36706,1.5441,0,0,0,0,0
2026-02-27,Social Feed,Family Pantry Retention Initiative,Central Region Loyalty Cohort,88536126546,Family Planners Interest Segment,285444870101,Collection Showcase Warm Voice,663666316732,Brand Awareness,1084.217929,724594,0,0,230,0.3265,1.1971,0.6094,0.4418,0,30058,0,0,0,0,0,0,40831,1.78,0,0,0,0,0
2026-02-27,Marketplace Feed,Family Pantry Retention Initiative,Central Region Loyalty Cohort,88536126546,Bulk Buyers Retention Segment,174279500412,Collection Showcase Warm Voice,374916335819,Brand Awareness,568.331575,232461,0,0,255,0.4988,1.3495,0.8109,0.6060,0,13190,0,0,0,0,0,0,21537,1.5353,0,0,0,0,0
2026-02-27,Search Network,Family Pantry Retention Initiative,Central Region Loyalty Cohort,88536126546,Weekend Deal Hunters Interest Segment,121597754445,Collection Showcase Warm Voice,767332541439,Brand Awareness,195.849135,51827,0,0,60,0.4308,1.3404,0.7717,0.5384,0,3772,0,0,0,0,0,0,5736,0.7596,0,0,0,0,0
2026-02-26,Influencer Network,Family Pantry Retention Initiative,Central Region Loyalty Cohort,88536126546,Bulk Buyers Retention Segment,174279500412,Collection Showcase Warm Voice,374916335819,Brand Awareness,380.162402,113943,0,0,411,0.4794,1.3305,0.6758,0.4991,0,13501,0,0,0,0,0,0,20989,1.638,0,0,0,0,0
2026-02-26,Social Feed,Family Pantry Retention Initiative,Central Region Loyalty Cohort,88536126546,Family Planners Interest Segment,285444870101,Collection Showcase Warm Voice,663666316732,Brand Awareness,821.414356,542242,0,0,233,0.4586,1.160,0.7027,0.5480,0,27858,0,0,0,0,0,0,43923,1.5764,0,0,0,0,0
2026-02-26,Video Network,Family Pantry Retention Initiative,Central Region Loyalty Cohort,88536126546,Weekend Deal Hunters Interest Segment,121597754445,Collection Showcase Warm Voice,767332541439,Brand Awareness,312.92575,91642,0,0,140,0.6370,1.2884,0.7837,0.5902,0,6315,0,0,0,0,0,0,8472,1.1202,0,0,0,0,0
2026-02-25,Display Network,Market Fresh Demand Initiative,Central Region Loyalty Cohort,89448885370,Family Planners Interest Segment,718116163111,Offer Spotlight Bold Voice,848992694251,Brand Awareness,207.700882,40496,0,0,166,1.8687,4.3182,2.6195,1.6747,0,12603,0,0,0,0,0,0,16218,1.7601,0,0,0,0,0
2026-02-25,Social Feed,Family Pantry Retention Initiative,Central Region Loyalty Cohort,10011967145,Family Planners Interest Segment,179895326936,Price Drop Cut Direct Voice,952800092879,Brand Awareness,175.236265,41313,0,0,99,2.1250,5.400,2.4948,2.3403,0,12493,0,0,0,0,0,0,19659,2.092,0,0,0,0,0
2026-02-25,Shopping Grid,Family Pantry Retention Initiative,Central Region Loyalty Cohort,88536126546,Bulk Buyers Retention Segment,174279500412,Collection Showcase Warm Voice,374916335819,Brand Awareness,802.266201,189028,0,0,844,0.4484,1.2885,0.7757,0.516,0,25770,0,0,0,0,0,0,39007,1.7327,0,0,0,0,0
2026-02-25,In-App Display,Family Pantry Retention Initiative,Central Region Loyalty Cohort,10011967145,Weekend Deal Hunters Interest Segment,348405126892,Price Drop Cut Direct Voice,136351769542,Brand Awareness,14.56919,4385,0,0,13,0.3543,1.4015,0.9575,0.5523,0,1132,0,0,0,0,0,0,1727,1.1974,0,0,0,0,0
2026-02-25,Marketplace Feed,Family Pantry Retention Initiative,Central Region Loyalty Cohort,88536126546,Family Planners Interest Segment,285444870101,Collection Showcase Warm Voice,663666316732,Brand Awareness,366.694450,206643,0,0,138,0.2233,0.9563,0.5266,0.3788,0,13413,0,0,0,0,0,0,22450,1.7968,0,0,0,0,0
2026-02-25,Shopping Grid,Family Pantry Retention Initiative,Central Region Loyalty Cohort,88536126546,Weekend Deal Hunters Interest Segment,121597754445,Collection Showcase Warm Voice,767332541439,Brand Awareness,452.006752,124492,0,0,186,0.549,1.1025,0.6652,0.6215,0,8770,0,0,0,0,0,0,12863,1.8093,0,0,0,0,0
2026-02-25,Retail Media Network,Market Fresh Demand Initiative,Central Region Loyalty Cohort,89448885370,Bulk Buyers Retention Segment,905519956098,Offer Spotlight Bold Voice,500647504454,Brand Awareness,97.310400,23963,0,0,51,1.5293,4.5681,2.1870,1.6355,0,5614,0,0,0,0,0,0,6691,1.3436,0,0,0,0,0
2026-02-25,Retail Media Network,Market Fresh Demand Initiative,Central Region Loyalty Cohort,89448885370,Weekend Deal Hunters Interest Segment,105905599020,Offer Spotlight Bold Voice,347015732879,Brand Awareness,2.029701,387,0,0,1,0.3648,1.5014,0.8405,0.4299,0,138,0,0,0,0,0,0,162,0.7709,0,0,0,0,0
2026-02-25,Search Network,Family Pantry Retention Initiative,Central Region Loyalty Cohort,10011967145,Bulk Buyers Retention Segment,122439929019,Price Drop Cut Direct Voice,844244913209,Brand Awareness,100.262410,24556,0,0,66,1.5102,5.2040,2.2692,1.9369,0,8107,0,0,0,0,0,0,11162,2.0042,0,0,0,0,0
2026-02-24,Retail Media Network,Family Pantry Retention Initiative,Central Region Loyalty Cohort,88536126546,Weekend Deal Hunters Interest Segment,121597754445,Collection Showcase Warm Voice,767332541439,Brand Awareness,115.41376,39627,0,0,44,0.3439,1.017,0.5805,0.502,0,3181,0,0,0,0,0,0,4168,0.9,0,0,0,0,0
2026-02-24,Shopping Grid,Family Pantry Retention Initiative,Central Region Loyalty Cohort,10011967145,Bulk Buyers Retention Segment,122439929019,Price Drop Cut Direct Voice,844244913209,Brand Awareness,156.173729,54604,0,0,116,1.6077,5.3193,2.2291,1.7265,0,18763,0,0,0,0,0,0,24429,1.7592,0,0,0,0,0
2026-02-24,Retail Media Network,Family Pantry Retention Initiative,Central Region Loyalty Cohort,10011967145,Weekend Deal Hunters Interest Segment,348405126892,Price Drop Cut Direct Voice,136351769542,Brand Awareness,44.498616,11302,0,0,53,0.3835,1.651,0.7346,0.5202,0,2925,0,0,0,0,0,0,4991,1.0738,0,0,0,0,0
2026-02-24,Display Network,Family Pantry Retention Initiative,Central Region Loyalty Cohort,10011967145,Family Planners Interest Segment,179895326936,Price Drop Cut Direct Voice,952800092879,Brand Awareness,66.898347,15621,0,0,28,1.9285,4.5829,2.5231,1.8913,0,5285,0,0,0,0,0,0,7182,2.3306,0,0,0,0,0
2026-02-24,Marketplace Feed,Family Pantry Retention Initiative,Central Region Loyalty Cohort,88536126546,Bulk Buyers Retention Segment,174279500412,Collection Showcase Warm Voice,374916335819,Brand Awareness,763.79836,223123,0,0,868,0.4348,1.4225,0.767,0.5157,0,25365,0,0,0,0,0,0,33188,1.5707,0,0,0,0,0
2026-02-24,Marketplace Feed,Market Fresh Demand Initiative,Central Region Loyalty Cohort,89448885370,Family Planners Interest Segment,718116163111,Offer Spotlight Bold Voice,848992694251,Brand Awareness,148.097755,33270,0,0,78,1.901,4.2392,2.3732,1.9922,0,6353,0,0,0,0,0,0,9716,1.7295,0,0,0,0,0
2026-02-24,Discovery Network,Family Pantry Retention Initiative,Central Region Loyalty Cohort,88536126546,Family Planners Interest Segment,285444870101,Collection Showcase Warm Voice,663666316732,Brand Awareness,720.373648,345343,0,0,255,0.4009,1.3410,0.7799,0.6098,0,25648,0,0,0,0,0,0,43143,1.8068,0,0,5,0,0
2026-02-24,Affiliate Network,Market Fresh Demand Initiative,Central Region Loyalty Cohort,89448885370,Bulk Buyers Retention Segment,905519956098,Offer Spotlight Bold Voice,500647504454,Brand Awareness,200.608111,35216,0,0,68,1.699,4.2097,2.3742,2.0033,0,7517,0,0,0,0,0,0,12209,1.8063,0,0,0,0,0
2026-02-24,Display Network,Market Fresh Demand Initiative,Central Region Loyalty Cohort,89448885370,Weekend Deal Hunters Interest Segment,105905599020,Offer Spotlight Bold Voice,347015732879,Brand Awareness,5.155330,718,0,0,3,0.7844,2.8131,1.2638,1.0664,0,269,0,0,0,0,0,0,363,1.2801,0,0,0,0,0
2026-02-23,Marketplace Feed,Family Pantry Retention Initiative,Central Region Loyalty Cohort,88536126546,Weekend Deal Hunters Interest Segment,121597754445,Collection Showcase Warm Voice,767332541439,Brand Awareness,26.661381,5185,0,0,10,0.5679,1.3302,0.7544,0.4505,0,538,0,0,0,0,0,0,788,1.0689,0,0,0,0,0
2026-02-23,Search Network,Family Pantry Retention Initiative,Central Region Loyalty Cohort,10011967145,Weekend Deal Hunters Interest Segment,348405126892,Price Drop Cut Direct Voice,136351769542,Brand Awareness,12.064549,1013,0,0,8,0.8944,2.4495,1.1775,0.9331,0,347,0,0,0,0,0,0,493,1.3518,0,0,0,0,0
2026-02-23,Affiliate Network,Market Fresh Demand Initiative,Central Region Loyalty Cohort,89448885370,Weekend Deal Hunters Interest Segment,105905599020,Offer Spotlight Bold Voice,347015732879,Brand Awareness,4.354183,830,0,0,5,0.6993,2.5656,1.0758,0.7904,0,339,0,0,0,0,0,0,421,1.5388,0,0,0,0,0
2026-02-23,Search Network,Family Pantry Retention Initiative,Central Region Loyalty Cohort,88536126546,Bulk Buyers Retention Segment,174279500412,Collection Showcase Warm Voice,374916335819,Brand Awareness,503.133099,158661,0,0,329,0.5636,1.436,0.8304,0.6941,0,14821,0,0,0,0,0,0,21967,1.8607,0,0,0,0,0
2026-02-23,Retail Media Network,Market Fresh Demand Initiative,Central Region Loyalty Cohort,89448885370,Bulk Buyers Retention Segment,905519956098,Offer Spotlight Bold Voice,500647504454,Brand Awareness,105.968970,22575,0,0,45,1.5538,4.3230,2.4577,1.9272,0,4349,0,0,0,0,0,0,7069,1.6591,0,0,0,0,0
2026-02-23,Affiliate Network,Market Fresh Demand Initiative,Central Region Loyalty Cohort,89448885370,Family Planners Interest Segment,718116163111,Offer Spotlight Bold Voice,848992694251,Brand Awareness,268.950931,48332,0,0,78,1.6089,4.1715,2.3212,1.8634,0,9419,0,0,0,0,0,0,14235,1.4464,0,0,0,0,0
2026-02-23,Influencer Network,Family Pantry Retention Initiative,Central Region Loyalty Cohort,88536126546,Family Planners Interest Segment,285444870101,Collection Showcase Warm Voice,663666316732,Brand Awareness,1145.738229,214788,0,0,533,0.6065,1.4973,1.0328,0.6635,0,33893,0,0,0,0,0,0,46373,1.9770,0,0,0,0,0
2026-02-23,Video Network,Family Pantry Retention Initiative,Central Region Loyalty Cohort,10011967145,Bulk Buyers Retention Segment,122439929019,Price Drop Cut Direct Voice,844244913209,Brand Awareness,75.022108,17958,0,0,28,1.5132,4.1891,2.2107,1.8373,0,5388,0,0,0,0,0,0,6771,1.6629,0,0,0,0,0
2026-02-23,Influencer Network,Family Pantry Retention Initiative,Central Region Loyalty Cohort,10011967145,Family Planners Interest Segment,179895326936,Price Drop Cut Direct Voice,952800092879,Brand Awareness,193.809859,60039,0,0,138,1.612,5.6208,2.6838,1.9797,0,21675,0,0,0,0,0,0,35860,1.8934,0,0,0,0,0
2026-02-22,Search Network,Seasonal Select Promo Initiative,Central Region Loyalty Cohort,37827686120,Family Planners Interest Segment,130778236254,Product Reel Warm Voice,128381315840,Brand Awareness,154.716552,34218,0,0,49,1.1157,1.5089,1.22,0.9108,0,4907,0,0,0,0,0,0,10344,1.7910,0,0,0,0,0
2026-02-22,Search Network,Market Fresh Demand Initiative,Central Region Loyalty Cohort,89448885370,Bulk Buyers Retention Segment,905519956098,Offer Spotlight Bold Voice,500647504454,Brand Awareness,187.124834,56220,0,0,98,0.651,3.3400,1.2554,0.7687,0,8440,0,0,0,0,0,0,13497,1.4769,0,0,0,0,0
2026-02-22,Search Network,Market Fresh Demand Initiative,Central Region Loyalty Cohort,89448885370,Family Planners Interest Segment,718116163111,Offer Spotlight Bold Voice,848992694251,Brand Awareness,177.672053,16203,0,0,27,1.8222,4.8364,2.277,1.8748,0,5328,0,0,0,0,0,0,5697,1.7847,0,0,0,0,0
2026-02-22,Social Feed,Family Pantry Retention Initiative,Central Region Loyalty Cohort,88536126546,Weekend Deal Hunters Interest Segment,121597754445,Collection Showcase Warm Voice,767332541439,Brand Awareness,14.368880,6936,0,0,9,0.7278,1.2830,0.9613,0.656,0,316,0,0,0,0,0,0,501,0.5797,0,0,0,0,0
2026-02-22,Influencer Network,Seasonal Select Promo Initiative,Central Region Loyalty Cohort,37827686120,Bulk Buyers Retention Segment,244078885241,Product Reel Warm Voice,353132184282,Brand Awareness,141.296266,40985,0,0,93,0.0913,0.5743,0.1897,0.1118,0,5489,0,0,0,0,0,0,11215,1.5516,0,0,0,0,0
2026-02-22,In-App Display,Seasonal Select Promo Initiative,Central Region Loyalty Cohort,37827686120,Weekend Deal Hunters Interest Segment,126612601488,Product Reel Warm Voice,138657204556,Brand Awareness,7.539449,991,0,0,8,0.2337,0.3747,0.2296,0.2087,0,197,0,0,0,0,0,0,361,1.0806,0,0,0,0,0
2026-02-22,In-App Display,Family Pantry Retention Initiative,Central Region Loyalty Cohort,10011967145,Family Planners Interest Segment,179895326936,Price Drop Cut Direct Voice,952800092879,Brand Awareness,162.640789,20519,0,0,60,0.8171,3.7919,1.6169,1.2846,0,6367,0,0,0,0,0,0,10189,1.840,0,0,0,0,0
2026-02-22,Display Network,Family Pantry Retention Initiative,Central Region Loyalty Cohort,88536126546,Family Planners Interest Segment,285444870101,Collection Showcase Warm Voice,663666316732,Brand Awareness,1371.879871,478039,0,0,654,0.445,1.3965,0.7338,0.558,0,44044,0,0,0,0,0,0,59279,1.6770,0,0,0,0,0
2026-02-22,Retail Media Network,Family Pantry Retention Initiative,Central Region Loyalty Cohort,88536126546,Bulk Buyers Retention Segment,174279500412,Collection Showcase Warm Voice,374916335819,Brand Awareness,1002.74103,304903,0,0,453,0.5362,1.4992,0.8390,0.6616,0,27112,0,0,0,0,0,0,35972,1.8273,0,0,0,0,0
2026-02-22,In-App Display,Market Fresh Demand Initiative,Central Region Loyalty Cohort,89448885370,Weekend Deal Hunters Interest Segment,105905599020,Offer Spotlight Bold Voice,347015732879,Brand Awareness,4.513188,866,0,0,0,0.5045,1.6483,0.8092,0.7166,0,249,0,0,0,0,0,0,292,1.0777,0,0,0,0,0
2026-02-22,Display Network,Family Pantry Retention Initiative,Central Region Loyalty Cohort,10011967145,Bulk Buyers Retention Segment,122439929019,Price Drop Cut Direct Voice,844244913209,Brand Awareness,103.067453,26912,0,0,76,1.6766,4.5658,2.6162,2.3342,0,9071,0,0,0,0,0,0,11548,2.3569,0,0,0,0,0
2026-02-22,Influencer Network,Family Pantry Retention Initiative,Central Region Loyalty Cohort,10011967145,Weekend Deal Hunters Interest Segment,348405126892,Price Drop Cut Direct Voice,136351769542,Brand Awareness,16.299011,1020,0,0,1,0.5097,2.3930,1.2902,0.5761,0,428,0,0,0,0,0,0,653,1.1180,0,0,0,0,0
2026-02-21,Discovery Network,Seasonal Select Promo Initiative,Central Region Loyalty Cohort,37827686120,Family Planners Interest Segment,130778236254,Product Reel Warm Voice,128381315840,Brand Awareness,143.356635,39811,0,0,88,0.0641,0.3621,0.1483,0.1004,0,4956,0,0,0,0,0,0,8653,1.4266,0,0,0,0,0
2026-02-21,Influencer Network,Seasonal Select Promo Initiative,Central Region Loyalty Cohort,37827686120,Weekend Deal Hunters Interest Segment,126612601488,Product Reel Warm Voice,138657204556,Brand Awareness,12.309806,1259,0,0,18,0.1311,0.3345,0.1656,0.1437,0,332,0,0,0,0,0,0,561,0.7929,0,0,0,0,0
2026-02-21,Connected TV,Family Pantry Retention Initiative,Central Region Loyalty Cohort,10011967145,Bulk Buyers Retention Segment,122439929019,Price Drop Cut Direct Voice,844244913209,Brand Awareness,117.466281,21988,0,0,49,0.6307,3.5124,1.6518,1.0117,0,7909,0,0,0,0,0,0,10476,2.1737,0,0,0,0,0
2026-02-21,Shopping Grid,Family Pantry Retention Initiative,Central Region Loyalty Cohort,10011967145,Weekend Deal Hunters Interest Segment,348405126892,Price Drop Cut Direct Voice,136351769542,Brand Awareness,13.1362,1164,0,0,6,0.4710,2.1687,0.9658,0.4944,0,423,0,0,0,0,0,0,577,0.8367,0,0,0,0,0
2026-02-21,Display Network,Family Pantry Retention Initiative,Central Region Loyalty Cohort,88536126546,Family Planners Interest Segment,285444870101,Collection Showcase Warm Voice,663666316732,Brand Awareness,1149.213418,454384,0,0,353,0.5590,1.553,0.8363,0.5743,0,30662,0,0,0,0,0,0,53809,1.7597,0,0,0,0,0
2026-02-21,Social Feed,Family Pantry Retention Initiative,Central Region Loyalty Cohort,88536126546,Bulk Buyers Retention Segment,174279500412,Collection Showcase Warm Voice,374916335819,Brand Awareness,1062.307241,550603,0,0,582,0.606,1.547,0.9432,0.7002,0,39935,0,0,0,0,0,0,54434,1.6924,0,0,0,0,0
2026-02-21,Search Network,Seasonal Select Promo Initiative,Central Region Loyalty Cohort,37827686120,Bulk Buyers Retention Segment,244078885241,Product Reel Warm Voice,353132184282,Brand Awareness,144.963199,48370,0,0,109,0.118,0.4812,0.239,0.1563,0,8485,0,0,0,0,0,0,12871,1.9294,0,0,0,0,0
2026-02-21,Discovery Network,Family Pantry Retention Initiative,Central Region Loyalty Cohort,10011967145,Family Planners Interest Segment,179895326936,Price Drop Cut Direct Voice,952800092879,Brand Awareness,151.998348,45306,0,0,102,1.7612,4.4955,2.2438,2.0614,0,19584,0,0,0,0,0,0,22270,1.9311,0,0,0,0,0
2026-02-21,Retail Media Network,Market Fresh Demand Initiative,Central Region Loyalty Cohort,89448885370,Bulk Buyers Retention Segment,905519956098,Offer Spotlight Bold Voice,500647504454,Brand Awareness,227.804407,25484,0,0,141,1.9966,4.772,2.5585,2.0121,0,8285,0,0,0,0,0,0,9997,1.8763,0,0,0,0,0
2026-02-21,Retail Media Network,Market Fresh Demand Initiative,Central Region Loyalty Cohort,89448885370,Weekend Deal Hunters Interest Segment,105905599020,Offer Spotlight Bold Voice,347015732879,Brand Awareness,17.512098,1345,0,0,11,0.6427,2.0511,1.015,0.6717,0,452,0,0,0,0,0,0,589,0.8228,0,0,0,0,0
2026-02-21,Influencer Network,Market Fresh Demand Initiative,Central Region Loyalty Cohort,89448885370,Family Planners Interest Segment,718116163111,Offer Spotlight Bold Voice,848992694251,Brand Awareness,92.970825,29071,0,0,113,1.5036,4.1892,1.8520,1.4011,0,3718,0,0,0,0,0,0,6620,1.2742,0,0,0,0,0
2026-02-21,Retail Media Network,Family Pantry Retention Initiative,Central Region Loyalty Cohort,88536126546,Weekend Deal Hunters Interest Segment,121597754445,Collection Showcase Warm Voice,767332541439,Brand Awareness,21.024597,13303,0,0,18,0.3488,0.9060,0.3947,0.3511,0,569,0,0,0,0,0,0,923,1.394,0,0,0,0,0
2026-02-20,Affiliate Network,Seasonal Select Promo Initiative,Central Region Loyalty Cohort,37827686120,Family Planners Interest Segment,130778236254,Product Reel Warm Voice,128381315840,Brand Awareness,175.956177,55287,0,0,106,0.1325,0.4796,0.2055,0.1434,0,6517,0,0,0,0,0,0,13066,1.8736,0,0,0,0,0
2026-02-20,Affiliate Network,Family Pantry Retention Initiative,Central Region Loyalty Cohort,10011967145,Weekend Deal Hunters Interest Segment,348405126892,Price Drop Cut Direct Voice,136351769542,Brand Awareness,0.357214,28,0,0,0,0.4069,1.1128,0.5157,0.5099,0,9,0,0,0,0,0,0,13,0.4452,0,0,0,0,0
2026-02-20,Affiliate Network,Market Fresh Demand Initiative,Central Region Loyalty Cohort,89448885370,Bulk Buyers Retention Segment,905519956098,Offer Spotlight Bold Voice,500647504454,Brand Awareness,138.903140,26901,0,0,54,1.2582,4.6259,1.5699,1.1773,0,4580,0,0,0,0,0,0,5064,0.8893,0,0,0,0,0
2026-02-20,Display Network,Seasonal Select Promo Initiative,Central Region Loyalty Cohort,37827686120,Weekend Deal Hunters Interest Segment,126612601488,Product Reel Warm Voice,138657204556,Brand Awareness,8.186366,869,0,0,11,0.2174,0.7938,0.2655,0.2049,0,191,0,0,0,0,0,0,425,1.6421,0,0,0,0,0
2026-02-20,Influencer Network,Seasonal Select Promo Initiative,Central Region Loyalty Cohort,37827686120,Bulk Buyers Retention Segment,244078885241,Product Reel Warm Voice,353132184282,Brand Awareness,106.187520,25882,0,0,57,0.1078,0.5590,0.2145,0.1363,0,3937,0,0,0,0,0,0,7344,1.5326,0,0,0,0,0
2026-02-20,Affiliate Network,Family Pantry Retention Initiative,Central Region Loyalty Cohort,10011967145,Family Planners Interest Segment,179895326936,Price Drop Cut Direct Voice,952800092879,Brand Awareness,94.749070,15814,0,0,44,0.5081,3.7761,1.5691,0.733,0,5457,0,0,0,0,0,0,7799,1.6407,0,0,0,0,0
2026-02-20,Display Network,Family Pantry Retention Initiative,Central Region Loyalty Cohort,10011967145,Bulk Buyers Retention Segment,122439929019,Price Drop Cut Direct Voice,844244913209,Brand Awareness,190.361892,55309,0,0,96,0.656,3.9215,1.7661,1.1664,0,18159,0,0,0,0,0,0,22184,2.0824,0,0,0,0,0
2026-02-20,In-App Display,Family Pantry Retention Initiative,Central Region Loyalty Cohort,88536126546,Bulk Buyers Retention Segment,174279500412,Collection Showcase Warm Voice,374916335819,Brand Awareness,1325.856221,282040,0,0,456,0.6074,1.5987,1.0341,0.6881,0,30422,0,0,0,0,0,0,47569,2.3925,0,0,0,0,0
2026-02-20,Connected TV,Market Fresh Demand Initiative,Central Region Loyalty Cohort,89448885370,Weekend Deal Hunters Interest Segment,105905599020,Offer Spotlight Bold Voice,347015732879,Brand Awareness,5.115922,351,0,0,2,0.5312,1.7976,1.0894,0.4181,0,183,0,0,0,0,0,0,203,1.1356,0,0,0,0,0
2026-02-20,Search Network,Family Pantry Retention Initiative,Central Region Loyalty Cohort,88536126546,Weekend Deal Hunters Interest Segment,121597754445,Collection Showcase Warm Voice,767332541439,Brand Awareness,23.110736,8629,0,0,10,0.6054,1.517,1.0377,0.7235,0,541,0,0,0,0,0,0,702,1.4240,0,0,0,0,0
2026-02-20,Discovery Network,Market Fresh Demand Initiative,Central Region Loyalty Cohort,89448885370,Family Planners Interest Segment,718116163111,Offer Spotlight Bold Voice,848992694251,Brand Awareness,191.119810,64485,0,0,93,0.9458,1.773,1.1184,0.9169,0,8804,0,0,0,0,0,0,11787,1.3694,0,0,0,0,0
2026-02-20,Discovery Network,Family Pantry Retention Initiative,Central Region Loyalty Cohort,88536126546,Family Planners Interest Segment,285444870101,Collection Showcase Warm Voice,663666316732,Brand Awareness,820.141372,473902,0,0,205,0.4723,1.6720,0.7589,0.6531,0,27255,0,0,0,0,0,0,43581,2.1977,0,0,0,0,0
2026-02-19,Influencer Network,Family Pantry Retention Initiative,Central Region Loyalty Cohort,88536126546,Weekend Deal Hunters Interest Segment,121597754445,Collection Showcase Warm Voice,767332541439,Brand Awareness,16.550303,13636,0,0,13,0.0940,0.9164,0.2916,0.2167,0,489,0,0,0,0,0,0,656,0.8757,0,0,0,0,0
2026-02-19,Shopping Grid,Seasonal Select Promo Initiative,Central Region Loyalty Cohort,37827686120,Bulk Buyers Retention Segment,244078885241,Product Reel Warm Voice,353132184282,Brand Awareness,156.892752,35712,0,0,99,0.0981,0.4887,0.1569,0.1173,0,5399,0,0,0,0,0,0,10803,1.5111,0,0,0,0,0
2026-02-19,Social Feed,Seasonal Select Promo Initiative,Central Region Loyalty Cohort,37827686120,Weekend Deal Hunters Interest Segment,126612601488,Product Reel Warm Voice,138657204556,Brand Awareness,6.82185,1263,0,0,11,0.0777,0.17,0.0934,0.0878,0,228,0,0,0,0,0,0,405,0.4538,0,0,0,0,0
2026-02-19,Display Network,Family Pantry Retention Initiative,Central Region Loyalty Cohort,10011967145,Bulk Buyers Retention Segment,122439929019,Price Drop Cut Direct Voice,844244913209,Brand Awareness,162.095863,17378,0,0,44,0.5550,3.9957,1.3175,0.9153,0,5488,0,0,0,0,0,0,8316,1.4893,0,0,0,0,0
2026-02-19,Affiliate Network,Family Pantry Retention Initiative,Central Region Loyalty Cohort,88536126546,Bulk Buyers Retention Segment,174279500412,Collection Showcase Warm Voice,374916335819,Brand Awareness,1009.373799,670811,0,0,457,0.6369,1.3497,1.0034,0.7428,0,32123,0,0,0,0,0,0,47857,2.0027,0,0,1,0,0
2026-02-19,Marketplace Feed,Family Pantry Retention Initiative,Central Region Loyalty Cohort,88536126546,Family Planners Interest Segment,285444870101,Collection Showcase Warm Voice,663666316732,Brand Awareness,1276.489231,384364,0,0,269,0.6840,1.8143,1.008,0.764,0,29149,0,0,0,0,0,0,46277,2.0306,0,0,0,0,0
2026-02-19,In-App Display,Family Pantry Retention Initiative,Central Region Loyalty Cohort,10011967145,Weekend Deal Hunters Interest Segment,348405126892,Price Drop Cut Direct Voice,136351769542,Brand Awareness,1.461032,140,0,0,2,0.2928,2.2160,0.4144,0.3537,0,45,0,0,0,0,0,0,59,0.4187,0,0,0,0,0
2026-02-19,Shopping Grid,Seasonal Select Promo Initiative,Central Region Loyalty Cohort,37827686120,Family Planners Interest Segment,130778236254,Product Reel Warm Voice,128381315840,Brand Awareness,136.130846,33259,0,0,60,0.1340,0.5568,0.2391,0.1458,0,6249,0,0,0,0,0,0,10207,1.816,0,0,0,0,0
2026-02-19,Connected TV,Family Pantry Retention Initiative,Central Region Loyalty Cohort,10011967145,Family Planners Interest Segment,179895326936,Price Drop Cut Direct Voice,952800092879,Brand Awareness,136.985013,24600,0,0,39,1.054,3.6384,1.4163,1.0017,0,4843,0,0,0,0,0,0,7520,1.5152,0,0,0,0,0
2026-02-18,Retail Media Network,Family Pantry Retention Initiative,Central Region Loyalty Cohort,88536126546,Bulk Buyers Retention Segment,174279500412,Collection Showcase Warm Voice,374916335819,Brand Awareness,982.249634,386831,0,0,520,0.6664,1.755,1.0623,0.7573,0,24373,0,0,0,0,0,0,33285,1.9338,0,0,0,0,0
2026-02-18,Influencer Network,Family Pantry Retention Initiative,Central Region Loyalty Cohort,88536126546,Weekend Deal Hunters Interest Segment,121597754445,Collection Showcase Warm Voice,767332541439,Brand Awareness,13.916279,8776,0,0,7,0.4788,1.5435,0.6518,0.4593,0,321,0,0,0,0,0,0,433,0.5060,0,0,0,0,0
2026-02-18,Search Network,Seasonal Select Promo Initiative,Central Region Loyalty Cohort,37827686120,Weekend Deal Hunters Interest Segment,126612601488,Product Reel Warm Voice,138657204556,Brand Awareness,12.80,1593,0,0,15,0.1401,0.4868,0.2898,0.2934,0,368,0,0,0,0,0,0,638,0.5968,0,0,0,0,0
2026-02-18,Shopping Grid,Seasonal Select Promo Initiative,Central Region Loyalty Cohort,37827686120,Family Planners Interest Segment,130778236254,Product Reel Warm Voice,128381315840,Brand Awareness,168.556408,42772,0,0,113,0.1006,0.4801,0.1671,0.115,0,6351,0,0,0,0,0,0,10067,1.4978,0,0,0,0,0
2026-02-18,In-App Display,Seasonal Select Promo Initiative,Central Region Loyalty Cohort,37827686120,Bulk Buyers Retention Segment,244078885241,Product Reel Warm Voice,353132184282,Brand Awareness,130.021323,38128,0,0,87,0.0692,0.3494,0.1366,0.0928,0,5701,0,0,0,0,0,0,11803,1.6396,0,0,0,0,0
2026-02-18,In-App Display,Family Pantry Retention Initiative,Central Region Loyalty Cohort,88536126546,Family Planners Interest Segment,285444870101,Collection Showcase Warm Voice,663666316732,Brand Awareness,1288.646202,417860,0,0,336,0.594,1.8492,0.8840,0.7772,0,29530,0,0,0,0,0,0,41702,2.3241,0,0,0,0,0
2026-02-17,Discovery Network,Seasonal Select Promo Initiative,Central Region Loyalty Cohort,37827686120,Weekend Deal Hunters Interest Segment,126612601488,Product Reel Warm Voice,138657204556,Brand Awareness,0.78,82,0,0,0,0.1772,0.3454,0.2271,0.1969,0,27,0,0,0,0,0,0,34,0.4553,0,0,0,0,0
2026-02-17,Social Feed,Family Pantry Retention Initiative,Central Region Loyalty Cohort,17445028077,Weekend Deal Hunters Interest Segment,174549555385,Product Reel Warm Voice,168165976432,Brand Awareness,6.333528,807,0,0,1,0.4297,1.7149,0.986,0.486,0,236,0,0,0,0,0,0,340,1.1278,0,0,0,0,0
2026-02-17,Influencer Network,Family Pantry Retention Initiative,Central Region Loyalty Cohort,88536126546,Bulk Buyers Retention Segment,174279500412,Collection Showcase Warm Voice,374916335819,Brand Awareness,1209.245018,334481,0,0,567,0.5854,1.6058,0.9792,0.5830,0,25746,0,0,0,0,0,0,39343,1.7468,0,0,1,0,0
2026-02-17,Connected TV,Family Pantry Retention Initiative,Central Region Loyalty Cohort,88536126546,Family Planners Interest Segment,285444870101,Collection Showcase Warm Voice,663666316732,Brand Awareness,960.248557,421200,0,0,343,0.575,1.6090,0.9107,0.6514,0,32408,0,0,0,0,0,0,44030,2.0002,0,0,0,0,0
2026-02-17,Discovery Network,Seasonal Select Promo Initiative,Central Region Loyalty Cohort,37827686120,Bulk Buyers Retention Segment,244078885241,Product Reel Warm Voice,353132184282,Brand Awareness,140.582723,46356,0,0,111,0.0864,0.3346,0.155,0.1084,0,6320,0,0,0,0,0,0,11705,1.1690,0,0,0,0,0
2026-02-17,Video Network,Family Pantry Retention Initiative,Central Region Loyalty Cohort,17445028077,Bulk Buyers Retention Segment,170855258700,Product Reel Warm Voice,541542597282,Brand Awareness,93.974898,32382,0,0,108,1.5617,4.4674,2.2355,1.5738,0,5938,0,0,0,0,0,0,9221,1.7680,0,0,0,0,0
2026-02-17,Connected TV,Seasonal Select Promo Initiative,Central Region Loyalty Cohort,37827686120,Family Planners Interest Segment,130778236254,Product Reel Warm Voice,128381315840,Brand Awareness,139.026904,36050,0,0,99,1.0379,1.3287,1.0513,0.8776,0,4089,0,0,0,0,0,0,8829,1.3662,0,0,0,0,0
2026-02-17,Shopping Grid,Family Pantry Retention Initiative,Central Region Loyalty Cohort,88536126546,Weekend Deal Hunters Interest Segment,121597754445,Collection Showcase Warm Voice,767332541439,Brand Awareness,31.694792,7574,0,0,20,0.1891,1.3430,0.2898,0.177,0,600,0,0,0,0,0,0,1055,0.6311,0,0,0,0,0
2026-02-17,Retail Media Network,Family Pantry Retention Initiative,Central Region Loyalty Cohort,17445028077,Family Planners Interest Segment,480776020451,Product Reel Warm Voice,153157904347,Brand Awareness,169.493970,30148,0,0,219,1.791,4.7944,2.5172,1.9867,0,9124,0,0,0,0,0,0,11712,1.5957,0,0,0,0,0
2026-02-16,Connected TV,Seasonal Select Promo Initiative,Central Region Loyalty Cohort,37827686120,Bulk Buyers Retention Segment,244078885241,Product Reel Warm Voice,353132184282,Brand Awareness,149.25371,23211,0,0,115,0.3970,1.147,0.4918,0.4044,0,7399,0,0,0,0,0,0,11107,2.1418,0,0,0,0,0
2026-02-16,Display Network,Family Pantry Retention Initiative,Central Region Loyalty Cohort,88536126546,Bulk Buyers Retention Segment,174279500412,Collection Showcase Warm Voice,374916335819,Brand Awareness,665.53943,281910,0,0,643,0.6367,1.5047,0.9173,0.7647,0,19362,0,0,0,0,0,0,34609,1.5449,0,0,0,0,0
2026-02-16,Display Network,Family Pantry Retention Initiative,Central Region Loyalty Cohort,88536126546,Weekend Deal Hunters Interest Segment,121597754445,Collection Showcase Warm Voice,767332541439,Brand Awareness,18.829579,7476,0,0,14,0.2952,0.7008,0.5364,0.3222,0,495,0,0,0,0,0,0,759,0.6942,0,0,0,0,0
2026-02-16,Search Network,Family Pantry Retention Initiative,Central Region Loyalty Cohort,88536126546,Family Planners Interest Segment,285444870101,Collection Showcase Warm Voice,663666316732,Brand Awareness,1333.303444,624458,0,0,1036,0.49,1.6464,0.8804,0.5949,0,52203,0,0,0,0,0,0,83161,1.9578,0,0,2,0,0
2026-02-16,Search Network,Seasonal Select Promo Initiative,Central Region Loyalty Cohort,37827686120,Family Planners Interest Segment,130778236254,Product Reel Warm Voice,128381315840,Brand Awareness,125.60449,19273,0,0,76,0.1581,0.4315,0.2846,0.1675,0,5578,0,0,0,0,0,0,9448,1.1736,0,0,0,0,0
2026-02-16,Video Network,Seasonal Select Promo Initiative,Central Region Loyalty Cohort,37827686120,Weekend Deal Hunters Interest Segment,126612601488,Product Reel Warm Voice,138657204556,Brand Awareness,1.431047,192,0,0,2,0.5619,0.7523,0.5130,0.4650,0,41,0,0,0,0,0,0,82,1.3010,0,0,0,0,0
2026-02-16,Video Network,Family Pantry Retention Initiative,Central Region Loyalty Cohort,17445028077,Bulk Buyers Retention Segment,170855258700,Product Reel Warm Voice,541542597282,Brand Awareness,200.449311,46656,0,0,125,1.4354,4.6541,2.3100,1.9380,0,10288,0,0,0,0,0,0,15352,1.5524,0,0,0,0,0
2026-02-16,Influencer Network,Family Pantry Retention Initiative,Central Region Loyalty Cohort,17445028077,Family Planners Interest Segment,480776020451,Product Reel Warm Voice,153157904347,Brand Awareness,98.660442,15328,0,0,38,1.743,5.2999,2.1582,1.956,0,3635,0,0,0,0,0,0,5229,1.6293,0,0,0,0,0
2026-02-16,Marketplace Feed,Family Pantry Retention Initiative,Central Region Loyalty Cohort,17445028077,Weekend Deal Hunters Interest Segment,174549555385,Product Reel Warm Voice,168165976432,Brand Awareness,5.290636,899,0,0,4,0.2184,1.0686,0.4677,0.299,0,237,0,0,0,0,0,0,347,0.5522,0,0,0,0,0
2026-02-16,In-App Display,Family Pantry Retention Initiative,Central Region Loyalty Cohort,10011967145,Family Planners Interest Segment,179895326936,Price Drop Cut Direct Voice,952800092879,Brand Awareness,13.166429,790,0,0,3,0.5988,1.785,0.7244,0.6180,0,407,0,0,0,0,0,0,493,0.6668,0,0,0,0,0
2026-02-16,Retail Media Network,Family Pantry Retention Initiative,Central Region Loyalty Cohort,10011967145,Bulk Buyers Retention Segment,122439929019,Price Drop Cut Direct Voice,844244913209,Brand Awareness,14.298875,930,0,0,1,0.6682,1.3781,0.7267,0.7184,0,444,0,0,0,0,0,0,487,0.6878,0,0,0,0,0
2026-02-16,Retail Media Network,Family Pantry Retention Initiative,Central Region Loyalty Cohort,10011967145,Weekend Deal Hunters Interest Segment,348405126892,Price Drop Cut Direct Voice,136351769542,Brand Awareness,0.278265,20,0,0,0,0.384,1,0.4366,0.3264,0,8,0,0,0,0,0,0,9,0.4500,0,0,0,0,0
2026-02-15,Discovery Network,Family Pantry Retention Initiative,Central Region Loyalty Cohort,88536126546,Weekend Deal Hunters Interest Segment,121597754445,Collection Showcase Warm Voice,767332541439,Brand Awareness,11.202405,4296,0,0,16,0.1006,0.4951,0.2337,0.1282,0,249,0,0,0,0,0,0,456,0.5551,0,0,0,0,0
2026-02-15,Social Feed,Family Pantry Retention Initiative,Central Region Loyalty Cohort,88536126546,Bulk Buyers Retention Segment,174279500412,Collection Showcase Warm Voice,374916335819,Brand Awareness,663.749393,282703,0,0,367,0.6158,1.812,0.9994,0.608,0,18479,0,0,0,0,0,0,26562,1.6452,0,0,0,0,0
2026-02-15,Influencer Network,Family Pantry Retention Initiative,Central Region Loyalty Cohort,17445028077,Weekend Deal Hunters Interest Segment,174549555385,Product Reel Warm Voice,168165976432,Brand Awareness,15.304517,2405,0,0,11,0.7777,1.9698,1.2901,1.0987,0,1164,0,0,0,0,0,0,1439,1.2725,0,0,0,0,0
2026-02-15,Connected TV,Family Pantry Retention Initiative,Central Region Loyalty Cohort,17445028077,Family Planners Interest Segment,480776020451,Product Reel Warm Voice,153157904347,Brand Awareness,175.980400,55314,0,0,116,1.4758,4.9253,2.2814,1.4864,0,9312,0,0,0,0,0,0,15876,1.6417,0,0,0,0,0
2026-02-15,Search Network,Family Pantry Retention Initiative,Central Region Loyalty Cohort,88536126546,Family Planners Interest Segment,285444870101,Collection Showcase Warm Voice,663666316732,Brand Awareness,1711.67373,478394,0,0,1688,0.4895,1.5951,0.9359,0.6205,0,55722,0,0,0,0,0,0,86415,1.8017,0,0,0,0,0
2026-02-15,Marketplace Feed,Family Pantry Retention Initiative,Central Region Loyalty Cohort,17445028077,Bulk Buyers Retention Segment,170855258700,Product Reel Warm Voice,541542597282,Brand Awareness,104.139026,23528,0,0,55,2.5155,4.9816,3.236,2.8123,0,4216,0,0,0,0,0,0,7296,2.7192,0,0,0,0,0
2026-02-14,In-App Display,Family Pantry Retention Initiative,Central Region Loyalty Cohort,88536126546,Bulk Buyers Retention Segment,174279500412,Collection Showcase Warm Voice,374916335819,Brand Awareness,657.171978,306748,0,0,290,0.5253,1.5371,0.8742,0.7957,0,22781,0,0,0,0,0,0,29796,1.5808,0,0,0,0,0
2026-02-14,Retail Media Network,Family Pantry Retention Initiative,Central Region Loyalty Cohort,17445028077,Bulk Buyers Retention Segment,170855258700,Product Reel Warm Voice,541542597282,Brand Awareness,112.530248,25591,0,0,61,0.5226,3.5760,1.2794,0.7976,0,4995,0,0,0,0,0,0,9229,1.6907,0,0,0,0,0
2026-02-14,Influencer Network,Family Pantry Retention Initiative,Central Region Loyalty Cohort,17445028077,Weekend Deal Hunters Interest Segment,174549555385,Product Reel Warm Voice,168165976432,Brand Awareness,6.291983,1413,0,0,6,0.2185,1.4201,0.4874,0.2965,0,328,0,0,0,0,0,0,542,0.8187,0,0,0,0,0
2026-02-14,Influencer Network,Family Pantry Retention Initiative,Central Region Loyalty Cohort,88536126546,Weekend Deal Hunters Interest Segment,121597754445,Collection Showcase Warm Voice,767332541439,Brand Awareness,12.24758,7358,0,0,8,0.3187,1.0398,0.5720,0.6292,0,342,0,0,0,0,0,0,457,0.7355,0,0,0,0,0
2026-02-14,Discovery Network,Family Pantry Retention Initiative,Central Region Loyalty Cohort,88536126546,Family Planners Interest Segment,285444870101,Collection Showcase Warm Voice,663666316732,Brand Awareness,1436.585889,469295,0,0,1334,0.480,1.4264,0.9998,0.6594,0,57352,0,0,0,0,0,0,77019,1.7336,0,0,0,0,0
2026-02-14,Display Network,Family Pantry Retention Initiative,Central Region Loyalty Cohort,17445028077,Family Planners Interest Segment,480776020451,Product Reel Warm Voice,153157904347,Brand Awareness,185.925782,37726,0,0,107,1.4823,4.9897,2.4872,1.5017,0,7912,0,0,0,0,0,0,12989,1.6346,0,0,0,0,0
2026-02-13,Social Feed,Family Pantry Retention Initiative,Central Region Loyalty Cohort,88536126546,Bulk Buyers Retention Segment,174279500412,Collection Showcase Warm Voice,374916335819,Brand Awareness,798.364618,555931,0,0,189,0.5359,1.5485,0.9802,0.5930,0,33294,0,0,0,0,0,0,57919,2.796,0,0,0,0,0
2026-02-13,Marketplace Feed,Family Pantry Retention Initiative,Central Region Loyalty Cohort,17445028077,Bulk Buyers Retention Segment,170855258700,Product Reel Warm Voice,541542597282,Brand Awareness,114.996968,12935,0,0,41,1.7366,4.5074,2.3080,1.7408,0,4526,0,0,0,0,0,0,5493,1.6465,0,0,0,0,0
2026-02-13,Retail Media Network,Family Pantry Retention Initiative,Central Region Loyalty Cohort,17445028077,Weekend Deal Hunters Interest Segment,174549555385,Product Reel Warm Voice,168165976432,Brand Awareness,25.847126,3062,0,0,10,0.9448,2.4456,1.5705,1.3825,0,1490,0,0,0,0,0,0,1611,1.4415,0,0,0,0,0
2026-02-13,Video Network,Family Pantry Retention Initiative,Central Region Loyalty Cohort,17445028077,Family Planners Interest Segment,480776020451,Product Reel Warm Voice,153157904347,Brand Awareness,167.197605,43705,0,0,132,1.9250,5.7353,3.0518,2.0086,0,7774,0,0,0,0,0,0,15296,2.069,0,0,0,0,0
2026-02-13,Retail Media Network,Family Pantry Retention Initiative,Central Region Loyalty Cohort,88536126546,Weekend Deal Hunters Interest Segment,121597754445,Collection Showcase Warm Voice,767332541439,Brand Awareness,18.437992,11440,0,0,12,0.7222,1.2269,0.8498,0.7624,0,491,0,0,0,0,0,0,741,1.7477,0,0,0,0,0
2026-02-13,Social Feed,Family Pantry Retention Initiative,Central Region Loyalty Cohort,88536126546,Family Planners Interest Segment,285444870101,Collection Showcase Warm Voice,663666316732,Brand Awareness,1222.544821,569074,0,0,514,0.4618,1.3691,0.881,0.6223,0,36423,0,0,0,0,0,0,67317,2.4388,0,0,0,0,0
2026-02-12,Retail Media Network,Family Pantry Retention Initiative,Central Region Loyalty Cohort,88536126546,Family Planners Interest Segment,285444870101,Collection Showcase Warm Voice,663666316732,Brand Awareness,731.851562,192758,0,0,436,0.6071,1.4694,0.9144,0.6388,0,25940,0,0,0,0,0,0,35769,2.3569,0,0,0,0,0
2026-02-12,Display Network,Family Pantry Retention Initiative,Central Region Loyalty Cohort,88536126546,Weekend Deal Hunters Interest Segment,121597754445,Collection Showcase Warm Voice,767332541439,Brand Awareness,13.687600,2992,0,0,9,0.595,1.4409,0.8339,0.628,0,325,0,0,0,0,0,0,492,1.6906,0,0,0,0,0
2026-02-12,Video Network,Family Pantry Retention Initiative,Central Region Loyalty Cohort,17445028077,Bulk Buyers Retention Segment,170855258700,Product Reel Warm Voice,541542597282,Brand Awareness,164.975541,31700,0,0,96,2.2306,6.4928,3.0415,2.0920,0,7119,0,0,0,0,0,0,11126,2.2978,0,0,0,0,0
2026-02-12,Video Network,Family Pantry Retention Initiative,Central Region Loyalty Cohort,17445028077,Weekend Deal Hunters Interest Segment,174549555385,Product Reel Warm Voice,168165976432,Brand Awareness,6.92645,450,0,0,1,0.560,1.8541,0.6778,0.619,0,199,0,0,0,0,0,0,243,0.6264,0,0,0,0,0
2026-02-12,Social Feed,Family Pantry Retention Initiative,Central Region Loyalty Cohort,17445028077,Family Planners Interest Segment,480776020451,Product Reel Warm Voice,153157904347,Brand Awareness,153.240224,30877,0,0,116,1.5958,4.9285,2.2985,1.7845,0,6234,0,0,0,0,0,0,11439,1.7565,0,0,0,0,0
2026-02-12,Shopping Grid,Family Pantry Retention Initiative,Central Region Loyalty Cohort,88536126546,Bulk Buyers Retention Segment,174279500412,Collection Showcase Warm Voice,374916335819,Brand Awareness,1491.85205,334515,0,0,375,0.6098,1.9288,0.9689,0.7667,0,37945,0,0,0,0,0,0,57454,2.2576,0,0,0,0,0
2026-02-11,Social Feed,Smart Choice Impact Initiative,Central Region Loyalty Cohort,12855647256,Family Planners Interest Segment,303572969139,Collection Showcase Warm Voice,712536417820,Brand Awareness,214.494125,27154,0,0,73,0.7673,5.8410,3.0425,1.1650,0,10293,0,0,0,0,0,0,13997,2.3799,0,0,0,0,0
2026-02-11,Video Network,Family Pantry Retention Initiative,Central Region Loyalty Cohort,88536126546,Bulk Buyers Retention Segment,174279500412,Collection Showcase Warm Voice,374916335819,Brand Awareness,681.924270,284660,0,0,688,0.4495,1.6317,0.7629,0.6072,0,29623,0,0,0,0,0,0,47953,2.3589,0,0,0,0,0
2026-02-11,Social Feed,Smart Choice Impact Initiative,Central Region Loyalty Cohort,28234863436,Family Planners Interest Segment,115297092787,Shelf Story Warm Voice,117219026045,Brand Awareness,147.171283,34866,0,0,169,0.1733,1.9726,0.5576,0.3397,0,7989,0,0,0,0,0,0,14671,1.5938,0,0,0,0,0
2026-02-11,Shopping Grid,Family Pantry Retention Initiative,Central Region Loyalty Cohort,17445028077,Family Planners Interest Segment,480776020451,Product Reel Warm Voice,153157904347,Brand Awareness,145.643456,29520,0,0,73,0.9272,3.5431,1.5826,0.9697,0,9419,0,0,0,0,0,0,11403,1.5095,0,0,0,0,0
2026-02-11,Video Network,Smart Choice Impact Initiative,Central Region Loyalty Cohort,28234863436,Bulk Buyers Retention Segment,658717676767,Shelf Story Warm Voice,804697085278,Brand Awareness,159.251849,21753,0,0,88,0.3774,2.1602,0.82,0.5838,0,5241,0,0,0,0,0,0,8808,2.129,0,0,0,0,0
2026-02-11,Search Network,Family Pantry Retention Initiative,Central Region Loyalty Cohort,17445028077,Bulk Buyers Retention Segment,170855258700,Product Reel Warm Voice,541542597282,Brand Awareness,121.735316,20949,0,0,35,1.1660,3.4088,2.2001,1.0446,0,6358,0,0,0,0,0,0,7049,1.4073,0,0,0,0,0
2026-02-11,Marketplace Feed,Family Pantry Retention Initiative,Central Region Loyalty Cohort,88536126546,Weekend Deal Hunters Interest Segment,121597754445,Collection Showcase Warm Voice,767332541439,Brand Awareness,14.103730,5034,0,0,6,0.3852,0.9553,0.6053,0.4089,0,303,0,0,0,0,0,0,481,0.9633,0,0,0,0,0
2026-02-11,Shopping Grid,Smart Choice Impact Initiative,Central Region Loyalty Cohort,28234863436,Weekend Deal Hunters Interest Segment,575146604684,Shelf Story Warm Voice,138292815293,Brand Awareness,13.786283,1158,0,0,5,0.6222,2.1915,0.9073,0.7435,0,404,0,0,0,0,0,0,603,1.4884,0,0,0,0,0
2026-02-11,Marketplace Feed,Smart Choice Impact Initiative,Central Region Loyalty Cohort,12855647256,Weekend Deal Hunters Interest Segment,593224088881,Collection Showcase Warm Voice,168327009180,Brand Awareness,7.489119,525,0,0,7,1.3848,4.3533,2.2112,1.6971,0,229,0,0,0,0,0,0,264,2.3808,0,0,0,0,0
2026-02-11,Video Network,Smart Choice Impact Initiative,Central Region Loyalty Cohort,12855647256,Bulk Buyers Retention Segment,894077115493,Collection Showcase Warm Voice,938190308713,Brand Awareness,82.149762,20839,0,0,92,0.7450,5.3980,1.7176,1.1870,0,7426,0,0,0,0,0,0,12306,2.0355,0,0,0,0,0
2026-02-11,Discovery Network,Family Pantry Retention Initiative,Central Region Loyalty Cohort,17445028077,Weekend Deal Hunters Interest Segment,174549555385,Product Reel Warm Voice,168165976432,Brand Awareness,1.179062,124,0,0,0,0.2944,1.1136,0.4225,0.2872,0,40,0,0,0,0,0,0,51,0.3811,0,0,0,0,0
2026-02-11,Display Network,Family Pantry Retention Initiative,Central Region Loyalty Cohort,88536126546,Family Planners Interest Segment,285444870101,Collection Showcase Warm Voice,663666316732,Brand Awareness,907.243560,385702,0,0,266,0.4757,1.578,0.8312,0.692,0,26111,0,0,0,0,0,0,37813,2.0313,0,0,1,0,0
2026-02-10,Influencer Network,Smart Choice Impact Initiative,Central Region Loyalty Cohort,12855647256,Family Planners Interest Segment,303572969139,Collection Showcase Warm Voice,712536417820,Brand Awareness,167.266916,45566,0,0,197,1.0204,5.3081,3.6925,1.5284,0,13988,0,0,0,0,0,0,22796,3.3762,0,0,0,0,0
2026-02-10,In-App Display,Smart Choice Impact Initiative,Central Region Loyalty Cohort,28234863436,Weekend Deal Hunters Interest Segment,575146604684,Shelf Story Warm Voice,138292815293,Brand Awareness,6.274668,687,0,0,6,0.6991,1.7774,0.9173,0.7152,0,275,0,0,0,0,0,0,329,1.209,0,0,0,0,0
2026-02-10,Retail Media Network,Family Pantry Retention Initiative,Central Region Loyalty Cohort,88536126546,Bulk Buyers Retention Segment,174279500412,Collection Showcase Warm Voice,374916335819,Brand Awareness,706.848543,307316,0,0,364,0.4371,1.4439,0.8732,0.5904,0,20436,0,0,0,0,0,0,35921,2.4063,0,0,0,0,0
2026-02-10,Social Feed,Family Pantry Retention Initiative,Central Region Loyalty Cohort,88536126546,Family Planners Interest Segment,285444870101,Collection Showcase Warm Voice,663666316732,Brand Awareness,951.868522,473125,0,0,287,0.3279,1.0246,0.6135,0.4426,0,36865,0,0,0,0,0,0,61179,2.3610,0,0,1,0,0
2026-02-10,In-App Display,Smart Choice Impact Initiative,Central Region Loyalty Cohort,12855647256,Bulk Buyers Retention Segment,894077115493,Collection Showcase Warm Voice,938190308713,Brand Awareness,108.398133,23205,0,0,96,0.7753,3.9533,1.8186,0.9999,0,8150,0,0,0,0,0,0,13361,2.1631,0,0,0,0,0
2026-02-10,Discovery Network,Smart Choice Impact Initiative,Central Region Loyalty Cohort,28234863436,Family Planners Interest Segment,115297092787,Shelf Story Warm Voice,117219026045,Brand Awareness,156.652446,20207,0,0,82,0.5117,2.3413,0.9960,0.7111,0,6331,0,0,0,0,0,0,10537,1.8360,0,0,0,0,0
2026-02-10,Video Network,Smart Choice Impact Initiative,Central Region Loyalty Cohort,28234863436,Bulk Buyers Retention Segment,658717676767,Shelf Story Warm Voice,804697085278,Brand Awareness,99.741069,28665,0,0,130,0.3627,1.8496,0.8849,0.4885,0,7134,0,0,0,0,0,0,10391,1.9744,0,0,0,0,0
2026-02-10,Display Network,Family Pantry Retention Initiative,Central Region Loyalty Cohort,88536126546,Weekend Deal Hunters Interest Segment,121597754445,Collection Showcase Warm Voice,767332541439,Brand Awareness,10.457045,7457,0,0,3,0.0650,0.3036,0.161,0.0823,0,315,0,0,0,0,0,0,489,1.5562,0,0,0,0,0
2026-02-10,Search Network,Smart Choice Impact Initiative,Central Region Loyalty Cohort,12855647256,Weekend Deal Hunters Interest Segment,593224088881,Collection Showcase Warm Voice,168327009180,Brand Awareness,2.621775,542,0,0,0,1.1329,4.7647,2.2815,1.1336,0,200,0,0,0,0,0,0,253,2.8179,0,0,0,0,0
2026-02-09,Discovery Network,Family Pantry Retention Initiative,Central Region Loyalty Cohort,88536126546,Family Planners Interest Segment,285444870101,Collection Showcase Warm Voice,663666316732,Brand Awareness,874.663289,396718,0,0,343,0.2915,1.1035,0.6213,0.4151,0,30355,0,0,0,0,0,0,50000,1.8520,0,0,0,0,0
2026-02-09,Search Network,Smart Choice Impact Initiative,Central Region Loyalty Cohort,28234863436,Family Planners Interest Segment,115297092787,Shelf Story Warm Voice,117219026045,Brand Awareness,151.301922,44352,0,0,233,0.3605,2.1846,0.906,0.5014,0,12517,0,0,0,0,0,0,16968,1.8970,0,0,0,0,0
2026-02-09,Influencer Network,Smart Choice Impact Initiative,Central Region Loyalty Cohort,28234863436,Weekend Deal Hunters Interest Segment,575146604684,Shelf Story Warm Voice,138292815293,Brand Awareness,3.010995,376,0,0,0,0.2065,1.27,0.4892,0.2665,0,132,0,0,0,0,0,0,172,1.2035,0,0,0,0,0
2026-02-09,Search Network,Smart Choice Impact Initiative,Central Region Loyalty Cohort,12855647256,Family Planners Interest Segment,303572969139,Collection Showcase Warm Voice,712536417820,Brand Awareness,153.870231,21491,0,0,58,0.9426,4.6135,2.4282,1.2569,0,8648,0,0,0,0,0,0,11007,2.2981,0,0,0,0,0
2026-02-09,Search Network,Family Pantry Retention Initiative,Central Region Loyalty Cohort,88536126546,Bulk Buyers Retention Segment,174279500412,Collection Showcase Warm Voice,374916335819,Brand Awareness,607.907907,279882,0,0,520,0.2986,1.2316,0.741,0.4880,0,21502,0,0,0,0,0,0,38518,1.7276,0,0,0,0,0
2026-02-09,Display Network,Family Pantry Retention Initiative,Central Region Loyalty Cohort,88536126546,Weekend Deal Hunters Interest Segment,121597754445,Collection Showcase Warm Voice,767332541439,Brand Awareness,26.330171,8486,0,0,12,0.251,1.0457,0.5773,0.3498,0,643,0,0,0,0,0,0,1154,0.8630,0,0,4,0,0
2026-02-09,In-App Display,Smart Choice Impact Initiative,Central Region Loyalty Cohort,28234863436,Bulk Buyers Retention Segment,658717676767,Shelf Story Warm Voice,804697085278,Brand Awareness,123.384915,15491,0,0,43,0.5947,2.2705,0.9773,0.6152,0,4577,0,0,0,0,0,0,7818,2.1473,0,0,0,0,0
2026-02-09,Discovery Network,Smart Choice Impact Initiative,Central Region Loyalty Cohort,12855647256,Bulk Buyers Retention Segment,894077115493,Collection Showcase Warm Voice,938190308713,Brand Awareness,139.826488,43296,0,0,146,0.8145,3.9146,2.1145,1.093,0,14475,0,0,0,0,0,0,23252,2.3759,0,0,0,0,0
2026-02-09,Retail Media Network,Smart Choice Impact Initiative,Central Region Loyalty Cohort,12855647256,Weekend Deal Hunters Interest Segment,593224088881,Collection Showcase Warm Voice,168327009180,Brand Awareness,5.805790,951,0,0,1,0.7064,2.5456,1.1475,0.881,0,401,0,0,0,0,0,0,641,1.4796,0,0,0,0,0
2026-02-08,Retail Media Network,Smart Choice Impact Initiative,Central Region Loyalty Cohort,12855647256,Weekend Deal Hunters Interest Segment,593224088881,Collection Showcase Warm Voice,168327009180,Brand Awareness,40.01211,3707,0,0,18,0.7573,3.777,2.2321,1.380,0,1888,0,0,0,0,0,0,2152,1.9639,0,0,0,0,0
2026-02-08,Discovery Network,Smart Choice Impact Initiative,Central Region Loyalty Cohort,28234863436,Weekend Deal Hunters Interest Segment,575146604684,Shelf Story Warm Voice,138292815293,Brand Awareness,3.92824,423,0,0,3,0.4178,1.8153,0.593,0.3384,0,174,0,0,0,0,0,0,234,1.5481,0,0,0,0,0
2026-02-08,Discovery Network,Family Pantry Retention Initiative,Central Region Loyalty Cohort,88536126546,Bulk Buyers Retention Segment,174279500412,Collection Showcase Warm Voice,374916335819,Brand Awareness,623.945462,177672,0,0,207,0.3977,1.0491,0.6192,0.4071,0,15415,0,0,0,0,0,0,22113,1.7237,0,0,0,0,0
2026-02-08,Display Network,Smart Choice Impact Initiative,Central Region Loyalty Cohort,28234863436,Bulk Buyers Retention Segment,658717676767,Shelf Story Warm Voice,804697085278,Brand Awareness,122.594717,46318,0,0,223,1.3453,3.0374,1.5476,1.3259,0,8019,0,0,0,0,0,0,15228,2.6773,0,0,0,0,0
2026-02-08,Retail Media Network,Family Pantry Retention Initiative,Central Region Loyalty Cohort,88536126546,Family Planners Interest Segment,285444870101,Collection Showcase Warm Voice,663666316732,Brand Awareness,981.141694,376976,0,0,241,0.4437,1.4479,0.7581,0.5039,0,31313,0,0,0,0,0,0,41290,1.7006,0,0,0,0,0
2026-02-08,Social Feed,Family Pantry Retention Initiative,Central Region Loyalty Cohort,88536126546,Weekend Deal Hunters Interest Segment,121597754445,Collection Showcase Warm Voice,767332541439,Brand Awareness,55.556904,8393,0,0,32,0.3039,0.8584,0.4960,0.2872,0,1036,0,0,0,0,0,0,1503,2.1337,0,0,2,0,0
2026-02-08,Marketplace Feed,Smart Choice Impact Initiative,Central Region Loyalty Cohort,28234863436,Family Planners Interest Segment,115297092787,Shelf Story Warm Voice,117219026045,Brand Awareness,174.333948,21602,0,0,104,0.4462,2.1352,0.8909,0.5655,0,6103,0,0,0,0,0,0,10500,1.7609,0,0,0,0,0
2026-02-08,Marketplace Feed,Smart Choice Impact Initiative,Central Region Loyalty Cohort,12855647256,Family Planners Interest Segment,303572969139,Collection Showcase Warm Voice,712536417820,Brand Awareness,77.843306,16686,0,0,48,0.8403,3.6296,1.9956,1.1692,0,5119,0,0,0,0,0,0,8162,2.0504,0,0,0,0,0
2026-02-08,Display Network,Smart Choice Impact Initiative,Central Region Loyalty Cohort,12855647256,Bulk Buyers Retention Segment,894077115493,Collection Showcase Warm Voice,938190308713,Brand Awareness,159.590303,24262,0,0,58,0.73,4.2178,1.8717,1.1750,0,7064,0,0,0,0,0,0,10812,2.191,0,0,0,0,0
2026-02-07,Influencer Network,Family Pantry Retention Initiative,Central Region Loyalty Cohort,88536126546,Weekend Deal Hunters Interest Segment,121597754445,Collection Showcase Warm Voice,767332541439,Brand Awareness,33.027551,7415,0,0,18,0.4264,1.1206,0.8083,0.52,0,761,0,0,0,0,0,0,1003,1.4412,0,0,0,0,0
2026-02-07,In-App Display,Smart Choice Impact Initiative,Central Region Loyalty Cohort,28234863436,Weekend Deal Hunters Interest Segment,575146604684,Shelf Story Warm Voice,138292815293,Brand Awareness,5.189267,1015,0,0,15,0.2061,1.4008,0.6129,0.4727,0,284,0,0,0,0,0,0,538,1.5126,0,0,0,0,0
2026-02-07,Display Network,Family Pantry Retention Initiative,Central Region Loyalty Cohort,88536126546,Bulk Buyers Retention Segment,174279500412,Collection Showcase Warm Voice,374916335819,Brand Awareness,622.718086,230925,0,0,350,0.2839,1.1846,0.6427,0.4466,0,17739,0,0,0,0,0,0,26773,1.8571,0,0,0,0,0
2026-02-07,Search Network,Family Pantry Retention Initiative,Central Region Loyalty Cohort,88536126546,Family Planners Interest Segment,285444870101,Collection Showcase Warm Voice,663666316732,Brand Awareness,1015.623819,453315,0,0,418,0.3365,1.0255,0.6023,0.3787,0,26694,0,0,0,0,0,0,42022,1.5762,0,0,0,0,0
2026-02-07,Display Network,Smart Choice Impact Initiative,Central Region Loyalty Cohort,12855647256,Bulk Buyers Retention Segment,894077115493,Collection Showcase Warm Voice,938190308713,Brand Awareness,122.964040,27210,0,0,105,0.7034,3.1694,1.5723,1.0220,0,6850,0,0,0,0,0,0,11206,1.6594,0,0,0,0,0
2026-02-07,Influencer Network,Smart Choice Impact Initiative,Central Region Loyalty Cohort,28234863436,Bulk Buyers Retention Segment,658717676767,Shelf Story Warm Voice,804697085278,Brand Awareness,200.036480,22930,0,0,89,0.4521,2.2219,1.0420,0.615,0,8200,0,0,0,0,0,0,11528,1.9458,0,0,0,0,0
2026-02-07,Video Network,Smart Choice Impact Initiative,Central Region Loyalty Cohort,28234863436,Family Planners Interest Segment,115297092787,Shelf Story Warm Voice,117219026045,Brand Awareness,79.64109,17659,0,0,90,0.326,2.1465,0.86,0.4884,0,4249,0,0,0,0,0,0,8299,2.1404,0,0,0,0,0
2026-02-07,Video Network,Smart Choice Impact Initiative,Central Region Loyalty Cohort,12855647256,Weekend Deal Hunters Interest Segment,593224088881,Collection Showcase Warm Voice,168327009180,Brand Awareness,30.046025,2662,0,0,10,0.7207,2.440,1.2202,0.7237,0,1094,0,0,0,0,0,0,1460,1.3386,0,0,0,0,0
2026-02-07,Display Network,Smart Choice Impact Initiative,Central Region Loyalty Cohort,12855647256,Family Planners Interest Segment,303572969139,Collection Showcase Warm Voice,712536417820,Brand Awareness,114.92417,39496,0,0,92,0.8475,4.4093,2.0088,1.1678,0,13079,0,0,0,0,0,0,15172,1.9678,0,0,0,0,0
2026-02-06,Shopping Grid,Smart Choice Impact Initiative,Central Region Loyalty Cohort,28234863436,Bulk Buyers Retention Segment,658717676767,Shelf Story Warm Voice,804697085278,Brand Awareness,186.002471,42750,0,0,76,0.3660,2.4423,0.8244,0.5229,0,8727,0,0,0,0,0,0,12475,2.0901,0,0,0,0,0
2026-02-06,Affiliate Network,Smart Choice Impact Initiative,Central Region Loyalty Cohort,12855647256,Bulk Buyers Retention Segment,894077115493,Collection Showcase Warm Voice,938190308713,Brand Awareness,120.982274,34541,0,0,80,0.8399,3.8190,2.1640,1.2532,0,9895,0,0,0,0,0,0,12083,2.2576,0,0,0,0,0
2026-02-06,In-App Display,Smart Choice Impact Initiative,Central Region Loyalty Cohort,12855647256,Weekend Deal Hunters Interest Segment,593224088881,Collection Showcase Warm Voice,168327009180,Brand Awareness,3.984822,297,0,0,1,0.8194,2.6999,2.2591,1.5569,0,104,0,0,0,0,0,0,161,1.7746,0,0,0,0,0
2026-02-06,Discovery Network,Smart Choice Impact Initiative,Central Region Loyalty Cohort,12855647256,Family Planners Interest Segment,303572969139,Collection Showcase Warm Voice,712536417820,Brand Awareness,156.704600,30418,0,0,57,1.0733,3.8828,2.1254,1.5161,0,9772,0,0,0,0,0,0,13460,2.2554,0,0,0,0,0
2026-02-06,In-App Display,Smart Choice Impact Initiative,Central Region Loyalty Cohort,28234863436,Weekend Deal Hunters Interest Segment,575146604684,Shelf Story Warm Voice,138292815293,Brand Awareness,1.52713,387,0,0,6,0.0526,0.7290,0.247,0.1585,0,103,0,0,0,0,0,0,164,0.8683,0,0,0,0,0
2026-02-06,Marketplace Feed,Family Pantry Retention Initiative,Central Region Loyalty Cohort,88536126546,Weekend Deal Hunters Interest Segment,121597754445,Collection Showcase Warm Voice,767332541439,Brand Awareness,9.517196,4331,0,0,5,0.3624,1.2842,0.4968,0.4175,0,282,0,0,0,0,0,0,471,0.7911,0,0,0,0,0
2026-02-06,Retail Media Network,Smart Choice Impact Initiative,Central Region Loyalty Cohort,28234863436,Family Planners Interest Segment,115297092787,Shelf Story Warm Voice,117219026045,Brand Awareness,120.783564,36381,0,0,126,0.2528,2.092,0.832,0.4812,0,6098,0,0,0,0,0,0,10549,1.7380,0,0,0,0,0
2026-02-06,In-App Display,Family Pantry Retention Initiative,Central Region Loyalty Cohort,88536126546,Bulk Buyers Retention Segment,174279500412,Collection Showcase Warm Voice,374916335819,Brand Awareness,654.924853,291657,0,0,304,0.2154,0.8562,0.4230,0.3265,0,23488,0,0,0,0,0,0,32178,1.7518,0,0,0,0,0
2026-02-06,Connected TV,Family Pantry Retention Initiative,Central Region Loyalty Cohort,88536126546,Family Planners Interest Segment,285444870101,Collection Showcase Warm Voice,663666316732,Brand Awareness,942.304676,377985,0,0,182,0.3624,1.1016,0.592,0.4755,0,21091,0,0,0,0,0,0,36931,1.6996,0,0,0,0,0
2026-02-05,Connected TV,Smart Choice Impact Initiative,Central Region Loyalty Cohort,28234863436,Bulk Buyers Retention Segment,658717676767,Shelf Story Warm Voice,804697085278,Brand Awareness,155.763672,38255,0,0,89,0.4170,2.2283,0.7613,0.5895,0,8863,0,0,0,0,0,0,9951,2.215,0,0,0,0,0
2026-02-05,Affiliate Network,Smart Choice Impact Initiative,Central Region Loyalty Cohort,12855647256,Bulk Buyers Retention Segment,894077115493,Collection Showcase Warm Voice,938190308713,Brand Awareness,110.351245,14137,0,0,41,0.7002,2.8779,1.3565,0.7252,0,7410,0,0,0,0,0,0,8074,1.6151,0,0,0,0,0
2026-02-05,Influencer Network,Smart Choice Impact Initiative,Central Region Loyalty Cohort,28234863436,Family Planners Interest Segment,115297092787,Shelf Story Warm Voice,117219026045,Brand Awareness,125.962514,35550,0,0,81,0.2987,2.154,0.8549,0.5373,0,7890,0,0,0,0,0,0,10772,1.7989,0,0,0,0,0
2026-02-05,Marketplace Feed,Family Pantry Retention Initiative,Central Region Loyalty Cohort,88536126546,Bulk Buyers Retention Segment,174279500412,Collection Showcase Warm Voice,374916335819,Brand Awareness,576.508038,258990,0,0,259,0.3992,1.2808,0.7263,0.5092,0,19001,0,0,0,0,0,0,25545,2.06,0,0,0,0,0
2026-02-05,Discovery Network,Family Pantry Retention Initiative,Central Region Loyalty Cohort,88536126546,Family Planners Interest Segment,285444870101,Collection Showcase Warm Voice,663666316732,Brand Awareness,876.361450,358811,0,0,156,0.3221,1.0427,0.6220,0.4254,0,27137,0,0,0,0,0,0,42119,2.3996,0,0,0,0,0
2026-02-05,Social Feed,Family Pantry Retention Initiative,Central Region Loyalty Cohort,88536126546,Weekend Deal Hunters Interest Segment,121597754445,Collection Showcase Warm Voice,767332541439,Brand Awareness,35.280627,7128,0,0,24,0.4820,1.0377,0.8162,0.5179,0,744,0,0,0,0,0,0,1184,0.9350,0,0,0,0,0
2026-02-05,Display Network,Smart Choice Impact Initiative,Central Region Loyalty Cohort,12855647256,Family Planners Interest Segment,303572969139,Collection Showcase Warm Voice,712536417820,Brand Awareness,196.753875,45779,0,0,78,0.4541,2.0423,1.180,0.7138,0,10737,0,0,0,0,0,0,14741,1.2481,0,0,0,0,0
2026-02-05,Search Network,Smart Choice Impact Initiative,Central Region Loyalty Cohort,12855647256,Weekend Deal Hunters Interest Segment,593224088881,Collection Showcase Warm Voice,168327009180,Brand Awareness,0.963811,138,0,0,0,0.2792,0.8852,0.5374,0.2978,0,47,0,0,0,0,0,0,58,0.4411,0,0,0,0,0
2026-02-05,Retail Media Network,Smart Choice Impact Initiative,Central Region Loyalty Cohort,28234863436,Weekend Deal Hunters Interest Segment,575146604684,Shelf Story Warm Voice,138292815293,Brand Awareness,0.990181,144,0,0,1,0.3384,1.7719,0.4064,0.3012,0,45,0,0,0,0,0,0,60,1.4678,0,0,0,0,0
2026-02-04,In-App Display,Family Pantry Retention Initiative,Central Region Loyalty Cohort,88536126546,Bulk Buyers Retention Segment,174279500412,Collection Showcase Warm Voice,374916335819,Brand Awareness,404.463986,120258,0,0,159,0.3805,1.1390,0.7352,0.4449,0,12503,0,0,0,0,0,0,18884,1.6574,0,0,0,0,0
2026-02-04,Shopping Grid,Family Pantry Retention Initiative,Central Region Loyalty Cohort,88536126546,Weekend Deal Hunters Interest Segment,121597754445,Collection Showcase Warm Voice,767332541439,Brand Awareness,19.194512,4240,0,0,10,0.5338,0.8985,0.6159,0.6223,0,399,0,0,0,0,0,0,602,0.8576,0,0,0,0,0
2026-02-04,Marketplace Feed,Family Pantry Retention Initiative,Central Region Loyalty Cohort,88536126546,Family Planners Interest Segment,285444870101,Collection Showcase Warm Voice,663666316732,Brand Awareness,1034.40400,390280,0,0,605,0.3837,1.1664,0.82,0.5630,0,31808,0,0,0,0,0,0,44433,1.5593,0,0,0,0,0
2026-02-03,Retail Media Network,Family Pantry Retention Initiative,Central Region Loyalty Cohort,88536126546,Weekend Deal Hunters Interest Segment,121597754445,Collection Showcase Warm Voice,767332541439,Brand Awareness,20.170455,3774,0,0,15,0.0888,0.3979,0.2177,0.0852,0,321,0,0,0,0,0,0,675,1.394,0,0,0,0,0
2026-02-03,Connected TV,Smart Choice Impact Initiative,Central Region Loyalty Cohort,16576944677,Weekend Deal Hunters Interest Segment,137188617636,Offer Spotlight Friendly Voice,436499875074,Brand Awareness,5.361574,1357,0,0,11,0.0904,0.1922,0.1267,0.099,0,196,0,0,0,0,0,0,392,0.522,0,0,0,0,0
2026-02-03,Connected TV,Family Pantry Retention Initiative,Central Region Loyalty Cohort,88536126546,Bulk Buyers Retention Segment,174279500412,Collection Showcase Warm Voice,374916335819,Brand Awareness,561.040420,145403,0,0,570,0.4772,1.3690,0.6712,0.5007,0,20080,0,0,0,0,0,0,30043,1.7617,0,0,0,0,0
2026-02-03,Influencer Network,Family Pantry Retention Initiative,Central Region Loyalty Cohort,88536126546,Family Planners Interest Segment,285444870101,Collection Showcase Warm Voice,663666316732,Brand Awareness,891.699631,337280,0,0,623,0.4449,1.3052,0.6617,0.5209,0,36509,0,0,0,0,0,0,49952,1.9227,0,0,0,0,0
2026-02-03,Display Network,Smart Choice Impact Initiative,Central Region Loyalty Cohort,16576944677,Weekend Deal Hunters Interest Segment,543293575711,Offer Spotlight Friendly Voice,145241668425,Brand Awareness,153.819504,48854,0,0,130,0.1713,0.9142,0.3180,0.2057,0,8820,0,0,0,0,0,0,14729,1.5421,0,0,0,0,0
2026-02-03,Influencer Network,Smart Choice Impact Initiative,Central Region Loyalty Cohort,16576944677,Bulk Buyers Retention Segment,486609437031,Offer Spotlight Friendly Voice,701062501641,Brand Awareness,125.376412,27080,0,0,90,0.1794,0.6694,0.3525,0.237,0,3942,0,0,0,0,0,0,8280,1.3900,0,0,0,0,0
2026-02-02,Affiliate Network,Family Pantry Retention Initiative,Central Region Loyalty Cohort,88536126546,Family Planners Interest Segment,285444870101,Collection Showcase Warm Voice,663666316732,Brand Awareness,931.534251,260769,0,0,240,0.3804,1.1647,0.7329,0.439,0,26589,0,0,0,0,0,0,38029,1.6298,0,0,2,0,0
2026-02-02,In-App Display,Family Pantry Retention Initiative,Central Region Loyalty Cohort,88536126546,Weekend Deal Hunters Interest Segment,121597754445,Collection Showcase Warm Voice,767332541439,Brand Awareness,45.034233,6149,0,0,25,0.2886,1.0336,0.4690,0.4411,0,921,0,0,0,0,0,0,1476,1.2499,0,0,0,0,0
2026-02-02,Affiliate Network,Smart Choice Impact Initiative,Central Region Loyalty Cohort,16576944677,Bulk Buyers Retention Segment,486609437031,Offer Spotlight Friendly Voice,701062501641,Brand Awareness,141.943760,56960,0,0,129,0.1111,0.7957,0.3307,0.1644,0,6576,0,0,0,0,0,0,14211,1.8055,0,0,0,0,0
2026-02-02,Connected TV,Family Pantry Retention Initiative,Central Region Loyalty Cohort,88536126546,Bulk Buyers Retention Segment,174279500412,Collection Showcase Warm Voice,374916335819,Brand Awareness,573.261523,208128,0,0,377,0.3015,1.1380,0.5720,0.4234,0,22114,0,0,0,0,0,0,33752,1.9693,0,0,0,0,0
2026-02-02,Retail Media Network,Smart Choice Impact Initiative,Central Region Loyalty Cohort,16576944677,Weekend Deal Hunters Interest Segment,137188617636,Offer Spotlight Friendly Voice,436499875074,Brand Awareness,7.028623,1022,0,0,6,0.1927,0.4973,0.2825,0.1954,0,222,0,0,0,0,0,0,392,0.6669,0,0,0,0,0
2026-02-02,Marketplace Feed,Smart Choice Impact Initiative,Central Region Loyalty Cohort,16576944677,Weekend Deal Hunters Interest Segment,543293575711,Offer Spotlight Friendly Voice,145241668425,Brand Awareness,128.924769,17049,0,0,76,0.2399,0.9677,0.4252,0.338,0,3854,0,0,0,0,0,0,6690,1.6020,0,0,0,0,0
2026-02-01,Marketplace Feed,Smart Choice Impact Initiative,Central Region Loyalty Cohort,16576944677,Weekend Deal Hunters Interest Segment,137188617636,Offer Spotlight Friendly Voice,436499875074,Brand Awareness,6.37649,921,0,0,4,0.2386,0.4303,0.2795,0.2621,0,190,0,0,0,0,0,0,368,0.6277,0,0,0,0,0
2026-02-01,Marketplace Feed,Family Pantry Retention Initiative,Central Region Loyalty Cohort,88536126546,Weekend Deal Hunters Interest Segment,121597754445,Collection Showcase Warm Voice,767332541439,Brand Awareness,32.024873,4566,0,0,11,0.3988,1.059,0.4459,0.3410,0,551,0,0,0,0,0,0,954,0.8312,0,0,0,0,0
2026-02-01,Display Network,Family Pantry Retention Initiative,Central Region Loyalty Cohort,88536126546,Family Planners Interest Segment,285444870101,Collection Showcase Warm Voice,663666316732,Brand Awareness,828.717876,437210,0,0,282,0.3,0.9509,0.6425,0.3484,0,39240,0,0,0,0,0,0,56627,2.1475,0,0,0,0,0
2026-02-01,Video Network,Smart Choice Impact Initiative,Central Region Loyalty Cohort,16576944677,Bulk Buyers Retention Segment,486609437031,Offer Spotlight Friendly Voice,701062501641,Brand Awareness,141.216736,20826,0,0,97,0.1882,0.9898,0.3823,0.2508,0,5816,0,0,0,0,0,0,9660,1.8477,0,0,0,0,0
2026-02-01,Video Network,Family Pantry Retention Initiative,Central Region Loyalty Cohort,88536126546,Bulk Buyers Retention Segment,174279500412,Collection Showcase Warm Voice,374916335819,Brand Awareness,736.605194,252396,0,0,318,0.2503,0.8795,0.5456,0.3150,0,19816,0,0,0,0,0,0,31914,1.7754,0,0,0,0,0
2026-02-01,Discovery Network,Smart Choice Impact Initiative,Central Region Loyalty Cohort,16576944677,Weekend Deal Hunters Interest Segment,543293575711,Offer Spotlight Friendly Voice,145241668425,Brand Awareness,153.451622,43439,0,0,138,0.0779,0.6680,0.2724,0.1125,0,6630,0,0,0,0,0,0,13693,1.6049,0,0,0,0,0
2026-02-28,Display Network,Home Essentials Scale Initiative,Central Region Loyalty Cohort,18477671,Quick Refill Buyers Retention Segment,474168499292566921,Price Drop Cut Direct Voice,938010153527196274,Brand Awareness,1.49,1158,0,990,12,0,8,1,1,0,1,1,32,0,0,0,11,18,0,0,0,0,0,0
2026-02-28,Retail Media Network,Weekend Saver Retention Initiative,East Region Prospecting Cohort,18477671,Bulk Buyers Retention Segment,340499546020568591,Offer Spotlight Value Voice,178854867911406378,Brand Awareness,0.17,38,0,44,1,0,4,3,0,0,2,3,24,0,0,0,0,3,0,0,0,0,0,0
2026-02-28,Search Network,Home Essentials Scale Initiative,Central Region Loyalty Cohort,18477671,Weekend Deal Hunters Interest Segment,425581615203767678,Price Drop Cut Direct Voice,108795219178731166,Brand Awareness,42.83,3666,0,2031,129,100,100,100,100,0,228,220,2231,0,0,0,117,713,0,0,0,0,0,0
2026-02-28,Discovery Network,Seasonal Select Promo Initiative,Central Region Loyalty Cohort,18477671,Quick Refill Buyers Retention Segment,717659910692420024,Shelf Story Bold Voice,707559239232170135,Brand Awareness,0.7,124,0,127,6,0,8,4,1,0,4,4,27,0,0,0,4,17,0,0,0,0,0,0
2026-02-28,Marketplace Feed,Home Essentials Scale Initiative,Central Region Loyalty Cohort,18477671,Weekend Deal Hunters Interest Segment,928297485290120790,Price Drop Cut Direct Voice,624349257864274485,Brand Awareness,22.97,3176,0,2864,289,62,100,100,100,0,178,165,2484,0,0,0,143,996,0,0,0,0,0,0
2026-02-28,Discovery Network,Seasonal Select Promo Initiative,Central Region Loyalty Cohort,18477671,Weekend Deal Hunters Interest Segment,468881021107680250,Shelf Story Bold Voice,165315587996030172,Brand Awareness,28.28,4266,0,3840,287,93,100,100,100,0,252,239,2783,0,0,0,267,1715,0,0,0,0,0,0
2026-02-28,Marketplace Feed,Weekend Saver Retention Initiative,East Region Prospecting Cohort,18477671,Family Planners Lookalike Segment,183575505261854460,Offer Spotlight Value Voice,754064685767296814,Brand Awareness,0,1,0,1,0,0,0,0,0,0,0,0,1,0,0,0,0,2,0,0,0,0,0,0
2026-02-28,Discovery Network,Weekend Saver Retention Initiative,East Region Prospecting Cohort,18477671,Health Conscious Buyers Affinity Segment,109166477704828042,Offer Spotlight Value Voice,422345982949998997,Brand Awareness,0.01,6,0,6,0,0,0,0,0,0,0,0,3,0,0,0,0,0,0,0,0,0,0,0
2026-02-28,Social Feed,Weekend Saver Retention Initiative,East Region Prospecting Cohort,18477671,Health Conscious Buyers Retention Segment,811371835455386795,Offer Spotlight Value Voice,710450366294489253,Brand Awareness,0.05,13,0,12,0,0,0,0,0,0,0,0,10,0,0,0,0,0,0,0,0,0,0,0
2026-02-28,Connected TV,Weekend Saver Retention Initiative,East Region Prospecting Cohort,18477671,Health Conscious Buyers Retention Segment,153801562008600445,Offer Spotlight Value Voice,426376648590030974,Brand Awareness,376.05,87783,0,82157,226,100,100,100,100,0,1669,1483,72561,0,0,0,40,12642,0,0,0,0,0,0
2026-02-28,Video Network,Weekend Saver Retention Initiative,East Region Prospecting Cohort,18477671,Health Conscious Buyers Interest Segment,141977875590297762,Offer Spotlight Value Voice,134193927310092542,Brand Awareness,0.05,12,0,12,0,0,2,0,0,0,0,0,13,0,0,0,0,2,0,0,0,0,0,0
2026-02-28,Connected TV,Seasonal Select Promo Initiative,Central Region Loyalty Cohort,18477671,Health Conscious Buyers Interest Segment,276856789850696694,Product Reel Warm Voice,307488523339100065,Brand Awareness,0,0,0,0,0,0,0,0,0,0,0,0,0,0,0,0,0,0,0,0,0,0,0,0
2026-02-28,Marketplace Feed,Seasonal Select Promo Initiative,Central Region Loyalty Cohort,18477671,Health Conscious Buyers Interest Segment,382588742082382028,Product Reel Warm Voice,171470996438234255,Brand Awareness,0,0,0,0,0,0,0,0,0,0,0,0,0,0,0,0,0,0,0,0,0,0,0,0
2026-02-28,Affiliate Network,Seasonal Select Promo Initiative,Central Region Loyalty Cohort,18477671,Weekend Deal Hunters Interest Segment,181012655175308237,Shelf Story Bold Voice,125608499660276530,Brand Awareness,76.14,11377,0,11567,960,100,100,100,100,0,595,559,7029,0,0,0,701,4033,0,0,0,0,0,0
2026-02-28,Connected TV,Family Pantry Retention Initiative,East Region Prospecting Cohort,18477671,Bulk Buyers Retention Segment,145025494069156879,Price Drop Cut Value Voice,291949508313265977,Brand Awareness,6.61,303,0,376,0,2,8,5,2,0,6,5,145,0,0,0,0,32,0,0,0,0,0,0
2026-02-28,Video Network,Family Pantry Retention Initiative,East Region Prospecting Cohort,18477671,Health Conscious Buyers Interest Segment,887673010554092333,Price Drop Cut Value Voice,377965382032595957,Brand Awareness,9.55,460,0,467,0,1,6,1,1,0,3,3,181,0,0,0,0,45,0,0,0,0,0,0
2026-02-28,Shopping Grid,Home Essentials Scale Initiative,Central Region Loyalty Cohort,18477671,Weekend Deal Hunters Interest Segment,356875118246388766,Price Drop Cut Direct Voice,130209791709779763,Brand Awareness,46.20,3392,0,2530,71,70,100,100,95,0,150,146,2424,0,0,0,63,663,0,0,0,0,0,0
2026-02-28,Shopping Grid,Home Essentials Scale Initiative,Central Region Loyalty Cohort,18477671,Bulk Buyers Retention Segment,165497790197034415,Price Drop Cut Direct Voice,171449224255083856,Brand Awareness,26.10,4438,0,3674,58,61,100,100,89,0,142,147,3281,0,0,0,40,843,0,0,0,0,0,0
2026-02-28,Display Network,Smart Choice Impact Initiative,East Region Prospecting Cohort,18477671,Health Conscious Buyers Retention Segment,109324285684324030,Shelf Story Warm Voice,790849347779253462,Brand Awareness,66.59,6573,0,6863,22,11,61,24,15,0,55,48,4722,0,0,0,12,684,0,0,0,0,0,0
2026-02-28,Display Network,Family Pantry Retention Initiative,East Region Prospecting Cohort,18477671,Family Planners Lookalike Segment,249531847916024085,Price Drop Cut Value Voice,843166495074932195,Brand Awareness,66.77,5163,0,4882,15,13,78,24,16,0,35,37,2600,0,0,0,11,451,0,0,0,0,0,0
2026-02-28,Connected TV,Family Pantry Retention Initiative,East Region Prospecting Cohort,18477671,Health Conscious Buyers Retention Segment,118112068182151630,Price Drop Cut Value Voice,166925375146709940,Brand Awareness,29.46,1297,0,1086,5,2,22,6,3,0,8,7,499,0,0,0,5,157,0,0,0,0,0,0
2026-02-28,Influencer Network,Home Essentials Scale Initiative,Central Region Loyalty Cohort,18477671,Weekend Deal Hunters Interest Segment,102671615296443303,Price Drop Cut Direct Voice,150163807914179990,Brand Awareness,122.78,11985,0,12963,1416,100,100,100,100,0,616,710,11010,0,0,0,971,4761,0,0,0,0,0,0
2026-02-28,Shopping Grid,Smart Choice Impact Initiative,East Region Prospecting Cohort,18477671,Bulk Buyers Retention Segment,263011830596989721,Shelf Story Warm Voice,107476604658316646,Brand Awareness,220.61,27518,0,25087,79,30,100,100,62,0,210,174,19628,0,0,0,41,2947,0,0,0,0,0,0
2026-02-28,Connected TV,Home Essentials Scale Initiative,Central Region Loyalty Cohort,18477671,Quick Refill Buyers Retention Segment,131872955368731773,Price Drop Cut Direct Voice,183025405773351046,Brand Awareness,3.42,255,0,157,8,8,34,22,10,0,20,15,139,0,0,0,6,48,0,0,0,0,0,0
2026-02-28,Discovery Network,Smart Choice Impact Initiative,East Region Prospecting Cohort,18477671,Family Planners Lookalike Segment,170023209149480493,Shelf Story Warm Voice,113263713157543249,Brand Awareness,31.87,2845,0,2529,8,2,15,7,5,0,14,13,1229,0,0,0,6,285,0,0,0,0,0,0
2026-02-28,Display Network,Family Pantry Retention Initiative,East Region Prospecting Cohort,18477671,Health Conscious Buyers Affinity Segment,907032374122352379,Price Drop Cut Value Voice,160829833913271127,Brand Awareness,25.46,1058,0,1126,5,3,13,8,5,0,9,8,480,0,0,0,2,120,0,0,0,0,0,0
2026-02-28,Video Network,Family Pantry Retention Initiative,East Region Prospecting Cohort,18477671,Health Conscious Buyers Retention Segment,112056240015010154,Price Drop Cut Value Voice,115250414965133612,Brand Awareness,234.08,15318,0,12612,60,35,100,100,51,0,157,125,9668,0,0,0,28,1670,0,0,0,0,0,0
2026-02-28,Retail Media Network,Smart Choice Impact Initiative,East Region Prospecting Cohort,18477671,Health Conscious Buyers Affinity Segment,327783976989868070,Shelf Story Warm Voice,883903091019247144,Brand Awareness,15.83,1838,0,1939,11,1,12,4,2,0,11,10,1062,0,0,0,5,167,0,0,0,0,0,0
2026-02-27,Influencer Network,Home Essentials Scale Initiative,Central Region Loyalty Cohort,18477671,Weekend Deal Hunters Interest Segment,928297485290120790,Price Drop Cut Direct Voice,624349257864274485,Brand Awareness,20.28,1950,0,2350,245,39,100,100,72,0,105,106,1565,0,0,0,160,829,0,0,0,0,0,0
2026-02-27,Shopping Grid,Home Essentials Scale Initiative,Central Region Loyalty Cohort,18477671,Quick Refill Buyers Retention Segment,131872955368731773,Price Drop Cut Direct Voice,183025405773351046,Brand Awareness,2.53,177,0,148,5,3,18,13,2,0,13,11,80,0,0,0,5,21,0,0,0,0,0,0
2026-02-27,Marketplace Feed,Home Essentials Scale Initiative,Central Region Loyalty Cohort,18477671,Weekend Deal Hunters Interest Segment,425581615203767678,Price Drop Cut Direct Voice,108795219178731166,Brand Awareness,40.58,3055,0,2023,102,51,100,100,63,0,114,117,1630,0,0,0,99,552,0,0,0,0,0,0
2026-02-27,Display Network,Smart Choice Impact Initiative,East Region Prospecting Cohort,18477671,Health Conscious Buyers Retention Segment,109324285684324030,Shelf Story Warm Voice,790849347779253462,Brand Awareness,100.28,8059,0,9006,28,12,81,26,19,0,66,56,5762,0,0,0,17,1060,0,0,0,0,0,0
2026-02-27,Retail Media Network,Smart Choice Impact Initiative,East Region Prospecting Cohort,18477671,Bulk Buyers Retention Segment,263011830596989721,Shelf Story Warm Voice,107476604658316646,Brand Awareness,297.91,25138,0,24637,81,42,100,100,62,0,222,195,16673,0,0,0,53,3460,0,0,0,0,0,0
2026-02-27,Affiliate Network,Family Pantry Retention Initiative,East Region Prospecting Cohort,18477671,Health Conscious Buyers Affinity Segment,907032374122352379,Price Drop Cut Value Voice,160829833913271127,Brand Awareness,28.90,1211,0,1149,5,2,27,7,5,0,17,13,874,0,0,0,0,205,0,0,0,0,0,0
2026-02-27,Influencer Network,Family Pantry Retention Initiative,East Region Prospecting Cohort,18477671,Health Conscious Buyers Retention Segment,112056240015010154,Price Drop Cut Value Voice,115250414965133612,Brand Awareness,138.09,8097,0,6766,47,18,100,43,22,0,67,61,4482,0,0,0,21,936,0,0,0,0,0,0
2026-02-27,Search Network,Family Pantry Retention Initiative,East Region Prospecting Cohort,18477671,Health Conscious Buyers Retention Segment,118112068182151630,Price Drop Cut Value Voice,166925375146709940,Brand Awareness,7.8,279,0,292,0,1,6,2,1,0,2,2,185,0,0,0,0,50,0,0,0,0,0,0
2026-02-27,Display Network,Family Pantry Retention Initiative,East Region Prospecting Cohort,18477671,Health Conscious Buyers Interest Segment,887673010554092333,Price Drop Cut Value Voice,377965382032595957,Brand Awareness,6.65,329,0,363,2,0,9,2,1,0,6,5,224,0,0,0,2,35,0,0,0,0,0,0
2026-02-27,Discovery Network,Weekend Saver Retention Initiative,East Region Prospecting Cohort,18477671,Health Conscious Buyers Affinity Segment,109166477704828042,Offer Spotlight Value Voice,422345982949998997,Brand Awareness,0.16,28,0,26,0,0,2,0,0,0,0,0,17,0,0,0,0,5,0,0,0,0,0,0
2026-02-27,Social Feed,Weekend Saver Retention Initiative,East Region Prospecting Cohort,18477671,Health Conscious Buyers Interest Segment,141977875590297762,Offer Spotlight Value Voice,134193927310092542,Brand Awareness,0.38,47,0,50,0,0,1,1,0,0,1,1,31,0,0,0,0,7,0,0,0,0,0,0
2026-02-27,Connected TV,Seasonal Select Promo Initiative,Central Region Loyalty Cohort,18477671,Health Conscious Buyers Interest Segment,276856789850696694,Product Reel Warm Voice,307488523339100065,Brand Awareness,0,0,0,0,0,0,0,0,0,0,0,0,0,0,0,0,0,0,0,0,0,0,0,0
2026-02-27,Search Network,Seasonal Select Promo Initiative,Central Region Loyalty Cohort,18477671,Health Conscious Buyers Interest Segment,382588742082382028,Product Reel Warm Voice,171470996438234255,Brand Awareness,0,0,0,0,0,0,0,0,0,0,0,0,0,0,0,0,0,0,0,0,0,0,0,0
2026-02-27,Discovery Network,Market Fresh Demand Initiative,Central Region Loyalty Cohort,18477671,Health Conscious Buyers Interest Segment,676675831987855878,Product Reel Warm Voice,138989131522274573,Brand Awareness,0,0,0,0,0,0,0,0,0,0,0,0,0,0,0,0,0,0,0,0,0,0,0,0
2026-02-27,Display Network,Home Essentials Scale Initiative,Central Region Loyalty Cohort,18477671,Weekend Deal Hunters Interest Segment,356875118246388766,Price Drop Cut Direct Voice,130209791709779763,Brand Awareness,53.93,3845,0,2452,159,100,100,100,100,0,198,174,2502,0,0,0,135,810,0,0,0,0,0,0
2026-02-27,Marketplace Feed,Seasonal Select Promo Initiative,Central Region Loyalty Cohort,18477671,Weekend Deal Hunters Interest Segment,468881021107680250,Shelf Story Bold Voice,165315587996030172,Brand Awareness,17.4,2909,0,2937,215,63,100,100,100,0,170,124,1915,0,0,0,185,1238,0,0,0,0,0,0
2026-02-27,Influencer Network,Seasonal Select Promo Initiative,Central Region Loyalty Cohort,18477671,Weekend Deal Hunters Interest Segment,181012655175308237,Shelf Story Bold Voice,125608499660276530,Brand Awareness,77.92,12859,0,10537,836,100,100,100,100,0,700,596,7036,0,0,0,712,3803,0,0,0,0,0,0
2026-02-27,Social Feed,Seasonal Select Promo Initiative,Central Region Loyalty Cohort,18477671,Quick Refill Buyers Retention Segment,717659910692420024,Shelf Story Bold Voice,707559239232170135,Brand Awareness,2.0,1085,0,1164,16,3,17,8,5,0,9,8,69,0,0,0,16,41,0,0,0,0,0,0
2026-02-27,Retail Media Network,Home Essentials Scale Initiative,Central Region Loyalty Cohort,18477671,Weekend Deal Hunters Interest Segment,102671615296443303,Price Drop Cut Direct Voice,150163807914179990,Brand Awareness,106.13,12990,0,13281,1450,100,100,100,100,0,526,509,7193,0,0,0,801,4079,0,0,0,0,0,0
2026-02-27,In-App Display,Home Essentials Scale Initiative,Central Region Loyalty Cohort,18477671,Quick Refill Buyers Retention Segment,474168499292566921,Price Drop Cut Direct Voice,938010153527196274,Brand Awareness,0.49,188,0,202,8,0,4,2,0,0,1,1,17,0,0,0,4,15,0,0,0,0,0,0
2026-02-27,Social Feed,Home Essentials Scale Initiative,Central Region Loyalty Cohort,18477671,Bulk Buyers Retention Segment,165497790197034415,Price Drop Cut Direct Voice,171449224255083856,Brand Awareness,30.10,4944,0,3483,64,64,100,100,86,0,191,161,3261,0,0,0,54,849,0,0,0,0,0,0
2026-02-27,Retail Media Network,Smart Choice Impact Initiative,East Region Prospecting Cohort,18477671,Health Conscious Buyers Affinity Segment,327783976989868070,Shelf Story Warm Voice,883903091019247144,Brand Awareness,18.72,1058,0,1314,6,0,9,2,1,0,10,9,716,0,0,0,5,150,0,0,0,0,0,0
2026-02-27,Shopping Grid,Smart Choice Impact Initiative,East Region Prospecting Cohort,18477671,Family Planners Lookalike Segment,170023209149480493,Shelf Story Warm Voice,113263713157543249,Brand Awareness,33.33,1961,0,1721,9,2,20,4,2,0,17,15,1003,0,0,0,5,257,0,0,0,0,0,0
2026-02-27,Retail Media Network,Family Pantry Retention Initiative,East Region Prospecting Cohort,18477671,Family Planners Lookalike Segment,249531847916024085,Price Drop Cut Value Voice,843166495074932195,Brand Awareness,250.06,14873,0,12030,82,54,100,100,68,0,181,141,7168,1,0,0,42,2041,0,0,0,0,0,0
2026-02-27,Connected TV,Family Pantry Retention Initiative,East Region Prospecting Cohort,18477671,Bulk Buyers Retention Segment,145025494069156879,Price Drop Cut Value Voice,291949508313265977,Brand Awareness,15.49,842,0,907,2,3,12,8,2,0,8,7,642,0,0,0,2,90,0,0,0,0,0,0
2026-02-27,Social Feed,Weekend Saver Retention Initiative,East Region Prospecting Cohort,18477671,Family Planners Lookalike Segment,183575505261854460,Offer Spotlight Value Voice,754064685767296814,Brand Awareness,0.02,2,0,2,0,1,1,1,1,0,1,1,1,0,0,0,0,1,0,0,0,0,0,0
2026-02-27,Video Network,Weekend Saver Retention Initiative,East Region Prospecting Cohort,18477671,Health Conscious Buyers Retention Segment,153801562008600445,Offer Spotlight Value Voice,426376648590030974,Brand Awareness,376.03,54990,0,54457,180,100,100,100,100,0,902,961,38050,0,0,0,37,8049,0,0,0,0,0,0
2026-02-27,Connected TV,Weekend Saver Retention Initiative,East Region Prospecting Cohort,18477671,Bulk Buyers Retention Segment,340499546020568591,Offer Spotlight Value Voice,178854867911406378,Brand Awareness,1.15,151,0,161,0,0,13,3,0,0,2,3,96,0,0,0,0,26,0,0,0,0,0,0
2026-02-27,Display Network,Family Pantry Retention Initiative,Central Region Loyalty Cohort,18477671,Health Conscious Buyers Interest Segment,152570186958665035,Price Drop Cut Direct Voice,159922525784487162,Brand Awareness,0,0,0,0,0,0,0,0,0,0,0,0,0,0,0,0,0,0,0,0,0,0,0,0
2026-02-27,Video Network,Market Fresh Demand Initiative,Central Region Loyalty Cohort,18477671,Health Conscious Buyers Interest Segment,119750596205349546,Product Reel Warm Voice,168028342125258698,Brand Awareness,0,0,0,0,0,0,0,0,0,0,0,0,0,0,0,0,0,0,0,0,0,0,0,0
2026-02-27,Influencer Network,Weekend Saver Retention Initiative,East Region Prospecting Cohort,18477671,Health Conscious Buyers Retention Segment,811371835455386795,Offer Spotlight Value Voice,710450366294489253,Brand Awareness,0.69,74,0,89,0,0,3,1,0,0,0,0,61,0,0,0,0,8,0,0,0,0,0,0
2026-02-26,Connected TV,Home Essentials Scale Initiative,Central Region Loyalty Cohort,18477671,Weekend Deal Hunters Interest Segment,928297485290120790,Price Drop Cut Direct Voice,624349257864274485,Brand Awareness,24.91,3467,0,4117,379,47,100,100,71,0,112,99,2059,0,0,0,217,846,0,0,0,0,0,0
2026-02-26,Display Network,Seasonal Select Promo Initiative,Central Region Loyalty Cohort,18477671,Weekend Deal Hunters Interest Segment,468881021107680250,Shelf Story Bold Voice,165315587996030172,Brand Awareness,21.29,2671,0,2613,257,72,100,100,100,0,210,159,1978,0,0,0,163,1198,0,0,0,0,0,0
2026-02-26,Retail Media Network,Seasonal Select Promo Initiative,Central Region Loyalty Cohort,18477671,Weekend Deal Hunters Interest Segment,181012655175308237,Shelf Story Bold Voice,125608499660276530,Brand Awareness,80.66,10600,0,10578,1047,100,100,100,100,0,549,601,6470,0,0,0,750,4251,0,0,0,0,0,0
2026-02-26,Affiliate Network,Home Essentials Scale Initiative,Central Region Loyalty Cohort,18477671,Weekend Deal Hunters Interest Segment,102671615296443303,Price Drop Cut Direct Voice,150163807914179990,Brand Awareness,106.20,11072,0,11618,1311,100,100,100,100,0,529,445,7926,0,0,0,769,3827,0,0,0,0,0,0
2026-02-26,Discovery Network,Home Essentials Scale Initiative,Central Region Loyalty Cohort,18477671,Quick Refill Buyers Retention Segment,474168499292566921,Price Drop Cut Direct Voice,938010153527196274,Brand Awareness,0.76,459,0,520,14,1,1,1,1,0,1,1,20,0,0,0,10,14,0,0,0,0,0,0
2026-02-26,Connected TV,Home Essentials Scale Initiative,Central Region Loyalty Cohort,18477671,Weekend Deal Hunters Interest Segment,425581615203767678,Price Drop Cut Direct Voice,108795219178731166,Brand Awareness,40.95,2529,0,1450,97,88,100,100,100,0,162,160,1511,0,0,0,93,421,0,0,0,0,0,0
2026-02-26,Video Network,Seasonal Select Promo Initiative,Central Region Loyalty Cohort,18477671,Health Conscious Buyers Interest Segment,276856789850696694,Product Reel Warm Voice,307488523339100065,Brand Awareness,23.70,4063,0,4362,45,100,100,100,100,0,921,944,3887,0,0,0,14,2277,0,0,0,0,0,0
2026-02-26,Discovery Network,Smart Choice Impact Initiative,East Region Prospecting Cohort,18477671,Health Conscious Buyers Retention Segment,109324285684324030,Shelf Story Warm Voice,790849347779253462,Brand Awareness,81.70,6128,0,5999,26,8,59,21,15,0,50,51,4327,0,0,0,17,904,0,0,0,0,0,0
2026-02-26,Search Network,Smart Choice Impact Initiative,East Region Prospecting Cohort,18477671,Health Conscious Buyers Affinity Segment,327783976989868070,Shelf Story Warm Voice,883903091019247144,Brand Awareness,22.62,811,0,872,5,2,8,3,2,0,6,7,339,0,0,0,6,153,0,0,0,0,0,0
2026-02-26,Search Network,Smart Choice Impact Initiative,East Region Prospecting Cohort,18477671,Bulk Buyers Retention Segment,263011830596989721,Shelf Story Warm Voice,107476604658316646,Brand Awareness,191.06,10548,0,10666,59,9,100,48,23,0,101,87,6656,0,0,0,30,1696,0,0,0,0,0,0
2026-02-26,Search Network,Family Pantry Retention Initiative,East Region Prospecting Cohort,18477671,Health Conscious Buyers Affinity Segment,907032374122352379,Price Drop Cut Value Voice,160829833913271127,Brand Awareness,7.96,604,0,593,3,1,10,4,1,0,8,7,314,0,0,0,0,88,0,0,0,0,0,0
2026-02-26,Search Network,Family Pantry Retention Initiative,East Region Prospecting Cohort,18477671,Family Planners Lookalike Segment,249531847916024085,Price Drop Cut Value Voice,843166495074932195,Brand Awareness,225.13,18897,0,12252,71,51,100,100,62,0,159,142,8304,0,0,0,35,2000,0,0,0,0,0,0
2026-02-26,Display Network,Smart Choice Impact Initiative,East Region Prospecting Cohort,18477671,Family Planners Lookalike Segment,170023209149480493,Shelf Story Warm Voice,113263713157543249,Brand Awareness,21.49,964,0,880,5,3,9,6,4,0,7,6,440,0,0,0,5,165,0,0,0,0,0,0
2026-02-26,Connected TV,Family Pantry Retention Initiative,East Region Prospecting Cohort,18477671,Health Conscious Buyers Retention Segment,118112068182151630,Price Drop Cut Value Voice,166925375146709940,Brand Awareness,2.91,258,0,261,0,0,6,2,1,0,2,3,158,0,0,0,0,25,0,0,0,0,0,0
2026-02-26,Shopping Grid,Weekend Saver Retention Initiative,East Region Prospecting Cohort,18477671,Family Planners Lookalike Segment,183575505261854460,Offer Spotlight Value Voice,754064685767296814,Brand Awareness,4.91,409,0,460,1,5,38,19,7,0,14,13,267,0,0,0,1,66,0,0,0,0,0,0
2026-02-26,Video Network,Weekend Saver Retention Initiative,East Region Prospecting Cohort,18477671,Health Conscious Buyers Retention Segment,153801562008600445,Offer Spotlight Value Voice,426376648590030974,Brand Awareness,315.75,33466,0,39080,108,100,100,100,100,0,628,606,29222,0,0,0,28,7058,0,0,0,0,0,0
2026-02-26,Discovery Network,Home Essentials Scale Initiative,Central Region Loyalty Cohort,18477671,Quick Refill Buyers Retention Segment,131872955368731773,Price Drop Cut Direct Voice,183025405773351046,Brand Awareness,1.73,169,0,134,0,2,11,8,5,0,8,7,102,0,0,0,0,11,0,0,0,0,0,0
2026-02-26,Retail Media Network,Home Essentials Scale Initiative,Central Region Loyalty Cohort,18477671,Bulk Buyers Retention Segment,165497790197034415,Price Drop Cut Direct Voice,171449224255083856,Brand Awareness,29.76,3823,0,3066,109,68,100,100,96,0,169,188,2202,0,0,0,67,814,0,0,0,0,0,0
2026-02-26,Affiliate Network,Seasonal Select Promo Initiative,Central Region Loyalty Cohort,18477671,Health Conscious Buyers Interest Segment,382588742082382028,Product Reel Warm Voice,171470996438234255,Brand Awareness,189.31,16356,0,11861,439,100,100,100,100,0,7079,6662,17348,1,0,0,304,9619,0,0,0,0,0,0
2026-02-26,Search Network,Seasonal Select Promo Initiative,Central Region Loyalty Cohort,18477671,Weekend Deal Hunters Interest Segment,484085489835390472,Product Reel Warm Voice,292359501097108713,Brand Awareness,82.73,15143,0,14050,120,100,100,100,100,0,2931,2828,13050,0,0,0,63,7057,0,0,0,0,0,0
2026-02-26,Social Feed,Market Fresh Demand Initiative,Central Region Loyalty Cohort,18477671,Health Conscious Buyers Interest Segment,676675831987855878,Product Reel Warm Voice,138989131522274573,Brand Awareness,52.91,3051,0,483,15,100,100,100,100,0,3409,2705,3528,0,0,0,15,3124,0,0,0,0,0,0
2026-02-26,Video Network,Market Fresh Demand Initiative,Central Region Loyalty Cohort,18477671,Health Conscious Buyers Interest Segment,119750596205349546,Product Reel Warm Voice,168028342125258698,Brand Awareness,54.28,3073,0,1398,6,100,100,100,100,0,3014,2589,2750,0,0,0,5,2851,0,0,0,0,0,0
2026-02-26,Affiliate Network,Family Pantry Retention Initiative,East Region Prospecting Cohort,18477671,Bulk Buyers Retention Segment,145025494069156879,Price Drop Cut Value Voice,291949508313265977,Brand Awareness,6.81,583,0,566,3,0,13,3,0,0,9,9,379,0,0,0,2,80,0,0,0,0,0,0
2026-02-26,Retail Media Network,Family Pantry Retention Initiative,East Region Prospecting Cohort,18477671,Health Conscious Buyers Interest Segment,887673010554092333,Price Drop Cut Value Voice,377965382032595957,Brand Awareness,22.76,2015,0,2157,7,5,35,12,6,0,21,18,1166,0,0,0,3,216,0,0,0,0,0,0
2026-02-26,Shopping Grid,Weekend Saver Retention Initiative,East Region Prospecting Cohort,18477671,Health Conscious Buyers Affinity Segment,109166477704828042,Offer Spotlight Value Voice,422345982949998997,Brand Awareness,8.95,624,0,659,3,3,24,11,5,0,8,7,281,0,0,0,0,86,0,0,0,0,0,0
2026-02-26,Retail Media Network,Weekend Saver Retention Initiative,East Region Prospecting Cohort,18477671,Health Conscious Buyers Retention Segment,811371835455386795,Offer Spotlight Value Voice,710450366294489253,Brand Awareness,14.72,1509,0,1313,5,8,77,28,11,0,22,23,925,0,0,0,2,159,0,0,0,0,0,0
2026-02-26,Connected TV,Weekend Saver Retention Initiative,East Region Prospecting Cohort,18477671,Health Conscious Buyers Interest Segment,141977875590297762,Offer Spotlight Value Voice,134193927310092542,Brand Awareness,10.08,1104,0,1118,5,6,50,30,9,0,20,16,503,0,0,0,3,103,0,0,0,0,0,0
2026-02-26,Connected TV,Weekend Saver Retention Initiative,East Region Prospecting Cohort,18477671,Bulk Buyers Retention Segment,340499546020568591,Offer Spotlight Value Voice,178854867911406378,Brand Awareness,38.52,4176,0,4695,13,21,100,100,34,0,108,89,2306,0,0,0,6,724,0,0,0,0,0,0
2026-02-26,Connected TV,Seasonal Select Promo Initiative,Central Region Loyalty Cohort,18477671,Quick Refill Buyers Retention Segment,717659910692420024,Shelf Story Bold Voice,707559239232170135,Brand Awareness,0.80,173,0,170,14,2,14,4,4,0,5,4,29,0,0,0,9,25,0,0,0,0,0,0
2026-02-26,Retail Media Network,Home Essentials Scale Initiative,Central Region Loyalty Cohort,18477671,Weekend Deal Hunters Interest Segment,356875118246388766,Price Drop Cut Direct Voice,130209791709779763,Brand Awareness,63.73,3743,0,1976,146,100,100,100,100,0,272,236,2231,0,0,0,177,650,0,0,0,0,0,0
2026-02-26,Marketplace Feed,Market Fresh Demand Initiative,Central Region Loyalty Cohort,18477671,Weekend Deal Hunters Interest Segment,245474522745194337,Product Reel Warm Voice,140720495826771636,Brand Awareness,119.58,5961,0,3429,6,100,100,100,100,0,5691,6209,6140,0,0,0,4,5356,0,0,0,0,0,0
2026-02-26,Marketplace Feed,Family Pantry Retention Initiative,East Region Prospecting Cohort,18477671,Health Conscious Buyers Retention Segment,112056240015010154,Price Drop Cut Value Voice,115250414965133612,Brand Awareness,51.29,3458,0,3779,7,10,65,31,10,0,38,29,2102,0,0,0,4,381,0,0,0,0,0,0
2026-02-25,Affiliate Network,Market Fresh Demand Initiative,Central Region Loyalty Cohort,18477671,Health Conscious Buyers Interest Segment,119750596205349546,Product Reel Warm Voice,168028342125258698,Brand Awareness,91.65,4913,0,2225,6,100,100,100,100,0,4789,3984,5492,0,0,0,5,5014,0,0,0,0,0,0
2026-02-25,Shopping Grid,Seasonal Select Promo Initiative,Central Region Loyalty Cohort,18477671,Weekend Deal Hunters Interest Segment,468881021107680250,Shelf Story Bold Voice,165315587996030172,Brand Awareness,22.42,2966,0,2423,244,60,100,100,96,0,171,152,1992,0,0,0,187,1208,0,0,0,0,0,0
2026-02-25,Influencer Network,Seasonal Select Promo Initiative,Central Region Loyalty Cohort,18477671,Weekend Deal Hunters Interest Segment,181012655175308237,Shelf Story Bold Voice,125608499660276530,Brand Awareness,84.36,12354,0,10858,1194,100,100,100,100,0,707,646,8300,0,0,0,825,4574,0,0,0,0,0,0
2026-02-25,Connected TV,Home Essentials Scale Initiative,Central Region Loyalty Cohort,18477671,Quick Refill Buyers Retention Segment,474168499292566921,Price Drop Cut Direct Voice,938010153527196274,Brand Awareness,1.33,1196,0,977,15,0,6,3,1,0,2,2,11,0,0,0,10,16,0,0,0,0,0,0
2026-02-25,Retail Media Network,Home Essentials Scale Initiative,Central Region Loyalty Cohort,18477671,Weekend Deal Hunters Interest Segment,356875118246388766,Price Drop Cut Direct Voice,130209791709779763,Brand Awareness,52.08,4413,0,2667,115,98,100,100,100,0,194,183,2342,0,0,0,95,651,0,0,0,0,0,0
2026-02-25,Shopping Grid,Home Essentials Scale Initiative,Central Region Loyalty Cohort,18477671,Bulk Buyers Retention Segment,165497790197034415,Price Drop Cut Direct Voice,171449224255083856,Brand Awareness,29.69,4140,0,4015,56,49,100,100,68,0,125,128,3349,0,0,0,35,939,0,0,0,0,0,0
2026-02-25,Search Network,Seasonal Select Promo Initiative,Central Region Loyalty Cohort,18477671,Health Conscious Buyers Interest Segment,276856789850696694,Product Reel Warm Voice,307488523339100065,Brand Awareness,24.98,5179,0,5413,46,100,100,100,100,0,1299,1085,4889,0,0,0,19,2968,0,0,0,0,0,0
2026-02-25,Affiliate Network,Seasonal Select Promo Initiative,Central Region Loyalty Cohort,18477671,Weekend Deal Hunters Interest Segment,484085489835390472,Product Reel Warm Voice,292359501097108713,Brand Awareness,69.36,11636,0,13790,93,100,100,100,100,0,2696,2475,13588,0,0,0,45,6359,0,0,0,0,0,0
2026-02-25,Discovery Network,Market Fresh Demand Initiative,Central Region Loyalty Cohort,18477671,Weekend Deal Hunters Interest Segment,245474522745194337,Product Reel Warm Voice,140720495826771636,Brand Awareness,178.05,8464,0,3997,14,100,100,100,100,0,8262,7408,9400,0,0,0,11,7729,0,0,0,0,0,0
2026-02-25,Discovery Network,Market Fresh Demand Initiative,Central Region Loyalty Cohort,18477671,Health Conscious Buyers Interest Segment,676675831987855878,Product Reel Warm Voice,138989131522274573,Brand Awareness,48.22,3273,0,582,5,100,100,100,100,0,3063,2528,3500,0,0,0,5,3022,0,0,0,0,0,0
2026-02-25,Retail Media Network,Smart Choice Impact Initiative,East Region Prospecting Cohort,18477671,Family Planners Lookalike Segment,170023209149480493,Shelf Story Warm Voice,113263713157543249,Brand Awareness,20.93,1389,0,1371,12,3,13,5,5,0,11,10,519,0,0,0,10,261,0,0,0,0,0,0
2026-02-25,Marketplace Feed,Family Pantry Retention Initiative,East Region Prospecting Cohort,18477671,Health Conscious Buyers Affinity Segment,907032374122352379,Price Drop Cut Value Voice,160829833913271127,Brand Awareness,8.72,917,0,979,4,2,19,5,3,0,13,10,665,0,0,0,3,129,0,0,0,0,0,0
2026-02-25,Affiliate Network,Family Pantry Retention Initiative,East Region Prospecting Cohort,18477671,Family Planners Lookalike Segment,249531847916024085,Price Drop Cut Value Voice,843166495074932195,Brand Awareness,189.48,25314,0,18178,61,55,100,100,72,0,200,161,13659,0,0,0,34,2023,0,0,0,0,0,0
2026-02-25,Display Network,Family Pantry Retention Initiative,East Region Prospecting Cohort,18477671,Bulk Buyers Retention Segment,145025494069156879,Price Drop Cut Value Voice,291949508313265977,Brand Awareness,16.11,2196,0,2161,6,3,30,8,6,0,16,14,1589,0,0,0,4,225,0,0,0,0,0,0
2026-02-25,Influencer Network,Family Pantry Retention Initiative,East Region Prospecting Cohort,18477671,Health Conscious Buyers Retention Segment,118112068182151630,Price Drop Cut Value Voice,166925375146709940,Brand Awareness,7.04,1012,0,1011,7,5,21,6,4,0,8,7,703,0,0,0,7,112,0,0,0,0,0,0
2026-02-25,In-App Display,Family Pantry Retention Initiative,East Region Prospecting Cohort,18477671,Health Conscious Buyers Interest Segment,887673010554092333,Price Drop Cut Value Voice,377965382032595957,Brand Awareness,26.78,4204,0,3754,9,12,65,29,14,0,38,33,2285,0,0,0,7,383,0,0,0,0,0,0
2026-02-25,In-App Display,Weekend Saver Retention Initiative,East Region Prospecting Cohort,18477671,Health Conscious Buyers Affinity Segment,109166477704828042,Offer Spotlight Value Voice,422345982949998997,Brand Awareness,9.98,694,0,704,0,5,41,15,5,0,11,10,477,0,0,0,0,104,0,0,0,0,0,0
2026-02-25,Discovery Network,Weekend Saver Retention Initiative,East Region Prospecting Cohort,18477671,Health Conscious Buyers Retention Segment,153801562008600445,Offer Spotlight Value Voice,426376648590030974,Brand Awareness,218,29793,0,24811,120,100,100,100,100,0,544,519,23659,1,0,0,35,6087,0,0,0,0,0,0
2026-02-25,Search Network,Weekend Saver Retention Initiative,East Region Prospecting Cohort,18477671,Bulk Buyers Retention Segment,340499546020568591,Offer Spotlight Value Voice,178854867911406378,Brand Awareness,16.59,1672,0,1800,6,3,100,49,14,0,33,28,1224,0,0,0,2,327,0,0,0,0,0,0
2026-02-25,Shopping Grid,Home Essentials Scale Initiative,Central Region Loyalty Cohort,18477671,Weekend Deal Hunters Interest Segment,928297485290120790,Price Drop Cut Direct Voice,624349257864274485,Brand Awareness,22.52,2876,0,2895,297,39,100,100,90,0,113,116,1906,0,0,0,150,990,0,0,0,0,0,0
2026-02-25,Search Network,Home Essentials Scale Initiative,Central Region Loyalty Cohort,18477671,Quick Refill Buyers Retention Segment,131872955368731773,Price Drop Cut Direct Voice,183025405773351046,Brand Awareness,2.44,252,0,161,0,1,10,3,1,0,3,3,145,0,0,0,0,15,0,0,0,0,0,0
2026-02-25,Discovery Network,Home Essentials Scale Initiative,Central Region Loyalty Cohort,18477671,Weekend Deal Hunters Interest Segment,425581615203767678,Price Drop Cut Direct Voice,108795219178731166,Brand Awareness,37.63,3798,0,2167,69,61,100,100,92,0,129,142,2196,0,0,0,62,489,0,0,0,0,0,0
2026-02-25,Video Network,Seasonal Select Promo Initiative,Central Region Loyalty Cohort,18477671,Health Conscious Buyers Interest Segment,382588742082382028,Product Reel Warm Voice,171470996438234255,Brand Awareness,217.27,16267,0,12594,520,89,100,100,92,0,9601,7079,19095,1,0,0,287,13139,0,0,0,0,0,0
2026-02-25,Retail Media Network,Seasonal Select Promo Initiative,Central Region Loyalty Cohort,18477671,Quick Refill Buyers Retention Segment,717659910692420024,Shelf Story Bold Voice,707559239232170135,Brand Awareness,1.15,459,0,451,12,1,8,5,1,0,5,4,37,0,0,0,12,24,0,0,0,0,0,0
2026-02-25,Marketplace Feed,Smart Choice Impact Initiative,East Region Prospecting Cohort,18477671,Health Conscious Buyers Retention Segment,109324285684324030,Shelf Story Warm Voice,790849347779253462,Brand Awareness,55.53,4523,0,3985,10,9,49,24,13,0,39,36,3102,0,0,0,5,621,0,0,0,0,0,0
2026-02-25,Social Feed,Smart Choice Impact Initiative,East Region Prospecting Cohort,18477671,Health Conscious Buyers Affinity Segment,327783976989868070,Shelf Story Warm Voice,883903091019247144,Brand Awareness,19.30,786,0,934,5,3,9,5,5,0,8,7,407,0,0,0,2,154,0,0,0,0,0,0
2026-02-25,Retail Media Network,Smart Choice Impact Initiative,East Region Prospecting Cohort,18477671,Bulk Buyers Retention Segment,263011830596989721,Shelf Story Warm Voice,107476604658316646,Brand Awareness,251.77,17231,0,13276,74,36,100,90,63,0,164,134,8812,0,0,0,45,2678,0,0,0,0,0,0
2026-02-25,Influencer Network,Family Pantry Retention Initiative,East Region Prospecting Cohort,18477671,Health Conscious Buyers Retention Segment,112056240015010154,Price Drop Cut Value Voice,115250414965133612,Brand Awareness,81.22,9731,0,9773,32,28,100,50,36,0,78,83,7794,0,0,0,19,979,0,0,0,0,0,0
2026-02-25,Display Network,Weekend Saver Retention Initiative,East Region Prospecting Cohort,18477671,Family Planners Lookalike Segment,183575505261854460,Offer Spotlight Value Voice,754064685767296814,Brand Awareness,9.25,794,0,781,4,0,37,13,2,0,7,6,521,0,0,0,1,105,0,0,0,0,0,0
2026-02-25,Video Network,Weekend Saver Retention Initiative,East Region Prospecting Cohort,18477671,Health Conscious Buyers Retention Segment,811371835455386795,Offer Spotlight Value Voice,710450366294489253,Brand Awareness,11.04,939,0,1180,2,7,80,22,8,0,16,15,750,0,0,0,1,160,0,0,0,0,0,0
2026-02-25,Marketplace Feed,Weekend Saver Retention Initiative,East Region Prospecting Cohort,18477671,Health Conscious Buyers Interest Segment,141977875590297762,Offer Spotlight Value Voice,134193927310092542,Brand Awareness,40.24,3732,0,4583,18,16,100,82,22,0,55,59,2647,0,0,0,11,517,0,0,0,0,0,0
2026-02-25,Search Network,Home Essentials Scale Initiative,Central Region Loyalty Cohort,18477671,Weekend Deal Hunters Interest Segment,102671615296443303,Price Drop Cut Direct Voice,150163807914179990,Brand Awareness,95.0,11619,0,10919,1288,100,100,100,100,0,589,544,7420,0,0,0,667,4427,0,0,0,0,0,0
2026-02-25,Marketplace Feed,Family Pantry Retention Initiative,Central Region Loyalty Cohort,18477671,Health Conscious Buyers Interest Segment,152570186958665035,Price Drop Cut Direct Voice,159922525784487162,Brand Awareness,0,0,0,0,0,0,0,0,0,0,0,0,0,0,0,0,0,0,0,0,0,0,0,0
2026-02-24,Connected TV,Home Essentials Scale Initiative,Central Region Loyalty Cohort,18477671,Weekend Deal Hunters Interest Segment,425581615203767678,Price Drop Cut Direct Voice,108795219178731166,Brand Awareness,41.67,4534,0,2739,116,81,100,100,97,0,226,204,2102,0,0,0,111,581,0,0,0,0,0,0
2026-02-24,Influencer Network,Home Essentials Scale Initiative,Central Region Loyalty Cohort,18477671,Bulk Buyers Retention Segment,165497790197034415,Price Drop Cut Direct Voice,171449224255083856,Brand Awareness,51.45,6412,0,5265,144,100,100,100,100,0,292,298,4598,0,0,0,113,1190,0,0,0,0,0,0
2026-02-24,Influencer Network,Seasonal Select Promo Initiative,Central Region Loyalty Cohort,18477671,Health Conscious Buyers Interest Segment,276856789850696694,Product Reel Warm Voice,307488523339100065,Brand Awareness,35.73,7010,0,8525,85,100,100,100,100,0,1756,1297,7697,0,0,0,36,4671,0,0,0,0,0,0
2026-02-24,Influencer Network,Seasonal Select Promo Initiative,Central Region Loyalty Cohort,18477671,Health Conscious Buyers Interest Segment,382588742082382028,Product Reel Warm Voice,171470996438234255,Brand Awareness,149.43,15550,0,12617,381,100,100,100,100,0,7087,6178,13768,1,0,0,226,8627,0,0,0,0,0,0
2026-02-24,Discovery Network,Seasonal Select Promo Initiative,Central Region Loyalty Cohort,18477671,Weekend Deal Hunters Interest Segment,484085489835390472,Product Reel Warm Voice,292359501097108713,Brand Awareness,74.71,15719,0,15330,169,100,100,100,100,0,3978,3144,13848,0,0,0,65,9208,0,0,0,0,0,0
2026-02-24,Connected TV,Market Fresh Demand Initiative,Central Region Loyalty Cohort,18477671,Weekend Deal Hunters Interest Segment,245474522745194337,Product Reel Warm Voice,140720495826771636,Brand Awareness,201.98,12078,0,5540,6,100,100,100,100,0,10287,10912,12425,0,0,0,5,11372,0,0,0,0,0,0
2026-02-24,Retail Media Network,Market Fresh Demand Initiative,Central Region Loyalty Cohort,18477671,Health Conscious Buyers Interest Segment,119750596205349546,Product Reel Warm Voice,168028342125258698,Brand Awareness,75.53,5691,0,2416,5,100,100,100,100,0,5801,4969,5163,0,0,0,3,5133,0,0,0,0,0,0
2026-02-24,Social Feed,Family Pantry Retention Initiative,East Region Prospecting Cohort,18477671,Family Planners Lookalike Segment,249531847916024085,Price Drop Cut Value Voice,843166495074932195,Brand Awareness,17.35,2568,0,2417,4,9,57,16,10,0,25,27,2082,0,0,0,1,306,0,0,0,0,0,0
2026-02-24,Search Network,Family Pantry Retention Initiative,East Region Prospecting Cohort,18477671,Health Conscious Buyers Interest Segment,887673010554092333,Price Drop Cut Value Voice,377965382032595957,Brand Awareness,28.71,4119,0,3495,18,8,59,20,12,0,38,36,3210,0,0,0,11,450,0,0,0,0,0,0
2026-02-24,Search Network,Weekend Saver Retention Initiative,East Region Prospecting Cohort,18477671,Family Planners Lookalike Segment,183575505261854460,Offer Spotlight Value Voice,754064685767296814,Brand Awareness,4.31,673,0,765,3,2,40,11,3,0,6,5,534,0,0,0,2,90,0,0,0,0,0,0
2026-02-24,Display Network,Weekend Saver Retention Initiative,East Region Prospecting Cohort,18477671,Bulk Buyers Retention Segment,340499546020568591,Offer Spotlight Value Voice,178854867911406378,Brand Awareness,18.61,3738,0,3732,12,22,100,100,27,0,82,78,3180,0,0,0,3,680,0,0,0,0,0,0
2026-02-24,Discovery Network,Seasonal Select Promo Initiative,Central Region Loyalty Cohort,18477671,Weekend Deal Hunters Interest Segment,181012655175308237,Shelf Story Bold Voice,125608499660276530,Brand Awareness,97.30,12004,0,12558,1130,100,100,100,100,0,610,527,6132,0,0,0,712,4331,0,0,0,0,0,0
2026-02-24,Influencer Network,Seasonal Select Promo Initiative,Central Region Loyalty Cohort,18477671,Quick Refill Buyers Retention Segment,717659910692420024,Shelf Story Bold Voice,707559239232170135,Brand Awareness,1.4,156,0,152,16,2,31,15,4,0,14,14,83,0,0,0,12,45,0,0,0,0,0,0
2026-02-24,Affiliate Network,Home Essentials Scale Initiative,Central Region Loyalty Cohort,18477671,Weekend Deal Hunters Interest Segment,102671615296443303,Price Drop Cut Direct Voice,150163807914179990,Brand Awareness,122.04,14058,0,13613,1491,100,100,100,100,0,752,675,10462,0,0,0,759,4826,0,0,0,0,0,0
2026-02-24,Marketplace Feed,Home Essentials Scale Initiative,Central Region Loyalty Cohort,18477671,Weekend Deal Hunters Interest Segment,928297485290120790,Price Drop Cut Direct Voice,624349257864274485,Brand Awareness,20.49,2757,0,2310,207,48,100,100,82,0,147,121,1783,1,0,0,113,912,0,0,0,0,0,0
2026-02-24,Influencer Network,Home Essentials Scale Initiative,Central Region Loyalty Cohort,18477671,Quick Refill Buyers Retention Segment,474168499292566921,Price Drop Cut Direct Voice,938010153527196274,Brand Awareness,0.20,23,0,25,4,1,2,1,1,0,1,1,13,0,0,0,3,5,0,0,0,0,0,0
2026-02-24,Search Network,Home Essentials Scale Initiative,Central Region Loyalty Cohort,18477671,Quick Refill Buyers Retention Segment,131872955368731773,Price Drop Cut Direct Voice,183025405773351046,Brand Awareness,2.63,269,0,199,14,4,27,13,8,0,15,15,138,0,0,0,10,40,0,0,0,0,0,0
2026-02-24,Retail Media Network,Home Essentials Scale Initiative,Central Region Loyalty Cohort,18477671,Weekend Deal Hunters Interest Segment,356875118246388766,Price Drop Cut Direct Voice,130209791709779763,Brand Awareness,48.16,4891,0,3104,172,91,100,100,100,0,227,188,2932,0,0,0,139,779,0,0,0,0,0,0
2026-02-24,In-App Display,Market Fresh Demand Initiative,Central Region Loyalty Cohort,18477671,Health Conscious Buyers Interest Segment,676675831987855878,Product Reel Warm Voice,138989131522274573,Brand Awareness,12.38,870,0,244,3,100,100,100,100,0,889,717,1014,0,0,0,4,909,0,0,0,0,0,0
2026-02-24,Display Network,Smart Choice Impact Initiative,East Region Prospecting Cohort,18477671,Health Conscious Buyers Retention Segment,109324285684324030,Shelf Story Warm Voice,790849347779253462,Brand Awareness,12.56,1306,0,1355,7,3,15,9,4,0,13,13,1162,0,0,0,3,225,0,0,0,0,0,0
2026-02-24,Discovery Network,Smart Choice Impact Initiative,East Region Prospecting Cohort,18477671,Health Conscious Buyers Affinity Segment,327783976989868070,Shelf Story Warm Voice,883903091019247144,Brand Awareness,9.86,736,0,722,1,0,9,3,3,0,7,7,632,0,0,0,0,125,0,0,0,0,0,0
2026-02-24,Connected TV,Smart Choice Impact Initiative,East Region Prospecting Cohort,18477671,Family Planners Lookalike Segment,170023209149480493,Shelf Story Warm Voice,113263713157543249,Brand Awareness,19.29,1599,0,1519,7,3,15,5,4,0,12,11,1130,0,0,0,5,305,0,0,0,0,0,0
2026-02-24,Influencer Network,Smart Choice Impact Initiative,East Region Prospecting Cohort,18477671,Bulk Buyers Retention Segment,263011830596989721,Shelf Story Warm Voice,107476604658316646,Brand Awareness,80.14,6739,0,6512,42,19,90,39,28,0,66,69,5537,0,0,0,25,1278,0,0,0,0,0,0
2026-02-24,Affiliate Network,Family Pantry Retention Initiative,East Region Prospecting Cohort,18477671,Health Conscious Buyers Affinity Segment,907032374122352379,Price Drop Cut Value Voice,160829833913271127,Brand Awareness,12.12,1493,0,1487,3,2,31,9,2,0,17,16,1252,0,0,0,2,192,0,0,0,0,0,0
2026-02-24,Connected TV,Family Pantry Retention Initiative,East Region Prospecting Cohort,18477671,Health Conscious Buyers Retention Segment,112056240015010154,Price Drop Cut Value Voice,115250414965133612,Brand Awareness,48.62,7288,0,7354,14,13,100,32,21,0,52,50,6155,0,0,0,8,715,0,0,0,0,0,0
2026-02-24,Affiliate Network,Family Pantry Retention Initiative,East Region Prospecting Cohort,18477671,Bulk Buyers Retention Segment,145025494069156879,Price Drop Cut Value Voice,291949508313265977,Brand Awareness,14.54,2331,0,2131,6,8,43,18,8,0,23,20,1924,0,0,0,1,240,0,0,0,0,0,0
2026-02-24,Retail Media Network,Family Pantry Retention Initiative,East Region Prospecting Cohort,18477671,Health Conscious Buyers Retention Segment,118112068182151630,Price Drop Cut Value Voice,166925375146709940,Brand Awareness,11.04,1768,0,1771,6,1,21,7,2,0,9,9,1320,0,0,0,4,181,0,0,0,0,0,0
2026-02-24,Marketplace Feed,Weekend Saver Retention Initiative,East Region Prospecting Cohort,18477671,Health Conscious Buyers Affinity Segment,109166477704828042,Offer Spotlight Value Voice,422345982949998997,Brand Awareness,1.54,255,0,261,0,1,20,5,3,0,4,3,232,0,0,0,0,49,0,0,0,0,0,0
2026-02-24,Retail Media Network,Weekend Saver Retention Initiative,East Region Prospecting Cohort,18477671,Health Conscious Buyers Retention Segment,811371835455386795,Offer Spotlight Value Voice,710450366294489253,Brand Awareness,5.05,763,0,671,0,1,46,16,2,0,6,5,585,0,0,0,0,91,0,0,0,0,0,0
2026-02-24,Discovery Network,Weekend Saver Retention Initiative,East Region Prospecting Cohort,18477671,Health Conscious Buyers Retention Segment,153801562008600445,Offer Spotlight Value Voice,426376648590030974,Brand Awareness,64.44,11592,0,9750,35,40,100,100,52,0,186,179,9550,0,0,0,5,1768,0,0,0,0,0,0
2026-02-24,Search Network,Weekend Saver Retention Initiative,East Region Prospecting Cohort,18477671,Health Conscious Buyers Interest Segment,141977875590297762,Offer Spotlight Value Voice,134193927310092542,Brand Awareness,42.71,4621,0,4299,17,15,100,100,33,0,109,86,4240,0,0,0,7,808,0,0,0,0,0,0
2026-02-24,Marketplace Feed,Seasonal Select Promo Initiative,Central Region Loyalty Cohort,18477671,Weekend Deal Hunters Interest Segment,468881021107680250,Shelf Story Bold Voice,165315587996030172,Brand Awareness,16.63,2927,0,2917,244,40,100,100,74,0,150,113,1778,0,0,0,164,1125,0,0,0,0,0,0
2026-02-23,Display Network,Seasonal Select Promo Initiative,Central Region Loyalty Cohort,18477671,Weekend Deal Hunters Interest Segment,468881021107680250,Shelf Story Bold Voice,165315587996030172,Brand Awareness,25.10,3747,0,3028,326,78,100,100,86,0,186,144,2186,0,0,0,231,1141,0,0,0,0,0,0
2026-02-23,Search Network,Seasonal Select Promo Initiative,Central Region Loyalty Cohort,18477671,Weekend Deal Hunters Interest Segment,181012655175308237,Shelf Story Bold Voice,125608499660276530,Brand Awareness,88.27,11549,0,12797,924,100,100,100,100,0,660,609,6795,0,0,0,731,4369,0,0,0,0,0,0
2026-02-23,In-App Display,Seasonal Select Promo Initiative,Central Region Loyalty Cohort,18477671,Quick Refill Buyers Retention Segment,717659910692420024,Shelf Story Bold Voice,707559239232170135,Brand Awareness,1.90,296,0,285,26,1,65,25,3,0,21,22,204,0,0,0,16,91,0,0,0,0,0,0
2026-02-23,In-App Display,Home Essentials Scale Initiative,Central Region Loyalty Cohort,18477671,Weekend Deal Hunters Interest Segment,928297485290120790,Price Drop Cut Direct Voice,624349257864274485,Brand Awareness,26.24,3279,0,3332,322,52,100,100,100,0,153,163,2236,0,0,0,197,1070,0,0,0,0,0,0
2026-02-23,Video Network,Home Essentials Scale Initiative,Central Region Loyalty Cohort,18477671,Weekend Deal Hunters Interest Segment,356875118246388766,Price Drop Cut Direct Voice,130209791709779763,Brand Awareness,50.7,5296,0,3258,109,100,100,100,100,0,218,221,3256,0,0,0,94,842,0,0,0,0,0,0
2026-02-23,Influencer Network,Seasonal Select Promo Initiative,Central Region Loyalty Cohort,18477671,Weekend Deal Hunters Interest Segment,484085489835390472,Product Reel Warm Voice,292359501097108713,Brand Awareness,86.25,25238,0,25567,224,100,100,100,100,0,4486,4022,22180,1,0,0,50,13884,0,0,0,0,0,0
2026-02-23,Marketplace Feed,Market Fresh Demand Initiative,Central Region Loyalty Cohort,18477671,Weekend Deal Hunters Interest Segment,245474522745194337,Product Reel Warm Voice,140720495826771636,Brand Awareness,234.85,13786,0,5895,22,100,100,100,100,0,14660,13317,14342,0,0,0,16,14374,0,0,0,0,0,0
2026-02-23,In-App Display,Market Fresh Demand Initiative,Central Region Loyalty Cohort,18477671,Health Conscious Buyers Interest Segment,676675831987855878,Product Reel Warm Voice,138989131522274573,Brand Awareness,37.48,2624,0,520,9,100,100,100,100,0,2398,1966,2579,0,0,0,8,2289,0,0,0,0,0,0
2026-02-23,Affiliate Network,Home Essentials Scale Initiative,Central Region Loyalty Cohort,18477671,Weekend Deal Hunters Interest Segment,102671615296443303,Price Drop Cut Direct Voice,150163807914179990,Brand Awareness,119.90,13359,0,11418,1637,100,100,100,100,0,616,664,10995,0,0,0,792,5474,0,0,0,0,0,0
2026-02-23,Marketplace Feed,Home Essentials Scale Initiative,Central Region Loyalty Cohort,18477671,Quick Refill Buyers Retention Segment,474168499292566921,Price Drop Cut Direct Voice,938010153527196274,Brand Awareness,1.42,939,0,1152,18,0,5,0,0,0,0,0,18,0,0,0,13,17,0,0,0,0,0,0
2026-02-23,Video Network,Home Essentials Scale Initiative,Central Region Loyalty Cohort,18477671,Quick Refill Buyers Retention Segment,131872955368731773,Price Drop Cut Direct Voice,183025405773351046,Brand Awareness,2.87,254,0,183,15,5,24,11,6,0,10,8,159,0,0,0,12,40,0,0,0,0,0,0
2026-02-23,Retail Media Network,Home Essentials Scale Initiative,Central Region Loyalty Cohort,18477671,Bulk Buyers Retention Segment,165497790197034415,Price Drop Cut Direct Voice,171449224255083856,Brand Awareness,42.81,6912,0,5104,93,65,100,100,100,0,206,216,4829,0,0,0,69,1470,0,0,0,0,0,0
2026-02-23,Marketplace Feed,Seasonal Select Promo Initiative,Central Region Loyalty Cohort,18477671,Health Conscious Buyers Interest Segment,382588742082382028,Product Reel Warm Voice,171470996438234255,Brand Awareness,156.25,14739,0,11162,390,46,100,73,56,0,6866,6329,16692,2,0,0,256,10611,0,0,0,0,0,0
2026-02-23,Retail Media Network,Market Fresh Demand Initiative,Central Region Loyalty Cohort,18477671,Health Conscious Buyers Interest Segment,119750596205349546,Product Reel Warm Voice,168028342125258698,Brand Awareness,78.93,4528,0,2384,2,100,100,100,100,0,4533,3979,4567,0,0,0,2,4104,0,0,0,0,0,0
2026-02-23,Social Feed,Family Pantry Retention Initiative,Central Region Loyalty Cohort,18477671,Health Conscious Buyers Interest Segment,152570186958665035,Price Drop Cut Direct Voice,159922525784487162,Brand Awareness,0,0,0,0,0,0,0,0,0,0,0,0,0,0,0,0,0,0,0,0,0,0,0,0
2026-02-23,Connected TV,Seasonal Select Promo Initiative,Central Region Loyalty Cohort,18477671,Health Conscious Buyers Interest Segment,276856789850696694,Product Reel Warm Voice,307488523339100065,Brand Awareness,41.91,12626,0,12291,114,100,100,100,100,0,1977,1605,10193,0,0,0,22,5936,0,0,0,0,0,0
2026-02-23,Influencer Network,Home Essentials Scale Initiative,Central Region Loyalty Cohort,18477671,Weekend Deal Hunters Interest Segment,425581615203767678,Price Drop Cut Direct Voice,108795219178731166,Brand Awareness,40.11,4515,0,2493,102,74,100,100,87,0,150,131,2457,0,0,0,91,691,0,0,0,0,0,0
2026-02-22,Video Network,Seasonal Select Promo Initiative,Central Region Loyalty Cohort,18477671,Weekend Deal Hunters Interest Segment,181012655175308237,Shelf Story Bold Voice,125608499660276530,Brand Awareness,85.49,15341,0,13710,1046,100,100,100,100,0,831,676,9740,0,0,0,906,5512,0,0,0,0,0,0
2026-02-22,Discovery Network,Seasonal Select Promo Initiative,Central Region Loyalty Cohort,18477671,Weekend Deal Hunters Interest Segment,468881021107680250,Shelf Story Bold Voice,165315587996030172,Brand Awareness,19.20,4748,0,4274,293,46,100,100,85,0,162,117,2210,0,0,0,196,996,0,0,0,0,0,0
2026-02-22,Search Network,Home Essentials Scale Initiative,Central Region Loyalty Cohort,18477671,Weekend Deal Hunters Interest Segment,102671615296443303,Price Drop Cut Direct Voice,150163807914179990,Brand Awareness,84.56,13008,0,11463,1338,100,100,100,100,0,635,514,9210,0,0,1,819,3831,0,0,0,0,0,0
2026-02-22,In-App Display,Home Essentials Scale Initiative,Central Region Loyalty Cohort,18477671,Quick Refill Buyers Retention Segment,474168499292566921,Price Drop Cut Direct Voice,938010153527196274,Brand Awareness,1.3,1227,0,1034,17,0,5,2,0,0,1,1,28,0,0,0,12,24,0,0,0,0,0,0
2026-02-22,Marketplace Feed,Home Essentials Scale Initiative,Central Region Loyalty Cohort,18477671,Weekend Deal Hunters Interest Segment,356875118246388766,Price Drop Cut Direct Voice,130209791709779763,Brand Awareness,49.73,4888,0,3128,154,97,100,100,100,0,233,221,3175,0,0,0,147,857,0,0,0,0,0,0
2026-02-22,Social Feed,Home Essentials Scale Initiative,Central Region Loyalty Cohort,18477671,Weekend Deal Hunters Interest Segment,425581615203767678,Price Drop Cut Direct Voice,108795219178731166,Brand Awareness,42.51,3530,0,2310,87,93,100,100,100,0,192,196,2290,0,0,0,84,719,0,0,0,0,0,0
2026-02-22,Discovery Network,Home Essentials Scale Initiative,Central Region Loyalty Cohort,18477671,Bulk Buyers Retention Segment,165497790197034415,Price Drop Cut Direct Voice,171449224255083856,Brand Awareness,33.42,6367,0,4819,71,81,100,100,100,0,229,229,4644,0,0,0,41,1550,0,0,0,0,0,0
2026-02-22,Discovery Network,Seasonal Select Promo Initiative,Central Region Loyalty Cohort,18477671,Health Conscious Buyers Interest Segment,276856789850696694,Product Reel Warm Voice,307488523339100065,Brand Awareness,70.24,17905,0,19002,149,100,100,100,100,0,2920,2322,15523,1,0,0,30,9663,0,0,0,0,0,0
2026-02-22,Search Network,Seasonal Select Promo Initiative,Central Region Loyalty Cohort,18477671,Health Conscious Buyers Interest Segment,382588742082382028,Product Reel Warm Voice,171470996438234255,Brand Awareness,61.00,6505,0,5080,194,33,83,44,36,0,2870,2620,6971,0,0,0,108,3896,0,0,0,0,0,0
2026-02-22,Retail Media Network,Family Pantry Retention Initiative,Central Region Loyalty Cohort,18477671,Health Conscious Buyers Interest Segment,104294603796507830,Price Drop Cut Direct Voice,154255693389342398,Brand Awareness,3.16,1122,0,1013,18,100,100,100,100,0,228,214,1083,0,0,0,2,600,0,0,0,0,0,0
2026-02-22,Marketplace Feed,Home Essentials Scale Initiative,Central Region Loyalty Cohort,18477671,Weekend Deal Hunters Interest Segment,928297485290120790,Price Drop Cut Direct Voice,624349257864274485,Brand Awareness,42.64,19034,0,16823,596,57,100,100,100,0,217,194,2643,0,0,0,334,1633,0,0,0,0,0,0
2026-02-22,Marketplace Feed,Family Pantry Retention Initiative,Central Region Loyalty Cohort,18477671,Health Conscious Buyers Interest Segment,152570186958665035,Price Drop Cut Direct Voice,159922525784487162,Brand Awareness,87.78,31558,0,33982,385,100,100,100,100,0,8061,6783,33203,1,0,0,42,16150,0,0,0,0,0,0
2026-02-22,Search Network,Seasonal Select Promo Initiative,Central Region Loyalty Cohort,18477671,Quick Refill Buyers Retention Segment,717659910692420024,Shelf Story Bold Voice,707559239232170135,Brand Awareness,2.26,674,0,686,36,3,75,30,5,0,27,25,238,0,0,0,25,134,0,0,0,0,0,0
2026-02-22,In-App Display,Seasonal Select Promo Initiative,Central Region Loyalty Cohort,18477671,Weekend Deal Hunters Interest Segment,484085489835390472,Product Reel Warm Voice,292359501097108713,Brand Awareness,164.00,42408,0,47502,406,100,100,100,100,0,6946,6083,44414,0,0,0,93,24769,0,0,0,0,0,0
2026-02-22,Shopping Grid,Family Pantry Retention Initiative,Central Region Loyalty Cohort,18477671,Weekend Deal Hunters Interest Segment,727950974615329801,Price Drop Cut Direct Voice,124952364614517443,Brand Awareness,197.64,72917,0,89507,1003,100,100,100,100,0,19667,15932,80401,0,0,0,86,36051,0,0,0,0,0,0
2026-02-22,Marketplace Feed,Market Fresh Demand Initiative,Central Region Loyalty Cohort,18477671,Health Conscious Buyers Interest Segment,676675831987855878,Product Reel Warm Voice,138989131522274573,Brand Awareness,86.79,5864,0,855,11,100,100,100,100,0,6058,4966,5844,0,0,0,9,5460,0,0,0,0,0,0
2026-02-22,Influencer Network,Market Fresh Demand Initiative,Central Region Loyalty Cohort,18477671,Health Conscious Buyers Interest Segment,119750596205349546,Product Reel Warm Voice,168028342125258698,Brand Awareness,60.30,4680,0,2631,5,100,100,100,100,0,3615,3950,4469,0,0,0,2,3706,0,0,0,0,0,0
2026-02-22,Discovery Network,Market Fresh Demand Initiative,Central Region Loyalty Cohort,18477671,Weekend Deal Hunters Interest Segment,245474522745194337,Product Reel Warm Voice,140720495826771636,Brand Awareness,153.3,11968,0,6275,3,100,100,100,100,0,11009,8753,10502,0,0,0,3,10476,0,0,0,0,0,0
2026-02-22,Search Network,Home Essentials Scale Initiative,Central Region Loyalty Cohort,18477671,Quick Refill Buyers Retention Segment,131872955368731773,Price Drop Cut Direct Voice,183025405773351046,Brand Awareness,3.31,206,0,179,8,2,12,4,3,0,5,4,114,0,0,0,6,28,0,0,0,0,0,0
2026-02-21,Affiliate Network,Seasonal Select Promo Initiative,Central Region Loyalty Cohort,18477671,Quick Refill Buyers Retention Segment,717659910692420024,Shelf Story Bold Voice,707559239232170135,Brand Awareness,1.22,619,0,715,15,1,12,6,1,0,6,6,47,0,0,0,13,33,0,0,0,0,0,0
2026-02-21,Video Network,Family Pantry Retention Initiative,Central Region Loyalty Cohort,18477671,Weekend Deal Hunters Interest Segment,727950974615329801,Price Drop Cut Direct Voice,124952364614517443,Brand Awareness,235.63,75044,0,67435,930,100,100,100,100,0,15682,17678,65749,0,0,0,107,31613,0,0,0,0,0,0
2026-02-21,Video Network,Seasonal Select Promo Initiative,Central Region Loyalty Cohort,18477671,Weekend Deal Hunters Interest Segment,468881021107680250,Shelf Story Bold Voice,165315587996030172,Brand Awareness,21.66,4214,0,3518,287,70,100,100,100,0,174,159,2117,0,0,0,216,1242,0,0,0,0,0,0
2026-02-21,Search Network,Seasonal Select Promo Initiative,Central Region Loyalty Cohort,18477671,Weekend Deal Hunters Interest Segment,181012655175308237,Shelf Story Bold Voice,125608499660276530,Brand Awareness,85.22,16614,0,15944,1263,100,100,100,100,0,999,899,11108,0,0,0,947,5459,0,0,0,0,0,0
2026-02-21,Display Network,Home Essentials Scale Initiative,Central Region Loyalty Cohort,18477671,Quick Refill Buyers Retention Segment,131872955368731773,Price Drop Cut Direct Voice,183025405773351046,Brand Awareness,2.61,256,0,168,12,5,18,12,9,0,11,11,149,0,0,0,6,34,0,0,0,0,0,0
2026-02-21,Connected TV,Home Essentials Scale Initiative,Central Region Loyalty Cohort,18477671,Bulk Buyers Retention Segment,165497790197034415,Price Drop Cut Direct Voice,171449224255083856,Brand Awareness,58.14,8298,0,5977,124,100,100,100,100,0,259,211,4545,0,0,0,76,1552,0,0,0,0,0,0
2026-02-21,Display Network,Seasonal Select Promo Initiative,Central Region Loyalty Cohort,18477671,Health Conscious Buyers Interest Segment,276856789850696694,Product Reel Warm Voice,307488523339100065,Brand Awareness,92.82,31734,0,31519,263,100,100,100,100,0,4821,3957,26409,0,0,0,28,16320,0,0,0,0,0,0
2026-02-21,Influencer Network,Seasonal Select Promo Initiative,Central Region Loyalty Cohort,18477671,Weekend Deal Hunters Interest Segment,484085489835390472,Product Reel Warm Voice,292359501097108713,Brand Awareness,219.5,64850,0,60930,646,100,100,100,100,0,10835,9326,61399,0,0,0,103,28941,0,0,0,0,0,0
2026-02-21,Display Network,Market Fresh Demand Initiative,Central Region Loyalty Cohort,18477671,Weekend Deal Hunters Interest Segment,245474522745194337,Product Reel Warm Voice,140720495826771636,Brand Awareness,136.13,9584,0,5272,19,100,100,100,100,0,8208,8458,9664,0,0,0,14,8554,0,0,0,0,0,0
2026-02-21,Social Feed,Home Essentials Scale Initiative,Central Region Loyalty Cohort,18477671,Weekend Deal Hunters Interest Segment,102671615296443303,Price Drop Cut Direct Voice,150163807914179990,Brand Awareness,114.91,13902,0,16012,1612,100,100,100,100,0,657,582,12717,0,0,0,972,5632,0,0,0,0,0,0
2026-02-21,Marketplace Feed,Home Essentials Scale Initiative,Central Region Loyalty Cohort,18477671,Weekend Deal Hunters Interest Segment,928297485290120790,Price Drop Cut Direct Voice,624349257864274485,Brand Awareness,33.87,14822,0,17523,438,43,100,100,86,0,135,119,2341,0,0,0,282,1225,0,0,0,0,0,0
2026-02-21,Retail Media Network,Home Essentials Scale Initiative,Central Region Loyalty Cohort,18477671,Quick Refill Buyers Retention Segment,474168499292566921,Price Drop Cut Direct Voice,938010153527196274,Brand Awareness,0.31,145,0,169,3,1,6,4,2,0,4,3,19,0,0,0,2,11,0,0,0,0,0,0
2026-02-21,Video Network,Home Essentials Scale Initiative,Central Region Loyalty Cohort,18477671,Weekend Deal Hunters Interest Segment,425581615203767678,Price Drop Cut Direct Voice,108795219178731166,Brand Awareness,49.25,3158,0,2400,90,68,100,100,82,0,137,132,2344,0,0,0,97,582,0,0,0,0,0,0
2026-02-21,Affiliate Network,Seasonal Select Promo Initiative,Central Region Loyalty Cohort,18477671,Health Conscious Buyers Interest Segment,382588742082382028,Product Reel Warm Voice,171470996438234255,Brand Awareness,19.22,1838,0,1738,37,16,45,18,15,0,833,811,2073,0,0,0,26,1312,0,0,0,0,0,0
2026-02-21,In-App Display,Family Pantry Retention Initiative,Central Region Loyalty Cohort,18477671,Health Conscious Buyers Interest Segment,104294603796507830,Price Drop Cut Direct Voice,154255693389342398,Brand Awareness,3.74,731,0,910,13,100,100,100,100,0,216,191,802,0,0,0,0,538,0,0,0,0,0,0
2026-02-21,Influencer Network,Market Fresh Demand Initiative,Central Region Loyalty Cohort,18477671,Health Conscious Buyers Interest Segment,676675831987855878,Product Reel Warm Voice,138989131522274573,Brand Awareness,94.8,7493,0,5096,124,100,100,100,100,0,4527,4024,7853,1,0,0,73,4707,0,0,0,0,0,0
2026-02-21,Connected TV,Market Fresh Demand Initiative,Central Region Loyalty Cohort,18477671,Health Conscious Buyers Interest Segment,119750596205349546,Product Reel Warm Voice,168028342125258698,Brand Awareness,38.52,3350,0,2414,19,100,100,100,100,0,2607,2417,3179,0,0,0,13,2595,0,0,0,0,0,0
2026-02-21,Social Feed,Smart Choice Impact Initiative,Central Region Loyalty Cohort,18477671,Weekend Deal Hunters Interest Segment,183749570056400609,Shelf Story Bold Voice,165840257748609485,Brand Awareness,0,0,0,0,0,0,0,0,0,0,0,0,0,0,0,0,0,0,0,0,0,0,0,0
2026-02-21,In-App Display,Family Pantry Retention Initiative,Central Region Loyalty Cohort,18477671,Health Conscious Buyers Interest Segment,152570186958665035,Price Drop Cut Direct Voice,159922525784487162,Brand Awareness,85.43,31989,0,32102,457,100,100,100,100,0,8113,7060,27345,0,0,0,53,14351,0,0,0,0,0,0
2026-02-21,Display Network,Home Essentials Scale Initiative,Central Region Loyalty Cohort,18477671,Weekend Deal Hunters Interest Segment,356875118246388766,Price Drop Cut Direct Voice,130209791709779763,Brand Awareness,36.32,3354,0,2170,98,47,100,100,66,0,103,89,2045,0,0,0,73,585,0,0,0,0,0,0
2026-02-20,Search Network,Seasonal Select Promo Initiative,Central Region Loyalty Cohort,18477671,Weekend Deal Hunters Interest Segment,468881021107680250,Shelf Story Bold Voice,165315587996030172,Brand Awareness,11.74,2979,0,2510,180,42,100,100,75,0,122,135,1567,0,0,0,143,1005,0,0,0,0,0,0
2026-02-20,Search Network,Seasonal Select Promo Initiative,Central Region Loyalty Cohort,18477671,Weekend Deal Hunters Interest Segment,181012655175308237,Shelf Story Bold Voice,125608499660276530,Brand Awareness,88.82,17388,0,15456,1282,100,100,100,100,0,980,901,9183,0,0,0,925,6465,0,0,0,0,0,0
2026-02-20,Affiliate Network,Seasonal Select Promo Initiative,Central Region Loyalty Cohort,18477671,Quick Refill Buyers Retention Segment,717659910692420024,Shelf Story Bold Voice,707559239232170135,Brand Awareness,1.29,730,0,834,19,4,19,10,6,0,10,8,48,0,0,0,11,36,0,0,0,0,0,0
2026-02-20,Video Network,Home Essentials Scale Initiative,Central Region Loyalty Cohort,18477671,Quick Refill Buyers Retention Segment,474168499292566921,Price Drop Cut Direct Voice,938010153527196274,Brand Awareness,1.32,981,0,888,15,0,7,3,0,0,3,3,12,0,0,0,15,18,0,0,0,0,0,0
2026-02-20,Connected TV,Home Essentials Scale Initiative,Central Region Loyalty Cohort,18477671,Weekend Deal Hunters Interest Segment,356875118246388766,Price Drop Cut Direct Voice,130209791709779763,Brand Awareness,43.34,4169,0,2396,144,64,100,100,100,0,207,162,2215,0,0,0,122,614,0,0,0,0,0,0
2026-02-20,Shopping Grid,Home Essentials Scale Initiative,Central Region Loyalty Cohort,18477671,Bulk Buyers Retention Segment,165497790197034415,Price Drop Cut Direct Voice,171449224255083856,Brand Awareness,33.47,6928,0,3813,108,82,100,100,100,0,229,176,3500,0,0,0,78,1104,0,0,0,0,0,0
2026-02-20,Shopping Grid,Seasonal Select Promo Initiative,Central Region Loyalty Cohort,18477671,Health Conscious Buyers Interest Segment,276856789850696694,Product Reel Warm Voice,307488523339100065,Brand Awareness,117.06,25236,0,28886,420,100,100,100,100,0,5971,4920,22752,0,0,0,119,15158,0,0,0,0,0,0
2026-02-20,Search Network,Family Pantry Retention Initiative,Central Region Loyalty Cohort,18477671,Weekend Deal Hunters Interest Segment,727950974615329801,Price Drop Cut Direct Voice,124952364614517443,Brand Awareness,164.94,53063,0,54678,912,100,100,100,100,0,13602,13996,50996,0,0,0,85,30369,0,0,0,0,0,0
2026-02-20,Marketplace Feed,Market Fresh Demand Initiative,Central Region Loyalty Cohort,18477671,Weekend Deal Hunters Interest Segment,245474522745194337,Product Reel Warm Voice,140720495826771636,Brand Awareness,46.51,5320,0,5505,59,100,100,100,100,0,2234,2308,5303,0,0,0,27,3735,0,0,0,0,0,0
2026-02-20,Marketplace Feed,Market Fresh Demand Initiative,Central Region Loyalty Cohort,18477671,Health Conscious Buyers Interest Segment,676675831987855878,Product Reel Warm Voice,138989131522274573,Brand Awareness,59.32,8358,0,8305,193,100,100,100,100,0,2845,2651,7439,2,0,0,102,4668,0,0,0,0,0,0
2026-02-20,Display Network,Market Fresh Demand Initiative,Central Region Loyalty Cohort,18477671,Health Conscious Buyers Interest Segment,119750596205349546,Product Reel Warm Voice,168028342125258698,Brand Awareness,102.35,18354,0,17758,225,100,100,100,100,0,5108,5297,16406,0,0,0,127,8093,0,0,0,0,0,0
2026-02-20,Display Network,Smart Choice Impact Initiative,Central Region Loyalty Cohort,18477671,Weekend Deal Hunters Interest Segment,110082916181382776,Shelf Story Bold Voice,967111776806546494,Brand Awareness,0,0,0,0,0,0,0,0,0,0,0,0,0,0,0,0,0,0,0,0,0,0,0,0
2026-02-20,Retail Media Network,Home Essentials Scale Initiative,Central Region Loyalty Cohort,18477671,Weekend Deal Hunters Interest Segment,102671615296443303,Price Drop Cut Direct Voice,150163807914179990,Brand Awareness,114.75,15890,0,14446,1527,100,100,100,100,0,877,641,10727,1,0,0,900,5617,0,0,0,0,0,0
2026-02-20,In-App Display,Home Essentials Scale Initiative,Central Region Loyalty Cohort,18477671,Weekend Deal Hunters Interest Segment,928297485290120790,Price Drop Cut Direct Voice,624349257864274485,Brand Awareness,17.73,2316,0,2343,273,47,100,100,67,0,131,105,1777,0,0,0,151,1009,0,0,0,0,0,0
2026-02-20,Affiliate Network,Home Essentials Scale Initiative,Central Region Loyalty Cohort,18477671,Quick Refill Buyers Retention Segment,131872955368731773,Price Drop Cut Direct Voice,183025405773351046,Brand Awareness,2.7,256,0,161,9,3,9,7,2,0,5,5,111,0,0,0,9,27,0,0,0,0,0,0
2026-02-20,Discovery Network,Home Essentials Scale Initiative,Central Region Loyalty Cohort,18477671,Weekend Deal Hunters Interest Segment,425581615203767678,Price Drop Cut Direct Voice,108795219178731166,Brand Awareness,43.1,3884,0,1926,101,91,100,100,97,0,174,148,1978,0,0,0,92,638,0,0,0,0,0,0
2026-02-20,Video Network,Seasonal Select Promo Initiative,Central Region Loyalty Cohort,18477671,Health Conscious Buyers Interest Segment,382588742082382028,Product Reel Warm Voice,171470996438234255,Brand Awareness,19.52,1910,0,2141,42,6,19,9,8,0,962,796,2038,0,0,0,26,1472,0,0,0,0,0,0
2026-02-20,Social Feed,Seasonal Select Promo Initiative,Central Region Loyalty Cohort,18477671,Weekend Deal Hunters Interest Segment,484085489835390472,Product Reel Warm Voice,292359501097108713,Brand Awareness,89.89,18053,0,18615,314,100,100,100,100,0,4130,3252,18037,1,0,0,60,11205,0,0,0,0,0,0
2026-02-20,Retail Media Network,Family Pantry Retention Initiative,Central Region Loyalty Cohort,18477671,Health Conscious Buyers Interest Segment,104294603796507830,Price Drop Cut Direct Voice,154255693389342398,Brand Awareness,3.66,993,0,964,13,100,100,100,100,0,298,257,896,0,0,0,0,671,0,0,0,0,0,0
2026-02-20,Influencer Network,Family Pantry Retention Initiative,Central Region Loyalty Cohort,18477671,Health Conscious Buyers Interest Segment,152570186958665035,Price Drop Cut Direct Voice,159922525784487162,Brand Awareness,69.24,24507,0,26085,319,100,100,100,100,0,6576,5963,21749,0,0,1,51,11974,0,0,0,0,0,0
2026-02-19,In-App Display,Home Essentials Scale Initiative,Central Region Loyalty Cohort,18477671,Weekend Deal Hunters Interest Segment,425581615203767678,Price Drop Cut Direct Voice,108795219178731166,Brand Awareness,40.23,3527,0,2493,81,60,100,100,78,0,175,144,2106,0,0,0,76,482,0,0,0,0,0,0
2026-02-19,Influencer Network,Home Essentials Scale Initiative,Central Region Loyalty Cohort,18477671,Bulk Buyers Retention Segment,165497790197034415,Price Drop Cut Direct Voice,171449224255083856,Brand Awareness,49.20,7139,0,5323,96,56,100,100,86,0,207,188,3882,0,0,0,85,1084,0,0,0,0,0,0
2026-02-19,Affiliate Network,Seasonal Select Promo Initiative,Central Region Loyalty Cohort,18477671,Weekend Deal Hunters Interest Segment,468881021107680250,Shelf Story Bold Voice,165315587996030172,Brand Awareness,17.46,3282,0,3492,205,51,100,100,82,0,204,156,2230,0,0,0,170,1260,0,0,0,0,0,0
2026-02-19,Video Network,Seasonal Select Promo Initiative,Central Region Loyalty Cohort,18477671,Quick Refill Buyers Retention Segment,717659910692420024,Shelf Story Bold Voice,707559239232170135,Brand Awareness,1.06,211,0,202,13,1,42,15,4,0,15,15,98,0,0,0,7,58,0,0,0,0,0,0
2026-02-19,Connected TV,Home Essentials Scale Initiative,Central Region Loyalty Cohort,18477671,Weekend Deal Hunters Interest Segment,102671615296443303,Price Drop Cut Direct Voice,150163807914179990,Brand Awareness,99.6,15971,0,13514,1513,100,100,100,100,0,802,617,9562,0,0,0,1044,5047,0,0,0,0,0,0
2026-02-19,Shopping Grid,Home Essentials Scale Initiative,Central Region Loyalty Cohort,18477671,Quick Refill Buyers Retention Segment,474168499292566921,Price Drop Cut Direct Voice,938010153527196274,Brand Awareness,1.65,1428,0,1190,19,0,10,5,0,0,4,4,19,0,0,0,17,25,0,0,0,0,0,0
2026-02-19,Connected TV,Home Essentials Scale Initiative,Central Region Loyalty Cohort,18477671,Quick Refill Buyers Retention Segment,131872955368731773,Price Drop Cut Direct Voice,183025405773351046,Brand Awareness,2.47,287,0,184,8,2,19,7,3,0,8,6,118,0,0,0,8,30,0,0,0,0,0,0
2026-02-19,Marketplace Feed,Family Pantry Retention Initiative,Central Region Loyalty Cohort,18477671,Health Conscious Buyers Interest Segment,104294603796507830,Price Drop Cut Direct Voice,154255693389342398,Brand Awareness,4.7,1204,0,1410,33,100,100,100,100,0,380,346,1135,0,0,0,1,836,0,0,0,0,0,0
2026-02-19,Discovery Network,Family Pantry Retention Initiative,Central Region Loyalty Cohort,18477671,Health Conscious Buyers Interest Segment,152570186958665035,Price Drop Cut Direct Voice,159922525784487162,Brand Awareness,97.59,32469,0,39175,429,100,100,100,100,0,9345,7185,36921,0,0,0,43,17711,0,0,0,0,0,0
2026-02-19,Social Feed,Family Pantry Retention Initiative,Central Region Loyalty Cohort,18477671,Weekend Deal Hunters Interest Segment,727950974615329801,Price Drop Cut Direct Voice,124952364614517443,Brand Awareness,190.72,59143,0,58475,829,100,100,100,100,0,16763,15511,59065,0,0,0,60,29256,0,0,0,0,0,0
2026-02-19,Affiliate Network,Smart Choice Impact Initiative,Central Region Loyalty Cohort,18477671,Weekend Deal Hunters Interest Segment,110082916181382776,Shelf Story Bold Voice,967111776806546494,Brand Awareness,0,0,0,0,0,0,0,0,0,0,0,0,0,0,0,0,0,0,0,0,0,0,0,0
2026-02-19,Marketplace Feed,Smart Choice Impact Initiative,Central Region Loyalty Cohort,18477671,Weekend Deal Hunters Interest Segment,183749570056400609,Shelf Story Bold Voice,165840257748609485,Brand Awareness,0,0,0,0,0,0,0,0,0,0,0,0,0,0,0,0,0,0,0,0,0,0,0,0
2026-02-19,Affiliate Network,Smart Choice Impact Initiative,Central Region Loyalty Cohort,18477671,Bulk Buyers Retention Segment,272613059943274108,Shelf Story Bold Voice,117102931113310336,Brand Awareness,0,0,0,0,0,0,0,0,0,0,0,0,0,0,0,0,0,0,0,0,0,0,0,0
2026-02-19,Search Network,Seasonal Select Promo Initiative,Central Region Loyalty Cohort,18477671,Weekend Deal Hunters Interest Segment,181012655175308237,Shelf Story Bold Voice,125608499660276530,Brand Awareness,98.06,17130,0,15073,1392,100,100,100,100,0,963,790,8641,0,0,0,1107,6082,0,0,0,0,0,0
2026-02-19,In-App Display,Home Essentials Scale Initiative,Central Region Loyalty Cohort,18477671,Weekend Deal Hunters Interest Segment,928297485290120790,Price Drop Cut Direct Voice,624349257864274485,Brand Awareness,15.0,2487,0,3093,276,38,100,100,58,0,116,115,1613,0,0,0,123,780,0,0,0,0,0,0
2026-02-19,Video Network,Home Essentials Scale Initiative,Central Region Loyalty Cohort,18477671,Weekend Deal Hunters Interest Segment,356875118246388766,Price Drop Cut Direct Voice,130209791709779763,Brand Awareness,43.22,3968,0,2782,120,78,100,100,96,0,162,152,2299,0,0,0,106,585,0,0,0,0,0,0
2026-02-18,Shopping Grid,Home Essentials Scale Initiative,Central Region Loyalty Cohort,18477671,Weekend Deal Hunters Interest Segment,928297485290120790,Price Drop Cut Direct Voice,624349257864274485,Brand Awareness,12.5,1435,0,1785,177,15,100,84,33,0,74,64,1169,0,0,0,96,626,0,0,0,0,0,0
2026-02-18,Retail Media Network,Home Essentials Scale Initiative,Central Region Loyalty Cohort,18477671,Weekend Deal Hunters Interest Segment,102671615296443303,Price Drop Cut Direct Voice,150163807914179990,Brand Awareness,139.44,16435,0,17940,1867,100,100,100,100,0,678,595,11252,0,0,0,898,5458,0,0,0,0,0,0
2026-02-18,Search Network,Home Essentials Scale Initiative,Central Region Loyalty Cohort,18477671,Quick Refill Buyers Retention Segment,474168499292566921,Price Drop Cut Direct Voice,938010153527196274,Brand Awareness,1.07,904,0,945,11,1,7,3,1,0,2,2,18,0,0,0,9,17,0,0,0,0,0,0
2026-02-18,Social Feed,Home Essentials Scale Initiative,Central Region Loyalty Cohort,18477671,Weekend Deal Hunters Interest Segment,356875118246388766,Price Drop Cut Direct Voice,130209791709779763,Brand Awareness,43.42,4054,0,2176,80,85,100,100,98,0,163,182,2555,0,0,0,79,549,0,0,0,0,0,0
2026-02-18,Search Network,Family Pantry Retention Initiative,Central Region Loyalty Cohort,18477671,Health Conscious Buyers Interest Segment,104294603796507830,Price Drop Cut Direct Voice,154255693389342398,Brand Awareness,5.59,1489,0,1954,40,100,100,100,100,0,437,416,1462,0,0,0,6,1078,0,0,0,0,0,0
2026-02-18,Affiliate Network,Smart Choice Impact Initiative,Central Region Loyalty Cohort,18477671,Weekend Deal Hunters Interest Segment,110082916181382776,Shelf Story Bold Voice,967111776806546494,Brand Awareness,0,0,0,0,0,0,0,0,0,0,0,0,0,0,0,0,0,0,0,0,0,0,0,0
2026-02-18,Shopping Grid,Smart Choice Impact Initiative,Central Region Loyalty Cohort,18477671,Weekend Deal Hunters Interest Segment,995854154678995860,Shelf Story Bold Voice,133473027723513405,Brand Awareness,0,0,0,0,0,0,0,0,0,0,0,0,0,0,0,0,0,0,0,0,0,0,0,0
2026-02-18,Retail Media Network,Seasonal Select Promo Initiative,Central Region Loyalty Cohort,18477671,Weekend Deal Hunters Interest Segment,468881021107680250,Shelf Story Bold Voice,165315587996030172,Brand Awareness,19.68,2915,0,3080,239,68,100,100,100,0,198,157,1899,0,0,0,196,1079,0,0,0,0,0,0
2026-02-18,Marketplace Feed,Seasonal Select Promo Initiative,Central Region Loyalty Cohort,18477671,Weekend Deal Hunters Interest Segment,181012655175308237,Shelf Story Bold Voice,125608499660276530,Brand Awareness,88.24,14685,0,10828,1197,100,100,100,100,0,739,707,7386,0,0,0,781,5328,0,0,0,0,0,0
2026-02-18,Influencer Network,Seasonal Select Promo Initiative,Central Region Loyalty Cohort,18477671,Quick Refill Buyers Retention Segment,717659910692420024,Shelf Story Bold Voice,707559239232170135,Brand Awareness,1.94,1684,0,1605,26,1,22,8,2,0,9,7,60,0,0,0,17,43,0,0,0,0,0,0
2026-02-18,Marketplace Feed,Home Essentials Scale Initiative,Central Region Loyalty Cohort,18477671,Quick Refill Buyers Retention Segment,131872955368731773,Price Drop Cut Direct Voice,183025405773351046,Brand Awareness,1.28,191,0,127,6,5,23,11,6,0,11,9,101,0,0,0,5,30,0,0,0,0,0,0
2026-02-18,Connected TV,Home Essentials Scale Initiative,Central Region Loyalty Cohort,18477671,Weekend Deal Hunters Interest Segment,425581615203767678,Price Drop Cut Direct Voice,108795219178731166,Brand Awareness,48.32,3985,0,2749,97,88,100,100,100,0,176,159,2260,0,0,0,103,671,0,0,0,0,0,0
2026-02-18,Retail Media Network,Home Essentials Scale Initiative,Central Region Loyalty Cohort,18477671,Bulk Buyers Retention Segment,165497790197034415,Price Drop Cut Direct Voice,171449224255083856,Brand Awareness,35.80,6993,0,5760,119,88,100,100,100,0,208,216,4410,0,0,0,79,1247,0,0,0,0,0,0
2026-02-18,Affiliate Network,Family Pantry Retention Initiative,Central Region Loyalty Cohort,18477671,Health Conscious Buyers Interest Segment,152570186958665035,Price Drop Cut Direct Voice,159922525784487162,Brand Awareness,97.46,43848,0,46253,468,100,100,100,100,0,10883,8122,34757,0,0,0,45,19381,0,0,0,0,0,0
2026-02-18,Retail Media Network,Family Pantry Retention Initiative,Central Region Loyalty Cohort,18477671,Weekend Deal Hunters Interest Segment,727950974615329801,Price Drop Cut Direct Voice,124952364614517443,Brand Awareness,142.71,60799,0,61877,863,100,100,100,100,0,13313,13673,49915,1,0,0,84,28572,0,0,0,0,0,0
2026-02-18,Video Network,Smart Choice Impact Initiative,Central Region Loyalty Cohort,18477671,Weekend Deal Hunters Interest Segment,270646603276678490,Shelf Story Bold Voice,110689689531150795,Brand Awareness,0,0,0,0,0,0,0,0,0,0,0,0,0,0,0,0,0,0,0,0,0,0,0,0
2026-02-18,Affiliate Network,Smart Choice Impact Initiative,Central Region Loyalty Cohort,18477671,Bulk Buyers Retention Segment,272613059943274108,Shelf Story Bold Voice,117102931113310336,Brand Awareness,0,0,0,0,0,0,0,0,0,0,0,0,0,0,0,0,0,0,0,0,0,0,0,0
2026-02-18,Video Network,Smart Choice Impact Initiative,Central Region Loyalty Cohort,18477671,Weekend Deal Hunters Interest Segment,183749570056400609,Shelf Story Bold Voice,165840257748609485,Brand Awareness,0,0,0,0,0,0,0,0,0,0,0,0,0,0,0,0,0,0,0,0,0,0,0,0
2026-02-17,In-App Display,Home Essentials Scale Initiative,Central Region Loyalty Cohort,18477671,Bulk Buyers Retention Segment,165497790197034415,Price Drop Cut Direct Voice,171449224255083856,Brand Awareness,34.72,5259,0,2886,61,31,100,100,55,0,100,112,2713,1,0,0,44,645,0,0,0,0,0,0
2026-02-17,Social Feed,Seasonal Select Promo Initiative,Central Region Loyalty Cohort,18477671,Weekend Deal Hunters Interest Segment,181012655175308237,Shelf Story Bold Voice,125608499660276530,Brand Awareness,79.30,13251,0,12455,1240,100,100,100,100,0,713,617,6974,0,0,0,843,4277,0,0,0,0,0,0
2026-02-17,Shopping Grid,Home Essentials Scale Initiative,Central Region Loyalty Cohort,18477671,Weekend Deal Hunters Interest Segment,102671615296443303,Price Drop Cut Direct Voice,150163807914179990,Brand Awareness,120.6,12979,0,13262,1636,100,100,100,100,0,590,551,9841,0,0,0,802,4238,0,0,0,0,0,0
2026-02-17,Shopping Grid,Home Essentials Scale Initiative,Central Region Loyalty Cohort,18477671,Weekend Deal Hunters Interest Segment,928297485290120790,Price Drop Cut Direct Voice,624349257864274485,Brand Awareness,14.8,1696,0,1775,198,31,100,100,43,0,79,76,1477,0,0,0,101,594,0,0,0,0,0,0
2026-02-17,Search Network,Home Essentials Scale Initiative,Central Region Loyalty Cohort,18477671,Quick Refill Buyers Retention Segment,474168499292566921,Price Drop Cut Direct Voice,938010153527196274,Brand Awareness,0.2,201,0,210,0,0,1,0,0,0,0,0,3,0,0,0,0,1,0,0,0,0,0,0
2026-02-17,Connected TV,Home Essentials Scale Initiative,Central Region Loyalty Cohort,18477671,Weekend Deal Hunters Interest Segment,356875118246388766,Price Drop Cut Direct Voice,130209791709779763,Brand Awareness,62.33,4833,0,2240,71,59,100,100,70,0,160,123,2399,0,0,0,75,600,0,0,0,0,0,0
2026-02-17,Social Feed,Family Pantry Retention Initiative,Central Region Loyalty Cohort,18477671,Health Conscious Buyers Interest Segment,154735410612147391,Product Reel Warm Voice,635049348514449190,Brand Awareness,25.88,2701,0,2089,51,100,100,100,100,0,1045,1021,2631,0,0,0,18,1826,0,0,0,0,0,0
2026-02-17,Search Network,Family Pantry Retention Initiative,Central Region Loyalty Cohort,18477671,Weekend Deal Hunters Interest Segment,173923704738795937,Product Reel Warm Voice,790424522542827432,Brand Awareness,122.63,9070,0,4151,39,100,100,100,100,0,7319,6549,9207,0,0,0,18,8010,0,0,0,0,0,0
2026-02-17,Social Feed,Family Pantry Retention Initiative,Central Region Loyalty Cohort,18477671,Health Conscious Buyers Interest Segment,104294603796507830,Price Drop Cut Direct Voice,154255693389342398,Brand Awareness,5.70,1703,0,1615,24,100,100,100,100,0,429,430,1517,0,0,0,2,922,0,0,0,0,0,0
2026-02-17,Connected TV,Family Pantry Retention Initiative,Central Region Loyalty Cohort,18477671,Weekend Deal Hunters Interest Segment,727950974615329801,Price Drop Cut Direct Voice,124952364614517443,Brand Awareness,110.35,43623,0,37096,469,100,100,100,100,0,12951,11998,36120,0,0,1,39,21266,0,0,0,0,0,0
2026-02-17,Social Feed,Seasonal Select Promo Initiative,Central Region Loyalty Cohort,18477671,Weekend Deal Hunters Interest Segment,468881021107680250,Shelf Story Bold Voice,165315587996030172,Brand Awareness,18.91,3885,0,3723,274,51,100,100,75,0,164,178,1743,0,0,0,177,1290,0,0,0,0,0,0
2026-02-17,Video Network,Seasonal Select Promo Initiative,Central Region Loyalty Cohort,18477671,Quick Refill Buyers Retention Segment,717659910692420024,Shelf Story Bold Voice,707559239232170135,Brand Awareness,1.16,869,0,787,15,1,13,4,2,0,3,3,41,0,0,0,9,25,0,0,0,0,0,0
2026-02-17,Display Network,Home Essentials Scale Initiative,Central Region Loyalty Cohort,18477671,Quick Refill Buyers Retention Segment,131872955368731773,Price Drop Cut Direct Voice,183025405773351046,Brand Awareness,0.45,40,0,35,1,0,4,3,0,0,2,2,19,0,0,0,0,3,0,0,0,0,0,0
2026-02-17,Marketplace Feed,Home Essentials Scale Initiative,Central Region Loyalty Cohort,18477671,Weekend Deal Hunters Interest Segment,425581615203767678,Price Drop Cut Direct Voice,108795219178731166,Brand Awareness,44.51,3434,0,2380,80,61,100,100,68,0,127,111,2300,0,0,0,64,436,0,0,0,0,0,0
2026-02-17,In-App Display,Family Pantry Retention Initiative,Central Region Loyalty Cohort,18477671,Health Conscious Buyers Interest Segment,345099738755347974,Product Reel Warm Voice,392623605042961520,Brand Awareness,125.06,8238,0,4123,26,100,100,100,100,0,6881,7062,8732,0,0,0,12,6283,0,0,0,0,0,0
2026-02-17,In-App Display,Family Pantry Retention Initiative,Central Region Loyalty Cohort,18477671,Health Conscious Buyers Interest Segment,152570186958665035,Price Drop Cut Direct Voice,159922525784487162,Brand Awareness,156.19,50781,0,55805,640,100,100,100,100,0,14131,13054,48502,1,0,0,68,29714,0,0,0,0,0,0
2026-02-17,Search Network,Smart Choice Impact Initiative,Central Region Loyalty Cohort,18477671,Weekend Deal Hunters Interest Segment,110082916181382776,Shelf Story Bold Voice,967111776806546494,Brand Awareness,0,0,0,0,0,0,0,0,0,0,0,0,0,0,0,0,0,0,0,0,0,0,0,0
2026-02-16,Connected TV,Seasonal Select Promo Initiative,Central Region Loyalty Cohort,18477671,Weekend Deal Hunters Interest Segment,468881021107680250,Shelf Story Bold Voice,165315587996030172,Brand Awareness,29.20,4236,0,3814,343,74,100,100,100,0,190,188,2528,0,0,0,245,1567,0,0,0,0,0,0
2026-02-16,Discovery Network,Seasonal Select Promo Initiative,Central Region Loyalty Cohort,18477671,Weekend Deal Hunters Interest Segment,181012655175308237,Shelf Story Bold Voice,125608499660276530,Brand Awareness,87.25,12711,0,10863,1073,100,100,100,100,0,615,599,6784,0,0,0,934,4261,0,0,0,0,0,0
2026-02-16,Retail Media Network,Seasonal Select Promo Initiative,Central Region Loyalty Cohort,18477671,Quick Refill Buyers Retention Segment,717659910692420024,Shelf Story Bold Voice,707559239232170135,Brand Awareness,0.64,112,0,132,5,0,6,1,0,0,1,1,16,0,0,0,4,14,0,0,0,0,0,0
2026-02-16,Influencer Network,Home Essentials Scale Initiative,Central Region Loyalty Cohort,18477671,Weekend Deal Hunters Interest Segment,102671615296443303,Price Drop Cut Direct Voice,150163807914179990,Brand Awareness,119.74,14189,0,11107,1605,100,100,100,100,0,561,517,9520,0,0,0,1020,4758,0,0,0,0,0,0
2026-02-16,Influencer Network,Home Essentials Scale Initiative,Central Region Loyalty Cohort,18477671,Weekend Deal Hunters Interest Segment,928297485290120790,Price Drop Cut Direct Voice,624349257864274485,Brand Awareness,11.01,1166,0,1321,142,25,100,100,42,0,62,64,1046,0,0,0,100,488,0,0,0,0,0,0
2026-02-16,Social Feed,Home Essentials Scale Initiative,Central Region Loyalty Cohort,18477671,Quick Refill Buyers Retention Segment,131872955368731773,Price Drop Cut Direct Voice,183025405773351046,Brand Awareness,0.18,19,0,15,0,0,0,0,0,0,0,0,9,0,0,0,0,0,0,0,0,0,0,0
2026-02-16,Search Network,Home Essentials Scale Initiative,Central Region Loyalty Cohort,18477671,Weekend Deal Hunters Interest Segment,356875118246388766,Price Drop Cut Direct Voice,130209791709779763,Brand Awareness,53.05,3876,0,2311,66,100,100,100,100,0,267,208,2059,0,0,0,55,587,0,0,0,0,0,0
2026-02-16,Connected TV,Home Essentials Scale Initiative,Central Region Loyalty Cohort,18477671,Weekend Deal Hunters Interest Segment,425581615203767678,Price Drop Cut Direct Voice,108795219178731166,Brand Awareness,61.86,4007,0,1796,74,82,100,100,96,0,182,156,2239,0,0,0,60,507,0,0,0,0,0,0
2026-02-16,Discovery Network,Home Essentials Scale Initiative,Central Region Loyalty Cohort,18477671,Bulk Buyers Retention Segment,165497790197034415,Price Drop Cut Direct Voice,171449224255083856,Brand Awareness,38.71,4905,0,3008,44,39,100,100,65,0,140,141,2341,0,0,0,27,571,0,0,0,0,0,0
2026-02-16,In-App Display,Family Pantry Retention Initiative,Central Region Loyalty Cohort,18477671,Weekend Deal Hunters Interest Segment,173923704738795937,Product Reel Warm Voice,790424522542827432,Brand Awareness,90.38,5437,0,3100,25,100,100,100,100,0,4987,4574,5139,0,0,0,13,5265,0,0,0,0,0,0
2026-02-16,Influencer Network,Family Pantry Retention Initiative,Central Region Loyalty Cohort,18477671,Health Conscious Buyers Interest Segment,104294603796507830,Price Drop Cut Direct Voice,154255693389342398,Brand Awareness,3.54,448,0,442,4,100,100,100,100,0,192,173,424,0,0,0,2,320,0,0,0,0,0,0
2026-02-16,Connected TV,Family Pantry Retention Initiative,Central Region Loyalty Cohort,18477671,Health Conscious Buyers Interest Segment,152570186958665035,Price Drop Cut Direct Voice,159922525784487162,Brand Awareness,205.92,25400,0,29120,509,100,100,100,100,0,12476,10960,30198,0,0,0,49,17995,0,0,0,0,0,0
2026-02-16,Affiliate Network,Smart Choice Impact Initiative,Central Region Loyalty Cohort,18477671,Weekend Deal Hunters Interest Segment,995854154678995860,Shelf Story Bold Voice,133473027723513405,Brand Awareness,0,0,0,0,0,0,0,0,0,0,0,0,0,0,0,0,0,0,0,0,0,0,0,0
2026-02-16,Social Feed,Smart Choice Impact Initiative,Central Region Loyalty Cohort,18477671,Weekend Deal Hunters Interest Segment,183749570056400609,Shelf Story Bold Voice,165840257748609485,Brand Awareness,0,0,0,0,0,0,0,0,0,0,0,0,0,0,0,0,0,0,0,0,0,0,0,0
2026-02-16,Shopping Grid,Smart Choice Impact Initiative,Central Region Loyalty Cohort,18477671,Weekend Deal Hunters Interest Segment,161770278494543000,Shelf Story Warm Voice,152725276979306039,Brand Awareness,0,0,0,0,0,0,0,0,0,0,0,0,0,0,0,0,0,0,0,0,0,0,0,0
2026-02-16,Search Network,Smart Choice Impact Initiative,Central Region Loyalty Cohort,18477671,Bulk Buyers Retention Segment,272613059943274108,Shelf Story Bold Voice,117102931113310336,Brand Awareness,0,0,0,0,0,0,0,0,0,0,0,0,0,0,0,0,0,0,0,0,0,0,0,0
2026-02-16,Social Feed,Home Essentials Scale Initiative,Central Region Loyalty Cohort,18477671,Quick Refill Buyers Retention Segment,474168499292566921,Price Drop Cut Direct Voice,938010153527196274,Brand Awareness,1,1036,0,1144,13,0,1,1,0,0,1,1,6,0,0,0,8,10,0,0,0,0,0,0
2026-02-16,Discovery Network,Family Pantry Retention Initiative,Central Region Loyalty Cohort,18477671,Health Conscious Buyers Interest Segment,154735410612147391,Product Reel Warm Voice,635049348514449190,Brand Awareness,16.73,1850,0,1596,28,100,100,100,100,0,851,715,1940,0,0,0,12,1317,0,0,0,0,0,0
2026-02-16,Social Feed,Family Pantry Retention Initiative,Central Region Loyalty Cohort,18477671,Weekend Deal Hunters Interest Segment,727950974615329801,Price Drop Cut Direct Voice,124952364614517443,Brand Awareness,16.57,3742,0,4288,59,100,100,100,100,0,1070,1050,3457,0,0,0,9,2232,0,0,0,0,0,0
2026-02-16,Influencer Network,Smart Choice Impact Initiative,Central Region Loyalty Cohort,18477671,Weekend Deal Hunters Interest Segment,270646603276678490,Shelf Story Bold Voice,110689689531150795,Brand Awareness,0,0,0,0,0,0,0,0,0,0,0,0,0,0,0,0,0,0,0,0,0,0,0,0
2026-02-16,Social Feed,Smart Choice Impact Initiative,Central Region Loyalty Cohort,18477671,Weekend Deal Hunters Interest Segment,110082916181382776,Shelf Story Bold Voice,967111776806546494,Brand Awareness,0,0,0,0,0,0,0,0,0,0,0,0,0,0,0,0,0,0,0,0,0,0,0,0
2026-02-16,Display Network,Family Pantry Retention Initiative,Central Region Loyalty Cohort,18477671,Health Conscious Buyers Interest Segment,345099738755347974,Product Reel Warm Voice,392623605042961520,Brand Awareness,201.42,11892,0,5353,34,100,100,100,100,0,8979,9540,12520,0,0,0,29,9927,0,0,0,0,0,0
2026-02-15,Connected TV,Smart Choice Impact Initiative,Central Region Loyalty Cohort,18477671,Weekend Deal Hunters Interest Segment,183749570056400609,Shelf Story Bold Voice,165840257748609485,Brand Awareness,55.82,5127,0,3833,94,52,100,100,75,0,166,171,3498,0,0,0,62,850,0,0,0,0,0,0
2026-02-15,Shopping Grid,Home Essentials Scale Initiative,Central Region Loyalty Cohort,18477671,Bulk Buyers Retention Segment,165497790197034415,Price Drop Cut Direct Voice,171449224255083856,Brand Awareness,37.86,3529,0,2595,82,65,100,100,77,0,136,119,2007,0,0,0,42,530,0,0,0,0,0,0
2026-02-15,Discovery Network,Smart Choice Impact Initiative,Central Region Loyalty Cohort,18477671,Weekend Deal Hunters Interest Segment,110082916181382776,Shelf Story Bold Voice,967111776806546494,Brand Awareness,66.70,13542,0,14815,643,100,100,100,100,0,993,966,13247,0,0,0,322,5863,0,0,0,0,0,0
2026-02-15,Social Feed,Seasonal Select Promo Initiative,Central Region Loyalty Cohort,18477671,Weekend Deal Hunters Interest Segment,468881021107680250,Shelf Story Bold Voice,165315587996030172,Brand Awareness,24.3,3244,0,3216,238,70,100,100,96,0,161,155,2181,0,0,0,208,1198,0,0,0,0,0,0
2026-02-15,Shopping Grid,Seasonal Select Promo Initiative,Central Region Loyalty Cohort,18477671,Quick Refill Buyers Retention Segment,717659910692420024,Shelf Story Bold Voice,707559239232170135,Brand Awareness,0.74,374,0,361,8,1,5,4,2,0,4,3,21,0,0,0,6,13,0,0,0,0,0,0
2026-02-15,Video Network,Home Essentials Scale Initiative,Central Region Loyalty Cohort,18477671,Weekend Deal Hunters Interest Segment,102671615296443303,Price Drop Cut Direct Voice,150163807914179990,Brand Awareness,124.38,10994,0,11554,1580,100,100,100,100,0,592,532,8960,0,0,0,815,3970,0,0,0,0,0,0
2026-02-15,In-App Display,Home Essentials Scale Initiative,Central Region Loyalty Cohort,18477671,Quick Refill Buyers Retention Segment,474168499292566921,Price Drop Cut Direct Voice,938010153527196274,Brand Awareness,1.23,894,0,806,19,0,2,2,0,0,0,0,11,0,0,0,14,13,0,0,0,0,0,0
2026-02-15,Display Network,Home Essentials Scale Initiative,Central Region Loyalty Cohort,18477671,Quick Refill Buyers Retention Segment,131872955368731773,Price Drop Cut Direct Voice,183025405773351046,Brand Awareness,0.04,7,0,9,0,0,1,1,0,0,0,0,5,0,0,0,0,1,0,0,0,0,0,0
2026-02-15,Retail Media Network,Home Essentials Scale Initiative,Central Region Loyalty Cohort,18477671,Weekend Deal Hunters Interest Segment,425581615203767678,Price Drop Cut Direct Voice,108795219178731166,Brand Awareness,47.68,2383,0,1220,72,75,100,100,100,0,171,149,1666,0,0,0,72,421,0,0,0,0,0,0
2026-02-15,Display Network,Smart Choice Impact Initiative,Central Region Loyalty Cohort,18477671,Bulk Buyers Retention Segment,272613059943274108,Shelf Story Bold Voice,117102931113310336,Brand Awareness,24.98,4357,0,3614,31,21,100,100,46,0,136,105,2335,0,0,0,18,722,0,0,0,0,0,0
2026-02-15,Shopping Grid,Smart Choice Impact Initiative,Central Region Loyalty Cohort,18477671,Weekend Deal Hunters Interest Segment,995854154678995860,Shelf Story Bold Voice,133473027723513405,Brand Awareness,40.86,7517,0,7730,470,100,100,100,100,0,658,534,6662,0,0,0,269,2780,0,0,0,0,0,0
2026-02-15,Discovery Network,Smart Choice Impact Initiative,Central Region Loyalty Cohort,18477671,Quick Refill Buyers Retention Segment,135452867878308889,Shelf Story Bold Voice,845919020200716779,Brand Awareness,1.93,1228,0,1158,20,0,7,1,0,0,1,1,21,0,0,0,16,24,0,0,0,0,0,0
2026-02-15,Discovery Network,Smart Choice Impact Initiative,Central Region Loyalty Cohort,18477671,Weekend Deal Hunters Interest Segment,270646603276678490,Shelf Story Bold Voice,110689689531150795,Brand Awareness,28.99,2874,0,2440,100,66,100,100,76,0,170,150,1362,0,0,0,75,449,0,0,0,0,0,0
2026-02-15,Affiliate Network,Smart Choice Impact Initiative,Central Region Loyalty Cohort,18477671,Quick Refill Buyers Retention Segment,105198217396991460,Shelf Story Bold Voice,101062868661402419,Brand Awareness,0.10,12,0,12,0,0,1,1,0,0,1,1,6,0,0,0,0,1,0,0,0,0,0,0
2026-02-15,Search Network,Seasonal Select Promo Initiative,Central Region Loyalty Cohort,18477671,Weekend Deal Hunters Interest Segment,181012655175308237,Shelf Story Bold Voice,125608499660276530,Brand Awareness,91.97,12433,0,9862,1029,100,100,100,100,0,728,658,6228,0,0,0,831,3767,0,0,0,0,0,0
2026-02-15,Video Network,Home Essentials Scale Initiative,Central Region Loyalty Cohort,18477671,Weekend Deal Hunters Interest Segment,928297485290120790,Price Drop Cut Direct Voice,624349257864274485,Brand Awareness,13.17,1600,0,1530,195,41,100,95,60,0,78,78,1204,0,0,0,112,627,0,0,0,0,0,0
2026-02-15,Display Network,Home Essentials Scale Initiative,Central Region Loyalty Cohort,18477671,Weekend Deal Hunters Interest Segment,356875118246388766,Price Drop Cut Direct Voice,130209791709779763,Brand Awareness,51.53,3130,0,1384,77,48,100,100,57,0,109,107,1559,0,0,0,53,391,0,0,0,0,0,0
2026-02-15,Shopping Grid,Family Pantry Retention Initiative,Central Region Loyalty Cohort,18477671,Health Conscious Buyers Interest Segment,154735410612147391,Product Reel Warm Voice,635049348514449190,Brand Awareness,21.04,2899,0,2367,47,100,100,100,100,0,1119,1058,2790,0,0,0,16,1815,0,0,0,0,0,0
2026-02-15,Shopping Grid,Family Pantry Retention Initiative,Central Region Loyalty Cohort,18477671,Weekend Deal Hunters Interest Segment,173923704738795937,Product Reel Warm Voice,790424522542827432,Brand Awareness,110.28,6197,0,3578,39,100,100,100,100,0,6111,4536,6171,0,0,0,19,5316,0,0,0,0,0,0
2026-02-15,Display Network,Family Pantry Retention Initiative,Central Region Loyalty Cohort,18477671,Health Conscious Buyers Interest Segment,345099738755347974,Product Reel Warm Voice,392623605042961520,Brand Awareness,153.7,10941,0,4859,51,100,100,100,100,0,9465,9090,10405,0,0,0,23,9527,0,0,0,0,0,0
2026-02-14,Affiliate Network,Family Pantry Retention Initiative,Central Region Loyalty Cohort,18477671,Weekend Deal Hunters Interest Segment,173923704738795937,Product Reel Warm Voice,790424522542827432,Brand Awareness,134.98,12241,0,6109,71,100,100,100,100,0,9315,8276,12566,0,0,0,32,8826,0,0,0,0,0,0
2026-02-14,Affiliate Network,Smart Choice Impact Initiative,Central Region Loyalty Cohort,18477671,Weekend Deal Hunters Interest Segment,110082916181382776,Shelf Story Bold Voice,967111776806546494,Brand Awareness,83.24,20795,0,18203,874,100,100,100,100,0,1640,1458,16527,0,0,0,450,8687,0,0,0,0,0,0
2026-02-14,Retail Media Network,Smart Choice Impact Initiative,Central Region Loyalty Cohort,18477671,Weekend Deal Hunters Interest Segment,995854154678995860,Shelf Story Bold Voice,133473027723513405,Brand Awareness,40.11,7506,0,7227,370,100,100,100,100,0,633,634,7079,0,0,0,234,2685,0,0,0,0,0,0
2026-02-14,Shopping Grid,Smart Choice Impact Initiative,Central Region Loyalty Cohort,18477671,Weekend Deal Hunters Interest Segment,270646603276678490,Shelf Story Bold Voice,110689689531150795,Brand Awareness,25.03,2293,0,1885,78,61,100,100,71,0,141,114,1274,0,0,0,70,425,0,0,0,0,0,0
2026-02-14,Social Feed,Seasonal Select Promo Initiative,Central Region Loyalty Cohort,18477671,Weekend Deal Hunters Interest Segment,468881021107680250,Shelf Story Bold Voice,165315587996030172,Brand Awareness,21.57,3825,0,3428,283,66,100,100,100,0,183,168,2301,0,0,0,232,1329,0,0,0,0,0,0
2026-02-14,Affiliate Network,Seasonal Select Promo Initiative,Central Region Loyalty Cohort,18477671,Weekend Deal Hunters Interest Segment,181012655175308237,Shelf Story Bold Voice,125608499660276530,Brand Awareness,98.25,14448,0,12950,1300,100,100,100,100,0,908,772,8365,0,0,0,905,5259,0,0,0,0,0,0
2026-02-14,Marketplace Feed,Seasonal Select Promo Initiative,Central Region Loyalty Cohort,18477671,Quick Refill Buyers Retention Segment,717659910692420024,Shelf Story Bold Voice,707559239232170135,Brand Awareness,0.53,280,0,280,7,1,7,1,1,0,1,1,16,0,0,0,5,14,0,0,0,0,0,0
2026-02-14,Marketplace Feed,Home Essentials Scale Initiative,Central Region Loyalty Cohort,18477671,Weekend Deal Hunters Interest Segment,928297485290120790,Price Drop Cut Direct Voice,624349257864274485,Brand Awareness,17.12,2494,0,2173,190,62,100,100,82,0,143,112,1801,0,0,0,128,908,0,0,0,0,0,0
2026-02-14,Social Feed,Home Essentials Scale Initiative,Central Region Loyalty Cohort,18477671,Quick Refill Buyers Retention Segment,474168499292566921,Price Drop Cut Direct Voice,938010153527196274,Brand Awareness,0.49,384,0,456,4,1,4,2,2,0,2,2,12,0,0,0,2,7,0,0,0,0,0,0
2026-02-14,Social Feed,Home Essentials Scale Initiative,Central Region Loyalty Cohort,18477671,Quick Refill Buyers Retention Segment,131872955368731773,Price Drop Cut Direct Voice,183025405773351046,Brand Awareness,0.04,6,0,5,0,0,1,1,0,0,1,1,5,0,0,0,0,1,0,0,0,0,0,0
2026-02-14,Retail Media Network,Home Essentials Scale Initiative,Central Region Loyalty Cohort,18477671,Weekend Deal Hunters Interest Segment,356875118246388766,Price Drop Cut Direct Voice,130209791709779763,Brand Awareness,43.07,2865,0,1430,40,34,100,100,38,0,92,88,1805,0,0,0,24,303,0,0,0,0,0,0
2026-02-14,Marketplace Feed,Home Essentials Scale Initiative,Central Region Loyalty Cohort,18477671,Weekend Deal Hunters Interest Segment,425581615203767678,Price Drop Cut Direct Voice,108795219178731166,Brand Awareness,52.99,2943,0,1593,59,97,100,100,91,0,162,158,1751,0,0,0,47,413,0,0,0,0,0,0
2026-02-14,Retail Media Network,Home Essentials Scale Initiative,Central Region Loyalty Cohort,18477671,Bulk Buyers Retention Segment,165497790197034415,Price Drop Cut Direct Voice,171449224255083856,Brand Awareness,41.45,3842,0,2360,65,33,100,100,56,0,108,97,2217,0,0,0,33,600,0,0,0,0,0,0
2026-02-14,Display Network,Smart Choice Impact Initiative,Central Region Loyalty Cohort,18477671,Quick Refill Buyers Retention Segment,135452867878308889,Shelf Story Bold Voice,845919020200716779,Brand Awareness,1.56,1110,0,1278,13,1,9,4,1,0,4,3,23,0,0,0,9,23,0,0,0,0,0,0
2026-02-14,In-App Display,Smart Choice Impact Initiative,Central Region Loyalty Cohort,18477671,Weekend Deal Hunters Interest Segment,183749570056400609,Shelf Story Bold Voice,165840257748609485,Brand Awareness,70.24,6886,0,5524,90,52,100,100,70,0,206,165,4569,0,0,0,69,1225,0,0,0,0,0,0
2026-02-14,Connected TV,Smart Choice Impact Initiative,Central Region Loyalty Cohort,18477671,Bulk Buyers Retention Segment,272613059943274108,Shelf Story Bold Voice,117102931113310336,Brand Awareness,21.84,4368,0,2933,44,37,100,100,48,0,133,106,2108,0,0,0,37,604,0,0,0,0,0,0
2026-02-14,Display Network,Family Pantry Retention Initiative,Central Region Loyalty Cohort,18477671,Health Conscious Buyers Interest Segment,154735410612147391,Product Reel Warm Voice,635049348514449190,Brand Awareness,8.93,1263,0,1108,28,100,100,100,100,0,439,384,1139,0,0,0,8,911,0,0,0,0,0,0
2026-02-14,Influencer Network,Family Pantry Retention Initiative,Central Region Loyalty Cohort,18477671,Health Conscious Buyers Interest Segment,345099738755347974,Product Reel Warm Voice,392623605042961520,Brand Awareness,136.00,9281,0,5675,66,100,100,100,100,0,6882,7089,10705,0,0,0,17,7831,0,0,0,0,0,0
2026-02-14,In-App Display,Home Essentials Scale Initiative,Central Region Loyalty Cohort,18477671,Weekend Deal Hunters Interest Segment,102671615296443303,Price Drop Cut Direct Voice,150163807914179990,Brand Awareness,148.16,13482,0,14188,1614,100,100,100,100,0,551,623,8367,0,0,0,918,4689,0,0,0,0,0,0
2026-02-14,Display Network,Smart Choice Impact Initiative,Central Region Loyalty Cohort,18477671,Quick Refill Buyers Retention Segment,105198217396991460,Shelf Story Bold Voice,101062868661402419,Brand Awareness,0.1,8,0,7,0,0,0,0,0,0,0,0,6,0,0,0,0,1,0,0,0,0,0,0
2026-02-13,Display Network,Smart Choice Impact Initiative,Central Region Loyalty Cohort,18477671,Quick Refill Buyers Retention Segment,135452867878308889,Shelf Story Bold Voice,845919020200716779,Brand Awareness,1.4,993,0,1053,17,2,6,4,2,0,4,3,28,0,0,0,12,24,0,0,0,0,0,0
2026-02-13,Marketplace Feed,Home Essentials Scale Initiative,Central Region Loyalty Cohort,18477671,Quick Refill Buyers Retention Segment,474168499292566921,Price Drop Cut Direct Voice,938010153527196274,Brand Awareness,0.84,441,0,560,8,1,2,1,1,0,1,1,21,0,0,0,6,17,0,0,0,0,0,0
2026-02-13,Shopping Grid,Home Essentials Scale Initiative,Central Region Loyalty Cohort,18477671,Weekend Deal Hunters Interest Segment,356875118246388766,Price Drop Cut Direct Voice,130209791709779763,Brand Awareness,32.51,2165,0,1523,46,39,100,100,46,0,95,82,1350,0,0,0,38,331,0,0,0,0,0,0
2026-02-13,Discovery Network,Family Pantry Retention Initiative,Central Region Loyalty Cohort,18477671,Health Conscious Buyers Interest Segment,154735410612147391,Product Reel Warm Voice,635049348514449190,Brand Awareness,7.57,1303,0,1385,17,100,100,100,100,0,404,299,1398,0,0,0,4,1012,0,0,0,0,0,0
2026-02-13,Video Network,Family Pantry Retention Initiative,Central Region Loyalty Cohort,18477671,Weekend Deal Hunters Interest Segment,173923704738795937,Product Reel Warm Voice,790424522542827432,Brand Awareness,189.35,18976,0,11368,102,100,100,100,100,0,12160,9942,19212,0,0,0,24,15079,0,0,0,0,0,0
2026-02-13,Affiliate Network,Smart Choice Impact Initiative,Central Region Loyalty Cohort,18477671,Weekend Deal Hunters Interest Segment,110082916181382776,Shelf Story Bold Voice,967111776806546494,Brand Awareness,72.92,19210,0,18467,665,100,100,100,100,0,1238,1150,15211,0,0,1,403,6935,0,0,0,0,0,0
2026-02-13,Retail Media Network,Smart Choice Impact Initiative,Central Region Loyalty Cohort,18477671,Weekend Deal Hunters Interest Segment,270646603276678490,Shelf Story Bold Voice,110689689531150795,Brand Awareness,26.67,2724,0,2485,89,41,100,100,52,0,108,91,1194,0,0,0,76,470,0,0,0,0,0,0
2026-02-13,Social Feed,Seasonal Select Promo Initiative,Central Region Loyalty Cohort,18477671,Weekend Deal Hunters Interest Segment,468881021107680250,Shelf Story Bold Voice,165315587996030172,Brand Awareness,24.19,3040,0,2960,293,60,100,100,91,0,169,187,1732,0,0,0,189,1206,0,0,0,0,0,0
2026-02-13,Connected TV,Seasonal Select Promo Initiative,Central Region Loyalty Cohort,18477671,Weekend Deal Hunters Interest Segment,181012655175308237,Shelf Story Bold Voice,125608499660276530,Brand Awareness,73.01,10506,0,11061,923,100,100,100,100,0,684,527,7107,0,0,0,771,3668,0,0,0,0,0,0
2026-02-13,Affiliate Network,Seasonal Select Promo Initiative,Central Region Loyalty Cohort,18477671,Quick Refill Buyers Retention Segment,717659910692420024,Shelf Story Bold Voice,707559239232170135,Brand Awareness,0.99,612,0,698,11,0,4,1,0,0,1,1,16,0,0,0,11,16,0,0,0,0,0,0
2026-02-13,Display Network,Home Essentials Scale Initiative,Central Region Loyalty Cohort,18477671,Weekend Deal Hunters Interest Segment,102671615296443303,Price Drop Cut Direct Voice,150163807914179990,Brand Awareness,90.2,9945,0,10276,1421,100,100,100,100,0,404,383,5864,1,0,0,775,3553,0,0,0,0,0,0
2026-02-13,In-App Display,Home Essentials Scale Initiative,Central Region Loyalty Cohort,18477671,Weekend Deal Hunters Interest Segment,928297485290120790,Price Drop Cut Direct Voice,624349257864274485,Brand Awareness,34.01,17196,0,18270,460,29,100,100,50,0,93,94,1594,0,0,0,239,747,0,0,0,0,0,0
2026-02-13,Influencer Network,Home Essentials Scale Initiative,Central Region Loyalty Cohort,18477671,Quick Refill Buyers Retention Segment,131872955368731773,Price Drop Cut Direct Voice,183025405773351046,Brand Awareness,0.02,5,0,3,0,0,0,0,0,0,0,0,2,0,0,0,0,0,0,0,0,0,0,0
2026-02-13,Search Network,Home Essentials Scale Initiative,Central Region Loyalty Cohort,18477671,Weekend Deal Hunters Interest Segment,425581615203767678,Price Drop Cut Direct Voice,108795219178731166,Brand Awareness,30.36,1808,0,1330,72,52,100,100,72,0,120,116,972,0,0,0,57,286,0,0,0,0,0,0
2026-02-13,Influencer Network,Home Essentials Scale Initiative,Central Region Loyalty Cohort,18477671,Bulk Buyers Retention Segment,165497790197034415,Price Drop Cut Direct Voice,171449224255083856,Brand Awareness,71.69,3619,0,2217,62,41,100,100,53,0,151,119,2299,0,0,0,51,595,0,0,0,0,0,0
2026-02-13,Affiliate Network,Smart Choice Impact Initiative,Central Region Loyalty Cohort,18477671,Bulk Buyers Retention Segment,272613059943274108,Shelf Story Bold Voice,117102931113310336,Brand Awareness,28.33,2996,0,2225,56,35,100,100,43,0,102,88,1675,0,0,0,56,434,0,0,0,0,0,0
2026-02-13,Shopping Grid,Family Pantry Retention Initiative,Central Region Loyalty Cohort,18477671,Health Conscious Buyers Interest Segment,345099738755347974,Product Reel Warm Voice,392623605042961520,Brand Awareness,80.75,7986,0,4328,51,100,100,100,100,0,4902,3892,7871,0,0,0,12,6433,0,0,0,0,0,0
2026-02-13,Influencer Network,Smart Choice Impact Initiative,Central Region Loyalty Cohort,18477671,Weekend Deal Hunters Interest Segment,995854154678995860,Shelf Story Bold Voice,133473027723513405,Brand Awareness,32.49,8071,0,7609,375,100,100,100,100,0,589,628,6688,0,0,0,194,2558,0,0,0,0,0,0
2026-02-13,Affiliate Network,Smart Choice Impact Initiative,Central Region Loyalty Cohort,18477671,Quick Refill Buyers Retention Segment,105198217396991460,Shelf Story Bold Voice,101062868661402419,Brand Awareness,0.29,5,0,5,0,0,0,0,0,0,0,0,1,0,0,0,0,1,0,0,0,0,0,0
2026-02-13,Display Network,Smart Choice Impact Initiative,Central Region Loyalty Cohort,18477671,Weekend Deal Hunters Interest Segment,183749570056400609,Shelf Story Bold Voice,165840257748609485,Brand Awareness,58.15,7520,0,5054,117,66,100,100,97,0,260,197,3780,0,0,0,81,1241,0,0,0,0,0,0
2026-02-12,Affiliate Network,Smart Choice Impact Initiative,Central Region Loyalty Cohort,18477671,Weekend Deal Hunters Interest Segment,995854154678995860,Shelf Story Bold Voice,133473027723513405,Brand Awareness,20.95,4255,0,4187,202,94,100,100,100,0,395,360,3933,0,0,0,109,1561,0,0,0,0,0,0
2026-02-12,Affiliate Network,Smart Choice Impact Initiative,Central Region Loyalty Cohort,18477671,Quick Refill Buyers Retention Segment,135452867878308889,Shelf Story Bold Voice,845919020200716779,Brand Awareness,0.26,138,0,146,4,0,4,1,0,0,1,1,19,0,0,0,3,10,0,0,0,0,0,0
2026-02-12,Shopping Grid,Smart Choice Impact Initiative,Central Region Loyalty Cohort,18477671,Weekend Deal Hunters Interest Segment,270646603276678490,Shelf Story Bold Voice,110689689531150795,Brand Awareness,22.50,3891,0,3516,65,34,100,100,44,0,101,80,1460,0,0,0,49,415,0,0,0,0,0,0
2026-02-12,Influencer Network,Smart Choice Impact Initiative,Central Region Loyalty Cohort,18477671,Weekend Deal Hunters Interest Segment,183749570056400609,Shelf Story Bold Voice,165840257748609485,Brand Awareness,64.2,8354,0,7603,109,90,100,100,100,0,268,235,4619,0,0,0,73,1322,0,0,0,0,0,0
2026-02-12,Search Network,Seasonal Select Promo Initiative,Central Region Loyalty Cohort,18477671,Weekend Deal Hunters Interest Segment,468881021107680250,Shelf Story Bold Voice,165315587996030172,Brand Awareness,22.29,2904,0,3001,236,55,100,100,93,0,142,146,2009,0,0,0,186,1282,0,0,0,0,0,0
2026-02-12,Discovery Network,Home Essentials Scale Initiative,Central Region Loyalty Cohort,18477671,Weekend Deal Hunters Interest Segment,102671615296443303,Price Drop Cut Direct Voice,150163807914179990,Brand Awareness,75.05,10263,0,9140,1054,100,100,100,100,0,404,362,5698,0,0,0,559,3319,0,0,0,0,0,0
2026-02-12,Video Network,Home Essentials Scale Initiative,Central Region Loyalty Cohort,18477671,Quick Refill Buyers Retention Segment,474168499292566921,Price Drop Cut Direct Voice,938010153527196274,Brand Awareness,1.22,875,0,828,21,0,5,1,0,0,1,1,27,0,0,0,16,22,0,0,0,0,0,0
2026-02-12,Video Network,Home Essentials Scale Initiative,Central Region Loyalty Cohort,18477671,Quick Refill Buyers Retention Segment,131872955368731773,Price Drop Cut Direct Voice,183025405773351046,Brand Awareness,0.07,2,0,2,0,0,0,0,0,0,0,0,1,0,0,0,0,0,0,0,0,0,0,0
2026-02-12,Video Network,Home Essentials Scale Initiative,Central Region Loyalty Cohort,18477671,Weekend Deal Hunters Interest Segment,425581615203767678,Price Drop Cut Direct Voice,108795219178731166,Brand Awareness,26.41,1447,0,1123,57,89,100,100,100,0,156,137,1062,0,0,0,55,337,0,0,0,0,0,0
2026-02-12,Shopping Grid,Home Essentials Scale Initiative,Central Region Loyalty Cohort,18477671,Bulk Buyers Retention Segment,165497790197034415,Price Drop Cut Direct Voice,171449224255083856,Brand Awareness,80.1,5837,0,3393,122,92,100,100,100,0,237,242,3695,0,0,0,101,1010,0,0,0,0,0,0
2026-02-12,Video Network,Family Pantry Retention Initiative,Central Region Loyalty Cohort,18477671,Health Conscious Buyers Interest Segment,154735410612147391,Product Reel Warm Voice,635049348514449190,Brand Awareness,2.60,473,0,542,5,81,100,100,100,0,156,119,510,0,0,0,1,341,0,0,0,0,0,0
2026-02-12,Influencer Network,Family Pantry Retention Initiative,Central Region Loyalty Cohort,18477671,Health Conscious Buyers Interest Segment,345099738755347974,Product Reel Warm Voice,392623605042961520,Brand Awareness,69.25,4891,0,2535,16,100,100,100,100,0,4235,3402,4677,0,0,0,7,4168,0,0,0,0,0,0
2026-02-12,Display Network,Smart Choice Impact Initiative,Central Region Loyalty Cohort,18477671,Bulk Buyers Retention Segment,272613059943274108,Shelf Story Bold Voice,117102931113310336,Brand Awareness,26.18,3550,0,2404,33,32,100,100,48,0,104,109,2167,0,0,0,29,788,0,0,0,0,0,0
2026-02-12,Discovery Network,Smart Choice Impact Initiative,Central Region Loyalty Cohort,18477671,Weekend Deal Hunters Interest Segment,110082916181382776,Shelf Story Bold Voice,967111776806546494,Brand Awareness,90.04,19391,0,18198,859,100,100,100,100,0,1747,1567,19256,0,0,0,432,8186,0,0,0,0,0,0
2026-02-12,Retail Media Network,Seasonal Select Promo Initiative,Central Region Loyalty Cohort,18477671,Quick Refill Buyers Retention Segment,717659910692420024,Shelf Story Bold Voice,707559239232170135,Brand Awareness,0.3,43,0,43,6,1,9,2,2,0,2,2,18,0,0,0,5,13,0,0,0,0,0,0
2026-02-12,Search Network,Home Essentials Scale Initiative,Central Region Loyalty Cohort,18477671,Weekend Deal Hunters Interest Segment,928297485290120790,Price Drop Cut Direct Voice,624349257864274485,Brand Awareness,45.40,42799,0,36536,612,62,100,100,84,0,155,125,2175,0,0,0,482,1343,0,0,0,0,0,0
2026-02-12,Display Network,Home Essentials Scale Initiative,Central Region Loyalty Cohort,18477671,Weekend Deal Hunters Interest Segment,356875118246388766,Price Drop Cut Direct Voice,130209791709779763,Brand Awareness,27.67,1482,0,1015,73,46,100,100,60,0,111,90,864,0,0,0,60,289,0,0,0,0,0,0
2026-02-12,Video Network,Family Pantry Retention Initiative,Central Region Loyalty Cohort,18477671,Weekend Deal Hunters Interest Segment,173923704738795937,Product Reel Warm Voice,790424522542827432,Brand Awareness,290.12,20233,0,8985,45,100,100,100,100,0,17156,15295,19174,0,0,0,26,18544,0,0,0,0,0,0
2026-02-12,Display Network,Seasonal Select Promo Initiative,Central Region Loyalty Cohort,18477671,Weekend Deal Hunters Interest Segment,181012655175308237,Shelf Story Bold Voice,125608499660276530,Brand Awareness,87.9,11936,0,10468,1004,100,100,100,100,0,810,780,6582,0,0,0,677,4772,0,0,0,0,0,0
2026-02-11,Search Network,Smart Choice Impact Initiative,Central Region Loyalty Cohort,18477671,Weekend Deal Hunters Interest Segment,270646603276678490,Shelf Story Bold Voice,110689689531150795,Brand Awareness,23.89,3634,0,3670,71,53,100,100,67,0,122,122,1560,0,0,0,62,470,0,0,0,0,0,0
2026-02-11,Influencer Network,Smart Choice Impact Initiative,Central Region Loyalty Cohort,18477671,Weekend Deal Hunters Interest Segment,183749570056400609,Shelf Story Bold Voice,165840257748609485,Brand Awareness,71.63,9529,0,8057,118,100,100,100,100,0,401,352,4998,0,0,0,78,1696,0,0,0,0,0,0
2026-02-11,Marketplace Feed,Seasonal Select Promo Initiative,Central Region Loyalty Cohort,18477671,Quick Refill Buyers Retention Segment,717659910692420024,Shelf Story Bold Voice,707559239232170135,Brand Awareness,0.96,665,0,871,11,1,5,2,1,0,2,2,24,0,0,0,9,16,0,0,0,0,0,0
2026-02-11,Retail Media Network,Home Essentials Scale Initiative,Central Region Loyalty Cohort,18477671,Weekend Deal Hunters Interest Segment,928297485290120790,Price Drop Cut Direct Voice,624349257864274485,Brand Awareness,37.00,3269,0,3704,372,71,100,100,100,0,237,188,3001,0,0,0,214,1310,0,0,0,0,0,0
2026-02-11,Display Network,Home Essentials Scale Initiative,Central Region Loyalty Cohort,18477671,Bulk Buyers Retention Segment,165497790197034415,Price Drop Cut Direct Voice,171449224255083856,Brand Awareness,76.55,5284,0,3693,50,58,100,100,99,0,193,171,3792,0,0,0,27,872,0,0,0,0,0,0
2026-02-11,Retail Media Network,Smart Choice Impact Initiative,Central Region Loyalty Cohort,18477671,Weekend Deal Hunters Interest Segment,110082916181382776,Shelf Story Bold Voice,967111776806546494,Brand Awareness,93.90,22822,0,22224,939,100,100,100,100,0,1671,1389,23273,0,0,0,467,8841,0,0,0,0,0,0
2026-02-11,Display Network,Smart Choice Impact Initiative,Central Region Loyalty Cohort,18477671,Weekend Deal Hunters Interest Segment,995854154678995860,Shelf Story Bold Voice,133473027723513405,Brand Awareness,14.0,2407,0,2653,100,42,100,100,71,0,192,169,1739,0,0,0,59,954,0,0,0,0,0,0
2026-02-11,Video Network,Smart Choice Impact Initiative,Central Region Loyalty Cohort,18477671,Weekend Deal Hunters Interest Segment,161770278494543000,Shelf Story Warm Voice,152725276979306039,Brand Awareness,128.43,9350,0,4134,35,100,100,100,100,0,8385,8519,8437,0,0,0,22,7951,0,0,0,0,0,0
2026-02-11,Search Network,Smart Choice Impact Initiative,Central Region Loyalty Cohort,18477671,Health Conscious Buyers Interest Segment,167654365099485656,Shelf Story Warm Voice,161660368368998179,Brand Awareness,148.96,8868,0,4501,20,100,100,100,100,0,9617,9181,8500,0,0,0,17,9179,0,0,0,0,0,0
2026-02-11,In-App Display,Smart Choice Impact Initiative,Central Region Loyalty Cohort,18477671,Health Conscious Buyers Interest Segment,274090105301609840,Shelf Story Warm Voice,156465368478275989,Brand Awareness,5.35,491,0,454,9,100,100,100,100,0,251,224,485,1,0,0,4,378,0,0,0,0,0,0
2026-02-11,Search Network,Home Essentials Scale Initiative,Central Region Loyalty Cohort,18477671,Weekend Deal Hunters Interest Segment,102671615296443303,Price Drop Cut Direct Voice,150163807914179990,Brand Awareness,95.43,9289,0,8268,1299,100,100,100,100,0,569,534,7245,0,0,0,737,4114,0,0,0,0,0,0
2026-02-11,Affiliate Network,Home Essentials Scale Initiative,Central Region Loyalty Cohort,18477671,Quick Refill Buyers Retention Segment,474168499292566921,Price Drop Cut Direct Voice,938010153527196274,Brand Awareness,0.65,245,0,245,11,2,9,5,3,0,5,4,27,0,0,0,7,21,0,0,0,0,0,0
2026-02-11,Affiliate Network,Home Essentials Scale Initiative,Central Region Loyalty Cohort,18477671,Weekend Deal Hunters Interest Segment,356875118246388766,Price Drop Cut Direct Voice,130209791709779763,Brand Awareness,20.53,1553,0,1250,29,13,100,63,20,0,51,41,1049,0,0,0,13,253,0,0,0,0,0,0
2026-02-11,Video Network,Home Essentials Scale Initiative,Central Region Loyalty Cohort,18477671,Weekend Deal Hunters Interest Segment,425581615203767678,Price Drop Cut Direct Voice,108795219178731166,Brand Awareness,26.66,1910,0,1172,24,20,100,65,30,0,53,53,1011,0,0,0,11,233,0,0,0,0,0,0
2026-02-11,Marketplace Feed,Smart Choice Impact Initiative,Central Region Loyalty Cohort,18477671,Bulk Buyers Retention Segment,272613059943274108,Shelf Story Bold Voice,117102931113310336,Brand Awareness,20.00,2484,0,1926,18,23,100,85,31,0,83,74,1265,0,0,0,13,426,0,0,0,0,0,0
2026-02-11,Display Network,Family Pantry Retention Initiative,Central Region Loyalty Cohort,18477671,Health Conscious Buyers Interest Segment,154735410612147391,Product Reel Warm Voice,635049348514449190,Brand Awareness,57.93,7110,0,6939,191,100,100,100,100,0,2391,2159,7925,2,0,0,73,4383,0,0,0,0,0,0
2026-02-11,Discovery Network,Family Pantry Retention Initiative,Central Region Loyalty Cohort,18477671,Weekend Deal Hunters Interest Segment,173923704738795937,Product Reel Warm Voice,790424522542827432,Brand Awareness,38.09,6686,0,7579,73,100,100,100,100,0,1767,1931,6784,0,0,0,12,4202,0,0,0,0,0,0
2026-02-11,Influencer Network,Family Pantry Retention Initiative,Central Region Loyalty Cohort,18477671,Health Conscious Buyers Interest Segment,345099738755347974,Product Reel Warm Voice,392623605042961520,Brand Awareness,50.6,10088,0,9521,125,100,100,100,100,0,2893,2575,11715,0,0,0,11,7386,0,0,0,0,0,0
2026-02-11,Social Feed,Family Pantry Impact Initiative,Central Region Loyalty Cohort,18477671,Weekend Deal Hunters Interest Segment,140369979643530101,Price Drop Cut Direct Voice,124257450419220034,Brand Awareness,0,0,0,0,0,0,0,0,0,0,0,0,0,0,0,0,0,0,0,0,0,0,0,0
2026-02-11,Marketplace Feed,Smart Choice Impact Initiative,Central Region Loyalty Cohort,18477671,Quick Refill Buyers Retention Segment,135452867878308889,Shelf Story Bold Voice,845919020200716779,Brand Awareness,1.31,1240,0,1276,10,1,7,3,1,0,3,3,20,0,0,0,8,17,0,0,0,0,0,0
2026-02-11,Influencer Network,Seasonal Select Promo Initiative,Central Region Loyalty Cohort,18477671,Weekend Deal Hunters Interest Segment,468881021107680250,Shelf Story Bold Voice,165315587996030172,Brand Awareness,22.15,3546,0,2930,239,54,100,100,96,0,204,166,2430,0,0,0,185,1330,0,0,0,0,0,0
2026-02-11,Connected TV,Seasonal Select Promo Initiative,Central Region Loyalty Cohort,18477671,Weekend Deal Hunters Interest Segment,181012655175308237,Shelf Story Bold Voice,125608499660276530,Brand Awareness,87.51,14595,0,12602,944,100,100,100,100,0,864,772,9354,0,0,0,706,4797,0,0,0,0,0,0
2026-02-10,Display Network,Home Essentials Scale Initiative,Central Region Loyalty Cohort,18477671,Bulk Buyers Retention Segment,165497790197034415,Price Drop Cut Direct Voice,171449224255083856,Brand Awareness,9.56,850,0,739,9,7,100,39,9,0,37,35,584,0,0,0,2,154,0,0,0,0,0,0
2026-02-10,Discovery Network,Smart Choice Impact Initiative,Central Region Loyalty Cohort,18477671,Health Conscious Buyers Interest Segment,274090105301609840,Shelf Story Warm Voice,156465368478275989,Brand Awareness,1.60,150,0,73,1,93,100,100,100,0,121,115,154,0,0,0,1,132,0,0,0,0,0,0
2026-02-10,Connected TV,Smart Choice Impact Initiative,Central Region Loyalty Cohort,18477671,Weekend Deal Hunters Interest Segment,110082916181382776,Shelf Story Bold Voice,967111776806546494,Brand Awareness,101.41,24099,0,21675,1068,100,100,100,100,0,1565,1470,25287,0,0,0,564,8395,0,0,0,0,0,0
2026-02-10,Shopping Grid,Smart Choice Impact Initiative,Central Region Loyalty Cohort,18477671,Weekend Deal Hunters Interest Segment,995854154678995860,Shelf Story Bold Voice,133473027723513405,Brand Awareness,11.51,2390,0,2908,103,55,100,100,79,0,142,143,2022,0,0,0,64,957,0,0,0,0,0,0
2026-02-10,Retail Media Network,Seasonal Select Promo Initiative,Central Region Loyalty Cohort,18477671,Weekend Deal Hunters Interest Segment,181012655175308237,Shelf Story Bold Voice,125608499660276530,Brand Awareness,86.42,11617,0,9957,921,100,100,100,100,0,802,597,7070,0,0,0,809,3866,0,0,0,0,0,0
2026-02-10,Video Network,Home Essentials Scale Initiative,Central Region Loyalty Cohort,18477671,Quick Refill Buyers Retention Segment,474168499292566921,Price Drop Cut Direct Voice,938010153527196274,Brand Awareness,1.0,958,0,979,15,1,6,2,2,0,3,2,13,0,0,0,10,12,0,0,0,0,0,0
2026-02-10,Connected TV,Smart Choice Impact Initiative,Central Region Loyalty Cohort,18477671,Quick Refill Buyers Retention Segment,135452867878308889,Shelf Story Bold Voice,845919020200716779,Brand Awareness,2.8,2300,0,2648,24,0,8,2,0,0,1,1,36,0,0,0,20,37,0,0,0,0,0,0
2026-02-10,Connected TV,Seasonal Select Promo Initiative,Central Region Loyalty Cohort,18477671,Weekend Deal Hunters Interest Segment,468881021107680250,Shelf Story Bold Voice,165315587996030172,Brand Awareness,22.09,3707,0,3717,270,64,100,100,100,0,207,168,2605,0,0,0,210,1320,0,0,0,0,0,0
2026-02-10,In-App Display,Seasonal Select Promo Initiative,Central Region Loyalty Cohort,18477671,Quick Refill Buyers Retention Segment,717659910692420024,Shelf Story Bold Voice,707559239232170135,Brand Awareness,0.27,151,0,156,1,0,1,0,0,0,0,0,8,0,0,0,1,2,0,0,0,0,0,0
2026-02-10,Shopping Grid,Smart Choice Impact Initiative,Central Region Loyalty Cohort,18477671,Weekend Deal Hunters Interest Segment,161770278494543000,Shelf Story Warm Voice,152725276979306039,Brand Awareness,142.28,9461,0,3874,35,100,100,100,100,0,9566,8428,10537,0,0,0,26,9394,0,0,0,0,0,0
2026-02-10,Marketplace Feed,Smart Choice Impact Initiative,Central Region Loyalty Cohort,18477671,Health Conscious Buyers Interest Segment,167654365099485656,Shelf Story Warm Voice,161660368368998179,Brand Awareness,122.8,8244,0,3564,29,100,100,100,100,0,7150,7488,8270,0,0,0,26,7866,0,0,0,0,0,0
2026-02-10,Influencer Network,Home Essentials Scale Initiative,Central Region Loyalty Cohort,18477671,Weekend Deal Hunters Interest Segment,102671615296443303,Price Drop Cut Direct Voice,150163807914179990,Brand Awareness,82.78,8848,0,11078,1376,100,100,100,100,0,420,376,7207,0,0,0,826,3566,0,0,0,0,0,0
2026-02-10,Retail Media Network,Home Essentials Scale Initiative,Central Region Loyalty Cohort,18477671,Weekend Deal Hunters Interest Segment,425581615203767678,Price Drop Cut Direct Voice,108795219178731166,Brand Awareness,39.99,3659,0,2709,47,35,100,100,50,0,120,108,1801,0,0,0,32,471,0,0,0,0,0,0
2026-02-10,Retail Media Network,Smart Choice Impact Initiative,Central Region Loyalty Cohort,18477671,Bulk Buyers Retention Segment,272613059943274108,Shelf Story Bold Voice,117102931113310336,Brand Awareness,1.60,197,0,192,4,5,42,15,5,0,11,10,141,0,0,0,1,59,0,0,0,0,0,0
2026-02-10,Social Feed,Family Pantry Impact Initiative,Central Region Loyalty Cohort,18477671,Weekend Deal Hunters Interest Segment,140369979643530101,Price Drop Cut Direct Voice,124257450419220034,Brand Awareness,0,0,0,0,0,0,0,0,0,0,0,0,0,0,0,0,0,0,0,0,0,0,0,0
2026-02-10,Search Network,Smart Choice Impact Initiative,Central Region Loyalty Cohort,18477671,Weekend Deal Hunters Interest Segment,270646603276678490,Shelf Story Bold Voice,110689689531150795,Brand Awareness,29.74,5171,0,4179,76,46,100,100,52,0,116,92,1583,0,0,0,74,487,0,0,0,0,0,0
2026-02-10,Display Network,Smart Choice Impact Initiative,Central Region Loyalty Cohort,18477671,Weekend Deal Hunters Interest Segment,183749570056400609,Shelf Story Bold Voice,165840257748609485,Brand Awareness,85.05,12077,0,9417,122,100,100,100,100,0,333,277,5591,0,0,0,81,1547,0,0,0,0,0,0
2026-02-10,Discovery Network,Home Essentials Scale Initiative,Central Region Loyalty Cohort,18477671,Weekend Deal Hunters Interest Segment,928297485290120790,Price Drop Cut Direct Voice,624349257864274485,Brand Awareness,33.27,4421,0,4619,517,71,100,100,100,0,180,175,2974,0,0,0,258,1473,0,0,0,0,0,0
2026-02-10,Shopping Grid,Home Essentials Scale Initiative,Central Region Loyalty Cohort,18477671,Weekend Deal Hunters Interest Segment,356875118246388766,Price Drop Cut Direct Voice,130209791709779763,Brand Awareness,79.60,6534,0,5157,77,43,100,100,62,0,131,134,3352,0,0,0,44,700,0,0,0,0,0,0
2026-02-10,Affiliate Network,Family Pantry Impact Initiative,Central Region Loyalty Cohort,18477671,Weekend Deal Hunters Interest Segment,156934692496769166,Price Drop Cut Direct Voice,103880146242172520,Brand Awareness,0,0,0,0,0,0,0,0,0,0,0,0,0,0,0,0,0,0,0,0,0,0,0,0
2026-02-10,Shopping Grid,Family Pantry Retention Initiative,East Region Prospecting Cohort,18477671,Health Conscious Buyers Interest Segment,823065021028548510,Offer Spotlight Friendly Voice,713715037199058792,Brand Awareness,0,0,0,0,0,0,0,0,0,0,0,0,0,0,0,0,0,0,0,0,0,0,0,0
2026-02-10,Social Feed,Family Pantry Retention Initiative,East Region Prospecting Cohort,18477671,Health Conscious Buyers Affinity Segment,804531305056281559,Offer Spotlight Friendly Voice,124013293572633974,Brand Awareness,0,0,0,0,0,0,0,0,0,0,0,0,0,0,0,0,0,0,0,0,0,0,0,0
2026-02-09,Search Network,Smart Choice Impact Initiative,Central Region Loyalty Cohort,18477671,Weekend Deal Hunters Interest Segment,110082916181382776,Shelf Story Bold Voice,967111776806546494,Brand Awareness,109.66,23942,0,24332,877,100,100,100,100,0,1751,1392,25095,0,0,0,505,8686,0,0,0,0,0,0
2026-02-09,Connected TV,Smart Choice Impact Initiative,Central Region Loyalty Cohort,18477671,Quick Refill Buyers Retention Segment,135452867878308889,Shelf Story Bold Voice,845919020200716779,Brand Awareness,1.59,1603,0,1506,8,0,11,4,0,0,3,2,19,0,0,0,5,16,0,0,0,0,0,0
2026-02-09,Influencer Network,Seasonal Select Promo Initiative,Central Region Loyalty Cohort,18477671,Weekend Deal Hunters Interest Segment,181012655175308237,Shelf Story Bold Voice,125608499660276530,Brand Awareness,90.78,12370,0,10589,1053,100,100,100,100,0,605,591,5489,0,0,0,781,4003,0,0,0,0,0,0
2026-02-09,Video Network,Seasonal Select Promo Initiative,Central Region Loyalty Cohort,18477671,Quick Refill Buyers Retention Segment,717659910692420024,Shelf Story Bold Voice,707559239232170135,Brand Awareness,0.5,235,0,235,10,0,7,2,1,0,2,2,15,0,0,0,8,18,0,0,0,0,0,0
2026-02-09,Search Network,Smart Choice Impact Initiative,Central Region Loyalty Cohort,18477671,Health Conscious Buyers Interest Segment,274090105301609840,Shelf Story Warm Voice,156465368478275989,Brand Awareness,1.84,143,0,81,3,100,100,100,100,0,137,123,159,0,0,0,3,139,0,0,0,0,0,0
2026-02-09,Connected TV,Home Essentials Scale Initiative,Central Region Loyalty Cohort,18477671,Weekend Deal Hunters Interest Segment,356875118246388766,Price Drop Cut Direct Voice,130209791709779763,Brand Awareness,110.19,8641,0,5347,805,100,100,100,100,0,1294,1185,5191,0,0,0,944,2744,0,0,0,0,0,0
2026-02-09,Affiliate Network,Family Pantry Retention Initiative,East Region Prospecting Cohort,18477671,Health Conscious Buyers Affinity Segment,804531305056281559,Offer Spotlight Friendly Voice,124013293572633974,Brand Awareness,0,0,0,0,0,0,0,0,0,0,0,0,0,0,0,0,0,0,0,0,0,0,0,0
2026-02-09,Video Network,Smart Choice Impact Initiative,Central Region Loyalty Cohort,18477671,Weekend Deal Hunters Interest Segment,995854154678995860,Shelf Story Bold Voice,133473027723513405,Brand Awareness,14.07,2457,0,2752,126,69,100,100,100,0,187,194,2634,0,0,0,68,933,0,0,0,0,0,0
2026-02-09,In-App Display,Smart Choice Impact Initiative,Central Region Loyalty Cohort,18477671,Weekend Deal Hunters Interest Segment,270646603276678490,Shelf Story Bold Voice,110689689531150795,Brand Awareness,27.40,4098,0,3430,170,58,100,100,72,0,206,221,1317,0,0,0,156,536,0,0,0,0,0,0
2026-02-09,Video Network,Smart Choice Impact Initiative,Central Region Loyalty Cohort,18477671,Weekend Deal Hunters Interest Segment,183749570056400609,Shelf Story Bold Voice,165840257748609485,Brand Awareness,109.1,12588,0,8122,513,100,100,100,100,0,684,618,5584,0,0,0,493,2610,0,0,0,0,0,0
2026-02-09,Discovery Network,Smart Choice Impact Initiative,Central Region Loyalty Cohort,18477671,Quick Refill Buyers Retention Segment,105198217396991460,Shelf Story Bold Voice,101062868661402419,Brand Awareness,0.04,2,0,2,0,0,0,0,0,0,0,0,1,0,0,0,0,0,0,0,0,0,0,0
2026-02-09,Retail Media Network,Seasonal Select Promo Initiative,Central Region Loyalty Cohort,18477671,Weekend Deal Hunters Interest Segment,468881021107680250,Shelf Story Bold Voice,165315587996030172,Brand Awareness,24.24,2966,0,3298,231,49,100,100,94,0,163,145,1496,0,0,0,210,1169,0,0,0,0,0,0
2026-02-09,Marketplace Feed,Smart Choice Impact Initiative,Central Region Loyalty Cohort,18477671,Weekend Deal Hunters Interest Segment,161770278494543000,Shelf Story Warm Voice,152725276979306039,Brand Awareness,105.58,8282,0,2947,31,100,100,100,100,0,7438,6210,8459,0,0,0,25,7202,0,0,0,0,0,0
2026-02-09,In-App Display,Home Essentials Scale Initiative,Central Region Loyalty Cohort,18477671,Weekend Deal Hunters Interest Segment,928297485290120790,Price Drop Cut Direct Voice,624349257864274485,Brand Awareness,37.18,4822,0,4422,576,91,100,100,100,0,196,180,3837,0,0,0,317,1518,0,0,0,0,0,0
2026-02-09,Shopping Grid,Home Essentials Scale Initiative,Central Region Loyalty Cohort,18477671,Quick Refill Buyers Retention Segment,131872955368731773,Price Drop Cut Direct Voice,183025405773351046,Brand Awareness,0,2,0,2,0,0,0,0,0,0,0,0,0,0,0,0,0,0,0,0,0,0,0,0
2026-02-09,Marketplace Feed,Home Essentials Scale Initiative,Central Region Loyalty Cohort,18477671,Weekend Deal Hunters Interest Segment,425581615203767678,Price Drop Cut Direct Voice,108795219178731166,Brand Awareness,35.84,2950,0,1972,499,100,100,100,100,0,675,590,2018,0,0,0,681,1400,0,0,0,0,0,0
2026-02-09,Search Network,Family Pantry Impact Initiative,Central Region Loyalty Cohort,18477671,Weekend Deal Hunters Interest Segment,140369979643530101,Price Drop Cut Direct Voice,124257450419220034,Brand Awareness,0,0,0,0,0,0,0,0,0,0,0,0,0,0,0,0,0,0,0,0,0,0,0,0
2026-02-09,Discovery Network,Smart Choice Impact Initiative,Central Region Loyalty Cohort,18477671,Health Conscious Buyers Interest Segment,167654365099485656,Shelf Story Warm Voice,161660368368998179,Brand Awareness,129.30,10737,0,3489,30,100,100,100,100,0,12630,10052,10506,0,0,0,26,11219,0,0,0,0,0,0
2026-02-09,Social Feed,Home Essentials Scale Initiative,Central Region Loyalty Cohort,18477671,Weekend Deal Hunters Interest Segment,102671615296443303,Price Drop Cut Direct Voice,150163807914179990,Brand Awareness,96.68,9941,0,8737,1358,100,100,100,100,0,427,402,7321,0,0,0,749,3053,0,0,0,0,0,0
2026-02-09,In-App Display,Home Essentials Scale Initiative,Central Region Loyalty Cohort,18477671,Quick Refill Buyers Retention Segment,474168499292566921,Price Drop Cut Direct Voice,938010153527196274,Brand Awareness,0.54,460,0,554,5,0,2,2,0,0,2,1,9,0,0,0,4,6,0,0,0,0,0,0
2026-02-08,Connected TV,Smart Choice Impact Initiative,Central Region Loyalty Cohort,18477671,Weekend Deal Hunters Interest Segment,995854154678995860,Shelf Story Bold Voice,133473027723513405,Brand Awareness,23.16,3575,0,3910,192,65,100,100,100,0,325,267,3281,0,0,0,106,1191,0,0,0,0,0,0
2026-02-08,Display Network,Smart Choice Impact Initiative,Central Region Loyalty Cohort,18477671,Quick Refill Buyers Retention Segment,135452867878308889,Shelf Story Bold Voice,845919020200716779,Brand Awareness,0.9,869,0,885,7,0,4,2,0,0,2,2,9,0,0,0,5,11,0,0,0,0,0,0
2026-02-08,Influencer Network,Smart Choice Impact Initiative,Central Region Loyalty Cohort,18477671,Weekend Deal Hunters Interest Segment,161770278494543000,Shelf Story Warm Voice,152725276979306039,Brand Awareness,138.60,9463,0,4393,57,100,100,100,100,0,9420,8848,11383,0,0,0,42,9114,0,0,0,0,0,0
2026-02-08,Search Network,Family Pantry Retention Initiative,East Region Prospecting Cohort,18477671,Bulk Buyers Retention Segment,831536911808005465,Offer Spotlight Friendly Voice,113562410301463548,Brand Awareness,22.34,918,0,840,5,0,0,0,0,0,0,0,0,0,0,0,4,25,0,0,0,0,0,0
2026-02-08,Discovery Network,Family Pantry Retention Initiative,East Region Prospecting Cohort,18477671,Family Planners Lookalike Segment,153275672009633380,Offer Spotlight Friendly Voice,625192690779185911,Brand Awareness,40.88,1729,0,1508,5,0,0,0,0,0,0,0,0,0,0,0,4,44,0,0,0,0,0,0
2026-02-08,Influencer Network,Family Pantry Retention Initiative,East Region Prospecting Cohort,18477671,Health Conscious Buyers Affinity Segment,804531305056281559,Offer Spotlight Friendly Voice,124013293572633974,Brand Awareness,339.99,39121,0,28540,131,0,0,0,0,0,0,0,0,1,0,0,77,323,0,0,0,0,0,0
2026-02-08,Influencer Network,Family Pantry Retention Initiative,East Region Prospecting Cohort,18477671,Health Conscious Buyers Retention Segment,113120870326608499,Offer Spotlight Friendly Voice,122412501089162195,Brand Awareness,54.36,942,0,904,10,0,0,0,0,0,0,0,0,0,0,0,6,61,0,0,0,0,0,0
2026-02-08,In-App Display,Family Pantry Impact Initiative,Central Region Loyalty Cohort,18477671,Weekend Deal Hunters Interest Segment,140369979643530101,Price Drop Cut Direct Voice,124257450419220034,Brand Awareness,0,0,0,0,0,0,0,0,0,0,0,0,0,0,0,0,0,0,0,0,0,0,0,0
2026-02-08,Social Feed,Seasonal Select Promo Initiative,Central Region Loyalty Cohort,18477671,Weekend Deal Hunters Interest Segment,181012655175308237,Shelf Story Bold Voice,125608499660276530,Brand Awareness,82.47,10792,0,11410,1083,100,100,100,100,0,644,591,4818,0,0,0,734,3460,0,0,0,0,0,0
2026-02-08,Shopping Grid,Seasonal Select Promo Initiative,Central Region Loyalty Cohort,18477671,Quick Refill Buyers Retention Segment,717659910692420024,Shelf Story Bold Voice,707559239232170135,Brand Awareness,0.64,286,0,271,6,1,6,3,2,0,2,2,15,0,0,0,4,12,0,0,0,0,0,0
2026-02-08,Search Network,Smart Choice Impact Initiative,Central Region Loyalty Cohort,18477671,Weekend Deal Hunters Interest Segment,110082916181382776,Shelf Story Bold Voice,967111776806546494,Brand Awareness,82.95,20281,0,17520,843,100,100,100,100,0,1280,1137,17249,0,0,0,470,8349,0,0,0,0,0,0
2026-02-08,Shopping Grid,Smart Choice Impact Initiative,Central Region Loyalty Cohort,18477671,Health Conscious Buyers Interest Segment,167654365099485656,Shelf Story Warm Voice,161660368368998179,Brand Awareness,144,10591,0,4478,39,100,100,100,100,0,10969,10172,10227,0,0,0,32,10177,0,0,0,0,0,0
2026-02-08,Social Feed,Family Pantry Retention Initiative,East Region Prospecting Cohort,18477671,Health Conscious Buyers Interest Segment,823065021028548510,Offer Spotlight Friendly Voice,713715037199058792,Brand Awareness,57.22,1396,0,1457,7,0,0,0,0,0,0,0,0,0,0,0,6,54,0,0,0,0,0,0
2026-02-08,Connected TV,Home Essentials Scale Initiative,Central Region Loyalty Cohort,18477671,Weekend Deal Hunters Interest Segment,102671615296443303,Price Drop Cut Direct Voice,150163807914179990,Brand Awareness,83.06,8844,0,9877,1422,100,100,100,100,0,390,376,6082,0,0,0,798,3579,0,0,0,0,0,0
2026-02-08,Influencer Network,Home Essentials Scale Initiative,Central Region Loyalty Cohort,18477671,Weekend Deal Hunters Interest Segment,928297485290120790,Price Drop Cut Direct Voice,624349257864274485,Brand Awareness,48.66,4512,0,4449,635,92,100,100,100,0,223,215,3235,0,0,0,402,1644,0,0,0,0,0,0
2026-02-08,Marketplace Feed,Home Essentials Scale Initiative,Central Region Loyalty Cohort,18477671,Quick Refill Buyers Retention Segment,474168499292566921,Price Drop Cut Direct Voice,938010153527196274,Brand Awareness,0.59,490,0,466,2,0,3,1,0,0,1,1,10,0,0,0,2,9,0,0,0,0,0,0
2026-02-08,Social Feed,Home Essentials Scale Initiative,Central Region Loyalty Cohort,18477671,Quick Refill Buyers Retention Segment,131872955368731773,Price Drop Cut Direct Voice,183025405773351046,Brand Awareness,0.01,3,0,3,0,0,0,0,0,0,0,0,1,0,0,0,0,0,0,0,0,0,0,0
2026-02-08,Influencer Network,Home Essentials Scale Initiative,Central Region Loyalty Cohort,18477671,Weekend Deal Hunters Interest Segment,356875118246388766,Price Drop Cut Direct Voice,130209791709779763,Brand Awareness,107.36,8054,0,4193,354,100,100,100,100,0,465,426,4280,0,0,0,330,1440,0,0,0,0,0,0
2026-02-08,Affiliate Network,Home Essentials Scale Initiative,Central Region Loyalty Cohort,18477671,Weekend Deal Hunters Interest Segment,425581615203767678,Price Drop Cut Direct Voice,108795219178731166,Brand Awareness,35.54,3206,0,2412,297,100,100,100,100,0,376,349,2128,0,0,0,305,1057,0,0,0,0,0,0
2026-02-08,Discovery Network,Family Pantry Impact Initiative,Central Region Loyalty Cohort,18477671,Weekend Deal Hunters Interest Segment,156934692496769166,Price Drop Cut Direct Voice,103880146242172520,Brand Awareness,0,0,0,0,0,0,0,0,0,0,0,0,0,0,0,0,0,0,0,0,0,0,0,0
2026-02-08,Display Network,Seasonal Select Promo Initiative,Central Region Loyalty Cohort,18477671,Weekend Deal Hunters Interest Segment,468881021107680250,Shelf Story Bold Voice,165315587996030172,Brand Awareness,20.04,2934,0,2647,240,41,100,100,61,0,135,112,1524,0,0,0,166,768,0,0,0,0,0,0
2026-02-08,Marketplace Feed,Smart Choice Impact Initiative,Central Region Loyalty Cohort,18477671,Weekend Deal Hunters Interest Segment,270646603276678490,Shelf Story Bold Voice,110689689531150795,Brand Awareness,21.06,3708,0,2855,88,60,100,100,62,0,141,142,1306,0,0,0,84,467,0,0,0,0,0,0
2026-02-08,Video Network,Smart Choice Impact Initiative,Central Region Loyalty Cohort,18477671,Weekend Deal Hunters Interest Segment,183749570056400609,Shelf Story Bold Voice,165840257748609485,Brand Awareness,96.19,8873,0,6677,318,100,100,100,100,0,502,462,4304,0,0,0,280,1695,0,0,0,0,0,0
2026-02-08,Shopping Grid,Smart Choice Impact Initiative,Central Region Loyalty Cohort,18477671,Health Conscious Buyers Interest Segment,274090105301609840,Shelf Story Warm Voice,156465368478275989,Brand Awareness,1,151,0,132,0,50,100,69,60,0,71,71,151,0,0,0,0,131,0,0,0,0,0,0
2026-02-07,Display Network,Home Essentials Scale Initiative,Central Region Loyalty Cohort,18477671,Weekend Deal Hunters Interest Segment,928297485290120790,Price Drop Cut Direct Voice,624349257864274485,Brand Awareness,55.91,16406,0,14203,793,91,100,100,100,0,247,257,4072,0,0,0,427,1806,0,0,0,0,0,0
2026-02-07,Retail Media Network,Smart Choice Impact Initiative,Central Region Loyalty Cohort,18477671,Quick Refill Buyers Retention Segment,135452867878308889,Shelf Story Bold Voice,845919020200716779,Brand Awareness,0.47,337,0,326,9,0,6,2,0,0,2,2,8,0,0,0,6,12,0,0,0,0,0,0
2026-02-07,Connected TV,Smart Choice Impact Initiative,Central Region Loyalty Cohort,18477671,Quick Refill Buyers Retention Segment,105198217396991460,Shelf Story Bold Voice,101062868661402419,Brand Awareness,0.02,1,0,1,0,0,0,0,0,0,0,0,0,0,0,0,0,0,0,0,0,0,0,0
2026-02-07,Shopping Grid,Seasonal Select Promo Initiative,Central Region Loyalty Cohort,18477671,Weekend Deal Hunters Interest Segment,181012655175308237,Shelf Story Bold Voice,125608499660276530,Brand Awareness,97.10,10502,0,11272,1018,100,100,100,100,0,684,580,5700,0,0,0,904,3323,0,0,0,0,0,0
2026-02-07,Discovery Network,Smart Choice Impact Initiative,Central Region Loyalty Cohort,18477671,Weekend Deal Hunters Interest Segment,110082916181382776,Shelf Story Bold Voice,967111776806546494,Brand Awareness,100.74,23037,0,19613,925,100,100,100,100,0,1621,1491,25287,0,0,0,555,9674,0,0,0,0,0,0
2026-02-07,Influencer Network,Family Pantry Retention Initiative,East Region Prospecting Cohort,18477671,Bulk Buyers Retention Segment,831536911808005465,Offer Spotlight Friendly Voice,113562410301463548,Brand Awareness,22.69,625,0,594,10,0,0,0,0,0,0,0,0,0,0,0,9,35,0,0,0,0,0,0
2026-02-07,Display Network,Family Pantry Retention Initiative,East Region Prospecting Cohort,18477671,Family Planners Lookalike Segment,153275672009633380,Offer Spotlight Friendly Voice,625192690779185911,Brand Awareness,48.41,1917,0,1762,8,0,0,0,0,0,0,0,0,0,0,0,5,59,0,0,0,0,0,0
2026-02-07,Discovery Network,Family Pantry Retention Initiative,East Region Prospecting Cohort,18477671,Health Conscious Buyers Retention Segment,113120870326608499,Offer Spotlight Friendly Voice,122412501089162195,Brand Awareness,46.77,1000,0,1165,7,0,0,0,0,0,0,0,0,0,0,0,5,78,0,0,0,0,0,0
2026-02-07,Affiliate Network,Home Essentials Scale Initiative,Central Region Loyalty Cohort,18477671,Weekend Deal Hunters Interest Segment,102671615296443303,Price Drop Cut Direct Voice,150163807914179990,Brand Awareness,71.43,9119,0,9024,1265,100,100,100,100,0,535,390,7182,0,0,1,700,4032,0,0,0,0,0,0
2026-02-07,In-App Display,Smart Choice Impact Initiative,Central Region Loyalty Cohort,18477671,Weekend Deal Hunters Interest Segment,995854154678995860,Shelf Story Bold Voice,133473027723513405,Brand Awareness,25.91,4062,0,4614,238,100,100,100,100,0,339,324,4611,0,0,0,125,1675,0,0,0,0,0,0
2026-02-07,Social Feed,Smart Choice Impact Initiative,Central Region Loyalty Cohort,18477671,Weekend Deal Hunters Interest Segment,270646603276678490,Shelf Story Bold Voice,110689689531150795,Brand Awareness,35.63,4377,0,3021,116,95,100,100,100,0,226,175,1399,0,0,0,116,537,0,0,0,0,0,0
2026-02-07,Video Network,Seasonal Select Promo Initiative,Central Region Loyalty Cohort,18477671,Weekend Deal Hunters Interest Segment,468881021107680250,Shelf Story Bold Voice,165315587996030172,Brand Awareness,21.6,3120,0,3598,274,67,100,100,81,0,153,153,1662,0,0,0,183,925,0,0,0,0,0,0
2026-02-07,Retail Media Network,Seasonal Select Promo Initiative,Central Region Loyalty Cohort,18477671,Quick Refill Buyers Retention Segment,717659910692420024,Shelf Story Bold Voice,707559239232170135,Brand Awareness,0.73,428,0,498,10,0,5,2,0,0,3,2,25,0,0,0,8,15,0,0,0,0,0,0
2026-02-07,Shopping Grid,Smart Choice Impact Initiative,Central Region Loyalty Cohort,18477671,Health Conscious Buyers Interest Segment,167654365099485656,Shelf Story Warm Voice,161660368368998179,Brand Awareness,113.74,8877,0,4451,35,100,100,100,100,0,9835,8930,9974,0,0,0,22,10090,0,0,0,0,0,0
2026-02-07,Connected TV,Family Pantry Retention Initiative,East Region Prospecting Cohort,18477671,Health Conscious Buyers Affinity Segment,804531305056281559,Offer Spotlight Friendly Voice,124013293572633974,Brand Awareness,362.67,35389,0,27757,136,0,0,0,0,0,0,0,0,0,0,0,87,422,0,0,0,0,0,0
2026-02-07,In-App Display,Family Pantry Retention Initiative,East Region Prospecting Cohort,18477671,Health Conscious Buyers Interest Segment,823065021028548510,Offer Spotlight Friendly Voice,713715037199058792,Brand Awareness,50.77,1299,0,1515,13,0,0,0,0,0,0,0,0,0,0,0,10,61,0,0,0,0,0,0
2026-02-07,Video Network,Home Essentials Scale Initiative,Central Region Loyalty Cohort,18477671,Quick Refill Buyers Retention Segment,474168499292566921,Price Drop Cut Direct Voice,938010153527196274,Brand Awareness,1.18,954,0,850,21,1,17,6,2,0,4,4,32,0,0,0,12,28,0,0,0,0,0,0
2026-02-07,In-App Display,Home Essentials Scale Initiative,Central Region Loyalty Cohort,18477671,Quick Refill Buyers Retention Segment,131872955368731773,Price Drop Cut Direct Voice,183025405773351046,Brand Awareness,1.14,45,0,37,6,1,2,3,1,0,3,2,28,0,0,0,1,8,0,0,0,0,0,0
2026-02-07,Search Network,Home Essentials Scale Initiative,Central Region Loyalty Cohort,18477671,Weekend Deal Hunters Interest Segment,356875118246388766,Price Drop Cut Direct Voice,130209791709779763,Brand Awareness,110.06,7368,0,4069,193,100,100,100,100,0,369,314,3828,0,0,0,139,1176,0,0,0,0,0,0
2026-02-07,In-App Display,Home Essentials Scale Initiative,Central Region Loyalty Cohort,18477671,Weekend Deal Hunters Interest Segment,425581615203767678,Price Drop Cut Direct Voice,108795219178731166,Brand Awareness,36.85,2443,0,1815,71,46,100,100,64,0,129,117,1419,0,0,0,55,478,0,0,0,0,0,0
2026-02-07,Discovery Network,Smart Choice Impact Initiative,Central Region Loyalty Cohort,18477671,Health Conscious Buyers Interest Segment,274090105301609840,Shelf Story Warm Voice,156465368478275989,Brand Awareness,0.90,90,0,70,0,56,90,62,53,0,61,51,95,0,0,0,0,82,0,0,0,0,0,0
2026-02-07,Influencer Network,Smart Choice Impact Initiative,Central Region Loyalty Cohort,18477671,Weekend Deal Hunters Interest Segment,183749570056400609,Shelf Story Bold Voice,165840257748609485,Brand Awareness,89.38,8204,0,6959,200,100,100,100,100,0,375,297,4040,0,0,0,165,1359,0,0,0,0,0,0
2026-02-07,Display Network,Smart Choice Impact Initiative,Central Region Loyalty Cohort,18477671,Weekend Deal Hunters Interest Segment,161770278494543000,Shelf Story Warm Voice,152725276979306039,Brand Awareness,173.49,13147,0,6899,72,100,100,100,100,0,15343,13248,16449,0,0,0,52,13780,0,0,0,0,0,0
2026-02-06,Display Network,Smart Choice Impact Initiative,Central Region Loyalty Cohort,18477671,Weekend Deal Hunters Interest Segment,270646603276678490,Shelf Story Bold Voice,110689689531150795,Brand Awareness,24.67,3493,0,3007,111,78,100,100,90,0,147,158,1333,0,0,0,94,546,0,0,0,0,0,0
2026-02-06,Retail Media Network,Family Pantry Retention Initiative,East Region Prospecting Cohort,18477671,Bulk Buyers Retention Segment,831536911808005465,Offer Spotlight Friendly Voice,113562410301463548,Brand Awareness,29.86,1986,0,2265,8,0,0,0,0,0,0,0,0,0,0,0,5,31,0,0,0,0,0,0
2026-02-06,Retail Media Network,Smart Choice Impact Initiative,Central Region Loyalty Cohort,18477671,Weekend Deal Hunters Interest Segment,110082916181382776,Shelf Story Bold Voice,967111776806546494,Brand Awareness,87.02,17495,0,20003,906,100,100,100,100,0,1271,1196,19243,0,0,0,463,8019,0,0,0,0,0,0
2026-02-06,Search Network,Smart Choice Impact Initiative,Central Region Loyalty Cohort,18477671,Quick Refill Buyers Retention Segment,135452867878308889,Shelf Story Bold Voice,845919020200716779,Brand Awareness,1.41,1425,0,1345,17,0,7,3,0,0,3,2,20,0,0,0,13,21,0,0,0,0,0,0
2026-02-06,Discovery Network,Smart Choice Impact Initiative,Central Region Loyalty Cohort,18477671,Weekend Deal Hunters Interest Segment,183749570056400609,Shelf Story Bold Voice,165840257748609485,Brand Awareness,70.80,8432,0,6479,171,100,100,100,100,0,378,328,3754,0,0,0,141,1322,0,0,0,0,0,0
2026-02-06,Discovery Network,Seasonal Select Promo Initiative,Central Region Loyalty Cohort,18477671,Weekend Deal Hunters Interest Segment,468881021107680250,Shelf Story Bold Voice,165315587996030172,Brand Awareness,26.76,3783,0,3693,288,80,100,100,100,0,234,201,2279,0,0,0,264,1560,0,0,0,0,0,0
2026-02-06,Display Network,Seasonal Select Promo Initiative,Central Region Loyalty Cohort,18477671,Quick Refill Buyers Retention Segment,717659910692420024,Shelf Story Bold Voice,707559239232170135,Brand Awareness,0.22,91,0,85,0,0,2,0,0,0,0,0,3,0,0,0,0,2,0,0,0,0,0,0
2026-02-06,Social Feed,Smart Choice Impact Initiative,Central Region Loyalty Cohort,18477671,Weekend Deal Hunters Interest Segment,161770278494543000,Shelf Story Warm Voice,152725276979306039,Brand Awareness,192.47,15565,0,6652,70,100,100,100,100,0,12207,11601,15485,0,0,0,43,12794,0,0,0,0,0,0
2026-02-06,Connected TV,Smart Choice Impact Initiative,Central Region Loyalty Cohort,18477671,Health Conscious Buyers Interest Segment,167654365099485656,Shelf Story Warm Voice,161660368368998179,Brand Awareness,109.84,9193,0,4653,33,100,100,100,100,0,7676,7998,8914,0,0,0,24,8197,0,0,0,0,0,0
2026-02-06,Marketplace Feed,Family Pantry Retention Initiative,East Region Prospecting Cohort,18477671,Health Conscious Buyers Interest Segment,823065021028548510,Offer Spotlight Friendly Voice,713715037199058792,Brand Awareness,41.35,1747,0,1686,6,0,0,0,0,0,0,0,0,0,0,0,4,58,0,0,0,0,0,0
2026-02-06,Retail Media Network,Home Essentials Scale Initiative,Central Region Loyalty Cohort,18477671,Quick Refill Buyers Retention Segment,474168499292566921,Price Drop Cut Direct Voice,938010153527196274,Brand Awareness,0.49,149,0,148,10,0,7,3,0,0,2,2,25,0,0,0,6,16,0,0,0,0,0,0
2026-02-06,Shopping Grid,Home Essentials Scale Initiative,Central Region Loyalty Cohort,18477671,Weekend Deal Hunters Interest Segment,356875118246388766,Price Drop Cut Direct Voice,130209791709779763,Brand Awareness,76.00,5286,0,3131,110,89,100,100,100,0,247,228,3513,0,0,0,59,872,0,0,0,0,0,0
2026-02-06,Search Network,Home Essentials Scale Initiative,Central Region Loyalty Cohort,18477671,Weekend Deal Hunters Interest Segment,425581615203767678,Price Drop Cut Direct Voice,108795219178731166,Brand Awareness,34.76,2984,0,1802,30,28,100,100,48,0,109,95,2025,0,0,0,17,580,0,0,0,0,0,0
2026-02-06,Discovery Network,Family Pantry Impact Initiative,Central Region Loyalty Cohort,18477671,Weekend Deal Hunters Interest Segment,156934692496769166,Price Drop Cut Direct Voice,103880146242172520,Brand Awareness,0,0,0,0,0,0,0,0,0,0,0,0,0,0,0,0,0,0,0,0,0,0,0,0
2026-02-06,Social Feed,Family Pantry Impact Initiative,Central Region Loyalty Cohort,18477671,Weekend Deal Hunters Interest Segment,140369979643530101,Price Drop Cut Direct Voice,124257450419220034,Brand Awareness,0,0,0,0,0,0,0,0,0,0,0,0,0,0,0,0,0,0,0,0,0,0,0,0
2026-02-06,Marketplace Feed,Smart Choice Impact Initiative,Central Region Loyalty Cohort,18477671,Weekend Deal Hunters Interest Segment,995854154678995860,Shelf Story Bold Voice,133473027723513405,Brand Awareness,26.65,5179,0,5670,284,100,100,100,100,0,422,421,5082,0,0,0,190,2320,0,0,0,0,0,0
2026-02-06,In-App Display,Smart Choice Impact Initiative,Central Region Loyalty Cohort,18477671,Health Conscious Buyers Interest Segment,274090105301609840,Shelf Story Warm Voice,156465368478275989,Brand Awareness,2.83,198,0,95,1,100,100,100,100,0,171,168,233,0,0,0,1,208,0,0,0,0,0,0
2026-02-06,Display Network,Family Pantry Retention Initiative,East Region Prospecting Cohort,18477671,Family Planners Lookalike Segment,153275672009633380,Offer Spotlight Friendly Voice,625192690779185911,Brand Awareness,25.29,1825,0,1702,10,0,0,0,0,0,0,0,0,0,0,0,7,46,0,0,0,0,0,0
2026-02-06,Affiliate Network,Family Pantry Retention Initiative,East Region Prospecting Cohort,18477671,Health Conscious Buyers Affinity Segment,804531305056281559,Offer Spotlight Friendly Voice,124013293572633974,Brand Awareness,298,34464,0,32333,130,0,0,0,0,0,0,0,0,0,0,0,84,411,0,0,0,0,0,0
2026-02-06,Marketplace Feed,Home Essentials Scale Initiative,Central Region Loyalty Cohort,18477671,Weekend Deal Hunters Interest Segment,928297485290120790,Price Drop Cut Direct Voice,624349257864274485,Brand Awareness,58.94,11813,0,12707,841,89,100,100,100,0,294,260,4337,0,0,0,466,1951,0,0,0,0,0,0
2026-02-06,Connected TV,Home Essentials Scale Initiative,Central Region Loyalty Cohort,18477671,Quick Refill Buyers Retention Segment,131872955368731773,Price Drop Cut Direct Voice,183025405773351046,Brand Awareness,0.88,154,0,107,8,0,17,8,4,0,9,8,65,0,0,0,3,27,0,0,0,0,0,0
2026-02-06,Social Feed,Seasonal Select Promo Initiative,Central Region Loyalty Cohort,18477671,Weekend Deal Hunters Interest Segment,181012655175308237,Shelf Story Bold Voice,125608499660276530,Brand Awareness,88.20,11193,0,11204,1033,100,100,100,100,0,712,632,6553,0,0,0,751,4408,0,0,0,0,0,0
2026-02-06,Connected TV,Family Pantry Retention Initiative,East Region Prospecting Cohort,18477671,Health Conscious Buyers Retention Segment,113120870326608499,Offer Spotlight Friendly Voice,122412501089162195,Brand Awareness,35.76,1670,0,1598,11,0,0,0,0,0,0,0,0,0,0,0,7,49,0,0,0,0,0,0
2026-02-06,Connected TV,Home Essentials Scale Initiative,Central Region Loyalty Cohort,18477671,Weekend Deal Hunters Interest Segment,102671615296443303,Price Drop Cut Direct Voice,150163807914179990,Brand Awareness,89.62,9467,0,11159,1289,100,100,100,100,0,584,465,7364,0,0,0,753,3900,0,0,0,0,0,0
2026-02-05,Influencer Network,Seasonal Select Promo Initiative,Central Region Loyalty Cohort,18477671,Weekend Deal Hunters Interest Segment,181012655175308237,Shelf Story Bold Voice,125608499660276530,Brand Awareness,77.4,8690,0,9455,904,100,100,100,100,0,647,532,6010,0,0,0,629,3667,0,0,0,0,0,0
2026-02-05,Search Network,Family Pantry Impact Initiative,Central Region Loyalty Cohort,18477671,Quick Refill Buyers Retention Segment,673606691743166347,Price Drop Cut Direct Voice,164628896740471653,Brand Awareness,1.87,1020,0,1222,12,0,0,0,0,0,0,0,0,0,0,0,9,9,0,0,0,0,0,0
2026-02-05,Video Network,Smart Choice Impact Initiative,Central Region Loyalty Cohort,18477671,Weekend Deal Hunters Interest Segment,110082916181382776,Shelf Story Bold Voice,967111776806546494,Brand Awareness,77.05,15189,0,15657,726,100,100,100,100,0,1233,1109,14765,0,0,0,430,7175,0,0,0,0,0,0
2026-02-05,Social Feed,Seasonal Select Promo Initiative,Central Region Loyalty Cohort,18477671,Weekend Deal Hunters Interest Segment,468881021107680250,Shelf Story Bold Voice,165315587996030172,Brand Awareness,28.71,3908,0,3490,314,65,100,100,100,0,205,152,2147,0,0,0,288,1366,0,0,0,0,0,0
2026-02-05,Connected TV,Family Pantry Impact Initiative,Central Region Loyalty Cohort,18477671,Weekend Deal Hunters Interest Segment,156934692496769166,Price Drop Cut Direct Voice,103880146242172520,Brand Awareness,78.40,22080,0,15413,962,0,0,0,0,0,0,0,0,0,0,0,567,452,0,0,0,0,0,0
2026-02-05,Social Feed,Smart Choice Impact Initiative,Central Region Loyalty Cohort,18477671,Health Conscious Buyers Interest Segment,167654365099485656,Shelf Story Warm Voice,161660368368998179,Brand Awareness,137.88,10199,0,6585,101,100,100,100,100,0,7022,7159,11362,0,0,0,35,7870,0,0,0,0,0,0
2026-02-05,Shopping Grid,Family Pantry Retention Initiative,East Region Prospecting Cohort,18477671,Bulk Buyers Retention Segment,831536911808005465,Offer Spotlight Friendly Voice,113562410301463548,Brand Awareness,14.23,1393,0,1348,6,0,0,0,0,0,0,0,0,0,0,0,4,26,0,0,0,0,0,0
2026-02-05,Marketplace Feed,Family Pantry Retention Initiative,East Region Prospecting Cohort,18477671,Health Conscious Buyers Retention Segment,113120870326608499,Offer Spotlight Friendly Voice,122412501089162195,Brand Awareness,91.11,3663,0,3299,26,0,0,0,0,0,0,0,0,0,0,0,18,142,0,0,0,0,0,0
2026-02-05,In-App Display,Seasonal Select Promo Initiative,Central Region Loyalty Cohort,18477671,Quick Refill Buyers Retention Segment,717659910692420024,Shelf Story Bold Voice,707559239232170135,Brand Awareness,0.44,262,0,294,2,0,3,1,0,0,1,1,10,0,0,0,2,6,0,0,0,0,0,0
2026-02-05,Affiliate Network,Smart Choice Impact Initiative,Central Region Loyalty Cohort,18477671,Weekend Deal Hunters Interest Segment,995854154678995860,Shelf Story Bold Voice,133473027723513405,Brand Awareness,29.91,5909,0,6283,310,100,100,100,100,0,606,551,6072,0,0,0,196,2560,0,0,0,0,0,0
2026-02-05,Social Feed,Smart Choice Impact Initiative,Central Region Loyalty Cohort,18477671,Quick Refill Buyers Retention Segment,135452867878308889,Shelf Story Bold Voice,845919020200716779,Brand Awareness,2.09,1783,0,1522,21,1,13,4,2,0,4,4,33,0,0,0,17,27,0,0,0,0,0,0
2026-02-05,Connected TV,Smart Choice Impact Initiative,Central Region Loyalty Cohort,18477671,Weekend Deal Hunters Interest Segment,270646603276678490,Shelf Story Bold Voice,110689689531150795,Brand Awareness,37.02,4178,0,3315,90,71,100,100,93,0,172,172,1533,0,0,0,81,451,0,0,0,0,0,0
2026-02-05,Discovery Network,Smart Choice Impact Initiative,Central Region Loyalty Cohort,18477671,Weekend Deal Hunters Interest Segment,183749570056400609,Shelf Story Bold Voice,165840257748609485,Brand Awareness,73.14,10609,0,6321,112,81,100,100,100,0,253,228,4462,0,0,0,104,1356,0,0,0,0,0,0
2026-02-05,Shopping Grid,Family Pantry Impact Initiative,Central Region Loyalty Cohort,18477671,Weekend Deal Hunters Interest Segment,140369979643530101,Price Drop Cut Direct Voice,124257450419220034,Brand Awareness,237.3,50414,0,45176,1796,0,0,0,0,0,0,0,0,0,0,0,1181,1251,0,0,0,0,0,0
2026-02-05,Discovery Network,Smart Choice Impact Initiative,Central Region Loyalty Cohort,18477671,Health Conscious Buyers Interest Segment,946685256450094574,Collection Showcase Warm Voice,115383348713532855,Brand Awareness,84.86,11612,0,11734,156,100,100,100,100,0,4617,5044,12383,0,0,0,18,9732,0,0,0,0,0,0
2026-02-05,Retail Media Network,Smart Choice Impact Initiative,Central Region Loyalty Cohort,18477671,Weekend Deal Hunters Interest Segment,829930375955639700,Collection Showcase Warm Voice,599400151693319431,Brand Awareness,146.42,30773,0,36643,352,100,100,100,100,0,10378,9001,31934,1,0,0,46,20920,0,0,0,0,0,0
2026-02-05,Search Network,Smart Choice Impact Initiative,Central Region Loyalty Cohort,18477671,Health Conscious Buyers Interest Segment,950806468161421943,Collection Showcase Warm Voice,680262003426657468,Brand Awareness,49.64,8801,0,9770,194,100,100,100,100,0,2193,2149,8789,0,0,0,21,5719,0,0,0,0,0,0
2026-02-05,Connected TV,Smart Choice Impact Initiative,Central Region Loyalty Cohort,18477671,Weekend Deal Hunters Interest Segment,161770278494543000,Shelf Story Warm Voice,152725276979306039,Brand Awareness,129.62,15394,0,10995,181,100,100,100,100,0,7744,6336,14426,0,0,0,61,9051,0,0,0,0,0,0
2026-02-05,Retail Media Network,Smart Choice Impact Initiative,Central Region Loyalty Cohort,18477671,Health Conscious Buyers Interest Segment,274090105301609840,Shelf Story Warm Voice,156465368478275989,Brand Awareness,21.89,2132,0,1262,29,100,100,100,100,0,1349,1023,1867,0,0,0,18,1390,0,0,0,0,0,0
2026-02-05,Connected TV,Family Pantry Retention Initiative,East Region Prospecting Cohort,18477671,Family Planners Lookalike Segment,153275672009633380,Offer Spotlight Friendly Voice,625192690779185911,Brand Awareness,30.43,1940,0,2095,9,0,0,0,0,0,0,0,0,0,0,0,5,53,0,0,0,0,0,0
2026-02-05,Shopping Grid,Family Pantry Retention Initiative,East Region Prospecting Cohort,18477671,Health Conscious Buyers Affinity Segment,804531305056281559,Offer Spotlight Friendly Voice,124013293572633974,Brand Awareness,372.40,23202,0,18331,109,0,0,0,0,0,0,0,0,0,0,0,78,611,0,0,0,0,0,0
2026-02-05,Discovery Network,Family Pantry Retention Initiative,East Region Prospecting Cohort,18477671,Health Conscious Buyers Interest Segment,823065021028548510,Offer Spotlight Friendly Voice,713715037199058792,Brand Awareness,87.19,3203,0,2992,34,0,0,0,0,0,0,0,0,1,0,0,20,175,0,0,0,0,0,0
2026-02-05,Discovery Network,Market Fresh Demand Initiative,East Region Prospecting Cohort,18477671,Weekend Deal Hunters Interest Segment,167837370383045694,Shelf Story Warm Voice,139082527496622049,Brand Awareness,0,0,0,0,0,0,0,0,0,0,0,0,0,0,0,0,0,0,0,0,0,0,0,0
2026-02-04,Marketplace Feed,Seasonal Select Promo Initiative,Central Region Loyalty Cohort,18477671,Weekend Deal Hunters Interest Segment,181012655175308237,Shelf Story Bold Voice,125608499660276530,Brand Awareness,75.35,10459,0,9564,845,100,100,100,100,0,597,580,7200,0,0,0,727,4326,0,0,0,0,0,0
2026-02-04,Video Network,Seasonal Select Promo Initiative,Central Region Loyalty Cohort,18477671,Quick Refill Buyers Retention Segment,717659910692420024,Shelf Story Bold Voice,707559239232170135,Brand Awareness,0.31,144,0,131,5,1,7,2,1,0,2,2,18,0,0,0,4,13,0,0,0,0,0,0
2026-02-04,In-App Display,Smart Choice Impact Initiative,Central Region Loyalty Cohort,18477671,Health Conscious Buyers Interest Segment,950806468161421943,Collection Showcase Warm Voice,680262003426657468,Brand Awareness,23.40,5476,0,6041,126,100,100,100,100,0,1672,1489,5425,1,0,0,9,3968,0,0,0,0,0,0
2026-02-04,Display Network,Family Pantry Retention Initiative,East Region Prospecting Cohort,18477671,Health Conscious Buyers Retention Segment,113120870326608499,Offer Spotlight Friendly Voice,122412501089162195,Brand Awareness,12.16,1049,0,1132,3,0,0,0,0,0,0,0,0,0,0,0,2,27,0,0,0,0,0,0
2026-02-04,Display Network,Smart Choice Impact Initiative,Central Region Loyalty Cohort,18477671,Weekend Deal Hunters Interest Segment,995854154678995860,Shelf Story Bold Voice,133473027723513405,Brand Awareness,37.00,10741,0,11443,367,100,100,100,100,0,750,565,7902,1,0,0,245,3151,0,0,0,0,0,0
2026-02-04,Video Network,Smart Choice Impact Initiative,Central Region Loyalty Cohort,18477671,Quick Refill Buyers Retention Segment,135452867878308889,Shelf Story Bold Voice,845919020200716779,Brand Awareness,1.51,1739,0,1492,9,1,18,7,1,0,7,6,48,0,0,0,7,33,0,0,0,0,0,0
2026-02-04,Search Network,Smart Choice Impact Initiative,Central Region Loyalty Cohort,18477671,Weekend Deal Hunters Interest Segment,270646603276678490,Shelf Story Bold Voice,110689689531150795,Brand Awareness,33.14,3497,0,2902,125,92,100,100,100,0,183,178,1610,0,0,0,126,576,0,0,0,0,0,0
2026-02-04,Shopping Grid,Smart Choice Impact Initiative,Central Region Loyalty Cohort,18477671,Weekend Deal Hunters Interest Segment,183749570056400609,Shelf Story Bold Voice,165840257748609485,Brand Awareness,87.40,9975,0,5897,196,100,100,100,100,0,422,355,4218,0,0,0,163,1440,0,0,0,0,0,0
2026-02-04,Social Feed,Seasonal Select Promo Initiative,Central Region Loyalty Cohort,18477671,Weekend Deal Hunters Interest Segment,468881021107680250,Shelf Story Bold Voice,165315587996030172,Brand Awareness,33.97,5547,0,5207,322,100,100,100,100,0,234,224,2988,0,0,0,323,1736,0,0,0,0,0,0
2026-02-04,In-App Display,Market Fresh Demand Initiative,East Region Prospecting Cohort,18477671,Bulk Buyers Interest Segment,172497992594892635,Shelf Story Warm Voice,120229094691537147,Brand Awareness,0,0,0,0,0,0,0,0,0,0,0,0,0,0,0,0,0,0,0,0,0,0,0,0
2026-02-04,Affiliate Network,Family Pantry Impact Initiative,East Region Prospecting Cohort,18477671,Bulk Buyers Retention Segment,300841522118510136,Shelf Story Bold Voice,702816050058823782,Brand Awareness,0,0,0,0,0,0,0,0,0,0,0,0,0,0,0,0,0,0,0,0,0,0,0,0
2026-02-04,Marketplace Feed,Family Pantry Impact Initiative,East Region Prospecting Cohort,18477671,Family Planners Lookalike Segment,157041353477662889,Shelf Story Bold Voice,113533327283863103,Brand Awareness,0,0,0,0,0,0,0,0,0,0,0,0,0,0,0,0,0,0,0,0,0,0,0,0
2026-02-04,Affiliate Network,Family Pantry Impact Initiative,Central Region Loyalty Cohort,18477671,Weekend Deal Hunters Interest Segment,140369979643530101,Price Drop Cut Direct Voice,124257450419220034,Brand Awareness,118.71,36801,0,30973,1330,0,0,0,0,0,0,0,0,0,0,1,707,882,0,0,0,0,0,0
2026-02-04,Video Network,Family Pantry Impact Initiative,Central Region Loyalty Cohort,18477671,Quick Refill Buyers Retention Segment,673606691743166347,Price Drop Cut Direct Voice,164628896740471653,Brand Awareness,1.34,1009,0,1037,13,0,0,0,0,0,0,0,0,0,0,0,12,9,0,0,0,0,0,0
2026-02-04,Marketplace Feed,Family Pantry Retention Initiative,East Region Prospecting Cohort,18477671,Family Planners Lookalike Segment,153275672009633380,Offer Spotlight Friendly Voice,625192690779185911,Brand Awareness,15.03,2281,0,2317,9,0,0,0,0,0,0,0,0,0,0,0,4,21,0,0,0,0,0,0
2026-02-04,Display Network,Family Pantry Retention Initiative,East Region Prospecting Cohort,18477671,Health Conscious Buyers Affinity Segment,804531305056281559,Offer Spotlight Friendly Voice,124013293572633974,Brand Awareness,84.10,9325,0,10362,37,0,0,0,0,0,0,0,0,0,0,0,29,181,0,0,0,0,0,0
2026-02-04,Video Network,Family Pantry Retention Initiative,East Region Prospecting Cohort,18477671,Health Conscious Buyers Interest Segment,823065021028548510,Offer Spotlight Friendly Voice,713715037199058792,Brand Awareness,15.35,1988,0,2262,8,0,0,0,0,0,0,0,0,0,0,0,2,25,0,0,0,0,0,0
2026-02-04,Influencer Network,Family Pantry Impact Initiative,East Region Prospecting Cohort,18477671,Family Planners Lookalike Segment,115327092096856785,Shelf Story Bold Voice,522201203019480825,Brand Awareness,0,0,0,0,0,0,0,0,0,0,0,0,0,0,0,0,0,0,0,0,0,0,0,0
2026-02-04,Retail Media Network,Family Pantry Impact Initiative,East Region Prospecting Cohort,18477671,Bulk Buyers Interest Segment,165944187000638587,Shelf Story Bold Voice,140183089529085967,Brand Awareness,0,0,0,0,0,0,0,0,0,0,0,0,0,0,0,0,0,0,0,0,0,0,0,0
2026-02-04,Video Network,Family Pantry Impact Initiative,Central Region Loyalty Cohort,18477671,Weekend Deal Hunters Interest Segment,156934692496769166,Price Drop Cut Direct Voice,103880146242172520,Brand Awareness,151.44,34975,0,27627,2219,0,0,0,0,0,0,0,0,0,0,0,964,826,0,0,0,0,0,0
2026-02-04,Search Network,Smart Choice Impact Initiative,Central Region Loyalty Cohort,18477671,Health Conscious Buyers Interest Segment,946685256450094574,Collection Showcase Warm Voice,115383348713532855,Brand Awareness,119.30,11435,0,7982,56,100,100,100,100,0,7972,7188,12893,0,0,0,16,10055,0,0,0,0,0,0
2026-02-04,Retail Media Network,Family Pantry Retention Initiative,East Region Prospecting Cohort,18477671,Bulk Buyers Retention Segment,831536911808005465,Offer Spotlight Friendly Voice,113562410301463548,Brand Awareness,42.38,5863,0,5381,30,0,0,0,0,0,0,0,0,0,0,0,18,85,0,0,0,0,0,0
2026-02-04,In-App Display,Smart Choice Impact Initiative,Central Region Loyalty Cohort,18477671,Weekend Deal Hunters Interest Segment,110082916181382776,Shelf Story Bold Voice,967111776806546494,Brand Awareness,81.71,16114,0,15713,746,100,100,100,100,0,1434,1291,16230,0,0,0,425,7065,0,0,0,0,0,0
2026-02-04,Affiliate Network,Smart Choice Impact Initiative,Central Region Loyalty Cohort,18477671,Weekend Deal Hunters Interest Segment,829930375955639700,Collection Showcase Warm Voice,599400151693319431,Brand Awareness,143.69,29124,0,24600,231,100,100,100,100,0,10708,8520,25459,0,0,0,30,16960,0,0,0,0,0,0
2026-02-03,Affiliate Network,Smart Choice Impact Initiative,Central Region Loyalty Cohort,18477671,Weekend Deal Hunters Interest Segment,995854154678995860,Shelf Story Bold Voice,133473027723513405,Brand Awareness,31.24,5198,0,5002,288,100,100,100,100,0,537,508,5150,0,0,0,192,2236,0,0,0,0,0,0
2026-02-03,Display Network,Smart Choice Impact Initiative,Central Region Loyalty Cohort,18477671,Weekend Deal Hunters Interest Segment,270646603276678490,Shelf Story Bold Voice,110689689531150795,Brand Awareness,29.16,3907,0,3012,240,100,100,100,100,0,274,254,1977,0,0,0,274,1017,0,0,0,0,0,0
2026-02-03,Social Feed,Seasonal Select Promo Initiative,Central Region Loyalty Cohort,18477671,Weekend Deal Hunters Interest Segment,181012655175308237,Shelf Story Bold Voice,125608499660276530,Brand Awareness,85.81,14167,0,12855,1109,100,100,100,100,0,813,691,8427,0,0,1,761,4839,0,0,0,0,0,0
2026-02-03,Marketplace Feed,Market Fresh Demand Initiative,East Region Prospecting Cohort,18477671,Health Conscious Buyers Affinity Segment,109689391920096393,Shelf Story Warm Voice,563087704768054265,Brand Awareness,15.19,1380,0,1369,2,0,8,2,1,0,5,4,592,0,0,0,0,91,0,0,0,0,0,0
2026-02-03,Shopping Grid,Market Fresh Demand Initiative,East Region Prospecting Cohort,18477671,Family Planners Lookalike Segment,541916367137228058,Shelf Story Warm Voice,825892524474699027,Brand Awareness,0.41,25,0,30,0,0,1,1,1,0,1,1,16,0,0,0,0,3,0,0,0,0,0,0
2026-02-03,Shopping Grid,Family Pantry Impact Initiative,East Region Prospecting Cohort,18477671,Family Planners Lookalike Segment,104086969175433506,Shelf Story Bold Voice,819320618187441109,Brand Awareness,0.01,2,0,2,0,0,0,0,0,0,0,0,2,0,0,0,0,0,0,0,0,0,0,0
2026-02-03,Video Network,Family Pantry Impact Initiative,East Region Prospecting Cohort,18477671,Bulk Buyers Interest Segment,165944187000638587,Shelf Story Bold Voice,140183089529085967,Brand Awareness,5.41,986,0,955,3,3,11,5,4,0,7,7,590,0,0,0,2,111,0,0,0,0,0,0
2026-02-03,Connected TV,Family Pantry Impact Initiative,East Region Prospecting Cohort,18477671,Health Conscious Buyers Affinity Segment,579294980342162996,Shelf Story Bold Voice,144097170933225693,Brand Awareness,43.3,5792,0,5741,20,16,78,30,16,0,75,72,3435,0,0,0,13,578,0,0,0,0,0,0
2026-02-03,Influencer Network,Smart Choice Impact Initiative,Central Region Loyalty Cohort,18477671,Weekend Deal Hunters Interest Segment,110082916181382776,Shelf Story Bold Voice,967111776806546494,Brand Awareness,83.17,15975,0,16122,814,100,100,100,100,0,1090,1015,19107,0,0,0,419,7606,0,0,0,0,0,0
2026-02-03,In-App Display,Smart Choice Impact Initiative,Central Region Loyalty Cohort,18477671,Quick Refill Buyers Retention Segment,105198217396991460,Shelf Story Bold Voice,101062868661402419,Brand Awareness,0.06,2,0,1,1,1,2,2,2,0,2,2,2,0,0,0,1,3,0,0,0,0,0,0
2026-02-03,Affiliate Network,Family Pantry Impact Initiative,East Region Prospecting Cohort,18477671,Bulk Buyers Interest Segment,164387151176175341,Shelf Story Bold Voice,881678709772062008,Brand Awareness,78.12,11975,0,11252,42,30,100,60,48,0,106,96,6912,0,0,0,21,1121,0,0,0,0,0,0
2026-02-03,Discovery Network,Family Pantry Impact Initiative,East Region Prospecting Cohort,18477671,Weekend Deal Hunters Interest Segment,182645018778667740,Shelf Story Bold Voice,767983381031741399,Brand Awareness,9.05,1339,0,1230,1,3,17,6,4,0,17,15,940,0,0,0,1,147,0,0,0,0,0,0
2026-02-03,Search Network,Seasonal Select Promo Initiative,Central Region Loyalty Cohort,18477671,Quick Refill Buyers Retention Segment,717659910692420024,Shelf Story Bold Voice,707559239232170135,Brand Awareness,0.41,279,0,248,8,0,6,3,2,0,3,3,12,0,0,0,7,12,0,0,0,0,0,0
2026-02-03,Display Network,Family Pantry Impact Initiative,Central Region Loyalty Cohort,18477671,Weekend Deal Hunters Interest Segment,156934692496769166,Price Drop Cut Direct Voice,103880146242172520,Brand Awareness,68.2,17442,0,17247,1065,0,0,0,0,0,0,0,0,0,0,1,474,393,0,0,0,0,0,0
2026-02-03,Video Network,Smart Choice Impact Initiative,Central Region Loyalty Cohort,18477671,Weekend Deal Hunters Interest Segment,829930375955639700,Collection Showcase Warm Voice,599400151693319431,Brand Awareness,177.83,25582,0,18505,161,100,100,100,100,0,12257,9704,22689,0,0,0,36,15405,0,0,0,0,0,0
2026-02-03,Marketplace Feed,Smart Choice Impact Initiative,Central Region Loyalty Cohort,18477671,Health Conscious Buyers Interest Segment,950806468161421943,Collection Showcase Warm Voice,680262003426657468,Brand Awareness,25.72,5533,0,4926,97,100,100,100,100,0,1422,1480,5402,0,0,0,6,3308,0,0,0,0,0,0
2026-02-03,In-App Display,Smart Choice Impact Initiative,Central Region Loyalty Cohort,18477671,Quick Refill Buyers Retention Segment,135452867878308889,Shelf Story Bold Voice,845919020200716779,Brand Awareness,0.25,142,0,153,2,0,7,2,0,0,2,2,17,0,0,0,2,11,0,0,0,0,0,0
2026-02-03,Social Feed,Smart Choice Impact Initiative,Central Region Loyalty Cohort,18477671,Weekend Deal Hunters Interest Segment,183749570056400609,Shelf Story Bold Voice,165840257748609485,Brand Awareness,81.8,12060,0,6648,484,100,100,100,100,0,764,685,5712,0,0,0,393,2577,0,0,0,0,0,0
2026-02-03,Search Network,Seasonal Select Promo Initiative,Central Region Loyalty Cohort,18477671,Weekend Deal Hunters Interest Segment,468881021107680250,Shelf Story Bold Voice,165315587996030172,Brand Awareness,19.51,2522,0,2575,222,53,100,100,77,0,156,142,1313,0,0,0,168,840,0,0,0,0,0,0
2026-02-03,Retail Media Network,Market Fresh Demand Initiative,East Region Prospecting Cohort,18477671,Health Conscious Buyers Interest Segment,184090115155400473,Shelf Story Warm Voice,706641166277474250,Brand Awareness,5.09,579,0,593,1,1,3,1,1,0,2,2,309,0,0,0,1,42,0,0,0,0,0,0
2026-02-03,Video Network,Market Fresh Demand Initiative,East Region Prospecting Cohort,18477671,Bulk Buyers Retention Segment,964610927670133395,Shelf Story Warm Voice,101530862630377259,Brand Awareness,4.70,270,0,245,0,0,3,1,1,0,2,3,125,0,0,0,0,26,0,0,0,0,0,0
2026-02-03,In-App Display,Market Fresh Demand Initiative,East Region Prospecting Cohort,18477671,Bulk Buyers Interest Segment,912013515854706220,Shelf Story Warm Voice,145089608465062640,Brand Awareness,45.2,4547,0,4812,7,6,35,12,6,0,22,19,2341,0,0,0,6,414,0,0,0,0,0,0
2026-02-03,Shopping Grid,Market Fresh Demand Initiative,East Region Prospecting Cohort,18477671,Health Conscious Buyers Retention Segment,412962108292714583,Shelf Story Warm Voice,454688046633553727,Brand Awareness,8.80,619,0,621,5,3,7,3,2,0,5,4,335,0,0,0,4,64,0,0,0,0,0,0
2026-02-03,Search Network,Family Pantry Impact Initiative,East Region Prospecting Cohort,18477671,Health Conscious Buyers Interest Segment,183332843676700708,Shelf Story Bold Voice,149761872219654637,Brand Awareness,45.86,5810,0,5938,18,14,77,25,19,0,74,61,4287,0,0,0,12,655,0,0,0,0,0,0
2026-02-03,Connected TV,Market Fresh Demand Initiative,East Region Prospecting Cohort,18477671,Bulk Buyers Interest Segment,172497992594892635,Shelf Story Warm Voice,120229094691537147,Brand Awareness,247.63,30137,0,21779,69,35,100,78,52,0,128,116,15129,0,0,0,42,2132,0,0,0,0,0,0
2026-02-03,Discovery Network,Market Fresh Demand Initiative,East Region Prospecting Cohort,18477671,Weekend Deal Hunters Interest Segment,167837370383045694,Shelf Story Warm Voice,139082527496622049,Brand Awareness,5.12,221,0,246,0,0,2,0,0,0,2,2,125,0,0,0,0,25,0,0,0,0,0,0
2026-02-03,Affiliate Network,Family Pantry Impact Initiative,East Region Prospecting Cohort,18477671,Health Conscious Buyers Retention Segment,106095210958730534,Shelf Story Bold Voice,168196892948317639,Brand Awareness,42.80,5176,0,5277,20,10,62,25,17,0,48,45,3586,0,0,0,11,505,0,0,0,0,0,0
2026-02-03,Retail Media Network,Family Pantry Impact Initiative,East Region Prospecting Cohort,18477671,Bulk Buyers Retention Segment,300841522118510136,Shelf Story Bold Voice,702816050058823782,Brand Awareness,46.78,6340,0,5551,22,11,59,34,15,0,52,46,3629,0,0,0,15,590,0,0,0,0,0,0
2026-02-03,Social Feed,Family Pantry Impact Initiative,East Region Prospecting Cohort,18477671,Family Planners Lookalike Segment,157041353477662889,Shelf Story Bold Voice,113533327283863103,Brand Awareness,14.17,2113,0,2250,13,8,18,9,11,0,17,14,1409,0,0,0,6,194,0,0,0,0,0,0
2026-02-03,Retail Media Network,Smart Choice Impact Initiative,Central Region Loyalty Cohort,18477671,Health Conscious Buyers Interest Segment,103365342659880458,Offer Spotlight Friendly Voice,142400416064820640,Brand Awareness,10.94,1286,0,1378,16,100,100,97,98,0,372,384,1507,0,0,0,5,719,0,0,0,0,0,0
2026-02-03,Influencer Network,Smart Choice Impact Initiative,Central Region Loyalty Cohort,18477671,Health Conscious Buyers Interest Segment,291523631308598038,Offer Spotlight Friendly Voice,271877565157514916,Brand Awareness,176.09,17835,0,13248,396,100,100,100,100,0,5578,5602,19529,1,0,0,167,8125,0,0,0,0,0,0
2026-02-03,Display Network,Family Pantry Impact Initiative,Central Region Loyalty Cohort,18477671,Weekend Deal Hunters Interest Segment,140369979643530101,Price Drop Cut Direct Voice,124257450419220034,Brand Awareness,181.95,68727,0,65868,1973,0,0,0,0,0,0,0,0,0,0,0,1195,1409,0,0,0,0,0,0
2026-02-03,Affiliate Network,Family Pantry Impact Initiative,Central Region Loyalty Cohort,18477671,Quick Refill Buyers Retention Segment,673606691743166347,Price Drop Cut Direct Voice,164628896740471653,Brand Awareness,0.09,47,0,49,1,0,0,0,0,0,0,0,0,0,0,0,1,2,0,0,0,0,0,0
2026-02-03,Retail Media Network,Smart Choice Impact Initiative,Central Region Loyalty Cohort,18477671,Health Conscious Buyers Interest Segment,946685256450094574,Collection Showcase Warm Voice,115383348713532855,Brand Awareness,120.84,13883,0,8442,52,100,100,100,100,0,9096,8332,14201,0,0,0,12,11821,0,0,0,0,0,0
2026-02-03,Affiliate Network,Market Fresh Demand Initiative,East Region Prospecting Cohort,18477671,Family Planners Lookalike Segment,113541146730884637,Shelf Story Warm Voice,166561374464718024,Brand Awareness,0.52,42,0,41,0,0,1,1,1,0,1,1,22,0,0,0,0,2,0,0,0,0,0,0
2026-02-03,Display Network,Smart Choice Impact Initiative,Central Region Loyalty Cohort,18477671,Weekend Deal Hunters Interest Segment,523872597303092054,Offer Spotlight Friendly Voice,406144256261294175,Brand Awareness,83.55,13374,0,15909,182,100,100,100,100,0,3836,3481,13403,0,0,0,61,6052,0,0,0,0,0,0
2026-02-03,Affiliate Network,Family Pantry Impact Initiative,East Region Prospecting Cohort,18477671,Family Planners Lookalike Segment,115327092096856785,Shelf Story Bold Voice,522201203019480825,Brand Awareness,35.60,4981,0,6368,16,17,69,34,20,0,51,47,3664,1,0,0,11,609,0,0,0,0,0,0
2026-02-02,Search Network,Smart Choice Impact Initiative,Central Region Loyalty Cohort,18477671,Weekend Deal Hunters Interest Segment,995854154678995860,Shelf Story Bold Voice,133473027723513405,Brand Awareness,39.2,7330,0,7724,312,100,100,100,100,0,656,542,5859,0,0,0,192,3007,0,0,0,0,0,0
2026-02-02,Search Network,Smart Choice Impact Initiative,Central Region Loyalty Cohort,18477671,Weekend Deal Hunters Interest Segment,270646603276678490,Shelf Story Bold Voice,110689689531150795,Brand Awareness,26.28,3859,0,3238,111,66,100,100,75,0,152,166,1496,0,0,0,81,541,0,0,0,0,0,0
2026-02-02,Display Network,Smart Choice Impact Initiative,Central Region Loyalty Cohort,18477671,Weekend Deal Hunters Interest Segment,183749570056400609,Shelf Story Bold Voice,165840257748609485,Brand Awareness,98.91,9870,0,6658,170,100,100,100,100,0,383,321,6621,0,0,0,115,2279,0,0,0,0,0,0
2026-02-02,Discovery Network,Market Fresh Demand Initiative,East Region Prospecting Cohort,18477671,Health Conscious Buyers Interest Segment,184090115155400473,Shelf Story Warm Voice,706641166277474250,Brand Awareness,9.13,879,0,962,1,2,9,4,2,0,8,7,552,0,0,0,0,69,0,0,0,0,0,0
2026-02-02,Discovery Network,Market Fresh Demand Initiative,East Region Prospecting Cohort,18477671,Bulk Buyers Interest Segment,172497992594892635,Shelf Story Warm Voice,120229094691537147,Brand Awareness,245.12,29702,0,24379,101,30,100,83,52,0,157,152,20470,0,0,0,39,2634,0,0,0,0,0,0
2026-02-02,Affiliate Network,Market Fresh Demand Initiative,East Region Prospecting Cohort,18477671,Family Planners Lookalike Segment,113541146730884637,Shelf Story Warm Voice,166561374464718024,Brand Awareness,0.27,32,0,34,0,0,0,0,0,0,0,0,10,0,0,0,0,0,0,0,0,0,0,0
2026-02-02,Retail Media Network,Market Fresh Demand Initiative,East Region Prospecting Cohort,18477671,Health Conscious Buyers Retention Segment,412962108292714583,Shelf Story Warm Voice,454688046633553727,Brand Awareness,6.22,395,0,400,4,0,1,1,0,0,1,1,180,0,0,0,1,38,0,0,0,0,0,0
2026-02-02,Social Feed,Family Pantry Impact Initiative,East Region Prospecting Cohort,18477671,Bulk Buyers Interest Segment,165944187000638587,Shelf Story Bold Voice,140183089529085967,Brand Awareness,31.14,4161,0,3418,12,11,51,21,14,0,44,36,2259,0,0,0,6,382,0,0,0,0,0,0
2026-02-02,Discovery Network,Family Pantry Impact Initiative,East Region Prospecting Cohort,18477671,Health Conscious Buyers Interest Segment,183332843676700708,Shelf Story Bold Voice,149761872219654637,Brand Awareness,41.46,5165,0,4917,22,14,61,28,23,0,47,40,3636,0,0,0,21,599,0,0,0,0,0,0
2026-02-02,Marketplace Feed,Smart Choice Impact Initiative,Central Region Loyalty Cohort,18477671,Weekend Deal Hunters Interest Segment,829930375955639700,Collection Showcase Warm Voice,599400151693319431,Brand Awareness,130.00,30360,0,26614,276,100,100,100,100,0,10530,9202,27385,0,0,0,30,20472,0,0,0,0,0,0
2026-02-02,Social Feed,Smart Choice Impact Initiative,Central Region Loyalty Cohort,18477671,Quick Refill Buyers Retention Segment,135452867878308889,Shelf Story Bold Voice,845919020200716779,Brand Awareness,1.39,1114,0,1435,13,3,20,8,3,0,7,7,54,0,0,0,12,26,0,0,0,0,0,0
2026-02-02,Video Network,Seasonal Select Promo Initiative,Central Region Loyalty Cohort,18477671,Weekend Deal Hunters Interest Segment,181012655175308237,Shelf Story Bold Voice,125608499660276530,Brand Awareness,91.36,15676,0,16469,1139,100,100,100,100,0,1090,779,9844,0,0,1,841,4699,0,0,0,0,0,0
2026-02-02,Retail Media Network,Seasonal Select Promo Initiative,Central Region Loyalty Cohort,18477671,Quick Refill Buyers Retention Segment,717659910692420024,Shelf Story Bold Voice,707559239232170135,Brand Awareness,0.60,336,0,342,10,0,1,1,0,0,1,1,8,0,0,0,7,10,0,0,0,0,0,0
2026-02-02,In-App Display,Market Fresh Demand Initiative,East Region Prospecting Cohort,18477671,Health Conscious Buyers Affinity Segment,109689391920096393,Shelf Story Warm Voice,563087704768054265,Brand Awareness,12.71,661,0,780,6,1,13,3,3,0,5,5,395,0,0,0,2,69,0,0,0,0,0,0
2026-02-02,Search Network,Market Fresh Demand Initiative,East Region Prospecting Cohort,18477671,Family Planners Lookalike Segment,541916367137228058,Shelf Story Warm Voice,825892524474699027,Brand Awareness,0.44,24,0,26,0,0,0,0,0,0,0,0,12,0,0,0,0,3,0,0,0,0,0,0
2026-02-02,Video Network,Market Fresh Demand Initiative,East Region Prospecting Cohort,18477671,Bulk Buyers Interest Segment,912013515854706220,Shelf Story Warm Voice,145089608465062640,Brand Awareness,64.39,5067,0,5331,20,8,72,23,10,0,35,37,3191,0,0,0,9,488,0,0,0,0,0,0
2026-02-02,Shopping Grid,Market Fresh Demand Initiative,East Region Prospecting Cohort,18477671,Weekend Deal Hunters Interest Segment,167837370383045694,Shelf Story Warm Voice,139082527496622049,Brand Awareness,3.97,281,0,283,1,0,2,0,0,0,2,2,118,0,0,0,1,22,0,0,0,0,0,0
2026-02-02,Video Network,Family Pantry Impact Initiative,East Region Prospecting Cohort,18477671,Family Planners Lookalike Segment,104086969175433506,Shelf Story Bold Voice,819320618187441109,Brand Awareness,0.02,2,0,3,0,0,0,0,0,0,0,0,2,0,0,0,0,0,0,0,0,0,0,0
2026-02-02,Discovery Network,Family Pantry Impact Initiative,East Region Prospecting Cohort,18477671,Bulk Buyers Interest Segment,164387151176175341,Shelf Story Bold Voice,881678709772062008,Brand Awareness,61.18,7724,0,7724,27,32,100,68,40,0,95,89,5621,0,0,0,19,800,0,0,0,0,0,0
2026-02-02,Influencer Network,Family Pantry Impact Initiative,East Region Prospecting Cohort,18477671,Family Planners Lookalike Segment,157041353477662889,Shelf Story Bold Voice,113533327283863103,Brand Awareness,65.28,8118,0,7795,38,20,73,36,22,0,76,59,4324,0,0,0,20,910,0,0,0,0,0,0
2026-02-02,Display Network,Family Pantry Impact Initiative,East Region Prospecting Cohort,18477671,Weekend Deal Hunters Interest Segment,182645018778667740,Shelf Story Bold Voice,767983381031741399,Brand Awareness,27.75,3196,0,3448,15,5,27,6,6,0,26,24,2138,0,0,0,9,316,0,0,0,0,0,0
2026-02-02,Affiliate Network,Smart Choice Impact Initiative,Central Region Loyalty Cohort,18477671,Health Conscious Buyers Interest Segment,291523631308598038,Offer Spotlight Friendly Voice,271877565157514916,Brand Awareness,193.49,18998,0,18097,449,100,100,100,100,0,8052,6352,18778,4,0,0,235,12019,0,0,0,0,0,0
2026-02-02,Influencer Network,Family Pantry Impact Initiative,Central Region Loyalty Cohort,18477671,Weekend Deal Hunters Interest Segment,156934692496769166,Price Drop Cut Direct Voice,103880146242172520,Brand Awareness,135.6,23403,0,20781,621,0,0,0,0,0,0,0,0,0,0,0,335,361,0,0,0,0,0,0
2026-02-02,Video Network,Smart Choice Impact Initiative,Central Region Loyalty Cohort,18477671,Health Conscious Buyers Interest Segment,946685256450094574,Collection Showcase Warm Voice,115383348713532855,Brand Awareness,119.75,14896,0,8711,85,100,100,100,100,0,9514,7878,13462,1,0,0,16,12100,0,0,0,0,0,0
2026-02-02,In-App Display,Family Pantry Impact Initiative,East Region Prospecting Cohort,18477671,Health Conscious Buyers Affinity Segment,579294980342162996,Shelf Story Bold Voice,144097170933225693,Brand Awareness,33.04,3861,0,3822,14,8,52,24,14,0,55,39,2860,0,0,0,10,462,0,0,0,0,0,0
2026-02-02,Search Network,Smart Choice Impact Initiative,Central Region Loyalty Cohort,18477671,Quick Refill Buyers Retention Segment,105198217396991460,Shelf Story Bold Voice,101062868661402419,Brand Awareness,0.04,3,0,2,0,0,1,1,0,0,1,1,3,0,0,0,0,1,0,0,0,0,0,0
2026-02-02,Affiliate Network,Seasonal Select Promo Initiative,Central Region Loyalty Cohort,18477671,Weekend Deal Hunters Interest Segment,468881021107680250,Shelf Story Bold Voice,165315587996030172,Brand Awareness,18.62,3313,0,2723,235,65,100,100,100,0,175,141,1617,0,0,0,181,1068,0,0,0,0,0,0
2026-02-02,Social Feed,Market Fresh Demand Initiative,East Region Prospecting Cohort,18477671,Bulk Buyers Retention Segment,964610927670133395,Shelf Story Warm Voice,101530862630377259,Brand Awareness,1.07,58,0,66,0,0,0,0,0,0,0,0,32,0,0,0,0,8,0,0,0,0,0,0
2026-02-02,Video Network,Family Pantry Impact Initiative,East Region Prospecting Cohort,18477671,Health Conscious Buyers Retention Segment,106095210958730534,Shelf Story Bold Voice,168196892948317639,Brand Awareness,18.08,1801,0,2046,4,0,26,7,2,0,17,19,1228,0,0,0,3,235,0,0,0,0,0,0
2026-02-02,Shopping Grid,Family Pantry Impact Initiative,East Region Prospecting Cohort,18477671,Bulk Buyers Retention Segment,300841522118510136,Shelf Story Bold Voice,702816050058823782,Brand Awareness,23.54,3137,0,2694,14,5,34,17,8,0,27,24,1706,0,0,0,6,337,0,0,0,0,0,0
2026-02-02,Discovery Network,Smart Choice Impact Initiative,Central Region Loyalty Cohort,18477671,Health Conscious Buyers Interest Segment,103365342659880458,Offer Spotlight Friendly Voice,142400416064820640,Brand Awareness,9.59,1531,0,1748,32,100,100,100,100,0,377,307,1628,0,0,0,4,867,0,0,0,0,0,0
2026-02-02,Display Network,Smart Choice Impact Initiative,Central Region Loyalty Cohort,18477671,Weekend Deal Hunters Interest Segment,523872597303092054,Offer Spotlight Friendly Voice,406144256261294175,Brand Awareness,66.79,10515,0,10982,165,100,100,100,100,0,2632,2524,11093,1,0,0,64,5047,0,0,0,0,0,0
2026-02-02,Search Network,Family Pantry Impact Initiative,East Region Prospecting Cohort,18477671,Family Planners Lookalike Segment,115327092096856785,Shelf Story Bold Voice,522201203019480825,Brand Awareness,28.21,3547,0,4199,6,6,59,23,12,0,39,45,2448,0,0,0,4,355,0,0,0,0,0,0
2026-02-02,In-App Display,Family Pantry Impact Initiative,Central Region Loyalty Cohort,18477671,Weekend Deal Hunters Interest Segment,140369979643530101,Price Drop Cut Direct Voice,124257450419220034,Brand Awareness,267.17,48996,0,51843,1520,0,0,0,0,0,0,0,0,0,0,1,961,933,0,0,0,0,0,0
2026-02-02,Video Network,Family Pantry Impact Initiative,Central Region Loyalty Cohort,18477671,Quick Refill Buyers Retention Segment,673606691743166347,Price Drop Cut Direct Voice,164628896740471653,Brand Awareness,1.36,1319,0,1173,9,0,0,0,0,0,0,0,0,0,0,0,9,7,0,0,0,0,0,0
2026-02-02,Video Network,Smart Choice Impact Initiative,Central Region Loyalty Cohort,18477671,Health Conscious Buyers Interest Segment,950806468161421943,Collection Showcase Warm Voice,680262003426657468,Brand Awareness,37.57,7460,0,7559,168,100,100,100,100,0,2501,2325,8904,0,0,0,15,5107,0,0,0,0,0,0
2026-02-02,Search Network,Smart Choice Impact Initiative,Central Region Loyalty Cohort,18477671,Weekend Deal Hunters Interest Segment,110082916181382776,Shelf Story Bold Voice,967111776806546494,Brand Awareness,73.49,18745,0,20226,807,100,100,100,100,0,1322,1184,18387,0,0,0,452,7672,0,0,0,0,0,0
2026-02-01,Influencer Network,Smart Choice Impact Initiative,Central Region Loyalty Cohort,18477671,Weekend Deal Hunters Interest Segment,110082916181382776,Shelf Story Bold Voice,967111776806546494,Brand Awareness,69.97,17091,0,16822,734,100,100,100,100,0,1298,1109,19111,0,0,0,439,8519,0,0,0,0,0,0
2026-02-01,Video Network,Smart Choice Impact Initiative,Central Region Loyalty Cohort,18477671,Weekend Deal Hunters Interest Segment,995854154678995860,Shelf Story Bold Voice,133473027723513405,Brand Awareness,44.00,15681,0,15562,315,100,100,100,100,0,553,496,4598,0,0,0,237,2395,0,0,0,0,0,0
2026-02-01,Affiliate Network,Smart Choice Impact Initiative,Central Region Loyalty Cohort,18477671,Quick Refill Buyers Retention Segment,135452867878308889,Shelf Story Bold Voice,845919020200716779,Brand Awareness,0.5,405,0,415,6,2,12,3,2,0,3,3,19,0,0,0,5,15,0,0,0,0,0,0
2026-02-01,Influencer Network,Smart Choice Impact Initiative,Central Region Loyalty Cohort,18477671,Weekend Deal Hunters Interest Segment,183749570056400609,Shelf Story Bold Voice,165840257748609485,Brand Awareness,83.33,7511,0,4025,180,100,100,100,100,0,366,343,4561,0,0,0,153,1349,0,0,0,0,0,0
2026-02-01,Marketplace Feed,Seasonal Select Promo Initiative,Central Region Loyalty Cohort,18477671,Weekend Deal Hunters Interest Segment,181012655175308237,Shelf Story Bold Voice,125608499660276530,Brand Awareness,92.42,13349,0,12663,1280,100,100,100,100,0,984,858,8628,0,0,1,1077,5299,0,0,0,0,0,0
2026-02-01,Social Feed,Seasonal Select Promo Initiative,Central Region Loyalty Cohort,18477671,Quick Refill Buyers Retention Segment,717659910692420024,Shelf Story Bold Voice,707559239232170135,Brand Awareness,0.15,101,0,110,0,0,2,1,0,0,1,1,5,0,0,0,0,2,0,0,0,0,0,0
2026-02-01,In-App Display,Market Fresh Demand Initiative,East Region Prospecting Cohort,18477671,Health Conscious Buyers Affinity Segment,109689391920096393,Shelf Story Warm Voice,563087704768054265,Brand Awareness,4.00,348,0,347,0,1,9,2,2,0,4,3,147,0,0,0,0,42,0,0,0,0,0,0
2026-02-01,In-App Display,Market Fresh Demand Initiative,East Region Prospecting Cohort,18477671,Health Conscious Buyers Interest Segment,184090115155400473,Shelf Story Warm Voice,706641166277474250,Brand Awareness,7.79,750,0,698,0,0,4,0,0,0,3,2,354,0,0,0,0,68,0,0,0,0,0,0
2026-02-01,Shopping Grid,Market Fresh Demand Initiative,East Region Prospecting Cohort,18477671,Bulk Buyers Retention Segment,964610927670133395,Shelf Story Warm Voice,101530862630377259,Brand Awareness,0.13,14,0,15,0,0,0,0,0,0,0,0,7,0,0,0,0,0,0,0,0,0,0,0
2026-02-01,Video Network,Market Fresh Demand Initiative,East Region Prospecting Cohort,18477671,Family Planners Lookalike Segment,541916367137228058,Shelf Story Warm Voice,825892524474699027,Brand Awareness,0.12,7,0,8,0,0,0,0,0,0,0,0,5,0,0,0,0,2,0,0,0,0,0,0
2026-02-01,Retail Media Network,Market Fresh Demand Initiative,East Region Prospecting Cohort,18477671,Bulk Buyers Interest Segment,912013515854706220,Shelf Story Warm Voice,145089608465062640,Brand Awareness,114.15,12251,0,10738,36,18,100,44,23,0,73,55,7889,0,0,0,14,1343,0,0,0,0,0,0
2026-02-01,Shopping Grid,Market Fresh Demand Initiative,East Region Prospecting Cohort,18477671,Weekend Deal Hunters Interest Segment,167837370383045694,Shelf Story Warm Voice,139082527496622049,Brand Awareness,7.75,574,0,534,1,1,5,1,1,0,2,2,290,0,0,0,1,59,0,0,0,0,0,0
2026-02-01,Shopping Grid,Family Pantry Impact Initiative,East Region Prospecting Cohort,18477671,Family Planners Lookalike Segment,104086969175433506,Shelf Story Bold Voice,819320618187441109,Brand Awareness,0,1,0,1,0,0,0,0,0,0,0,0,0,0,0,0,0,0,0,0,0,0,0,0
2026-02-01,Connected TV,Family Pantry Impact Initiative,East Region Prospecting Cohort,18477671,Bulk Buyers Interest Segment,165944187000638587,Shelf Story Bold Voice,140183089529085967,Brand Awareness,38.24,4937,0,4664,23,18,66,35,23,0,46,50,3349,0,0,0,13,601,0,0,0,0,0,0
2026-02-01,Search Network,Family Pantry Impact Initiative,East Region Prospecting Cohort,18477671,Health Conscious Buyers Affinity Segment,579294980342162996,Shelf Story Bold Voice,144097170933225693,Brand Awareness,14.18,2230,0,1886,9,13,32,20,12,0,28,27,1347,0,0,0,3,269,0,0,0,0,0,0
2026-02-01,Video Network,Family Pantry Impact Initiative,East Region Prospecting Cohort,18477671,Bulk Buyers Retention Segment,300841522118510136,Shelf Story Bold Voice,702816050058823782,Brand Awareness,28.91,4608,0,3915,15,11,54,23,18,0,41,36,2552,0,0,0,7,466,0,0,0,0,0,0
2026-02-01,Social Feed,Smart Choice Impact Initiative,Central Region Loyalty Cohort,18477671,Weekend Deal Hunters Interest Segment,270646603276678490,Shelf Story Bold Voice,110689689531150795,Brand Awareness,31.46,3064,0,2205,136,50,100,100,65,0,152,138,1448,0,0,0,108,445,0,0,0,0,0,0
2026-02-01,Video Network,Seasonal Select Promo Initiative,Central Region Loyalty Cohort,18477671,Weekend Deal Hunters Interest Segment,468881021107680250,Shelf Story Bold Voice,165315587996030172,Brand Awareness,16.38,2707,0,2999,258,58,100,100,100,0,171,133,2020,0,0,0,204,1262,0,0,0,0,0,0
2026-02-01,In-App Display,Family Pantry Impact Initiative,East Region Prospecting Cohort,18477671,Health Conscious Buyers Interest Segment,183332843676700708,Shelf Story Bold Voice,149761872219654637,Brand Awareness,56.29,6506,0,6761,19,18,72,44,25,0,65,59,4598,0,0,0,8,719,0,0,0,0,0,0
2026-02-01,Marketplace Feed,Smart Choice Impact Initiative,Central Region Loyalty Cohort,18477671,Weekend Deal Hunters Interest Segment,523872597303092054,Offer Spotlight Friendly Voice,406144256261294175,Brand Awareness,93.8,16789,0,15787,336,100,100,100,100,0,3363,3589,15095,0,0,0,70,7452,0,0,0,0,0,0
2026-02-01,Affiliate Network,Family Pantry Impact Initiative,Central Region Loyalty Cohort,18477671,Weekend Deal Hunters Interest Segment,140369979643530101,Price Drop Cut Direct Voice,124257450419220034,Brand Awareness,147.5,37613,0,28905,1451,0,0,0,0,0,0,0,0,0,0,1,840,923,0,0,0,0,0,0
2026-02-01,Connected TV,Family Pantry Impact Initiative,Central Region Loyalty Cohort,18477671,Quick Refill Buyers Retention Segment,673606691743166347,Price Drop Cut Direct Voice,164628896740471653,Brand Awareness,1.21,1414,0,1480,8,0,0,0,0,0,0,0,0,0,0,0,6,5,0,0,0,0,0,0
2026-02-01,In-App Display,Smart Choice Impact Initiative,Central Region Loyalty Cohort,18477671,Weekend Deal Hunters Interest Segment,829930375955639700,Collection Showcase Warm Voice,599400151693319431,Brand Awareness,165.97,54399,0,50984,694,100,100,100,100,0,12939,11774,58811,0,0,0,65,30513,0,0,0,0,0,0
2026-02-01,Social Feed,Family Pantry Impact Initiative,East Region Prospecting Cohort,18477671,Health Conscious Buyers Retention Segment,106095210958730534,Shelf Story Bold Voice,168196892948317639,Brand Awareness,19.03,2379,0,2062,10,11,36,18,13,0,36,27,1325,0,0,0,5,271,0,0,0,0,0,0
2026-02-01,Shopping Grid,Family Pantry Impact Initiative,East Region Prospecting Cohort,18477671,Bulk Buyers Interest Segment,164387151176175341,Shelf Story Bold Voice,881678709772062008,Brand Awareness,55.20,7910,0,8895,28,19,100,42,27,0,77,83,5649,0,0,0,17,964,0,0,0,0,0,0
2026-02-01,Affiliate Network,Family Pantry Impact Initiative,Central Region Loyalty Cohort,18477671,Weekend Deal Hunters Interest Segment,156934692496769166,Price Drop Cut Direct Voice,103880146242172520,Brand Awareness,46.52,10460,0,11418,613,0,0,0,0,0,0,0,0,0,0,1,297,262,0,0,0,0,0,0
2026-02-01,Connected TV,Smart Choice Impact Initiative,Central Region Loyalty Cohort,18477671,Health Conscious Buyers Interest Segment,950806468161421943,Collection Showcase Warm Voice,680262003426657468,Brand Awareness,75.06,17923,0,17653,330,100,100,100,100,0,4416,4552,17640,0,0,0,27,13286,0,0,0,0,0,0
2026-02-01,Retail Media Network,Smart Choice Impact Initiative,Central Region Loyalty Cohort,18477671,Quick Refill Buyers Retention Segment,105198217396991460,Shelf Story Bold Voice,101062868661402419,Brand Awareness,0.05,2,0,3,0,0,0,0,0,0,0,0,2,0,0,0,0,0,0,0,0,0,0,0
2026-02-01,Social Feed,Market Fresh Demand Initiative,East Region Prospecting Cohort,18477671,Health Conscious Buyers Retention Segment,412962108292714583,Shelf Story Warm Voice,454688046633553727,Brand Awareness,1.18,67,0,85,0,0,0,0,0,0,0,0,33,0,0,0,0,6,0,0,0,0,0,0
2026-02-01,Marketplace Feed,Family Pantry Impact Initiative,East Region Prospecting Cohort,18477671,Weekend Deal Hunters Interest Segment,182645018778667740,Shelf Story Bold Voice,767983381031741399,Brand Awareness,15.12,2075,0,2100,7,7,35,12,9,0,33,28,1287,0,0,0,4,244,0,0,0,0,0,0
2026-02-01,In-App Display,Market Fresh Demand Initiative,East Region Prospecting Cohort,18477671,Bulk Buyers Interest Segment,172497992594892635,Shelf Story Warm Voice,120229094691537147,Brand Awareness,188.7,18680,0,16386,56,27,100,61,28,0,117,119,10788,0,0,0,28,1978,0,0,0,0,0,0
2026-02-01,Social Feed,Family Pantry Impact Initiative,East Region Prospecting Cohort,18477671,Family Planners Lookalike Segment,115327092096856785,Shelf Story Bold Voice,522201203019480825,Brand Awareness,50.77,7377,0,7676,32,21,80,32,26,0,60,54,4131,0,0,0,19,676,0,0,0,0,0,0
2026-02-01,Discovery Network,Smart Choice Impact Initiative,Central Region Loyalty Cohort,18477671,Health Conscious Buyers Interest Segment,946685256450094574,Collection Showcase Warm Voice,115383348713532855,Brand Awareness,40.46,11886,0,10968,117,100,100,100,100,0,3089,2602,11137,0,0,0,15,7875,0,0,0,0,0,0
2026-02-01,Video Network,Family Pantry Impact Initiative,East Region Prospecting Cohort,18477671,Family Planners Lookalike Segment,157041353477662889,Shelf Story Bold Voice,113533327283863103,Brand Awareness,40.15,5584,0,4893,30,21,81,35,24,0,74,63,3242,0,0,0,16,657,0,0,0,0,0,0
2026-02-01,Social Feed,Smart Choice Impact Initiative,Central Region Loyalty Cohort,18477671,Health Conscious Buyers Interest Segment,291523631308598038,Offer Spotlight Friendly Voice,271877565157514916,Brand Awareness,205.66,20802,0,16598,479,100,100,100,100,0,6898,6463,23436,1,0,0,237,11730,0,0,0,0,0,0
2026-02-01,Affiliate Network,Market Fresh Demand Initiative,East Region Prospecting Cohort,18477671,Family Planners Lookalike Segment,113541146730884637,Shelf Story Warm Voice,166561374464718024,Brand Awareness,0.14,15,0,17,0,0,0,0,0,0,0,0,9,0,0,0,0,2,0,0,0,0,0,0
2026-02-01,Search Network,Smart Choice Impact Initiative,Central Region Loyalty Cohort,18477671,Health Conscious Buyers Interest Segment,103365342659880458,Offer Spotlight Friendly Voice,142400416064820640,Brand Awareness,12.54,1960,0,2432,61,100,100,100,100,0,399,376,2039,0,0,0,6,873,0,0,0,0,0,0
2026-02-28,Social Feed,Home Essentials Scale Initiative,Central Region Loyalty Cohort,86057605,Health Conscious Buyers Retention Segment,3536997747651810,Price Drop Cut Direct Voice,1642752931109548,Brand Awareness,6.69,988,0,1115,38,8,28,15,8,33,26,0,0,0,0,0,0,45,4.14,0,0,0,993,0
2026-02-28,Discovery Network,Home Essentials Scale Initiative,Central Region Loyalty Cohort,86057605,Family Planners Interest Segment,1350970894496714,Price Drop Cut Direct Voice,1524894842862814,Brand Awareness,43.77,8380,0,8214,257,31,100,63,40,198,179,0,0,0,0,4,0,365,3.45,0,0,0,7965,0
2026-02-28,In-App Display,Family Pantry Retention Initiative,Central Region Loyalty Cohort,86057605,Weekend Deal Hunters Interest Segment,1215737735726254,Product Reel Warm Voice,1053017848622192,Catalog Engagement,0,0,0,0,0,0,0,0,0,0,0,0,0,0,0,0,0,0,0,0,0,0,0,0
2026-02-28,In-App Display,Home Essentials Scale Initiative,Central Region Loyalty Cohort,86057605,Health Conscious Buyers Interest Segment,9043153514860644,Price Drop Cut Direct Voice,1277841066908700,Brand Awareness,4.44,472,0,452,22,2,8,3,2,21,15,0,0,0,0,0,0,32,7.48,0,0,0,429,0
2026-02-28,Video Network,Market Fresh Demand Initiative,Central Region Loyalty Cohort,86057605,Weekend Deal Hunters Interest Segment,1230643673987294,Product Reel Warm Voice,9583401529867786,Catalog Engagement,0,0,0,0,0,0,0,0,0,0,0,0,0,0,0,0,0,0,0,0,0,0,0,0
2026-02-28,Video Network,Seasonal Select Promo Initiative,Central Region Loyalty Cohort,86057605,Health Conscious Buyers Interest Segment,6268165283943167,Product Reel Warm Voice,2940241910364389,Catalog Engagement,0,0,0,0,0,0,0,0,0,0,0,0,0,0,0,0,0,0,0,0,0,0,0,0
2026-02-28,Video Network,Smart Choice Impact Initiative,Central Region Loyalty Cohort,44948390,Health Conscious Buyers Retention Segment,4045380354206642,Shelf Story Bold Voice,5851676109927201,Brand Awareness,0,0,0,0,0,0,0,0,0,0,0,0,0,0,0,0,0,0,0,0,0,0,0,0
2026-02-28,Affiliate Network,Smart Choice Impact Initiative,Central Region Loyalty Cohort,44948390,Family Planners Interest Segment,4141466458949862,Shelf Story Bold Voice,1119693786488421,Brand Awareness,0,0,0,0,0,0,0,0,0,0,0,0,0,0,0,0,0,0,0,0,0,0,0,0
2026-02-28,Marketplace Feed,Market Fresh Demand Initiative,Central Region Loyalty Cohort,86057605,Health Conscious Buyers Interest Segment,1483388923686775,Product Reel Warm Voice,1073594771460458,Catalog Engagement,0,0,0,0,0,0,0,0,0,0,0,0,0,0,0,0,0,0,0,0,0,0,0,0
2026-02-28,Shopping Grid,Market Fresh Demand Initiative,Central Region Loyalty Cohort,86057605,Health Conscious Buyers Retention Segment,9275421228366493,Product Reel Warm Voice,5733412281150645,Catalog Engagement,0,0,0,0,0,0,0,0,0,0,0,0,0,0,0,0,0,0,0,0,0,0,0,0
2026-02-28,Connected TV,Family Pantry Retention Initiative,Central Region Loyalty Cohort,86057605,Health Conscious Buyers Interest Segment,1161108588535845,Product Reel Warm Voice,4476083296875111,Catalog Engagement,0,0,0,0,0,0,0,0,0,0,0,0,0,0,0,0,0,0,0,0,0,0,0,0
2026-02-28,Social Feed,Family Pantry Retention Initiative,Central Region Loyalty Cohort,86057605,Health Conscious Buyers Retention Segment,1330727324422624,Price Drop Cut Direct Voice,1461772519148197,Catalog Engagement,0,0,0,0,0,0,0,0,0,0,0,0,0,0,0,0,0,0,0,0,0,0,0,0
2026-02-28,In-App Display,Family Pantry Retention Initiative,Central Region Loyalty Cohort,86057605,Health Conscious Buyers Interest Segment,7830174645888833,Price Drop Cut Direct Voice,9509767682827581,Catalog Engagement,0,0,0,0,0,0,0,0,0,0,0,0,0,0,0,0,0,0,0,0,0,0,0,0
2026-02-28,Affiliate Network,Family Pantry Retention Initiative,Metro Region Conversion Cohort,38881639,Family Planners Lookalike Segment,1010331617086390,Shelf Story Warm Voice,1022962676348579,Brand Awareness,0,0,0,0,0,0,0,0,0,0,0,0,0,0,0,0,0,0,0,0,0,0,0,0
2026-02-27,Influencer Network,Home Essentials Scale Initiative,Central Region Loyalty Cohort,86057605,Family Planners Interest Segment,1350970894496714,Price Drop Cut Direct Voice,1524894842862814,Brand Awareness,61.39,9593,0,7846,309,50,100,95,49,288,220,0,0,0,0,3,0,485,3.78,0,0,0,10321,0
2026-02-27,In-App Display,Market Fresh Demand Initiative,Central Region Loyalty Cohort,86057605,Weekend Deal Hunters Interest Segment,1230643673987294,Product Reel Warm Voice,9583401529867786,Catalog Engagement,0,0,0,0,0,0,0,0,0,0,0,0,0,0,0,0,0,0,0,0,0,0,0,0
2026-02-27,Display Network,Seasonal Select Promo Initiative,Central Region Loyalty Cohort,86057605,Health Conscious Buyers Interest Segment,6268165283943167,Product Reel Warm Voice,2940241910364389,Catalog Engagement,0,0,0,0,0,0,0,0,0,0,0,0,0,0,0,0,0,0,0,0,0,0,0,0
2026-02-27,Marketplace Feed,Family Pantry Retention Initiative,Central Region Loyalty Cohort,86057605,Weekend Deal Hunters Interest Segment,1215737735726254,Product Reel Warm Voice,1053017848622192,Catalog Engagement,0,0,0,0,0,0,0,0,0,0,0,0,0,0,0,0,0,0,0,0,0,0,0,0
2026-02-27,Retail Media Network,Smart Choice Impact Initiative,Central Region Loyalty Cohort,44948390,Health Conscious Buyers Retention Segment,4045380354206642,Shelf Story Bold Voice,5851676109927201,Brand Awareness,0,0,0,0,0,0,0,0,0,0,0,0,0,0,0,0,0,0,0,0,0,0,0,0
2026-02-27,In-App Display,Home Essentials Scale Initiative,Central Region Loyalty Cohort,86057605,Health Conscious Buyers Interest Segment,9043153514860644,Price Drop Cut Direct Voice,1277841066908700,Brand Awareness,4.0,649,0,537,21,1,13,2,2,20,18,0,0,0,0,0,0,32,5.38,0,0,0,688,0
2026-02-27,Connected TV,Market Fresh Demand Initiative,Central Region Loyalty Cohort,86057605,Health Conscious Buyers Retention Segment,9275421228366493,Product Reel Warm Voice,5733412281150645,Catalog Engagement,0,0,0,0,0,0,0,0,0,0,0,0,0,0,0,0,0,0,0,0,0,0,0,0
2026-02-27,Influencer Network,Family Pantry Retention Initiative,Central Region Loyalty Cohort,86057605,Health Conscious Buyers Retention Segment,1330727324422624,Price Drop Cut Direct Voice,1461772519148197,Catalog Engagement,0,0,0,0,0,0,0,0,0,0,0,0,0,0,0,0,0,0,0,0,0,0,0,0
2026-02-27,Influencer Network,Family Pantry Retention Initiative,Metro Region Conversion Cohort,44948390,Weekend Deal Hunters Interest Segment,1111168710985428,Product Reel Bold Voice,1738248276440141,Brand Awareness,0,0,0,0,0,0,0,0,0,0,0,0,0,0,0,0,0,0,0,0,0,0,0,0
2026-02-27,Marketplace Feed,Home Essentials Scale Initiative,Central Region Loyalty Cohort,86057605,Health Conscious Buyers Retention Segment,3536997747651810,Price Drop Cut Direct Voice,1642752931109548,Brand Awareness,4.32,1291,0,1174,24,6,30,12,7,23,24,0,0,0,0,0,0,34,2.39,0,0,0,1160,0
2026-02-27,Search Network,Market Fresh Demand Initiative,Central Region Loyalty Cohort,86057605,Health Conscious Buyers Interest Segment,1483388923686775,Product Reel Warm Voice,1073594771460458,Catalog Engagement,0,0,0,0,0,0,0,0,0,0,0,0,0,0,0,0,0,0,0,0,0,0,0,0
2026-02-27,Influencer Network,Family Pantry Retention Initiative,Central Region Loyalty Cohort,86057605,Health Conscious Buyers Interest Segment,1161108588535845,Product Reel Warm Voice,4476083296875111,Catalog Engagement,0,0,0,0,0,0,0,0,0,0,0,0,0,0,0,0,0,0,0,0,0,0,0,0
2026-02-27,Affiliate Network,Smart Choice Impact Initiative,Central Region Loyalty Cohort,86057605,Health Conscious Buyers Interest Segment,5243824368452388,Collection Showcase Warm Voice,9139539805917898,Catalog Engagement,0,0,0,0,0,0,0,0,0,0,0,0,0,0,0,0,0,0,0,0,0,0,0,0
2026-02-27,Marketplace Feed,Family Pantry Retention Initiative,Central Region Loyalty Cohort,86057605,Health Conscious Buyers Interest Segment,7830174645888833,Price Drop Cut Direct Voice,9509767682827581,Catalog Engagement,0,0,0,0,0,0,0,0,0,0,0,0,0,0,0,0,0,0,0,0,0,0,0,0
2026-02-26,Connected TV,Family Pantry Retention Initiative,Central Region Loyalty Cohort,86057605,Health Conscious Buyers Retention Segment,1161108588535845,Product Reel Warm Voice,4476083296875111,Catalog Engagement,0,0,0,0,0,0,0,0,0,0,0,0,0,0,0,0,0,0,0,0,0,0,0,0
2026-02-26,Display Network,Home Essentials Scale Initiative,Central Region Loyalty Cohort,86057605,Health Conscious Buyers Interest Segment,3536997747651810,Price Drop Cut Direct Voice,1642752931109548,Brand Awareness,5.1,1159,0,952,27,5,28,12,7,24,21,0,0,0,0,0,0,31,2.43,0,0,0,937,0
2026-02-26,Retail Media Network,Home Essentials Promo Initiative,Metro Region Conversion Cohort,44948390,Quick Refill Buyers Retention Segment,1899712342036110,Shelf Story Warm Voice,8585579191193727,Brand Awareness,0,0,0,0,0,0,0,0,0,0,0,0,0,0,0,0,0,0,0,0,0,0,0,0
2026-02-26,Connected TV,Home Essentials Scale Initiative,Central Region Loyalty Cohort,86057605,Family Planners Interest Segment,1350970894496714,Price Drop Cut Direct Voice,1524894842862814,Brand Awareness,50.32,9874,0,9106,287,40,100,82,58,317,230,0,0,0,0,6,0,416,3.95,0,2,0,10231,0
2026-02-26,Social Feed,Weekend Saver Retention Initiative,Metro Region Conversion Cohort,44948390,Family Planners Interest Segment,1394673896902429,Product Reel Warm Voice,1531156400166546,Brand Awareness,0,0,0,0,0,0,0,0,0,0,0,0,0,0,0,0,0,0,0,0,0,0,0,0
2026-02-26,Affiliate Network,Family Pantry Retention Initiative,Central Region Loyalty Cohort,86057605,Health Conscious Buyers Interest Segment,1330727324422624,Price Drop Cut Direct Voice,1461772519148197,Catalog Engagement,0,0,0,0,0,0,0,0,0,0,0,0,0,0,0,0,0,0,0,0,0,0,0,0
2026-02-26,Video Network,Home Essentials Scale Initiative,Central Region Loyalty Cohort,86057605,Weekend Deal Hunters Interest Segment,9043153514860644,Price Drop Cut Direct Voice,1277841066908700,Brand Awareness,5.61,689,0,693,35,1,17,6,2,29,21,0,0,0,0,0,0,41,5.48,0,0,0,728,0
2026-02-26,Influencer Network,Family Pantry Retention Initiative,Central Region Loyalty Cohort,86057605,Health Conscious Buyers Retention Segment,7830174645888833,Price Drop Cut Direct Voice,9509767682827581,Catalog Engagement,0,0,0,0,0,0,0,0,0,0,0,0,0,0,0,0,0,0,0,0,0,0,0,0
2026-02-26,Influencer Network,Family Pantry Retention Initiative,Metro Region Conversion Cohort,38881639,Family Planners Lookalike Segment,1010331617086390,Shelf Story Warm Voice,1022962676348579,Brand Awareness,0,0,0,0,0,0,0,0,0,0,0,0,0,0,0,0,0,0,0,0,0,0,0,0
2026-02-26,Display Network,Market Fresh Demand Initiative,Central Region Loyalty Cohort,86057605,Health Conscious Buyers Retention Segment,1230643673987294,Product Reel Warm Voice,9583401529867786,Catalog Engagement,13.08,1841,0,1713,11,81,100,100,100,119,124,0,0,0,0,5,0,15,0.80,0,1,0,1738,0
2026-02-26,Discovery Network,Seasonal Select Promo Initiative,Central Region Loyalty Cohort,86057605,Health Conscious Buyers Retention Segment,6268165283943167,Product Reel Warm Voice,2940241910364389,Catalog Engagement,0,0,0,0,0,0,0,0,0,0,0,0,0,0,0,0,0,0,0,0,0,0,0,0
2026-02-26,Social Feed,Market Fresh Demand Initiative,Central Region Loyalty Cohort,86057605,Health Conscious Buyers Interest Segment,9275421228366493,Product Reel Warm Voice,5733412281150645,Catalog Engagement,36.20,5038,0,4066,10,100,100,100,100,331,303,0,0,0,0,8,0,22,0.44,0,3,0,4796,0
2026-02-26,Video Network,Weekend Saver Retention Initiative,Metro Region Conversion Cohort,44948390,Family Planners Interest Segment,1394673896902429,Shelf Story Warm Voice,3933844935781169,Brand Awareness,0,0,0,0,0,0,0,0,0,0,0,0,0,0,0,0,0,0,0,0,0,0,0,0
2026-02-26,Search Network,Market Fresh Demand Initiative,Central Region Loyalty Cohort,86057605,Health Conscious Buyers Retention Segment,1483388923686775,Product Reel Warm Voice,1073594771460458,Catalog Engagement,146.69,22606,0,24167,115,100,100,100,100,1695,1570,0,0,0,0,102,0,212,0.78,1,4,0,26156,0
2026-02-25,Display Network,Family Pantry Retention Initiative,Central Region Loyalty Cohort,86057605,Health Conscious Buyers Interest Segment,1522794072559276,Product Reel Warm Voice,1460946686023131,Catalog Engagement,0,0,0,0,0,0,0,0,0,0,0,0,0,0,0,0,0,0,0,0,0,0,0,0
2026-02-25,Discovery Network,Market Fresh Demand Initiative,Central Region Loyalty Cohort,86057605,Health Conscious Buyers Retention Segment,1483388923686775,Product Reel Warm Voice,1073594771460458,Catalog Engagement,227.91,29733,0,28322,124,100,100,100,100,2103,1881,0,0,1,0,82,0,227,0.68,3,7,0,27521,0
2026-02-25,Search Network,Family Pantry Retention Initiative,Central Region Loyalty Cohort,86057605,Health Conscious Buyers Retention Segment,7830174645888833,Price Drop Cut Direct Voice,9509767682827581,Catalog Engagement,0,0,0,0,0,0,0,0,0,0,0,0,0,0,0,0,0,0,0,0,0,0,0,0
2026-02-25,Search Network,Home Essentials Scale Initiative,Central Region Loyalty Cohort,86057605,Weekend Deal Hunters Interest Segment,9043153514860644,Price Drop Cut Direct Voice,1277841066908700,Brand Awareness,4.87,938,0,790,27,3,23,9,5,33,24,0,0,0,0,0,0,34,4.02,0,0,0,867,0
2026-02-25,Retail Media Network,Family Pantry Retention Initiative,Central Region Loyalty Cohort,86057605,Health Conscious Buyers Retention Segment,1215737735726254,Product Reel Warm Voice,1053017848622192,Catalog Engagement,0,0,0,0,0,0,0,0,0,0,0,0,0,0,0,0,0,0,0,0,0,0,0,0
2026-02-25,Social Feed,Home Essentials Scale Initiative,Central Region Loyalty Cohort,86057605,Health Conscious Buyers Interest Segment,3536997747651810,Price Drop Cut Direct Voice,1642752931109548,Brand Awareness,6.25,1062,0,921,28,5,26,9,7,30,27,0,0,0,0,1,0,34,3.07,0,0,0,989,0
2026-02-25,Shopping Grid,Seasonal Select Promo Initiative,Central Region Loyalty Cohort,86057605,Health Conscious Buyers Interest Segment,3403804230959651,Product Reel Warm Voice,1038607115415391,Catalog Engagement,0,0,0,0,0,0,0,0,0,0,0,0,0,0,0,0,0,0,0,0,0,0,0,0
2026-02-25,Shopping Grid,Market Fresh Demand Initiative,Central Region Loyalty Cohort,86057605,Health Conscious Buyers Interest Segment,9275421228366493,Product Reel Warm Voice,5733412281150645,Catalog Engagement,29.07,4862,0,4241,15,100,100,100,100,300,238,0,0,0,0,6,0,20,0.40,0,1,0,4154,0
2026-02-25,Social Feed,Family Pantry Retention Initiative,Central Region Loyalty Cohort,86057605,Health Conscious Buyers Interest Segment,1330727324422624,Price Drop Cut Direct Voice,1461772519148197,Catalog Engagement,0,0,0,0,0,0,0,0,0,0,0,0,0,0,0,0,0,0,0,0,0,0,0,0
2026-02-25,Video Network,Seasonal Select Promo Initiative,Central Region Loyalty Cohort,86057605,Health Conscious Buyers Retention Segment,6268165283943167,Product Reel Warm Voice,2940241910364389,Catalog Engagement,0,0,0,0,0,0,0,0,0,0,0,0,0,0,0,0,0,0,0,0,0,0,0,0
2026-02-25,Social Feed,Family Pantry Retention Initiative,Central Region Loyalty Cohort,86057605,Health Conscious Buyers Retention Segment,1161108588535845,Product Reel Warm Voice,4476083296875111,Catalog Engagement,0,0,0,0,0,0,0,0,0,0,0,0,0,0,0,0,0,0,0,0,0,0,0,0
2026-02-25,Connected TV,Market Fresh Demand Initiative,Central Region Loyalty Cohort,86057605,Health Conscious Buyers Retention Segment,1230643673987294,Product Reel Warm Voice,9583401529867786,Catalog Engagement,11.66,1941,0,2026,10,97,100,100,100,114,110,0,0,0,0,1,0,13,0.5,1,0,0,2036,0
2026-02-25,Affiliate Network,Family Pantry Retention Initiative,Metro Region Conversion Cohort,38881639,Family Planners Lookalike Segment,1010331617086390,Shelf Story Warm Voice,1022962676348579,Brand Awareness,0,0,0,0,0,0,0,0,0,0,0,0,0,0,0,0,0,0,0,0,0,0,0,0
2026-02-25,Shopping Grid,Home Essentials Scale Initiative,Central Region Loyalty Cohort,86057605,Family Planners Interest Segment,1350970894496714,Price Drop Cut Direct Voice,1524894842862814,Brand Awareness,53.34,9048,0,9161,292,34,100,75,54,301,238,0,0,0,0,5,0,443,4.57,0,0,0,8184,0
2026-02-25,Marketplace Feed,Family Pantry Impact Initiative,Central Region Loyalty Cohort,86057605,Family Planners Interest Segment,1303537414714156,Price Drop Cut Direct Voice,1732730319047742,Brand Awareness,0,0,0,0,0,0,0,0,0,0,0,0,0,0,0,0,0,0,0,0,0,0,0,0
2026-02-24,Social Feed,Home Essentials Scale Initiative,Central Region Loyalty Cohort,86057605,Family Planners Interest Segment,1350970894496714,Price Drop Cut Direct Voice,1524894842862814,Brand Awareness,55.99,8043,0,7616,254,28,100,84,45,280,234,0,0,0,0,10,0,416,3.68,0,1,0,8111,0
2026-02-24,Affiliate Network,Smart Choice Impact Initiative,Central Region Loyalty Cohort,44948390,Health Conscious Buyers Interest Segment,4045380354206642,Shelf Story Bold Voice,5851676109927201,Brand Awareness,0,0,0,0,0,0,0,0,0,0,0,0,0,0,0,0,0,0,0,0,0,0,0,0
2026-02-24,Marketplace Feed,Seasonal Select Promo Initiative,Central Region Loyalty Cohort,86057605,Health Conscious Buyers Interest Segment,3403804230959651,Product Reel Warm Voice,1038607115415391,Catalog Engagement,0,0,0,0,0,0,0,0,0,0,0,0,0,0,0,0,0,0,0,0,0,0,0,0
2026-02-24,Retail Media Network,Seasonal Select Promo Initiative,Central Region Loyalty Cohort,86057605,Health Conscious Buyers Retention Segment,6268165283943167,Product Reel Warm Voice,2940241910364389,Catalog Engagement,0,0,0,0,0,0,0,0,0,0,0,0,0,0,0,0,0,0,0,0,0,0,0,0
2026-02-24,Display Network,Smart Choice Impact Initiative,Central Region Loyalty Cohort,44948390,Family Planners Interest Segment,4141466458949862,Shelf Story Bold Voice,1119693786488421,Brand Awareness,0,0,0,0,0,0,0,0,0,0,0,0,0,0,0,0,0,0,0,0,0,0,0,0
2026-02-24,Search Network,Family Pantry Retention Initiative,Central Region Loyalty Cohort,86057605,Health Conscious Buyers Retention Segment,1215737735726254,Product Reel Warm Voice,1053017848622192,Catalog Engagement,0,0,0,0,0,0,0,0,0,0,0,0,0,0,0,0,0,0,0,0,0,0,0,0
2026-02-24,Discovery Network,Market Fresh Demand Initiative,Central Region Loyalty Cohort,86057605,Health Conscious Buyers Interest Segment,9275421228366493,Product Reel Warm Voice,5733412281150645,Catalog Engagement,42.56,4335,0,4800,23,100,100,100,100,446,381,0,0,0,0,17,0,36,0.78,0,0,0,4121,0
2026-02-24,Discovery Network,Smart Choice Impact Initiative,Central Region Loyalty Cohort,86057605,Health Conscious Buyers Retention Segment,1803813881402166,Shelf Story Warm Voice,4799919365905945,Catalog Engagement,0,0,0,0,0,0,0,0,0,0,0,0,0,0,0,0,0,0,0,0,0,0,0,0
2026-02-24,Marketplace Feed,Home Essentials Scale Initiative,Central Region Loyalty Cohort,86057605,Health Conscious Buyers Interest Segment,3536997747651810,Price Drop Cut Direct Voice,1642752931109548,Brand Awareness,4.18,1299,0,1289,29,6,36,9,8,27,24,0,0,0,0,0,0,35,2.30,4,1,0,1325,0
2026-02-24,Social Feed,Smart Choice Impact Initiative,Central Region Loyalty Cohort,86057605,Health Conscious Buyers Retention Segment,5243824368452388,Collection Showcase Warm Voice,9139539805917898,Catalog Engagement,0,0,0,0,0,0,0,0,0,0,0,0,0,0,0,0,0,0,0,0,0,0,0,0
2026-02-24,Discovery Network,Home Essentials Scale Initiative,Metro Region Conversion Cohort,44948390,Health Conscious Buyers Affinity Segment,1198664249496341,Product Reel Bold Voice,1291010764780205,Brand Awareness,0,0,0,0,0,0,0,0,0,0,0,0,0,0,0,0,0,0,0,0,0,0,0,0
2026-02-24,Social Feed,Market Fresh Demand Initiative,Central Region Loyalty Cohort,86057605,Health Conscious Buyers Retention Segment,1230643673987294,Product Reel Warm Voice,9583401529867786,Catalog Engagement,15.77,2558,0,2395,12,100,100,100,100,195,171,0,0,1,0,8,0,26,0.87,0,2,0,2696,0
2026-02-24,Display Network,Home Essentials Promo Initiative,Metro Region Conversion Cohort,44948390,Quick Refill Buyers Retention Segment,1899712342036110,Shelf Story Warm Voice,8585579191193727,Brand Awareness,0,0,0,0,0,0,0,0,0,0,0,0,0,0,0,0,0,0,0,0,0,0,0,0
2026-02-24,Connected TV,Home Essentials Scale Initiative,Central Region Loyalty Cohort,86057605,Weekend Deal Hunters Interest Segment,9043153514860644,Price Drop Cut Direct Voice,1277841066908700,Brand Awareness,8.83,1284,0,1015,44,6,31,11,7,58,43,0,0,0,0,2,0,73,5.91,0,1,0,1104,0
2026-02-24,Shopping Grid,Family Pantry Retention Initiative,Central Region Loyalty Cohort,86057605,Health Conscious Buyers Retention Segment,7830174645888833,Price Drop Cut Direct Voice,9509767682827581,Catalog Engagement,0,0,0,0,0,0,0,0,0,0,0,0,0,0,0,0,0,0,0,0,0,0,0,0
2026-02-24,Retail Media Network,Family Pantry Retention Initiative,Central Region Loyalty Cohort,86057605,Health Conscious Buyers Interest Segment,1330727324422624,Price Drop Cut Direct Voice,1461772519148197,Catalog Engagement,0,0,0,0,0,0,0,0,0,0,0,0,0,0,0,0,0,0,0,0,0,0,0,0
2026-02-24,Social Feed,Market Fresh Demand Initiative,Central Region Loyalty Cohort,86057605,Health Conscious Buyers Retention Segment,1483388923686775,Product Reel Warm Voice,1073594771460458,Catalog Engagement,218.55,25970,0,28601,130,100,100,100,100,2136,1704,0,0,1,0,78,0,215,0.72,5,3,0,24693,0
2026-02-23,In-App Display,Family Pantry Retention Initiative,Central Region Loyalty Cohort,86057605,Health Conscious Buyers Retention Segment,1120125674801608,Price Drop Cut Direct Voice,1332841368153043,Catalog Engagement,0,0,0,0,0,0,0,0,0,0,0,0,0,0,0,0,0,0,0,0,0,0,0,0
2026-02-23,Shopping Grid,Family Pantry Retention Initiative,Metro Region Conversion Cohort,38881639,Family Planners Lookalike Segment,1010331617086390,Shelf Story Warm Voice,1022962676348579,Brand Awareness,0,0,0,0,0,0,0,0,0,0,0,0,0,0,0,0,0,0,0,0,0,0,0,0
2026-02-23,Affiliate Network,Smart Choice Impact Initiative,Central Region Loyalty Cohort,44948390,Health Conscious Buyers Interest Segment,4045380354206642,Shelf Story Bold Voice,5851676109927201,Brand Awareness,0,0,0,0,0,0,0,0,0,0,0,0,0,0,0,0,0,0,0,0,0,0,0,0
2026-02-23,Retail Media Network,Seasonal Select Promo Initiative,Central Region Loyalty Cohort,86057605,Health Conscious Buyers Retention Segment,6268165283943167,Product Reel Warm Voice,2940241910364389,Catalog Engagement,0,0,0,0,0,0,0,0,0,0,0,0,0,0,0,0,0,0,0,0,0,0,0,0
2026-02-23,Discovery Network,Market Fresh Demand Initiative,Central Region Loyalty Cohort,86057605,Health Conscious Buyers Retention Segment,1230643673987294,Product Reel Warm Voice,9583401529867786,Catalog Engagement,17.24,2810,0,2564,12,100,100,100,100,197,149,0,0,0,0,16,0,28,1.06,1,3,0,2518,0
2026-02-23,Affiliate Network,Family Pantry Retention Initiative,Central Region Loyalty Cohort,86057605,Health Conscious Buyers Retention Segment,1161108588535845,Product Reel Warm Voice,4476083296875111,Catalog Engagement,0,0,0,0,0,0,0,0,0,0,0,0,0,0,0,0,0,0,0,0,0,0,0,0
2026-02-23,In-App Display,Home Essentials Scale Initiative,Central Region Loyalty Cohort,86057605,Family Planners Interest Segment,1350970894496714,Price Drop Cut Direct Voice,1524894842862814,Brand Awareness,46.61,9029,0,7796,296,30,100,85,48,311,283,0,0,0,0,4,0,395,4.81,0,1,0,8809,0
2026-02-23,Retail Media Network,Seasonal Select Promo Initiative,Central Region Loyalty Cohort,86057605,Health Conscious Buyers Retention Segment,1843717237848505,Product Reel Warm Voice,5565659508500271,Catalog Engagement,0,0,0,0,0,0,0,0,0,0,0,0,0,0,0,0,0,0,0,0,0,0,0,0
2026-02-23,Shopping Grid,Home Essentials Scale Initiative,Central Region Loyalty Cohort,86057605,Weekend Deal Hunters Interest Segment,9043153514860644,Price Drop Cut Direct Voice,1277841066908700,Brand Awareness,7.04,1153,0,1097,44,6,30,13,7,43,35,0,0,0,0,1,0,80,6.02,0,0,0,1189,0
2026-02-23,Connected TV,Seasonal Select Promo Initiative,Central Region Loyalty Cohort,86057605,Health Conscious Buyers Interest Segment,3403804230959651,Product Reel Warm Voice,1038607115415391,Catalog Engagement,0,0,0,0,0,0,0,0,0,0,0,0,0,0,0,0,0,0,0,0,0,0,0,0
2026-02-23,In-App Display,Market Fresh Demand Initiative,Central Region Loyalty Cohort,86057605,Health Conscious Buyers Retention Segment,1483388923686775,Product Reel Warm Voice,1073594771460458,Catalog Engagement,232.95,29789,0,27184,130,100,100,100,100,2751,2050,0,0,1,0,114,0,241,0.7,0,6,0,32844,0
2026-02-23,Affiliate Network,Market Fresh Demand Initiative,Central Region Loyalty Cohort,86057605,Health Conscious Buyers Interest Segment,9275421228366493,Product Reel Warm Voice,5733412281150645,Catalog Engagement,33.16,5089,0,5104,19,100,100,100,100,357,285,0,0,1,0,23,0,43,0.93,0,2,0,4139,0
2026-02-23,Connected TV,Family Pantry Retention Initiative,Central Region Loyalty Cohort,86057605,Health Conscious Buyers Interest Segment,1330727324422624,Price Drop Cut Direct Voice,1461772519148197,Catalog Engagement,0,0,0,0,0,0,0,0,0,0,0,0,0,0,0,0,0,0,0,0,0,0,0,0
2026-02-23,Discovery Network,Family Pantry Retention Initiative,Central Region Loyalty Cohort,86057605,Health Conscious Buyers Retention Segment,7830174645888833,Price Drop Cut Direct Voice,9509767682827581,Catalog Engagement,0,0,0,0,0,0,0,0,0,0,0,0,0,0,0,0,0,0,0,0,0,0,0,0
2026-02-23,Social Feed,Family Pantry Retention Initiative,Central Region Loyalty Cohort,86057605,Health Conscious Buyers Interest Segment,1522794072559276,Product Reel Warm Voice,1460946686023131,Catalog Engagement,0,0,0,0,0,0,0,0,0,0,0,0,0,0,0,0,0,0,0,0,0,0,0,0
2026-02-23,Influencer Network,Home Essentials Scale Initiative,Central Region Loyalty Cohort,86057605,Health Conscious Buyers Interest Segment,3536997747651810,Price Drop Cut Direct Voice,1642752931109548,Brand Awareness,6.28,987,0,1097,39,5,28,12,6,35,33,0,0,0,0,0,0,60,4.62,0,0,0,953,0
2026-02-23,Connected TV,Family Pantry Retention Initiative,Metro Region Conversion Cohort,44948390,Health Conscious Buyers Retention Segment,1425500821334288,Product Reel Bold Voice,2476416610568674,Catalog Engagement,0,0,0,0,0,0,0,0,0,0,0,0,0,0,0,0,0,0,0,0,0,0,0,0
2026-02-22,Influencer Network,Seasonal Select Promo Initiative,Central Region Loyalty Cohort,86057605,Health Conscious Buyers Interest Segment,3403804230959651,Product Reel Warm Voice,1038607115415391,Catalog Engagement,14.23,2667,0,2816,15,31,100,52,35,170,140,0,0,0,0,6,0,28,1.00,0,0,0,2638,0
2026-02-22,Search Network,Market Fresh Demand Initiative,Central Region Loyalty Cohort,86057605,Health Conscious Buyers Interest Segment,9275421228366493,Product Reel Warm Voice,5733412281150645,Catalog Engagement,15.25,2449,0,2442,12,100,100,100,100,177,146,0,0,0,0,2,0,17,0.63,0,0,0,2487,0
2026-02-22,Affiliate Network,Seasonal Select Promo Initiative,Central Region Loyalty Cohort,86057605,Health Conscious Buyers Retention Segment,1843717237848505,Product Reel Warm Voice,5565659508500271,Catalog Engagement,3.87,699,0,790,6,11,30,16,12,43,41,0,0,0,0,0,0,4,0.51,0,0,0,748,0
2026-02-22,Influencer Network,Seasonal Select Promo Initiative,Central Region Loyalty Cohort,86057605,Health Conscious Buyers Retention Segment,6268165283943167,Product Reel Warm Voice,2940241910364389,Catalog Engagement,223.38,37707,0,41542,166,100,100,100,100,2599,2118,0,0,6,0,120,0,303,0.79,0,8,0,34252,0
2026-02-22,Social Feed,Market Fresh Demand Initiative,Central Region Loyalty Cohort,86057605,Health Conscious Buyers Retention Segment,1230643673987294,Product Reel Warm Voice,9583401529867786,Catalog Engagement,18.13,3345,0,3288,17,100,100,100,100,253,236,0,0,1,0,25,0,35,0.88,0,1,0,3989,0
2026-02-22,Display Network,Smart Choice Impact Initiative,Central Region Loyalty Cohort,86057605,Health Conscious Buyers Retention Segment,1803813881402166,Shelf Story Warm Voice,4799919365905945,Catalog Engagement,0,0,0,0,0,0,0,0,0,0,0,0,0,0,0,0,0,0,0,0,0,0,0,0
2026-02-22,Marketplace Feed,Home Essentials Scale Initiative,Central Region Loyalty Cohort,86057605,Family Planners Interest Segment,1350970894496714,Price Drop Cut Direct Voice,1524894842862814,Brand Awareness,52.99,11917,0,10093,330,54,100,100,70,387,297,0,0,0,0,4,0,485,4.39,0,1,0,12157,0
2026-02-22,Display Network,Home Essentials Scale Initiative,Central Region Loyalty Cohort,86057605,Health Conscious Buyers Interest Segment,3536997747651810,Price Drop Cut Direct Voice,1642752931109548,Brand Awareness,5.76,927,0,989,32,6,21,14,7,31,29,0,0,0,0,0,0,50,4.49,0,0,0,1026,0
2026-02-22,Marketplace Feed,Market Fresh Demand Initiative,Central Region Loyalty Cohort,86057605,Health Conscious Buyers Retention Segment,1483388923686775,Product Reel Warm Voice,1073594771460458,Catalog Engagement,256.66,41086,0,35953,176,100,100,100,100,2867,2457,0,0,1,0,177,0,356,0.89,2,15,0,35104,0
2026-02-22,Social Feed,Family Pantry Retention Initiative,Metro Region Conversion Cohort,38881639,Family Planners Lookalike Segment,1010331617086390,Shelf Story Warm Voice,1022962676348579,Brand Awareness,0,0,0,0,0,0,0,0,0,0,0,0,0,0,0,0,0,0,0,0,0,0,0,0
2026-02-22,Affiliate Network,Family Pantry Retention Initiative,Central Region Loyalty Cohort,86057605,Health Conscious Buyers Retention Segment,1161108588535845,Product Reel Warm Voice,4476083296875111,Catalog Engagement,0,0,0,0,0,0,0,0,0,0,0,0,0,0,0,0,0,0,0,0,0,0,0,0
2026-02-22,Connected TV,Home Essentials Scale Initiative,Central Region Loyalty Cohort,86057605,Weekend Deal Hunters Interest Segment,9043153514860644,Price Drop Cut Direct Voice,1277841066908700,Brand Awareness,6.91,1293,0,1254,44,12,28,15,13,47,42,0,0,0,0,1,0,81,5.88,0,0,0,1177,0
2026-02-22,Shopping Grid,Family Pantry Retention Initiative,Central Region Loyalty Cohort,86057605,Health Conscious Buyers Retention Segment,1120125674801608,Price Drop Cut Direct Voice,1332841368153043,Catalog Engagement,0.43,116,0,123,0,5,55,28,18,22,19,0,0,0,0,0,0,0,0,0,0,0,110,0
2026-02-22,In-App Display,Family Pantry Impact Initiative,Central Region Loyalty Cohort,86057605,Family Planners Interest Segment,1303537414714156,Price Drop Cut Direct Voice,1732730319047742,Brand Awareness,0,0,0,0,0,0,0,0,0,0,0,0,0,0,0,0,0,0,0,0,0,0,0,0
2026-02-22,Marketplace Feed,Family Pantry Retention Initiative,Central Region Loyalty Cohort,86057605,Health Conscious Buyers Retention Segment,7830174645888833,Price Drop Cut Direct Voice,9509767682827581,Catalog Engagement,100.51,20950,0,20262,81,100,100,100,100,3991,3374,0,0,0,0,57,0,120,0.66,1,3,0,18641,0
2026-02-22,Video Network,Family Pantry Retention Initiative,Central Region Loyalty Cohort,86057605,Health Conscious Buyers Interest Segment,1330727324422624,Price Drop Cut Direct Voice,1461772519148197,Catalog Engagement,121.03,20265,0,23719,107,100,100,100,100,5105,3980,0,0,0,0,33,0,154,0.68,3,9,0,21251,0
2026-02-22,Influencer Network,Family Pantry Retention Initiative,Central Region Loyalty Cohort,86057605,Health Conscious Buyers Retention Segment,1215737735726254,Product Reel Warm Voice,1053017848622192,Catalog Engagement,0,0,0,0,0,0,0,0,0,0,0,0,0,0,0,0,0,0,0,0,0,0,0,0
2026-02-22,Search Network,Smart Choice Impact Initiative,Central Region Loyalty Cohort,44948390,Health Conscious Buyers Interest Segment,4045380354206642,Shelf Story Bold Voice,5851676109927201,Brand Awareness,0,0,0,0,0,0,0,0,0,0,0,0,0,0,0,0,0,0,0,0,0,0,0,0
2026-02-22,Display Network,Family Pantry Retention Initiative,South Region Prospecting Cohort,44948390,Family Planners Lookalike Segment,2507857220866131,Shelf Story Bold Voice,1397918323293131,Catalog Engagement,0,0,0,0,0,0,0,0,0,0,0,0,0,0,0,0,0,0,0,0,0,0,0,0
2026-02-22,Shopping Grid,Family Pantry Retention Initiative,Central Region Loyalty Cohort,86057605,Health Conscious Buyers Interest Segment,1522794072559276,Product Reel Warm Voice,1460946686023131,Catalog Engagement,0,0,0,0,0,0,0,0,0,0,0,0,0,0,0,0,0,0,0,0,0,0,0,0
2026-02-21,Affiliate Network,Family Pantry Retention Initiative,Central Region Loyalty Cohort,86057605,Health Conscious Buyers Retention Segment,1215737735726254,Product Reel Warm Voice,1053017848622192,Catalog Engagement,0,0,0,0,0,0,0,0,0,0,0,0,0,0,0,0,0,0,0,0,0,0,0,0
2026-02-21,Affiliate Network,Family Pantry Retention Initiative,Metro Region Conversion Cohort,38881639,Family Planners Lookalike Segment,1010331617086390,Shelf Story Warm Voice,1022962676348579,Brand Awareness,0,0,0,0,0,0,0,0,0,0,0,0,0,0,0,0,0,0,0,0,0,0,0,0
2026-02-21,Retail Media Network,Home Essentials Scale Initiative,Metro Region Conversion Cohort,44948390,Weekend Deal Hunters Interest Segment,4343805881369289,Offer Spotlight Warm Voice,1438846480461721,Brand Awareness,0,0,0,0,0,0,0,0,0,0,0,0,0,0,0,0,0,0,0,0,0,0,0,0
2026-02-21,Influencer Network,Seasonal Select Promo Initiative,Central Region Loyalty Cohort,86057605,Health Conscious Buyers Retention Segment,1843717237848505,Product Reel Warm Voice,5565659508500271,Catalog Engagement,2.06,451,0,431,2,3,12,4,3,24,21,0,0,0,0,1,0,4,0.69,0,1,0,516,0
2026-02-21,Connected TV,Home Essentials Scale Initiative,Central Region Loyalty Cohort,86057605,Health Conscious Buyers Interest Segment,3536997747651810,Price Drop Cut Direct Voice,1642752931109548,Brand Awareness,5.22,1142,0,973,38,1,18,6,4,36,27,0,0,0,0,0,0,56,5.2,1,0,0,995,0
2026-02-21,Retail Media Network,Home Essentials Scale Initiative,Central Region Loyalty Cohort,86057605,Family Planners Interest Segment,1350970894496714,Price Drop Cut Direct Voice,1524894842862814,Brand Awareness,58.2,12103,0,10151,391,37,100,99,60,323,259,0,0,0,0,8,0,458,4.49,0,0,0,10804,0
2026-02-21,Influencer Network,Family Pantry Retention Initiative,Central Region Loyalty Cohort,86057605,Health Conscious Buyers Retention Segment,1120125674801608,Price Drop Cut Direct Voice,1332841368153043,Catalog Engagement,0.27,75,0,93,0,11,35,20,15,19,14,0,0,0,0,0,0,0,0,0,0,0,90,0
2026-02-21,Discovery Network,Seasonal Select Promo Initiative,Central Region Loyalty Cohort,86057605,Health Conscious Buyers Retention Segment,6268165283943167,Product Reel Warm Voice,2940241910364389,Catalog Engagement,245.08,52801,0,51662,169,100,100,100,100,2625,2674,0,0,0,0,246,0,467,0.77,1,11,0,43532,0
2026-02-21,Influencer Network,Family Pantry Retention Initiative,Central Region Loyalty Cohort,86057605,Health Conscious Buyers Retention Segment,1161108588535845,Product Reel Warm Voice,4476083296875111,Catalog Engagement,0,0,0,0,0,0,0,0,0,0,0,0,0,0,0,0,0,0,0,0,0,0,0,0
2026-02-21,Connected TV,Home Essentials Scale Initiative,Central Region Loyalty Cohort,86057605,Weekend Deal Hunters Interest Segment,9043153514860644,Price Drop Cut Direct Voice,1277841066908700,Brand Awareness,9.88,1034,0,998,60,6,37,16,8,61,49,0,0,0,0,1,0,99,7.87,0,0,0,1156,0
2026-02-21,Influencer Network,Market Fresh Demand Initiative,Central Region Loyalty Cohort,86057605,Health Conscious Buyers Interest Segment,9275421228366493,Product Reel Warm Voice,5733412281150645,Catalog Engagement,9.94,1825,0,1993,11,95,100,100,100,125,117,0,0,0,0,7,0,15,0.77,0,1,0,1617,0
2026-02-21,Shopping Grid,Smart Choice Impact Initiative,Central Region Loyalty Cohort,44948390,Family Planners Interest Segment,4141466458949862,Shelf Story Bold Voice,1119693786488421,Brand Awareness,0,0,0,0,0,0,0,0,0,0,0,0,0,0,0,0,0,0,0,0,0,0,0,0
2026-02-21,Shopping Grid,Seasonal Select Promo Initiative,Central Region Loyalty Cohort,86057605,Health Conscious Buyers Interest Segment,3403804230959651,Product Reel Warm Voice,1038607115415391,Catalog Engagement,12.64,2731,0,2614,8,20,100,47,37,181,132,0,0,0,0,12,0,19,0.78,0,0,0,2887,0
2026-02-21,Video Network,Family Pantry Retention Initiative,Central Region Loyalty Cohort,86057605,Health Conscious Buyers Interest Segment,1330727324422624,Price Drop Cut Direct Voice,1461772519148197,Catalog Engagement,224.27,32628,0,36943,141,100,100,100,100,6791,7292,0,0,0,0,87,0,234,0.67,2,12,0,40101,0
2026-02-21,Discovery Network,Family Pantry Retention Initiative,Central Region Loyalty Cohort,86057605,Health Conscious Buyers Retention Segment,7830174645888833,Price Drop Cut Direct Voice,9509767682827581,Catalog Engagement,47.30,10420,0,9731,54,100,100,100,100,1699,1526,0,0,0,0,25,0,57,0.60,0,2,0,8340,0
2026-02-21,Social Feed,Market Fresh Demand Initiative,Central Region Loyalty Cohort,86057605,Health Conscious Buyers Retention Segment,1230643673987294,Product Reel Warm Voice,9583401529867786,Catalog Engagement,18.14,3314,0,2955,19,100,100,100,100,215,172,0,0,1,0,26,0,41,1.52,0,1,0,2955,0
2026-02-21,Social Feed,Smart Choice Impact Initiative,Central Region Loyalty Cohort,44948390,Health Conscious Buyers Interest Segment,4045380354206642,Shelf Story Bold Voice,5851676109927201,Brand Awareness,0,0,0,0,0,0,0,0,0,0,0,0,0,0,0,0,0,0,0,0,0,0,0,0
2026-02-21,Display Network,Market Fresh Demand Initiative,Central Region Loyalty Cohort,86057605,Health Conscious Buyers Retention Segment,1483388923686775,Product Reel Warm Voice,1073594771460458,Catalog Engagement,225.71,35888,0,30091,187,100,100,100,100,2849,2562,0,0,1,0,156,0,327,0.90,1,7,0,33192,0
2026-02-20,In-App Display,Family Pantry Retention Initiative,Metro Region Conversion Cohort,38881639,Family Planners Lookalike Segment,1010331617086390,Shelf Story Warm Voice,1022962676348579,Brand Awareness,0,0,0,0,0,0,0,0,0,0,0,0,0,0,0,0,0,0,0,0,0,0,0,0
2026-02-20,Social Feed,Home Essentials Promo Initiative,Metro Region Loyalty Cohort,38881639,Family Planners Lookalike Segment,8962004814279482,Shelf Story Value Voice,1020691786654074,Brand Awareness,0,0,0,0,0,0,0,0,0,0,0,0,0,0,0,0,0,0,0,0,0,0,0,0
2026-02-20,In-App Display,Market Fresh Demand Initiative,Central Region Loyalty Cohort,86057605,Health Conscious Buyers Interest Segment,9275421228366493,Product Reel Warm Voice,5733412281150645,Catalog Engagement,13.29,2702,0,2788,4,100,100,100,100,162,158,0,0,0,0,17,0,19,0.63,0,0,0,2996,0
2026-02-20,Marketplace Feed,Market Fresh Demand Initiative,Central Region Loyalty Cohort,86057605,Health Conscious Buyers Retention Segment,1483388923686775,Product Reel Warm Voice,1073594771460458,Catalog Engagement,65.27,11443,0,11927,60,100,100,100,100,873,646,0,0,0,0,87,0,128,1.14,1,2,0,10339,0
2026-02-20,Influencer Network,Smart Choice Impact Initiative,Central Region Loyalty Cohort,44948390,Family Planners Interest Segment,4141466458949862,Shelf Story Bold Voice,1119693786488421,Brand Awareness,0,0,0,0,0,0,0,0,0,0,0,0,0,0,0,0,0,0,0,0,0,0,0,0
2026-02-20,Marketplace Feed,Weekend Saver Retention Initiative,Metro Region Conversion Cohort,44948390,Family Planners Interest Segment,1394673896902429,Collection Showcase Warm Voice,1465857572073203,Brand Awareness,0,0,0,0,0,0,0,0,0,0,0,0,0,0,0,0,0,0,0,0,0,0,0,0
2026-02-20,Display Network,Family Pantry Retention Initiative,Central Region Loyalty Cohort,86057605,Health Conscious Buyers Interest Segment,1522794072559276,Product Reel Warm Voice,1460946686023131,Catalog Engagement,0,0,0,0,0,0,0,0,0,0,0,0,0,0,0,0,0,0,0,0,0,0,0,0
2026-02-20,Social Feed,Home Essentials Scale Initiative,Central Region Loyalty Cohort,86057605,Family Planners Interest Segment,1350970894496714,Price Drop Cut Direct Voice,1524894842862814,Brand Awareness,49.72,10222,0,9506,361,43,100,100,64,304,286,0,0,0,0,6,0,472,4.29,0,0,0,10608,0
2026-02-20,Retail Media Network,Family Pantry Retention Initiative,Central Region Loyalty Cohort,86057605,Health Conscious Buyers Retention Segment,7830174645888833,Price Drop Cut Direct Voice,9509767682827581,Catalog Engagement,51,11493,0,11820,45,100,100,100,100,2200,1693,0,0,0,0,24,0,82,0.78,2,2,0,8898,0
2026-02-20,Video Network,Home Essentials Scale Initiative,Central Region Loyalty Cohort,86057605,Health Conscious Buyers Interest Segment,3536997747651810,Price Drop Cut Direct Voice,1642752931109548,Brand Awareness,5.02,1512,0,1407,39,3,25,12,5,33,24,0,0,0,0,2,0,56,3.58,0,0,0,1528,0
2026-02-20,Display Network,Market Fresh Demand Initiative,Central Region Loyalty Cohort,86057605,Health Conscious Buyers Retention Segment,1230643673987294,Product Reel Warm Voice,9583401529867786,Catalog Engagement,7.57,1392,0,1439,4,100,100,100,100,112,103,0,0,0,0,3,0,6,0.50,0,0,0,1199,0
2026-02-20,In-App Display,Seasonal Select Promo Initiative,Central Region Loyalty Cohort,86057605,Health Conscious Buyers Retention Segment,6268165283943167,Product Reel Warm Voice,2940241910364389,Catalog Engagement,219.45,46465,0,41222,137,100,100,100,100,3106,2785,0,0,0,0,335,0,483,0.90,2,13,0,36302,0
2026-02-20,Social Feed,Family Pantry Retention Initiative,Central Region Loyalty Cohort,86057605,Health Conscious Buyers Interest Segment,1330727324422624,Price Drop Cut Direct Voice,1461772519148197,Catalog Engagement,185.68,37875,0,35131,160,100,100,100,100,8651,7014,0,0,0,0,66,0,239,0.53,0,6,0,35615,0
2026-02-20,Display Network,Smart Choice Impact Initiative,Central Region Loyalty Cohort,86057605,Health Conscious Buyers Retention Segment,1803813881402166,Shelf Story Warm Voice,4799919365905945,Catalog Engagement,0,0,0,0,0,0,0,0,0,0,0,0,0,0,0,0,0,0,0,0,0,0,0,0
2026-02-20,Influencer Network,Family Pantry Retention Initiative,Central Region Loyalty Cohort,86057605,Health Conscious Buyers Retention Segment,1215737735726254,Product Reel Warm Voice,1053017848622192,Catalog Engagement,0,0,0,0,0,0,0,0,0,0,0,0,0,0,0,0,0,0,0,0,0,0,0,0
2026-02-20,Discovery Network,Seasonal Select Promo Initiative,Central Region Loyalty Cohort,86057605,Health Conscious Buyers Retention Segment,1843717237848505,Product Reel Warm Voice,5565659508500271,Catalog Engagement,1.37,458,0,439,0,2,12,4,4,18,13,0,0,0,0,1,0,3,0.49,0,0,0,540,0
2026-02-20,Connected TV,Family Pantry Retention Initiative,Central Region Loyalty Cohort,86057605,Health Conscious Buyers Retention Segment,1161108588535845,Product Reel Warm Voice,4476083296875111,Catalog Engagement,0,0,0,0,0,0,0,0,0,0,0,0,0,0,0,0,0,0,0,0,0,0,0,0
2026-02-20,Shopping Grid,Seasonal Select Promo Initiative,Central Region Loyalty Cohort,86057605,Health Conscious Buyers Interest Segment,3403804230959651,Product Reel Warm Voice,1038607115415391,Catalog Engagement,21.0,3228,0,3172,13,39,100,82,70,289,223,0,0,2,0,23,0,42,0.99,0,0,0,3064,0
2026-02-20,Video Network,Family Pantry Retention Initiative,Central Region Loyalty Cohort,86057605,Health Conscious Buyers Retention Segment,1120125674801608,Price Drop Cut Direct Voice,1332841368153043,Catalog Engagement,0.14,55,0,55,0,1,23,11,8,9,6,0,0,0,0,0,0,0,0,0,0,0,54,0
2026-02-20,In-App Display,Home Essentials Scale Initiative,Central Region Loyalty Cohort,86057605,Weekend Deal Hunters Interest Segment,9043153514860644,Price Drop Cut Direct Voice,1277841066908700,Brand Awareness,10.17,1534,0,1196,57,10,44,20,11,63,47,0,0,0,0,0,0,101,6.76,0,0,0,1258,0
2026-02-19,Display Network,Home Essentials Scale Initiative,Central Region Loyalty Cohort,86057605,Family Planners Interest Segment,1350970894496714,Price Drop Cut Direct Voice,1524894842862814,Brand Awareness,53.8,9915,0,9892,322,35,100,83,42,341,321,0,0,0,0,9,0,527,4.74,0,0,0,9321,0
2026-02-19,Display Network,Smart Choice Impact Initiative,Central Region Loyalty Cohort,86057605,Health Conscious Buyers Retention Segment,5243824368452388,Collection Showcase Warm Voice,9139539805917898,Catalog Engagement,0,0,0,0,0,0,0,0,0,0,0,0,0,0,0,0,0,0,0,0,0,0,0,0
2026-02-19,Social Feed,Home Essentials Promo Initiative,Metro Region Loyalty Cohort,38881639,Family Planners Lookalike Segment,8962004814279482,Shelf Story Value Voice,1020691786654074,Brand Awareness,0,0,0,0,0,0,0,0,0,0,0,0,0,0,0,0,0,0,0,0,0,0,0,0
2026-02-19,Display Network,Home Essentials Scale Initiative,Central Region Loyalty Cohort,86057605,Weekend Deal Hunters Interest Segment,9043153514860644,Price Drop Cut Direct Voice,1277841066908700,Brand Awareness,7.75,1375,0,1293,51,4,36,13,4,51,45,0,0,0,0,2,0,82,5.34,0,0,0,1399,0
2026-02-19,Shopping Grid,Family Pantry Retention Initiative,Central Region Loyalty Cohort,86057605,Health Conscious Buyers Retention Segment,7830174645888833,Price Drop Cut Direct Voice,9509767682827581,Catalog Engagement,53.49,14350,0,13762,67,100,100,100,100,2501,2135,0,0,0,0,30,0,87,0.60,0,2,0,13336,0
2026-02-19,Social Feed,Family Pantry Retention Initiative,Central Region Loyalty Cohort,86057605,Health Conscious Buyers Interest Segment,1330727324422624,Price Drop Cut Direct Voice,1461772519148197,Catalog Engagement,189.59,37398,0,40314,153,100,100,100,100,8127,8412,0,0,0,0,66,0,198,0.46,1,7,0,36576,0
2026-02-19,Display Network,Smart Choice Impact Initiative,Central Region Loyalty Cohort,44948390,Health Conscious Buyers Interest Segment,4045380354206642,Shelf Story Bold Voice,5851676109927201,Brand Awareness,0,0,0,0,0,0,0,0,0,0,0,0,0,0,0,0,0,0,0,0,0,0,0,0
2026-02-19,Discovery Network,Smart Choice Impact Initiative,Central Region Loyalty Cohort,44948390,Family Planners Interest Segment,4141466458949862,Shelf Story Bold Voice,1119693786488421,Brand Awareness,0,0,0,0,0,0,0,0,0,0,0,0,0,0,0,0,0,0,0,0,0,0,0,0
2026-02-19,Affiliate Network,Weekend Saver Retention Initiative,Metro Region Conversion Cohort,44948390,Family Planners Interest Segment,1394673896902429,Shelf Story Warm Voice,3933844935781169,Brand Awareness,0,0,0,0,0,0,0,0,0,0,0,0,0,0,0,0,0,0,0,0,0,0,0,0
2026-02-19,Display Network,Family Pantry Retention Initiative,Metro Region Conversion Cohort,38881639,Family Planners Lookalike Segment,1010331617086390,Shelf Story Warm Voice,1022962676348579,Brand Awareness,0,0,0,0,0,0,0,0,0,0,0,0,0,0,0,0,0,0,0,0,0,0,0,0
2026-02-19,Influencer Network,Family Pantry Retention Initiative,Central Region Loyalty Cohort,86057605,Health Conscious Buyers Retention Segment,1161108588535845,Product Reel Warm Voice,4476083296875111,Catalog Engagement,0,0,0,0,0,0,0,0,0,0,0,0,0,0,0,0,0,0,0,0,0,0,0,0
2026-02-19,Video Network,Home Essentials Promo Initiative,Metro Region Conversion Cohort,44948390,Quick Refill Buyers Retention Segment,1899712342036110,Shelf Story Warm Voice,8585579191193727,Brand Awareness,0,0,0,0,0,0,0,0,0,0,0,0,0,0,0,0,0,0,0,0,0,0,0,0
2026-02-19,Connected TV,Seasonal Select Promo Initiative,Central Region Loyalty Cohort,86057605,Health Conscious Buyers Interest Segment,3403804230959651,Product Reel Warm Voice,1038607115415391,Catalog Engagement,35.73,5163,0,6285,36,61,100,100,85,537,414,0,0,0,0,61,0,87,1.35,0,4,0,5875,0
2026-02-19,Display Network,Family Pantry Retention Initiative,Central Region Loyalty Cohort,86057605,Health Conscious Buyers Retention Segment,1120125674801608,Price Drop Cut Direct Voice,1332841368153043,Catalog Engagement,0.20,53,0,66,1,7,31,12,8,11,8,0,0,0,0,0,0,1,1.45,0,0,0,58,0
2026-02-19,Discovery Network,Smart Choice Impact Initiative,Central Region Loyalty Cohort,86057605,Health Conscious Buyers Retention Segment,1803813881402166,Shelf Story Warm Voice,4799919365905945,Catalog Engagement,0,0,0,0,0,0,0,0,0,0,0,0,0,0,0,0,0,0,0,0,0,0,0,0
2026-02-19,Video Network,Family Pantry Retention Initiative,Central Region Loyalty Cohort,86057605,Health Conscious Buyers Retention Segment,1215737735726254,Product Reel Warm Voice,1053017848622192,Catalog Engagement,0,0,0,0,0,0,0,0,0,0,0,0,0,0,0,0,0,0,0,0,0,0,0,0
2026-02-19,Influencer Network,Seasonal Select Promo Initiative,Central Region Loyalty Cohort,86057605,Health Conscious Buyers Retention Segment,6268165283943167,Product Reel Warm Voice,2940241910364389,Catalog Engagement,213.36,42945,0,45985,112,100,100,100,100,3226,2696,0,0,0,0,237,0,410,0.93,1,9,0,41255,0
2026-02-19,Display Network,Family Pantry Retention Initiative,Central Region Loyalty Cohort,86057605,Health Conscious Buyers Interest Segment,1522794072559276,Product Reel Warm Voice,1460946686023131,Catalog Engagement,0,0,0,0,0,0,0,0,0,0,0,0,0,0,0,0,0,0,0,0,0,0,0,0
2026-02-19,Affiliate Network,Seasonal Select Promo Initiative,Central Region Loyalty Cohort,86057605,Health Conscious Buyers Retention Segment,1843717237848505,Product Reel Warm Voice,5565659508500271,Catalog Engagement,2.04,653,0,563,5,7,17,10,8,27,26,0,0,0,0,2,0,7,1.05,0,0,0,591,0
2026-02-19,Display Network,Home Essentials Scale Initiative,Central Region Loyalty Cohort,86057605,Health Conscious Buyers Interest Segment,3536997747651810,Price Drop Cut Direct Voice,1642752931109548,Brand Awareness,5.80,1561,0,1558,42,6,48,18,8,48,38,0,0,0,0,1,0,56,3.11,0,0,0,1590,0
2026-02-19,Display Network,Family Pantry Retention Initiative,South Region Prospecting Cohort,44948390,Family Planners Lookalike Segment,2507857220866131,Shelf Story Bold Voice,1397918323293131,Catalog Engagement,0,0,0,0,0,0,0,0,0,0,0,0,0,0,0,0,0,0,0,0,0,0,0,0
2026-02-18,Discovery Network,Home Essentials Scale Initiative,Central Region Loyalty Cohort,86057605,Health Conscious Buyers Interest Segment,3536997747651810,Price Drop Cut Direct Voice,1642752931109548,Brand Awareness,6.80,1522,0,1449,35,3,35,10,7,30,25,0,0,0,0,2,0,66,3.96,0,0,0,1431,0
2026-02-18,Display Network,Home Essentials Scale Initiative,Central Region Loyalty Cohort,86057605,Family Planners Interest Segment,1350970894496714,Price Drop Cut Direct Voice,1524894842862814,Brand Awareness,58.85,12529,0,9947,345,40,100,100,57,305,317,0,0,0,0,6,0,545,4.14,0,0,0,10505,0
2026-02-18,Discovery Network,Smart Choice Impact Initiative,Central Region Loyalty Cohort,86057605,Health Conscious Buyers Retention Segment,1803813881402166,Shelf Story Warm Voice,4799919365905945,Catalog Engagement,0,0,0,0,0,0,0,0,0,0,0,0,0,0,0,0,0,0,0,0,0,0,0,0
2026-02-18,Social Feed,Smart Choice Impact Initiative,Central Region Loyalty Cohort,44948390,Health Conscious Buyers Interest Segment,4045380354206642,Shelf Story Bold Voice,5851676109927201,Brand Awareness,0,0,0,0,0,0,0,0,0,0,0,0,0,0,0,0,0,0,0,0,0,0,0,0
2026-02-18,Retail Media Network,Home Essentials Scale Initiative,Central Region Loyalty Cohort,86057605,Weekend Deal Hunters Interest Segment,9043153514860644,Price Drop Cut Direct Voice,1277841066908700,Brand Awareness,9.43,1181,0,889,62,8,35,17,11,59,57,0,0,0,0,0,0,91,7.34,0,0,0,1022,0
2026-02-18,Influencer Network,Family Pantry Retention Initiative,Metro Region Conversion Cohort,38881639,Family Planners Lookalike Segment,1010331617086390,Shelf Story Warm Voice,1022962676348579,Brand Awareness,0,0,0,0,0,0,0,0,0,0,0,0,0,0,0,0,0,0,0,0,0,0,0,0
2026-02-18,Influencer Network,Seasonal Select Promo Initiative,Central Region Loyalty Cohort,86057605,Health Conscious Buyers Interest Segment,3403804230959651,Product Reel Warm Voice,1038607115415391,Catalog Engagement,36.32,6790,0,7072,35,70,100,100,85,540,377,0,0,0,0,46,0,79,1.05,0,2,0,5774,0
2026-02-18,Affiliate Network,Family Pantry Retention Initiative,Central Region Loyalty Cohort,86057605,Health Conscious Buyers Retention Segment,1120125674801608,Price Drop Cut Direct Voice,1332841368153043,Catalog Engagement,0.48,99,0,106,0,10,46,24,16,20,16,0,0,0,0,0,0,0,0,0,0,0,111,0
2026-02-18,Marketplace Feed,Family Pantry Retention Initiative,Central Region Loyalty Cohort,86057605,Health Conscious Buyers Interest Segment,1330727324422624,Price Drop Cut Direct Voice,1461772519148197,Catalog Engagement,169.3,31577,0,33058,122,100,100,100,100,6484,5511,0,0,0,0,74,0,177,0.54,0,5,0,28157,0
2026-02-18,Social Feed,Weekend Saver Retention Initiative,Metro Region Conversion Cohort,44948390,Family Planners Interest Segment,1394673896902429,Collection Showcase Warm Voice,1465857572073203,Brand Awareness,0,0,0,0,0,0,0,0,0,0,0,0,0,0,0,0,0,0,0,0,0,0,0,0
2026-02-18,Shopping Grid,Seasonal Select Promo Initiative,Central Region Loyalty Cohort,86057605,Health Conscious Buyers Retention Segment,1843717237848505,Product Reel Warm Voice,5565659508500271,Catalog Engagement,4.01,662,0,612,6,7,30,16,8,50,37,0,0,0,0,1,0,7,1.03,0,0,0,728,0
2026-02-18,Marketplace Feed,Seasonal Select Promo Initiative,Central Region Loyalty Cohort,86057605,Health Conscious Buyers Retention Segment,6268165283943167,Product Reel Warm Voice,2940241910364389,Catalog Engagement,196.58,46551,0,49378,162,100,100,100,100,2577,2547,0,0,0,0,196,0,356,0.86,4,10,0,40675,0
2026-02-18,Video Network,Family Pantry Retention Initiative,Central Region Loyalty Cohort,86057605,Health Conscious Buyers Retention Segment,1161108588535845,Product Reel Warm Voice,4476083296875111,Catalog Engagement,0,0,0,0,0,0,0,0,0,0,0,0,0,0,0,0,0,0,0,0,0,0,0,0
2026-02-18,In-App Display,Smart Choice Impact Initiative,Central Region Loyalty Cohort,86057605,Health Conscious Buyers Interest Segment,4689140768019905,Offer Spotlight Friendly Voice,6565476888405014,Catalog Engagement,0,0,0,0,0,0,0,0,0,0,0,0,0,0,0,0,0,0,0,0,0,0,0,0
2026-02-18,Video Network,Smart Choice Impact Initiative,Central Region Loyalty Cohort,44948390,Family Planners Interest Segment,4141466458949862,Shelf Story Bold Voice,1119693786488421,Brand Awareness,0,0,0,0,0,0,0,0,0,0,0,0,0,0,0,0,0,0,0,0,0,0,0,0
2026-02-18,Influencer Network,Family Pantry Impact Initiative,Central Region Loyalty Cohort,86057605,Family Planners Interest Segment,1303537414714156,Price Drop Cut Direct Voice,1732730319047742,Brand Awareness,0,0,0,0,0,0,0,0,0,0,0,0,0,0,0,0,0,0,0,0,0,0,0,0
2026-02-18,Discovery Network,Weekend Saver Retention Initiative,Metro Region Conversion Cohort,44948390,Family Planners Interest Segment,1394673896902429,Offer Spotlight Warm Voice,2577836288304446,Brand Awareness,0,0,0,0,0,0,0,0,0,0,0,0,0,0,0,0,0,0,0,0,0,0,0,0
2026-02-18,Marketplace Feed,Family Pantry Retention Initiative,Central Region Loyalty Cohort,86057605,Health Conscious Buyers Interest Segment,1522794072559276,Product Reel Warm Voice,1460946686023131,Catalog Engagement,0,0,0,0,0,0,0,0,0,0,0,0,0,0,0,0,0,0,0,0,0,0,0,0
2026-02-18,Retail Media Network,Weekend Saver Retention Initiative,Metro Region Conversion Cohort,44948390,Family Planners Interest Segment,1394673896902429,Price Drop Cut Direct Voice,1812581034724444,Brand Awareness,0,0,0,0,0,0,0,0,0,0,0,0,0,0,0,0,0,0,0,0,0,0,0,0
2026-02-18,Search Network,Family Pantry Retention Initiative,Central Region Loyalty Cohort,86057605,Health Conscious Buyers Retention Segment,7830174645888833,Price Drop Cut Direct Voice,9509767682827581,Catalog Engagement,85.29,18594,0,18596,86,100,100,100,100,3748,3852,0,0,0,0,40,0,133,0.7,0,2,0,21159,0
2026-02-18,Search Network,Family Pantry Retention Initiative,Central Region Loyalty Cohort,86057605,Health Conscious Buyers Retention Segment,1215737735726254,Product Reel Warm Voice,1053017848622192,Catalog Engagement,0,0,0,0,0,0,0,0,0,0,0,0,0,0,0,0,0,0,0,0,0,0,0,0
2026-02-17,Connected TV,Family Pantry Retention Initiative,Central Region Loyalty Cohort,86057605,Health Conscious Buyers Retention Segment,7830174645888833,Price Drop Cut Direct Voice,9509767682827581,Catalog Engagement,106.15,24507,0,28552,107,100,100,100,100,5972,4362,0,0,0,0,56,0,165,0.64,0,8,0,26855,0
2026-02-17,Video Network,Home Essentials Scale Initiative,Central Region Loyalty Cohort,86057605,Weekend Deal Hunters Interest Segment,9043153514860644,Price Drop Cut Direct Voice,1277841066908700,Brand Awareness,4.0,957,0,911,28,5,26,8,6,36,24,0,0,0,0,0,0,45,4.01,0,0,0,951,0
2026-02-17,In-App Display,Home Essentials Scale Initiative,Metro Region Conversion Cohort,44948390,Weekend Deal Hunters Interest Segment,4343805881369289,Offer Spotlight Warm Voice,1438846480461721,Brand Awareness,0,0,0,0,0,0,0,0,0,0,0,0,0,0,0,0,0,0,0,0,0,0,0,0
2026-02-17,Influencer Network,Seasonal Select Promo Initiative,Central Region Loyalty Cohort,86057605,Health Conscious Buyers Retention Segment,6268165283943167,Product Reel Warm Voice,2940241910364389,Catalog Engagement,159.21,27051,0,30352,118,100,100,100,100,2219,2110,0,0,0,0,239,0,295,1.09,0,7,0,31124,0
2026-02-17,Retail Media Network,Smart Choice Impact Initiative,Central Region Loyalty Cohort,86057605,Health Conscious Buyers Retention Segment,1803813881402166,Shelf Story Warm Voice,4799919365905945,Catalog Engagement,0,0,0,0,0,0,0,0,0,0,0,0,0,0,0,0,0,0,0,0,0,0,0,0
2026-02-17,Discovery Network,Home Essentials Scale Initiative,Central Region Loyalty Cohort,86057605,Family Planners Interest Segment,1350970894496714,Price Drop Cut Direct Voice,1524894842862814,Brand Awareness,55.75,13488,0,10342,361,48,100,100,71,332,303,0,0,0,0,7,0,501,3.6,0,1,0,12325,0
2026-02-17,Discovery Network,Home Essentials Scale Initiative,Central Region Loyalty Cohort,86057605,Health Conscious Buyers Interest Segment,3536997747651810,Price Drop Cut Direct Voice,1642752931109548,Brand Awareness,6.21,1595,0,1416,41,14,46,22,14,43,39,0,0,0,0,0,0,59,4.05,0,1,0,1251,0
2026-02-17,Social Feed,Family Pantry Retention Initiative,Metro Region Conversion Cohort,38881639,Family Planners Lookalike Segment,1010331617086390,Shelf Story Warm Voice,1022962676348579,Brand Awareness,0,0,0,0,0,0,0,0,0,0,0,0,0,0,0,0,0,0,0,0,0,0,0,0
2026-02-17,Shopping Grid,Seasonal Select Promo Initiative,Central Region Loyalty Cohort,86057605,Health Conscious Buyers Retention Segment,1843717237848505,Product Reel Warm Voice,5565659508500271,Catalog Engagement,1.6,364,0,313,1,6,15,8,5,21,20,0,0,0,0,0,0,5,1.24,0,1,0,324,0
2026-02-17,Social Feed,Smart Choice Impact Initiative,Central Region Loyalty Cohort,86057605,Health Conscious Buyers Interest Segment,1208384049784723,Collection Showcase Warm Voice,3851087194337450,Catalog Engagement,0,0,0,0,0,0,0,0,0,0,0,0,0,0,0,0,0,0,0,0,0,0,0,0
2026-02-17,Social Feed,Family Pantry Retention Initiative,Central Region Loyalty Cohort,86057605,Health Conscious Buyers Retention Segment,1120125674801608,Price Drop Cut Direct Voice,1332841368153043,Catalog Engagement,2.16,457,0,493,2,51,100,100,92,111,107,0,0,0,0,1,0,3,0.67,0,0,0,462,0
2026-02-17,Display Network,Family Pantry Retention Initiative,Central Region Loyalty Cohort,86057605,Health Conscious Buyers Interest Segment,1522794072559276,Product Reel Warm Voice,1460946686023131,Catalog Engagement,28.80,6982,0,7510,38,100,100,100,100,451,345,0,0,0,0,14,0,54,0.70,1,1,0,6949,0
2026-02-17,Influencer Network,Smart Choice Impact Initiative,Central Region Loyalty Cohort,44948390,Family Planners Interest Segment,4141466458949862,Shelf Story Bold Voice,1119693786488421,Brand Awareness,0,0,0,0,0,0,0,0,0,0,0,0,0,0,0,0,0,0,0,0,0,0,0,0
2026-02-17,In-App Display,Family Pantry Retention Initiative,Central Region Loyalty Cohort,86057605,Health Conscious Buyers Retention Segment,1215737735726254,Product Reel Warm Voice,1053017848622192,Catalog Engagement,18.31,1799,0,1736,14,100,100,100,100,227,205,0,0,0,0,9,0,22,1.18,0,0,0,1704,0
2026-02-17,In-App Display,Family Pantry Impact Initiative,Central Region Loyalty Cohort,86057605,Health Conscious Buyers Interest Segment,1667879036440414,Price Drop Cut Direct Voice,1775743663117333,Brand Awareness,0,0,0,0,0,0,0,0,0,0,0,0,0,0,0,0,0,0,0,0,0,0,0,0
2026-02-17,Influencer Network,Seasonal Select Promo Initiative,Central Region Loyalty Cohort,44948390,Health Conscious Buyers Interest Segment,1579872201720726,Price Drop Cut Value Voice,1785180660806373,Catalog Engagement,0,0,0,0,0,0,0,0,0,0,0,0,0,0,0,0,0,0,0,0,0,0,0,0
2026-02-17,Discovery Network,Smart Choice Impact Initiative,Central Region Loyalty Cohort,44948390,Health Conscious Buyers Interest Segment,4045380354206642,Shelf Story Bold Voice,5851676109927201,Brand Awareness,0,0,0,0,0,0,0,0,0,0,0,0,0,0,0,0,0,0,0,0,0,0,0,0
2026-02-17,Influencer Network,Family Pantry Retention Initiative,Central Region Loyalty Cohort,86057605,Health Conscious Buyers Interest Segment,1330727324422624,Price Drop Cut Direct Voice,1461772519148197,Catalog Engagement,153.38,29815,0,30158,141,100,100,100,100,7873,7037,0,0,0,0,49,0,195,0.66,1,9,0,25731,0
2026-02-17,Display Network,Family Pantry Retention Initiative,Central Region Loyalty Cohort,86057605,Health Conscious Buyers Retention Segment,1161108588535845,Product Reel Warm Voice,4476083296875111,Catalog Engagement,153.94,29054,0,29349,141,100,100,100,100,2246,1780,0,0,0,0,110,0,215,0.74,4,12,0,34306,0
2026-02-17,In-App Display,Smart Choice Impact Initiative,Central Region Loyalty Cohort,44948390,Weekend Deal Hunters Interest Segment,7654152717899360,Shelf Story Bold Voice,1844583984085561,Brand Awareness,0,0,0,0,0,0,0,0,0,0,0,0,0,0,0,0,0,0,0,0,0,0,0,0
2026-02-17,Discovery Network,Home Essentials Scale Initiative,Metro Region Conversion Cohort,44948390,Weekend Deal Hunters Interest Segment,4343805881369289,Shelf Story Warm Voice,1639340882427244,Brand Awareness,0,0,0,0,0,0,0,0,0,0,0,0,0,0,0,0,0,0,0,0,0,0,0,0
2026-02-17,In-App Display,Seasonal Select Promo Initiative,Central Region Loyalty Cohort,86057605,Health Conscious Buyers Interest Segment,3403804230959651,Product Reel Warm Voice,1038607115415391,Catalog Engagement,92.02,14634,0,17616,60,100,100,100,100,1561,1098,0,0,0,0,172,0,220,1.25,0,5,0,16543,0
2026-02-16,Display Network,Home Essentials Promo Initiative,Metro Region Loyalty Cohort,38881639,Family Planners Lookalike Segment,8962004814279482,Shelf Story Value Voice,1020691786654074,Brand Awareness,0,0,0,0,0,0,0,0,0,0,0,0,0,0,0,0,0,0,0,0,0,0,0,0
2026-02-16,In-App Display,Seasonal Select Promo Initiative,Central Region Loyalty Cohort,86057605,Health Conscious Buyers Retention Segment,1843717237848505,Product Reel Warm Voice,5565659508500271,Catalog Engagement,2.37,427,0,487,3,9,28,15,11,50,40,0,0,0,0,3,0,4,0.85,0,0,0,489,0
2026-02-16,Influencer Network,Home Essentials Scale Initiative,Central Region Loyalty Cohort,86057605,Health Conscious Buyers Interest Segment,3536997747651810,Price Drop Cut Direct Voice,1642752931109548,Brand Awareness,8.9,1737,0,1629,61,5,46,22,11,49,39,0,0,0,0,2,0,88,3.83,0,0,0,1694,0
2026-02-16,Video Network,Home Essentials Scale Initiative,Central Region Loyalty Cohort,86057605,Weekend Deal Hunters Interest Segment,9043153514860644,Price Drop Cut Direct Voice,1277841066908700,Brand Awareness,7.2,1287,0,1014,52,8,57,25,12,56,47,0,0,0,0,1,0,65,5.75,0,0,0,1117,0
2026-02-16,Shopping Grid,Smart Choice Impact Initiative,Central Region Loyalty Cohort,86057605,Health Conscious Buyers Retention Segment,5243824368452388,Collection Showcase Warm Voice,9139539805917898,Catalog Engagement,0,0,0,0,0,0,0,0,0,0,0,0,0,0,0,0,0,0,0,0,0,0,0,0
2026-02-16,Affiliate Network,Family Pantry Retention Initiative,Central Region Loyalty Cohort,86057605,Health Conscious Buyers Interest Segment,1330727324422624,Price Drop Cut Direct Voice,1461772519148197,Catalog Engagement,83,18140,0,16589,65,100,100,100,100,5088,4459,0,0,0,0,28,0,99,0.45,1,2,0,18253,0
2026-02-16,Search Network,Family Pantry Retention Initiative,Central Region Loyalty Cohort,86057605,Health Conscious Buyers Interest Segment,1522794072559276,Product Reel Warm Voice,1460946686023131,Catalog Engagement,37.52,9418,0,9344,44,100,100,100,100,593,522,0,0,0,0,20,0,83,0.83,0,1,0,8256,0
2026-02-16,Discovery Network,Smart Choice Impact Initiative,Central Region Loyalty Cohort,44948390,Family Planners Interest Segment,4141466458949862,Shelf Story Bold Voice,1119693786488421,Brand Awareness,0,0,0,0,0,0,0,0,0,0,0,0,0,0,0,0,0,0,0,0,0,0,0,0
2026-02-16,Search Network,Family Pantry Retention Initiative,Central Region Loyalty Cohort,86057605,Health Conscious Buyers Retention Segment,1215737735726254,Product Reel Warm Voice,1053017848622192,Catalog Engagement,25.30,2672,0,2512,25,100,100,100,100,359,259,0,0,0,0,14,0,36,1.20,0,2,0,2479,0
2026-02-16,Display Network,Seasonal Select Promo Initiative,Central Region Loyalty Cohort,86057605,Health Conscious Buyers Retention Segment,6268165283943167,Product Reel Warm Voice,2940241910364389,Catalog Engagement,112.55,23919,0,24614,93,100,100,100,100,2081,1919,0,0,0,0,259,0,302,1.35,0,7,0,24091,0
2026-02-16,Video Network,Seasonal Select Promo Initiative,Central Region Loyalty Cohort,86057605,Health Conscious Buyers Interest Segment,3403804230959651,Product Reel Warm Voice,1038607115415391,Catalog Engagement,26.70,5286,0,5704,21,37,100,80,53,425,431,0,0,0,0,39,0,56,0.93,1,1,0,6539,0
2026-02-16,Display Network,Smart Choice Impact Initiative,Central Region Loyalty Cohort,86057605,Health Conscious Buyers Interest Segment,1208384049784723,Collection Showcase Warm Voice,3851087194337450,Catalog Engagement,0,0,0,0,0,0,0,0,0,0,0,0,0,0,0,0,0,0,0,0,0,0,0,0
2026-02-16,Video Network,Smart Choice Impact Initiative,Central Region Loyalty Cohort,44948390,Weekend Deal Hunters Interest Segment,7654152717899360,Shelf Story Bold Voice,1844583984085561,Brand Awareness,0,0,0,0,0,0,0,0,0,0,0,0,0,0,0,0,0,0,0,0,0,0,0,0
2026-02-16,Shopping Grid,Smart Choice Impact Initiative,Central Region Loyalty Cohort,86057605,Health Conscious Buyers Retention Segment,1803813881402166,Shelf Story Warm Voice,4799919365905945,Catalog Engagement,0,0,0,0,0,0,0,0,0,0,0,0,0,0,0,0,0,0,0,0,0,0,0,0
2026-02-16,Discovery Network,Home Essentials Scale Initiative,Central Region Loyalty Cohort,86057605,Family Planners Interest Segment,1350970894496714,Price Drop Cut Direct Voice,1524894842862814,Brand Awareness,54.83,11267,0,11230,302,69,100,100,71,385,291,0,0,0,0,14,0,519,3.83,0,1,0,10909,0
2026-02-16,Influencer Network,Smart Choice Impact Initiative,Central Region Loyalty Cohort,44948390,Health Conscious Buyers Interest Segment,4045380354206642,Shelf Story Bold Voice,5851676109927201,Brand Awareness,0,0,0,0,0,0,0,0,0,0,0,0,0,0,0,0,0,0,0,0,0,0,0,0
2026-02-16,Retail Media Network,Family Pantry Retention Initiative,Central Region Loyalty Cohort,86057605,Health Conscious Buyers Retention Segment,7830174645888833,Price Drop Cut Direct Voice,9509767682827581,Catalog Engagement,29.55,5232,0,5341,31,100,100,100,100,1467,1363,0,0,0,0,13,0,38,0.57,0,0,0,5864,0
2026-02-16,Connected TV,Family Pantry Retention Initiative,Central Region Loyalty Cohort,86057605,Health Conscious Buyers Retention Segment,1120125674801608,Price Drop Cut Direct Voice,1332841368153043,Catalog Engagement,19.97,4259,0,3714,27,100,100,100,100,1324,1076,0,0,0,0,16,0,28,0.74,0,2,0,4187,0
2026-02-16,Retail Media Network,Family Pantry Retention Initiative,Central Region Loyalty Cohort,86057605,Health Conscious Buyers Retention Segment,1161108588535845,Product Reel Warm Voice,4476083296875111,Catalog Engagement,155.2,29785,0,33526,110,100,100,100,100,2375,2112,0,0,0,0,104,0,198,0.60,1,7,0,26921,0
2026-02-15,Video Network,Smart Choice Impact Initiative,Central Region Loyalty Cohort,86057605,Health Conscious Buyers Retention Segment,5243824368452388,Collection Showcase Warm Voice,9139539805917898,Catalog Engagement,0,0,0,0,0,0,0,0,0,0,0,0,0,0,0,0,0,0,0,0,0,0,0,0
2026-02-15,Search Network,Family Pantry Retention Initiative,Central Region Loyalty Cohort,86057605,Health Conscious Buyers Retention Segment,1161108588535845,Product Reel Warm Voice,4476083296875111,Catalog Engagement,136.59,25241,0,24175,129,100,100,100,100,2290,1888,0,0,0,0,87,0,185,0.78,3,2,0,22733,0
2026-02-15,In-App Display,Family Pantry Retention Initiative,Metro Region Conversion Cohort,44948390,Health Conscious Buyers Retention Segment,1425500821334288,Product Reel Bold Voice,2476416610568674,Catalog Engagement,0,0,0,0,0,0,0,0,0,0,0,0,0,0,0,0,0,0,0,0,0,0,0,0
2026-02-15,Search Network,Smart Choice Impact Initiative,Central Region Loyalty Cohort,44948390,Family Planners Interest Segment,4141466458949862,Shelf Story Bold Voice,1119693786488421,Brand Awareness,23.76,7157,0,7868,154,29,100,62,35,135,131,0,0,0,0,11,0,190,2.31,0,1,0,6553,0
2026-02-15,Marketplace Feed,Family Pantry Retention Initiative,Metro Region Loyalty Cohort,44948390,Family Planners Affinity Segment,3029653239198176,Shelf Story Warm Voice,2454718774735596,Catalog Engagement,0,0,0,0,0,0,0,0,0,0,0,0,0,0,0,0,0,0,0,0,0,0,0,0
2026-02-15,Display Network,Family Pantry Retention Initiative,Central Region Loyalty Cohort,86057605,Health Conscious Buyers Retention Segment,1215737735726254,Product Reel Warm Voice,1053017848622192,Catalog Engagement,48.87,5637,0,5567,34,100,100,100,100,830,618,0,0,0,0,22,0,50,0.75,0,2,0,5480,0
2026-02-15,Retail Media Network,Family Pantry Retention Initiative,Metro Region Conversion Cohort,38881639,Family Planners Lookalike Segment,1010331617086390,Shelf Story Warm Voice,1022962676348579,Brand Awareness,0,0,0,0,0,0,0,0,0,0,0,0,0,0,0,0,0,0,0,0,0,0,0,0
2026-02-15,Video Network,Family Pantry Impact Initiative,Central Region Loyalty Cohort,86057605,Health Conscious Buyers Interest Segment,1667879036440414,Price Drop Cut Direct Voice,1775743663117333,Brand Awareness,0,0,0,0,0,0,0,0,0,0,0,0,0,0,0,0,0,0,0,0,0,0,0,0
2026-02-15,Marketplace Feed,Smart Choice Impact Initiative,Central Region Loyalty Cohort,44948390,Weekend Deal Hunters Interest Segment,7654152717899360,Shelf Story Bold Voice,1844583984085561,Brand Awareness,3.13,483,0,509,24,4,19,6,6,25,19,0,0,0,0,3,0,33,5.84,0,0,0,436,0
2026-02-15,Affiliate Network,Smart Choice Impact Initiative,Central Region Loyalty Cohort,86057605,Health Conscious Buyers Interest Segment,4329122214462089,Shelf Story Warm Voice,1177313359536794,Catalog Engagement,0,0,0,0,0,0,0,0,0,0,0,0,0,0,0,0,0,0,0,0,0,0,0,0
2026-02-15,Influencer Network,Smart Choice Impact Initiative,Central Region Loyalty Cohort,86057605,Health Conscious Buyers Retention Segment,1803813881402166,Shelf Story Warm Voice,4799919365905945,Catalog Engagement,0,0,0,0,0,0,0,0,0,0,0,0,0,0,0,0,0,0,0,0,0,0,0,0
2026-02-15,Search Network,Family Pantry Retention Initiative,Central Region Loyalty Cohort,86057605,Health Conscious Buyers Interest Segment,1522794072559276,Product Reel Warm Voice,1460946686023131,Catalog Engagement,52.95,9242,0,7512,37,100,100,100,100,678,608,0,0,0,0,14,0,59,0.53,0,4,0,7449,0
2026-02-15,Affiliate Network,Home Essentials Scale Initiative,Central Region Loyalty Cohort,86057605,Family Planners Interest Segment,1350970894496714,Price Drop Cut Direct Voice,1524894842862814,Brand Awareness,43.66,9127,0,7487,308,44,100,81,58,297,237,0,0,0,0,3,0,381,3.87,0,0,0,7863,0
2026-02-15,Retail Media Network,Home Essentials Scale Initiative,Central Region Loyalty Cohort,86057605,Health Conscious Buyers Interest Segment,3536997747651810,Price Drop Cut Direct Voice,1642752931109548,Brand Awareness,12.58,2747,0,2767,77,7,73,27,11,72,65,0,0,0,0,2,0,98,3.68,0,0,0,2307,0
2026-02-15,Influencer Network,Smart Choice Impact Initiative,Central Region Loyalty Cohort,44948390,Health Conscious Buyers Interest Segment,4045380354206642,Shelf Story Bold Voice,5851676109927201,Brand Awareness,23,6786,0,6630,146,22,100,53,32,147,109,0,0,0,0,2,0,172,3.13,0,1,0,6400,0
2026-02-15,Retail Media Network,Home Essentials Scale Initiative,Central Region Loyalty Cohort,86057605,Weekend Deal Hunters Interest Segment,9043153514860644,Price Drop Cut Direct Voice,1277841066908700,Brand Awareness,8.2,1032,0,1011,44,3,21,8,3,36,30,0,0,0,0,2,0,63,6.14,0,0,0,1101,0
2026-02-14,Search Network,Smart Choice Impact Initiative,Central Region Loyalty Cohort,86057605,Health Conscious Buyers Retention Segment,9032820034214880,Offer Spotlight Friendly Voice,9514549907665008,Catalog Engagement,0,0,0,0,0,0,0,0,0,0,0,0,0,0,0,0,0,0,0,0,0,0,0,0
2026-02-14,Discovery Network,Smart Choice Impact Initiative,Central Region Loyalty Cohort,86057605,Health Conscious Buyers Interest Segment,4689140768019905,Offer Spotlight Friendly Voice,6565476888405014,Catalog Engagement,0,0,0,0,0,0,0,0,0,0,0,0,0,0,0,0,0,0,0,0,0,0,0,0
2026-02-14,Influencer Network,Smart Choice Impact Initiative,Central Region Loyalty Cohort,86057605,Health Conscious Buyers Retention Segment,1803813881402166,Shelf Story Warm Voice,4799919365905945,Catalog Engagement,0,0,0,0,0,0,0,0,0,0,0,0,0,0,0,0,0,0,0,0,0,0,0,0
2026-02-14,Social Feed,Smart Choice Impact Initiative,Central Region Loyalty Cohort,44948390,Health Conscious Buyers Interest Segment,4045380354206642,Shelf Story Bold Voice,5851676109927201,Brand Awareness,26.52,7945,0,8670,182,28,100,70,44,186,158,0,0,0,0,12,0,227,3.17,0,0,0,7485,0
2026-02-14,Discovery Network,Smart Choice Impact Initiative,Central Region Loyalty Cohort,44948390,Family Planners Interest Segment,4141466458949862,Shelf Story Bold Voice,1119693786488421,Brand Awareness,25.60,8567,0,7463,167,36,100,77,52,170,128,0,0,0,0,17,0,224,2.31,0,1,0,7269,0
2026-02-14,Influencer Network,Smart Choice Impact Initiative,Central Region Loyalty Cohort,44948390,Weekend Deal Hunters Interest Segment,7654152717899360,Shelf Story Bold Voice,1844583984085561,Brand Awareness,3.3,535,0,508,19,3,16,6,5,23,20,0,0,0,0,0,0,30,5.30,0,0,0,443,0
2026-02-14,Display Network,Family Pantry Retention Initiative,Central Region Loyalty Cohort,86057605,Health Conscious Buyers Interest Segment,1522794072559276,Product Reel Warm Voice,1460946686023131,Catalog Engagement,37.66,5067,0,5513,20,100,100,100,100,494,391,0,0,0,0,27,0,36,0.68,1,1,0,5337,0
2026-02-14,Discovery Network,Family Pantry Retention Initiative,Metro Region Conversion Cohort,38881639,Family Planners Lookalike Segment,1010331617086390,Shelf Story Warm Voice,1022962676348579,Brand Awareness,0,0,0,0,0,0,0,0,0,0,0,0,0,0,0,0,0,0,0,0,0,0,0,0
2026-02-14,In-App Display,Family Pantry Retention Initiative,Central Region Loyalty Cohort,86057605,Health Conscious Buyers Retention Segment,1215737735726254,Product Reel Warm Voice,1053017848622192,Catalog Engagement,42.19,4961,0,4783,17,100,100,100,100,565,457,0,0,0,0,14,0,26,0.58,1,0,0,4148,0
2026-02-14,Discovery Network,Smart Choice Impact Initiative,Central Region Loyalty Cohort,86057605,Health Conscious Buyers Retention Segment,5243824368452388,Collection Showcase Warm Voice,9139539805917898,Catalog Engagement,0,0,0,0,0,0,0,0,0,0,0,0,0,0,0,0,0,0,0,0,0,0,0,0
2026-02-14,Connected TV,Home Essentials Scale Initiative,Central Region Loyalty Cohort,86057605,Family Planners Interest Segment,1350970894496714,Price Drop Cut Direct Voice,1524894842862814,Brand Awareness,45.79,7617,0,8266,280,51,100,89,56,271,244,0,0,0,0,5,0,321,3.70,0,0,0,7415,0
2026-02-14,Influencer Network,Family Pantry Retention Initiative,Central Region Loyalty Cohort,86057605,Health Conscious Buyers Retention Segment,1161108588535845,Product Reel Warm Voice,4476083296875111,Catalog Engagement,182.80,28949,0,30169,141,100,100,100,100,2363,2442,0,0,0,0,118,0,249,0.66,0,7,0,30471,0
2026-02-14,In-App Display,Home Essentials Scale Initiative,Central Region Loyalty Cohort,86057605,Health Conscious Buyers Interest Segment,3536997747651810,Price Drop Cut Direct Voice,1642752931109548,Brand Awareness,16.90,3221,0,2665,106,8,69,19,14,87,82,0,0,0,0,3,0,159,3.77,0,1,0,3143,0
2026-02-14,Retail Media Network,Home Essentials Scale Initiative,Central Region Loyalty Cohort,86057605,Weekend Deal Hunters Interest Segment,9043153514860644,Price Drop Cut Direct Voice,1277841066908700,Brand Awareness,7.40,994,0,1096,44,1,32,6,2,37,32,0,0,0,0,1,0,76,6.43,0,0,0,1113,0
2026-02-13,In-App Display,Family Pantry Retention Initiative,Central Region Loyalty Cohort,86057605,Health Conscious Buyers Retention Segment,1161108588535845,Product Reel Warm Voice,4476083296875111,Catalog Engagement,223.41,31133,0,32007,127,100,100,100,100,3362,2948,0,0,0,0,151,0,239,0.75,0,8,0,28138,0
2026-02-13,Retail Media Network,Family Pantry Impact Initiative,Central Region Loyalty Cohort,86057605,Health Conscious Buyers Interest Segment,1667879036440414,Price Drop Cut Direct Voice,1775743663117333,Brand Awareness,0,0,0,0,0,0,0,0,0,0,0,0,0,0,0,0,0,0,0,0,0,0,0,0
2026-02-13,Connected TV,Market Fresh Demand Initiative,South Region Prospecting Cohort,44948390,Family Planners Lookalike Segment,1424611946506635,Shelf Story Warm Voice,4022981261236123,Catalog Engagement,0,0,0,0,0,0,0,0,0,0,0,0,0,0,0,0,0,0,0,0,0,0,0,0
2026-02-13,Display Network,Smart Choice Impact Initiative,Central Region Loyalty Cohort,44948390,Weekend Deal Hunters Interest Segment,7654152717899360,Shelf Story Bold Voice,1844583984085561,Brand Awareness,3.66,601,0,519,18,1,14,3,1,16,16,0,0,0,0,1,0,24,4.70,0,0,0,512,0
2026-02-13,Discovery Network,Home Essentials Promo Initiative,Metro Region Conversion Cohort,44948390,Quick Refill Buyers Retention Segment,1899712342036110,Shelf Story Warm Voice,8585579191193727,Brand Awareness,0,0,0,0,0,0,0,0,0,0,0,0,0,0,0,0,0,0,0,0,0,0,0,0
2026-02-13,Influencer Network,Smart Choice Impact Initiative,Central Region Loyalty Cohort,44948390,Family Planners Interest Segment,4141466458949862,Shelf Story Bold Voice,1119693786488421,Brand Awareness,31.15,10028,0,9656,202,42,100,93,56,194,163,0,0,0,0,5,0,250,2.46,0,0,0,10652,0
2026-02-13,Discovery Network,Family Pantry Retention Initiative,Metro Region Conversion Cohort,38881639,Family Planners Lookalike Segment,1010331617086390,Shelf Story Warm Voice,1022962676348579,Brand Awareness,0,0,0,0,0,0,0,0,0,0,0,0,0,0,0,0,0,0,0,0,0,0,0,0
2026-02-13,Shopping Grid,Home Essentials Scale Initiative,Central Region Loyalty Cohort,86057605,Weekend Deal Hunters Interest Segment,9043153514860644,Price Drop Cut Direct Voice,1277841066908700,Brand Awareness,5.34,984,0,861,34,6,33,15,11,37,37,0,0,0,0,0,0,51,3.85,0,0,0,1059,0
2026-02-13,Social Feed,Smart Choice Impact Initiative,Central Region Loyalty Cohort,86057605,Health Conscious Buyers Retention Segment,1803813881402166,Shelf Story Warm Voice,4799919365905945,Catalog Engagement,0,0,0,0,0,0,0,0,0,0,0,0,0,0,0,0,0,0,0,0,0,0,0,0
2026-02-13,In-App Display,Smart Choice Impact Initiative,Central Region Loyalty Cohort,44948390,Health Conscious Buyers Interest Segment,4045380354206642,Shelf Story Bold Voice,5851676109927201,Brand Awareness,20.24,5095,0,4723,118,28,100,48,33,117,124,0,0,0,0,9,0,188,3.0,0,1,0,4545,0
2026-02-13,Video Network,Family Pantry Retention Initiative,South Region Prospecting Cohort,44948390,Family Planners Lookalike Segment,2507857220866131,Shelf Story Bold Voice,1397918323293131,Catalog Engagement,0,0,0,0,0,0,0,0,0,0,0,0,0,0,0,0,0,0,0,0,0,0,0,0
2026-02-13,Social Feed,Family Pantry Retention Initiative,Central Region Loyalty Cohort,86057605,Health Conscious Buyers Interest Segment,1522794072559276,Product Reel Warm Voice,1460946686023131,Catalog Engagement,10.4,870,0,923,3,100,100,100,100,137,130,0,0,0,0,2,0,7,0.57,0,0,0,905,0
2026-02-13,Marketplace Feed,Family Pantry Retention Initiative,Central Region Loyalty Cohort,86057605,Health Conscious Buyers Retention Segment,1215737735726254,Product Reel Warm Voice,1053017848622192,Catalog Engagement,40.36,3997,0,3811,22,100,100,100,100,605,575,0,0,0,0,22,0,40,0.95,0,3,0,3758,0
2026-02-13,Discovery Network,Home Essentials Scale Initiative,Central Region Loyalty Cohort,86057605,Health Conscious Buyers Interest Segment,3536997747651810,Price Drop Cut Direct Voice,1642752931109548,Brand Awareness,15.95,2421,0,2034,95,7,65,24,13,75,59,0,0,0,0,1,0,114,5.53,0,0,0,2056,0
2026-02-13,Display Network,Home Essentials Scale Initiative,Central Region Loyalty Cohort,86057605,Family Planners Interest Segment,1350970894496714,Price Drop Cut Direct Voice,1524894842862814,Brand Awareness,47.27,7835,0,7103,262,35,100,76,61,294,257,0,0,0,0,4,0,361,4.73,0,1,0,7104,0
2026-02-12,Shopping Grid,Smart Choice Impact Initiative,Central Region Loyalty Cohort,86057605,Health Conscious Buyers Retention Segment,1803813881402166,Shelf Story Warm Voice,4799919365905945,Catalog Engagement,0,0,0,0,0,0,0,0,0,0,0,0,0,0,0,0,0,0,0,0,0,0,0,0
2026-02-12,Shopping Grid,Family Pantry Retention Initiative,Central Region Loyalty Cohort,86057605,Health Conscious Buyers Retention Segment,1215737735726254,Product Reel Warm Voice,1053017848622192,Catalog Engagement,65.74,7172,0,7212,39,100,100,100,100,1132,984,0,0,0,0,23,0,71,0.87,0,0,0,6286,0
2026-02-12,Social Feed,Smart Choice Impact Initiative,Central Region Loyalty Cohort,86057605,Health Conscious Buyers Retention Segment,9032820034214880,Offer Spotlight Friendly Voice,9514549907665008,Catalog Engagement,0,0,0,0,0,0,0,0,0,0,0,0,0,0,0,0,0,0,0,0,0,0,0,0
2026-02-12,Retail Media Network,Smart Choice Impact Initiative,Central Region Loyalty Cohort,44948390,Family Planners Interest Segment,4141466458949862,Shelf Story Bold Voice,1119693786488421,Brand Awareness,40.20,12134,0,12788,288,50,100,100,66,229,236,0,0,0,0,18,0,367,2.77,0,0,0,11259,0
2026-02-12,Display Network,Smart Choice Impact Initiative,Central Region Loyalty Cohort,44948390,Health Conscious Buyers Interest Segment,4045380354206642,Shelf Story Bold Voice,5851676109927201,Brand Awareness,14.12,3418,0,3350,78,15,100,37,24,106,81,0,0,0,0,0,0,109,3.34,0,1,0,3938,0
2026-02-12,Influencer Network,Smart Choice Impact Initiative,Central Region Loyalty Cohort,86057605,Health Conscious Buyers Retention Segment,1087671586243766,Shelf Story Warm Voice,1561809334478869,Catalog Engagement,0,0,0,0,0,0,0,0,0,0,0,0,0,0,0,0,0,0,0,0,0,0,0,0
2026-02-12,Discovery Network,Home Essentials Scale Initiative,Central Region Loyalty Cohort,86057605,Family Planners Interest Segment,1350970894496714,Price Drop Cut Direct Voice,1524894842862814,Brand Awareness,48.05,9054,0,7867,287,32,100,65,33,222,208,0,0,0,0,3,0,416,4.20,0,0,0,7677,0
2026-02-12,Marketplace Feed,Home Essentials Scale Initiative,Central Region Loyalty Cohort,86057605,Health Conscious Buyers Interest Segment,3536997747651810,Price Drop Cut Direct Voice,1642752931109548,Brand Awareness,11.37,1603,0,1796,59,12,46,19,16,70,55,0,0,0,0,0,0,89,3.98,0,1,0,1730,0
2026-02-12,Social Feed,Home Essentials Scale Initiative,Central Region Loyalty Cohort,86057605,Weekend Deal Hunters Interest Segment,9043153514860644,Price Drop Cut Direct Voice,1277841066908700,Brand Awareness,6.00,671,0,629,28,2,12,6,4,20,20,0,0,0,0,0,0,49,6.2,0,0,0,604,0
2026-02-12,In-App Display,Smart Choice Impact Initiative,Central Region Loyalty Cohort,86057605,Health Conscious Buyers Interest Segment,1208384049784723,Collection Showcase Warm Voice,3851087194337450,Catalog Engagement,0,0,0,0,0,0,0,0,0,0,0,0,0,0,0,0,0,0,0,0,0,0,0,0
2026-02-12,Retail Media Network,Smart Choice Impact Initiative,Central Region Loyalty Cohort,86057605,Health Conscious Buyers Interest Segment,4329122214462089,Shelf Story Warm Voice,1177313359536794,Catalog Engagement,0,0,0,0,0,0,0,0,0,0,0,0,0,0,0,0,0,0,0,0,0,0,0,0
2026-02-12,Affiliate Network,Weekend Saver Retention Initiative,Metro Region Conversion Cohort,44948390,Family Planners Interest Segment,1394673896902429,Product Reel Warm Voice,1531156400166546,Brand Awareness,0,0,0,0,0,0,0,0,0,0,0,0,0,0,0,0,0,0,0,0,0,0,0,0
2026-02-12,Social Feed,Family Pantry Impact Initiative,Central Region Loyalty Cohort,86057605,Family Planners Interest Segment,1303537414714156,Price Drop Cut Direct Voice,1732730319047742,Brand Awareness,0,0,0,0,0,0,0,0,0,0,0,0,0,0,0,0,0,0,0,0,0,0,0,0
2026-02-12,Video Network,Family Pantry Retention Initiative,Central Region Loyalty Cohort,86057605,Health Conscious Buyers Interest Segment,1522794072559276,Product Reel Warm Voice,1460946686023131,Catalog Engagement,10.4,978,0,1095,9,100,100,100,100,161,136,0,0,0,0,5,0,14,1.13,0,2,0,1003,0
2026-02-12,Shopping Grid,Smart Choice Impact Initiative,Central Region Loyalty Cohort,44948390,Weekend Deal Hunters Interest Segment,7654152717899360,Shelf Story Bold Voice,1844583984085561,Brand Awareness,2,355,0,434,13,2,16,5,3,17,14,0,0,0,0,2,0,22,4.33,0,0,0,423,0
2026-02-12,Connected TV,Family Pantry Retention Initiative,Central Region Loyalty Cohort,86057605,Health Conscious Buyers Retention Segment,1161108588535845,Product Reel Warm Voice,4476083296875111,Catalog Engagement,194.13,25334,0,26175,108,100,100,100,100,3138,3245,0,0,0,0,107,0,217,0.68,0,14,0,25803,0
2026-02-12,Shopping Grid,Home Essentials Scale Initiative,Metro Region Conversion Cohort,44948390,Weekend Deal Hunters Interest Segment,4343805881369289,Shelf Story Warm Voice,1639340882427244,Brand Awareness,0,0,0,0,0,0,0,0,0,0,0,0,0,0,0,0,0,0,0,0,0,0,0,0
2026-02-11,Affiliate Network,Smart Choice Impact Initiative,Central Region Loyalty Cohort,44948390,Health Conscious Buyers Interest Segment,4045380354206642,Shelf Story Bold Voice,5851676109927201,Brand Awareness,12.0,3856,0,3119,94,26,100,46,36,101,92,0,0,0,0,8,0,125,3.29,0,1,0,2992,0
2026-02-11,Affiliate Network,Family Pantry Impact Initiative,Central Region Loyalty Cohort,86057605,Family Planners Interest Segment,1303537414714156,Price Drop Cut Direct Voice,1732730319047742,Brand Awareness,0,0,0,0,0,0,0,0,0,0,0,0,0,0,0,0,0,0,0,0,0,0,0,0
2026-02-11,Search Network,Home Essentials Scale Initiative,Central Region Loyalty Cohort,86057605,Weekend Deal Hunters Interest Segment,9043153514860644,Price Drop Cut Direct Voice,1277841066908700,Brand Awareness,10.12,1163,0,1134,51,6,28,12,6,64,50,0,0,0,0,1,0,91,6.48,0,0,0,1010,0
2026-02-11,Affiliate Network,Home Essentials Promo Initiative,Metro Region Loyalty Cohort,38881639,Family Planners Lookalike Segment,8962004814279482,Shelf Story Value Voice,1020691786654074,Brand Awareness,0,0,0,0,0,0,0,0,0,0,0,0,0,0,0,0,0,0,0,0,0,0,0,0
2026-02-11,Connected TV,Home Essentials Scale Initiative,Central Region Loyalty Cohort,86057605,Health Conscious Buyers Interest Segment,3536997747651810,Price Drop Cut Direct Voice,1642752931109548,Brand Awareness,27.61,4583,0,4366,139,16,100,45,23,128,130,0,0,0,0,4,0,209,3.76,0,2,0,5282,0
2026-02-11,Search Network,Home Essentials Scale Initiative,Central Region Loyalty Cohort,86057605,Family Planners Interest Segment,1350970894496714,Price Drop Cut Direct Voice,1524894842862814,Brand Awareness,41.26,9344,0,7277,252,34,100,81,47,261,209,0,0,0,0,8,0,359,3.10,0,0,0,9115,0
2026-02-11,Social Feed,Family Pantry Retention Initiative,South Region Prospecting Cohort,44948390,Family Planners Lookalike Segment,2507857220866131,Shelf Story Bold Voice,1397918323293131,Catalog Engagement,0,0,0,0,0,0,0,0,0,0,0,0,0,0,0,0,0,0,0,0,0,0,0,0
2026-02-11,Social Feed,Family Pantry Impact Initiative,Central Region Loyalty Cohort,86057605,Health Conscious Buyers Interest Segment,1667879036440414,Price Drop Cut Direct Voice,1775743663117333,Brand Awareness,0,0,0,0,0,0,0,0,0,0,0,0,0,0,0,0,0,0,0,0,0,0,0,0
2026-02-11,Video Network,Smart Choice Impact Initiative,Central Region Loyalty Cohort,86057605,Health Conscious Buyers Retention Segment,1803813881402166,Shelf Story Warm Voice,4799919365905945,Catalog Engagement,171.30,27078,0,25135,162,100,100,100,100,3683,3506,0,0,0,0,96,0,226,1,1,9,0,23846,0
2026-02-11,Video Network,Family Pantry Retention Initiative,Central Region Loyalty Cohort,86057605,Health Conscious Buyers Interest Segment,1522794072559276,Product Reel Warm Voice,1460946686023131,Catalog Engagement,20.40,2194,0,2197,13,100,100,100,100,499,381,0,0,0,0,12,0,19,0.89,0,0,0,2350,0
2026-02-11,Affiliate Network,Smart Choice Impact Initiative,Central Region Loyalty Cohort,86057605,Health Conscious Buyers Retention Segment,1087671586243766,Shelf Story Warm Voice,1561809334478869,Catalog Engagement,3.31,333,0,369,0,24,100,63,37,65,65,0,0,0,0,1,0,2,0.47,0,0,0,321,0
2026-02-11,Discovery Network,Home Essentials Scale Initiative,Metro Region Conversion Cohort,44948390,Weekend Deal Hunters Interest Segment,4343805881369289,Offer Spotlight Warm Voice,1438846480461721,Brand Awareness,0,0,0,0,0,0,0,0,0,0,0,0,0,0,0,0,0,0,0,0,0,0,0,0
2026-02-11,Retail Media Network,Weekend Saver Retention Initiative,Metro Region Conversion Cohort,44948390,Family Planners Interest Segment,1394673896902429,Shelf Story Bold Voice,1572482192481188,Brand Awareness,0,0,0,0,0,0,0,0,0,0,0,0,0,0,0,0,0,0,0,0,0,0,0,0
2026-02-11,Shopping Grid,Smart Choice Impact Initiative,Central Region Loyalty Cohort,86057605,Health Conscious Buyers Interest Segment,4329122214462089,Shelf Story Warm Voice,1177313359536794,Catalog Engagement,3.64,580,0,682,2,23,100,65,41,65,62,0,0,0,0,2,0,5,0.63,0,0,0,568,0
2026-02-11,Shopping Grid,Smart Choice Impact Initiative,Central Region Loyalty Cohort,44948390,Family Planners Interest Segment,4141466458949862,Shelf Story Bold Voice,1119693786488421,Brand Awareness,32.75,13182,0,11458,257,53,100,100,58,295,222,0,0,0,0,15,0,357,2.85,0,2,0,11962,0
2026-02-11,Marketplace Feed,Family Pantry Retention Initiative,Central Region Loyalty Cohort,86057605,Health Conscious Buyers Retention Segment,1215737735726254,Product Reel Warm Voice,1053017848622192,Catalog Engagement,54.84,7233,0,7635,43,100,100,100,100,1289,1120,0,0,0,0,31,0,61,0.93,0,1,0,6655,0
2026-02-11,Search Network,Family Pantry Retention Initiative,Central Region Loyalty Cohort,86057605,Health Conscious Buyers Retention Segment,1161108588535845,Product Reel Warm Voice,4476083296875111,Catalog Engagement,74.14,11836,0,12817,73,100,100,100,100,1793,1601,0,0,0,0,51,0,107,0.99,0,3,0,11991,0
2026-02-11,Marketplace Feed,Smart Choice Impact Initiative,Central Region Loyalty Cohort,86057605,Health Conscious Buyers Retention Segment,5243824368452388,Collection Showcase Warm Voice,9139539805917898,Catalog Engagement,0,0,0,0,0,0,0,0,0,0,0,0,0,0,0,0,0,0,0,0,0,0,0,0
2026-02-11,Social Feed,Smart Choice Impact Initiative,Central Region Loyalty Cohort,44948390,Weekend Deal Hunters Interest Segment,7654152717899360,Shelf Story Bold Voice,1844583984085561,Brand Awareness,2.96,325,0,337,22,4,13,9,4,21,18,0,0,0,0,0,0,26,8.85,0,0,0,289,0
2026-02-11,Affiliate Network,Smart Choice Impact Initiative,Central Region Loyalty Cohort,86057605,Health Conscious Buyers Interest Segment,1208384049784723,Collection Showcase Warm Voice,3851087194337450,Catalog Engagement,0,0,0,0,0,0,0,0,0,0,0,0,0,0,0,0,0,0,0,0,0,0,0,0
2026-02-10,Shopping Grid,Smart Choice Impact Initiative,Central Region Loyalty Cohort,86057605,Health Conscious Buyers Retention Segment,1087671586243766,Shelf Story Warm Voice,1561809334478869,Catalog Engagement,1.23,119,0,151,1,12,55,24,16,31,26,0,0,0,0,0,0,2,1.20,0,1,0,145,0
2026-02-10,Affiliate Network,Smart Choice Impact Initiative,Central Region Loyalty Cohort,86057605,Health Conscious Buyers Retention Segment,9032820034214880,Offer Spotlight Friendly Voice,9514549907665008,Catalog Engagement,0,0,0,0,0,0,0,0,0,0,0,0,0,0,0,0,0,0,0,0,0,0,0,0
2026-02-10,Search Network,Smart Choice Impact Initiative,Central Region Loyalty Cohort,86057605,Health Conscious Buyers Retention Segment,8142238373295239,Collection Showcase Warm Voice,1678833571989915,Catalog Engagement,0,0,0,0,0,0,0,0,0,0,0,0,0,0,0,0,0,0,0,0,0,0,0,0
2026-02-10,Influencer Network,Weekend Saver Retention Initiative,Metro Region Conversion Cohort,44948390,Family Planners Interest Segment,1394673896902429,Shelf Story Bold Voice,1572482192481188,Brand Awareness,0,0,0,0,0,0,0,0,0,0,0,0,0,0,0,0,0,0,0,0,0,0,0,0
2026-02-10,Shopping Grid,Smart Choice Impact Initiative,Central Region Loyalty Cohort,86057605,Health Conscious Buyers Interest Segment,4689140768019905,Offer Spotlight Friendly Voice,6565476888405014,Catalog Engagement,0,0,0,0,0,0,0,0,0,0,0,0,0,0,0,0,0,0,0,0,0,0,0,0
2026-02-10,In-App Display,Smart Choice Impact Initiative,Central Region Loyalty Cohort,44948390,Family Planners Interest Segment,4141466458949862,Shelf Story Bold Voice,1119693786488421,Brand Awareness,29.43,8876,0,8480,251,69,100,100,87,284,290,0,0,0,0,12,0,345,3.24,0,0,0,7504,0
2026-02-10,In-App Display,Smart Choice Impact Initiative,Central Region Loyalty Cohort,86057605,Health Conscious Buyers Retention Segment,1803813881402166,Shelf Story Warm Voice,4799919365905945,Catalog Engagement,238.42,25606,0,31091,179,100,100,100,100,5018,3928,0,0,2,0,98,0,273,1.05,1,6,0,30317,0
2026-02-10,Video Network,Family Pantry Retention Initiative,Metro Region Conversion Cohort,44948390,Weekend Deal Hunters Interest Segment,1111168710985428,Shelf Story Bold Voice,9096006656479542,Brand Awareness,0,0,0,0,0,0,0,0,0,0,0,0,0,0,0,0,0,0,0,0,0,0,0,0
2026-02-10,Connected TV,Smart Choice Impact Initiative,Central Region Loyalty Cohort,86057605,Health Conscious Buyers Interest Segment,4329122214462089,Shelf Story Warm Voice,1177313359536794,Catalog Engagement,3.27,311,0,321,2,31,97,62,39,64,46,0,0,0,0,0,0,2,0.40,0,0,0,311,0
2026-02-10,Social Feed,Smart Choice Impact Initiative,Central Region Loyalty Cohort,44948390,Weekend Deal Hunters Interest Segment,7654152717899360,Shelf Story Bold Voice,1844583984085561,Brand Awareness,5.05,568,0,515,30,5,30,10,5,32,28,0,0,0,0,0,0,45,7.90,0,0,0,460,0
2026-02-10,Social Feed,Smart Choice Impact Initiative,Central Region Loyalty Cohort,86057605,Health Conscious Buyers Interest Segment,1208384049784723,Collection Showcase Warm Voice,3851087194337450,Catalog Engagement,0,0,0,0,0,0,0,0,0,0,0,0,0,0,0,0,0,0,0,0,0,0,0,0
2026-02-10,Discovery Network,Home Essentials Scale Initiative,Metro Region Conversion Cohort,44948390,Weekend Deal Hunters Interest Segment,4343805881369289,Shelf Story Warm Voice,1639340882427244,Brand Awareness,0,0,0,0,0,0,0,0,0,0,0,0,0,0,0,0,0,0,0,0,0,0,0,0
2026-02-10,Discovery Network,Weekend Saver Retention Initiative,Metro Region Conversion Cohort,44948390,Family Planners Interest Segment,1394673896902429,Offer Spotlight Warm Voice,2577836288304446,Brand Awareness,0,0,0,0,0,0,0,0,0,0,0,0,0,0,0,0,0,0,0,0,0,0,0,0
2026-02-10,Marketplace Feed,Smart Choice Impact Initiative,Central Region Loyalty Cohort,86057605,Health Conscious Buyers Retention Segment,5243824368452388,Collection Showcase Warm Voice,9139539805917898,Catalog Engagement,0,0,0,0,0,0,0,0,0,0,0,0,0,0,0,0,0,0,0,0,0,0,0,0
2026-02-10,Social Feed,Home Essentials Scale Initiative,Central Region Loyalty Cohort,86057605,Family Planners Interest Segment,1350970894496714,Price Drop Cut Direct Voice,1524894842862814,Brand Awareness,44.4,7750,0,7956,216,36,100,60,46,199,198,0,0,0,0,5,0,339,3.57,0,2,0,8122,0
2026-02-10,Connected TV,Home Essentials Scale Initiative,Central Region Loyalty Cohort,86057605,Health Conscious Buyers Interest Segment,3536997747651810,Price Drop Cut Direct Voice,1642752931109548,Brand Awareness,16.01,4626,0,4024,107,20,100,49,24,118,111,0,0,0,0,3,0,159,3.80,0,1,0,4215,0
2026-02-10,Retail Media Network,Family Pantry Retention Initiative,Metro Region Conversion Cohort,38881639,Family Planners Lookalike Segment,1010331617086390,Shelf Story Warm Voice,1022962676348579,Brand Awareness,0,0,0,0,0,0,0,0,0,0,0,0,0,0,0,0,0,0,0,0,0,0,0,0
2026-02-10,Retail Media Network,Weekend Saver Retention Initiative,Metro Region Conversion Cohort,44948390,Family Planners Interest Segment,1394673896902429,Shelf Story Bold Voice,1727505061486984,Brand Awareness,0,0,0,0,0,0,0,0,0,0,0,0,0,0,0,0,0,0,0,0,0,0,0,0
2026-02-10,Discovery Network,Smart Choice Impact Initiative,Central Region Loyalty Cohort,44948390,Health Conscious Buyers Interest Segment,4045380354206642,Shelf Story Bold Voice,5851676109927201,Brand Awareness,20.05,5992,0,5856,170,91,100,100,100,333,272,0,0,0,0,9,0,186,3.06,1,0,0,5664,0
2026-02-10,Search Network,Home Essentials Scale Initiative,Central Region Loyalty Cohort,86057605,Weekend Deal Hunters Interest Segment,9043153514860644,Price Drop Cut Direct Voice,1277841066908700,Brand Awareness,5.02,797,0,740,32,5,25,9,6,30,28,0,0,0,0,0,0,50,5.86,0,0,0,950,0
2026-02-09,Marketplace Feed,Weekend Saver Retention Initiative,Metro Region Conversion Cohort,44948390,Family Planners Interest Segment,1394673896902429,Shelf Story Warm Voice,3933844935781169,Brand Awareness,0,0,0,0,0,0,0,0,0,0,0,0,0,0,0,0,0,0,0,0,0,0,0,0
2026-02-09,Marketplace Feed,Smart Choice Impact Initiative,Central Region Loyalty Cohort,86057605,Health Conscious Buyers Retention Segment,5243824368452388,Collection Showcase Warm Voice,9139539805917898,Catalog Engagement,0,0,0,0,0,0,0,0,0,0,0,0,0,0,0,0,0,0,0,0,0,0,0,0
2026-02-09,Video Network,Weekend Saver Retention Initiative,Metro Region Conversion Cohort,44948390,Family Planners Interest Segment,1394673896902429,Shelf Story Bold Voice,1572482192481188,Brand Awareness,0,0,0,0,0,0,0,0,0,0,0,0,0,0,0,0,0,0,0,0,0,0,0,0
2026-02-09,Discovery Network,Smart Choice Impact Initiative,Central Region Loyalty Cohort,86057605,Health Conscious Buyers Retention Segment,1803813881402166,Shelf Story Warm Voice,4799919365905945,Catalog Engagement,236.09,32021,0,39140,214,100,100,100,100,6258,5577,0,0,0,0,123,0,327,0.93,3,13,0,37913,0
2026-02-09,Search Network,Smart Choice Impact Initiative,Central Region Loyalty Cohort,86057605,Health Conscious Buyers Interest Segment,1208384049784723,Collection Showcase Warm Voice,3851087194337450,Catalog Engagement,0,0,0,0,0,0,0,0,0,0,0,0,0,0,0,0,0,0,0,0,0,0,0,0
2026-02-09,Display Network,Family Pantry Impact Initiative,Central Region Loyalty Cohort,86057605,Family Planners Interest Segment,1303537414714156,Price Drop Cut Direct Voice,1732730319047742,Brand Awareness,0,0,0,0,0,0,0,0,0,0,0,0,0,0,0,0,0,0,0,0,0,0,0,0
2026-02-09,Discovery Network,Smart Choice Impact Initiative,Central Region Loyalty Cohort,86057605,Health Conscious Buyers Retention Segment,1087671586243766,Shelf Story Warm Voice,1561809334478869,Catalog Engagement,0.97,89,0,95,1,13,45,26,21,24,22,0,0,0,0,0,0,1,0.72,0,0,0,95,0
2026-02-09,Display Network,Family Pantry Retention Initiative,South Region Prospecting Cohort,44948390,Family Planners Lookalike Segment,2507857220866131,Shelf Story Bold Voice,1397918323293131,Catalog Engagement,0,0,0,0,0,0,0,0,0,0,0,0,0,0,0,0,0,0,0,0,0,0,0,0
2026-02-09,Video Network,Home Essentials Scale Initiative,Central Region Loyalty Cohort,86057605,Health Conscious Buyers Interest Segment,3536997747651810,Price Drop Cut Direct Voice,1642752931109548,Brand Awareness,19.61,3896,0,3946,114,13,100,38,23,101,83,0,0,0,0,2,0,164,4,0,0,0,4174,0
2026-02-09,Marketplace Feed,Home Essentials Promo Initiative,Metro Region Conversion Cohort,44948390,Quick Refill Buyers Retention Segment,1899712342036110,Shelf Story Warm Voice,8585579191193727,Brand Awareness,0,0,0,0,0,0,0,0,0,0,0,0,0,0,0,0,0,0,0,0,0,0,0,0
2026-02-09,Marketplace Feed,Home Essentials Scale Initiative,Central Region Loyalty Cohort,86057605,Weekend Deal Hunters Interest Segment,9043153514860644,Price Drop Cut Direct Voice,1277841066908700,Brand Awareness,15.84,2303,0,2110,113,16,74,29,18,95,92,0,0,0,0,2,0,177,8.59,0,0,0,2288,0
2026-02-09,Affiliate Network,Family Pantry Impact Initiative,Central Region Loyalty Cohort,86057605,Health Conscious Buyers Interest Segment,1667879036440414,Price Drop Cut Direct Voice,1775743663117333,Brand Awareness,0,0,0,0,0,0,0,0,0,0,0,0,0,0,0,0,0,0,0,0,0,0,0,0
2026-02-09,Marketplace Feed,Smart Choice Impact Initiative,Central Region Loyalty Cohort,86057605,Health Conscious Buyers Retention Segment,9032820034214880,Offer Spotlight Friendly Voice,9514549907665008,Catalog Engagement,0,0,0,0,0,0,0,0,0,0,0,0,0,0,0,0,0,0,0,0,0,0,0,0
2026-02-09,Affiliate Network,Smart Choice Impact Initiative,Central Region Loyalty Cohort,44948390,Health Conscious Buyers Interest Segment,4045380354206642,Shelf Story Bold Voice,5851676109927201,Brand Awareness,21.96,6963,0,6244,173,79,100,100,100,292,263,0,0,0,0,7,0,275,3.07,0,1,0,6745,0
2026-02-09,Video Network,Smart Choice Impact Initiative,Central Region Loyalty Cohort,86057605,Health Conscious Buyers Interest Segment,4329122214462089,Shelf Story Warm Voice,1177313359536794,Catalog Engagement,0.94,154,0,149,1,8,52,22,14,25,22,0,0,0,0,0,0,1,0.49,0,0,0,145,0
2026-02-09,Marketplace Feed,Smart Choice Impact Initiative,Central Region Loyalty Cohort,44948390,Family Planners Interest Segment,4141466458949862,Shelf Story Bold Voice,1119693786488421,Brand Awareness,29.46,7645,0,7071,227,39,100,100,52,281,237,0,0,0,0,2,0,298,4.04,0,0,0,7895,0
2026-02-09,Retail Media Network,Smart Choice Impact Initiative,Central Region Loyalty Cohort,44948390,Weekend Deal Hunters Interest Segment,7654152717899360,Shelf Story Bold Voice,1844583984085561,Brand Awareness,4.03,540,0,617,27,4,24,7,3,32,25,0,0,0,0,1,0,39,6.74,0,0,0,601,0
2026-02-09,Discovery Network,Home Essentials Scale Initiative,Central Region Loyalty Cohort,86057605,Family Planners Interest Segment,1350970894496714,Price Drop Cut Direct Voice,1524894842862814,Brand Awareness,31.73,6716,0,5517,225,35,100,77,52,201,199,0,0,0,0,5,0,298,3.50,0,1,0,6293,0
2026-02-09,Shopping Grid,Family Pantry Retention Initiative,Metro Region Conversion Cohort,38881639,Family Planners Lookalike Segment,1010331617086390,Shelf Story Warm Voice,1022962676348579,Brand Awareness,0,0,0,0,0,0,0,0,0,0,0,0,0,0,0,0,0,0,0,0,0,0,0,0
2026-02-08,Marketplace Feed,Smart Choice Impact Initiative,Central Region Loyalty Cohort,86057605,Health Conscious Buyers Interest Segment,1208384049784723,Collection Showcase Warm Voice,3851087194337450,Catalog Engagement,0,0,0,0,0,0,0,0,0,0,0,0,0,0,0,0,0,0,0,0,0,0,0,0
2026-02-08,Influencer Network,Family Pantry Impact Initiative,Central Region Loyalty Cohort,86057605,Family Planners Interest Segment,1303537414714156,Price Drop Cut Direct Voice,1732730319047742,Brand Awareness,0,0,0,0,0,0,0,0,0,0,0,0,0,0,0,0,0,0,0,0,0,0,0,0
2026-02-08,Display Network,Smart Choice Impact Initiative,Central Region Loyalty Cohort,86057605,Health Conscious Buyers Retention Segment,9032820034214880,Offer Spotlight Friendly Voice,9514549907665008,Catalog Engagement,0,0,0,0,0,0,0,0,0,0,0,0,0,0,0,0,0,0,0,0,0,0,0,0
2026-02-08,Affiliate Network,Family Pantry Retention Initiative,Metro Region Conversion Cohort,38881639,Family Planners Lookalike Segment,1010331617086390,Shelf Story Warm Voice,1022962676348579,Brand Awareness,0,0,0,0,0,0,0,0,0,0,0,0,0,0,0,0,0,0,0,0,0,0,0,0
2026-02-08,Shopping Grid,Family Pantry Impact Initiative,Central Region Loyalty Cohort,86057605,Health Conscious Buyers Interest Segment,1667879036440414,Price Drop Cut Direct Voice,1775743663117333,Brand Awareness,0,0,0,0,0,0,0,0,0,0,0,0,0,0,0,0,0,0,0,0,0,0,0,0
2026-02-08,Video Network,Smart Choice Impact Initiative,Central Region Loyalty Cohort,44948390,Weekend Deal Hunters Interest Segment,7654152717899360,Shelf Story Bold Voice,1844583984085561,Brand Awareness,1.86,453,0,450,14,3,24,9,3,21,17,0,0,0,0,2,0,23,3.93,0,0,0,427,0
2026-02-08,Connected TV,Smart Choice Impact Initiative,Central Region Loyalty Cohort,86057605,Health Conscious Buyers Retention Segment,5243824368452388,Collection Showcase Warm Voice,9139539805917898,Catalog Engagement,0,0,0,0,0,0,0,0,0,0,0,0,0,0,0,0,0,0,0,0,0,0,0,0
2026-02-08,Affiliate Network,Weekend Saver Retention Initiative,Metro Region Conversion Cohort,44948390,Family Planners Interest Segment,1394673896902429,Collection Showcase Warm Voice,1465857572073203,Brand Awareness,0,0,0,0,0,0,0,0,0,0,0,0,0,0,0,0,0,0,0,0,0,0,0,0
2026-02-08,Search Network,Home Essentials Scale Initiative,Metro Region Conversion Cohort,44948390,Weekend Deal Hunters Interest Segment,4343805881369289,Shelf Story Warm Voice,1639340882427244,Brand Awareness,0,0,0,0,0,0,0,0,0,0,0,0,0,0,0,0,0,0,0,0,0,0,0,0
2026-02-08,Video Network,Smart Choice Impact Initiative,Central Region Loyalty Cohort,86057605,Health Conscious Buyers Interest Segment,4329122214462089,Shelf Story Warm Voice,1177313359536794,Catalog Engagement,4.09,559,0,524,1,35,100,100,63,85,81,0,0,0,0,3,0,6,1.00,0,1,0,532,0
2026-02-08,Retail Media Network,Smart Choice Impact Initiative,Central Region Loyalty Cohort,86057605,Health Conscious Buyers Retention Segment,1803813881402166,Shelf Story Warm Voice,4799919365905945,Catalog Engagement,270.4,37766,0,35439,186,100,100,100,100,6103,5350,0,0,0,0,138,0,320,0.75,4,10,0,33102,0
2026-02-08,Connected TV,Smart Choice Impact Initiative,Central Region Loyalty Cohort,44948390,Health Conscious Buyers Interest Segment,4045380354206642,Shelf Story Bold Voice,5851676109927201,Brand Awareness,22.96,6338,0,6044,174,76,100,100,83,269,265,0,0,0,0,14,0,228,3.01,0,2,0,5506,0
2026-02-08,In-App Display,Smart Choice Impact Initiative,Central Region Loyalty Cohort,86057605,Health Conscious Buyers Retention Segment,1087671586243766,Shelf Story Warm Voice,1561809334478869,Catalog Engagement,3.16,494,0,438,4,29,100,84,53,99,87,0,0,0,0,2,0,6,1.18,0,1,0,465,0
2026-02-08,Retail Media Network,Home Essentials Scale Initiative,Central Region Loyalty Cohort,86057605,Health Conscious Buyers Interest Segment,3536997747651810,Price Drop Cut Direct Voice,1642752931109548,Brand Awareness,23.23,6572,0,6435,149,33,100,73,38,140,126,0,0,0,0,2,0,174,2,0,0,0,6495,0
2026-02-08,In-App Display,Home Essentials Scale Initiative,Central Region Loyalty Cohort,86057605,Family Planners Interest Segment,1350970894496714,Price Drop Cut Direct Voice,1524894842862814,Brand Awareness,33.08,6377,0,5323,212,35,100,77,45,195,153,0,0,0,0,5,0,296,3.93,1,0,0,7351,0
2026-02-08,Affiliate Network,Smart Choice Impact Initiative,Central Region Loyalty Cohort,44948390,Family Planners Interest Segment,4141466458949862,Shelf Story Bold Voice,1119693786488421,Brand Awareness,34.15,7557,0,7051,259,50,100,100,85,303,277,0,0,0,0,7,0,371,4.13,0,2,0,7517,0
2026-02-08,Connected TV,Home Essentials Scale Initiative,Central Region Loyalty Cohort,86057605,Weekend Deal Hunters Interest Segment,9043153514860644,Price Drop Cut Direct Voice,1277841066908700,Brand Awareness,17.10,2369,0,1963,108,8,55,22,10,96,96,0,0,0,0,2,0,149,6.18,0,0,0,1991,0
2026-02-07,Discovery Network,Smart Choice Impact Initiative,Central Region Loyalty Cohort,86057605,Health Conscious Buyers Retention Segment,9032820034214880,Offer Spotlight Friendly Voice,9514549907665008,Catalog Engagement,0,0,0,0,0,0,0,0,0,0,0,0,0,0,0,0,0,0,0,0,0,0,0,0
2026-02-07,Video Network,Smart Choice Impact Initiative,Central Region Loyalty Cohort,44948390,Family Planners Interest Segment,4141466458949862,Shelf Story Bold Voice,1119693786488421,Brand Awareness,31.06,7704,0,7181,222,57,100,100,73,340,249,0,0,0,0,3,0,334,4.12,0,0,0,7141,0
2026-02-07,Shopping Grid,Smart Choice Impact Initiative,Central Region Loyalty Cohort,86057605,Health Conscious Buyers Interest Segment,4689140768019905,Offer Spotlight Friendly Voice,6565476888405014,Catalog Engagement,0,0,0,0,0,0,0,0,0,0,0,0,0,0,0,0,0,0,0,0,0,0,0,0
2026-02-07,Search Network,Weekend Saver Retention Initiative,Metro Region Conversion Cohort,44948390,Family Planners Interest Segment,1394673896902429,Offer Spotlight Warm Voice,2577836288304446,Brand Awareness,0,0,0,0,0,0,0,0,0,0,0,0,0,0,0,0,0,0,0,0,0,0,0,0
2026-02-07,Marketplace Feed,Home Essentials Scale Initiative,Central Region Loyalty Cohort,86057605,Weekend Deal Hunters Interest Segment,9043153514860644,Price Drop Cut Direct Voice,1277841066908700,Brand Awareness,8.34,1523,0,1428,52,11,53,23,15,54,53,0,0,0,0,2,0,76,5.13,0,0,0,1344,0
2026-02-07,Retail Media Network,Weekend Saver Retention Initiative,Metro Region Conversion Cohort,44948390,Family Planners Interest Segment,1394673896902429,Shelf Story Warm Voice,1160733018635906,Brand Awareness,0,0,0,0,0,0,0,0,0,0,0,0,0,0,0,0,0,0,0,0,0,0,0,0
2026-02-07,Display Network,Smart Choice Impact Initiative,Central Region Loyalty Cohort,86057605,Health Conscious Buyers Retention Segment,5243824368452388,Collection Showcase Warm Voice,9139539805917898,Catalog Engagement,0,0,0,0,0,0,0,0,0,0,0,0,0,0,0,0,0,0,0,0,0,0,0,0
2026-02-07,Discovery Network,Home Essentials Scale Initiative,Central Region Loyalty Cohort,86057605,Family Planners Interest Segment,1350970894496714,Price Drop Cut Direct Voice,1524894842862814,Brand Awareness,42.08,10477,0,9932,240,54,100,100,65,280,264,0,0,0,0,13,0,396,3.41,0,1,0,9059,0
2026-02-07,Shopping Grid,Home Essentials Scale Initiative,Central Region Loyalty Cohort,86057605,Health Conscious Buyers Interest Segment,3536997747651810,Price Drop Cut Direct Voice,1642752931109548,Brand Awareness,15.55,4223,0,3580,89,22,100,53,30,121,94,0,0,0,0,2,0,110,2.60,0,1,0,4276,0
2026-02-07,Social Feed,Family Pantry Impact Initiative,Central Region Loyalty Cohort,86057605,Health Conscious Buyers Interest Segment,1667879036440414,Price Drop Cut Direct Voice,1775743663117333,Brand Awareness,0,0,0,0,0,0,0,0,0,0,0,0,0,0,0,0,0,0,0,0,0,0,0,0
2026-02-07,Marketplace Feed,Smart Choice Impact Initiative,Central Region Loyalty Cohort,86057605,Health Conscious Buyers Interest Segment,4329122214462089,Shelf Story Warm Voice,1177313359536794,Catalog Engagement,2.59,483,0,410,3,20,100,64,36,65,58,0,0,0,0,2,0,3,0.76,0,0,0,439,0
2026-02-07,Discovery Network,Smart Choice Impact Initiative,Central Region Loyalty Cohort,44948390,Weekend Deal Hunters Interest Segment,7654152717899360,Shelf Story Bold Voice,1844583984085561,Brand Awareness,6.01,811,0,703,38,2,23,6,4,38,31,0,0,0,0,1,0,59,6.90,0,0,0,729,0
2026-02-07,Shopping Grid,Weekend Saver Retention Initiative,Metro Region Conversion Cohort,44948390,Family Planners Interest Segment,1394673896902429,Product Reel Warm Voice,1531156400166546,Brand Awareness,0,0,0,0,0,0,0,0,0,0,0,0,0,0,0,0,0,0,0,0,0,0,0,0
2026-02-07,Display Network,Home Essentials Promo Initiative,Metro Region Conversion Cohort,44948390,Quick Refill Buyers Retention Segment,1899712342036110,Shelf Story Warm Voice,8585579191193727,Brand Awareness,0,0,0,0,0,0,0,0,0,0,0,0,0,0,0,0,0,0,0,0,0,0,0,0
2026-02-07,Social Feed,Smart Choice Impact Initiative,Central Region Loyalty Cohort,86057605,Health Conscious Buyers Interest Segment,1208384049784723,Collection Showcase Warm Voice,3851087194337450,Catalog Engagement,0,0,0,0,0,0,0,0,0,0,0,0,0,0,0,0,0,0,0,0,0,0,0,0
2026-02-07,Affiliate Network,Family Pantry Impact Initiative,Central Region Loyalty Cohort,86057605,Family Planners Interest Segment,1303537414714156,Price Drop Cut Direct Voice,1732730319047742,Brand Awareness,0,0,0,0,0,0,0,0,0,0,0,0,0,0,0,0,0,0,0,0,0,0,0,0
2026-02-07,Display Network,Family Pantry Retention Initiative,Metro Region Conversion Cohort,44948390,Weekend Deal Hunters Interest Segment,1111168710985428,Product Reel Bold Voice,1738248276440141,Brand Awareness,0,0,0,0,0,0,0,0,0,0,0,0,0,0,0,0,0,0,0,0,0,0,0,0
2026-02-07,In-App Display,Weekend Saver Retention Initiative,Metro Region Conversion Cohort,44948390,Family Planners Interest Segment,1394673896902429,Shelf Story Bold Voice,1727505061486984,Brand Awareness,0,0,0,0,0,0,0,0,0,0,0,0,0,0,0,0,0,0,0,0,0,0,0,0
2026-02-07,Affiliate Network,Smart Choice Impact Initiative,Central Region Loyalty Cohort,86057605,Health Conscious Buyers Retention Segment,1803813881402166,Shelf Story Warm Voice,4799919365905945,Catalog Engagement,304.68,38041,0,42791,280,100,100,100,100,6249,5847,0,0,0,0,195,0,476,0.96,1,10,0,38034,0
2026-02-07,Display Network,Weekend Saver Retention Initiative,Metro Region Conversion Cohort,44948390,Family Planners Interest Segment,1394673896902429,Price Drop Cut Direct Voice,1812581034724444,Brand Awareness,0,0,0,0,0,0,0,0,0,0,0,0,0,0,0,0,0,0,0,0,0,0,0,0
2026-02-07,Connected TV,Smart Choice Impact Initiative,Central Region Loyalty Cohort,86057605,Health Conscious Buyers Retention Segment,1087671586243766,Shelf Story Warm Voice,1561809334478869,Catalog Engagement,2.72,373,0,379,2,18,100,71,39,62,57,0,0,0,0,3,0,4,0.89,0,0,0,390,0
2026-02-07,Connected TV,Smart Choice Impact Initiative,Central Region Loyalty Cohort,44948390,Health Conscious Buyers Interest Segment,4045380354206642,Shelf Story Bold Voice,5851676109927201,Brand Awareness,22.00,7048,0,6642,146,41,100,100,65,238,179,0,0,0,0,11,0,243,2.8,0,1,0,6441,0
2026-02-07,Influencer Network,Family Pantry Impact Initiative,Central Region Loyalty Cohort,86057605,Weekend Deal Hunters Interest Segment,2374293000135659,Price Drop Cut Direct Voice,3184438598568911,Brand Awareness,0,0,0,0,0,0,0,0,0,0,0,0,0,0,0,0,0,0,0,0,0,0,0,0
2026-02-06,Retail Media Network,Smart Choice Impact Initiative,Central Region Loyalty Cohort,44948390,Weekend Deal Hunters Interest Segment,7654152717899360,Shelf Story Bold Voice,1844583984085561,Brand Awareness,2.49,484,0,437,21,2,22,7,2,24,19,0,0,0,0,0,0,34,6.01,0,0,0,409,0
2026-02-06,Search Network,Family Pantry Impact Initiative,Central Region Loyalty Cohort,86057605,Health Conscious Buyers Interest Segment,1667879036440414,Price Drop Cut Direct Voice,1775743663117333,Brand Awareness,0,0,0,0,0,0,0,0,0,0,0,0,0,0,0,0,0,0,0,0,0,0,0,0
2026-02-06,Marketplace Feed,Smart Choice Impact Initiative,Metro Region Loyalty Cohort,44948390,Family Planners Lookalike Segment,2895780604957346,Price Drop Cut Direct Voice,1436052663222758,Brand Awareness,0,0,0,0,0,0,0,0,0,0,0,0,0,0,0,0,0,0,0,0,0,0,0,0
2026-02-06,Affiliate Network,Smart Choice Impact Initiative,Central Region Loyalty Cohort,86057605,Health Conscious Buyers Retention Segment,8142238373295239,Collection Showcase Warm Voice,1678833571989915,Catalog Engagement,0,0,0,0,0,0,0,0,0,0,0,0,0,0,0,0,0,0,0,0,0,0,0,0
2026-02-06,Influencer Network,Smart Choice Impact Initiative,Central Region Loyalty Cohort,86057605,Health Conscious Buyers Interest Segment,4689140768019905,Offer Spotlight Friendly Voice,6565476888405014,Catalog Engagement,0,0,0,0,0,0,0,0,0,0,0,0,0,0,0,0,0,0,0,0,0,0,0,0
2026-02-06,Display Network,Smart Choice Impact Initiative,Central Region Loyalty Cohort,86057605,Health Conscious Buyers Retention Segment,9032820034214880,Offer Spotlight Friendly Voice,9514549907665008,Catalog Engagement,0,0,0,0,0,0,0,0,0,0,0,0,0,0,0,0,0,0,0,0,0,0,0,0
2026-02-06,Shopping Grid,Smart Choice Impact Initiative,Central Region Loyalty Cohort,86057605,Health Conscious Buyers Interest Segment,1208384049784723,Collection Showcase Warm Voice,3851087194337450,Catalog Engagement,0,0,0,0,0,0,0,0,0,0,0,0,0,0,0,0,0,0,0,0,0,0,0,0
2026-02-06,Retail Media Network,Seasonal Select Promo Initiative,Central Region Loyalty Cohort,44948390,Health Conscious Buyers Interest Segment,1579872201720726,Price Drop Cut Value Voice,1785180660806373,Catalog Engagement,0,0,0,0,0,0,0,0,0,0,0,0,0,0,0,0,0,0,0,0,0,0,0,0
2026-02-06,Display Network,Smart Choice Impact Initiative,Central Region Loyalty Cohort,44948390,Health Conscious Buyers Interest Segment,4045380354206642,Shelf Story Bold Voice,5851676109927201,Brand Awareness,23.54,9139,0,7906,243,94,100,100,100,371,366,0,0,0,0,15,0,265,2.65,0,0,0,7523,0
2026-02-06,Search Network,Family Pantry Impact Initiative,Central Region Loyalty Cohort,86057605,Family Planners Interest Segment,1303537414714156,Price Drop Cut Direct Voice,1732730319047742,Brand Awareness,0,0,0,0,0,0,0,0,0,0,0,0,0,0,0,0,0,0,0,0,0,0,0,0
2026-02-06,Marketplace Feed,Family Pantry Impact Initiative,Central Region Loyalty Cohort,86057605,Weekend Deal Hunters Interest Segment,2374293000135659,Price Drop Cut Direct Voice,3184438598568911,Brand Awareness,0,0,0,0,0,0,0,0,0,0,0,0,0,0,0,0,0,0,0,0,0,0,0,0
2026-02-06,Affiliate Network,Weekend Saver Retention Initiative,Metro Region Conversion Cohort,44948390,Family Planners Interest Segment,9001467427315218,Offer Spotlight Warm Voice,1833559740190436,Brand Awareness,0,0,0,0,0,0,0,0,0,0,0,0,0,0,0,0,0,0,0,0,0,0,0,0
2026-02-06,Marketplace Feed,Weekend Saver Retention Initiative,Metro Region Conversion Cohort,44948390,Family Planners Interest Segment,9001467427315218,Price Drop Cut Direct Voice,8284422951805925,Brand Awareness,0,0,0,0,0,0,0,0,0,0,0,0,0,0,0,0,0,0,0,0,0,0,0,0
2026-02-06,Shopping Grid,Smart Choice Impact Initiative,Central Region Loyalty Cohort,86057605,Health Conscious Buyers Retention Segment,5243824368452388,Collection Showcase Warm Voice,9139539805917898,Catalog Engagement,0,0,0,0,0,0,0,0,0,0,0,0,0,0,0,0,0,0,0,0,0,0,0,0
2026-02-06,In-App Display,Smart Choice Impact Initiative,Central Region Loyalty Cohort,86057605,Health Conscious Buyers Interest Segment,4329122214462089,Shelf Story Warm Voice,1177313359536794,Catalog Engagement,0.53,81,0,101,1,3,21,10,7,12,11,0,0,0,0,1,0,2,1.76,0,0,0,79,0
2026-02-06,Search Network,Home Essentials Scale Initiative,Central Region Loyalty Cohort,86057605,Health Conscious Buyers Interest Segment,3536997747651810,Price Drop Cut Direct Voice,1642752931109548,Brand Awareness,14.60,2810,0,2558,88,15,82,30,17,74,66,0,0,0,0,6,0,109,4.03,0,1,0,2829,0
2026-02-06,Connected TV,Smart Choice Impact Initiative,Central Region Loyalty Cohort,86057605,Health Conscious Buyers Retention Segment,1087671586243766,Shelf Story Warm Voice,1561809334478869,Catalog Engagement,0.40,54,0,56,0,4,21,11,5,9,9,0,0,0,0,0,0,0,0,0,0,0,65,0
2026-02-06,Shopping Grid,Home Essentials Scale Initiative,Central Region Loyalty Cohort,86057605,Family Planners Interest Segment,1350970894496714,Price Drop Cut Direct Voice,1524894842862814,Brand Awareness,40.75,10411,0,10015,266,50,100,100,74,341,280,0,0,0,0,7,0,370,3.40,0,0,0,10248,0
2026-02-06,Influencer Network,Family Pantry Retention Initiative,Metro Region Conversion Cohort,38881639,Family Planners Lookalike Segment,1010331617086390,Shelf Story Warm Voice,1022962676348579,Brand Awareness,0,0,0,0,0,0,0,0,0,0,0,0,0,0,0,0,0,0,0,0,0,0,0,0
2026-02-06,In-App Display,Smart Choice Impact Initiative,Central Region Loyalty Cohort,86057605,Health Conscious Buyers Retention Segment,1803813881402166,Shelf Story Warm Voice,4799919365905945,Catalog Engagement,222.37,38948,0,36868,231,100,100,100,100,6187,5806,0,0,0,0,131,0,349,0.79,1,10,0,39619,0
2026-02-06,Affiliate Network,Smart Choice Impact Initiative,Central Region Loyalty Cohort,44948390,Family Planners Interest Segment,4141466458949862,Shelf Story Bold Voice,1119693786488421,Brand Awareness,33.40,8448,0,6763,307,97,100,100,100,402,355,0,0,0,0,7,0,391,3.3,0,0,0,7173,0
2026-02-06,In-App Display,Home Essentials Scale Initiative,Central Region Loyalty Cohort,86057605,Weekend Deal Hunters Interest Segment,9043153514860644,Price Drop Cut Direct Voice,1277841066908700,Brand Awareness,10.18,1698,0,1241,54,7,67,20,9,64,58,0,0,0,0,1,0,81,5,0,2,0,1720,0
2026-02-05,Discovery Network,Smart Choice Impact Initiative,Central Region Loyalty Cohort,86057605,Health Conscious Buyers Retention Segment,1803813881402166,Shelf Story Warm Voice,4799919365905945,Catalog Engagement,191.86,25694,0,29766,157,100,100,100,100,4790,4038,0,0,0,0,90,0,253,0.82,6,7,0,28209,0
2026-02-05,Affiliate Network,Smart Choice Impact Initiative,Central Region Loyalty Cohort,86057605,Health Conscious Buyers Retention Segment,1087671586243766,Shelf Story Warm Voice,1561809334478869,Catalog Engagement,0.8,134,0,157,1,5,39,18,12,20,18,0,0,0,0,1,0,3,2.01,1,0,0,153,0
2026-02-05,Discovery Network,Smart Choice Impact Initiative,Central Region Loyalty Cohort,44948390,Weekend Deal Hunters Interest Segment,7654152717899360,Shelf Story Bold Voice,1844583984085561,Brand Awareness,1.91,403,0,388,17,3,38,10,5,20,16,0,0,0,0,1,0,18,4.79,0,0,0,326,0
2026-02-05,Retail Media Network,Smart Choice Impact Initiative,Central Region Loyalty Cohort,86057605,Health Conscious Buyers Interest Segment,4689140768019905,Offer Spotlight Friendly Voice,6565476888405014,Catalog Engagement,0,0,0,0,0,0,0,0,0,0,0,0,0,0,0,0,0,0,0,0,0,0,0,0
2026-02-05,Retail Media Network,Smart Choice Impact Initiative,Central Region Loyalty Cohort,86057605,Health Conscious Buyers Retention Segment,9032820034214880,Offer Spotlight Friendly Voice,9514549907665008,Catalog Engagement,0,0,0,0,0,0,0,0,0,0,0,0,0,0,0,0,0,0,0,0,0,0,0,0
2026-02-05,Retail Media Network,Family Pantry Impact Initiative,Central Region Loyalty Cohort,86057605,Health Conscious Buyers Interest Segment,1667879036440414,Price Drop Cut Direct Voice,1775743663117333,Brand Awareness,44.18,7300,0,5350,266,0,0,0,0,182,151,0,0,0,0,5,0,351,4.59,1,3,0,0,0
2026-02-05,Influencer Network,Smart Choice Impact Initiative,Central Region Loyalty Cohort,44948390,Family Planners Interest Segment,4141466458949862,Shelf Story Bold Voice,1119693786488421,Brand Awareness,29.52,9018,0,8375,251,57,100,100,86,365,280,0,0,0,0,10,0,329,3.11,0,1,0,8037,0
2026-02-05,Display Network,Smart Choice Impact Initiative,Central Region Loyalty Cohort,86057605,Health Conscious Buyers Interest Segment,1208384049784723,Collection Showcase Warm Voice,3851087194337450,Catalog Engagement,35.81,6290,0,5574,43,100,100,100,100,1012,920,0,0,0,0,26,0,65,1.13,0,1,0,5447,0
2026-02-05,Connected TV,Smart Choice Impact Initiative,Central Region Loyalty Cohort,86057605,Health Conscious Buyers Interest Segment,4329122214462089,Shelf Story Warm Voice,1177313359536794,Catalog Engagement,2.47,444,0,390,1,14,89,44,31,41,36,0,0,0,0,4,0,4,0.71,0,0,0,449,0
2026-02-05,Search Network,Family Pantry Impact Initiative,Central Region Loyalty Cohort,86057605,Family Planners Interest Segment,1303537414714156,Price Drop Cut Direct Voice,1732730319047742,Brand Awareness,183.46,30133,0,17717,1147,0,0,0,0,762,543,0,0,0,0,17,0,1632,4.80,1,4,0,0,0
2026-02-05,Shopping Grid,Family Pantry Impact Initiative,Central Region Loyalty Cohort,86057605,Weekend Deal Hunters Interest Segment,2374293000135659,Price Drop Cut Direct Voice,3184438598568911,Brand Awareness,14.62,1445,0,880,95,0,0,0,0,62,54,0,0,0,0,0,0,111,9.79,0,0,0,0,0
2026-02-05,Social Feed,Smart Choice Impact Initiative,Central Region Loyalty Cohort,44948390,Health Conscious Buyers Interest Segment,4045380354206642,Shelf Story Bold Voice,5851676109927201,Brand Awareness,20.38,8226,0,8021,199,96,100,100,100,423,311,0,0,0,0,17,0,231,2.71,1,1,0,8072,0
2026-02-05,Connected TV,Weekend Saver Retention Initiative,Metro Region Conversion Cohort,44948390,Family Planners Interest Segment,9001467427315218,Shelf Story Bold Voice,1654622554129855,Brand Awareness,0,0,0,0,0,0,0,0,0,0,0,0,0,0,0,0,0,0,0,0,0,0,0,0
2026-02-05,In-App Display,Home Essentials Promo Initiative,Metro Region Conversion Cohort,44948390,Quick Refill Buyers Retention Segment,1899712342036110,Shelf Story Warm Voice,8585579191193727,Brand Awareness,0,0,0,0,0,0,0,0,0,0,0,0,0,0,0,0,0,0,0,0,0,0,0,0
2026-02-05,Affiliate Network,Smart Choice Impact Initiative,Central Region Loyalty Cohort,86057605,Health Conscious Buyers Retention Segment,5243824368452388,Collection Showcase Warm Voice,9139539805917898,Catalog Engagement,136.96,23786,0,21358,199,100,100,100,100,4931,3607,0,0,0,0,111,0,263,1.12,2,3,0,25070,0
2026-02-05,Retail Media Network,Smart Choice Impact Initiative,Central Region Loyalty Cohort,86057605,Health Conscious Buyers Retention Segment,8142238373295239,Collection Showcase Warm Voice,1678833571989915,Catalog Engagement,1.95,186,0,186,2,37,100,78,55,49,43,0,0,0,0,1,0,3,1.49,0,0,0,179,0
2026-02-05,Display Network,Family Pantry Retention Initiative,Metro Region Conversion Cohort,38881639,Family Planners Lookalike Segment,1010331617086390,Shelf Story Warm Voice,1022962676348579,Brand Awareness,0,0,0,0,0,0,0,0,0,0,0,0,0,0,0,0,0,0,0,0,0,0,0,0
2026-02-04,Display Network,Family Pantry Retention Initiative,Metro Region Conversion Cohort,44948390,Weekend Deal Hunters Interest Segment,1111168710985428,Product Reel Bold Voice,1738248276440141,Brand Awareness,0,0,0,0,0,0,0,0,0,0,0,0,0,0,0,0,0,0,0,0,0,0,0,0
2026-02-04,Social Feed,Smart Choice Impact Initiative,Central Region Loyalty Cohort,86057605,Health Conscious Buyers Retention Segment,9032820034214880,Offer Spotlight Friendly Voice,9514549907665008,Catalog Engagement,0,0,0,0,0,0,0,0,0,0,0,0,0,0,0,0,0,0,0,0,0,0,0,0
2026-02-04,Video Network,Smart Choice Impact Initiative,Central Region Loyalty Cohort,86057605,Health Conscious Buyers Retention Segment,1370832636150531,Offer Spotlight Friendly Voice,1106328029307981,Catalog Engagement,0,0,0,0,0,0,0,0,0,0,0,0,0,0,0,0,0,0,0,0,0,0,0,0
2026-02-04,Affiliate Network,Smart Choice Impact Initiative,Central Region Loyalty Cohort,86057605,Health Conscious Buyers Interest Segment,4689140768019905,Offer Spotlight Friendly Voice,6565476888405014,Catalog Engagement,0,0,0,0,0,0,0,0,0,0,0,0,0,0,0,0,0,0,0,0,0,0,0,0
2026-02-04,Affiliate Network,Smart Choice Impact Initiative,Central Region Loyalty Cohort,44948390,Family Planners Interest Segment,4141466458949862,Shelf Story Bold Voice,1119693786488421,Brand Awareness,31.66,8524,0,9675,233,57,100,100,81,288,247,0,0,0,0,8,0,321,2.54,1,0,0,8645,0
2026-02-04,Affiliate Network,Weekend Saver Retention Initiative,Metro Region Conversion Cohort,44948390,Family Planners Interest Segment,1394673896902429,Shelf Story Bold Voice,1727505061486984,Brand Awareness,0,0,0,0,0,0,0,0,0,0,0,0,0,0,0,0,0,0,0,0,0,0,0,0
2026-02-04,Video Network,Smart Choice Impact Initiative,Central Region Loyalty Cohort,86057605,Health Conscious Buyers Interest Segment,1208384049784723,Collection Showcase Warm Voice,3851087194337450,Catalog Engagement,85.95,17131,0,17954,94,100,100,100,100,2998,2143,0,0,0,0,52,0,136,0.82,0,5,0,13466,0
2026-02-04,In-App Display,Family Pantry Impact Initiative,Central Region Loyalty Cohort,86057605,Family Planners Interest Segment,1303537414714156,Price Drop Cut Direct Voice,1732730319047742,Brand Awareness,163.64,33102,0,22732,1064,0,0,0,0,691,540,0,0,1,0,17,0,1570,3.80,0,3,0,0,0
2026-02-04,Influencer Network,Family Pantry Retention Initiative,Metro Region Conversion Cohort,38881639,Family Planners Lookalike Segment,1010331617086390,Shelf Story Warm Voice,1022962676348579,Brand Awareness,0,0,0,0,0,0,0,0,0,0,0,0,0,0,0,0,0,0,0,0,0,0,0,0
2026-02-04,Search Network,Smart Choice Impact Initiative,Central Region Loyalty Cohort,86057605,Health Conscious Buyers Retention Segment,5243824368452388,Collection Showcase Warm Voice,9139539805917898,Catalog Engagement,121.08,21373,0,18157,132,100,100,100,100,4269,3499,0,0,0,0,58,0,189,0.72,0,6,0,19197,0
2026-02-04,Retail Media Network,Smart Choice Impact Initiative,Central Region Loyalty Cohort,44948390,Weekend Deal Hunters Interest Segment,7654152717899360,Shelf Story Bold Voice,1844583984085561,Brand Awareness,2.21,411,0,415,16,4,26,10,6,18,16,0,0,0,0,1,0,26,4.43,0,0,0,406,0
2026-02-04,Video Network,Home Essentials Scale Initiative,Metro Region Conversion Cohort,44948390,Weekend Deal Hunters Interest Segment,4343805881369289,Promo Banner Friendly Voice,1828054372146134,Brand Awareness,0,0,0,0,0,0,0,0,0,0,0,0,0,0,0,0,0,0,0,0,0,0,0,0
2026-02-04,Retail Media Network,Family Pantry Impact Initiative,Central Region Loyalty Cohort,86057605,Health Conscious Buyers Interest Segment,1667879036440414,Price Drop Cut Direct Voice,1775743663117333,Brand Awareness,83.81,20187,0,13151,560,0,0,0,0,338,287,0,0,0,0,16,0,637,2.2,0,1,0,0,0
2026-02-04,Search Network,Home Essentials Promo Initiative,Metro Region Conversion Cohort,44948390,Quick Refill Buyers Retention Segment,1899712342036110,Shelf Story Warm Voice,8585579191193727,Brand Awareness,0,0,0,0,0,0,0,0,0,0,0,0,0,0,0,0,0,0,0,0,0,0,0,0
2026-02-04,Influencer Network,Smart Choice Impact Initiative,Central Region Loyalty Cohort,86057605,Health Conscious Buyers Retention Segment,8142238373295239,Collection Showcase Warm Voice,1678833571989915,Catalog Engagement,4.31,535,0,640,1,86,100,100,100,118,116,0,0,0,0,3,0,2,0.39,0,0,0,516,0
2026-02-04,Retail Media Network,Home Essentials Scale Initiative,Metro Region Conversion Cohort,44948390,Weekend Deal Hunters Interest Segment,4343805881369289,Offer Spotlight Warm Voice,1438846480461721,Brand Awareness,0,0,0,0,0,0,0,0,0,0,0,0,0,0,0,0,0,0,0,0,0,0,0,0
2026-02-04,Affiliate Network,Smart Choice Impact Initiative,Central Region Loyalty Cohort,44948390,Health Conscious Buyers Interest Segment,4045380354206642,Shelf Story Bold Voice,5851676109927201,Brand Awareness,29.72,9974,0,7252,256,100,100,100,100,474,359,0,0,0,0,19,0,288,2.6,0,2,0,7360,0
2026-02-04,Retail Media Network,Family Pantry Impact Initiative,Central Region Loyalty Cohort,86057605,Weekend Deal Hunters Interest Segment,2374293000135659,Price Drop Cut Direct Voice,3184438598568911,Brand Awareness,5.08,923,0,754,29,0,0,0,0,26,21,0,0,0,0,0,0,53,3.82,0,0,0,0,0
2026-02-04,Affiliate Network,Market Fresh Demand Initiative,South Region Prospecting Cohort,44948390,Family Planners Lookalike Segment,1424611946506635,Shelf Story Warm Voice,4022981261236123,Catalog Engagement,0,0,0,0,0,0,0,0,0,0,0,0,0,0,0,0,0,0,0,0,0,0,0,0
2026-02-03,Video Network,Smart Choice Impact Initiative,Central Region Loyalty Cohort,86057605,Health Conscious Buyers Interest Segment,1208384049784723,Collection Showcase Warm Voice,3851087194337450,Catalog Engagement,94.06,19502,0,18640,117,100,100,100,100,3567,3065,0,0,0,0,45,0,141,0.87,1,2,0,18370,0
2026-02-03,Connected TV,Family Pantry Impact Initiative,Central Region Loyalty Cohort,86057605,Family Planners Interest Segment,1303537414714156,Price Drop Cut Direct Voice,1732730319047742,Brand Awareness,127.79,39295,0,20092,862,0,0,0,0,477,398,0,0,0,0,12,0,989,2.32,1,7,0,0,0
2026-02-03,Search Network,Smart Choice Impact Initiative,Central Region Loyalty Cohort,86057605,Health Conscious Buyers Retention Segment,8142238373295239,Collection Showcase Warm Voice,1678833571989915,Catalog Engagement,4.6,564,0,504,4,100,100,100,100,156,121,0,0,0,0,4,0,8,1.37,0,0,0,525,0
2026-02-03,Discovery Network,Smart Choice Impact Initiative,Central Region Loyalty Cohort,86057605,Health Conscious Buyers Retention Segment,5243824368452388,Collection Showcase Warm Voice,9139539805917898,Catalog Engagement,153.1,21473,0,21658,204,100,100,100,100,5021,4134,0,0,0,0,99,0,275,1.08,4,4,0,20176,0
2026-02-03,Display Network,Family Pantry Impact Initiative,Central Region Loyalty Cohort,86057605,Weekend Deal Hunters Interest Segment,2374293000135659,Price Drop Cut Direct Voice,3184438598568911,Brand Awareness,12.36,2031,0,1367,83,0,0,0,0,49,46,0,0,0,0,0,0,99,5.00,0,0,0,0,0
2026-02-03,Video Network,Weekend Saver Retention Initiative,Metro Region Conversion Cohort,44948390,Family Planners Lookalike Segment,6414513530178736,Price Drop Cut Direct Voice,1778721621071784,Brand Awareness,0,0,0,0,0,0,0,0,0,0,0,0,0,0,0,0,0,0,0,0,0,0,0,0
2026-02-03,Social Feed,Smart Choice Impact Initiative,Central Region Loyalty Cohort,44948390,Weekend Deal Hunters Interest Segment,7654152717899360,Shelf Story Bold Voice,1844583984085561,Brand Awareness,2.45,414,0,323,15,1,17,7,2,19,16,0,0,0,0,1,0,25,5.53,0,0,0,375,0
2026-02-03,Display Network,Smart Choice Impact Initiative,Central Region Loyalty Cohort,44948390,Family Planners Interest Segment,4141466458949862,Shelf Story Bold Voice,1119693786488421,Brand Awareness,40.62,10069,0,9896,259,69,100,100,100,352,298,0,0,0,0,10,0,374,3.30,0,1,0,10541,0
2026-02-03,Marketplace Feed,Family Pantry Retention Initiative,Metro Region Conversion Cohort,38881639,Family Planners Lookalike Segment,1010331617086390,Shelf Story Warm Voice,1022962676348579,Brand Awareness,0,0,0,0,0,0,0,0,0,0,0,0,0,0,0,0,0,0,0,0,0,0,0,0
2026-02-03,Influencer Network,Smart Choice Impact Initiative,Central Region Loyalty Cohort,86057605,Health Conscious Buyers Interest Segment,4689140768019905,Offer Spotlight Friendly Voice,6565476888405014,Catalog Engagement,80.6,10379,0,9169,63,100,100,100,100,1120,1062,0,0,0,0,23,0,104,0.94,0,4,0,9919,0
2026-02-03,Affiliate Network,Smart Choice Impact Initiative,Central Region Loyalty Cohort,86057605,Health Conscious Buyers Retention Segment,1370832636150531,Offer Spotlight Friendly Voice,1106328029307981,Catalog Engagement,6.78,639,0,537,4,35,100,57,46,114,91,0,0,0,0,2,0,6,0.96,0,0,0,551,0
2026-02-03,Display Network,Weekend Saver Retention Initiative,Metro Region Conversion Cohort,44948390,Family Planners Interest Segment,1394673896902429,Shelf Story Bold Voice,1572482192481188,Brand Awareness,0,0,0,0,0,0,0,0,0,0,0,0,0,0,0,0,0,0,0,0,0,0,0,0
2026-02-03,In-App Display,Smart Choice Impact Initiative,Central Region Loyalty Cohort,86057605,Health Conscious Buyers Retention Segment,9032820034214880,Offer Spotlight Friendly Voice,9514549907665008,Catalog Engagement,78.0,8895,0,7602,44,100,100,100,100,919,858,0,0,0,0,58,0,88,1.00,1,2,0,8714,0
2026-02-03,Shopping Grid,Family Pantry Impact Initiative,Central Region Loyalty Cohort,86057605,Health Conscious Buyers Interest Segment,1667879036440414,Price Drop Cut Direct Voice,1775743663117333,Brand Awareness,118.45,38746,0,24215,769,0,0,0,0,413,336,0,0,0,0,16,0,865,1.9,0,1,0,0,0
2026-02-03,Search Network,Smart Choice Impact Initiative,Central Region Loyalty Cohort,44948390,Health Conscious Buyers Interest Segment,4045380354206642,Shelf Story Bold Voice,5851676109927201,Brand Awareness,19.61,5813,0,5591,176,33,100,100,52,221,172,0,0,0,0,8,0,226,3.2,0,0,0,4698,0
2026-02-03,Display Network,Market Fresh Demand Initiative,South Region Prospecting Cohort,44948390,Family Planners Lookalike Segment,1424611946506635,Shelf Story Warm Voice,4022981261236123,Catalog Engagement,0,0,0,0,0,0,0,0,0,0,0,0,0,0,0,0,0,0,0,0,0,0,0,0
2026-02-02,Social Feed,Smart Choice Impact Initiative,Central Region Loyalty Cohort,86057605,Health Conscious Buyers Retention Segment,1370832636150531,Offer Spotlight Friendly Voice,1106328029307981,Catalog Engagement,1.47,150,0,162,0,7,22,13,9,22,17,0,0,0,0,1,0,1,0.52,0,0,0,146,0
2026-02-02,Display Network,Smart Choice Impact Initiative,Central Region Loyalty Cohort,86057605,Health Conscious Buyers Interest Segment,4689140768019905,Offer Spotlight Friendly Voice,6565476888405014,Catalog Engagement,105.07,12954,0,13885,66,100,100,100,100,1205,1031,0,0,0,0,60,0,138,0.75,0,4,0,12815,0
2026-02-02,Discovery Network,Smart Choice Impact Initiative,Central Region Loyalty Cohort,86057605,Health Conscious Buyers Retention Segment,9032820034214880,Offer Spotlight Friendly Voice,9514549907665008,Catalog Engagement,93.9,13219,0,15244,77,100,100,100,100,1350,1188,0,0,0,0,242,0,301,2.05,3,6,0,14415,0
2026-02-02,Social Feed,Family Pantry Impact Initiative,Central Region Loyalty Cohort,86057605,Health Conscious Buyers Interest Segment,1667879036440414,Price Drop Cut Direct Voice,1775743663117333,Brand Awareness,124.25,48135,0,27917,912,0,0,0,0,529,373,0,0,0,0,19,0,775,1.52,1,4,0,0,0
2026-02-02,Shopping Grid,Smart Choice Impact Initiative,Central Region Loyalty Cohort,44948390,Weekend Deal Hunters Interest Segment,7654152717899360,Shelf Story Bold Voice,1844583984085561,Brand Awareness,2.54,373,0,390,17,3,25,9,3,21,20,0,0,0,0,0,0,20,5.07,0,0,0,321,0
2026-02-02,Display Network,Family Pantry Retention Initiative,Metro Region Conversion Cohort,44948390,Weekend Deal Hunters Interest Segment,1111168710985428,Product Reel Bold Voice,1738248276440141,Brand Awareness,0,0,0,0,0,0,0,0,0,0,0,0,0,0,0,0,0,0,0,0,0,0,0,0
2026-02-02,Social Feed,Weekend Saver Retention Initiative,Metro Region Conversion Cohort,44948390,Family Planners Lookalike Segment,6414513530178736,Price Drop Cut Direct Voice,1778721621071784,Brand Awareness,0,0,0,0,0,0,0,0,0,0,0,0,0,0,0,0,0,0,0,0,0,0,0,0
2026-02-02,Discovery Network,Family Pantry Retention Initiative,Metro Region Conversion Cohort,38881639,Family Planners Lookalike Segment,1010331617086390,Shelf Story Warm Voice,1022962676348579,Brand Awareness,0,0,0,0,0,0,0,0,0,0,0,0,0,0,0,0,0,0,0,0,0,0,0,0
2026-02-02,Affiliate Network,Smart Choice Impact Initiative,Central Region Loyalty Cohort,86057605,Health Conscious Buyers Interest Segment,1208384049784723,Collection Showcase Warm Voice,3851087194337450,Catalog Engagement,70.53,9866,0,10994,60,100,100,100,100,2017,1833,0,0,0,0,35,0,95,0.76,1,2,0,8622,0
2026-02-02,Affiliate Network,Seasonal Select Promo Initiative,Central Region Loyalty Cohort,44948390,Health Conscious Buyers Interest Segment,1579872201720726,Price Drop Cut Value Voice,1785180660806373,Catalog Engagement,0,0,0,0,0,0,0,0,0,0,0,0,0,0,0,0,0,0,0,0,0,0,0,0
2026-02-02,Marketplace Feed,Weekend Saver Retention Initiative,Metro Region Conversion Cohort,44948390,Family Planners Interest Segment,1394673896902429,Price Drop Cut Direct Voice,1812581034724444,Brand Awareness,0,0,0,0,0,0,0,0,0,0,0,0,0,0,0,0,0,0,0,0,0,0,0,0
2026-02-02,Display Network,Smart Choice Impact Initiative,Central Region Loyalty Cohort,44948390,Family Planners Interest Segment,4141466458949862,Shelf Story Bold Voice,1119693786488421,Brand Awareness,26.97,8148,0,7148,223,80,100,100,100,373,314,0,0,0,0,10,0,312,3.04,0,4,0,8281,0
2026-02-02,Search Network,Smart Choice Impact Initiative,Central Region Loyalty Cohort,44948390,Health Conscious Buyers Interest Segment,4045380354206642,Shelf Story Bold Voice,5851676109927201,Brand Awareness,28.28,7954,0,7211,182,61,100,100,81,319,260,0,0,0,0,9,0,286,3.4,0,2,0,7349,0
2026-02-02,Marketplace Feed,Home Essentials Promo Initiative,Metro Region Conversion Cohort,44948390,Quick Refill Buyers Retention Segment,1899712342036110,Shelf Story Warm Voice,8585579191193727,Brand Awareness,0,0,0,0,0,0,0,0,0,0,0,0,0,0,0,0,0,0,0,0,0,0,0,0
2026-02-02,Affiliate Network,Smart Choice Impact Initiative,Central Region Loyalty Cohort,86057605,Health Conscious Buyers Retention Segment,5243824368452388,Collection Showcase Warm Voice,9139539805917898,Catalog Engagement,179.44,23677,0,25012,146,100,100,100,100,5155,4801,0,0,0,0,71,0,227,0.93,5,7,0,24424,0
2026-02-02,In-App Display,Family Pantry Impact Initiative,Central Region Loyalty Cohort,86057605,Weekend Deal Hunters Interest Segment,2374293000135659,Price Drop Cut Direct Voice,3184438598568911,Brand Awareness,9.34,2143,0,1184,55,0,0,0,0,45,30,0,0,0,0,0,0,70,3.86,0,0,0,0,0
2026-02-02,Social Feed,Family Pantry Impact Initiative,Central Region Loyalty Cohort,86057605,Family Planners Interest Segment,1303537414714156,Price Drop Cut Direct Voice,1732730319047742,Brand Awareness,123.22,44604,0,29781,793,0,0,0,0,497,368,0,0,0,0,13,0,908,1.86,0,2,0,0,0
2026-02-02,Connected TV,Smart Choice Impact Initiative,Central Region Loyalty Cohort,86057605,Health Conscious Buyers Retention Segment,8142238373295239,Collection Showcase Warm Voice,1678833571989915,Catalog Engagement,4.84,536,0,664,4,90,100,100,100,161,113,0,0,0,0,2,0,5,0.83,0,0,0,576,0
2026-02-01,Influencer Network,Seasonal Select Promo Initiative,Metro Region Loyalty Cohort,38881639,Family Planners Lookalike Segment,1421168983094447,Shelf Story Bold Voice,1136326772918040,Catalog Engagement,0,0,0,0,0,0,0,0,0,0,0,0,0,0,0,0,0,0,0,0,0,0,0,0
2026-02-01,Discovery Network,Home Essentials Promo Initiative,Metro Region Loyalty Cohort,38881639,Family Planners Lookalike Segment,8962004814279482,Shelf Story Value Voice,1020691786654074,Brand Awareness,0,0,0,0,0,0,0,0,0,0,0,0,0,0,0,0,0,0,0,0,0,0,0,0
2026-02-01,Influencer Network,Family Pantry Retention Initiative,Metro Region Conversion Cohort,38881639,Family Planners Lookalike Segment,1010331617086390,Shelf Story Warm Voice,1022962676348579,Brand Awareness,0,0,0,0,0,0,0,0,0,0,0,0,0,0,0,0,0,0,0,0,0,0,0,0
2026-02-01,Marketplace Feed,Family Pantry Impact Initiative,Central Region Loyalty Cohort,86057605,Health Conscious Buyers Interest Segment,1667879036440414,Price Drop Cut Direct Voice,1775743663117333,Brand Awareness,162.92,53154,0,28478,1176,0,0,0,0,594,547,0,0,0,0,22,0,1101,1.84,0,5,0,0,0
2026-02-01,Marketplace Feed,Smart Choice Impact Initiative,Central Region Loyalty Cohort,86057605,Health Conscious Buyers Interest Segment,1208384049784723,Collection Showcase Warm Voice,3851087194337450,Catalog Engagement,65.84,7778,0,8229,45,100,100,100,100,1871,1547,0,0,1,0,24,0,74,0.77,0,2,0,7606,0
2026-02-01,Retail Media Network,Seasonal Select Promo Initiative,Central Region Loyalty Cohort,44948390,Health Conscious Buyers Interest Segment,1579872201720726,Price Drop Cut Value Voice,1785180660806373,Catalog Engagement,0,0,0,0,0,0,0,0,0,0,0,0,0,0,0,0,0,0,0,0,0,0,0,0
2026-02-01,Connected TV,Family Pantry Impact Initiative,Central Region Loyalty Cohort,86057605,Family Planners Interest Segment,1303537414714156,Price Drop Cut Direct Voice,1732730319047742,Brand Awareness,107.48,36343,0,20783,868,0,0,0,0,480,405,0,0,0,0,26,0,751,2.17,0,1,0,0,0
2026-02-01,In-App Display,Smart Choice Impact Initiative,Central Region Loyalty Cohort,86057605,Health Conscious Buyers Retention Segment,1370832636150531,Offer Spotlight Friendly Voice,1106328029307981,Catalog Engagement,2.88,317,0,345,3,9,41,20,10,42,31,0,0,0,0,1,0,5,1.25,0,1,0,303,0
2026-02-01,Shopping Grid,Smart Choice Impact Initiative,Central Region Loyalty Cohort,86057605,Health Conscious Buyers Interest Segment,4689140768019905,Offer Spotlight Friendly Voice,6565476888405014,Catalog Engagement,89.08,14620,0,14346,46,100,100,100,100,1188,1189,0,0,1,0,44,0,114,0.72,14,7,0,11671,0
2026-02-01,Connected TV,Smart Choice Impact Initiative,Central Region Loyalty Cohort,44948390,Family Planners Interest Segment,4141466458949862,Shelf Story Bold Voice,1119693786488421,Brand Awareness,21.92,6098,0,5212,180,40,100,100,63,236,186,0,0,0,0,5,0,225,2.96,0,0,0,5253,0
2026-02-01,Marketplace Feed,Smart Choice Impact Initiative,Central Region Loyalty Cohort,44948390,Health Conscious Buyers Interest Segment,4045380354206642,Shelf Story Bold Voice,5851676109927201,Brand Awareness,27.73,7889,0,6809,207,41,100,100,61,261,229,0,0,0,0,5,0,308,3.19,0,0,0,7561,0
2026-02-01,Discovery Network,Home Essentials Promo Initiative,Metro Region Conversion Cohort,44948390,Quick Refill Buyers Retention Segment,1899712342036110,Shelf Story Warm Voice,8585579191193727,Brand Awareness,0,0,0,0,0,0,0,0,0,0,0,0,0,0,0,0,0,0,0,0,0,0,0,0
2026-02-01,Search Network,Family Pantry Impact Initiative,Central Region Loyalty Cohort,86057605,Weekend Deal Hunters Interest Segment,2374293000135659,Price Drop Cut Direct Voice,3184438598568911,Brand Awareness,6.15,1826,0,1130,51,0,0,0,0,29,24,0,0,0,0,3,0,75,3.6,0,0,0,0,0
2026-02-01,Affiliate Network,Smart Choice Impact Initiative,Central Region Loyalty Cohort,86057605,Health Conscious Buyers Retention Segment,5243824368452388,Collection Showcase Warm Voice,9139539805917898,Catalog Engagement,263.15,33769,0,35225,254,100,100,100,100,7742,5879,0,0,0,0,125,0,322,0.84,3,6,0,36101,0
2026-02-01,Video Network,Smart Choice Impact Initiative,Central Region Loyalty Cohort,86057605,Health Conscious Buyers Retention Segment,8142238373295239,Collection Showcase Warm Voice,1678833571989915,Catalog Engagement,10.21,1272,0,1470,14,100,100,100,100,316,262,0,0,0,0,8,0,20,1.09,0,0,0,1412,0
2026-02-01,Discovery Network,Smart Choice Impact Initiative,Central Region Loyalty Cohort,86057605,Health Conscious Buyers Retention Segment,9032820034214880,Offer Spotlight Friendly Voice,9514549907665008,Catalog Engagement,171.41,22544,0,21653,141,100,100,100,100,2747,2214,0,0,2,0,274,0,412,1.70,0,7,0,19104,0
2026-02-01,In-App Display,Smart Choice Impact Initiative,Central Region Loyalty Cohort,44948390,Weekend Deal Hunters Interest Segment,7654152717899360,Shelf Story Bold Voice,1844583984085561,Brand Awareness,2.01,374,0,353,15,3,21,6,4,18,14,0,0,0,0,0,0,16,4.07,0,0,0,400,0
2026-02-01,Search Network,Weekend Saver Retention Initiative,Metro Region Conversion Cohort,44948390,Family Planners Interest Segment,1394673896902429,Collection Showcase Warm Voice,1465857572073203,Brand Awareness,0,0,0,0,0,0,0,0,0,0,0,0,0,0,0,0,0,0,0,0,0,0,0,0
