DATE,PLATFORM,CAMPAIGN_NAME,CAMPAIGN_GROUP,CAMPAIGN_ID,ADSET_NAME,ADSET_ID,AD_NAME,AD_ID,OBJECTIVE,AMOUNT_SPENT,IMPRESSIONS,CONVERSIONS,REACH,CLICKS,VIDEO_PLAYS_AT_100,VIDEO_PLAYS_AT_25,VIDEO_PLAYS_AT_50,VIDEO_PLAYS_AT_75,FOCUSSED_VIEW_15SEC,VIDEO_VIEWS,VIDEO_THRUPLAY,VIDEO_PLAY_ACTIONS,COMMENTS,LEADS,LIKES,LINK_CLICKS,ENGAGEMENT,ENGAGEMENT_RATE,SHARES,FOLLOWS,VIEW_THROUGH_CONVERSION,VIDEO_STARTS,PURCHASE
2025-12-01,Shopping Grid,Seasonal Select Demand Initiative,Metro Region Loyalty Cohort,11970007606,Health Conscious Buyers Interest Segment,141258509277,Offer Spotlight Bold Voice,135939338663,Brand Awareness,66.7083,9801,17,0,26,0.4848,2.1141,1.0436,0.6154,0,2470,0,0,0,0,0,0,4005,40.8632,0,0,0,0,0
2025-12-02,In-App Display,Seasonal Select Demand Initiative,Metro Region Loyalty Cohort,11970007606,Bulk Buyers Retention Segment,148145023481,Offer Spotlight Bold Voice,846119584281,Brand Awareness,33.0681,15020,4,0,13,0.9859,4.5622,1.9869,1.438,0,3894,0,0,0,0,0,0,3547,23.6152,0,0,0,0,0
2025-12-03,Connected TV,Seasonal Select Demand Initiative,Metro Region Loyalty Cohort,11970007606,Family Planners Lookalike Segment,840964668242,Offer Spotlight Bold Voice,143148175809,Brand Awareness,47.8071,6869,12,0,46,2.0561,5.1945,3.0921,2.2508,0,3270,0,0,0,0,0,0,4463,64.9731,0,0,0,0,0
2025-12-04,Influencer Network,Seasonal Select Demand Initiative,Metro Region Loyalty Cohort,11970007606,Family Planners Lookalike Segment,840964668242,Offer Spotlight Bold Voice,143148175809,Brand Awareness,37.4479,12124,13,0,11,0.7501,3.9741,2.0289,1.2484,0,1903,0,0,0,0,0,0,2343,19.3253,0,0,0,0,0
2025-12-05,Search Network,Seasonal Select Demand Initiative,Metro Region Loyalty Cohort,11970007606,Health Conscious Buyers Interest Segment,141258509277,Offer Spotlight Bold Voice,135939338663,Brand Awareness,68.2511,11312,19,0,21,0.6482,1.9068,1.0587,0.7563,0,4008,0,0,0,0,0,0,6697,59.2026,0,0,0,0,0
2025-12-06,Retail Media Network,Seasonal Select Demand Initiative,Metro Region Loyalty Cohort,11970007606,Bulk Buyers Retention Segment,148145023481,Offer Spotlight Bold Voice,846119584281,Brand Awareness,46.2921,13191,18,0,55,0.9909,4.5831,2.3528,1.4539,0,4954,0,0,0,0,0,0,6107,46.2967,0,0,0,0,0
2025-12-07,Influencer Network,Seasonal Select Demand Initiative,Metro Region Loyalty Cohort,11970007606,Family Planners Lookalike Segment,840964668242,Offer Spotlight Bold Voice,143148175809,Brand Awareness,60.6020,12021,13,0,18,1.0533,3.3471,1.7770,1.3288,0,1405,0,0,0,0,0,0,2668,22.1945,0,0,0,0,0
2025-12-08,Connected TV,Seasonal Select Demand Initiative,Metro Region Loyalty Cohort,11970007606,Bulk Buyers Retention Segment,148145023481,Offer Spotlight Bold Voice,846119584281,Brand Awareness,85.6454,22016,22,0,67,0.7692,3.7478,1.8378,1.1413,0,4687,0,0,0,0,0,0,6266,28.4611,0,0,0,0,0
2025-12-09,Discovery Network,Seasonal Select Demand Initiative,Metro Region Loyalty Cohort,11970007606,Health Conscious Buyers Interest Segment,141258509277,Offer Spotlight Bold Voice,135939338663,Brand Awareness,29.0469,2608,5,0,8,0.924,1.9858,1.2887,0.986,0,1303,0,0,0,0,0,0,1153,44.2101,0,0,0,0,0
2025-12-10,Retail Media Network,Home Essentials Promo Initiative,East Region Conversion Cohort,18477671,Family Planners Interest Segment,426460522604668080,Offer Spotlight Bold Voice,961469379678885435,Brand Awareness,171.2349,71889,0,89840,173,100,100,100,100,0,368,397,68941,0,0,0,34,5980,8.3184,0,0,0,0,0
2025-12-11,Search Network,Home Essentials Promo Initiative,East Region Conversion Cohort,18477671,Health Conscious Buyers Interest Segment,744937521596374624,Offer Spotlight Bold Voice,160997656439243393,Brand Awareness,109.3928,55303,0,84399,150,100,100,100,100,0,561,361,58459,0,0,0,38,5405,9.7734,0,0,0,0,0
2025-12-12,Affiliate Network,Home Essentials Promo Initiative,East Region Conversion Cohort,18477671,Weekend Deal Hunters Interest Segment,512235775188952937,Offer Spotlight Bold Voice,562333462013611341,Brand Awareness,6.5388,5786,0,3447,7,30,100,94,49,0,43,31,3367,0,0,0,3,300,5.1849,0,0,0,0,0
2025-12-13,Influencer Network,Home Essentials Promo Initiative,East Region Conversion Cohort,18477671,Weekend Deal Hunters Interest Segment,512235775188952937,Offer Spotlight Bold Voice,562333462013611341,Brand Awareness,9.0285,4724,0,6382,18,36,100,100,54,0,22,33,4270,0,0,0,3,448,9.4835,0,0,0,0,0
2025-12-14,Affiliate Network,Home Essentials Promo Initiative,East Region Conversion Cohort,18477671,Family Planners Interest Segment,426460522604668080,Offer Spotlight Bold Voice,961469379678885435,Brand Awareness,127.1392,102745,0,72504,168,100,100,100,100,0,381,463,62902,0,0,0,53,6533,6.3585,0,0,0,0,0
2025-12-15,Connected TV,Home Essentials Promo Initiative,East Region Conversion Cohort,18477671,Health Conscious Buyers Interest Segment,744937521596374624,Offer Spotlight Bold Voice,160997656439243393,Brand Awareness,77.8838,49134,0,74817,125,100,100,100,100,0,338,339,53440,0,0,0,29,3868,7.8723,0,0,0,0,0
2025-12-16,Retail Media Network,Home Essentials Promo Initiative,East Region Conversion Cohort,18477671,Family Planners Interest Segment,426460522604668080,Offer Spotlight Bold Voice,961469379678885435,Brand Awareness,108.8997,70912,0,91725,286,100,100,100,100,0,666,548,82893,0,0,0,32,6764,9.5386,0,0,0,0,0
2025-12-17,Search Network,Home Essentials Promo Initiative,East Region Conversion Cohort,18477671,Weekend Deal Hunters Interest Segment,512235775188952937,Offer Spotlight Bold Voice,562333462013611341,Brand Awareness,14.1653,10117,0,14416,34,58,100,100,89,0,46,43,7427,0,0,0,5,1019,10.0722,0,0,0,0,0
2025-12-18,Discovery Network,Home Essentials Promo Initiative,East Region Conversion Cohort,18477671,Health Conscious Buyers Interest Segment,744937521596374624,Offer Spotlight Bold Voice,160997656439243393,Brand Awareness,106.8182,76590,0,55029,127,100,100,100,100,0,342,293,60424,0,0,0,12,6643,8.6735,0,0,0,0,0
2025-12-19,Marketplace Feed,Market Fresh Demand Initiative,East Region Conversion Cohort,18477671,Weekend Deal Hunters Interest Segment,112693653772675234,Product Reel Warm Voice,137942100582601959,Brand Awareness,0.0000,0,0,0,0,0,0,0,0,0,0,0,0,0,0,0,0,0,0.0000,0,0,0,0,0
2025-12-20,Affiliate Network,Market Fresh Demand Initiative,East Region Conversion Cohort,18477671,Family Planners Interest Segment,135835519402463867,Product Reel Warm Voice,277303463679925256,Brand Awareness,0.0000,0,0,0,0,0,0,0,0,0,0,0,0,0,0,0,0,0,0.0000,0,0,0,0,0
2025-12-21,Marketplace Feed,Market Fresh Demand Initiative,East Region Conversion Cohort,18477671,Health Conscious Buyers Interest Segment,767678956198654887,Product Reel Warm Voice,105409050581285251,Brand Awareness,0.0000,0,0,0,0,0,0,0,0,0,0,0,0,0,0,0,0,0,0.0000,0,0,0,0,0
2025-12-22,Retail Media Network,Market Fresh Demand Initiative,East Region Conversion Cohort,18477671,Weekend Deal Hunters Interest Segment,112693653772675234,Product Reel Warm Voice,137942100582601959,Brand Awareness,16.2832,8461,0,9754,26,44,100,100,58,0,49,53,8591,0,0,0,4,689,8.1432,0,0,0,0,0
2025-12-23,Video Network,Market Fresh Demand Initiative,East Region Conversion Cohort,18477671,Health Conscious Buyers Interest Segment,767678956198654887,Product Reel Warm Voice,105409050581285251,Brand Awareness,142.6382,103726,0,79513,147,100,100,100,100,0,499,358,65938,0,0,0,23,5672,5.4683,0,0,0,0,0
2025-12-24,Shopping Grid,Market Fresh Demand Initiative,East Region Conversion Cohort,18477671,Family Planners Interest Segment,135835519402463867,Product Reel Warm Voice,277303463679925256,Brand Awareness,94.5483,63134,0,47674,95,100,100,100,100,0,439,268,46978,0,0,1,35,3709,5.8748,0,0,0,0,0
2025-12-25,Connected TV,Market Fresh Demand Initiative,East Region Conversion Cohort,18477671,Weekend Deal Hunters Interest Segment,112693653772675234,Product Reel Warm Voice,137942100582601959,Brand Awareness,12.5468,9194,0,12661,37,37,100,100,63,0,59,48,7875,0,0,0,6,646,7.0263,0,0,0,0,0
2025-12-26,In-App Display,Market Fresh Demand Initiative,East Region Conversion Cohort,18477671,Family Planners Interest Segment,135835519402463867,Product Reel Warm Voice,277303463679925256,Brand Awareness,116.3449,50320,0,71022,126,100,100,100,100,0,191,259,52035,0,0,0,24,3225,6.4090,0,0,0,0,0
2025-12-27,Marketplace Feed,Market Fresh Demand Initiative,East Region Conversion Cohort,18477671,Health Conscious Buyers Interest Segment,767678956198654887,Product Reel Warm Voice,105409050581285251,Brand Awareness,115.2109,91024,0,67651,120,100,100,100,100,0,583,354,77901,0,0,0,25,5746,6.3126,0,0,0,0,0
2025-12-28,Social Feed,Home Essentials Promo Initiative,East Region Prospecting Cohort,18477671,Bulk Buyers Retention Segment,162853071358804827,Price Drop Cut Value Voice,738937145322144556,Brand Awareness,0.0000,0,0,0,0,0,0,0,0,0,0,0,0,0,0,0,0,0,0.0000,0,0,0,0,0
2025-12-29,Video Network,Home Essentials Promo Initiative,East Region Prospecting Cohort,18477671,Family Planners Interest Segment,311630515941383750,Price Drop Cut Value Voice,668883979484534905,Brand Awareness,0.0000,0,0,0,0,0,0,0,0,0,0,0,0,0,0,0,0,0,0.0000,0,0,0,0,0
2025-12-30,Connected TV,Market Fresh Demand Initiative,East Region Conversion Cohort,18477671,Weekend Deal Hunters Interest Segment,112693653772675234,Product Reel Warm Voice,137942100582601959,Brand Awareness,14.3435,13790,0,12599,37,43,100,100,73,0,91,66,9114,0,0,0,3,683,4.9529,0,0,0,0,0
2025-12-31,Search Network,Market Fresh Demand Initiative,East Region Conversion Cohort,18477671,Health Conscious Buyers Interest Segment,767678956198654887,Product Reel Warm Voice,105409050581285251,Brand Awareness,137.8632,104361,0,125983,163,100,100,100,100,0,496,428,97896,0,0,0,35,6191,5.9323,0,0,0,0,0
2025-12-01,Shopping Grid,Market Fresh Demand Initiative,East Region Conversion Cohort,18477671,Family Planners Interest Segment,135835519402463867,Product Reel Warm Voice,277303463679925256,Brand Awareness,63.4692,51133,0,45714,80,100,100,100,100,0,182,140,33130,0,0,0,9,2307,4.5118,0,0,0,0,0
2025-12-02,Shopping Grid,Smart Choice Impact Initiative,East Region Prospecting Cohort,18477671,Family Planners Interest Segment,840372225327523200,Price Drop Cut Direct Voice,784812318231574872,Brand Awareness,0.0000,0,0,0,0,0,0,0,0,0,0,0,0,0,0,0,0,0,0.0000,0,0,0,0,0
2025-12-03,Marketplace Feed,Home Essentials Promo Initiative,East Region Prospecting Cohort,18477671,Health Conscious Buyers Interest Segment,248379420604111019,Shelf Story Warm Voice,782023714268597622,Brand Awareness,0.0000,0,0,0,0,0,0,0,0,0,0,0,0,0,0,0,0,0,0.0000,0,0,0,0,0
2025-12-04,Marketplace Feed,Home Essentials Promo Initiative,East Region Prospecting Cohort,18477671,Health Conscious Buyers Interest Segment,534609213932090705,Price Drop Cut Value Voice,552366212827275778,Brand Awareness,0.0000,0,0,0,0,0,0,0,0,0,0,0,0,0,0,0,0,0,0.0000,0,0,0,0,0
2025-12-05,Retail Media Network,Home Essentials Promo Initiative,East Region Prospecting Cohort,18477671,Health Conscious Buyers Interest Segment,364535938237621249,Offer Spotlight Bold Voice,103276194285622030,Brand Awareness,0.0000,0,0,0,0,0,0,0,0,0,0,0,0,0,0,0,0,0,0.0000,0,0,0,0,0
2025-12-06,Shopping Grid,Smart Choice Impact Initiative,East Region Prospecting Cohort,18477671,Bulk Buyers Retention Segment,109119492619545499,Price Drop Cut Direct Voice,110815619208330309,Brand Awareness,0.0000,0,0,0,0,0,0,0,0,0,0,0,0,0,0,0,0,0,0.0000,0,0,0,0,0
2025-12-07,In-App Display,Home Essentials Promo Initiative,East Region Prospecting Cohort,18477671,Bulk Buyers Retention Segment,153153839872142797,Shelf Story Warm Voice,136197224744361279,Brand Awareness,0.0000,0,0,0,0,0,0,0,0,0,0,0,0,0,0,0,0,0,0.0000,0,0,0,0,0
2025-12-08,Display Network,Home Essentials Promo Initiative,East Region Prospecting Cohort,18477671,Family Planners Interest Segment,126757682204121107,Offer Spotlight Bold Voice,121926468845256924,Brand Awareness,0.0000,0,0,0,0,0,0,0,0,0,0,0,0,0,0,0,0,0,0.0000,0,0,0,0,0
2025-12-09,Retail Media Network,Home Essentials Promo Initiative,East Region Prospecting Cohort,18477671,Bulk Buyers Retention Segment,248674078184555859,Offer Spotlight Bold Voice,452112915739182326,Brand Awareness,0.0000,0,0,0,0,0,0,0,0,0,0,0,0,0,0,0,0,0,0.0000,0,0,0,0,0
2025-12-10,Display Network,Home Essentials Promo Initiative,East Region Prospecting Cohort,18477671,Bulk Buyers Retention Segment,248674078184555859,Offer Spotlight Bold Voice,452112915739182326,Brand Awareness,93.1991,60030,0,57125,71,6,84,23,9,0,8,5,413,0,0,0,19,73,0.1216,0,0,0,0,0
2025-12-11,Discovery Network,Home Essentials Promo Initiative,East Region Prospecting Cohort,18477671,Health Conscious Buyers Interest Segment,159890011514394505,Offer Spotlight Bold Voice,142381176949482591,Brand Awareness,8.7655,5655,0,6278,10,2,12,2,2,0,2,2,56,0,0,0,10,17,0.3006,0,0,0,0,0
2025-12-12,Discovery Network,Home Essentials Promo Initiative,East Region Prospecting Cohort,18477671,Health Conscious Buyers Interest Segment,534609213932090705,Price Drop Cut Value Voice,552366212827275778,Brand Awareness,0.9306,509,0,560,1,1,27,4,1,0,9,5,372,0,0,0,0,62,12.1807,0,0,0,0,0
2025-12-13,Marketplace Feed,Home Essentials Promo Initiative,East Region Prospecting Cohort,18477671,Bulk Buyers Retention Segment,162853071358804827,Price Drop Cut Value Voice,738937145322144556,Brand Awareness,77.2072,41564,0,33063,54,49,100,100,58,0,165,145,26188,0,0,0,8,2557,6.1520,0,0,0,0,0
2025-12-14,Shopping Grid,Market Fresh Demand Initiative,East Region Conversion Cohort,18477671,Health Conscious Buyers Interest Segment,767678956198654887,Product Reel Warm Voice,105409050581285251,Brand Awareness,185.7273,103269,0,153179,153,100,100,100,100,0,346,465,84581,0,0,0,53,7159,6.9324,0,0,0,0,0
2025-12-15,In-App Display,Market Fresh Demand Initiative,East Region Conversion Cohort,18477671,Family Planners Interest Segment,135835519402463867,Product Reel Warm Voice,277303463679925256,Brand Awareness,50.6880,56688,0,62010,101,100,100,100,100,0,187,196,38264,0,0,0,28,3006,5.3027,0,0,0,0,0
2025-12-16,Connected TV,Smart Choice Impact Initiative,East Region Prospecting Cohort,18477671,Health Conscious Buyers Interest Segment,139882288624590753,Price Drop Cut Direct Voice,131818311870905728,Brand Awareness,14.0876,11886,0,10390,7,0,0,0,0,0,0,0,0,0,0,0,0,2,0.0168,0,0,0,0,0
2025-12-17,Video Network,Smart Choice Impact Initiative,East Region Prospecting Cohort,18477671,Health Conscious Buyers Interest Segment,480027451396060714,Price Drop Cut Direct Voice,104600581524694515,Brand Awareness,0.5469,324,0,391,1,0,0,0,0,0,0,0,0,0,0,0,1,1,0.3086,0,0,0,0,0
2025-12-18,Connected TV,Smart Choice Impact Initiative,East Region Prospecting Cohort,18477671,Family Planners Interest Segment,840372225327523200,Price Drop Cut Direct Voice,784812318231574872,Brand Awareness,49.3369,55681,0,26432,47,0,0,0,0,0,0,0,0,0,0,0,12,15,0.0269,0,0,0,0,0
2025-12-19,Social Feed,Smart Choice Impact Initiative,East Region Prospecting Cohort,18477671,Bulk Buyers Retention Segment,109119492619545499,Price Drop Cut Direct Voice,110815619208330309,Brand Awareness,46.9551,50146,0,68371,78,0,0,0,0,0,0,0,0,0,0,0,40,33,0.0658,0,0,0,0,0
2025-12-20,Social Feed,Home Essentials Promo Initiative,East Region Prospecting Cohort,18477671,Bulk Buyers Retention Segment,153153839872142797,Shelf Story Warm Voice,136197224744361279,Brand Awareness,59.5355,41186,0,41032,64,21,100,54,30,0,189,126,26347,0,0,0,17,1375,3.3385,0,0,0,0,0
2025-12-21,Video Network,Home Essentials Promo Initiative,East Region Prospecting Cohort,18477671,Health Conscious Buyers Interest Segment,364535938237621249,Offer Spotlight Bold Voice,103276194285622030,Brand Awareness,1.0257,667,0,713,1,1,2,1,1,0,1,1,6,0,0,0,0,2,0.2999,0,0,0,0,0
2025-12-22,Social Feed,Home Essentials Promo Initiative,East Region Prospecting Cohort,18477671,Health Conscious Buyers Interest Segment,112051189842394453,Price Drop Cut Value Voice,136910279477454488,Brand Awareness,5.6795,4363,0,3845,5,7,42,13,10,0,21,15,2354,0,0,0,1,148,3.3922,0,0,0,0,0
2025-12-23,In-App Display,Home Essentials Promo Initiative,East Region Prospecting Cohort,18477671,Family Planners Interest Segment,126757682204121107,Offer Spotlight Bold Voice,121926468845256924,Brand Awareness,35.8697,26351,0,45612,66,8,72,27,15,0,6,7,369,0,0,0,8,122,0.4630,0,0,0,0,0
2025-12-24,Shopping Grid,Home Essentials Promo Initiative,East Region Prospecting Cohort,18477671,Health Conscious Buyers Interest Segment,248379420604111019,Shelf Story Warm Voice,782023714268597622,Brand Awareness,6.9467,7572,0,5657,7,4,37,9,4,0,24,22,5319,0,0,0,1,394,5.2034,0,0,0,0,0
2025-12-25,In-App Display,Home Essentials Promo Initiative,East Region Prospecting Cohort,18477671,Health Conscious Buyers Interest Segment,200893730051116336,Shelf Story Warm Voice,108280733195277560,Brand Awareness,0.6530,565,0,521,1,0,0,0,0,0,0,0,387,0,0,0,0,25,4.4248,0,0,0,0,0
2025-12-26,Retail Media Network,Home Essentials Promo Initiative,East Region Prospecting Cohort,18477671,Family Planners Interest Segment,463785616888243848,Shelf Story Warm Voice,917041724367241512,Brand Awareness,38.2900,25855,0,22190,24,15,100,43,18,0,167,84,18519,0,0,0,5,1271,4.9159,0,0,0,0,0
2025-12-27,Display Network,Market Fresh Demand Initiative,East Region Conversion Cohort,18477671,Weekend Deal Hunters Interest Segment,112693653772675234,Product Reel Warm Voice,137942100582601959,Brand Awareness,10.5423,10966,0,8814,25,28,100,100,47,0,75,54,6530,0,0,0,2,836,7.6236,0,0,0,0,0
2025-12-28,Marketplace Feed,Home Essentials Promo Initiative,East Region Prospecting Cohort,18477671,Family Planners Interest Segment,311630515941383750,Price Drop Cut Value Voice,668883979484534905,Brand Awareness,77.6468,39011,0,44110,64,64,100,100,81,0,218,142,41531,0,0,0,11,1513,3.8784,0,0,0,0,0
2025-12-29,Marketplace Feed,Home Essentials Promo Initiative,East Region Prospecting Cohort,18477671,Bulk Buyers Retention Segment,248674078184555859,Offer Spotlight Bold Voice,452112915739182326,Brand Awareness,78.3402,41245,0,75024,100,8,75,26,12,0,13,8,351,0,0,0,20,141,0.3419,0,0,0,0,0
2025-12-30,Marketplace Feed,Home Essentials Promo Initiative,East Region Prospecting Cohort,18477671,Family Planners Interest Segment,126757682204121107,Offer Spotlight Bold Voice,121926468845256924,Brand Awareness,39.0624,38143,0,22706,72,4,26,9,4,0,4,3,220,0,0,0,6,40,0.1049,0,0,0,0,0
2025-12-31,Influencer Network,Home Essentials Promo Initiative,East Region Prospecting Cohort,18477671,Health Conscious Buyers Interest Segment,112051189842394453,Price Drop Cut Value Voice,136910279477454488,Brand Awareness,2.8493,1534,0,2093,0,0,20,5,1,0,8,7,1215,0,0,0,0,114,7.4316,0,0,0,0,0
2025-12-01,Connected TV,Home Essentials Promo Initiative,East Region Prospecting Cohort,18477671,Health Conscious Buyers Interest Segment,534609213932090705,Price Drop Cut Value Voice,552366212827275778,Brand Awareness,1.2302,1273,0,1186,5,5,77,20,6,0,40,21,602,0,0,0,4,215,16.8892,0,0,0,0,0
2025-12-02,Retail Media Network,Home Essentials Promo Initiative,East Region Prospecting Cohort,18477671,Family Planners Interest Segment,311630515941383750,Price Drop Cut Value Voice,668883979484534905,Brand Awareness,57.0272,24746,0,23143,36,29,100,74,42,0,98,77,21599,0,0,0,4,1304,5.2695,0,0,0,0,0
2025-12-03,Affiliate Network,Home Essentials Promo Initiative,East Region Prospecting Cohort,18477671,Health Conscious Buyers Interest Segment,159890011514394505,Offer Spotlight Bold Voice,142381176949482591,Brand Awareness,11.2007,6129,0,6801,10,0,9,2,0,0,0,0,54,0,0,0,5,10,0.1632,0,0,0,0,0
2025-12-04,Marketplace Feed,Home Essentials Promo Initiative,East Region Prospecting Cohort,18477671,Health Conscious Buyers Interest Segment,364535938237621249,Offer Spotlight Bold Voice,103276194285622030,Brand Awareness,0.8065,591,0,499,0,0,0,0,0,0,0,0,7,0,0,0,0,0,0.0000,0,0,0,0,0
2025-12-05,Search Network,Market Fresh Demand Initiative,East Region Conversion Cohort,18477671,Health Conscious Buyers Interest Segment,767678956198654887,Product Reel Warm Voice,105409050581285251,Brand Awareness,146.2552,70797,0,133199,142,100,100,100,100,0,336,463,87604,1,0,0,36,7318,10.3366,0,0,0,0,0
2025-12-06,Affiliate Network,Smart Choice Impact Initiative,East Region Prospecting Cohort,18477671,Health Conscious Buyers Interest Segment,139882288624590753,Price Drop Cut Direct Voice,131818311870905728,Brand Awareness,8.4244,5783,0,6416,10,0,0,0,0,0,0,0,0,0,0,0,0,3,0.0519,0,0,0,0,0
2025-12-07,Connected TV,Smart Choice Impact Initiative,East Region Prospecting Cohort,18477671,Health Conscious Buyers Interest Segment,480027451396060714,Price Drop Cut Direct Voice,104600581524694515,Brand Awareness,0.2863,273,0,337,1,0,0,0,0,0,0,0,0,0,0,0,1,1,0.3663,0,0,0,0,0
2025-12-08,Display Network,Smart Choice Impact Initiative,East Region Prospecting Cohort,18477671,Family Planners Interest Segment,840372225327523200,Price Drop Cut Direct Voice,784812318231574872,Brand Awareness,55.1447,57951,0,51560,192,0,0,0,0,0,0,0,0,0,0,0,123,93,0.1605,0,0,0,0,0
2025-12-09,Social Feed,Home Essentials Promo Initiative,East Region Prospecting Cohort,18477671,Bulk Buyers Retention Segment,153153839872142797,Shelf Story Warm Voice,136197224744361279,Brand Awareness,73.5202,36336,0,46310,49,27,100,61,36,0,175,153,25403,0,0,0,12,2112,5.8124,0,0,0,0,0
2025-12-10,Search Network,Home Essentials Promo Initiative,East Region Prospecting Cohort,18477671,Family Planners Interest Segment,463785616888243848,Shelf Story Warm Voice,917041724367241512,Brand Awareness,44.5200,16526,0,30141,18,17,100,43,20,0,57,83,21021,0,0,1,1,908,5.4944,0,0,0,0,0
2025-12-11,Display Network,Home Essentials Promo Initiative,East Region Prospecting Cohort,18477671,Health Conscious Buyers Interest Segment,248379420604111019,Shelf Story Warm Voice,782023714268597622,Brand Awareness,8.3784,5340,0,4631,10,6,46,18,7,0,20,22,4848,0,0,0,1,251,4.7004,0,0,0,0,0
2025-12-12,Display Network,Home Essentials Promo Initiative,East Region Prospecting Cohort,18477671,Health Conscious Buyers Interest Segment,200893730051116336,Shelf Story Warm Voice,108280733195277560,Brand Awareness,0.7185,750,0,727,1,0,3,0,0,0,0,0,400,0,0,0,1,42,5.6000,0,0,0,0,0
2025-12-13,Marketplace Feed,Home Essentials Promo Initiative,East Region Prospecting Cohort,18477671,Bulk Buyers Retention Segment,162853071358804827,Price Drop Cut Value Voice,738937145322144556,Brand Awareness,57.7690,59367,0,54038,78,49,100,100,84,0,276,336,19141,0,0,0,38,5269,8.8753,0,0,0,0,0
2025-12-14,Video Network,Market Fresh Demand Initiative,East Region Conversion Cohort,18477671,Weekend Deal Hunters Interest Segment,112693653772675234,Product Reel Warm Voice,137942100582601959,Brand Awareness,13.2072,6501,0,9042,19,24,100,77,34,0,56,38,5809,0,0,0,4,688,10.5830,0,0,0,0,0
2025-12-15,Affiliate Network,Market Fresh Demand Initiative,East Region Conversion Cohort,18477671,Family Planners Interest Segment,135835519402463867,Product Reel Warm Voice,277303463679925256,Brand Awareness,80.5975,39595,0,47923,56,100,100,100,100,0,201,194,40167,0,0,0,16,2999,7.5742,0,0,0,0,0
2025-12-16,Affiliate Network,Smart Choice Impact Initiative,East Region Prospecting Cohort,18477671,Bulk Buyers Retention Segment,109119492619545499,Price Drop Cut Direct Voice,110815619208330309,Brand Awareness,82.2576,94576,0,71934,151,0,0,0,0,0,0,0,0,0,0,0,97,64,0.0677,0,0,0,0,0
2025-12-17,Affiliate Network,Home Essentials Promo Initiative,East Region Prospecting Cohort,18477671,Health Conscious Buyers Interest Segment,159890011514394505,Offer Spotlight Bold Voice,142381176949482591,Brand Awareness,11.7488,7497,0,7199,11,3,11,4,3,0,2,2,48,0,0,0,2,22,0.2935,0,0,0,0,0
2025-12-18,Affiliate Network,Home Essentials Promo Initiative,East Region Prospecting Cohort,18477671,Health Conscious Buyers Interest Segment,112051189842394453,Price Drop Cut Value Voice,136910279477454488,Brand Awareness,3.8799,2214,0,1997,8,3,34,11,3,0,17,13,2075,0,0,0,1,172,7.7687,0,0,0,0,0
2025-12-19,Shopping Grid,Home Essentials Promo Initiative,East Region Prospecting Cohort,18477671,Health Conscious Buyers Interest Segment,534609213932090705,Price Drop Cut Value Voice,552366212827275778,Brand Awareness,0.6647,519,0,401,1,0,6,1,1,0,1,1,268,0,0,0,0,27,5.2023,0,0,0,0,0
2025-12-20,Display Network,Home Essentials Promo Initiative,East Region Prospecting Cohort,18477671,Bulk Buyers Retention Segment,162853071358804827,Price Drop Cut Value Voice,738937145322144556,Brand Awareness,164.4967,144577,0,125429,235,100,100,100,100,0,1199,773,53579,0,0,0,148,11825,8.1790,0,0,0,0,0
2025-12-21,Social Feed,Home Essentials Promo Initiative,East Region Prospecting Cohort,18477671,Bulk Buyers Retention Segment,248674078184555859,Offer Spotlight Bold Voice,452112915739182326,Brand Awareness,50.4938,44947,0,61989,34,5,57,18,7,0,6,5,322,0,0,0,5,66,0.1468,0,0,0,0,0
2025-12-22,Influencer Network,Home Essentials Promo Initiative,East Region Prospecting Cohort,18477671,Family Planners Interest Segment,126757682204121107,Offer Spotlight Bold Voice,121926468845256924,Brand Awareness,54.2752,27560,0,27164,34,9,80,24,13,0,8,8,345,0,0,0,15,109,0.3955,0,0,0,0,0
2025-12-23,Marketplace Feed,Home Essentials Promo Initiative,East Region Prospecting Cohort,18477671,Family Planners Interest Segment,311630515941383750,Price Drop Cut Value Voice,668883979484534905,Brand Awareness,61.1372,56274,0,65144,40,56,100,100,92,0,367,243,26612,0,0,0,24,3990,7.0903,0,0,0,0,0
2025-12-24,Video Network,Smart Choice Impact Initiative,East Region Prospecting Cohort,18477671,Family Planners Interest Segment,400897812008861480,Offer Spotlight Bold Voice,480405189437503653,Brand Awareness,0.0000,0,0,0,0,0,0,0,0,0,0,0,0,0,0,0,0,0,0.0000,0,0,0,0,0
2025-12-25,Shopping Grid,Smart Choice Impact Initiative,East Region Prospecting Cohort,18477671,Bulk Buyers Retention Segment,107715783645079938,Offer Spotlight Bold Voice,149589309607813303,Brand Awareness,0.0000,0,0,0,0,0,0,0,0,0,0,0,0,0,0,0,0,0,0.0000,0,0,0,0,0
2025-12-26,Video Network,Market Fresh Demand Initiative,East Region Conversion Cohort,18477671,Health Conscious Buyers Interest Segment,767678956198654887,Product Reel Warm Voice,105409050581285251,Brand Awareness,159.3851,95026,0,107307,158,100,100,100,100,0,308,338,84709,0,0,0,34,4774,5.0239,0,0,0,0,0
2025-12-27,Retail Media Network,Market Fresh Demand Initiative,East Region Conversion Cohort,18477671,Family Planners Interest Segment,135835519402463867,Product Reel Warm Voice,277303463679925256,Brand Awareness,78.1024,39023,0,31032,54,100,100,100,100,0,316,212,34540,0,0,0,14,2762,7.0779,0,0,0,0,0
2025-12-28,Shopping Grid,Smart Choice Impact Initiative,East Region Prospecting Cohort,18477671,Health Conscious Buyers Interest Segment,139882288624590753,Price Drop Cut Direct Voice,131818311870905728,Brand Awareness,8.9028,5158,0,5805,8,0,0,0,0,0,0,0,0,0,0,0,0,5,0.0969,0,0,0,0,0
2025-12-29,Video Network,Smart Choice Impact Initiative,East Region Prospecting Cohort,18477671,Family Planners Interest Segment,840372225327523200,Price Drop Cut Direct Voice,784812318231574872,Brand Awareness,15.2882,11709,0,17960,31,0,0,0,0,0,0,0,0,0,0,0,9,12,0.1025,0,0,0,0,0
2025-12-30,Display Network,Home Essentials Promo Initiative,East Region Prospecting Cohort,18477671,Bulk Buyers Retention Segment,153153839872142797,Shelf Story Warm Voice,136197224744361279,Brand Awareness,71.3293,33195,0,39322,69,28,100,68,28,0,176,150,37918,0,0,0,24,2242,6.7540,0,0,0,0,0
2025-12-31,Affiliate Network,Home Essentials Promo Initiative,East Region Prospecting Cohort,18477671,Health Conscious Buyers Interest Segment,248379420604111019,Shelf Story Warm Voice,782023714268597622,Brand Awareness,2.2316,2146,0,1880,4,3,16,4,3,0,13,10,1580,0,0,0,1,129,6.0112,0,0,0,0,0
2025-12-01,Influencer Network,Home Essentials Promo Initiative,East Region Prospecting Cohort,18477671,Health Conscious Buyers Interest Segment,200893730051116336,Shelf Story Warm Voice,108280733195277560,Brand Awareness,0.7184,403,0,342,1,0,4,2,1,0,4,4,345,0,0,0,0,47,11.6625,0,0,0,0,0
2025-12-02,Connected TV,Smart Choice Impact Initiative,East Region Prospecting Cohort,18477671,Bulk Buyers Retention Segment,109119492619545499,Price Drop Cut Direct Voice,110815619208330309,Brand Awareness,83.8688,104917,0,80803,233,0,0,0,0,0,0,0,0,0,0,0,241,227,0.2164,0,0,0,0,0
2025-12-03,Affiliate Network,Market Fresh Demand Initiative,East Region Conversion Cohort,18477671,Weekend Deal Hunters Interest Segment,112693653772675234,Product Reel Warm Voice,137942100582601959,Brand Awareness,17.1983,6500,0,11101,21,28,100,88,46,0,61,44,7822,0,0,0,3,610,9.3846,0,0,0,0,0
2025-12-04,Shopping Grid,Smart Choice Impact Initiative,East Region Prospecting Cohort,18477671,Health Conscious Buyers Interest Segment,480027451396060714,Price Drop Cut Direct Voice,104600581524694515,Brand Awareness,0.3171,213,0,301,0,0,0,0,0,0,0,0,0,0,0,0,0,0,0.0000,0,0,0,0,0
2025-12-05,Affiliate Network,Home Essentials Promo Initiative,East Region Prospecting Cohort,18477671,Family Planners Interest Segment,463785616888243848,Shelf Story Warm Voice,917041724367241512,Brand Awareness,21.0023,14813,0,13587,17,6,45,21,12,0,24,32,9560,0,0,0,1,468,3.1594,0,0,0,0,0
2025-12-06,Marketplace Feed,Home Essentials Promo Initiative,East Region Prospecting Cohort,18477671,Health Conscious Buyers Interest Segment,364535938237621249,Offer Spotlight Bold Voice,103276194285622030,Brand Awareness,0.7025,603,0,483,1,0,1,0,0,0,0,0,13,0,0,0,0,3,0.4975,0,0,0,0,0
2025-12-07,Video Network,Market Fresh Demand Initiative,Metro Region Prospecting Cohort,18477671,Health Conscious Buyers Interest Segment,111425641592502989,Product Reel Bold Voice,973295260612807555,Brand Awareness,0.0000,0,0,0,0,0,0,0,0,0,0,0,0,0,0,0,0,0,0.0000,0,0,0,0,0
2025-12-08,Shopping Grid,Home Essentials Promo Initiative,East Region Prospecting Cohort,18477671,Family Planners Interest Segment,126757682204121107,Offer Spotlight Bold Voice,121926468845256924,Brand Awareness,73.0720,37171,0,30421,50,7,60,17,8,0,7,6,304,0,0,0,15,92,0.2475,0,0,0,0,0
2025-12-09,Influencer Network,Home Essentials Promo Initiative,East Region Prospecting Cohort,18477671,Health Conscious Buyers Interest Segment,159890011514394505,Offer Spotlight Bold Voice,142381176949482591,Brand Awareness,12.9983,9655,0,7627,14,0,7,1,0,0,0,0,50,0,0,0,1,6,0.0621,0,0,0,0,0
2025-12-10,Discovery Network,Home Essentials Promo Initiative,East Region Prospecting Cohort,18477671,Health Conscious Buyers Interest Segment,112051189842394453,Price Drop Cut Value Voice,136910279477454488,Brand Awareness,7.7116,3358,0,5433,8,6,65,15,7,0,17,18,3276,0,0,0,2,209,6.2239,0,0,0,0,0
2025-12-11,Retail Media Network,Home Essentials Promo Initiative,East Region Prospecting Cohort,18477671,Health Conscious Buyers Interest Segment,534609213932090705,Price Drop Cut Value Voice,552366212827275778,Brand Awareness,0.5756,525,0,444,0,0,9,1,1,0,1,1,383,0,0,0,0,24,4.5714,0,0,0,0,0
2025-12-12,Social Feed,Home Essentials Promo Initiative,East Region Prospecting Cohort,18477671,Bulk Buyers Retention Segment,162853071358804827,Price Drop Cut Value Voice,738937145322144556,Brand Awareness,74.1844,39364,0,45200,63,46,100,100,62,0,224,153,32499,0,0,0,7,2352,5.9750,0,0,0,0,0
2025-12-13,Video Network,Market Fresh Demand Initiative,East Region Conversion Cohort,18477671,Family Planners Interest Segment,135835519402463867,Product Reel Warm Voice,277303463679925256,Brand Awareness,67.7885,49703,0,59476,62,100,100,100,100,0,292,258,47317,0,0,0,16,2588,5.2069,0,0,0,0,0
2025-12-14,Retail Media Network,Smart Choice Impact Initiative,East Region Prospecting Cohort,18477671,Health Conscious Buyers Interest Segment,139882288624590753,Price Drop Cut Direct Voice,131818311870905728,Brand Awareness,3.2954,2402,0,1982,3,0,0,0,0,0,0,0,0,0,0,0,0,2,0.0833,0,0,0,0,0
2025-12-15,Retail Media Network,Home Essentials Promo Initiative,East Region Prospecting Cohort,18477671,Health Conscious Buyers Interest Segment,200893730051116336,Shelf Story Warm Voice,108280733195277560,Brand Awareness,0.5623,529,0,493,0,0,2,0,0,0,1,1,340,0,0,0,0,23,4.3478,0,0,0,0,0
2025-12-16,Discovery Network,Smart Choice Impact Initiative,East Region Prospecting Cohort,18477671,Family Planners Interest Segment,840372225327523200,Price Drop Cut Direct Voice,784812318231574872,Brand Awareness,44.8760,27496,0,22399,52,0,0,0,0,0,0,0,0,0,0,0,21,23,0.0836,0,0,0,0,0
2025-12-17,In-App Display,Home Essentials Promo Initiative,East Region Prospecting Cohort,18477671,Health Conscious Buyers Interest Segment,364535938237621249,Offer Spotlight Bold Voice,103276194285622030,Brand Awareness,0.5973,700,0,399,3,0,2,1,0,0,0,0,12,0,0,0,1,4,0.5714,0,0,0,0,0
2025-12-18,Video Network,Home Essentials Promo Initiative,East Region Prospecting Cohort,18477671,Family Planners Interest Segment,463785616888243848,Shelf Story Warm Voice,917041724367241512,Brand Awareness,36.4225,22610,0,18414,14,25,100,36,23,0,66,70,13275,0,0,0,4,986,4.3609,0,0,0,0,0
2025-12-19,Marketplace Feed,Home Essentials Promo Initiative,East Region Prospecting Cohort,18477671,Health Conscious Buyers Interest Segment,248379420604111019,Shelf Story Warm Voice,782023714268597622,Brand Awareness,5.4739,2519,0,2480,2,4,29,9,3,0,16,18,2720,0,0,0,0,176,6.9869,0,0,0,0,0
2025-12-20,Influencer Network,Home Essentials Promo Initiative,East Region Prospecting Cohort,18477671,Bulk Buyers Retention Segment,153153839872142797,Shelf Story Warm Voice,136197224744361279,Brand Awareness,69.5221,47028,0,35160,58,35,100,89,37,0,202,201,36490,0,0,0,22,2454,5.2182,0,0,0,0,0
2025-12-21,Social Feed,Smart Choice Impact Initiative,East Region Prospecting Cohort,18477671,Family Planners Interest Segment,400897812008861480,Offer Spotlight Bold Voice,480405189437503653,Brand Awareness,81.7252,35555,0,38649,58,64,100,100,100,0,259,301,36886,0,0,0,20,3989,11.2192,0,0,0,0,0
2025-12-22,Search Network,Smart Choice Impact Initiative,East Region Prospecting Cohort,18477671,Bulk Buyers Retention Segment,107715783645079938,Offer Spotlight Bold Voice,149589309607813303,Brand Awareness,51.0700,31102,0,54759,57,43,100,100,65,0,233,209,30558,0,0,0,25,2448,7.8709,0,0,0,0,0
2025-12-23,Retail Media Network,Smart Choice Impact Initiative,East Region Prospecting Cohort,18477671,Health Conscious Buyers Interest Segment,131550595172124090,Offer Spotlight Bold Voice,104977916368343912,Brand Awareness,1.1762,1082,0,1410,1,6,70,13,6,0,15,18,711,0,0,0,1,161,14.8799,0,0,0,0,0
2025-12-24,Influencer Network,Smart Choice Impact Initiative,East Region Prospecting Cohort,18477671,Health Conscious Buyers Interest Segment,103535651235991591,Offer Spotlight Bold Voice,127483164261898063,Brand Awareness,2.1721,1342,0,2256,2,3,25,6,3,0,14,8,1578,0,0,0,0,106,7.8987,0,0,0,0,0
2025-12-25,Retail Media Network,Market Fresh Demand Initiative,East Region Conversion Cohort,18477671,Weekend Deal Hunters Interest Segment,112693653772675234,Product Reel Warm Voice,137942100582601959,Brand Awareness,14.8194,10418,0,13975,20,46,100,100,66,0,71,58,8164,0,0,0,3,595,5.7113,0,0,0,0,0
2025-12-26,Marketplace Feed,Market Fresh Demand Initiative,East Region Conversion Cohort,18477671,Health Conscious Buyers Interest Segment,767678956198654887,Product Reel Warm Voice,105409050581285251,Brand Awareness,123.0042,115891,0,109253,156,100,100,100,100,0,314,353,63313,0,0,0,31,3950,3.4084,0,0,0,0,0
2025-12-27,Discovery Network,Home Essentials Promo Initiative,East Region Prospecting Cohort,18477671,Family Planners Interest Segment,311630515941383750,Price Drop Cut Value Voice,668883979484534905,Brand Awareness,53.3000,31814,0,47753,49,37,100,100,56,0,123,107,36022,0,0,0,8,1488,4.6772,0,0,0,0,0
2025-12-28,Display Network,Market Fresh Demand Initiative,Metro Region Prospecting Cohort,18477671,Weekend Deal Hunters Interest Segment,161376797460090312,Product Reel Bold Voice,509760748397830743,Brand Awareness,0.0000,0,0,0,0,0,0,0,0,0,0,0,0,0,0,0,0,0,0.0000,0,0,0,0,0
2025-12-29,Search Network,Smart Choice Impact Initiative,East Region Prospecting Cohort,18477671,Bulk Buyers Retention Segment,109119492619545499,Price Drop Cut Direct Voice,110815619208330309,Brand Awareness,82.4017,88135,0,112145,154,0,0,0,0,0,0,0,0,0,0,0,115,76,0.0862,0,0,0,0,0
2025-12-30,Shopping Grid,Smart Choice Impact Initiative,East Region Prospecting Cohort,18477671,Health Conscious Buyers Interest Segment,480027451396060714,Price Drop Cut Direct Voice,104600581524694515,Brand Awareness,0.6677,447,0,360,0,0,0,0,0,0,0,0,0,0,0,0,0,0,0.0000,0,0,0,0,0
2025-12-31,Retail Media Network,Home Essentials Promo Initiative,East Region Prospecting Cohort,18477671,Bulk Buyers Retention Segment,248674078184555859,Offer Spotlight Bold Voice,452112915739182326,Brand Awareness,65.0768,39432,0,52905,21,5,47,14,5,0,4,4,228,0,0,0,6,74,0.1877,0,0,0,0,0
2025-12-01,Influencer Network,Market Fresh Demand Initiative,Metro Region Prospecting Cohort,18477671,Weekend Deal Hunters Interest Segment,161376797460090312,Product Reel Bold Voice,509760748397830743,Brand Awareness,29.2491,18228,0,17682,41,0,0,0,0,0,0,0,0,0,0,0,4,15,0.0823,0,0,0,0,0
2025-12-02,Marketplace Feed,Market Fresh Demand Initiative,Metro Region Prospecting Cohort,18477671,Health Conscious Buyers Interest Segment,111425641592502989,Product Reel Bold Voice,973295260612807555,Brand Awareness,29.7551,22794,0,39695,35,0,0,0,0,0,0,0,0,0,0,0,5,14,0.0614,0,0,0,0,0
2025-12-03,Shopping Grid,Home Essentials Promo Initiative,East Region Prospecting Cohort,18477671,Bulk Buyers Retention Segment,248674078184555859,Offer Spotlight Bold Voice,452112915739182326,Brand Awareness,57.1046,41939,0,34598,32,5,55,17,9,0,5,5,299,0,0,0,6,77,0.1836,0,0,0,0,0
2025-12-04,In-App Display,Home Essentials Promo Initiative,East Region Prospecting Cohort,18477671,Family Planners Interest Segment,126757682204121107,Offer Spotlight Bold Voice,121926468845256924,Brand Awareness,66.9666,64893,0,38673,79,29,100,98,47,0,39,27,1160,0,0,0,12,349,0.5378,0,0,0,0,0
2025-12-05,Video Network,Home Essentials Promo Initiative,East Region Prospecting Cohort,18477671,Health Conscious Buyers Interest Segment,159890011514394505,Offer Spotlight Bold Voice,142381176949482591,Brand Awareness,6.9902,5622,0,5248,16,1,8,4,1,0,1,1,39,0,0,0,4,14,0.2490,0,0,0,0,0
2025-12-06,Retail Media Network,Home Essentials Promo Initiative,East Region Prospecting Cohort,18477671,Family Planners Interest Segment,311630515941383750,Price Drop Cut Value Voice,668883979484534905,Brand Awareness,27.4615,31260,0,39725,40,35,100,100,61,0,325,201,20096,0,0,0,26,2415,7.7255,0,0,0,0,0
2025-12-07,Affiliate Network,Smart Choice Impact Initiative,East Region Prospecting Cohort,18477671,Bulk Buyers Retention Segment,107715783645079938,Offer Spotlight Bold Voice,149589309607813303,Brand Awareness,47.1954,46947,0,43311,81,41,100,100,61,0,307,166,30782,0,0,0,18,1665,3.5466,0,0,0,0,0
2025-12-08,Shopping Grid,Smart Choice Impact Initiative,East Region Prospecting Cohort,18477671,Health Conscious Buyers Interest Segment,103535651235991591,Offer Spotlight Bold Voice,127483164261898063,Brand Awareness,3.0493,1976,0,1331,0,0,25,7,2,0,8,8,1520,0,0,0,0,120,6.0729,0,0,0,0,0
2025-12-09,Shopping Grid,Market Fresh Demand Initiative,East Region Conversion Cohort,18477671,Weekend Deal Hunters Interest Segment,112693653772675234,Product Reel Warm Voice,137942100582601959,Brand Awareness,11.9371,7651,0,11718,33,32,100,100,58,0,57,47,7157,0,0,0,3,625,8.1689,0,0,0,0,0
2025-12-10,Social Feed,Market Fresh Demand Initiative,East Region Conversion Cohort,18477671,Health Conscious Buyers Interest Segment,767678956198654887,Product Reel Warm Voice,105409050581285251,Brand Awareness,102.2873,115809,0,68434,183,100,100,100,100,0,367,282,75216,0,0,0,25,4894,4.2259,0,0,0,0,0
2025-12-11,Shopping Grid,Market Fresh Demand Initiative,East Region Conversion Cohort,18477671,Family Planners Interest Segment,135835519402463867,Product Reel Warm Voice,277303463679925256,Brand Awareness,108.4004,49243,0,76912,64,100,100,100,100,0,258,321,56272,0,0,0,26,2646,5.3734,0,0,0,0,0
2025-12-12,Influencer Network,Smart Choice Impact Initiative,East Region Prospecting Cohort,18477671,Health Conscious Buyers Interest Segment,139882288624590753,Price Drop Cut Direct Voice,131818311870905728,Brand Awareness,3.2458,2660,0,2717,4,0,0,0,0,0,0,0,0,0,0,0,1,3,0.1128,0,0,0,0,0
2025-12-13,Influencer Network,Smart Choice Impact Initiative,East Region Prospecting Cohort,18477671,Family Planners Interest Segment,840372225327523200,Price Drop Cut Direct Voice,784812318231574872,Brand Awareness,29.8605,36799,0,44053,77,0,0,0,0,0,0,0,0,0,0,0,20,38,0.1033,0,0,0,0,0
2025-12-14,Video Network,Smart Choice Impact Initiative,East Region Prospecting Cohort,18477671,Bulk Buyers Retention Segment,109119492619545499,Price Drop Cut Direct Voice,110815619208330309,Brand Awareness,100.6667,93265,0,103132,231,0,0,0,0,0,0,0,0,0,0,0,152,142,0.1523,0,0,0,0,0
2025-12-15,Shopping Grid,Home Essentials Promo Initiative,East Region Prospecting Cohort,18477671,Bulk Buyers Retention Segment,153153839872142797,Shelf Story Warm Voice,136197224744361279,Brand Awareness,66.7881,38325,0,32130,46,26,100,68,37,0,143,128,33048,0,0,0,10,1693,4.4175,0,0,0,0,0
2025-12-16,Connected TV,Home Essentials Promo Initiative,East Region Prospecting Cohort,18477671,Family Planners Interest Segment,463785616888243848,Shelf Story Warm Voice,917041724367241512,Brand Awareness,21.2452,14733,0,19030,24,14,100,39,22,0,68,75,12522,0,0,0,10,1243,8.4368,0,0,0,0,0
2025-12-17,Display Network,Home Essentials Promo Initiative,East Region Prospecting Cohort,18477671,Health Conscious Buyers Interest Segment,248379420604111019,Shelf Story Warm Voice,782023714268597622,Brand Awareness,18.8226,10782,0,13979,16,9,77,24,14,0,49,48,7956,0,0,0,6,682,6.3254,0,0,0,0,0
2025-12-18,In-App Display,Home Essentials Promo Initiative,East Region Prospecting Cohort,18477671,Health Conscious Buyers Interest Segment,200893730051116336,Shelf Story Warm Voice,108280733195277560,Brand Awareness,1.4958,1239,0,733,3,1,10,4,3,0,7,6,930,0,0,0,0,64,5.1655,0,0,0,0,0
2025-12-19,Affiliate Network,Smart Choice Impact Initiative,East Region Prospecting Cohort,18477671,Health Conscious Buyers Interest Segment,131550595172124090,Offer Spotlight Bold Voice,104977916368343912,Brand Awareness,1.3569,790,0,687,1,2,58,8,3,0,10,10,442,0,0,0,0,183,23.1646,0,0,0,0,0
2025-12-20,Influencer Network,Smart Choice Impact Initiative,East Region Prospecting Cohort,18477671,Health Conscious Buyers Interest Segment,480027451396060714,Price Drop Cut Direct Voice,104600581524694515,Brand Awareness,0.8720,396,0,366,1,0,0,0,0,0,0,0,0,0,0,0,0,0,0.0000,0,0,0,0,0
2025-12-21,Social Feed,Home Essentials Promo Initiative,East Region Prospecting Cohort,18477671,Health Conscious Buyers Interest Segment,534609213932090705,Price Drop Cut Value Voice,552366212827275778,Brand Awareness,1.1767,804,0,2032,0,6,100,20,8,0,37,32,650,0,0,0,0,165,20.5224,0,0,0,0,0
2025-12-22,Display Network,Home Essentials Promo Initiative,East Region Prospecting Cohort,18477671,Health Conscious Buyers Interest Segment,364535938237621249,Offer Spotlight Bold Voice,103276194285622030,Brand Awareness,0.3655,286,0,353,1,1,4,1,1,0,1,1,12,0,0,0,1,4,1.3986,0,0,0,0,0
2025-12-23,Display Network,Home Essentials Promo Initiative,East Region Prospecting Cohort,18477671,Health Conscious Buyers Interest Segment,112051189842394453,Price Drop Cut Value Voice,136910279477454488,Brand Awareness,1.8518,1146,0,1071,3,1,18,3,1,0,6,5,810,0,0,0,0,84,7.3298,0,0,0,0,0
2025-12-24,Search Network,Home Essentials Promo Initiative,East Region Prospecting Cohort,18477671,Bulk Buyers Retention Segment,162853071358804827,Price Drop Cut Value Voice,738937145322144556,Brand Awareness,51.5418,50610,0,71426,195,99,100,100,100,0,495,571,30007,0,0,0,137,5314,10.4999,0,0,0,0,0
2025-12-25,Social Feed,Smart Choice Impact Initiative,East Region Prospecting Cohort,18477671,Family Planners Interest Segment,400897812008861480,Offer Spotlight Bold Voice,480405189437503653,Brand Awareness,94.9850,45942,0,61494,90,52,100,100,78,0,271,162,40501,0,0,0,13,2766,6.0206,0,0,0,0,0
2025-12-26,Video Network,Market Fresh Demand Initiative,Metro Region Prospecting Cohort,18477671,Weekend Deal Hunters Interest Segment,161376797460090312,Product Reel Bold Voice,509760748397830743,Brand Awareness,18.5090,11797,0,19808,34,0,0,0,0,0,0,0,0,0,0,0,4,12,0.1017,0,0,0,0,0
2025-12-27,Marketplace Feed,Home Essentials Promo Initiative,East Region Prospecting Cohort,18477671,Bulk Buyers Retention Segment,248674078184555859,Offer Spotlight Bold Voice,452112915739182326,Brand Awareness,54.5518,55570,0,37307,48,6,45,16,10,0,7,7,261,0,0,0,12,61,0.1098,0,0,0,0,0
2025-12-28,Connected TV,Home Essentials Promo Initiative,East Region Prospecting Cohort,18477671,Family Planners Interest Segment,126757682204121107,Offer Spotlight Bold Voice,121926468845256924,Brand Awareness,65.0069,40791,0,55020,46,3,47,13,4,0,6,3,282,0,0,0,15,49,0.1201,0,0,0,0,0
2025-12-29,Shopping Grid,Home Essentials Promo Initiative,East Region Prospecting Cohort,18477671,Health Conscious Buyers Interest Segment,112051189842394453,Price Drop Cut Value Voice,136910279477454488,Brand Awareness,3.3434,1403,0,1577,4,3,24,5,3,0,10,7,1237,0,0,0,2,137,9.7648,0,0,0,0,0
2025-12-30,Social Feed,Smart Choice Impact Initiative,East Region Prospecting Cohort,18477671,Family Planners Interest Segment,400897812008861480,Offer Spotlight Bold Voice,480405189437503653,Brand Awareness,69.3487,53690,0,51676,86,59,100,100,82,0,232,197,41487,0,0,0,14,2908,5.4163,0,0,0,0,0
2025-12-31,Discovery Network,Smart Choice Impact Initiative,East Region Prospecting Cohort,18477671,Bulk Buyers Retention Segment,107715783645079938,Offer Spotlight Bold Voice,149589309607813303,Brand Awareness,36.1021,37374,0,29539,60,43,100,100,56,0,102,150,31140,0,0,0,14,1871,5.0062,0,0,0,0,0
2025-12-01,Connected TV,Smart Choice Impact Initiative,East Region Prospecting Cohort,18477671,Health Conscious Buyers Interest Segment,131550595172124090,Offer Spotlight Bold Voice,104977916368343912,Brand Awareness,0.6170,507,0,695,0,3,34,6,4,0,14,8,369,0,0,0,0,68,13.4122,0,0,0,0,0
2025-12-02,Connected TV,Smart Choice Impact Initiative,East Region Prospecting Cohort,18477671,Health Conscious Buyers Interest Segment,103535651235991591,Offer Spotlight Bold Voice,127483164261898063,Brand Awareness,1.9903,1983,0,1253,5,2,28,5,4,0,11,9,1325,0,0,0,0,150,7.5643,0,0,0,0,0
2025-12-03,In-App Display,Market Fresh Demand Initiative,East Region Conversion Cohort,18477671,Weekend Deal Hunters Interest Segment,112693653772675234,Product Reel Warm Voice,137942100582601959,Brand Awareness,7.9005,9405,0,6244,17,16,100,62,31,0,42,29,6110,0,0,0,5,332,3.5300,0,0,0,0,0
2025-12-04,Retail Media Network,Market Fresh Demand Initiative,East Region Conversion Cohort,18477671,Health Conscious Buyers Interest Segment,767678956198654887,Product Reel Warm Voice,105409050581285251,Brand Awareness,134.1675,98667,0,74851,176,100,100,100,100,0,291,402,66310,1,0,0,23,3918,3.9709,0,0,0,0,0
2025-12-05,Social Feed,Smart Choice Impact Initiative,East Region Prospecting Cohort,18477671,Health Conscious Buyers Interest Segment,480027451396060714,Price Drop Cut Direct Voice,104600581524694515,Brand Awareness,0.2445,276,0,246,0,0,0,0,0,0,0,0,0,0,0,0,0,0,0.0000,0,0,0,0,0
2025-12-06,In-App Display,Smart Choice Impact Initiative,East Region Prospecting Cohort,18477671,Family Planners Interest Segment,840372225327523200,Price Drop Cut Direct Voice,784812318231574872,Brand Awareness,117.9271,117461,0,90634,297,0,0,0,0,0,0,0,0,0,0,0,188,185,0.1575,0,0,0,0,0
2025-12-07,Shopping Grid,Smart Choice Impact Initiative,East Region Prospecting Cohort,18477671,Bulk Buyers Retention Segment,109119492619545499,Price Drop Cut Direct Voice,110815619208330309,Brand Awareness,25.9088,30301,0,17650,54,0,0,0,0,0,0,0,0,0,0,0,18,22,0.0726,0,0,0,0,0
2025-12-08,Connected TV,Home Essentials Promo Initiative,East Region Prospecting Cohort,18477671,Health Conscious Buyers Interest Segment,248379420604111019,Shelf Story Warm Voice,782023714268597622,Brand Awareness,15.3993,10356,0,12991,36,12,100,33,21,0,62,90,8435,0,0,0,16,1114,10.7570,0,0,0,0,0
2025-12-09,Connected TV,Home Essentials Promo Initiative,East Region Prospecting Cohort,18477671,Health Conscious Buyers Interest Segment,159890011514394505,Offer Spotlight Bold Voice,142381176949482591,Brand Awareness,8.5625,5812,0,6610,13,2,8,5,3,0,2,2,44,0,0,0,2,14,0.2409,0,0,0,0,0
2025-12-10,Shopping Grid,Market Fresh Demand Initiative,East Region Conversion Cohort,18477671,Family Planners Interest Segment,135835519402463867,Product Reel Warm Voice,277303463679925256,Brand Awareness,104.7170,53031,0,47645,98,100,100,100,100,0,178,201,44947,0,0,0,10,2571,4.8481,0,0,0,0,0
2025-12-11,Social Feed,Smart Choice Impact Initiative,East Region Prospecting Cohort,18477671,Health Conscious Buyers Interest Segment,139882288624590753,Price Drop Cut Direct Voice,131818311870905728,Brand Awareness,1.1075,496,0,705,1,0,0,0,0,0,0,0,0,0,0,0,0,0,0.0000,0,0,0,0,0
2025-12-12,Retail Media Network,Home Essentials Promo Initiative,East Region Prospecting Cohort,18477671,Family Planners Interest Segment,463785616888243848,Shelf Story Warm Voice,917041724367241512,Brand Awareness,31.8133,21841,0,22970,40,17,100,39,22,0,137,91,15104,0,0,0,6,1162,5.3203,0,0,0,0,0
2025-12-13,Shopping Grid,Home Essentials Promo Initiative,East Region Prospecting Cohort,18477671,Health Conscious Buyers Interest Segment,200893730051116336,Shelf Story Warm Voice,108280733195277560,Brand Awareness,1.3265,1007,0,835,1,0,6,3,0,0,4,5,607,0,0,0,0,54,5.3625,0,0,0,0,0
2025-12-14,Video Network,Smart Choice Impact Initiative,East Region Prospecting Cohort,18477671,Bulk Buyers Retention Segment,157163993569863340,Offer Spotlight Bold Voice,110977781755517789,Brand Awareness,0.0000,0,0,0,0,0,0,0,0,0,0,0,0,0,0,0,0,0,0.0000,0,0,0,0,0
2025-12-15,Display Network,Home Essentials Promo Initiative,East Region Prospecting Cohort,18477671,Bulk Buyers Retention Segment,162853071358804827,Price Drop Cut Value Voice,738937145322144556,Brand Awareness,98.6769,112132,0,83540,253,100,100,100,100,0,846,785,44280,0,0,0,187,11688,10.4234,0,0,0,0,0
2025-12-16,Search Network,Market Fresh Demand Initiative,Metro Region Prospecting Cohort,18477671,Health Conscious Buyers Interest Segment,111425641592502989,Product Reel Bold Voice,973295260612807555,Brand Awareness,37.1185,25503,0,24162,67,0,0,0,0,0,0,0,0,0,0,0,14,22,0.0863,0,0,0,0,0
2025-12-17,Discovery Network,Home Essentials Promo Initiative,East Region Prospecting Cohort,18477671,Health Conscious Buyers Interest Segment,364535938237621249,Offer Spotlight Bold Voice,103276194285622030,Brand Awareness,0.4085,439,0,513,0,0,0,0,0,0,0,0,3,0,0,0,0,0,0.0000,0,0,0,0,0
2025-12-18,Connected TV,Home Essentials Promo Initiative,East Region Prospecting Cohort,18477671,Health Conscious Buyers Interest Segment,534609213932090705,Price Drop Cut Value Voice,552366212827275778,Brand Awareness,0.4671,270,0,294,1,0,5,0,0,0,0,0,245,0,0,0,0,38,14.0741,0,0,0,0,0
2025-12-19,Marketplace Feed,Home Essentials Promo Initiative,East Region Prospecting Cohort,18477671,Bulk Buyers Retention Segment,153153839872142797,Shelf Story Warm Voice,136197224744361279,Brand Awareness,31.1428,13046,0,14210,23,14,100,35,17,0,109,67,12549,0,0,0,13,964,7.3892,0,0,0,0,0
2025-12-20,Social Feed,Home Essentials Promo Initiative,East Region Prospecting Cohort,18477671,Family Planners Interest Segment,311630515941383750,Price Drop Cut Value Voice,668883979484534905,Brand Awareness,78.8239,50267,0,101832,85,90,100,100,100,0,676,426,34479,0,0,0,50,4504,8.9602,0,0,0,0,0
2025-12-21,Discovery Network,Smart Choice Impact Initiative,East Region Prospecting Cohort,18477671,Family Planners Interest Segment,437683611895344081,Offer Spotlight Bold Voice,180926024741464574,Brand Awareness,0.0000,0,0,0,0,0,0,0,0,0,0,0,0,0,0,0,0,0,0.0000,0,0,0,0,0
2025-12-22,Retail Media Network,Smart Choice Impact Initiative,East Region Prospecting Cohort,18477671,Health Conscious Buyers Interest Segment,239407488533427282,Offer Spotlight Bold Voice,207971324484544728,Brand Awareness,0.0000,0,0,0,0,0,0,0,0,0,0,0,0,0,0,0,0,0,0.0000,0,0,0,0,0
2025-12-23,Marketplace Feed,Market Fresh Demand Initiative,Metro Region Prospecting Cohort,18477671,Weekend Deal Hunters Interest Segment,161376797460090312,Product Reel Bold Voice,509760748397830743,Brand Awareness,28.3354,10248,0,18878,42,0,0,0,0,0,0,0,0,0,0,0,12,18,0.1756,0,0,0,0,0
2025-12-24,Display Network,Market Fresh Demand Initiative,Metro Region Prospecting Cohort,18477671,Health Conscious Buyers Interest Segment,111425641592502989,Product Reel Bold Voice,973295260612807555,Brand Awareness,49.0277,52254,0,37787,58,0,0,0,0,0,0,0,0,0,0,0,16,41,0.0785,0,0,0,0,0
2025-12-25,Retail Media Network,Home Essentials Promo Initiative,East Region Prospecting Cohort,18477671,Bulk Buyers Retention Segment,248674078184555859,Offer Spotlight Bold Voice,452112915739182326,Brand Awareness,64.6880,28704,0,46666,48,7,69,24,12,0,11,7,399,0,0,0,22,128,0.4459,0,0,0,0,0
2025-12-26,Connected TV,Home Essentials Promo Initiative,East Region Prospecting Cohort,18477671,Health Conscious Buyers Interest Segment,159890011514394505,Offer Spotlight Bold Voice,142381176949482591,Brand Awareness,17.1434,9579,0,7643,17,2,3,3,2,0,2,2,49,0,0,0,3,8,0.0835,0,0,0,0,0
2025-12-27,Video Network,Home Essentials Promo Initiative,East Region Prospecting Cohort,18477671,Health Conscious Buyers Interest Segment,534609213932090705,Price Drop Cut Value Voice,552366212827275778,Brand Awareness,1.0668,425,0,692,1,0,25,6,4,0,4,4,432,0,0,0,1,68,16.0000,0,0,0,0,0
2025-12-28,Affiliate Network,Home Essentials Promo Initiative,East Region Prospecting Cohort,18477671,Bulk Buyers Retention Segment,162853071358804827,Price Drop Cut Value Voice,738937145322144556,Brand Awareness,80.9022,52340,0,40480,47,54,100,100,65,0,120,145,33124,0,0,0,17,2020,3.8594,0,0,0,0,0
2025-12-29,Discovery Network,Home Essentials Promo Initiative,East Region Prospecting Cohort,18477671,Family Planners Interest Segment,311630515941383750,Price Drop Cut Value Voice,668883979484534905,Brand Awareness,53.7512,41599,0,34708,73,40,100,100,64,0,176,106,32341,0,0,0,10,1420,3.4135,0,0,0,0,0
2025-12-30,Display Network,Smart Choice Impact Initiative,East Region Prospecting Cohort,18477671,Health Conscious Buyers Interest Segment,239407488533427282,Offer Spotlight Bold Voice,207971324484544728,Brand Awareness,11.4062,6361,0,3928,5,4,27,10,6,0,42,25,4106,0,0,0,1,397,6.2412,0,0,0,0,0
2025-12-31,Influencer Network,Smart Choice Impact Initiative,East Region Prospecting Cohort,18477671,Family Planners Interest Segment,400897812008861480,Offer Spotlight Bold Voice,480405189437503653,Brand Awareness,77.6237,121007,0,140887,118,83,100,100,100,0,1057,658,35524,0,0,0,133,9880,8.1648,0,0,0,0,0
2025-12-01,Social Feed,Smart Choice Impact Initiative,East Region Prospecting Cohort,18477671,Bulk Buyers Retention Segment,107715783645079938,Offer Spotlight Bold Voice,149589309607813303,Brand Awareness,24.5596,18422,0,11739,27,9,100,41,22,0,76,53,10278,0,0,0,11,1004,5.4500,0,0,0,0,0
2025-12-02,Shopping Grid,Smart Choice Impact Initiative,East Region Prospecting Cohort,18477671,Health Conscious Buyers Interest Segment,131550595172124090,Offer Spotlight Bold Voice,104977916368343912,Brand Awareness,1.3066,1231,0,1216,1,3,63,14,9,0,23,20,759,0,0,0,1,234,19.0089,0,0,0,0,0
2025-12-03,Social Feed,Smart Choice Impact Initiative,East Region Prospecting Cohort,18477671,Health Conscious Buyers Interest Segment,103535651235991591,Offer Spotlight Bold Voice,127483164261898063,Brand Awareness,0.8600,512,0,448,1,0,10,3,0,0,6,5,411,0,0,0,0,53,10.3516,0,0,0,0,0
2025-12-04,Social Feed,Market Fresh Demand Initiative,East Region Conversion Cohort,18477671,Family Planners Interest Segment,135835519402463867,Product Reel Warm Voice,277303463679925256,Brand Awareness,81.4342,96097,0,45836,152,100,100,100,100,0,296,286,55905,0,0,0,29,2470,2.5703,0,0,0,0,0
2025-12-05,Marketplace Feed,Smart Choice Impact Initiative,East Region Prospecting Cohort,18477671,Health Conscious Buyers Interest Segment,139882288624590753,Price Drop Cut Direct Voice,131818311870905728,Brand Awareness,1.8317,1735,0,1378,0,0,0,0,0,0,0,0,0,0,0,0,0,0,0.0000,0,0,0,0,0
2025-12-06,Social Feed,Smart Choice Impact Initiative,East Region Prospecting Cohort,18477671,Health Conscious Buyers Interest Segment,480027451396060714,Price Drop Cut Direct Voice,104600581524694515,Brand Awareness,0.3372,248,0,267,0,0,0,0,0,0,0,0,0,0,0,0,0,0,0.0000,0,0,0,0,0
2025-12-07,Search Network,Smart Choice Impact Initiative,East Region Prospecting Cohort,18477671,Bulk Buyers Retention Segment,109119492619545499,Price Drop Cut Direct Voice,110815619208330309,Brand Awareness,38.7463,33023,0,38197,62,0,0,0,0,0,0,0,0,0,0,0,58,57,0.1726,0,0,0,0,0
2025-12-08,Connected TV,Home Essentials Promo Initiative,East Region Prospecting Cohort,18477671,Health Conscious Buyers Interest Segment,364535938237621249,Offer Spotlight Bold Voice,103276194285622030,Brand Awareness,0.9206,1077,0,775,1,0,3,1,0,0,0,0,22,0,0,0,0,4,0.3714,0,0,0,0,0
2025-12-09,Video Network,Home Essentials Promo Initiative,East Region Prospecting Cohort,18477671,Health Conscious Buyers Interest Segment,112051189842394453,Price Drop Cut Value Voice,136910279477454488,Brand Awareness,5.4412,2693,0,4345,7,3,31,9,5,0,10,10,3165,0,0,0,1,257,9.5433,0,0,0,0,0
2025-12-10,Connected TV,Market Fresh Demand Initiative,East Region Conversion Cohort,18477671,Weekend Deal Hunters Interest Segment,112693653772675234,Product Reel Warm Voice,137942100582601959,Brand Awareness,8.2813,5123,0,6340,30,27,100,79,44,0,49,35,4264,0,0,0,9,281,5.4851,0,0,0,0,0
2025-12-11,Marketplace Feed,Smart Choice Impact Initiative,East Region Prospecting Cohort,18477671,Family Planners Interest Segment,840372225327523200,Price Drop Cut Direct Voice,784812318231574872,Brand Awareness,61.1769,41135,0,88890,85,0,0,0,0,0,0,0,0,0,0,0,84,69,0.1677,0,0,0,0,0
2025-12-12,Influencer Network,Smart Choice Impact Initiative,East Region Prospecting Cohort,18477671,Family Planners Interest Segment,437683611895344081,Offer Spotlight Bold Voice,180926024741464574,Brand Awareness,68.7439,47876,0,37037,79,23,100,61,31,0,223,170,32559,0,0,0,4,1569,3.2772,0,0,0,0,0
2025-12-13,Marketplace Feed,Smart Choice Impact Initiative,East Region Prospecting Cohort,18477671,Bulk Buyers Retention Segment,157163993569863340,Offer Spotlight Bold Voice,110977781755517789,Brand Awareness,50.6757,21991,0,36960,31,13,100,37,19,0,99,103,26295,0,0,0,6,1854,8.4307,0,0,0,0,0
2025-12-14,Affiliate Network,Market Fresh Demand Initiative,East Region Conversion Cohort,18477671,Health Conscious Buyers Interest Segment,767678956198654887,Product Reel Warm Voice,105409050581285251,Brand Awareness,151.2599,94126,0,115555,210,100,100,100,100,0,660,386,73320,0,0,0,35,5779,6.1396,0,0,0,0,0
2025-12-15,Video Network,Smart Choice Impact Initiative,East Region Prospecting Cohort,18477671,Health Conscious Buyers Interest Segment,472217382839938538,Offer Spotlight Bold Voice,183438235716363676,Brand Awareness,0.3619,270,0,206,0,0,1,1,0,0,1,1,198,0,0,0,0,26,9.6296,0,0,0,0,0
2025-12-16,Affiliate Network,Home Essentials Promo Initiative,East Region Prospecting Cohort,18477671,Family Planners Interest Segment,126757682204121107,Offer Spotlight Bold Voice,121926468845256924,Brand Awareness,64.7701,44297,0,52457,57,8,44,18,13,0,7,6,232,0,0,0,10,56,0.1264,0,0,0,0,0
2025-12-17,Affiliate Network,Home Essentials Promo Initiative,East Region Prospecting Cohort,18477671,Health Conscious Buyers Interest Segment,159890011514394505,Offer Spotlight Bold Voice,142381176949482591,Brand Awareness,9.8493,5746,0,6984,14,0,15,4,1,0,0,0,54,0,0,0,2,16,0.2785,0,0,0,0,0
2025-12-18,Retail Media Network,Home Essentials Promo Initiative,East Region Prospecting Cohort,18477671,Health Conscious Buyers Interest Segment,364535938237621249,Offer Spotlight Bold Voice,103276194285622030,Brand Awareness,1.0149,618,0,675,1,0,2,0,0,0,0,0,7,0,0,0,0,2,0.3236,0,0,0,0,0
2025-12-19,Affiliate Network,Home Essentials Promo Initiative,East Region Prospecting Cohort,18477671,Health Conscious Buyers Interest Segment,112051189842394453,Price Drop Cut Value Voice,136910279477454488,Brand Awareness,6.1257,3746,0,4967,13,5,68,9,6,0,9,12,3865,0,0,0,3,236,6.3001,0,0,0,0,0
2025-12-20,Shopping Grid,Home Essentials Promo Initiative,East Region Prospecting Cohort,18477671,Health Conscious Buyers Interest Segment,534609213932090705,Price Drop Cut Value Voice,552366212827275778,Brand Awareness,1.7855,1138,0,1434,0,1,44,12,4,0,17,13,631,0,0,0,0,74,6.5026,0,0,0,0,0
2025-12-21,Display Network,Home Essentials Promo Initiative,East Region Prospecting Cohort,18477671,Bulk Buyers Retention Segment,162853071358804827,Price Drop Cut Value Voice,738937145322144556,Brand Awareness,67.5295,43621,0,29510,36,43,100,100,48,0,165,152,26659,0,0,0,6,2601,5.9627,0,0,0,0,0
2025-12-22,Marketplace Feed,Home Essentials Promo Initiative,East Region Prospecting Cohort,18477671,Family Planners Interest Segment,311630515941383750,Price Drop Cut Value Voice,668883979484534905,Brand Awareness,78.6051,44894,0,45252,38,52,100,100,76,0,180,140,45080,0,0,0,7,1831,4.0785,0,0,0,0,0
2025-12-23,Display Network,Smart Choice Impact Initiative,East Region Prospecting Cohort,18477671,Bulk Buyers Retention Segment,157163993569863340,Offer Spotlight Bold Voice,110977781755517789,Brand Awareness,26.5393,22478,0,25944,16,9,78,25,13,0,92,75,18528,0,0,0,1,1213,5.3964,0,0,0,0,0
2025-12-24,Shopping Grid,Smart Choice Impact Initiative,East Region Prospecting Cohort,18477671,Health Conscious Buyers Interest Segment,472217382839938538,Offer Spotlight Bold Voice,183438235716363676,Brand Awareness,0.2890,192,0,179,0,0,0,0,0,0,0,0,127,0,0,0,0,24,12.5000,0,0,0,0,0
2025-12-25,In-App Display,Smart Choice Impact Initiative,East Region Prospecting Cohort,18477671,Health Conscious Buyers Interest Segment,239407488533427282,Offer Spotlight Bold Voice,207971324484544728,Brand Awareness,10.3060,5574,0,6271,5,2,28,6,4,0,31,21,3895,0,0,0,1,422,7.5709,0,0,0,0,0
2025-12-26,Search Network,Smart Choice Impact Initiative,East Region Prospecting Cohort,18477671,Family Planners Interest Segment,400897812008861480,Offer Spotlight Bold Voice,480405189437503653,Brand Awareness,114.3808,118015,0,107684,269,100,100,100,100,0,857,700,51827,0,0,0,97,7022,5.9501,0,0,0,0,0
2025-12-27,Affiliate Network,Smart Choice Impact Initiative,East Region Prospecting Cohort,18477671,Health Conscious Buyers Interest Segment,131550595172124090,Offer Spotlight Bold Voice,104977916368343912,Brand Awareness,0.3215,228,0,207,0,0,6,3,2,0,5,3,143,0,0,0,0,21,9.2105,0,0,0,0,0
2025-12-28,Search Network,Smart Choice Impact Initiative,East Region Prospecting Cohort,18477671,Health Conscious Buyers Interest Segment,103535651235991591,Offer Spotlight Bold Voice,127483164261898063,Brand Awareness,1.4741,1157,0,1353,1,1,20,5,3,0,7,8,822,0,0,0,0,86,7.4330,0,0,0,0,0
2025-12-29,Discovery Network,Smart Choice Impact Initiative,East Region Prospecting Cohort,18477671,Bulk Buyers Retention Segment,107715783645079938,Offer Spotlight Bold Voice,149589309607813303,Brand Awareness,35.1255,28609,0,25352,84,31,100,89,45,0,140,121,23126,0,0,0,10,1692,5.9142,0,0,0,0,0
2025-12-30,Discovery Network,Market Fresh Demand Initiative,Metro Region Prospecting Cohort,18477671,Health Conscious Buyers Interest Segment,111425641592502989,Product Reel Bold Voice,973295260612807555,Brand Awareness,52.9627,27289,0,21724,61,0,0,0,0,0,0,0,0,0,0,0,17,34,0.1246,0,0,0,0,0
2025-12-31,Discovery Network,Market Fresh Demand Initiative,Metro Region Prospecting Cohort,18477671,Weekend Deal Hunters Interest Segment,161376797460090312,Product Reel Bold Voice,509760748397830743,Brand Awareness,30.8718,11974,0,14737,63,0,0,0,0,0,0,0,0,0,0,0,11,24,0.2004,0,0,0,0,0
2025-12-01,Discovery Network,Smart Choice Impact Initiative,East Region Prospecting Cohort,18477671,Family Planners Interest Segment,437683611895344081,Offer Spotlight Bold Voice,180926024741464574,Brand Awareness,106.4472,67240,0,75180,61,33,100,63,40,0,215,213,54454,0,0,0,10,2999,4.4601,0,0,0,0,0
2025-12-02,Retail Media Network,Home Essentials Promo Initiative,East Region Prospecting Cohort,18477671,Family Planners Interest Segment,126757682204121107,Offer Spotlight Bold Voice,121926468845256924,Brand Awareness,45.3023,38727,0,52661,50,4,49,12,8,0,3,5,307,0,0,0,16,75,0.1937,0,0,0,0,0
2025-12-03,Retail Media Network,Home Essentials Promo Initiative,East Region Prospecting Cohort,18477671,Bulk Buyers Retention Segment,248674078184555859,Offer Spotlight Bold Voice,452112915739182326,Brand Awareness,56.9889,65068,0,30182,31,5,52,16,8,0,4,4,266,0,0,0,14,93,0.1429,0,0,0,0,0
2025-12-04,Discovery Network,Market Fresh Demand Initiative,Metro Region Prospecting Cohort,18477671,Weekend Deal Hunters Interest Segment,161376797460090312,Product Reel Bold Voice,509760748397830743,Brand Awareness,21.5103,13991,0,14995,41,0,0,0,0,0,0,0,0,0,0,0,16,20,0.1429,0,0,0,0,0
2025-12-05,Social Feed,Market Fresh Demand Initiative,Metro Region Prospecting Cohort,18477671,Health Conscious Buyers Interest Segment,111425641592502989,Product Reel Bold Voice,973295260612807555,Brand Awareness,60.5924,37466,0,31601,51,0,0,0,0,0,0,0,0,0,0,0,29,33,0.0881,0,0,0,0,0
2025-12-06,Display Network,Home Essentials Promo Initiative,East Region Prospecting Cohort,18477671,Health Conscious Buyers Interest Segment,159890011514394505,Offer Spotlight Bold Voice,142381176949482591,Brand Awareness,7.8457,5091,0,8362,16,2,4,2,2,0,2,2,41,0,0,0,1,10,0.1964,0,0,0,0,0
2025-12-07,Search Network,Home Essentials Promo Initiative,East Region Prospecting Cohort,18477671,Health Conscious Buyers Interest Segment,112051189842394453,Price Drop Cut Value Voice,136910279477454488,Brand Awareness,5.6239,4304,0,3263,4,6,62,15,6,0,23,15,3377,0,0,0,0,233,5.4136,0,0,0,0,0
2025-12-08,Display Network,Home Essentials Promo Initiative,East Region Prospecting Cohort,18477671,Family Planners Interest Segment,311630515941383750,Price Drop Cut Value Voice,668883979484534905,Brand Awareness,108.5043,37824,0,63018,97,45,100,100,74,0,204,177,48773,0,0,1,23,2863,7.5693,0,0,0,0,0
2025-12-09,Connected TV,Smart Choice Impact Initiative,East Region Prospecting Cohort,18477671,Family Planners Interest Segment,534542628136685144,Offer Spotlight Bold Voice,116526341254524535,Brand Awareness,0.0000,0,0,0,0,0,0,0,0,0,0,0,0,0,0,0,0,0,0.0000,0,0,0,0,0
2025-12-10,Retail Media Network,Smart Choice Impact Initiative,East Region Prospecting Cohort,18477671,Bulk Buyers Retention Segment,157163993569863340,Offer Spotlight Bold Voice,110977781755517789,Brand Awareness,40.5721,37218,0,29471,71,7,89,30,14,0,139,81,19689,0,0,0,11,946,2.5418,0,0,0,0,0
2025-12-11,Search Network,Smart Choice Impact Initiative,East Region Prospecting Cohort,18477671,Health Conscious Buyers Interest Segment,239407488533427282,Offer Spotlight Bold Voice,207971324484544728,Brand Awareness,4.0575,1655,0,1431,3,0,14,2,0,0,17,10,1708,0,0,0,0,192,11.6012,0,0,0,0,0
2025-12-12,Connected TV,Smart Choice Impact Initiative,East Region Prospecting Cohort,18477671,Family Planners Interest Segment,400897812008861480,Offer Spotlight Bold Voice,480405189437503653,Brand Awareness,88.9295,54623,0,43516,77,62,100,100,80,0,225,201,39060,0,0,0,10,2507,4.5896,0,0,0,0,0
2025-12-13,Shopping Grid,Smart Choice Impact Initiative,East Region Prospecting Cohort,18477671,Bulk Buyers Retention Segment,107715783645079938,Offer Spotlight Bold Voice,149589309607813303,Brand Awareness,43.4687,45883,0,26320,53,38,100,100,56,0,151,169,23739,0,0,0,26,2670,5.8191,0,0,0,0,0
2025-12-14,Shopping Grid,Smart Choice Impact Initiative,East Region Prospecting Cohort,18477671,Health Conscious Buyers Interest Segment,131550595172124090,Offer Spotlight Bold Voice,104977916368343912,Brand Awareness,1.0983,673,0,667,1,0,35,7,3,0,16,16,611,0,0,0,3,126,18.7221,0,0,0,0,0
2025-12-15,Shopping Grid,Smart Choice Impact Initiative,East Region Prospecting Cohort,18477671,Health Conscious Buyers Interest Segment,103535651235991591,Offer Spotlight Bold Voice,127483164261898063,Brand Awareness,3.3734,1174,0,1894,6,4,35,7,5,0,22,12,1428,0,0,0,1,163,13.8842,0,0,0,0,0
2025-12-16,Video Network,Home Essentials Promo Initiative,East Region Prospecting Cohort,18477671,Bulk Buyers Retention Segment,162853071358804827,Price Drop Cut Value Voice,738937145322144556,Brand Awareness,33.9440,32904,0,21902,28,33,100,100,45,0,112,114,19706,0,0,0,13,2060,6.2606,0,0,0,0,0
2025-12-17,Connected TV,Smart Choice Impact Initiative,East Region Prospecting Cohort,18477671,Family Planners Interest Segment,437683611895344081,Offer Spotlight Bold Voice,180926024741464574,Brand Awareness,98.5795,76470,0,47844,85,31,100,77,44,0,242,199,48329,0,0,0,7,3410,4.4593,0,0,0,0,0
2025-12-18,Connected TV,Home Essentials Promo Initiative,East Region Prospecting Cohort,18477671,Bulk Buyers Retention Segment,248674078184555859,Offer Spotlight Bold Voice,452112915739182326,Brand Awareness,59.2587,52251,0,52432,36,6,53,14,7,0,5,5,293,0,0,0,11,49,0.0938,0,0,0,0,0
2025-12-19,Display Network,Home Essentials Promo Initiative,East Region Prospecting Cohort,18477671,Family Planners Interest Segment,126757682204121107,Offer Spotlight Bold Voice,121926468845256924,Brand Awareness,47.5894,52056,0,39392,38,10,83,25,12,0,11,11,352,0,0,0,6,148,0.2843,0,0,0,0,0
2025-12-20,Display Network,Home Essentials Promo Initiative,East Region Prospecting Cohort,18477671,Health Conscious Buyers Interest Segment,364535938237621249,Offer Spotlight Bold Voice,103276194285622030,Brand Awareness,1.0751,721,0,862,0,0,2,1,1,0,1,1,13,0,0,0,0,2,0.2774,0,0,0,0,0
2025-12-21,Search Network,Home Essentials Promo Initiative,East Region Prospecting Cohort,18477671,Health Conscious Buyers Interest Segment,534609213932090705,Price Drop Cut Value Voice,552366212827275778,Brand Awareness,1.9277,1070,0,1231,1,1,64,9,3,0,13,10,637,0,0,0,1,133,12.4299,0,0,0,0,0
2025-12-22,Social Feed,Smart Choice Impact Initiative,East Region Prospecting Cohort,18477671,Health Conscious Buyers Interest Segment,472217382839938538,Offer Spotlight Bold Voice,183438235716363676,Brand Awareness,0.2620,219,0,126,1,0,0,0,0,0,0,0,128,0,0,0,0,10,4.5662,0,0,0,0,0
2025-12-23,Discovery Network,Market Fresh Demand Initiative,Metro Region Prospecting Cohort,18477671,Weekend Deal Hunters Interest Segment,161376797460090312,Product Reel Bold Voice,509760748397830743,Brand Awareness,35.0141,19339,0,23949,29,0,0,0,0,0,0,0,0,0,0,0,9,15,0.0776,0,0,0,0,0
2025-12-24,Marketplace Feed,Home Essentials Promo Initiative,East Region Prospecting Cohort,18477671,Family Planners Interest Segment,126757682204121107,Offer Spotlight Bold Voice,121926468845256924,Brand Awareness,34.1776,28896,0,29443,70,11,100,35,18,0,6,11,602,0,0,0,12,176,0.6091,0,0,0,0,0
2025-12-25,Shopping Grid,Home Essentials Promo Initiative,East Region Prospecting Cohort,18477671,Health Conscious Buyers Interest Segment,159890011514394505,Offer Spotlight Bold Voice,142381176949482591,Brand Awareness,7.6194,5122,0,7142,9,4,10,4,5,0,3,4,55,0,0,0,3,16,0.3124,0,0,0,0,0
2025-12-26,In-App Display,Home Essentials Promo Initiative,East Region Prospecting Cohort,18477671,Health Conscious Buyers Interest Segment,364535938237621249,Offer Spotlight Bold Voice,103276194285622030,Brand Awareness,1.4060,816,0,543,3,1,2,1,1,0,1,1,7,0,0,0,1,3,0.3676,0,0,0,0,0
2025-12-27,Display Network,Home Essentials Promo Initiative,East Region Prospecting Cohort,18477671,Health Conscious Buyers Interest Segment,534609213932090705,Price Drop Cut Value Voice,552366212827275778,Brand Awareness,0.5602,550,0,348,2,1,21,4,2,0,6,5,236,0,0,0,2,73,13.2727,0,0,0,0,0
2025-12-28,Connected TV,Market Fresh Demand Initiative,Metro Region Prospecting Cohort,18477671,Health Conscious Buyers Interest Segment,111425641592502989,Product Reel Bold Voice,973295260612807555,Brand Awareness,33.0758,16098,0,16854,30,0,0,0,0,0,0,0,0,0,0,0,10,13,0.0808,0,0,0,0,0
2025-12-29,Shopping Grid,Home Essentials Promo Initiative,East Region Prospecting Cohort,18477671,Bulk Buyers Retention Segment,248674078184555859,Offer Spotlight Bold Voice,452112915739182326,Brand Awareness,81.8676,36891,0,49112,52,3,56,13,6,0,3,4,333,0,0,0,10,96,0.2602,0,0,0,0,0
2025-12-30,Discovery Network,Home Essentials Promo Initiative,East Region Prospecting Cohort,18477671,Health Conscious Buyers Interest Segment,112051189842394453,Price Drop Cut Value Voice,136910279477454488,Brand Awareness,7.8189,4473,0,3754,14,9,100,37,13,0,54,37,3431,0,0,0,4,300,6.7069,0,0,0,0,0
2025-12-31,Search Network,Home Essentials Promo Initiative,East Region Prospecting Cohort,18477671,Family Planners Interest Segment,311630515941383750,Price Drop Cut Value Voice,668883979484534905,Brand Awareness,80.8198,56632,0,60442,90,49,100,100,100,0,463,285,39159,0,0,0,61,3825,6.7541,0,0,0,0,0
2025-12-01,Social Feed,Smart Choice Impact Initiative,East Region Prospecting Cohort,18477671,Family Planners Interest Segment,160816362089030229,Offer Spotlight Value Voice,237614485843363769,Brand Awareness,0.0000,0,0,0,0,0,0,0,0,0,0,0,0,0,0,0,0,0,0.0000,0,0,0,0,0
2025-12-02,Display Network,Smart Choice Impact Initiative,East Region Prospecting Cohort,18477671,Bulk Buyers Retention Segment,112543485243332528,Offer Spotlight Value Voice,252505519243767839,Brand Awareness,0.0000,0,0,0,0,0,0,0,0,0,0,0,0,0,0,0,0,0,0.0000,0,0,0,0,0
2025-12-03,Discovery Network,Smart Choice Impact Initiative,East Region Prospecting Cohort,18477671,Bulk Buyers Retention Segment,913917634303141043,Offer Spotlight Bold Voice,178155015329886608,Brand Awareness,0.0000,0,0,0,0,0,0,0,0,0,0,0,0,0,0,0,0,0,0.0000,0,0,0,0,0
2025-12-04,Marketplace Feed,Smart Choice Impact Initiative,East Region Prospecting Cohort,18477671,Health Conscious Buyers Interest Segment,573172726100372167,Offer Spotlight Bold Voice,122885112461996306,Brand Awareness,0.0000,0,0,0,0,0,0,0,0,0,0,0,0,0,0,0,0,0,0.0000,0,0,0,0,0
2025-12-05,Connected TV,Smart Choice Impact Initiative,East Region Prospecting Cohort,18477671,Family Planners Interest Segment,437683611895344081,Offer Spotlight Bold Voice,180926024741464574,Brand Awareness,42.6765,33422,0,37269,56,26,100,71,31,0,161,171,31234,0,0,0,12,2639,7.8960,0,0,0,0,0
2025-12-06,In-App Display,Smart Choice Impact Initiative,East Region Prospecting Cohort,18477671,Bulk Buyers Retention Segment,157163993569863340,Offer Spotlight Bold Voice,110977781755517789,Brand Awareness,56.9016,30340,0,33799,43,17,100,45,20,0,129,123,22628,0,0,0,12,1955,6.4436,0,0,0,0,0
2025-12-07,Video Network,Smart Choice Impact Initiative,East Region Prospecting Cohort,18477671,Health Conscious Buyers Interest Segment,472217382839938538,Offer Spotlight Bold Voice,183438235716363676,Brand Awareness,0.2869,160,0,163,0,0,1,0,0,0,1,1,104,0,0,0,0,16,10.0000,0,0,0,0,0
2025-12-08,Video Network,Smart Choice Impact Initiative,East Region Prospecting Cohort,18477671,Health Conscious Buyers Interest Segment,239407488533427282,Offer Spotlight Bold Voice,207971324484544728,Brand Awareness,1.8161,1516,0,1651,3,1,6,3,2,0,10,6,1093,0,0,0,0,109,7.1900,0,0,0,0,0
2025-12-09,Retail Media Network,Smart Choice Impact Initiative,East Region Prospecting Cohort,18477671,Bulk Buyers Retention Segment,107715783645079938,Offer Spotlight Bold Voice,149589309607813303,Brand Awareness,29.9538,22432,0,17902,33,12,100,45,23,0,103,67,11354,0,0,0,6,809,3.6065,0,0,0,0,0
2025-12-10,In-App Display,Smart Choice Impact Initiative,East Region Prospecting Cohort,18477671,Health Conscious Buyers Interest Segment,131550595172124090,Offer Spotlight Bold Voice,104977916368343912,Brand Awareness,0.3688,455,0,474,0,3,21,4,2,0,9,6,285,0,0,0,0,77,16.9231,0,0,0,0,0
2025-12-11,Affiliate Network,Home Essentials Promo Initiative,East Region Prospecting Cohort,18477671,Bulk Buyers Retention Segment,162853071358804827,Price Drop Cut Value Voice,738937145322144556,Brand Awareness,66.0430,45955,0,60150,105,93,100,100,100,0,442,386,33617,0,0,0,69,4977,10.8302,0,0,0,0,0
2025-12-12,Influencer Network,Smart Choice Impact Initiative,East Region Prospecting Cohort,18477671,Family Planners Interest Segment,400897812008861480,Offer Spotlight Bold Voice,480405189437503653,Brand Awareness,48.0964,34086,0,27727,97,41,100,100,49,0,134,148,22084,0,0,0,10,2425,7.1144,0,0,0,0,0
2025-12-13,Search Network,Smart Choice Impact Initiative,East Region Prospecting Cohort,18477671,Health Conscious Buyers Interest Segment,103535651235991591,Offer Spotlight Bold Voice,127483164261898063,Brand Awareness,2.2299,1781,0,2038,6,3,38,10,5,0,8,12,1080,0,0,0,1,231,12.9702,0,0,0,0,0
2025-12-14,Social Feed,Smart Choice Impact Initiative,East Region Prospecting Cohort,18477671,Family Planners Interest Segment,534542628136685144,Offer Spotlight Bold Voice,116526341254524535,Brand Awareness,0.0000,0,0,0,0,0,0,0,0,0,0,0,0,0,0,0,0,0,0.0000,0,0,0,0,0
2025-12-15,Connected TV,Market Fresh Demand Initiative,Metro Region Prospecting Cohort,18477671,Health Conscious Buyers Interest Segment,111425641592502989,Product Reel Bold Voice,973295260612807555,Brand Awareness,59.9664,47539,0,45016,106,0,0,0,0,0,0,0,0,0,0,0,68,56,0.1178,0,0,0,0,0
2025-12-16,Shopping Grid,Home Essentials Promo Initiative,East Region Prospecting Cohort,18477671,Bulk Buyers Retention Segment,248674078184555859,Offer Spotlight Bold Voice,452112915739182326,Brand Awareness,78.1391,71336,0,46045,61,8,100,28,13,0,5,8,528,1,0,0,16,121,0.1696,0,0,0,0,0
2025-12-17,Discovery Network,Home Essentials Promo Initiative,East Region Prospecting Cohort,18477671,Family Planners Interest Segment,126757682204121107,Offer Spotlight Bold Voice,121926468845256924,Brand Awareness,53.8104,40849,0,39040,27,10,91,25,12,0,15,9,366,0,0,0,15,129,0.3158,0,0,0,0,0
2025-12-18,Discovery Network,Home Essentials Promo Initiative,East Region Prospecting Cohort,18477671,Health Conscious Buyers Interest Segment,159890011514394505,Offer Spotlight Bold Voice,142381176949482591,Brand Awareness,4.6769,3528,0,2209,5,2,6,3,2,0,3,2,32,0,0,0,1,10,0.2834,0,0,0,0,0
2025-12-19,Social Feed,Family Pantry Retention Initiative,East Region Conversion Cohort,18477671,Family Planners Interest Segment,118913640049972056,Shelf Story Warm Voice,118757879921027344,Brand Awareness,0.0000,0,0,0,0,0,0,0,0,0,0,0,0,0,0,0,0,0,0.0000,0,0,0,0,0
2025-12-20,Retail Media Network,Home Essentials Promo Initiative,East Region Prospecting Cohort,18477671,Health Conscious Buyers Interest Segment,364535938237621249,Offer Spotlight Bold Voice,103276194285622030,Brand Awareness,0.7336,511,0,487,1,0,1,0,0,0,0,0,13,0,0,0,0,1,0.1957,0,0,0,0,0
2025-12-21,Influencer Network,Family Pantry Retention Initiative,East Region Conversion Cohort,18477671,Health Conscious Buyers Interest Segment,177146400897430092,Shelf Story Warm Voice,125010800506358682,Brand Awareness,0.0000,0,0,0,0,0,0,0,0,0,0,0,0,0,0,0,0,0,0.0000,0,0,0,0,0
2025-12-22,Influencer Network,Home Essentials Promo Initiative,East Region Prospecting Cohort,18477671,Health Conscious Buyers Interest Segment,112051189842394453,Price Drop Cut Value Voice,136910279477454488,Brand Awareness,4.6566,3103,0,2539,8,0,42,8,2,0,7,7,2366,0,0,0,0,175,5.6397,0,0,0,0,0
2025-12-23,In-App Display,Home Essentials Promo Initiative,East Region Prospecting Cohort,18477671,Bulk Buyers Retention Segment,162853071358804827,Price Drop Cut Value Voice,738937145322144556,Brand Awareness,70.4190,31158,0,52899,33,45,100,100,62,0,207,145,34627,0,0,0,4,1724,5.5331,0,0,0,0,0
2025-12-24,Affiliate Network,Smart Choice Impact Initiative,East Region Prospecting Cohort,18477671,Family Planners Interest Segment,160816362089030229,Offer Spotlight Value Voice,237614485843363769,Brand Awareness,72.6640,54826,0,57228,43,28,100,60,32,0,228,175,46971,0,0,0,13,2586,4.7167,0,0,0,0,0
2025-12-25,In-App Display,Smart Choice Impact Initiative,East Region Prospecting Cohort,18477671,Bulk Buyers Retention Segment,112543485243332528,Offer Spotlight Value Voice,252505519243767839,Brand Awareness,34.5868,17809,0,36541,26,15,100,29,18,0,96,92,21766,0,0,0,8,1625,9.1246,0,0,0,0,0
2025-12-26,Affiliate Network,Smart Choice Impact Initiative,East Region Prospecting Cohort,18477671,Health Conscious Buyers Interest Segment,131786783961333921,Offer Spotlight Value Voice,705205757413721577,Brand Awareness,0.1700,132,0,89,1,0,1,1,0,0,1,1,87,0,0,0,1,12,9.0909,0,0,0,0,0
2025-12-27,Discovery Network,Smart Choice Impact Initiative,East Region Prospecting Cohort,18477671,Family Planners Interest Segment,437683611895344081,Offer Spotlight Bold Voice,180926024741464574,Brand Awareness,42.3188,21757,0,20165,16,16,100,41,23,0,79,99,21106,0,0,0,7,1897,8.7190,0,0,0,0,0
2025-12-28,Connected TV,Smart Choice Impact Initiative,East Region Prospecting Cohort,18477671,Bulk Buyers Retention Segment,157163993569863340,Offer Spotlight Bold Voice,110977781755517789,Brand Awareness,56.8947,65209,0,38150,52,20,100,51,21,0,271,165,35271,0,0,0,4,3384,5.1895,0,0,0,0,0
2025-12-29,Display Network,Smart Choice Impact Initiative,East Region Prospecting Cohort,18477671,Health Conscious Buyers Interest Segment,472217382839938538,Offer Spotlight Bold Voice,183438235716363676,Brand Awareness,0.4126,363,0,218,0,0,1,0,0,0,1,1,168,0,0,0,0,17,4.6832,0,0,0,0,0
2025-12-30,Shopping Grid,Home Essentials Promo Initiative,East Region Prospecting Cohort,18477671,Health Conscious Buyers Interest Segment,534609213932090705,Price Drop Cut Value Voice,552366212827275778,Brand Awareness,1.6390,1619,0,1714,1,4,83,11,5,0,14,14,734,0,0,0,0,205,12.6621,0,0,0,0,0
2025-12-31,Shopping Grid,Home Essentials Promo Initiative,East Region Prospecting Cohort,18477671,Family Planners Interest Segment,311630515941383750,Price Drop Cut Value Voice,668883979484534905,Brand Awareness,82.5356,43685,0,58549,78,42,100,100,69,0,198,163,32188,0,0,0,13,2604,5.9609,0,0,0,0,0
2025-12-01,Connected TV,Smart Choice Impact Initiative,East Region Prospecting Cohort,18477671,Health Conscious Buyers Interest Segment,239407488533427282,Offer Spotlight Bold Voice,207971324484544728,Brand Awareness,7.1169,2818,0,3622,5,0,17,1,1,0,18,14,2738,0,0,0,1,279,9.9006,0,0,0,0,0
2025-12-02,Marketplace Feed,Family Pantry Retention Initiative,East Region Conversion Cohort,18477671,Weekend Deal Hunters Interest Segment,149582435915186674,Shelf Story Warm Voice,771766932430929551,Brand Awareness,0.0000,0,0,0,0,0,0,0,0,0,0,0,0,0,0,0,0,0,0.0000,0,0,0,0,0
2025-12-03,Connected TV,Smart Choice Impact Initiative,East Region Prospecting Cohort,18477671,Family Planners Interest Segment,534542628136685144,Offer Spotlight Bold Voice,116526341254524535,Brand Awareness,17.5537,13467,0,15048,27,0,0,0,0,0,0,0,0,0,0,1,6,16,0.1188,0,0,0,0,0
2025-12-04,Search Network,Market Fresh Demand Initiative,Metro Region Prospecting Cohort,18477671,Weekend Deal Hunters Interest Segment,161376797460090312,Product Reel Bold Voice,509760748397830743,Brand Awareness,20.0477,16831,0,18479,40,0,0,0,0,0,0,0,0,0,0,0,8,14,0.0832,0,0,0,0,0
2025-12-05,Discovery Network,Smart Choice Impact Initiative,East Region Prospecting Cohort,18477671,Health Conscious Buyers Interest Segment,182723406752174546,Offer Spotlight Value Voice,423170338506808282,Brand Awareness,1.6055,974,0,847,0,0,2,0,0,0,4,3,988,0,0,0,0,67,6.8789,0,0,0,0,0
2025-12-06,Display Network,Smart Choice Impact Initiative,East Region Prospecting Cohort,18477671,Bulk Buyers Retention Segment,913917634303141043,Offer Spotlight Bold Voice,178155015329886608,Brand Awareness,45.7874,41131,0,34138,64,0,0,0,0,0,0,0,0,0,0,0,4,19,0.0462,0,0,0,0,0
2025-12-07,Shopping Grid,Smart Choice Impact Initiative,East Region Prospecting Cohort,18477671,Health Conscious Buyers Interest Segment,573172726100372167,Offer Spotlight Bold Voice,122885112461996306,Brand Awareness,105.7113,90174,0,124421,159,0,0,0,0,0,0,0,0,0,0,0,12,87,0.0965,0,0,0,0,0
2025-12-08,Influencer Network,Smart Choice Impact Initiative,East Region Prospecting Cohort,18477671,Health Conscious Buyers Interest Segment,104742688502410437,Offer Spotlight Bold Voice,699445381393965161,Brand Awareness,0.0920,58,0,93,0,0,0,0,0,0,0,0,0,0,0,0,0,0,0.0000,0,0,0,0,0
2025-12-09,Retail Media Network,Home Essentials Promo Initiative,East Region Prospecting Cohort,18477671,Bulk Buyers Retention Segment,248674078184555859,Offer Spotlight Bold Voice,452112915739182326,Brand Awareness,50.1470,63259,0,38827,84,8,100,30,10,0,6,7,608,0,0,0,14,118,0.1865,0,0,0,0,0
2025-12-10,Display Network,Family Pantry Retention Initiative,East Region Conversion Cohort,18477671,Family Planners Interest Segment,118913640049972056,Shelf Story Warm Voice,118757879921027344,Brand Awareness,164.5081,86859,0,93037,269,0,0,0,0,0,0,0,0,0,0,0,51,85,0.0979,0,0,0,0,0
2025-12-11,Influencer Network,Family Pantry Retention Initiative,East Region Conversion Cohort,18477671,Health Conscious Buyers Interest Segment,177146400897430092,Shelf Story Warm Voice,125010800506358682,Brand Awareness,83.6298,80422,0,71856,105,0,0,0,0,0,0,0,0,0,0,0,42,67,0.0833,0,0,0,0,0
2025-12-12,Video Network,Home Essentials Promo Initiative,East Region Prospecting Cohort,18477671,Bulk Buyers Retention Segment,162853071358804827,Price Drop Cut Value Voice,738937145322144556,Brand Awareness,67.0652,51006,0,49755,52,52,100,100,73,0,239,149,32480,0,0,0,17,1430,2.8036,0,0,0,0,0
2025-12-13,Influencer Network,Smart Choice Impact Initiative,East Region Prospecting Cohort,18477671,Family Planners Interest Segment,160816362089030229,Offer Spotlight Value Voice,237614485843363769,Brand Awareness,54.6344,57101,0,62064,35,25,100,54,29,0,194,199,43169,0,0,0,10,2239,3.9211,0,0,0,0,0
2025-12-14,Shopping Grid,Market Fresh Demand Initiative,Metro Region Prospecting Cohort,18477671,Weekend Deal Hunters Interest Segment,161376797460090312,Product Reel Bold Voice,509760748397830743,Brand Awareness,24.2716,14916,0,14593,53,0,0,0,0,0,0,0,0,0,0,0,21,29,0.1944,0,0,0,0,0
2025-12-15,Video Network,Market Fresh Demand Initiative,Metro Region Prospecting Cohort,18477671,Health Conscious Buyers Interest Segment,111425641592502989,Product Reel Bold Voice,973295260612807555,Brand Awareness,45.0172,35339,0,40154,77,0,0,0,0,0,0,0,0,0,0,0,34,49,0.1387,0,0,0,0,0
2025-12-16,Search Network,Home Essentials Promo Initiative,East Region Prospecting Cohort,18477671,Health Conscious Buyers Interest Segment,159890011514394505,Offer Spotlight Bold Voice,142381176949482591,Brand Awareness,3.8118,3049,0,2956,4,1,14,3,1,0,1,1,30,0,0,0,2,15,0.4920,0,0,0,0,0
2025-12-17,Influencer Network,Smart Choice Impact Initiative,East Region Prospecting Cohort,18477671,Bulk Buyers Retention Segment,112543485243332528,Offer Spotlight Value Voice,252505519243767839,Brand Awareness,36.1306,23571,0,33614,29,12,100,32,19,0,83,113,22378,0,0,0,7,1781,7.5559,0,0,0,0,0
2025-12-18,Discovery Network,Smart Choice Impact Initiative,East Region Prospecting Cohort,18477671,Health Conscious Buyers Interest Segment,131786783961333921,Offer Spotlight Value Voice,705205757413721577,Brand Awareness,0.2500,160,0,90,0,0,0,0,0,0,0,0,95,0,0,0,0,7,4.3750,0,0,0,0,0
2025-12-19,Affiliate Network,Smart Choice Impact Initiative,East Region Prospecting Cohort,18477671,Health Conscious Buyers Interest Segment,182723406752174546,Offer Spotlight Value Voice,423170338506808282,Brand Awareness,2.2810,1187,0,1687,3,0,7,2,2,0,11,7,1170,0,0,0,2,102,8.5931,0,0,0,0,0
2025-12-20,Search Network,Smart Choice Impact Initiative,East Region Prospecting Cohort,18477671,Bulk Buyers Retention Segment,913917634303141043,Offer Spotlight Bold Voice,178155015329886608,Brand Awareness,75.0689,35132,0,32490,36,0,0,0,0,0,0,0,0,0,0,0,3,32,0.0911,0,0,0,0,0
2025-12-21,Influencer Network,Smart Choice Impact Initiative,East Region Prospecting Cohort,18477671,Health Conscious Buyers Interest Segment,573172726100372167,Offer Spotlight Bold Voice,122885112461996306,Brand Awareness,65.6982,51273,0,59879,113,0,0,0,0,0,0,0,0,1,0,0,3,39,0.0761,0,0,0,0,0
2025-12-22,Marketplace Feed,Smart Choice Impact Initiative,East Region Prospecting Cohort,18477671,Family Planners Interest Segment,534542628136685144,Offer Spotlight Bold Voice,116526341254524535,Brand Awareness,48.3323,34664,0,52772,95,0,0,0,0,0,0,0,0,0,0,0,28,44,0.1269,0,0,0,0,0
2025-12-23,Discovery Network,Smart Choice Impact Initiative,East Region Prospecting Cohort,18477671,Bulk Buyers Retention Segment,157163993569863340,Offer Spotlight Bold Voice,110977781755517789,Brand Awareness,46.1920,44136,0,25982,17,14,100,33,21,0,163,116,26321,0,0,0,4,2115,4.7920,0,0,0,0,0
2025-12-24,Affiliate Network,Smart Choice Impact Initiative,East Region Prospecting Cohort,18477671,Health Conscious Buyers Interest Segment,472217382839938538,Offer Spotlight Bold Voice,183438235716363676,Brand Awareness,0.5619,484,0,486,0,0,2,0,0,0,2,2,292,0,0,0,0,32,6.6116,0,0,0,0,0
2025-12-25,In-App Display,Smart Choice Impact Initiative,East Region Prospecting Cohort,18477671,Health Conscious Buyers Interest Segment,239407488533427282,Offer Spotlight Bold Voice,207971324484544728,Brand Awareness,15.0034,6523,0,5110,5,2,43,7,2,0,40,44,7692,0,0,0,0,727,11.1452,0,0,0,0,0
2025-12-26,Connected TV,Smart Choice Impact Initiative,East Region Prospecting Cohort,18477671,Family Planners Interest Segment,437683611895344081,Offer Spotlight Bold Voice,180926024741464574,Brand Awareness,75.5885,34272,0,35743,51,21,100,66,34,0,229,155,36179,0,0,0,6,3217,9.3867,0,0,0,0,0
2025-12-27,Shopping Grid,Home Essentials Promo Initiative,East Region Prospecting Cohort,18477671,Family Planners Interest Segment,311630515941383750,Price Drop Cut Value Voice,668883979484534905,Brand Awareness,60.5726,40657,0,46583,48,48,100,100,81,0,208,148,29452,0,0,0,16,2422,5.9572,0,0,0,0,0
2025-12-28,Marketplace Feed,Smart Choice Impact Initiative,East Region Prospecting Cohort,18477671,Health Conscious Buyers Interest Segment,104742688502410437,Offer Spotlight Bold Voice,699445381393965161,Brand Awareness,0.1839,169,0,212,0,0,0,0,0,0,0,0,0,0,0,0,0,0,0.0000,0,0,0,0,0
2025-12-29,Retail Media Network,Home Essentials Promo Initiative,East Region Prospecting Cohort,18477671,Family Planners Interest Segment,126757682204121107,Offer Spotlight Bold Voice,121926468845256924,Brand Awareness,63.0654,44795,0,45675,44,7,100,31,12,0,9,6,418,0,0,0,18,175,0.3907,0,0,0,0,0
2025-12-30,Influencer Network,Home Essentials Promo Initiative,East Region Prospecting Cohort,18477671,Health Conscious Buyers Interest Segment,364535938237621249,Offer Spotlight Bold Voice,103276194285622030,Brand Awareness,0.7872,653,0,499,2,1,7,3,1,0,1,1,22,0,0,0,0,7,1.0720,0,0,0,0,0
2025-12-31,Shopping Grid,Family Pantry Retention Initiative,East Region Conversion Cohort,18477671,Weekend Deal Hunters Interest Segment,149582435915186674,Shelf Story Warm Voice,771766932430929551,Brand Awareness,20.3757,21368,0,17540,54,0,0,0,0,0,0,0,0,0,0,0,16,22,0.1030,0,0,0,0,0
2025-12-01,Affiliate Network,Home Essentials Promo Initiative,East Region Prospecting Cohort,18477671,Health Conscious Buyers Interest Segment,112051189842394453,Price Drop Cut Value Voice,136910279477454488,Brand Awareness,3.6648,2373,0,2851,4,3,42,11,7,0,12,14,1822,0,0,0,0,139,5.8576,0,0,0,0,0
2025-12-02,In-App Display,Home Essentials Promo Initiative,East Region Prospecting Cohort,18477671,Health Conscious Buyers Interest Segment,534609213932090705,Price Drop Cut Value Voice,552366212827275778,Brand Awareness,1.4938,1869,0,1793,8,4,99,17,10,0,16,23,752,0,0,0,7,160,8.5607,0,0,0,0,0
2025-12-03,Marketplace Feed,Market Fresh Demand Initiative,Metro Region Prospecting Cohort,18477671,Health Conscious Buyers Interest Segment,111425641592502989,Product Reel Bold Voice,973295260612807555,Brand Awareness,51.1225,31050,0,41998,99,0,0,0,0,0,0,0,0,0,0,0,21,36,0.1159,0,0,0,0,0
2025-12-04,Shopping Grid,Family Pantry Retention Initiative,East Region Conversion Cohort,18477671,Health Conscious Buyers Interest Segment,177146400897430092,Shelf Story Warm Voice,125010800506358682,Brand Awareness,60.0445,76944,0,46495,98,0,0,0,0,0,0,0,0,1,0,0,59,51,0.0663,0,0,0,0,0
2025-12-05,Shopping Grid,Home Essentials Promo Initiative,East Region Prospecting Cohort,18477671,Health Conscious Buyers Interest Segment,112051189842394453,Price Drop Cut Value Voice,136910279477454488,Brand Awareness,2.0423,1055,0,1193,4,4,27,8,4,0,5,6,783,0,0,0,0,74,7.0142,0,0,0,0,0
2025-12-06,Influencer Network,Home Essentials Promo Initiative,East Region Prospecting Cohort,18477671,Bulk Buyers Retention Segment,162853071358804827,Price Drop Cut Value Voice,738937145322144556,Brand Awareness,61.9793,60351,0,37140,72,53,100,100,73,0,138,201,28802,0,0,0,52,3518,5.8292,0,0,0,0,0
2025-12-07,Social Feed,Home Essentials Promo Initiative,East Region Prospecting Cohort,18477671,Family Planners Interest Segment,311630515941383750,Price Drop Cut Value Voice,668883979484534905,Brand Awareness,44.9076,52812,0,37269,40,47,100,100,53,0,159,161,21669,0,0,0,32,2582,4.8890,0,0,0,0,0
2025-12-08,Affiliate Network,Smart Choice Impact Initiative,East Region Prospecting Cohort,18477671,Family Planners Interest Segment,160816362089030229,Offer Spotlight Value Voice,237614485843363769,Brand Awareness,63.7751,40821,0,49203,107,31,100,75,32,0,224,182,36665,0,0,0,13,2999,7.3467,0,0,0,0,0
2025-12-09,Connected TV,Smart Choice Impact Initiative,East Region Prospecting Cohort,18477671,Bulk Buyers Retention Segment,112543485243332528,Offer Spotlight Value Voice,252505519243767839,Brand Awareness,43.1357,29367,0,51140,56,15,100,45,18,0,109,144,31550,0,0,0,11,2755,9.3813,0,0,0,0,0
2025-12-10,Shopping Grid,Smart Choice Impact Initiative,East Region Prospecting Cohort,18477671,Health Conscious Buyers Interest Segment,131786783961333921,Offer Spotlight Value Voice,705205757413721577,Brand Awareness,0.3211,210,0,183,0,0,1,0,0,0,1,1,148,0,0,0,0,19,9.0476,0,0,0,0,0
2025-12-11,Video Network,Smart Choice Impact Initiative,East Region Prospecting Cohort,18477671,Health Conscious Buyers Interest Segment,182723406752174546,Offer Spotlight Value Voice,423170338506808282,Brand Awareness,3.6337,2466,0,1965,7,0,15,3,0,0,8,11,1479,0,0,0,2,151,6.1233,0,0,0,0,0
2025-12-12,In-App Display,Smart Choice Impact Initiative,East Region Prospecting Cohort,18477671,Bulk Buyers Retention Segment,913917634303141043,Offer Spotlight Bold Voice,178155015329886608,Brand Awareness,116.0116,73246,0,76079,97,0,0,0,0,0,0,0,0,0,0,0,12,40,0.0546,0,0,0,0,0
2025-12-13,Influencer Network,Smart Choice Impact Initiative,East Region Prospecting Cohort,18477671,Family Planners Interest Segment,534542628136685144,Offer Spotlight Bold Voice,116526341254524535,Brand Awareness,83.0822,56467,0,47303,60,0,0,0,0,0,0,0,0,0,0,0,22,42,0.0744,0,0,0,0,0
2025-12-14,Retail Media Network,Smart Choice Impact Initiative,East Region Prospecting Cohort,18477671,Health Conscious Buyers Interest Segment,104742688502410437,Offer Spotlight Bold Voice,699445381393965161,Brand Awareness,0.3830,154,0,179,0,0,0,0,0,0,0,0,0,0,0,0,0,1,0.6494,0,0,0,0,0
2025-12-15,Influencer Network,Smart Choice Impact Initiative,East Region Prospecting Cohort,18477671,Bulk Buyers Retention Segment,157163993569863340,Offer Spotlight Bold Voice,110977781755517789,Brand Awareness,35.9227,36938,0,35128,55,14,100,57,28,0,172,119,26116,0,0,0,12,2627,7.1119,0,0,0,0,0
2025-12-16,Display Network,Smart Choice Impact Initiative,East Region Prospecting Cohort,18477671,Health Conscious Buyers Interest Segment,472217382839938538,Offer Spotlight Bold Voice,183438235716363676,Brand Awareness,0.7571,472,0,541,0,0,2,0,0,0,2,2,351,0,0,0,0,23,4.8729,0,0,0,0,0
2025-12-17,Retail Media Network,Smart Choice Impact Initiative,East Region Prospecting Cohort,18477671,Health Conscious Buyers Interest Segment,239407488533427282,Offer Spotlight Bold Voice,207971324484544728,Brand Awareness,7.3955,4923,0,5685,9,1,24,8,3,0,35,24,4992,0,0,0,1,369,7.4954,0,0,0,0,0
2025-12-18,Social Feed,Home Essentials Promo Initiative,East Region Prospecting Cohort,18477671,Health Conscious Buyers Interest Segment,364535938237621249,Offer Spotlight Bold Voice,103276194285622030,Brand Awareness,1.0054,602,0,583,0,0,0,0,0,0,0,0,18,0,0,0,0,6,0.9967,0,0,0,0,0
2025-12-19,Influencer Network,Family Pantry Retention Initiative,East Region Conversion Cohort,18477671,Family Planners Interest Segment,118913640049972056,Shelf Story Warm Voice,118757879921027344,Brand Awareness,143.2696,113654,0,64734,235,0,0,0,0,0,0,0,0,0,0,0,74,126,0.1109,0,0,0,0,0
2025-12-20,Influencer Network,Market Fresh Demand Initiative,Metro Region Prospecting Cohort,18477671,Weekend Deal Hunters Interest Segment,161376797460090312,Product Reel Bold Voice,509760748397830743,Brand Awareness,26.6813,17425,0,15575,47,0,0,0,0,0,0,0,0,1,0,0,11,16,0.0918,0,0,0,0,0
2025-12-21,Shopping Grid,Home Essentials Promo Initiative,East Region Prospecting Cohort,18477671,Family Planners Interest Segment,126757682204121107,Offer Spotlight Bold Voice,121926468845256924,Brand Awareness,79.7941,28225,0,40659,97,23,100,92,39,0,22,20,1185,0,0,0,32,402,1.4243,0,0,0,0,0
2025-12-22,Social Feed,Home Essentials Promo Initiative,East Region Prospecting Cohort,18477671,Health Conscious Buyers Interest Segment,534609213932090705,Price Drop Cut Value Voice,552366212827275778,Brand Awareness,1.5029,1603,0,1379,6,1,88,16,3,0,34,22,640,0,0,0,3,204,12.7261,0,0,0,0,0
2025-12-23,Marketplace Feed,Smart Choice Impact Initiative,East Region Prospecting Cohort,18477671,Health Conscious Buyers Interest Segment,573172726100372167,Offer Spotlight Bold Voice,122885112461996306,Brand Awareness,3.5975,1975,0,2133,7,0,0,0,0,0,0,0,0,0,0,0,1,5,0.2532,0,0,0,0,0
2025-12-24,Display Network,Smart Choice Impact Initiative,East Region Prospecting Cohort,18477671,Family Planners Interest Segment,437683611895344081,Offer Spotlight Bold Voice,180926024741464574,Brand Awareness,32.7523,16490,0,25014,31,14,93,33,18,0,131,100,18348,0,0,0,4,1046,6.3432,0,0,0,0,0
2025-12-25,Shopping Grid,Home Essentials Promo Initiative,East Region Prospecting Cohort,18477671,Bulk Buyers Retention Segment,248674078184555859,Offer Spotlight Bold Voice,452112915739182326,Brand Awareness,56.4160,33538,0,56948,49,17,100,42,18,0,21,14,484,0,0,0,15,223,0.6649,0,0,0,0,0
2025-12-26,Search Network,Home Essentials Promo Initiative,East Region Prospecting Cohort,18477671,Health Conscious Buyers Interest Segment,159890011514394505,Offer Spotlight Bold Voice,142381176949482591,Brand Awareness,6.9985,4205,0,5954,2,0,19,3,1,0,0,0,58,0,0,0,0,16,0.3805,0,0,0,0,0
2025-12-27,Shopping Grid,Family Pantry Retention Initiative,East Region Conversion Cohort,18477671,Weekend Deal Hunters Interest Segment,149582435915186674,Shelf Story Warm Voice,771766932430929551,Brand Awareness,18.2778,14470,0,17651,20,0,0,0,0,0,0,0,0,0,0,0,12,15,0.1037,0,0,0,0,0
2025-12-28,Connected TV,Market Fresh Demand Initiative,Metro Region Prospecting Cohort,18477671,Weekend Deal Hunters Interest Segment,161376797460090312,Product Reel Bold Voice,509760748397830743,Brand Awareness,20.8009,12569,0,11852,15,0,0,0,0,0,0,0,0,0,0,0,4,9,0.0716,0,0,0,0,0
2025-12-29,Discovery Network,Market Fresh Demand Initiative,Metro Region Prospecting Cohort,18477671,Health Conscious Buyers Interest Segment,111425641592502989,Product Reel Bold Voice,973295260612807555,Brand Awareness,58.6438,46034,0,40729,57,0,0,0,0,0,0,0,0,0,0,0,20,53,0.1151,0,0,0,0,0
2025-12-30,Connected TV,Home Essentials Promo Initiative,East Region Prospecting Cohort,18477671,Bulk Buyers Retention Segment,248674078184555859,Offer Spotlight Bold Voice,452112915739182326,Brand Awareness,59.0975,46429,0,54775,38,8,100,45,23,0,12,8,502,0,0,0,15,151,0.3252,0,0,0,0,0
2025-12-31,Social Feed,Home Essentials Promo Initiative,East Region Prospecting Cohort,18477671,Family Planners Interest Segment,126757682204121107,Offer Spotlight Bold Voice,121926468845256924,Brand Awareness,58.8934,52141,0,52032,50,27,100,100,38,0,25,27,1588,0,0,0,25,458,0.8784,0,0,0,0,0
2025-12-01,Search Network,Home Essentials Promo Initiative,East Region Prospecting Cohort,18477671,Health Conscious Buyers Interest Segment,159890011514394505,Offer Spotlight Bold Voice,142381176949482591,Brand Awareness,8.1659,5595,0,8763,10,1,10,3,3,0,1,1,45,0,0,0,2,17,0.3038,0,0,0,0,0
2025-12-02,Marketplace Feed,Home Essentials Promo Initiative,East Region Prospecting Cohort,18477671,Health Conscious Buyers Interest Segment,364535938237621249,Offer Spotlight Bold Voice,103276194285622030,Brand Awareness,1.3030,779,0,1417,1,0,2,2,0,0,0,0,14,0,0,0,0,5,0.6418,0,0,0,0,0
2025-12-03,Shopping Grid,Family Pantry Retention Initiative,East Region Conversion Cohort,18477671,Family Planners Interest Segment,118913640049972056,Shelf Story Warm Voice,118757879921027344,Brand Awareness,135.4589,132428,0,103035,244,0,0,0,0,0,0,0,0,0,0,0,100,110,0.0831,0,0,0,0,0
2025-12-04,In-App Display,Family Pantry Retention Initiative,East Region Conversion Cohort,18477671,Weekend Deal Hunters Interest Segment,149582435915186674,Shelf Story Warm Voice,771766932430929551,Brand Awareness,26.1333,18729,0,18784,40,0,0,0,0,0,0,0,0,0,0,0,12,29,0.1548,0,0,0,0,0
2025-12-05,Social Feed,Home Essentials Promo Initiative,East Region Prospecting Cohort,18477671,Health Conscious Buyers Interest Segment,112051189842394453,Price Drop Cut Value Voice,136910279477454488,Brand Awareness,1.1903,1544,0,2023,1,2,66,11,2,0,13,14,462,0,0,0,2,144,9.3264,0,0,0,0,0
2025-12-06,Search Network,Home Essentials Promo Initiative,East Region Prospecting Cohort,18477671,Health Conscious Buyers Interest Segment,534609213932090705,Price Drop Cut Value Voice,552366212827275778,Brand Awareness,0.3132,725,0,651,1,2,34,14,7,0,10,13,419,0,0,0,1,67,9.2414,0,0,0,0,0
2025-12-07,Video Network,Home Essentials Promo Initiative,East Region Prospecting Cohort,18477671,Bulk Buyers Retention Segment,162853071358804827,Price Drop Cut Value Voice,738937145322144556,Brand Awareness,110.5392,196090,0,287676,738,100,100,100,100,0,2866,2767,132068,0,0,0,491,22177,11.3096,0,0,0,0,0
2025-12-08,In-App Display,Home Essentials Promo Initiative,East Region Prospecting Cohort,18477671,Family Planners Interest Segment,311630515941383750,Price Drop Cut Value Voice,668883979484534905,Brand Awareness,30.1375,61102,0,42657,144,80,100,100,100,0,740,511,14764,0,0,0,122,7374,12.0683,0,0,0,0,0
2025-12-09,In-App Display,Smart Choice Impact Initiative,East Region Prospecting Cohort,18477671,Family Planners Interest Segment,160816362089030229,Offer Spotlight Value Voice,237614485843363769,Brand Awareness,74.0487,45331,0,65789,90,18,100,68,31,0,275,164,39295,0,0,0,19,2052,4.5267,0,0,0,0,0
2025-12-10,Marketplace Feed,Smart Choice Impact Initiative,East Region Prospecting Cohort,18477671,Health Conscious Buyers Interest Segment,131786783961333921,Offer Spotlight Value Voice,705205757413721577,Brand Awareness,0.2479,263,0,214,0,0,1,0,0,0,1,1,178,0,0,0,0,20,7.6046,0,0,0,0,0
2025-12-11,Discovery Network,Smart Choice Impact Initiative,East Region Prospecting Cohort,18477671,Health Conscious Buyers Interest Segment,182723406752174546,Offer Spotlight Value Voice,423170338506808282,Brand Awareness,3.1133,3137,0,2987,5,2,9,4,2,0,8,7,2134,0,0,0,1,153,4.8773,0,0,0,0,0
2025-12-12,Influencer Network,Smart Choice Impact Initiative,East Region Prospecting Cohort,18477671,Family Planners Interest Segment,534542628136685144,Offer Spotlight Bold Voice,116526341254524535,Brand Awareness,124.0865,74121,0,115144,139,0,0,0,0,0,0,0,0,0,0,0,59,82,0.1106,0,0,0,0,0
2025-12-13,Connected TV,Smart Choice Impact Initiative,East Region Prospecting Cohort,18477671,Health Conscious Buyers Interest Segment,104742688502410437,Offer Spotlight Bold Voice,699445381393965161,Brand Awareness,0.4018,259,0,337,0,0,0,0,0,0,0,0,0,0,0,0,0,0,0.0000,0,0,0,0,0
2025-12-14,Marketplace Feed,Family Pantry Retention Initiative,East Region Conversion Cohort,18477671,Health Conscious Buyers Interest Segment,177146400897430092,Shelf Story Warm Voice,125010800506358682,Brand Awareness,62.2610,47085,0,47392,87,0,0,0,0,0,0,0,0,0,0,0,24,49,0.1041,0,0,0,0,0
2025-12-15,Retail Media Network,Smart Choice Impact Initiative,East Region Prospecting Cohort,18477671,Bulk Buyers Retention Segment,913917634303141043,Offer Spotlight Bold Voice,178155015329886608,Brand Awareness,55.8998,34230,0,54578,48,0,0,0,0,0,0,0,0,0,0,0,4,14,0.0409,0,0,0,0,0
2025-12-16,Social Feed,Smart Choice Impact Initiative,East Region Prospecting Cohort,18477671,Health Conscious Buyers Interest Segment,573172726100372167,Offer Spotlight Bold Voice,122885112461996306,Brand Awareness,1.8258,1955,0,1860,4,0,0,0,0,0,0,0,0,0,0,0,0,0,0.0000,0,0,0,0,0
2025-12-17,Influencer Network,Smart Choice Impact Initiative,East Region Prospecting Cohort,18477671,Bulk Buyers Retention Segment,112543485243332528,Offer Spotlight Value Voice,252505519243767839,Brand Awareness,49.1738,48018,0,51188,30,13,100,50,23,0,83,125,27206,0,0,0,5,2399,4.9960,0,0,0,0,0
2025-12-18,Shopping Grid,Family Pantry Retention Initiative,Metro Region Loyalty Cohort,18477671,Family Planners Lookalike Segment,131110122694256392,Shelf Story Warm Voice,585790054530420953,Brand Awareness,0.0000,0,0,0,0,0,0,0,0,0,0,0,0,0,0,0,0,0,0.0000,0,0,0,0,0
2025-12-19,Video Network,Market Fresh Demand Initiative,Metro Region Prospecting Cohort,18477671,Weekend Deal Hunters Interest Segment,161376797460090312,Product Reel Bold Voice,509760748397830743,Brand Awareness,19.9488,11570,0,10343,18,0,0,0,0,0,0,0,0,0,0,0,7,16,0.1383,0,0,0,0,0
2025-12-20,Search Network,Market Fresh Demand Initiative,Metro Region Prospecting Cohort,18477671,Health Conscious Buyers Interest Segment,111425641592502989,Product Reel Bold Voice,973295260612807555,Brand Awareness,58.5880,53828,0,55547,43,0,0,0,0,0,0,0,0,0,0,0,22,41,0.0762,0,0,0,0,0
2025-12-21,Connected TV,Home Essentials Promo Initiative,East Region Prospecting Cohort,18477671,Bulk Buyers Retention Segment,248674078184555859,Offer Spotlight Bold Voice,452112915739182326,Brand Awareness,58.5443,50560,0,30649,42,10,100,28,14,0,13,9,491,0,0,0,6,133,0.2631,0,0,0,0,0
2025-12-22,In-App Display,Home Essentials Promo Initiative,East Region Prospecting Cohort,18477671,Family Planners Interest Segment,126757682204121107,Offer Spotlight Bold Voice,121926468845256924,Brand Awareness,43.3876,44936,0,51820,72,18,100,50,26,0,22,18,625,0,0,0,16,286,0.6365,0,0,0,0,0
2025-12-23,Retail Media Network,Home Essentials Promo Initiative,East Region Prospecting Cohort,18477671,Health Conscious Buyers Interest Segment,364535938237621249,Offer Spotlight Bold Voice,103276194285622030,Brand Awareness,0.4884,455,0,678,1,0,4,1,0,0,0,0,9,0,0,0,0,3,0.6593,0,0,0,0,0
2025-12-24,Social Feed,Family Pantry Retention Initiative,East Region Conversion Cohort,18477671,Family Planners Interest Segment,118913640049972056,Shelf Story Warm Voice,118757879921027344,Brand Awareness,143.3209,114322,0,126385,213,0,0,0,0,0,0,0,0,0,0,0,34,101,0.0883,0,0,0,0,0
2025-12-25,Retail Media Network,Family Pantry Retention Initiative,East Region Conversion Cohort,18477671,Health Conscious Buyers Interest Segment,177146400897430092,Shelf Story Warm Voice,125010800506358682,Brand Awareness,41.8957,36621,0,84838,75,0,0,0,0,0,0,0,0,0,0,0,40,32,0.0874,0,0,0,0,0
2025-12-26,Display Network,Home Essentials Promo Initiative,East Region Prospecting Cohort,18477671,Health Conscious Buyers Interest Segment,112051189842394453,Price Drop Cut Value Voice,136910279477454488,Brand Awareness,3.4151,1579,0,1836,8,2,19,6,4,0,7,8,1357,0,0,0,2,135,8.5497,0,0,0,0,0
2025-12-27,Shopping Grid,Home Essentials Promo Initiative,East Region Prospecting Cohort,18477671,Family Planners Interest Segment,311630515941383750,Price Drop Cut Value Voice,668883979484534905,Brand Awareness,96.3523,52799,0,54610,77,56,100,100,80,0,273,182,45368,0,0,0,32,1904,3.6061,0,0,0,0,0
2025-12-28,Marketplace Feed,Smart Choice Impact Initiative,East Region Prospecting Cohort,18477671,Family Planners Interest Segment,160816362089030229,Offer Spotlight Value Voice,237614485843363769,Brand Awareness,38.6660,28961,0,28974,36,13,100,31,17,0,138,128,22946,0,0,0,6,1885,6.5088,0,0,0,0,0
2025-12-29,Shopping Grid,Smart Choice Impact Initiative,East Region Prospecting Cohort,18477671,Bulk Buyers Retention Segment,112543485243332528,Offer Spotlight Value Voice,252505519243767839,Brand Awareness,97.6702,60560,0,37546,67,20,100,61,31,0,198,188,37691,0,0,0,17,2200,3.6328,0,0,0,0,0
2025-12-30,Shopping Grid,Smart Choice Impact Initiative,East Region Prospecting Cohort,18477671,Health Conscious Buyers Interest Segment,182723406752174546,Offer Spotlight Value Voice,423170338506808282,Brand Awareness,2.3850,1611,0,2272,5,4,14,4,3,0,11,10,1573,0,0,0,1,162,10.0559,0,0,0,0,0
2025-12-31,Search Network,Smart Choice Impact Initiative,East Region Prospecting Cohort,18477671,Health Conscious Buyers Interest Segment,104742688502410437,Offer Spotlight Bold Voice,699445381393965161,Brand Awareness,0.4012,335,0,342,0,0,0,0,0,0,0,0,0,0,0,0,0,0,0.0000,0,0,0,0,0
2025-12-01,Affiliate Network,Smart Choice Impact Initiative,East Region Prospecting Cohort,18477671,Health Conscious Buyers Interest Segment,573172726100372167,Offer Spotlight Bold Voice,122885112461996306,Brand Awareness,1.8024,1786,0,2253,1,0,0,0,0,0,0,0,0,0,0,0,0,1,0.0560,0,0,0,0,0
2025-12-02,Influencer Network,Home Essentials Promo Initiative,East Region Prospecting Cohort,18477671,Health Conscious Buyers Interest Segment,159890011514394505,Offer Spotlight Bold Voice,142381176949482591,Brand Awareness,5.0086,2741,0,5978,7,1,7,1,1,0,1,1,59,0,0,0,4,16,0.5837,0,0,0,0,0
2025-12-03,Influencer Network,Family Pantry Retention Initiative,East Region Conversion Cohort,18477671,Weekend Deal Hunters Interest Segment,149582435915186674,Shelf Story Warm Voice,771766932430929551,Brand Awareness,19.0694,11826,0,22958,28,0,0,0,0,0,0,0,0,0,0,0,10,10,0.0846,0,0,0,0,0
2025-12-04,Search Network,Home Essentials Promo Initiative,East Region Prospecting Cohort,18477671,Health Conscious Buyers Interest Segment,534609213932090705,Price Drop Cut Value Voice,552366212827275778,Brand Awareness,0.4101,409,0,348,0,0,12,3,1,0,3,3,206,0,0,0,0,44,10.7579,0,0,0,0,0
2025-12-05,Connected TV,Home Essentials Promo Initiative,East Region Prospecting Cohort,18477671,Bulk Buyers Retention Segment,162853071358804827,Price Drop Cut Value Voice,738937145322144556,Brand Awareness,73.4172,24739,0,43911,37,31,100,100,47,0,105,115,26280,0,0,0,8,1441,5.8248,0,0,0,0,0
2025-12-06,Affiliate Network,Smart Choice Impact Initiative,East Region Prospecting Cohort,18477671,Health Conscious Buyers Interest Segment,131786783961333921,Offer Spotlight Value Voice,705205757413721577,Brand Awareness,0.3421,157,0,106,0,0,0,0,0,0,0,0,101,0,0,0,0,7,4.4586,0,0,0,0,0
2025-12-07,Video Network,Smart Choice Impact Initiative,East Region Prospecting Cohort,18477671,Family Planners Interest Segment,534542628136685144,Offer Spotlight Bold Voice,116526341254524535,Brand Awareness,90.7227,53718,0,79368,77,0,0,0,0,0,0,0,0,0,0,0,13,48,0.0894,0,0,0,0,0
2025-12-08,Marketplace Feed,Family Pantry Retention Initiative,Metro Region Loyalty Cohort,18477671,Quick Refill Buyers Retention Segment,513232078006145092,Shelf Story Warm Voice,133729297815049595,Brand Awareness,0.0000,0,0,0,0,0,0,0,0,0,0,0,0,0,0,0,0,0,0.0000,0,0,0,0,0
2025-12-09,Social Feed,Family Pantry Retention Initiative,Metro Region Loyalty Cohort,18477671,Family Planners Lookalike Segment,131110122694256392,Shelf Story Warm Voice,585790054530420953,Brand Awareness,0.0000,0,0,0,0,0,0,0,0,0,0,0,0,0,0,0,0,0,0.0000,0,0,0,0,0
2025-12-10,Affiliate Network,Home Essentials Scale Initiative,Metro Region Loyalty Cohort,18477671,Weekend Deal Hunters Interest Segment,377247011822843168,Shelf Story Bold Voice,643135492237413482,Brand Awareness,0.0000,0,0,0,0,0,0,0,0,0,0,0,0,0,0,0,0,0,0.0000,0,0,0,0,0
2025-12-11,Search Network,Home Essentials Scale Initiative,Metro Region Loyalty Cohort,18477671,Quick Refill Buyers Retention Segment,680094259900990869,Shelf Story Bold Voice,769886055999783877,Brand Awareness,0.0000,0,0,0,0,0,0,0,0,0,0,0,0,0,0,0,0,0,0.0000,0,0,0,0,0
2025-12-12,Discovery Network,Home Essentials Scale Initiative,Metro Region Loyalty Cohort,18477671,Health Conscious Buyers Interest Segment,159508469974487548,Shelf Story Bold Voice,113329620542890551,Brand Awareness,0.0000,0,0,0,0,0,0,0,0,0,0,0,0,0,0,0,0,0,0.0000,0,0,0,0,0
2025-12-13,Connected TV,Home Essentials Promo Initiative,East Region Prospecting Cohort,18477671,Health Conscious Buyers Interest Segment,159890011514394505,Offer Spotlight Bold Voice,142381176949482591,Brand Awareness,6.4334,4135,0,4897,20,0,6,3,0,0,0,0,33,0,0,0,1,16,0.3869,0,0,0,0,0
2025-12-14,Social Feed,Family Pantry Retention Initiative,East Region Conversion Cohort,18477671,Weekend Deal Hunters Interest Segment,149582435915186674,Shelf Story Warm Voice,771766932430929551,Brand Awareness,28.5108,15738,0,15780,43,0,0,0,0,0,0,0,0,0,0,0,20,33,0.2097,0,0,0,0,0
2025-12-15,Discovery Network,Market Fresh Demand Initiative,Metro Region Prospecting Cohort,18477671,Health Conscious Buyers Interest Segment,111425641592502989,Product Reel Bold Voice,973295260612807555,Brand Awareness,59.8573,40446,0,42734,49,0,0,0,0,0,0,0,0,0,0,0,16,24,0.0593,0,0,0,0,0
2025-12-16,Marketplace Feed,Smart Choice Impact Initiative,East Region Prospecting Cohort,18477671,Health Conscious Buyers Interest Segment,104742688502410437,Offer Spotlight Bold Voice,699445381393965161,Brand Awareness,0.8757,766,0,1030,1,0,0,0,0,0,0,0,0,0,0,0,0,1,0.1305,0,0,0,0,0
2025-12-17,Display Network,Home Essentials Promo Initiative,East Region Prospecting Cohort,18477671,Bulk Buyers Retention Segment,248674078184555859,Offer Spotlight Bold Voice,452112915739182326,Brand Awareness,64.4614,66687,0,73530,112,13,100,63,21,0,13,11,653,0,0,0,10,201,0.3014,0,0,0,0,0
2025-12-18,Influencer Network,Market Fresh Demand Initiative,Metro Region Prospecting Cohort,18477671,Weekend Deal Hunters Interest Segment,161376797460090312,Product Reel Bold Voice,509760748397830743,Brand Awareness,18.7433,24319,0,16337,48,0,0,0,0,0,0,0,0,0,0,0,21,30,0.1234,0,0,0,0,0
2025-12-19,Shopping Grid,Home Essentials Promo Initiative,East Region Prospecting Cohort,18477671,Family Planners Interest Segment,126757682204121107,Offer Spotlight Bold Voice,121926468845256924,Brand Awareness,80.9127,52537,0,33506,49,8,100,31,10,0,10,8,487,0,0,0,7,170,0.3236,0,0,0,0,0
2025-12-20,Discovery Network,Family Pantry Retention Initiative,East Region Conversion Cohort,18477671,Family Planners Interest Segment,118913640049972056,Shelf Story Warm Voice,118757879921027344,Brand Awareness,152.8387,142186,0,117947,256,0,0,0,0,0,0,0,0,0,0,0,50,95,0.0668,0,0,0,0,0
2025-12-21,Affiliate Network,Smart Choice Impact Initiative,East Region Prospecting Cohort,18477671,Health Conscious Buyers Interest Segment,182723406752174546,Offer Spotlight Value Voice,423170338506808282,Brand Awareness,3.4513,2443,0,1286,5,4,16,6,4,0,19,13,1549,0,0,0,1,157,6.4265,0,0,0,0,0
2025-12-22,Search Network,Smart Choice Impact Initiative,East Region Prospecting Cohort,18477671,Family Planners Interest Segment,160816362089030229,Offer Spotlight Value Voice,237614485843363769,Brand Awareness,29.7689,26485,0,21909,21,7,74,22,9,0,61,66,16781,0,0,0,2,915,3.4548,0,0,0,0,0
2025-12-23,Retail Media Network,Smart Choice Impact Initiative,East Region Prospecting Cohort,18477671,Bulk Buyers Retention Segment,112543485243332528,Offer Spotlight Value Voice,252505519243767839,Brand Awareness,122.9668,77294,0,62048,43,27,100,51,29,0,218,163,41628,0,0,0,14,3180,4.1142,0,0,0,0,0
2025-12-24,Influencer Network,Smart Choice Impact Initiative,East Region Prospecting Cohort,18477671,Health Conscious Buyers Interest Segment,131786783961333921,Offer Spotlight Value Voice,705205757413721577,Brand Awareness,0.4845,204,0,399,0,0,1,0,0,0,1,1,223,0,0,0,1,16,7.8431,0,0,0,0,0
2025-12-25,Marketplace Feed,Smart Choice Impact Initiative,East Region Prospecting Cohort,18477671,Health Conscious Buyers Interest Segment,573172726100372167,Offer Spotlight Bold Voice,122885112461996306,Brand Awareness,3.2267,2225,0,3379,2,0,0,0,0,0,0,0,0,0,0,0,0,1,0.0449,0,0,0,0,0
2025-12-26,Display Network,Smart Choice Impact Initiative,East Region Prospecting Cohort,18477671,Family Planners Interest Segment,534542628136685144,Offer Spotlight Bold Voice,116526341254524535,Brand Awareness,97.9457,90170,0,115794,116,0,0,0,0,0,0,0,0,0,0,0,17,46,0.0510,0,0,0,0,0
2025-12-27,Video Network,Home Essentials Promo Initiative,East Region Prospecting Cohort,18477671,Health Conscious Buyers Interest Segment,364535938237621249,Offer Spotlight Bold Voice,103276194285622030,Brand Awareness,1.4811,963,0,784,1,1,3,1,1,0,1,1,16,0,0,0,0,7,0.7269,0,0,0,0,0
2025-12-28,Discovery Network,Home Essentials Promo Initiative,East Region Prospecting Cohort,18477671,Health Conscious Buyers Interest Segment,534609213932090705,Price Drop Cut Value Voice,552366212827275778,Brand Awareness,2.1028,1245,0,1348,4,3,85,17,5,0,23,20,724,0,0,0,5,226,18.1526,0,0,0,0,0
2025-12-29,Social Feed,Home Essentials Promo Initiative,East Region Prospecting Cohort,18477671,Bulk Buyers Retention Segment,162853071358804827,Price Drop Cut Value Voice,738937145322144556,Brand Awareness,28.9946,30735,0,37979,51,20,100,100,100,0,454,318,27233,0,0,0,25,2667,8.6774,0,0,0,0,0
2025-12-30,Video Network,Home Essentials Promo Initiative,East Region Prospecting Cohort,18477671,Family Planners Interest Segment,311630515941383750,Price Drop Cut Value Voice,668883979484534905,Brand Awareness,78.5219,47450,0,58313,79,67,100,100,100,0,594,504,48544,0,0,0,53,5469,11.5258,0,0,0,0,0
2025-12-31,Affiliate Network,Family Pantry Retention Initiative,East Region Conversion Cohort,18477671,Health Conscious Buyers Interest Segment,177146400897430092,Shelf Story Warm Voice,125010800506358682,Brand Awareness,116.6312,99202,0,85371,156,0,0,0,0,0,0,0,0,0,0,0,48,79,0.0796,0,0,0,0,0
2025-12-01,Shopping Grid,Home Essentials Promo Initiative,East Region Prospecting Cohort,18477671,Health Conscious Buyers Interest Segment,112051189842394453,Price Drop Cut Value Voice,136910279477454488,Brand Awareness,1.5220,1094,0,883,1,2,19,3,2,0,7,4,560,0,0,0,1,72,6.5814,0,0,0,0,0
2025-12-02,Influencer Network,Family Pantry Retention Initiative,Metro Region Loyalty Cohort,18477671,Weekend Deal Hunters Interest Segment,174176954196329732,Shelf Story Warm Voice,925460221944962698,Brand Awareness,0.0000,0,0,0,0,0,0,0,0,0,0,0,0,0,0,0,0,0,0.0000,0,0,0,0,0
2025-12-03,Influencer Network,Family Pantry Retention Initiative,Metro Region Loyalty Cohort,18477671,Quick Refill Buyers Retention Segment,513232078006145092,Shelf Story Warm Voice,133729297815049595,Brand Awareness,0.0000,0,0,0,0,0,0,0,0,0,0,0,0,0,0,0,0,0,0.0000,0,0,0,0,0
2025-12-04,In-App Display,Home Essentials Scale Initiative,Metro Region Loyalty Cohort,18477671,Weekend Deal Hunters Interest Segment,377247011822843168,Shelf Story Bold Voice,643135492237413482,Brand Awareness,0.0000,0,0,0,0,0,0,0,0,0,0,0,0,0,0,0,0,0,0.0000,0,0,0,0,0
2025-12-05,Search Network,Family Pantry Retention Initiative,East Region Conversion Cohort,18477671,Family Planners Interest Segment,118913640049972056,Shelf Story Warm Voice,118757879921027344,Brand Awareness,63.9659,48502,0,83594,130,0,0,0,0,0,0,0,0,0,0,0,69,57,0.1175,0,0,0,0,0
2025-12-06,Video Network,Family Pantry Retention Initiative,East Region Conversion Cohort,18477671,Weekend Deal Hunters Interest Segment,149582435915186674,Shelf Story Warm Voice,771766932430929551,Brand Awareness,20.4952,17911,0,23938,34,0,0,0,0,0,0,0,0,0,0,0,13,13,0.0726,0,0,0,0,0
2025-12-07,Influencer Network,Family Pantry Retention Initiative,East Region Conversion Cohort,18477671,Health Conscious Buyers Interest Segment,177146400897430092,Shelf Story Warm Voice,125010800506358682,Brand Awareness,95.7759,95896,0,57901,152,0,0,0,0,0,0,0,0,0,0,0,45,71,0.0740,0,0,0,0,0
2025-12-08,Shopping Grid,Home Essentials Promo Initiative,East Region Prospecting Cohort,18477671,Health Conscious Buyers Interest Segment,112051189842394453,Price Drop Cut Value Voice,136910279477454488,Brand Awareness,1.0818,1102,0,1347,4,6,100,19,7,0,19,30,532,0,0,0,5,295,26.7695,0,0,0,0,0
2025-12-09,Marketplace Feed,Home Essentials Promo Initiative,East Region Prospecting Cohort,18477671,Health Conscious Buyers Interest Segment,534609213932090705,Price Drop Cut Value Voice,552366212827275778,Brand Awareness,0.5706,720,0,805,1,0,80,5,0,0,9,6,454,0,0,0,1,193,26.8056,0,0,0,0,0
2025-12-10,In-App Display,Smart Choice Impact Initiative,East Region Prospecting Cohort,18477671,Family Planners Interest Segment,160816362089030229,Offer Spotlight Value Voice,237614485843363769,Brand Awareness,44.3259,21356,0,28806,37,8,100,26,14,0,128,87,19274,0,0,0,5,1732,8.1101,0,0,0,0,0
2025-12-11,Marketplace Feed,Smart Choice Impact Initiative,East Region Prospecting Cohort,18477671,Bulk Buyers Retention Segment,112543485243332528,Offer Spotlight Value Voice,252505519243767839,Brand Awareness,54.5740,39072,0,39612,24,12,100,42,16,0,172,124,28569,0,0,0,7,2305,5.8994,0,0,0,0,0
2025-12-12,Connected TV,Smart Choice Impact Initiative,East Region Prospecting Cohort,18477671,Health Conscious Buyers Interest Segment,182723406752174546,Offer Spotlight Value Voice,423170338506808282,Brand Awareness,3.0592,1398,0,1991,7,4,14,5,3,0,15,9,1572,0,0,0,2,115,8.2260,0,0,0,0,0
2025-12-13,Influencer Network,Smart Choice Impact Initiative,East Region Prospecting Cohort,18477671,Health Conscious Buyers Interest Segment,573172726100372167,Offer Spotlight Bold Voice,122885112461996306,Brand Awareness,1.0610,1002,0,810,0,0,0,0,0,0,0,0,0,0,0,0,0,0,0.0000,0,0,0,0,0
2025-12-14,Influencer Network,Smart Choice Impact Initiative,East Region Prospecting Cohort,18477671,Family Planners Interest Segment,534542628136685144,Offer Spotlight Bold Voice,116526341254524535,Brand Awareness,40.0196,27433,0,17614,17,0,0,0,0,0,0,0,0,0,0,0,0,6,0.0219,0,0,0,0,0
2025-12-15,In-App Display,Smart Choice Impact Initiative,East Region Prospecting Cohort,18477671,Health Conscious Buyers Interest Segment,131786783961333921,Offer Spotlight Value Voice,705205757413721577,Brand Awareness,0.7849,524,0,1025,0,1,4,3,2,0,3,3,461,0,0,0,1,59,11.2595,0,0,0,0,0
2025-12-16,Video Network,Home Essentials Promo Initiative,East Region Prospecting Cohort,18477671,Bulk Buyers Retention Segment,162853071358804827,Price Drop Cut Value Voice,738937145322144556,Brand Awareness,45.1881,69109,0,105374,284,24,100,100,100,0,854,1034,73551,0,0,0,179,6010,8.6964,0,0,0,0,0
2025-12-17,Video Network,Home Essentials Promo Initiative,East Region Prospecting Cohort,18477671,Family Planners Interest Segment,311630515941383750,Price Drop Cut Value Voice,668883979484534905,Brand Awareness,54.2932,83210,0,148497,240,94,100,100,100,0,1154,1050,60240,0,0,0,223,5235,6.2913,0,0,0,0,0
2025-12-18,Search Network,Smart Choice Impact Initiative,East Region Prospecting Cohort,18477671,Health Conscious Buyers Interest Segment,104742688502410437,Offer Spotlight Bold Voice,699445381393965161,Brand Awareness,0.3960,362,0,273,0,0,0,0,0,0,0,0,0,0,0,0,0,0,0.0000,0,0,0,0,0
2025-12-19,Display Network,Home Essentials Scale Initiative,Metro Region Loyalty Cohort,18477671,Family Planners Lookalike Segment,446016762288579880,Shelf Story Bold Voice,113800263724801222,Brand Awareness,0.0000,0,0,0,0,0,0,0,0,0,0,0,0,0,0,0,0,0,0.0000,0,0,0,0,0
2025-12-20,In-App Display,Home Essentials Scale Initiative,Metro Region Loyalty Cohort,18477671,Quick Refill Buyers Retention Segment,680094259900990869,Shelf Story Bold Voice,769886055999783877,Brand Awareness,0.0000,0,0,0,0,0,0,0,0,0,0,0,0,0,0,0,0,0,0.0000,0,0,0,0,0
2025-12-21,Discovery Network,Home Essentials Scale Initiative,Metro Region Loyalty Cohort,18477671,Health Conscious Buyers Interest Segment,159508469974487548,Shelf Story Bold Voice,113329620542890551,Brand Awareness,0.0000,0,0,0,0,0,0,0,0,0,0,0,0,0,0,0,0,0,0.0000,0,0,0,0,0
2025-12-22,Marketplace Feed,Market Fresh Demand Initiative,Metro Region Prospecting Cohort,18477671,Weekend Deal Hunters Interest Segment,161376797460090312,Product Reel Bold Voice,509760748397830743,Brand Awareness,19.7163,21287,0,20573,35,0,0,0,0,0,0,0,0,0,0,0,22,15,0.0705,0,0,0,0,0
2025-12-23,Shopping Grid,Home Essentials Promo Initiative,East Region Prospecting Cohort,18477671,Bulk Buyers Retention Segment,248674078184555859,Offer Spotlight Bold Voice,452112915739182326,Brand Awareness,71.2973,43444,0,30936,54,10,100,37,17,0,10,8,580,0,0,0,8,199,0.4581,0,0,0,0,0
2025-12-24,Display Network,Home Essentials Promo Initiative,East Region Prospecting Cohort,18477671,Family Planners Interest Segment,126757682204121107,Offer Spotlight Bold Voice,121926468845256924,Brand Awareness,45.2435,29420,0,43760,53,7,100,23,9,0,5,5,549,0,0,0,11,147,0.4997,0,0,0,0,0
2025-12-25,Display Network,Home Essentials Promo Initiative,East Region Prospecting Cohort,18477671,Health Conscious Buyers Interest Segment,159890011514394505,Offer Spotlight Bold Voice,142381176949482591,Brand Awareness,6.3690,2621,0,3562,5,0,9,1,0,0,0,0,48,0,0,0,1,16,0.6105,0,0,0,0,0
2025-12-26,Retail Media Network,Smart Choice Impact Initiative,East Region Prospecting Cohort,18477671,Bulk Buyers Retention Segment,727021043852924192,Shelf Story Warm Voice,133409347016678165,Brand Awareness,0.0000,0,0,0,0,0,0,0,0,0,0,0,0,0,0,0,0,0,0.0000,0,0,0,0,0
2025-12-27,Discovery Network,Home Essentials Promo Initiative,East Region Prospecting Cohort,18477671,Health Conscious Buyers Interest Segment,364535938237621249,Offer Spotlight Bold Voice,103276194285622030,Brand Awareness,0.7212,675,0,864,1,0,5,0,0,0,0,0,19,0,0,0,0,8,1.1852,0,0,0,0,0
2025-12-28,Affiliate Network,Smart Choice Impact Initiative,East Region Prospecting Cohort,18477671,Family Planners Interest Segment,373256667201293858,Shelf Story Warm Voice,883079818290164457,Brand Awareness,0.0000,0,0,0,0,0,0,0,0,0,0,0,0,0,0,0,0,0,0.0000,0,0,0,0,0
2025-12-29,Connected TV,Market Fresh Demand Initiative,Metro Region Prospecting Cohort,18477671,Health Conscious Buyers Interest Segment,111425641592502989,Product Reel Bold Voice,973295260612807555,Brand Awareness,38.7489,27751,0,28492,62,0,0,0,0,0,0,0,0,0,0,0,21,19,0.0685,0,0,0,0,0
2025-12-30,Retail Media Network,Smart Choice Impact Initiative,East Region Prospecting Cohort,18477671,Health Conscious Buyers Interest Segment,762486691540035959,Shelf Story Warm Voice,410836238484767847,Brand Awareness,0.2849,183,0,128,0,0,0,0,0,0,0,0,130,0,0,0,0,14,7.6503,0,0,0,0,0
2025-12-31,Display Network,Smart Choice Impact Initiative,East Region Prospecting Cohort,18477671,Family Planners Interest Segment,373256667201293858,Shelf Story Warm Voice,883079818290164457,Brand Awareness,58.1319,28200,0,37865,35,13,100,42,21,0,92,118,27508,0,0,0,5,2650,9.3972,0,0,0,0,0
2025-12-01,Connected TV,Smart Choice Impact Initiative,East Region Prospecting Cohort,18477671,Health Conscious Buyers Interest Segment,950593568547477339,Shelf Story Warm Voice,776672657555918232,Brand Awareness,2.0247,2507,0,1244,0,0,12,1,1,0,13,10,1439,0,0,0,0,138,5.5046,0,0,0,0,0
2025-12-02,In-App Display,Family Pantry Retention Initiative,East Region Conversion Cohort,18477671,Family Planners Interest Segment,118913640049972056,Shelf Story Warm Voice,118757879921027344,Brand Awareness,110.7087,102796,0,58030,216,0,0,0,0,0,0,0,0,0,0,0,91,65,0.0632,0,0,0,0,0
2025-12-03,In-App Display,Seasonal Select Demand Initiative,Metro Region Loyalty Cohort,18477671,Health Conscious Buyers Interest Segment,282702381896898873,Offer Spotlight Bold Voice,819625215333485369,Brand Awareness,0.0000,0,0,0,0,0,0,0,0,0,0,0,0,0,0,0,0,0,0.0000,0,0,0,0,0
2025-12-04,Video Network,Seasonal Select Demand Initiative,Metro Region Loyalty Cohort,18477671,Weekend Deal Hunters Interest Segment,139993609999854281,Offer Spotlight Bold Voice,114177678369764321,Brand Awareness,0.0000,0,0,0,0,0,0,0,0,0,0,0,0,0,0,0,0,0,0.0000,0,0,0,0,0
2025-12-05,Search Network,Family Pantry Retention Initiative,East Region Conversion Cohort,18477671,Weekend Deal Hunters Interest Segment,149582435915186674,Shelf Story Warm Voice,771766932430929551,Brand Awareness,12.5503,10107,0,12468,22,0,0,0,0,0,0,0,0,0,0,0,5,11,0.1088,0,0,0,0,0
2025-12-06,Discovery Network,Family Pantry Retention Initiative,East Region Conversion Cohort,18477671,Health Conscious Buyers Interest Segment,177146400897430092,Shelf Story Warm Voice,125010800506358682,Brand Awareness,117.4656,104238,0,89956,133,0,0,0,0,0,0,0,0,0,0,0,34,75,0.0720,0,0,0,0,0
2025-12-07,In-App Display,Market Fresh Demand Initiative,Metro Region Prospecting Cohort,18477671,Health Conscious Buyers Interest Segment,111425641592502989,Product Reel Bold Voice,973295260612807555,Brand Awareness,30.0099,23918,0,28618,48,0,0,0,0,0,0,0,0,0,0,0,10,14,0.0585,0,0,0,0,0
2025-12-08,Discovery Network,Home Essentials Promo Initiative,East Region Prospecting Cohort,18477671,Bulk Buyers Retention Segment,248674078184555859,Offer Spotlight Bold Voice,452112915739182326,Brand Awareness,74.7913,52485,0,49691,33,8,100,32,14,0,4,7,585,0,0,0,11,134,0.2553,0,0,0,0,0
2025-12-09,Connected TV,Home Essentials Promo Initiative,East Region Prospecting Cohort,18477671,Family Planners Interest Segment,126757682204121107,Offer Spotlight Bold Voice,121926468845256924,Brand Awareness,61.4403,49387,0,22605,37,4,100,28,7,0,3,4,465,0,0,0,10,162,0.3280,0,0,0,0,0
2025-12-10,Connected TV,Home Essentials Promo Initiative,East Region Prospecting Cohort,18477671,Health Conscious Buyers Interest Segment,159890011514394505,Offer Spotlight Bold Voice,142381176949482591,Brand Awareness,3.7558,3524,0,3159,12,1,10,2,1,0,1,1,42,0,0,0,1,14,0.3973,0,0,0,0,0
2025-12-11,Influencer Network,Home Essentials Promo Initiative,East Region Prospecting Cohort,18477671,Health Conscious Buyers Interest Segment,364535938237621249,Offer Spotlight Bold Voice,103276194285622030,Brand Awareness,0.7424,331,0,400,4,1,1,1,1,0,1,1,10,0,0,0,1,2,0.6042,0,0,0,0,0
2025-12-12,Social Feed,Smart Choice Impact Initiative,East Region Prospecting Cohort,18477671,Bulk Buyers Retention Segment,727021043852924192,Shelf Story Warm Voice,133409347016678165,Brand Awareness,50.8362,41019,0,44042,37,17,100,51,23,0,116,164,35709,0,0,0,5,2783,6.7847,0,0,0,0,0
2025-12-13,Discovery Network,Family Pantry Retention Initiative,Metro Region Loyalty Cohort,18477671,Weekend Deal Hunters Interest Segment,174176954196329732,Shelf Story Warm Voice,925460221944962698,Brand Awareness,0.0000,0,0,0,0,0,0,0,0,0,0,0,0,0,0,0,0,0,0.0000,0,0,0,0,0
2025-12-14,Affiliate Network,Market Fresh Demand Initiative,Metro Region Prospecting Cohort,18477671,Weekend Deal Hunters Interest Segment,161376797460090312,Product Reel Bold Voice,509760748397830743,Brand Awareness,23.3841,22131,0,24223,32,0,0,0,0,0,0,0,0,0,0,0,9,24,0.1084,0,0,0,0,0
2025-12-15,Shopping Grid,Home Essentials Scale Initiative,Metro Region Loyalty Cohort,18477671,Family Planners Lookalike Segment,446016762288579880,Shelf Story Bold Voice,113800263724801222,Brand Awareness,0.0000,0,0,0,0,0,0,0,0,0,0,0,0,0,0,0,0,0,0.0000,0,0,0,0,0
2025-12-16,Shopping Grid,Home Essentials Scale Initiative,Metro Region Loyalty Cohort,18477671,Weekend Deal Hunters Interest Segment,377247011822843168,Shelf Story Bold Voice,643135492237413482,Brand Awareness,0.0000,0,0,0,0,0,0,0,0,0,0,0,0,0,0,0,0,0,0.0000,0,0,0,0,0
2025-12-17,Social Feed,Home Essentials Scale Initiative,Metro Region Loyalty Cohort,18477671,Quick Refill Buyers Retention Segment,680094259900990869,Shelf Story Bold Voice,769886055999783877,Brand Awareness,0.0000,0,0,0,0,0,0,0,0,0,0,0,0,0,0,0,0,0,0.0000,0,0,0,0,0
2025-12-18,Social Feed,Home Essentials Scale Initiative,Metro Region Loyalty Cohort,18477671,Weekend Deal Hunters Interest Segment,377247011822843168,Shelf Story Bold Voice,643135492237413482,Brand Awareness,0.0000,0,0,0,0,0,0,0,0,0,0,0,0,0,0,0,0,0,0.0000,0,0,0,0,0
2025-12-19,Retail Media Network,Home Essentials Scale Initiative,Metro Region Loyalty Cohort,18477671,Quick Refill Buyers Retention Segment,680094259900990869,Shelf Story Bold Voice,769886055999783877,Brand Awareness,0.0000,0,0,0,0,0,0,0,0,0,0,0,0,0,0,0,0,0,0.0000,0,0,0,0,0
2025-12-20,Social Feed,Home Essentials Scale Initiative,Metro Region Loyalty Cohort,18477671,Health Conscious Buyers Interest Segment,159508469974487548,Shelf Story Bold Voice,113329620542890551,Brand Awareness,0.0000,0,0,0,0,0,0,0,0,0,0,0,0,0,0,0,0,0,0.0000,0,0,0,0,0
2025-12-21,Shopping Grid,Family Pantry Retention Initiative,Metro Region Loyalty Cohort,18477671,Weekend Deal Hunters Interest Segment,174176954196329732,Shelf Story Warm Voice,925460221944962698,Brand Awareness,0.0000,0,0,0,0,0,0,0,0,0,0,0,0,0,0,0,0,0,0.0000,0,0,0,0,0
2025-12-22,Shopping Grid,Market Fresh Demand Initiative,Metro Region Prospecting Cohort,18477671,Weekend Deal Hunters Interest Segment,161376797460090312,Product Reel Bold Voice,509760748397830743,Brand Awareness,14.4222,11120,0,14232,13,0,0,0,0,0,0,0,0,0,0,0,12,8,0.0719,0,0,0,0,0
2025-12-23,Influencer Network,Market Fresh Demand Initiative,Metro Region Prospecting Cohort,18477671,Health Conscious Buyers Interest Segment,111425641592502989,Product Reel Bold Voice,973295260612807555,Brand Awareness,50.6255,56122,0,50303,153,0,0,0,0,0,0,0,0,0,0,0,145,85,0.1515,0,0,0,0,0
2025-12-24,Retail Media Network,Home Essentials Promo Initiative,East Region Prospecting Cohort,18477671,Bulk Buyers Retention Segment,248674078184555859,Offer Spotlight Bold Voice,452112915739182326,Brand Awareness,64.9372,67746,0,59472,65,16,100,57,18,0,22,11,732,0,0,0,10,233,0.3439,0,0,0,0,0
2025-12-25,Shopping Grid,Home Essentials Promo Initiative,East Region Prospecting Cohort,18477671,Family Planners Interest Segment,126757682204121107,Offer Spotlight Bold Voice,121926468845256924,Brand Awareness,48.4716,48423,0,58437,43,26,100,93,39,0,39,24,1200,0,0,0,17,331,0.6836,0,0,0,0,0
2025-12-26,Display Network,Home Essentials Promo Initiative,East Region Prospecting Cohort,18477671,Health Conscious Buyers Interest Segment,159890011514394505,Offer Spotlight Bold Voice,142381176949482591,Brand Awareness,3.4652,2727,0,3044,5,0,6,1,0,0,0,0,24,0,0,0,1,10,0.3667,0,0,0,0,0
2025-12-27,Retail Media Network,Smart Choice Impact Initiative,East Region Prospecting Cohort,18477671,Bulk Buyers Retention Segment,727021043852924192,Shelf Story Warm Voice,133409347016678165,Brand Awareness,38.8958,21887,0,28358,51,15,100,41,15,0,113,117,28126,0,0,0,9,2022,9.2384,0,0,0,0,0
2025-12-28,Shopping Grid,Smart Choice Impact Initiative,East Region Prospecting Cohort,18477671,Health Conscious Buyers Interest Segment,762486691540035959,Shelf Story Warm Voice,410836238484767847,Brand Awareness,0.1631,147,0,170,0,0,0,0,0,0,0,0,136,0,0,0,0,8,5.4422,0,0,0,0,0
2025-12-29,Marketplace Feed,Smart Choice Impact Initiative,East Region Prospecting Cohort,18477671,Family Planners Interest Segment,373256667201293858,Shelf Story Warm Voice,883079818290164457,Brand Awareness,75.8021,67269,0,43426,87,30,100,68,41,0,177,194,49027,0,0,0,8,3010,4.4746,0,0,0,0,0
2025-12-30,Influencer Network,Smart Choice Impact Initiative,East Region Prospecting Cohort,18477671,Health Conscious Buyers Interest Segment,950593568547477339,Shelf Story Warm Voice,776672657555918232,Brand Awareness,1.7360,1824,0,1714,2,1,12,4,1,0,17,9,1400,0,0,0,1,122,6.6886,0,0,0,0,0
2025-12-31,Affiliate Network,Seasonal Select Demand Initiative,Metro Region Loyalty Cohort,18477671,Quick Refill Buyers Retention Segment,185265442205907450,Offer Spotlight Bold Voice,966012141165852674,Brand Awareness,1.7026,104,0,56,0,100,100,100,100,0,145,97,148,0,0,0,0,149,143.2692,0,0,0,0,0
2025-12-01,Social Feed,Home Essentials Promo Initiative,East Region Prospecting Cohort,18477671,Health Conscious Buyers Interest Segment,364535938237621249,Offer Spotlight Bold Voice,103276194285622030,Brand Awareness,0.5936,614,0,683,2,1,3,2,1,0,1,1,12,0,0,0,3,5,0.8143,0,0,0,0,0
2025-12-02,Social Feed,Seasonal Select Demand Initiative,Metro Region Loyalty Cohort,18477671,Health Conscious Buyers Interest Segment,282702381896898873,Offer Spotlight Bold Voice,819625215333485369,Brand Awareness,60.1443,5706,0,2838,7,100,100,100,100,0,7916,4600,5820,0,0,0,4,4011,70.2944,0,0,0,0,0
2025-12-03,Video Network,Seasonal Select Demand Initiative,Metro Region Loyalty Cohort,18477671,Weekend Deal Hunters Interest Segment,139993609999854281,Offer Spotlight Bold Voice,114177678369764321,Brand Awareness,97.4783,5774,0,2239,6,100,100,100,100,0,4852,6327,6407,0,0,0,4,5174,89.6086,0,0,0,0,0
2025-12-04,Search Network,Family Pantry Retention Initiative,East Region Conversion Cohort,18477671,Weekend Deal Hunters Interest Segment,149582435915186674,Shelf Story Warm Voice,771766932430929551,Brand Awareness,20.2868,12181,0,8818,25,0,0,0,0,0,0,0,0,0,0,0,10,11,0.0903,0,0,0,0,0
2025-12-05,Marketplace Feed,Family Pantry Retention Initiative,East Region Conversion Cohort,18477671,Family Planners Interest Segment,118913640049972056,Shelf Story Warm Voice,118757879921027344,Brand Awareness,81.2398,71634,0,87644,201,0,0,0,0,0,0,0,0,1,0,0,97,87,0.1215,0,0,0,0,0
2025-12-06,Retail Media Network,Family Pantry Retention Initiative,East Region Conversion Cohort,18477671,Health Conscious Buyers Interest Segment,177146400897430092,Shelf Story Warm Voice,125010800506358682,Brand Awareness,77.5344,61560,0,90224,86,0,0,0,0,0,0,0,0,0,1,0,31,81,0.1316,0,0,0,0,0
2025-12-07,Discovery Network,Family Pantry Retention Initiative,Metro Region Loyalty Cohort,18477671,Family Planners Lookalike Segment,131110122694256392,Shelf Story Warm Voice,585790054530420953,Brand Awareness,0.0000,0,0,0,0,0,0,0,0,0,0,0,0,0,0,0,0,0,0.0000,0,0,0,0,0
2025-12-08,Retail Media Network,Family Pantry Retention Initiative,Metro Region Loyalty Cohort,18477671,Weekend Deal Hunters Interest Segment,174176954196329732,Shelf Story Warm Voice,925460221944962698,Brand Awareness,0.0000,0,0,0,0,0,0,0,0,0,0,0,0,0,0,0,0,0,0.0000,0,0,0,0,0
2025-12-09,Marketplace Feed,Family Pantry Retention Initiative,Metro Region Loyalty Cohort,18477671,Family Planners Lookalike Segment,131110122694256392,Shelf Story Warm Voice,585790054530420953,Brand Awareness,0.0000,0,0,0,0,0,0,0,0,0,0,0,0,0,0,0,0,0,0.0000,0,0,0,0,0
2025-12-10,In-App Display,Family Pantry Retention Initiative,East Region Conversion Cohort,18477671,Weekend Deal Hunters Interest Segment,149582435915186674,Shelf Story Warm Voice,771766932430929551,Brand Awareness,12.9039,14233,0,16220,23,0,0,0,0,0,0,0,0,0,0,0,19,23,0.1616,0,0,0,0,0
2025-12-11,Influencer Network,Family Pantry Retention Initiative,East Region Conversion Cohort,18477671,Health Conscious Buyers Interest Segment,177146400897430092,Shelf Story Warm Voice,125010800506358682,Brand Awareness,91.8181,121400,0,117339,291,0,0,0,0,0,0,0,0,0,0,0,148,160,0.1318,0,0,0,0,0
2025-12-12,Affiliate Network,Seasonal Select Demand Initiative,Metro Region Loyalty Cohort,18477671,Quick Refill Buyers Retention Segment,185265442205907450,Offer Spotlight Bold Voice,966012141165852674,Brand Awareness,7.7615,366,0,120,0,100,100,100,100,0,542,328,440,0,0,0,0,410,112.0219,0,0,0,0,0
2025-12-13,Affiliate Network,Seasonal Select Demand Initiative,Metro Region Loyalty Cohort,18477671,Health Conscious Buyers Interest Segment,282702381896898873,Offer Spotlight Bold Voice,819625215333485369,Brand Awareness,90.9761,6327,0,2757,5,100,100,100,100,0,4909,5049,6189,0,0,0,6,7030,111.1111,0,0,0,0,0
2025-12-14,Display Network,Seasonal Select Demand Initiative,Metro Region Loyalty Cohort,18477671,Weekend Deal Hunters Interest Segment,139993609999854281,Offer Spotlight Bold Voice,114177678369764321,Brand Awareness,103.6016,8441,0,3611,9,100,100,100,100,0,9890,6018,7850,0,0,0,4,5681,67.3025,0,0,0,0,0
2025-12-15,Marketplace Feed,Smart Choice Impact Initiative,East Region Prospecting Cohort,18477671,Health Conscious Buyers Interest Segment,950593568547477339,Shelf Story Warm Voice,776672657555918232,Brand Awareness,1.7537,1939,0,1800,1,0,9,3,1,0,7,5,1301,0,0,0,0,132,6.8076,0,0,0,0,0
2025-12-16,Marketplace Feed,Home Essentials Scale Initiative,Metro Region Loyalty Cohort,18477671,Family Planners Lookalike Segment,446016762288579880,Shelf Story Bold Voice,113800263724801222,Brand Awareness,0.0000,0,0,0,0,0,0,0,0,0,0,0,0,0,0,0,0,0,0.0000,0,0,0,0,0
2025-12-17,Social Feed,Home Essentials Scale Initiative,Metro Region Loyalty Cohort,18477671,Quick Refill Buyers Retention Segment,680094259900990869,Shelf Story Bold Voice,769886055999783877,Brand Awareness,0.0000,0,0,0,0,0,0,0,0,0,0,0,0,0,0,0,0,0,0.0000,0,0,0,0,0
2025-12-18,Video Network,Home Essentials Scale Initiative,Metro Region Loyalty Cohort,18477671,Health Conscious Buyers Interest Segment,159508469974487548,Shelf Story Bold Voice,113329620542890551,Brand Awareness,0.0000,0,0,0,0,0,0,0,0,0,0,0,0,0,0,0,0,0,0.0000,0,0,0,0,0
2025-12-19,Retail Media Network,Market Fresh Demand Initiative,Metro Region Prospecting Cohort,18477671,Weekend Deal Hunters Interest Segment,161376797460090312,Product Reel Bold Voice,509760748397830743,Brand Awareness,13.3116,14177,0,12188,50,0,0,0,0,0,0,0,0,0,0,0,9,12,0.0846,0,0,0,0,0
2025-12-20,Retail Media Network,Home Essentials Promo Initiative,East Region Prospecting Cohort,18477671,Bulk Buyers Retention Segment,248674078184555859,Offer Spotlight Bold Voice,452112915739182326,Brand Awareness,53.8240,55651,0,81425,88,4,44,14,7,0,3,3,340,0,0,0,14,86,0.1545,0,0,0,0,0
2025-12-21,Influencer Network,Home Essentials Promo Initiative,East Region Prospecting Cohort,18477671,Family Planners Interest Segment,126757682204121107,Offer Spotlight Bold Voice,121926468845256924,Brand Awareness,43.2874,34608,0,30051,64,24,100,85,33,0,29,21,1298,0,0,0,10,441,1.2743,0,0,0,0,0
2025-12-22,Display Network,Home Essentials Promo Initiative,East Region Prospecting Cohort,18477671,Health Conscious Buyers Interest Segment,159890011514394505,Offer Spotlight Bold Voice,142381176949482591,Brand Awareness,4.7588,2901,0,3084,6,1,2,1,1,0,1,1,17,0,0,0,0,4,0.1379,0,0,0,0,0
2025-12-23,Video Network,Smart Choice Impact Initiative,East Region Prospecting Cohort,18477671,Bulk Buyers Retention Segment,727021043852924192,Shelf Story Warm Voice,133409347016678165,Brand Awareness,48.0731,45771,0,31777,75,18,100,51,21,0,131,123,32942,0,0,0,6,1464,3.1985,0,0,0,0,0
2025-12-24,Connected TV,Home Essentials Promo Initiative,East Region Prospecting Cohort,18477671,Health Conscious Buyers Interest Segment,364535938237621249,Offer Spotlight Bold Voice,103276194285622030,Brand Awareness,0.6397,389,0,409,0,1,5,1,1,0,1,1,11,0,0,0,0,5,1.2853,0,0,0,0,0
2025-12-25,Affiliate Network,Smart Choice Impact Initiative,East Region Prospecting Cohort,18477671,Health Conscious Buyers Interest Segment,762486691540035959,Shelf Story Warm Voice,410836238484767847,Brand Awareness,0.2964,265,0,186,1,0,0,0,0,0,0,0,150,0,0,0,0,12,4.5283,0,0,0,0,0
2025-12-26,Social Feed,Smart Choice Impact Initiative,East Region Prospecting Cohort,18477671,Family Planners Interest Segment,373256667201293858,Shelf Story Warm Voice,883079818290164457,Brand Awareness,71.8693,40310,0,51212,94,24,100,65,45,0,281,202,42877,0,0,0,12,3202,7.9434,0,0,0,0,0
2025-12-27,Shopping Grid,Home Essentials Scale Initiative,Metro Region Loyalty Cohort,18477671,Weekend Deal Hunters Interest Segment,377247011822843168,Shelf Story Bold Voice,643135492237413482,Brand Awareness,0.0000,0,0,0,0,0,0,0,0,0,0,0,0,0,0,0,0,0,0.0000,0,0,0,0,0
2025-12-28,Search Network,Market Fresh Demand Initiative,Metro Region Prospecting Cohort,18477671,Health Conscious Buyers Interest Segment,111425641592502989,Product Reel Bold Voice,973295260612807555,Brand Awareness,35.4179,34638,0,64439,86,0,0,0,0,0,0,0,0,0,0,0,29,32,0.0924,0,0,0,0,0
2025-12-29,Social Feed,Family Pantry Retention Initiative,East Region Conversion Cohort,18477671,Family Planners Interest Segment,118913640049972056,Shelf Story Warm Voice,118757879921027344,Brand Awareness,109.0479,87914,0,98502,142,0,0,0,0,0,0,0,0,0,0,0,54,100,0.1137,0,0,0,0,0
2025-12-30,Display Network,Home Essentials Scale Initiative,Metro Region Loyalty Cohort,18477671,Family Planners Lookalike Segment,446016762288579880,Shelf Story Bold Voice,113800263724801222,Brand Awareness,0.0000,0,0,0,0,0,0,0,0,0,0,0,0,0,0,0,0,0,0.0000,0,0,0,0,0
2025-12-31,Social Feed,Home Essentials Scale Initiative,Metro Region Loyalty Cohort,18477671,Quick Refill Buyers Retention Segment,680094259900990869,Shelf Story Bold Voice,769886055999783877,Brand Awareness,0.0000,0,0,0,0,0,0,0,0,0,0,0,0,0,0,0,0,0,0.0000,0,0,0,0,0
2025-12-01,Affiliate Network,Home Essentials Scale Initiative,Metro Region Loyalty Cohort,18477671,Health Conscious Buyers Interest Segment,159508469974487548,Shelf Story Bold Voice,113329620542890551,Brand Awareness,0.0000,0,0,0,0,0,0,0,0,0,0,0,0,0,0,0,0,0,0.0000,0,0,0,0,0
2025-12-02,Marketplace Feed,Market Fresh Demand Initiative,Metro Region Prospecting Cohort,18477671,Weekend Deal Hunters Interest Segment,161376797460090312,Product Reel Bold Voice,509760748397830743,Brand Awareness,27.4114,19466,0,27981,64,0,0,0,0,0,0,0,0,0,0,0,15,38,0.1952,0,0,0,0,0
2025-12-03,Search Network,Home Essentials Promo Initiative,East Region Prospecting Cohort,18477671,Bulk Buyers Retention Segment,248674078184555859,Offer Spotlight Bold Voice,452112915739182326,Brand Awareness,47.2357,57135,0,61860,43,4,33,11,7,0,3,3,305,0,0,0,6,48,0.0840,0,0,0,0,0
2025-12-04,Marketplace Feed,Home Essentials Promo Initiative,East Region Prospecting Cohort,18477671,Family Planners Interest Segment,126757682204121107,Offer Spotlight Bold Voice,121926468845256924,Brand Awareness,51.3146,50741,0,68060,31,35,100,100,46,0,34,30,1593,0,0,0,10,622,1.2258,0,0,0,0,0
2025-12-05,Retail Media Network,Home Essentials Promo Initiative,East Region Prospecting Cohort,18477671,Health Conscious Buyers Interest Segment,159890011514394505,Offer Spotlight Bold Voice,142381176949482591,Brand Awareness,2.9663,2787,0,2212,14,1,9,3,2,0,2,2,26,0,0,0,6,12,0.4306,0,0,0,0,0
2025-12-06,Search Network,Smart Choice Impact Initiative,East Region Prospecting Cohort,18477671,Bulk Buyers Retention Segment,727021043852924192,Shelf Story Warm Voice,133409347016678165,Brand Awareness,47.2739,39929,0,56988,86,29,100,77,45,0,194,182,46454,0,0,0,11,2025,5.0715,0,0,0,0,0
2025-12-07,Display Network,Smart Choice Impact Initiative,East Region Prospecting Cohort,18477671,Health Conscious Buyers Interest Segment,762486691540035959,Shelf Story Warm Voice,410836238484767847,Brand Awareness,0.1652,120,0,105,0,0,0,0,0,0,0,0,95,0,0,0,0,6,5.0000,0,0,0,0,0
2025-12-08,Social Feed,Smart Choice Impact Initiative,East Region Prospecting Cohort,18477671,Family Planners Interest Segment,373256667201293858,Shelf Story Warm Voice,883079818290164457,Brand Awareness,65.4407,32165,0,49061,84,31,100,57,40,0,223,184,37326,0,0,0,11,2632,8.1828,0,0,0,0,0
2025-12-09,Marketplace Feed,Smart Choice Impact Initiative,East Region Prospecting Cohort,18477671,Health Conscious Buyers Interest Segment,950593568547477339,Shelf Story Warm Voice,776672657555918232,Brand Awareness,1.1045,885,0,798,2,0,4,2,1,0,4,3,595,0,0,0,0,64,7.2316,0,0,0,0,0
2025-12-10,Influencer Network,Family Pantry Retention Initiative,East Region Conversion Cohort,18477671,Family Planners Interest Segment,118913640049972056,Shelf Story Warm Voice,118757879921027344,Brand Awareness,61.5046,46960,0,61290,94,0,0,0,0,0,0,0,0,0,0,0,42,81,0.1725,0,0,0,0,0
2025-12-11,Affiliate Network,Family Pantry Retention Initiative,East Region Conversion Cohort,18477671,Health Conscious Buyers Interest Segment,177146400897430092,Shelf Story Warm Voice,125010800506358682,Brand Awareness,97.0470,129657,0,92276,233,0,0,0,0,0,0,0,0,0,0,0,140,167,0.1288,0,0,0,0,0
2025-12-12,Video Network,Seasonal Select Demand Initiative,Metro Region Loyalty Cohort,18477671,Quick Refill Buyers Retention Segment,185265442205907450,Offer Spotlight Bold Voice,966012141165852674,Brand Awareness,15.6695,823,0,304,2,100,100,100,100,0,1184,776,897,0,0,0,3,973,118.2260,0,0,0,0,0
2025-12-13,Shopping Grid,Market Fresh Demand Initiative,Metro Region Prospecting Cohort,18477671,Health Conscious Buyers Interest Segment,111425641592502989,Product Reel Bold Voice,973295260612807555,Brand Awareness,32.0175,40272,0,35635,46,0,0,0,0,0,0,0,0,0,0,0,51,49,0.1217,0,0,0,0,0
2025-12-14,Connected TV,Home Essentials Promo Initiative,East Region Prospecting Cohort,18477671,Health Conscious Buyers Interest Segment,364535938237621249,Offer Spotlight Bold Voice,103276194285622030,Brand Awareness,0.5911,206,0,294,0,0,1,0,0,0,0,0,12,0,0,0,0,1,0.4854,0,0,0,0,0
2025-12-15,Affiliate Network,Family Pantry Retention Initiative,East Region Conversion Cohort,18477671,Weekend Deal Hunters Interest Segment,149582435915186674,Shelf Story Warm Voice,771766932430929551,Brand Awareness,21.9587,19737,0,21202,64,0,0,0,0,0,0,0,0,0,0,0,33,24,0.1216,0,0,0,0,0
2025-12-16,Influencer Network,Seasonal Select Demand Initiative,Metro Region Loyalty Cohort,18477671,Health Conscious Buyers Interest Segment,282702381896898873,Offer Spotlight Bold Voice,819625215333485369,Brand Awareness,93.7022,6953,0,3007,16,100,100,100,100,0,7081,4788,5529,0,0,0,8,5675,81.6194,0,0,0,0,0
2025-12-17,Display Network,Family Pantry Retention Initiative,Metro Region Loyalty Cohort,18477671,Quick Refill Buyers Retention Segment,513232078006145092,Shelf Story Warm Voice,133729297815049595,Brand Awareness,0.0000,0,0,0,0,0,0,0,0,0,0,0,0,0,0,0,0,0,0.0000,0,0,0,0,0
2025-12-18,Connected TV,Family Pantry Retention Initiative,Metro Region Loyalty Cohort,18477671,Family Planners Lookalike Segment,131110122694256392,Shelf Story Warm Voice,585790054530420953,Brand Awareness,0.0000,0,0,0,0,0,0,0,0,0,0,0,0,0,0,0,0,0,0.0000,0,0,0,0,0
2025-12-19,Search Network,Home Essentials Scale Initiative,Metro Region Loyalty Cohort,18477671,Weekend Deal Hunters Interest Segment,377247011822843168,Shelf Story Bold Voice,643135492237413482,Brand Awareness,0.0000,0,0,0,0,0,0,0,0,0,0,0,0,0,0,0,0,0,0.0000,0,0,0,0,0
2025-12-20,Retail Media Network,Seasonal Select Demand Initiative,Metro Region Loyalty Cohort,18477671,Weekend Deal Hunters Interest Segment,139993609999854281,Offer Spotlight Bold Voice,114177678369764321,Brand Awareness,164.6638,8364,0,3406,11,100,100,100,100,0,6619,6865,7576,0,0,0,11,8795,105.1530,0,0,0,0,0
2025-12-21,Affiliate Network,Family Pantry Retention Initiative,Metro Region Loyalty Cohort,15908997,Family Planners Lookalike Segment,1002710949555221,Shelf Story Warm Voice,5797898098365146,Brand Awareness,0.0000,0,0,0,0,0,0,0,0,0,0,0,0,0,0,0,0,0,0.0000,0,0,0,0,0
2025-12-22,Display Network,Weekend Saver Retention Initiative,Metro Region Loyalty Cohort,15908997,Health Conscious Buyers Retention Segment,4136110625615180,Offer Spotlight Bold Voice,3833443174798849,Brand Awareness,0.0000,0,0,0,0,0,0,0,0,0,0,0,0,0,0,0,0,0,0.0000,0,0,0,0,0
2025-12-23,Affiliate Network,Family Pantry Retention Initiative,Metro Region Loyalty Cohort,15908997,Health Conscious Buyers Retention Segment,4976789753470273,Shelf Story Warm Voice,4041974945367907,Brand Awareness,0.0000,0,0,0,0,0,0,0,0,0,0,0,0,0,0,0,0,0,0.0000,0,0,0,0,0
2025-12-24,Video Network,Weekend Saver Retention Initiative,Metro Region Loyalty Cohort,15908997,Health Conscious Buyers Interest Segment,1334393532567969,Price Drop Cut Value Voice,2051943278335934,Brand Awareness,0.0000,0,0,0,0,0,0,0,0,0,0,0,0,0,0,0,0,0,0.0000,0,0,0,0,0
2025-12-25,Video Network,Family Pantry Retention Initiative,Metro Region Conversion Cohort,38881639,Family Planners Lookalike Segment,1010331617086390,Shelf Story Warm Voice,1022962676348579,Brand Awareness,0.0000,0,0,0,0,0,0,0,0,0,0,0,0,0,0,0,0,0,0.0000,0,0,0,0,0
2025-12-26,Affiliate Network,Seasonal Select Promo Initiative,Metro Region Loyalty Cohort,15908997,Family Planners Lookalike Segment,1718074286658736,Offer Spotlight Bold Voice,1638167476571035,Brand Awareness,94.2989,20227,0,11419,34,78,100,100,100,241,189,0,0,0,0,135,0,217,1.0728,0,2,0,17577,0
2025-12-27,Shopping Grid,Seasonal Select Promo Initiative,Metro Region Loyalty Cohort,15908997,Health Conscious Buyers Retention Segment,3613956286158588,Shelf Story Bold Voice,1755467445485119,Brand Awareness,84.3088,23080,0,17760,59,100,100,100,100,466,280,0,0,0,0,44,0,68,0.2946,0,6,0,25859,0
2025-12-28,Retail Media Network,Weekend Saver Retention Initiative,Metro Region Loyalty Cohort,15908997,Health Conscious Buyers Interest Segment,1334393532567969,Shelf Story Warm Voice,2520693897922300,Brand Awareness,0.0000,0,0,0,0,0,0,0,0,0,0,0,0,0,0,0,0,0,0.0000,0,0,0,0,0
2025-12-29,Influencer Network,Seasonal Select Promo Initiative,Metro Region Loyalty Cohort,15908997,Health Conscious Buyers Interest Segment,1532426936569806,Shelf Story Warm Voice,9953353036347574,Brand Awareness,212.3594,47530,0,40671,84,100,100,100,100,1181,1177,0,0,0,0,214,0,277,0.5828,1,3,0,36076,0
2025-12-30,Discovery Network,Family Pantry Retention Initiative,Metro Region Loyalty Cohort,15908997,Health Conscious Buyers Retention Segment,4976789753470273,Shelf Story Warm Voice,5506678816268127,Brand Awareness,0.0000,0,0,0,0,0,0,0,0,0,0,0,0,0,0,0,0,0,0.0000,0,0,0,0,0
2025-12-31,Influencer Network,Weekend Saver Retention Initiative,Metro Region Loyalty Cohort,15908997,Family Planners Lookalike Segment,7248228093339312,Price Drop Cut Value Voice,9781212069592701,Brand Awareness,0.0000,0,0,0,0,0,0,0,0,0,0,0,0,0,0,0,0,0,0.0000,0,0,0,0,0
2025-12-01,Influencer Network,Family Pantry Retention Initiative,Metro Region Loyalty Cohort,15908997,Health Conscious Buyers Interest Segment,1474840462607869,Shelf Story Warm Voice,5682500646683685,Brand Awareness,0.0000,0,0,0,0,0,0,0,0,0,0,0,0,0,0,0,0,0,0.0000,0,0,0,0,0
2025-12-02,Discovery Network,Seasonal Select Promo Initiative,Metro Region Loyalty Cohort,15908997,Health Conscious Buyers Retention Segment,3613956286158588,Promo Banner Warm Voice,3456261421148856,Brand Awareness,138.8352,25575,0,22805,118,100,100,100,100,940,532,0,0,0,0,49,0,152,0.5943,0,2,0,24475,0
2025-12-03,Video Network,Family Pantry Retention Initiative,Metro Region Loyalty Cohort,15908997,Family Planners Lookalike Segment,1665761135741679,Shelf Story Warm Voice,2793262031628184,Brand Awareness,0.0000,0,0,0,0,0,0,0,0,0,0,0,0,0,0,0,0,0,0.0000,0,0,0,0,0
2025-12-04,Influencer Network,Family Pantry Retention Initiative,Metro Region Conversion Cohort,15908997,Bulk Buyers Retention Segment,1412316301536073,Offer Spotlight Friendly Voice,9097155454198752,Catalog Engagement,0.0000,0,0,0,0,0,0,0,0,0,0,0,0,0,0,0,0,0,0.0000,0,0,0,0,0
2025-12-05,Connected TV,Family Pantry Retention Initiative,Metro Region Conversion Cohort,44948390,Health Conscious Buyers Retention Segment,1425500821334288,Product Reel Bold Voice,2476416610568674,Catalog Engagement,0.0000,0,0,0,0,0,0,0,0,0,0,0,0,0,0,0,0,0,0.0000,0,0,0,0,0
2025-12-06,Video Network,Family Pantry Retention Initiative,Metro Region Loyalty Cohort,15908997,Health Conscious Buyers Retention Segment,1669733702699813,Shelf Story Warm Voice,2604915282803870,Brand Awareness,0.0000,0,0,0,0,0,0,0,0,0,0,0,0,0,0,0,0,0,0.0000,0,0,0,0,0
2025-12-07,Connected TV,Family Pantry Retention Initiative,Metro Region Loyalty Cohort,15908997,Family Planners Lookalike Segment,1665761135741679,Promo Banner Friendly Voice,1647756988327695,Brand Awareness,0.0000,0,0,0,0,0,0,0,0,0,0,0,0,0,0,0,0,0,0.0000,0,0,0,0,0
2025-12-08,Affiliate Network,Weekend Saver Retention Initiative,Metro Region Loyalty Cohort,15908997,Health Conscious Buyers Interest Segment,1334393532567969,Shelf Story Bold Voice,8314765461987923,Brand Awareness,0.0000,0,0,0,0,0,0,0,0,0,0,0,0,0,0,0,0,0,0.0000,0,0,0,0,0
2025-12-09,Video Network,Weekend Saver Retention Initiative,Metro Region Loyalty Cohort,15908997,Health Conscious Buyers Interest Segment,1334393532567969,Offer Spotlight Bold Voice,3220054077294586,Brand Awareness,0.0000,0,0,0,0,0,0,0,0,0,0,0,0,0,0,0,0,0,0.0000,0,0,0,0,0
2025-12-10,Search Network,Seasonal Select Promo Initiative,Metro Region Loyalty Cohort,15908997,Family Planners Lookalike Segment,1718074286658736,Shelf Story Warm Voice,1533493773187614,Brand Awareness,143.4935,37324,0,36295,71,100,100,100,100,534,373,0,0,1,0,341,0,277,0.7421,3,3,0,27355,0
2025-12-11,Affiliate Network,Seasonal Select Promo Initiative,Metro Region Loyalty Cohort,15908997,Family Planners Lookalike Segment,1718074286658736,Shelf Story Warm Voice,1532291780998103,Brand Awareness,122.9001,32541,0,20801,89,100,100,100,100,891,389,0,0,2,0,258,0,426,1.3091,0,1,0,24369,0
2025-12-12,Discovery Network,Seasonal Select Promo Initiative,Metro Region Loyalty Cohort,15908997,Health Conscious Buyers Retention Segment,3613956286158588,Offer Spotlight Bold Voice,4607696881668990,Brand Awareness,55.9594,8336,0,14050,14,92,100,100,100,188,247,0,0,0,0,13,0,74,0.8877,0,2,0,10448,0
2025-12-13,Shopping Grid,Weekend Saver Retention Initiative,Metro Region Loyalty Cohort,15908997,Family Planners Lookalike Segment,7248228093339312,Shelf Story Bold Voice,3411200546175283,Brand Awareness,0.0000,0,0,0,0,0,0,0,0,0,0,0,0,0,0,0,0,0,0.0000,0,0,0,0,0
2025-12-14,Display Network,Family Pantry Retention Initiative,Metro Region Loyalty Cohort,15908997,Family Planners Lookalike Segment,1665761135741679,Shelf Story Warm Voice,2902136042807068,Brand Awareness,0.0000,0,0,0,0,0,0,0,0,0,0,0,0,0,0,0,0,0,0.0000,0,0,0,0,0
2025-12-15,Discovery Network,Family Pantry Retention Initiative,Metro Region Loyalty Cohort,15908997,Health Conscious Buyers Retention Segment,1669733702699813,Promo Banner Friendly Voice,4647140982681565,Brand Awareness,0.0000,0,0,0,0,0,0,0,0,0,0,0,0,0,0,0,0,0,0.0000,0,0,0,0,0
2025-12-16,Retail Media Network,Home Essentials Scale Initiative,Metro Region Prospecting Cohort,86057605,Family Planners Interest Segment,2052479131570920,Shelf Story Warm Voice,1453411941100364,Brand Awareness,0.0000,0,0,0,0,0,0,0,0,0,0,0,0,0,0,0,0,0,0.0000,0,0,0,0,0
2025-12-17,Retail Media Network,Family Pantry Retention Initiative,Metro Region Conversion Cohort,15908997,Weekend Deal Hunters Interest Segment,6202516839870495,Shelf Story Value Voice,1077582730962642,Catalog Engagement,0.0000,0,0,0,0,0,0,0,0,0,0,0,0,0,0,0,0,0,0.0000,0,0,0,0,0
2025-12-18,Marketplace Feed,Home Essentials Scale Initiative,Metro Region Prospecting Cohort,86057605,Family Planners Interest Segment,2052479131570920,Product Reel Warm Voice,1464656530089556,Brand Awareness,0.0000,0,0,0,0,0,0,0,0,0,0,0,0,0,0,0,0,0,0.0000,0,0,0,0,0
2025-12-19,Search Network,Seasonal Select Promo Initiative,Metro Region Loyalty Cohort,15908997,Family Planners Lookalike Segment,1718074286658736,Promo Banner Warm Voice,1089449421739833,Brand Awareness,343.1318,53571,0,63081,132,100,100,100,100,1677,1173,0,0,0,0,951,0,543,1.0136,1,8,0,43610,0
2025-12-20,Video Network,Seasonal Select Promo Initiative,Metro Region Loyalty Cohort,15908997,Health Conscious Buyers Retention Segment,3613956286158588,Shelf Story Warm Voice,9626373394400677,Brand Awareness,76.1259,17939,0,13979,52,100,100,100,100,331,398,0,0,0,0,7,0,80,0.4460,0,2,0,14210,0
2025-12-21,Video Network,Family Pantry Retention Initiative,Metro Region Loyalty Cohort,15908997,Family Planners Lookalike Segment,1665761135741679,Shelf Story Warm Voice,2616618213121749,Brand Awareness,0.0000,0,0,0,0,0,0,0,0,0,0,0,0,0,0,0,0,0,0.0000,0,0,0,0,0
2025-12-22,Marketplace Feed,Family Pantry Retention Initiative,Metro Region Loyalty Cohort,15908997,Health Conscious Buyers Interest Segment,9013382232369046,Shelf Story Value Voice,1103993184708534,Brand Awareness,0.0000,0,0,0,0,0,0,0,0,0,0,0,0,0,0,0,0,0,0.0000,0,0,0,0,0
2025-12-23,Video Network,Seasonal Select Promo Initiative,Metro Region Loyalty Cohort,15908997,Health Conscious Buyers Interest Segment,1532426936569806,Shelf Story Warm Voice,7193200529405455,Brand Awareness,125.5693,28433,0,33418,80,100,100,100,100,393,444,0,0,0,0,88,0,154,0.5416,1,2,0,20419,0
2025-12-24,Discovery Network,Family Pantry Retention Initiative,Metro Region Loyalty Cohort,15908997,Health Conscious Buyers Retention Segment,1669733702699813,Shelf Story Warm Voice,1837904232519606,Brand Awareness,0.0000,0,0,0,0,0,0,0,0,0,0,0,0,0,0,0,0,0,0.0000,0,0,0,0,0
2025-12-25,Social Feed,Family Pantry Retention Initiative,Metro Region Loyalty Cohort,15908997,Health Conscious Buyers Interest Segment,1474840462607869,Offer Spotlight Bold Voice,3530423296641236,Brand Awareness,0.0000,0,0,0,0,0,0,0,0,0,0,0,0,0,0,0,0,0,0.0000,0,0,0,0,0
2025-12-26,Connected TV,Seasonal Select Demand Initiative,Metro Region Loyalty Cohort,15908997,Health Conscious Buyers Retention Segment,9223925519536552,Offer Spotlight Bold Voice,1119314133689227,Catalog Engagement,0.0000,0,0,0,0,0,0,0,0,0,0,0,0,0,0,0,0,0,0.0000,0,0,0,0,0
2025-12-27,Display Network,Family Pantry Retention Initiative,Metro Region Loyalty Cohort,15908997,Health Conscious Buyers Retention Segment,1669733702699813,Shelf Story Warm Voice,5602072675253918,Brand Awareness,0.0000,0,0,0,0,0,0,0,0,0,0,0,0,0,0,0,0,0,0.0000,0,0,0,0,0
2025-12-28,Display Network,Weekend Saver Retention Initiative,Metro Region Loyalty Cohort,15908997,Family Planners Lookalike Segment,7248228093339312,Shelf Story Warm Voice,1150526236199258,Brand Awareness,0.0000,0,0,0,0,0,0,0,0,0,0,0,0,0,0,0,0,0,0.0000,0,0,0,0,0
2025-12-29,Shopping Grid,Weekend Saver Retention Initiative,Metro Region Loyalty Cohort,15908997,Family Planners Lookalike Segment,7248228093339312,Offer Spotlight Bold Voice,1757288035719114,Brand Awareness,0.0000,0,0,0,0,0,0,0,0,0,0,0,0,0,0,0,0,0,0.0000,0,0,0,0,0
2025-12-30,Influencer Network,Family Pantry Retention Initiative,Metro Region Loyalty Cohort,15908997,Family Planners Lookalike Segment,1665761135741679,Collection Showcase Warm Voice,5654112849815777,Brand Awareness,0.0000,0,0,0,0,0,0,0,0,0,0,0,0,0,0,0,0,0,0.0000,0,0,0,0,0
2025-12-31,Social Feed,Family Pantry Retention Initiative,Metro Region Loyalty Cohort,15908997,Family Planners Lookalike Segment,1665761135741679,Price Drop Cut Value Voice,1192366617925175,Brand Awareness,0.0000,0,0,0,0,0,0,0,0,0,0,0,0,0,0,0,0,0,0.0000,0,0,0,0,0
2025-12-01,Connected TV,Seasonal Select Promo Initiative,Metro Region Loyalty Cohort,15908997,Health Conscious Buyers Retention Segment,3613956286158588,Shelf Story Warm Voice,2259713911990191,Brand Awareness,179.7447,27288,0,19475,49,100,100,100,100,854,641,0,0,1,0,59,0,121,0.4434,0,13,0,18690,0
2025-12-02,Social Feed,Weekend Saver Retention Initiative,Metro Region Loyalty Cohort,15908997,Health Conscious Buyers Interest Segment,1334393532567969,Price Drop Cut Value Voice,1109002298095593,Brand Awareness,0.0000,0,0,0,0,0,0,0,0,0,0,0,0,0,0,0,0,0,0.0000,0,0,0,0,0
2025-12-03,Influencer Network,Family Pantry Retention Initiative,Metro Region Loyalty Cohort,15908997,Health Conscious Buyers Interest Segment,1474840462607869,Shelf Story Warm Voice,4340134105081797,Brand Awareness,0.0000,0,0,0,0,0,0,0,0,0,0,0,0,0,0,0,0,0,0.0000,0,0,0,0,0
2025-12-04,Social Feed,Seasonal Select Promo Initiative,Metro Region Loyalty Cohort,15908997,Health Conscious Buyers Interest Segment,1532426936569806,Offer Spotlight Bold Voice,4433422745438620,Brand Awareness,96.4650,14408,0,15139,27,64,100,100,78,174,173,0,0,1,0,46,0,92,0.6385,0,1,0,8919,0
2025-12-05,Shopping Grid,Family Pantry Retention Initiative,Metro Region Loyalty Cohort,15908997,Health Conscious Buyers Retention Segment,1669733702699813,Shelf Story Warm Voice,1173063753252113,Brand Awareness,0.0000,0,0,0,0,0,0,0,0,0,0,0,0,0,0,0,0,0,0.0000,0,0,0,0,0
2025-12-06,Connected TV,Family Pantry Retention Initiative,Metro Region Loyalty Cohort,15908997,Health Conscious Buyers Interest Segment,9013382232369046,Shelf Story Warm Voice,5257839822274418,Brand Awareness,0.0000,0,0,0,0,0,0,0,0,0,0,0,0,0,0,0,0,0,0.0000,0,0,0,0,0
2025-12-07,Video Network,Weekend Saver Retention Initiative,Metro Region Loyalty Cohort,15908997,Health Conscious Buyers Interest Segment,1334393532567969,Shelf Story Bold Voice,7232280368739505,Brand Awareness,0.0000,0,0,0,0,0,0,0,0,0,0,0,0,0,0,0,0,0,0.0000,0,0,0,0,0
2025-12-08,Influencer Network,Seasonal Select Promo Initiative,Metro Region Loyalty Cohort,15908997,Health Conscious Buyers Retention Segment,3613956286158588,Offer Spotlight Value Voice,9011752711561329,Brand Awareness,105.5380,16831,0,15538,47,100,100,100,100,477,330,0,0,0,0,21,0,69,0.4100,0,1,0,10868,0
2025-12-09,Influencer Network,Seasonal Select Promo Initiative,Metro Region Loyalty Cohort,15908997,Health Conscious Buyers Interest Segment,1532426936569806,Shelf Story Bold Voice,1082336609132049,Brand Awareness,208.3744,29603,0,42381,98,100,100,100,100,668,722,0,0,0,0,78,0,210,0.7094,1,1,0,24158,0
2025-12-10,Search Network,Seasonal Select Promo Initiative,Metro Region Loyalty Cohort,15908997,Family Planners Lookalike Segment,1718074286658736,Shelf Story Bold Voice,4278310985669178,Brand Awareness,184.9909,42636,0,29199,99,100,100,100,100,729,935,0,0,0,0,636,0,472,1.1070,0,1,0,42122,0
2025-12-11,Video Network,Family Pantry Retention Initiative,Metro Region Loyalty Cohort,15908997,Health Conscious Buyers Interest Segment,1474840462607869,Shelf Story Warm Voice,8486205212439809,Brand Awareness,0.0000,0,0,0,0,0,0,0,0,0,0,0,0,0,0,0,0,0,0.0000,0,0,0,0,0
2025-12-12,Marketplace Feed,Weekend Saver Retention Initiative,Metro Region Loyalty Cohort,15908997,Health Conscious Buyers Retention Segment,4136110625615180,Price Drop Cut Value Voice,1682844113945221,Brand Awareness,0.0000,0,0,0,0,0,0,0,0,0,0,0,0,0,0,0,0,0,0.0000,0,0,0,0,0
2025-12-13,Search Network,Seasonal Select Promo Initiative,Metro Region Loyalty Cohort,15908997,Health Conscious Buyers Interest Segment,1532426936569806,Offer Spotlight Value Voice,2894551765052346,Brand Awareness,125.6056,14186,0,18627,59,100,100,100,100,461,386,0,0,0,0,71,0,153,1.0785,1,2,0,18064,0
2025-12-14,Video Network,Weekend Saver Retention Initiative,Metro Region Loyalty Cohort,15908997,Family Planners Lookalike Segment,7248228093339312,Shelf Story Warm Voice,6451368560487732,Brand Awareness,0.0000,0,0,0,0,0,0,0,0,0,0,0,0,0,0,0,0,0,0.0000,0,0,0,0,0
2025-12-15,Retail Media Network,Weekend Saver Retention Initiative,Metro Region Loyalty Cohort,15908997,Family Planners Lookalike Segment,7248228093339312,Price Drop Cut Value Voice,9318406623487279,Brand Awareness,0.0000,0,0,0,0,0,0,0,0,0,0,0,0,0,0,0,0,0,0.0000,0,0,0,0,0
2025-12-16,Search Network,Seasonal Select Promo Initiative,Metro Region Loyalty Cohort,15908997,Health Conscious Buyers Interest Segment,1532426936569806,Promo Banner Warm Voice,5732401046815275,Brand Awareness,215.9450,49528,0,57379,106,100,100,100,100,1168,1301,0,0,0,0,179,0,277,0.5593,3,2,0,49347,0
2025-12-17,Marketplace Feed,Seasonal Select Promo Initiative,Metro Region Loyalty Cohort,15908997,Family Planners Lookalike Segment,1718074286658736,Offer Spotlight Value Voice,2074777970281390,Brand Awareness,114.2486,23917,0,15188,56,100,100,100,100,502,558,0,0,0,0,147,0,229,0.9575,0,2,0,25139,0
2025-12-18,Video Network,Seasonal Select Demand Initiative,Metro Region Conversion Cohort,15908997,Bulk Buyers Retention Segment,1061064502710542,Offer Spotlight Bold Voice,1741856265266256,Catalog Engagement,0.0000,0,0,0,0,0,0,0,0,0,0,0,0,0,0,0,0,0,0.0000,0,0,0,0,0
2025-12-19,Display Network,Family Pantry Retention Initiative,Metro Region Loyalty Cohort,15908997,Health Conscious Buyers Interest Segment,9013382232369046,Shelf Story Warm Voice,1099249066640891,Brand Awareness,0.0000,0,0,0,0,0,0,0,0,0,0,0,0,0,0,0,0,0,0.0000,0,0,0,0,0
2025-12-20,Discovery Network,Weekend Saver Retention Initiative,Metro Region Loyalty Cohort,15908997,Family Planners Lookalike Segment,7248228093339312,Shelf Story Bold Voice,1269408759613688,Brand Awareness,0.0000,0,0,0,0,0,0,0,0,0,0,0,0,0,0,0,0,0,0.0000,0,0,0,0,0
2025-12-21,Discovery Network,Family Pantry Retention Initiative,Metro Region Loyalty Cohort,15908997,Health Conscious Buyers Interest Segment,9013382232369046,Shelf Story Warm Voice,1177430610668804,Brand Awareness,0.0000,0,0,0,0,0,0,0,0,0,0,0,0,0,0,0,0,0,0.0000,0,0,0,0,0
2025-12-22,Influencer Network,Seasonal Select Promo Initiative,Metro Region Loyalty Cohort,15908997,Health Conscious Buyers Retention Segment,3613956286158588,Offer Spotlight Bold Voice,4607696881668990,Brand Awareness,54.8708,6826,0,11399,28,63,100,100,95,165,182,0,0,0,0,13,0,50,0.7325,0,0,0,6639,0
2025-12-23,Display Network,Family Pantry Retention Initiative,Metro Region Loyalty Cohort,15908997,Health Conscious Buyers Interest Segment,9013382232369046,Promo Banner Friendly Voice,1538508227020088,Brand Awareness,0.0000,0,0,0,0,0,0,0,0,0,0,0,0,0,0,0,0,0,0.0000,0,0,0,0,0
2025-12-24,In-App Display,Weekend Saver Retention Initiative,Metro Region Loyalty Cohort,15908997,Family Planners Lookalike Segment,7248228093339312,Price Drop Cut Value Voice,9781212069592701,Brand Awareness,0.0000,0,0,0,0,0,0,0,0,0,0,0,0,0,0,0,0,0,0.0000,0,0,0,0,0
2025-12-25,Affiliate Network,Seasonal Select Promo Initiative,Metro Region Loyalty Cohort,15908997,Family Planners Lookalike Segment,1718074286658736,Offer Spotlight Value Voice,2074777970281390,Brand Awareness,132.9247,20857,0,15436,45,100,100,100,100,401,406,0,0,0,0,62,0,129,0.6185,0,1,0,26944,0
2025-12-26,Shopping Grid,Seasonal Select Promo Initiative,Metro Region Loyalty Cohort,15908997,Health Conscious Buyers Interest Segment,1532426936569806,Shelf Story Warm Voice,9953353036347574,Brand Awareness,213.4140,41282,0,32421,115,100,100,100,100,1392,1391,0,0,0,0,188,0,375,0.9084,1,6,0,40083,0
2025-12-27,Video Network,Weekend Saver Retention Initiative,Metro Region Loyalty Cohort,15908997,Family Planners Lookalike Segment,7248228093339312,Shelf Story Warm Voice,1150526236199258,Brand Awareness,0.0000,0,0,0,0,0,0,0,0,0,0,0,0,0,0,0,0,0,0.0000,0,0,0,0,0
2025-12-28,Connected TV,Family Pantry Retention Initiative,Metro Region Loyalty Cohort,15908997,Family Planners Lookalike Segment,1665761135741679,Shelf Story Warm Voice,1280290142112652,Brand Awareness,0.0000,0,0,0,0,0,0,0,0,0,0,0,0,0,0,0,0,0,0.0000,0,0,0,0,0
2025-12-29,Affiliate Network,Family Pantry Retention Initiative,Metro Region Loyalty Cohort,15908997,Health Conscious Buyers Retention Segment,1669733702699813,Shelf Story Warm Voice,5602072675253918,Brand Awareness,0.0000,0,0,0,0,0,0,0,0,0,0,0,0,0,0,0,0,0,0.0000,0,0,0,0,0
2025-12-30,Connected TV,Market Fresh Demand Initiative,Metro Region Conversion Cohort,86057605,Weekend Deal Hunters Interest Segment,2737857498400057,Product Reel Warm Voice,1640779927447931,Catalog Engagement,0.0000,0,0,0,0,0,0,0,0,0,0,0,0,0,0,0,0,0,0.0000,0,0,0,0,0
2025-12-31,Marketplace Feed,Seasonal Select Promo Initiative,Metro Region Loyalty Cohort,15908997,Family Planners Lookalike Segment,1718074286658736,Shelf Story Bold Voice,4278310985669178,Brand Awareness,173.0475,37022,0,42357,145,100,100,100,100,867,636,0,0,2,0,246,0,395,1.0669,0,2,0,36918,0
2025-12-01,Social Feed,Family Pantry Retention Initiative,Metro Region Loyalty Cohort,15908997,Family Planners Lookalike Segment,1002710949555221,Offer Spotlight Bold Voice,7401589860358191,Brand Awareness,0.0000,0,0,0,0,0,0,0,0,0,0,0,0,0,0,0,0,0,0.0000,0,0,0,0,0
2025-12-02,Connected TV,Weekend Saver Retention Initiative,Metro Region Loyalty Cohort,15908997,Health Conscious Buyers Retention Segment,4136110625615180,Shelf Story Bold Voice,1238862856159509,Brand Awareness,0.0000,0,0,0,0,0,0,0,0,0,0,0,0,0,0,0,0,0,0.0000,0,0,0,0,0
2025-12-03,Influencer Network,Home Essentials Promo Initiative,Metro Region Conversion Cohort,44948390,Quick Refill Buyers Retention Segment,1899712342036110,Shelf Story Warm Voice,8585579191193727,Brand Awareness,0.0000,0,0,0,0,0,0,0,0,0,0,0,0,0,0,0,0,0,0.0000,0,0,0,0,0
2025-12-04,Connected TV,Family Pantry Retention Initiative,Metro Region Loyalty Cohort,15908997,Health Conscious Buyers Interest Segment,9013382232369046,Shelf Story Warm Voice,5257839822274418,Brand Awareness,0.0000,0,0,0,0,0,0,0,0,0,0,0,0,0,0,0,0,0,0.0000,0,0,0,0,0
2025-12-05,Shopping Grid,Seasonal Select Promo Initiative,Metro Region Loyalty Cohort,15908997,Health Conscious Buyers Interest Segment,1532426936569806,Offer Spotlight Value Voice,2894551765052346,Brand Awareness,114.3894,23398,0,15677,75,100,100,100,100,488,310,0,0,3,0,72,0,94,0.4017,0,2,0,16487,0
2025-12-06,Discovery Network,Family Pantry Retention Initiative,Metro Region Conversion Cohort,15908997,Bulk Buyers Retention Segment,1777717557426296,Shelf Story Value Voice,8084225603313437,Catalog Engagement,0.0000,0,0,0,0,0,0,0,0,0,0,0,0,0,0,0,0,0,0.0000,0,0,0,0,0
2025-12-07,Discovery Network,Weekend Saver Retention Initiative,Metro Region Loyalty Cohort,15908997,Health Conscious Buyers Interest Segment,1334393532567969,Shelf Story Warm Voice,2520693897922300,Brand Awareness,0.0000,0,0,0,0,0,0,0,0,0,0,0,0,0,0,0,0,0,0.0000,0,0,0,0,0
2025-12-08,Search Network,Seasonal Select Promo Initiative,Metro Region Loyalty Cohort,15908997,Health Conscious Buyers Interest Segment,1532426936569806,Offer Spotlight Bold Voice,4433422745438620,Brand Awareness,120.5883,24549,0,15912,52,71,100,100,90,199,219,0,0,0,0,25,0,70,0.2851,0,2,0,13834,0
2025-12-09,Video Network,Family Pantry Retention Initiative,Metro Region Loyalty Cohort,15908997,Health Conscious Buyers Retention Segment,1669733702699813,Collection Showcase Warm Voice,1788908453907262,Brand Awareness,0.0000,0,0,0,0,0,0,0,0,0,0,0,0,0,0,0,0,0,0.0000,0,0,0,0,0
2025-12-10,Discovery Network,Weekend Saver Retention Initiative,Metro Region Loyalty Cohort,15908997,Family Planners Lookalike Segment,7248228093339312,Shelf Story Bold Voice,3411200546175283,Brand Awareness,0.0000,0,0,0,0,0,0,0,0,0,0,0,0,0,0,0,0,0,0.0000,0,0,0,0,0
2025-12-11,Affiliate Network,Weekend Saver Retention Initiative,Metro Region Loyalty Cohort,15908997,Health Conscious Buyers Retention Segment,4136110625615180,Price Drop Cut Value Voice,1316048837324374,Brand Awareness,0.0000,0,0,0,0,0,0,0,0,0,0,0,0,0,0,0,0,0,0.0000,0,0,0,0,0
2025-12-12,Social Feed,Family Pantry Retention Initiative,Metro Region Loyalty Cohort,15908997,Family Planners Lookalike Segment,1665761135741679,Shelf Story Warm Voice,2902136042807068,Brand Awareness,0.0000,0,0,0,0,0,0,0,0,0,0,0,0,0,0,0,0,0,0.0000,0,0,0,0,0
2025-12-13,Video Network,Home Essentials Scale Initiative,Metro Region Prospecting Cohort,86057605,Family Planners Interest Segment,2052479131570920,Price Drop Cut Value Voice,1337311684616332,Brand Awareness,0.0000,0,0,0,0,0,0,0,0,0,0,0,0,0,0,0,0,0,0.0000,0,0,0,0,0
2025-12-14,Connected TV,Family Pantry Retention Initiative,Metro Region Loyalty Cohort,15908997,Family Planners Lookalike Segment,1665761135741679,Shelf Story Warm Voice,1450951256520921,Brand Awareness,0.0000,0,0,0,0,0,0,0,0,0,0,0,0,0,0,0,0,0,0.0000,0,0,0,0,0
2025-12-15,Affiliate Network,Weekend Saver Retention Initiative,Metro Region Loyalty Cohort,15908997,Family Planners Lookalike Segment,7248228093339312,Offer Spotlight Bold Voice,1757288035719114,Brand Awareness,0.0000,0,0,0,0,0,0,0,0,0,0,0,0,0,0,0,0,0,0.0000,0,0,0,0,0
2025-12-16,Search Network,Family Pantry Retention Initiative,Metro Region Loyalty Cohort,15908997,Health Conscious Buyers Interest Segment,9013382232369046,Shelf Story Warm Voice,1177430610668804,Brand Awareness,0.0000,0,0,0,0,0,0,0,0,0,0,0,0,0,0,0,0,0,0.0000,0,0,0,0,0
2025-12-17,Retail Media Network,Family Pantry Retention Initiative,Metro Region Loyalty Cohort,15908997,Family Planners Lookalike Segment,1665761135741679,Shelf Story Warm Voice,2793262031628184,Brand Awareness,0.0000,0,0,0,0,0,0,0,0,0,0,0,0,0,0,0,0,0,0.0000,0,0,0,0,0
2025-12-18,Marketplace Feed,Family Pantry Retention Initiative,Metro Region Loyalty Cohort,15908997,Health Conscious Buyers Interest Segment,1474840462607869,Offer Spotlight Bold Voice,3530423296641236,Brand Awareness,0.0000,0,0,0,0,0,0,0,0,0,0,0,0,0,0,0,0,0,0.0000,0,0,0,0,0
2025-12-19,In-App Display,Weekend Saver Retention Initiative,Metro Region Loyalty Cohort,15908997,Health Conscious Buyers Retention Segment,4136110625615180,Offer Spotlight Bold Voice,3833443174798849,Brand Awareness,0.0000,0,0,0,0,0,0,0,0,0,0,0,0,0,0,0,0,0,0.0000,0,0,0,0,0
2025-12-20,Display Network,Family Pantry Retention Initiative,Metro Region Loyalty Cohort,15908997,Family Planners Lookalike Segment,1665761135741679,Promo Banner Friendly Voice,1647756988327695,Brand Awareness,0.0000,0,0,0,0,0,0,0,0,0,0,0,0,0,0,0,0,0,0.0000,0,0,0,0,0
2025-12-21,Retail Media Network,Family Pantry Retention Initiative,Metro Region Loyalty Cohort,15908997,Family Planners Lookalike Segment,1002710949555221,Shelf Story Warm Voice,3185083078735744,Brand Awareness,0.0000,0,0,0,0,0,0,0,0,0,0,0,0,0,0,0,0,0,0.0000,0,0,0,0,0
2025-12-22,In-App Display,Family Pantry Retention Initiative,Metro Region Loyalty Cohort,15908997,Health Conscious Buyers Interest Segment,1474840462607869,Shelf Story Warm Voice,8486205212439809,Brand Awareness,0.0000,0,0,0,0,0,0,0,0,0,0,0,0,0,0,0,0,0,0.0000,0,0,0,0,0
2025-12-23,In-App Display,Seasonal Select Promo Initiative,Metro Region Loyalty Cohort,15908997,Health Conscious Buyers Retention Segment,3613956286158588,Shelf Story Warm Voice,2259713911990191,Brand Awareness,204.3249,27050,0,28778,108,100,100,100,100,836,957,0,0,0,0,61,0,87,0.3216,0,2,0,24809,0
2025-12-24,Retail Media Network,Weekend Saver Retention Initiative,Metro Region Loyalty Cohort,15908997,Family Planners Lookalike Segment,7248228093339312,Shelf Story Warm Voice,6451368560487732,Brand Awareness,0.0000,0,0,0,0,0,0,0,0,0,0,0,0,0,0,0,0,0,0.0000,0,0,0,0,0
2025-12-25,Display Network,Home Essentials Scale Initiative,Metro Region Prospecting Cohort,86057605,Family Planners Interest Segment,2052479131570920,Promo Banner Friendly Voice,7057211523700123,Brand Awareness,0.0000,0,0,0,0,0,0,0,0,0,0,0,0,0,0,0,0,0,0.0000,0,0,0,0,0
2025-12-26,Influencer Network,Family Pantry Retention Initiative,Metro Region Loyalty Cohort,15908997,Health Conscious Buyers Retention Segment,1669733702699813,Shelf Story Warm Voice,1837904232519606,Brand Awareness,0.0000,0,0,0,0,0,0,0,0,0,0,0,0,0,0,0,0,0,0.0000,0,0,0,0,0
2025-12-27,Search Network,Weekend Saver Retention Initiative,Metro Region Loyalty Cohort,15908997,Health Conscious Buyers Interest Segment,1334393532567969,Offer Spotlight Bold Voice,3220054077294586,Brand Awareness,0.0000,0,0,0,0,0,0,0,0,0,0,0,0,0,0,0,0,0,0.0000,0,0,0,0,0
2025-12-28,Marketplace Feed,Family Pantry Retention Initiative,Metro Region Loyalty Cohort,15908997,Family Planners Lookalike Segment,1665761135741679,Shelf Story Warm Voice,2616618213121749,Brand Awareness,0.0000,0,0,0,0,0,0,0,0,0,0,0,0,0,0,0,0,0,0.0000,0,0,0,0,0
2025-12-29,Discovery Network,Seasonal Select Promo Initiative,Metro Region Loyalty Cohort,15908997,Health Conscious Buyers Interest Segment,1532426936569806,Promo Banner Warm Voice,5732401046815275,Brand Awareness,165.6646,48237,0,44072,83,100,100,100,100,1066,668,0,0,1,0,152,0,315,0.6530,1,10,0,27558,0
2025-12-30,Video Network,Family Pantry Retention Initiative,Metro Region Loyalty Cohort,15908997,Family Planners Lookalike Segment,1665761135741679,Collection Showcase Warm Voice,5654112849815777,Brand Awareness,0.0000,0,0,0,0,0,0,0,0,0,0,0,0,0,0,0,0,0,0.0000,0,0,0,0,0
2025-12-31,Discovery Network,Weekend Saver Retention Initiative,Metro Region Loyalty Cohort,15908997,Family Planners Lookalike Segment,7248228093339312,Shelf Story Bold Voice,1269408759613688,Brand Awareness,0.0000,0,0,0,0,0,0,0,0,0,0,0,0,0,0,0,0,0,0.0000,0,0,0,0,0
2025-12-01,Influencer Network,Family Pantry Retention Initiative,Metro Region Loyalty Cohort,15908997,Health Conscious Buyers Interest Segment,9013382232369046,Shelf Story Warm Voice,1099249066640891,Brand Awareness,0.0000,0,0,0,0,0,0,0,0,0,0,0,0,0,0,0,0,0,0.0000,0,0,0,0,0
2025-12-02,Affiliate Network,Family Pantry Retention Initiative,Metro Region Loyalty Cohort,15908997,Health Conscious Buyers Interest Segment,1474840462607869,Shelf Story Warm Voice,4340134105081797,Brand Awareness,0.0000,0,0,0,0,0,0,0,0,0,0,0,0,0,0,0,0,0,0.0000,0,0,0,0,0
2025-12-03,Display Network,Seasonal Select Promo Initiative,Metro Region Loyalty Cohort,15908997,Family Planners Lookalike Segment,1718074286658736,Shelf Story Warm Voice,1533493773187614,Brand Awareness,158.1276,47628,0,32203,98,100,100,100,100,723,662,0,0,0,0,118,0,251,0.5270,0,2,0,51986,0
2025-12-04,Video Network,Family Pantry Retention Initiative,Metro Region Loyalty Cohort,15908997,Family Planners Lookalike Segment,1665761135741679,Shelf Story Value Voice,5225143865411760,Brand Awareness,0.0000,0,0,0,0,0,0,0,0,0,0,0,0,0,0,0,0,0,0.0000,0,0,0,0,0
2025-12-05,Shopping Grid,Family Pantry Retention Initiative,Metro Region Loyalty Cohort,15908997,Health Conscious Buyers Interest Segment,9013382232369046,Shelf Story Value Voice,1103993184708534,Brand Awareness,0.0000,0,0,0,0,0,0,0,0,0,0,0,0,0,0,0,0,0,0.0000,0,0,0,0,0
2025-12-06,Discovery Network,Weekend Saver Retention Initiative,Metro Region Loyalty Cohort,15908997,Health Conscious Buyers Interest Segment,1334393532567969,Shelf Story Warm Voice,8045514033882153,Brand Awareness,0.0000,0,0,0,0,0,0,0,0,0,0,0,0,0,0,0,0,0,0.0000,0,0,0,0,0
2025-12-07,Display Network,Family Pantry Retention Initiative,Metro Region Loyalty Cohort,15908997,Health Conscious Buyers Retention Segment,1669733702699813,Promo Banner Friendly Voice,4647140982681565,Brand Awareness,0.0000,0,0,0,0,0,0,0,0,0,0,0,0,0,0,0,0,0,0.0000,0,0,0,0,0
2025-12-08,Discovery Network,Seasonal Select Promo Initiative,Metro Region Loyalty Cohort,15908997,Health Conscious Buyers Interest Segment,1532426936569806,Shelf Story Warm Voice,7193200529405455,Brand Awareness,183.6530,30882,0,31395,133,100,100,100,100,595,531,0,0,1,0,86,0,141,0.4566,0,7,0,26075,0
2025-12-09,Discovery Network,Seasonal Select Promo Initiative,Metro Region Loyalty Cohort,15908997,Health Conscious Buyers Retention Segment,3613956286158588,Promo Banner Warm Voice,3456261421148856,Brand Awareness,141.2845,18976,0,17919,91,100,100,100,100,999,801,0,0,0,0,72,0,137,0.7220,0,7,0,28491,0
2025-12-10,Video Network,Seasonal Select Promo Initiative,Metro Region Loyalty Cohort,15908997,Family Planners Lookalike Segment,1718074286658736,Promo Banner Warm Voice,1089449421739833,Brand Awareness,236.7537,44227,0,37200,175,100,100,100,100,1684,1396,0,0,1,0,398,0,552,1.2481,1,3,0,45160,0
2025-12-11,Retail Media Network,Family Pantry Retention Initiative,Metro Region Conversion Cohort,38881639,Family Planners Lookalike Segment,1010331617086390,Shelf Story Warm Voice,1022962676348579,Brand Awareness,0.0000,0,0,0,0,0,0,0,0,0,0,0,0,0,0,0,0,0,0.0000,0,0,0,0,0
2025-12-12,Video Network,Seasonal Select Promo Initiative,Metro Region Loyalty Cohort,15908997,Health Conscious Buyers Retention Segment,3613956286158588,Shelf Story Bold Voice,1755467445485119,Brand Awareness,95.7346,33600,0,35011,56,100,100,100,100,570,761,0,0,0,0,35,0,136,0.4048,0,4,0,31645,0
2025-12-13,Shopping Grid,Family Pantry Retention Initiative,Metro Region Conversion Cohort,15908997,Family Planners Lookalike Segment,3017606229260592,Shelf Story Value Voice,5691206288583839,Catalog Engagement,0.0000,0,0,0,0,0,0,0,0,0,0,0,0,0,0,0,0,0,0.0000,0,0,0,0,0
2025-12-14,Search Network,Weekend Saver Retention Initiative,Metro Region Loyalty Cohort,15908997,Health Conscious Buyers Retention Segment,4136110625615180,Price Drop Cut Value Voice,1682844113945221,Brand Awareness,0.0000,0,0,0,0,0,0,0,0,0,0,0,0,0,0,0,0,0,0.0000,0,0,0,0,0
2025-12-15,In-App Display,Seasonal Select Promo Initiative,Metro Region Loyalty Cohort,15908997,Family Planners Lookalike Segment,1718074286658736,Shelf Story Warm Voice,1532291780998103,Brand Awareness,216.0357,31739,0,44987,115,100,100,100,100,861,1202,0,0,0,0,131,0,147,0.4632,0,4,0,35016,0
2025-12-16,Influencer Network,Seasonal Select Promo Initiative,Metro Region Loyalty Cohort,15908997,Family Planners Lookalike Segment,1718074286658736,Offer Spotlight Bold Voice,1638167476571035,Brand Awareness,61.2540,13847,0,21910,26,96,100,100,95,254,293,0,0,0,0,61,0,119,0.8594,0,5,0,12483,0
2025-12-17,Discovery Network,Family Pantry Retention Initiative,Metro Region Loyalty Cohort,15908997,Health Conscious Buyers Retention Segment,4976789753470273,Shelf Story Warm Voice,5506678816268127,Brand Awareness,0.0000,0,0,0,0,0,0,0,0,0,0,0,0,0,0,0,0,0,0.0000,0,0,0,0,0
2025-12-18,Shopping Grid,Weekend Saver Retention Initiative,Metro Region Loyalty Cohort,15908997,Health Conscious Buyers Interest Segment,1334393532567969,Shelf Story Bold Voice,7232280368739505,Brand Awareness,0.0000,0,0,0,0,0,0,0,0,0,0,0,0,0,0,0,0,0,0.0000,0,0,0,0,0
2025-12-19,Discovery Network,Family Pantry Retention Initiative,Metro Region Loyalty Cohort,15908997,Family Planners Lookalike Segment,1665761135741679,Shelf Story Warm Voice,6549680554582288,Brand Awareness,0.0000,0,0,0,0,0,0,0,0,0,0,0,0,0,0,0,0,0,0.0000,0,0,0,0,0
2025-12-20,Influencer Network,Seasonal Select Promo Initiative,Metro Region Loyalty Cohort,15908997,Health Conscious Buyers Retention Segment,3613956286158588,Offer Spotlight Value Voice,9011752711561329,Brand Awareness,59.3800,16482,0,20517,29,100,100,100,100,344,242,0,0,0,0,10,0,34,0.2063,0,2,0,12492,0
2025-12-21,In-App Display,Family Pantry Retention Initiative,Metro Region Loyalty Cohort,15908997,Family Planners Lookalike Segment,1002710949555221,Shelf Story Warm Voice,1647332301297595,Brand Awareness,0.0000,0,0,0,0,0,0,0,0,0,0,0,0,0,0,0,0,0,0.0000,0,0,0,0,0
2025-12-22,Video Network,Weekend Saver Retention Initiative,Metro Region Loyalty Cohort,15908997,Health Conscious Buyers Interest Segment,1334393532567969,Shelf Story Bold Voice,8314765461987923,Brand Awareness,0.0000,0,0,0,0,0,0,0,0,0,0,0,0,0,0,0,0,0,0.0000,0,0,0,0,0
2025-12-23,Connected TV,Family Pantry Retention Initiative,Metro Region Loyalty Cohort,15908997,Health Conscious Buyers Interest Segment,9013382232369046,Shelf Story Warm Voice,3768518651506601,Brand Awareness,0.0000,0,0,0,0,0,0,0,0,0,0,0,0,0,0,0,0,0,0.0000,0,0,0,0,0
2025-12-24,Search Network,Seasonal Select Promo Initiative,Metro Region Loyalty Cohort,15908997,Health Conscious Buyers Retention Segment,3613956286158588,Shelf Story Warm Voice,9626373394400677,Brand Awareness,71.6977,15331,0,12988,53,100,100,100,100,390,280,0,0,0,0,28,0,98,0.6392,0,1,0,17304,0
2025-12-25,Influencer Network,Family Pantry Retention Initiative,Metro Region Loyalty Cohort,15908997,Health Conscious Buyers Interest Segment,1474840462607869,Shelf Story Warm Voice,5682500646683685,Brand Awareness,0.0000,0,0,0,0,0,0,0,0,0,0,0,0,0,0,0,0,0,0.0000,0,0,0,0,0
2025-12-26,Discovery Network,Weekend Saver Retention Initiative,Metro Region Loyalty Cohort,15908997,Family Planners Lookalike Segment,7248228093339312,Price Drop Cut Value Voice,9318406623487279,Brand Awareness,0.0000,0,0,0,0,0,0,0,0,0,0,0,0,0,0,0,0,0,0.0000,0,0,0,0,0
2025-12-27,Connected TV,Weekend Saver Retention Initiative,Metro Region Loyalty Cohort,15908997,Health Conscious Buyers Interest Segment,1334393532567969,Price Drop Cut Value Voice,2051943278335934,Brand Awareness,0.0000,0,0,0,0,0,0,0,0,0,0,0,0,0,0,0,0,0,0.0000,0,0,0,0,0
2025-12-28,Display Network,Family Pantry Retention Initiative,Metro Region Conversion Cohort,15908997,Bulk Buyers Retention Segment,1096889057602193,Offer Spotlight Friendly Voice,5703717592430862,Catalog Engagement,0.0000,0,0,0,0,0,0,0,0,0,0,0,0,0,0,0,0,0,0.0000,0,0,0,0,0
2025-12-29,Connected TV,Weekend Saver Retention Initiative,Metro Region Loyalty Cohort,15908997,Health Conscious Buyers Interest Segment,1334393532567969,Price Drop Cut Value Voice,1109002298095593,Brand Awareness,0.0000,0,0,0,0,0,0,0,0,0,0,0,0,0,0,0,0,0,0.0000,0,0,0,0,0
2025-12-30,Search Network,Family Pantry Retention Initiative,Metro Region Loyalty Cohort,15908997,Family Planners Lookalike Segment,1665761135741679,Price Drop Cut Value Voice,1192366617925175,Brand Awareness,0.0000,0,0,0,0,0,0,0,0,0,0,0,0,0,0,0,0,0,0.0000,0,0,0,0,0
2025-12-31,Video Network,Family Pantry Retention Initiative,Metro Region Loyalty Cohort,15908997,Family Planners Lookalike Segment,1002710949555221,Shelf Story Warm Voice,5797898098365146,Brand Awareness,0.0000,0,0,0,0,0,0,0,0,0,0,0,0,0,0,0,0,0,0.0000,0,0,0,0,0
2025-12-01,Shopping Grid,Family Pantry Retention Initiative,Metro Region Loyalty Cohort,15908997,Health Conscious Buyers Retention Segment,1669733702699813,Shelf Story Warm Voice,1173063753252113,Brand Awareness,0.0000,0,0,0,0,0,0,0,0,0,0,0,0,0,0,0,0,0,0.0000,0,0,0,0,0
2025-12-02,Affiliate Network,Family Pantry Retention Initiative,Metro Region Loyalty Cohort,15908997,Health Conscious Buyers Retention Segment,1669733702699813,Shelf Story Value Voice,1365467474223726,Brand Awareness,0.0000,0,0,0,0,0,0,0,0,0,0,0,0,0,0,0,0,0,0.0000,0,0,0,0,0
2025-12-03,In-App Display,Family Pantry Retention Initiative,Metro Region Loyalty Cohort,15908997,Health Conscious Buyers Retention Segment,1669733702699813,Price Drop Cut Value Voice,6906673719698824,Brand Awareness,0.0000,0,0,0,0,0,0,0,0,0,0,0,0,0,0,0,0,0,0.0000,0,0,0,0,0
2025-12-04,Marketplace Feed,Seasonal Select Promo Initiative,Metro Region Loyalty Cohort,15908997,Health Conscious Buyers Interest Segment,1532426936569806,Shelf Story Bold Voice,1082336609132049,Brand Awareness,246.2612,57082,0,39699,68,100,100,100,100,585,662,0,0,1,0,73,0,152,0.2663,0,3,0,29726,0
2025-12-05,Search Network,Family Pantry Retention Initiative,Metro Region Loyalty Cohort,15908997,Health Conscious Buyers Retention Segment,4976789753470273,Shelf Story Warm Voice,1220076337258804,Brand Awareness,0.0000,0,0,0,0,0,0,0,0,0,0,0,0,0,0,0,0,0,0.0000,0,0,0,0,0
2025-12-06,Video Network,Family Pantry Retention Initiative,Metro Region Loyalty Cohort,15908997,Health Conscious Buyers Retention Segment,1669733702699813,Shelf Story Warm Voice,6197978194612129,Brand Awareness,0.0000,0,0,0,0,0,0,0,0,0,0,0,0,0,0,0,0,0,0.0000,0,0,0,0,0
2025-12-07,Discovery Network,Seasonal Select Promo Initiative,Metro Region Loyalty Cohort,15908997,Health Conscious Buyers Retention Segment,3613956286158588,Shelf Story Warm Voice,2259713911990191,Brand Awareness,125.0822,36154,0,43122,116,100,100,100,100,880,980,0,0,0,0,25,0,167,0.4619,0,2,0,25138,0
2025-12-08,Connected TV,Seasonal Select Promo Initiative,Metro Region Loyalty Cohort,15908997,Health Conscious Buyers Interest Segment,1532426936569806,Offer Spotlight Value Voice,2894551765052346,Brand Awareness,95.0198,18721,0,23983,84,100,100,100,100,574,684,0,0,0,0,44,0,111,0.5929,0,2,0,22025,0
2025-12-09,Search Network,Family Pantry Retention Initiative,Metro Region Loyalty Cohort,15908997,Health Conscious Buyers Interest Segment,1474840462607869,Shelf Story Warm Voice,9110304031000052,Brand Awareness,0.0000,0,0,0,0,0,0,0,0,0,0,0,0,0,0,0,0,0,0.0000,0,0,0,0,0
2025-12-10,Affiliate Network,Family Pantry Retention Initiative,Metro Region Conversion Cohort,38881639,Family Planners Lookalike Segment,1010331617086390,Shelf Story Warm Voice,1022962676348579,Brand Awareness,0.0000,0,0,0,0,0,0,0,0,0,0,0,0,0,0,0,0,0,0.0000,0,0,0,0,0
2025-12-11,Connected TV,Family Pantry Retention Initiative,Metro Region Loyalty Cohort,15908997,Health Conscious Buyers Interest Segment,1474840462607869,Offer Spotlight Bold Voice,3530423296641236,Brand Awareness,0.0000,0,0,0,0,0,0,0,0,0,0,0,0,0,0,0,0,0,0.0000,0,0,0,0,0
2025-12-12,Search Network,Weekend Saver Retention Initiative,Metro Region Loyalty Cohort,15908997,Health Conscious Buyers Interest Segment,1334393532567969,Shelf Story Warm Voice,8045514033882153,Brand Awareness,0.0000,0,0,0,0,0,0,0,0,0,0,0,0,0,0,0,0,0,0.0000,0,0,0,0,0
2025-12-13,Influencer Network,Seasonal Select Promo Initiative,Metro Region Loyalty Cohort,15908997,Health Conscious Buyers Interest Segment,1532426936569806,Shelf Story Bold Voice,1082336609132049,Brand Awareness,163.3417,41130,0,42668,139,100,100,100,100,811,856,0,0,0,0,99,0,199,0.4838,0,5,0,70529,0
2025-12-14,Connected TV,Family Pantry Retention Initiative,Metro Region Loyalty Cohort,15908997,Health Conscious Buyers Retention Segment,1669733702699813,Shelf Story Warm Voice,1837904232519606,Brand Awareness,0.0000,0,0,0,0,0,0,0,0,0,0,0,0,0,0,0,0,0,0.0000,0,0,0,0,0
2025-12-15,Affiliate Network,Weekend Saver Retention Initiative,Metro Region Loyalty Cohort,15908997,Family Planners Lookalike Segment,7248228093339312,Price Drop Cut Value Voice,9781212069592701,Brand Awareness,0.0000,0,0,0,0,0,0,0,0,0,0,0,0,0,0,0,0,0,0.0000,0,0,0,0,0
2025-12-16,Social Feed,Seasonal Select Promo Initiative,Metro Region Loyalty Cohort,15908997,Health Conscious Buyers Retention Segment,3613956286158588,Offer Spotlight Value Voice,9011752711561329,Brand Awareness,68.3973,19437,0,20052,60,100,100,100,100,447,398,0,0,0,0,26,0,75,0.3859,0,2,0,24737,0
2025-12-17,Social Feed,Weekend Saver Retention Initiative,Metro Region Loyalty Cohort,15908997,Health Conscious Buyers Interest Segment,1334393532567969,Shelf Story Warm Voice,2520693897922300,Brand Awareness,0.0000,0,0,0,0,0,0,0,0,0,0,0,0,0,0,0,0,0,0.0000,0,0,0,0,0
2025-12-18,Influencer Network,Family Pantry Retention Initiative,Metro Region Loyalty Cohort,15908997,Health Conscious Buyers Retention Segment,4976789753470273,Offer Spotlight Bold Voice,1582932391745882,Brand Awareness,0.0000,0,0,0,0,0,0,0,0,0,0,0,0,0,0,0,0,0,0.0000,0,0,0,0,0
2025-12-19,Retail Media Network,Seasonal Select Promo Initiative,Metro Region Loyalty Cohort,15908997,Health Conscious Buyers Interest Segment,1532426936569806,Shelf Story Warm Voice,7193200529405455,Brand Awareness,265.7091,58268,0,67558,109,100,100,100,100,964,715,0,0,0,0,105,0,194,0.3329,0,5,0,53405,0
2025-12-20,In-App Display,Weekend Saver Retention Initiative,Metro Region Loyalty Cohort,15908997,Family Planners Lookalike Segment,7248228093339312,Shelf Story Warm Voice,1150526236199258,Brand Awareness,0.0000,0,0,0,0,0,0,0,0,0,0,0,0,0,0,0,0,0,0.0000,0,0,0,0,0
2025-12-21,Display Network,Family Pantry Retention Initiative,Metro Region Loyalty Cohort,15908997,Family Planners Lookalike Segment,1665761135741679,Shelf Story Warm Voice,6549680554582288,Brand Awareness,0.0000,0,0,0,0,0,0,0,0,0,0,0,0,0,0,0,0,0,0.0000,0,0,0,0,0
2025-12-22,Display Network,Family Pantry Retention Initiative,Metro Region Loyalty Cohort,15908997,Family Planners Lookalike Segment,1665761135741679,Promo Banner Friendly Voice,6598720554447191,Brand Awareness,0.0000,0,0,0,0,0,0,0,0,0,0,0,0,0,0,0,0,0,0.0000,0,0,0,0,0
2025-12-23,Connected TV,Seasonal Select Promo Initiative,Metro Region Loyalty Cohort,15908997,Health Conscious Buyers Interest Segment,1532426936569806,Shelf Story Warm Voice,9953353036347574,Brand Awareness,245.0233,52023,0,35583,173,100,100,100,100,1172,900,0,0,1,0,154,0,271,0.5209,0,3,0,67428,0
2025-12-24,In-App Display,Family Pantry Retention Initiative,Metro Region Loyalty Cohort,15908997,Family Planners Lookalike Segment,1665761135741679,Shelf Story Warm Voice,2616618213121749,Brand Awareness,0.0000,0,0,0,0,0,0,0,0,0,0,0,0,0,0,0,0,0,0.0000,0,0,0,0,0
2025-12-25,Connected TV,Seasonal Select Promo Initiative,Metro Region Loyalty Cohort,15908997,Family Planners Lookalike Segment,1718074286658736,Shelf Story Warm Voice,1533493773187614,Brand Awareness,212.8408,37905,0,61341,150,100,100,100,100,773,522,0,0,0,0,156,0,244,0.6437,6,1,0,47718,0
2025-12-26,Discovery Network,Seasonal Select Promo Initiative,Metro Region Loyalty Cohort,15908997,Family Planners Lookalike Segment,1718074286658736,Shelf Story Warm Voice,1532291780998103,Brand Awareness,145.3483,33623,0,38552,103,100,100,100,100,831,793,0,0,5,0,100,0,243,0.7227,0,6,0,22991,0
2025-12-27,Affiliate Network,Weekend Saver Retention Initiative,Metro Region Loyalty Cohort,15908997,Health Conscious Buyers Interest Segment,1334393532567969,Shelf Story Bold Voice,7232280368739505,Brand Awareness,0.0000,0,0,0,0,0,0,0,0,0,0,0,0,0,0,0,0,0,0.0000,0,0,0,0,0
2025-12-28,Display Network,Family Pantry Retention Initiative,Metro Region Conversion Cohort,15908997,Bulk Buyers Retention Segment,1096889057602193,Offer Spotlight Friendly Voice,5703717592430862,Catalog Engagement,0.0000,0,0,0,0,0,0,0,0,0,0,0,0,0,0,0,0,0,0.0000,0,0,0,0,0
2025-12-29,Shopping Grid,Seasonal Select Promo Initiative,Metro Region Loyalty Cohort,15908997,Health Conscious Buyers Retention Segment,3613956286158588,Promo Banner Warm Voice,3456261421148856,Brand Awareness,127.6351,29770,0,31641,53,100,100,100,100,767,626,0,0,0,0,61,0,148,0.4971,1,2,0,20495,0
2025-12-30,Video Network,Family Pantry Retention Initiative,Metro Region Loyalty Cohort,15908997,Family Planners Lookalike Segment,1002710949555221,Shelf Story Warm Voice,1647332301297595,Brand Awareness,0.0000,0,0,0,0,0,0,0,0,0,0,0,0,0,0,0,0,0,0.0000,0,0,0,0,0
2025-12-31,Affiliate Network,Family Pantry Retention Initiative,Metro Region Loyalty Cohort,15908997,Health Conscious Buyers Interest Segment,9013382232369046,Shelf Story Warm Voice,3768518651506601,Brand Awareness,0.0000,0,0,0,0,0,0,0,0,0,0,0,0,0,0,0,0,0,0.0000,0,0,0,0,0
2025-12-01,Display Network,Family Pantry Retention Initiative,Metro Region Loyalty Cohort,15908997,Health Conscious Buyers Interest Segment,1474840462607869,Shelf Story Warm Voice,4340134105081797,Brand Awareness,0.0000,0,0,0,0,0,0,0,0,0,0,0,0,0,0,0,0,0,0.0000,0,0,0,0,0
2025-12-02,Display Network,Weekend Saver Retention Initiative,Metro Region Loyalty Cohort,15908997,Family Planners Lookalike Segment,7248228093339312,Shelf Story Warm Voice,6451368560487732,Brand Awareness,0.0000,0,0,0,0,0,0,0,0,0,0,0,0,0,0,0,0,0,0.0000,0,0,0,0,0
2025-12-03,Video Network,Seasonal Select Promo Initiative,Metro Region Loyalty Cohort,15908997,Health Conscious Buyers Retention Segment,3613956286158588,Shelf Story Bold Voice,1755467445485119,Brand Awareness,122.8672,29572,0,37795,52,100,100,100,100,532,420,0,0,0,0,36,0,132,0.4464,2,3,0,22687,0
2025-12-04,Marketplace Feed,Weekend Saver Retention Initiative,Metro Region Loyalty Cohort,15908997,Family Planners Lookalike Segment,7248228093339312,Price Drop Cut Value Voice,9318406623487279,Brand Awareness,0.0000,0,0,0,0,0,0,0,0,0,0,0,0,0,0,0,0,0,0.0000,0,0,0,0,0
2025-12-05,Connected TV,Weekend Saver Retention Initiative,Metro Region Loyalty Cohort,15908997,Health Conscious Buyers Interest Segment,1334393532567969,Price Drop Cut Value Voice,2051943278335934,Brand Awareness,0.0000,0,0,0,0,0,0,0,0,0,0,0,0,0,0,0,0,0,0.0000,0,0,0,0,0
2025-12-06,Marketplace Feed,Seasonal Select Promo Initiative,Metro Region Loyalty Cohort,15908997,Health Conscious Buyers Interest Segment,1532426936569806,Promo Banner Warm Voice,5732401046815275,Brand Awareness,152.0071,47355,0,30569,152,100,100,100,100,1222,1118,0,0,1,0,107,0,268,0.5659,0,3,0,49154,0
2025-12-07,Shopping Grid,Family Pantry Retention Initiative,Metro Region Loyalty Cohort,15908997,Health Conscious Buyers Retention Segment,1669733702699813,Promo Banner Friendly Voice,4647140982681565,Brand Awareness,0.0000,0,0,0,0,0,0,0,0,0,0,0,0,0,0,0,0,0,0.0000,0,0,0,0,0
2025-12-08,In-App Display,Family Pantry Retention Initiative,Metro Region Loyalty Cohort,15908997,Health Conscious Buyers Retention Segment,4976789753470273,Shelf Story Warm Voice,4041974945367907,Brand Awareness,0.0000,0,0,0,0,0,0,0,0,0,0,0,0,0,0,0,0,0,0.0000,0,0,0,0,0
2025-12-09,Video Network,Weekend Saver Retention Initiative,Metro Region Loyalty Cohort,15908997,Health Conscious Buyers Retention Segment,4136110625615180,Price Drop Cut Value Voice,1682844113945221,Brand Awareness,0.0000,0,0,0,0,0,0,0,0,0,0,0,0,0,0,0,0,0,0.0000,0,0,0,0,0
2025-12-10,Discovery Network,Family Pantry Retention Initiative,Metro Region Loyalty Cohort,15908997,Family Planners Lookalike Segment,1665761135741679,Promo Banner Friendly Voice,1647756988327695,Brand Awareness,0.0000,0,0,0,0,0,0,0,0,0,0,0,0,0,0,0,0,0,0.0000,0,0,0,0,0
2025-12-11,In-App Display,Family Pantry Retention Initiative,Metro Region Loyalty Cohort,15908997,Family Planners Lookalike Segment,1665761135741679,Shelf Story Warm Voice,2793262031628184,Brand Awareness,0.0000,0,0,0,0,0,0,0,0,0,0,0,0,0,0,0,0,0,0.0000,0,0,0,0,0
2025-12-12,Influencer Network,Family Pantry Retention Initiative,Metro Region Loyalty Cohort,15908997,Family Planners Lookalike Segment,1665761135741679,Shelf Story Warm Voice,2902136042807068,Brand Awareness,0.0000,0,0,0,0,0,0,0,0,0,0,0,0,0,0,0,0,0,0.0000,0,0,0,0,0
2025-12-13,Video Network,Family Pantry Retention Initiative,Metro Region Loyalty Cohort,15908997,Health Conscious Buyers Interest Segment,1474840462607869,Shelf Story Warm Voice,8486205212439809,Brand Awareness,0.0000,0,0,0,0,0,0,0,0,0,0,0,0,0,0,0,0,0,0.0000,0,0,0,0,0
2025-12-14,Social Feed,Seasonal Select Promo Initiative,Metro Region Loyalty Cohort,15908997,Family Planners Lookalike Segment,1718074286658736,Offer Spotlight Bold Voice,1638167476571035,Brand Awareness,77.8377,17719,0,29600,54,100,100,100,100,221,173,0,0,0,0,25,0,91,0.5136,0,3,0,18397,0
2025-12-15,Marketplace Feed,Family Pantry Retention Initiative,Metro Region Loyalty Cohort,15908997,Family Planners Lookalike Segment,1002710949555221,Shelf Story Warm Voice,5797898098365146,Brand Awareness,0.0000,0,0,0,0,0,0,0,0,0,0,0,0,0,0,0,0,0,0.0000,0,0,0,0,0
2025-12-16,Connected TV,Family Pantry Retention Initiative,Metro Region Loyalty Cohort,15908997,Family Planners Lookalike Segment,1002710949555221,Shelf Story Warm Voice,1655044419034925,Brand Awareness,0.0000,0,0,0,0,0,0,0,0,0,0,0,0,0,0,0,0,0,0.0000,0,0,0,0,0
2025-12-17,Display Network,Seasonal Select Promo Initiative,Metro Region Loyalty Cohort,15908997,Health Conscious Buyers Retention Segment,3613956286158588,Offer Spotlight Bold Voice,4607696881668990,Brand Awareness,61.6467,16160,0,17563,20,69,100,100,74,178,143,0,0,0,0,8,0,49,0.3032,0,1,0,10546,0
2025-12-18,Display Network,Weekend Saver Retention Initiative,Metro Region Loyalty Cohort,15908997,Health Conscious Buyers Interest Segment,1334393532567969,Offer Spotlight Bold Voice,3220054077294586,Brand Awareness,0.0000,0,0,0,0,0,0,0,0,0,0,0,0,0,0,0,0,0,0.0000,0,0,0,0,0
2025-12-19,Search Network,Weekend Saver Retention Initiative,Metro Region Loyalty Cohort,15908997,Health Conscious Buyers Interest Segment,1334393532567969,Shelf Story Bold Voice,8314765461987923,Brand Awareness,0.0000,0,0,0,0,0,0,0,0,0,0,0,0,0,0,0,0,0,0.0000,0,0,0,0,0
2025-12-20,Search Network,Weekend Saver Retention Initiative,Metro Region Loyalty Cohort,15908997,Health Conscious Buyers Retention Segment,4136110625615180,Shelf Story Warm Voice,5443423299390877,Brand Awareness,0.0000,0,0,0,0,0,0,0,0,0,0,0,0,0,0,0,0,0,0.0000,0,0,0,0,0
2025-12-21,Shopping Grid,Family Pantry Retention Initiative,Metro Region Loyalty Cohort,15908997,Health Conscious Buyers Retention Segment,1669733702699813,Shelf Story Warm Voice,5602072675253918,Brand Awareness,0.0000,0,0,0,0,0,0,0,0,0,0,0,0,0,0,0,0,0,0.0000,0,0,0,0,0
2025-12-22,Affiliate Network,Weekend Saver Retention Initiative,Metro Region Loyalty Cohort,15908997,Family Planners Lookalike Segment,7248228093339312,Shelf Story Bold Voice,1269408759613688,Brand Awareness,0.0000,0,0,0,0,0,0,0,0,0,0,0,0,0,0,0,0,0,0.0000,0,0,0,0,0
2025-12-23,Retail Media Network,Family Pantry Retention Initiative,Metro Region Loyalty Cohort,15908997,Family Planners Lookalike Segment,1665761135741679,Shelf Story Value Voice,5225143865411760,Brand Awareness,0.0000,0,0,0,0,0,0,0,0,0,0,0,0,0,0,0,0,0,0.0000,0,0,0,0,0
2025-12-24,Video Network,Family Pantry Retention Initiative,Metro Region Loyalty Cohort,15908997,Health Conscious Buyers Interest Segment,9013382232369046,Shelf Story Value Voice,1103993184708534,Brand Awareness,0.0000,0,0,0,0,0,0,0,0,0,0,0,0,0,0,0,0,0,0.0000,0,0,0,0,0
2025-12-25,Display Network,Seasonal Select Promo Initiative,Metro Region Loyalty Cohort,15908997,Family Planners Lookalike Segment,1718074286658736,Shelf Story Bold Voice,4278310985669178,Brand Awareness,203.3022,26945,0,49892,103,100,100,100,100,771,717,0,0,0,0,248,0,200,0.7423,0,1,0,29163,0
2025-12-26,Social Feed,Weekend Saver Retention Initiative,Metro Region Loyalty Cohort,15908997,Health Conscious Buyers Interest Segment,1334393532567969,Price Drop Cut Value Voice,1109002298095593,Brand Awareness,0.0000,0,0,0,0,0,0,0,0,0,0,0,0,0,0,0,0,0,0.0000,0,0,0,0,0
2025-12-27,Search Network,Seasonal Select Promo Initiative,Metro Region Loyalty Cohort,15908997,Health Conscious Buyers Retention Segment,3613956286158588,Shelf Story Warm Voice,9626373394400677,Brand Awareness,90.0969,26765,0,29532,69,100,100,100,100,453,481,0,0,0,0,24,0,108,0.4035,0,0,0,26386,0
2025-12-28,Display Network,Family Pantry Retention Initiative,Metro Region Loyalty Cohort,15908997,Health Conscious Buyers Retention Segment,1669733702699813,Shelf Story Warm Voice,1173063753252113,Brand Awareness,0.0000,0,0,0,0,0,0,0,0,0,0,0,0,0,0,0,0,0,0.0000,0,0,0,0,0
2025-12-29,In-App Display,Family Pantry Retention Initiative,Metro Region Loyalty Cohort,15908997,Health Conscious Buyers Interest Segment,9013382232369046,Shelf Story Warm Voice,1099249066640891,Brand Awareness,0.0000,0,0,0,0,0,0,0,0,0,0,0,0,0,0,0,0,0,0.0000,0,0,0,0,0
2025-12-30,Influencer Network,Seasonal Select Promo Initiative,Metro Region Loyalty Cohort,15908997,Family Planners Lookalike Segment,1718074286658736,Promo Banner Warm Voice,1089449421739833,Brand Awareness,253.1512,67346,0,42975,174,100,100,100,100,1556,1175,0,0,1,0,246,0,583,0.8657,2,8,0,50323,0
2025-12-31,Shopping Grid,Home Essentials Promo Initiative,Metro Region Conversion Cohort,44948390,Quick Refill Buyers Retention Segment,1899712342036110,Shelf Story Warm Voice,8585579191193727,Brand Awareness,0.0000,0,0,0,0,0,0,0,0,0,0,0,0,0,0,0,0,0,0.0000,0,0,0,0,0
2025-12-01,In-App Display,Seasonal Select Promo Initiative,Metro Region Loyalty Cohort,15908997,Health Conscious Buyers Interest Segment,1532426936569806,Offer Spotlight Bold Voice,4433422745438620,Brand Awareness,113.7218,19379,0,30311,46,100,100,100,100,319,286,0,0,0,0,59,0,145,0.7482,0,2,0,33540,0
2025-12-02,Shopping Grid,Family Pantry Retention Initiative,Metro Region Loyalty Cohort,15908997,Health Conscious Buyers Interest Segment,9013382232369046,Shelf Story Warm Voice,5257839822274418,Brand Awareness,0.0000,0,0,0,0,0,0,0,0,0,0,0,0,0,0,0,0,0,0.0000,0,0,0,0,0
2025-12-03,Display Network,Family Pantry Retention Initiative,Metro Region Loyalty Cohort,15908997,Health Conscious Buyers Retention Segment,1669733702699813,Price Drop Cut Value Voice,6906673719698824,Brand Awareness,0.0000,0,0,0,0,0,0,0,0,0,0,0,0,0,0,0,0,0,0.0000,0,0,0,0,0
2025-12-04,Video Network,Family Pantry Retention Initiative,Metro Region Loyalty Cohort,15908997,Health Conscious Buyers Retention Segment,1669733702699813,Shelf Story Value Voice,1365467474223726,Brand Awareness,0.0000,0,0,0,0,0,0,0,0,0,0,0,0,0,0,0,0,0,0.0000,0,0,0,0,0
2025-12-05,Connected TV,Weekend Saver Retention Initiative,Metro Region Loyalty Cohort,15908997,Family Planners Lookalike Segment,7248228093339312,Shelf Story Bold Voice,3411200546175283,Brand Awareness,0.0000,0,0,0,0,0,0,0,0,0,0,0,0,0,0,0,0,0,0.0000,0,0,0,0,0
2025-12-06,Affiliate Network,Family Pantry Retention Initiative,Metro Region Loyalty Cohort,15908997,Health Conscious Buyers Interest Segment,9013382232369046,Promo Banner Friendly Voice,1538508227020088,Brand Awareness,0.0000,0,0,0,0,0,0,0,0,0,0,0,0,0,0,0,0,0,0.0000,0,0,0,0,0
2025-12-07,In-App Display,Seasonal Select Promo Initiative,Metro Region Loyalty Cohort,15908997,Family Planners Lookalike Segment,1718074286658736,Offer Spotlight Value Voice,2074777970281390,Brand Awareness,96.5734,19284,0,26787,71,100,100,100,100,511,637,0,0,0,0,58,0,175,0.9075,0,2,0,15522,0
2025-12-08,Influencer Network,Weekend Saver Retention Initiative,Metro Region Loyalty Cohort,15908997,Family Planners Lookalike Segment,7248228093339312,Offer Spotlight Bold Voice,1757288035719114,Brand Awareness,0.0000,0,0,0,0,0,0,0,0,0,0,0,0,0,0,0,0,0,0.0000,0,0,0,0,0
2025-12-09,Influencer Network,Family Pantry Retention Initiative,Metro Region Loyalty Cohort,15908997,Family Planners Lookalike Segment,1665761135741679,Price Drop Cut Value Voice,1192366617925175,Brand Awareness,0.0000,0,0,0,0,0,0,0,0,0,0,0,0,0,0,0,0,0,0.0000,0,0,0,0,0
2025-12-10,Display Network,Family Pantry Retention Initiative,Metro Region Loyalty Cohort,15908997,Health Conscious Buyers Interest Segment,9013382232369046,Shelf Story Warm Voice,1177430610668804,Brand Awareness,0.0000,0,0,0,0,0,0,0,0,0,0,0,0,0,0,0,0,0,0.0000,0,0,0,0,0
2025-12-11,Search Network,Family Pantry Retention Initiative,Metro Region Loyalty Cohort,15908997,Family Planners Lookalike Segment,1002710949555221,Shelf Story Warm Voice,3185083078735744,Brand Awareness,0.0000,0,0,0,0,0,0,0,0,0,0,0,0,0,0,0,0,0,0.0000,0,0,0,0,0
2025-12-12,Shopping Grid,Family Pantry Retention Initiative,Metro Region Loyalty Cohort,15908997,Health Conscious Buyers Interest Segment,1474840462607869,Shelf Story Warm Voice,5682500646683685,Brand Awareness,0.0000,0,0,0,0,0,0,0,0,0,0,0,0,0,0,0,0,0,0.0000,0,0,0,0,0
2025-12-13,Search Network,Weekend Saver Retention Initiative,Metro Region Loyalty Cohort,15908997,Health Conscious Buyers Retention Segment,4136110625615180,Price Drop Cut Value Voice,1682844113945221,Brand Awareness,0.0000,0,0,0,0,0,0,0,0,0,0,0,0,0,0,0,0,0,0.0000,0,0,0,0,0
2025-12-14,Social Feed,Family Pantry Retention Initiative,Metro Region Loyalty Cohort,15908997,Family Planners Lookalike Segment,1665761135741679,Shelf Story Warm Voice,2616618213121749,Brand Awareness,0.0000,0,0,0,0,0,0,0,0,0,0,0,0,0,0,0,0,0,0.0000,0,0,0,0,0
2025-12-15,Social Feed,Family Pantry Retention Initiative,Metro Region Conversion Cohort,15908997,Family Planners Lookalike Segment,3017606229260592,Shelf Story Value Voice,5691206288583839,Catalog Engagement,0.0000,0,0,0,0,0,0,0,0,0,0,0,0,0,0,0,0,0,0.0000,0,0,0,0,0
2025-12-16,Influencer Network,Weekend Saver Retention Initiative,Metro Region Loyalty Cohort,15908997,Family Planners Lookalike Segment,7248228093339312,Price Drop Cut Value Voice,9781212069592701,Brand Awareness,0.0000,0,0,0,0,0,0,0,0,0,0,0,0,0,0,0,0,0,0.0000,0,0,0,0,0
2025-12-17,Retail Media Network,Family Pantry Retention Initiative,Metro Region Conversion Cohort,15908997,Weekend Deal Hunters Interest Segment,6202516839870495,Shelf Story Value Voice,1077582730962642,Catalog Engagement,0.0000,0,0,0,0,0,0,0,0,0,0,0,0,0,0,0,0,0,0.0000,0,0,0,0,0
2025-12-18,Display Network,Family Pantry Retention Initiative,Metro Region Loyalty Cohort,15908997,Family Planners Lookalike Segment,1665761135741679,Shelf Story Bold Voice,1220357368781053,Brand Awareness,0.0000,0,0,0,0,0,0,0,0,0,0,0,0,0,0,0,0,0,0.0000,0,0,0,0,0
2025-12-19,Social Feed,Seasonal Select Promo Initiative,Metro Region Loyalty Cohort,15908997,Family Planners Lookalike Segment,1718074286658736,Shelf Story Bold Voice,4278310985669178,Brand Awareness,114.0216,62493,0,46401,97,100,100,100,100,580,498,0,0,2,0,146,0,299,0.4785,4,8,0,49153,0
2025-12-20,Shopping Grid,Weekend Saver Retention Initiative,Metro Region Loyalty Cohort,15908997,Health Conscious Buyers Retention Segment,4136110625615180,Shelf Story Warm Voice,1781261912151237,Brand Awareness,0.0000,0,0,0,0,0,0,0,0,0,0,0,0,0,0,0,0,0,0.0000,0,0,0,0,0
2025-12-21,Shopping Grid,Family Pantry Retention Initiative,Metro Region Loyalty Cohort,15908997,Health Conscious Buyers Retention Segment,1669733702699813,Shelf Story Warm Voice,6197978194612129,Brand Awareness,0.0000,0,0,0,0,0,0,0,0,0,0,0,0,0,0,0,0,0,0.0000,0,0,0,0,0
2025-12-22,Social Feed,Family Pantry Retention Initiative,Metro Region Loyalty Cohort,15908997,Health Conscious Buyers Interest Segment,1474840462607869,Shelf Story Warm Voice,4340134105081797,Brand Awareness,0.0000,0,0,0,0,0,0,0,0,0,0,0,0,0,0,0,0,0,0.0000,0,0,0,0,0
2025-12-23,Video Network,Seasonal Select Promo Initiative,Metro Region Loyalty Cohort,15908997,Health Conscious Buyers Interest Segment,1532426936569806,Offer Spotlight Value Voice,2894551765052346,Brand Awareness,114.0595,14998,0,18743,75,100,100,100,100,541,657,0,0,0,0,39,0,103,0.6868,0,3,0,11099,0
2025-12-24,Affiliate Network,Seasonal Select Promo Initiative,Metro Region Loyalty Cohort,15908997,Health Conscious Buyers Interest Segment,1532426936569806,Offer Spotlight Bold Voice,4433422745438620,Brand Awareness,111.0392,19852,0,28295,62,100,100,100,100,255,273,0,0,0,0,26,0,56,0.2821,0,0,0,22429,0
2025-12-25,Discovery Network,Family Pantry Retention Initiative,Metro Region Loyalty Cohort,15908997,Health Conscious Buyers Retention Segment,1669733702699813,Promo Banner Friendly Voice,1414897562821209,Brand Awareness,0.0000,0,0,0,0,0,0,0,0,0,0,0,0,0,0,0,0,0,0.0000,0,0,0,0,0
2025-12-26,Discovery Network,Family Pantry Retention Initiative,Metro Region Loyalty Cohort,15908997,Health Conscious Buyers Retention Segment,4976789753470273,Shelf Story Warm Voice,1220076337258804,Brand Awareness,0.0000,0,0,0,0,0,0,0,0,0,0,0,0,0,0,0,0,0,0.0000,0,0,0,0,0
2025-12-27,Influencer Network,Weekend Saver Retention Initiative,Metro Region Loyalty Cohort,15908997,Family Planners Lookalike Segment,7248228093339312,Shelf Story Warm Voice,6451368560487732,Brand Awareness,0.0000,0,0,0,0,0,0,0,0,0,0,0,0,0,0,0,0,0,0.0000,0,0,0,0,0
2025-12-28,Social Feed,Weekend Saver Retention Initiative,Metro Region Loyalty Cohort,15908997,Health Conscious Buyers Interest Segment,1334393532567969,Shelf Story Bold Voice,7232280368739505,Brand Awareness,0.0000,0,0,0,0,0,0,0,0,0,0,0,0,0,0,0,0,0,0.0000,0,0,0,0,0
2025-12-29,Affiliate Network,Seasonal Select Promo Initiative,Metro Region Loyalty Cohort,15908997,Health Conscious Buyers Retention Segment,3613956286158588,Shelf Story Warm Voice,2259713911990191,Brand Awareness,133.8538,22025,0,22803,118,100,100,100,100,782,916,0,0,0,0,62,0,195,0.8854,3,5,0,40261,0
2025-12-30,Video Network,Family Pantry Retention Initiative,Metro Region Loyalty Cohort,15908997,Health Conscious Buyers Retention Segment,4976789753470273,Shelf Story Warm Voice,4041974945367907,Brand Awareness,0.0000,0,0,0,0,0,0,0,0,0,0,0,0,0,0,0,0,0,0.0000,0,0,0,0,0
2025-12-31,Affiliate Network,Family Pantry Retention Initiative,Metro Region Loyalty Cohort,15908997,Health Conscious Buyers Retention Segment,1669733702699813,Collection Showcase Warm Voice,1788908453907262,Brand Awareness,0.0000,0,0,0,0,0,0,0,0,0,0,0,0,0,0,0,0,0,0.0000,0,0,0,0,0
2025-12-01,Shopping Grid,Seasonal Select Promo Initiative,Metro Region Loyalty Cohort,15908997,Health Conscious Buyers Retention Segment,3613956286158588,Shelf Story Bold Voice,1755467445485119,Brand Awareness,122.4822,30730,0,27525,84,100,100,100,100,449,386,0,0,0,0,23,0,87,0.2831,0,0,0,34417,0
2025-12-02,Display Network,Weekend Saver Retention Initiative,Metro Region Loyalty Cohort,15908997,Health Conscious Buyers Interest Segment,1334393532567969,Shelf Story Warm Voice,2520693897922300,Brand Awareness,0.0000,0,0,0,0,0,0,0,0,0,0,0,0,0,0,0,0,0,0.0000,0,0,0,0,0
2025-12-03,Shopping Grid,Family Pantry Retention Initiative,Metro Region Loyalty Cohort,15908997,Family Planners Lookalike Segment,1002710949555221,Shelf Story Warm Voice,1655044419034925,Brand Awareness,0.0000,0,0,0,0,0,0,0,0,0,0,0,0,0,0,0,0,0,0.0000,0,0,0,0,0
2025-12-04,Social Feed,Family Pantry Retention Initiative,Metro Region Loyalty Cohort,15908997,Family Planners Lookalike Segment,1665761135741679,Shelf Story Value Voice,5225143865411760,Brand Awareness,0.0000,0,0,0,0,0,0,0,0,0,0,0,0,0,0,0,0,0,0.0000,0,0,0,0,0
2025-12-05,Affiliate Network,Family Pantry Retention Initiative,Metro Region Loyalty Cohort,15908997,Family Planners Lookalike Segment,1665761135741679,Shelf Story Warm Voice,2902136042807068,Brand Awareness,0.0000,0,0,0,0,0,0,0,0,0,0,0,0,0,0,0,0,0,0.0000,0,0,0,0,0
2025-12-06,Video Network,Family Pantry Retention Initiative,Metro Region Loyalty Cohort,15908997,Family Planners Lookalike Segment,1002710949555221,Shelf Story Warm Voice,5797898098365146,Brand Awareness,0.0000,0,0,0,0,0,0,0,0,0,0,0,0,0,0,0,0,0,0.0000,0,0,0,0,0
2025-12-07,Retail Media Network,Weekend Saver Retention Initiative,Metro Region Loyalty Cohort,15908997,Family Planners Lookalike Segment,7248228093339312,Price Drop Cut Value Voice,9318406623487279,Brand Awareness,0.0000,0,0,0,0,0,0,0,0,0,0,0,0,0,0,0,0,0,0.0000,0,0,0,0,0
2025-12-08,Video Network,Family Pantry Retention Initiative,Metro Region Loyalty Cohort,15908997,Health Conscious Buyers Interest Segment,1474840462607869,Shelf Story Warm Voice,5682500646683685,Brand Awareness,0.0000,0,0,0,0,0,0,0,0,0,0,0,0,0,0,0,0,0,0.0000,0,0,0,0,0
2025-12-09,Marketplace Feed,Family Pantry Retention Initiative,Metro Region Conversion Cohort,15908997,Bulk Buyers Retention Segment,1096889057602193,Offer Spotlight Friendly Voice,5703717592430862,Catalog Engagement,0.0000,0,0,0,0,0,0,0,0,0,0,0,0,0,0,0,0,0,0.0000,0,0,0,0,0
2025-12-10,Search Network,Family Pantry Retention Initiative,Metro Region Loyalty Cohort,15908997,Family Planners Lookalike Segment,1665761135741679,Shelf Story Warm Voice,1280290142112652,Brand Awareness,0.0000,0,0,0,0,0,0,0,0,0,0,0,0,0,0,0,0,0,0.0000,0,0,0,0,0
2025-12-11,Display Network,Weekend Saver Retention Initiative,Metro Region Loyalty Cohort,15908997,Health Conscious Buyers Retention Segment,4136110625615180,Shelf Story Bold Voice,5160906508093401,Brand Awareness,0.0000,0,0,0,0,0,0,0,0,0,0,0,0,0,0,0,0,0,0.0000,0,0,0,0,0
2025-12-12,Search Network,Seasonal Select Promo Initiative,Metro Region Loyalty Cohort,15908997,Health Conscious Buyers Retention Segment,3613956286158588,Promo Banner Warm Voice,3456261421148856,Brand Awareness,124.6289,21742,0,33944,116,100,100,100,100,958,486,0,0,0,0,65,0,161,0.7405,0,2,0,20855,0
2025-12-13,Retail Media Network,Weekend Saver Retention Initiative,Metro Region Loyalty Cohort,15908997,Health Conscious Buyers Retention Segment,4136110625615180,Offer Spotlight Bold Voice,3833443174798849,Brand Awareness,0.0000,0,0,0,0,0,0,0,0,0,0,0,0,0,0,0,0,0,0.0000,0,0,0,0,0
2025-12-14,Discovery Network,Family Pantry Retention Initiative,Metro Region Loyalty Cohort,15908997,Health Conscious Buyers Interest Segment,1474840462607869,Offer Spotlight Bold Voice,3530423296641236,Brand Awareness,0.0000,0,0,0,0,0,0,0,0,0,0,0,0,0,0,0,0,0,0.0000,0,0,0,0,0
2025-12-15,Influencer Network,Family Pantry Retention Initiative,Metro Region Loyalty Cohort,86057605,Family Planners Lookalike Segment,1541980607257120,Shelf Story Warm Voice,1227821280716912,Brand Awareness,0.0000,0,0,0,0,0,0,0,0,0,0,0,0,0,0,0,0,0,0.0000,0,0,0,0,0
2025-12-16,Affiliate Network,Weekend Saver Retention Initiative,Metro Region Loyalty Cohort,15908997,Health Conscious Buyers Interest Segment,1334393532567969,Shelf Story Bold Voice,8314765461987923,Brand Awareness,0.0000,0,0,0,0,0,0,0,0,0,0,0,0,0,0,0,0,0,0.0000,0,0,0,0,0
2025-12-17,Video Network,Weekend Saver Retention Initiative,Metro Region Loyalty Cohort,15908997,Health Conscious Buyers Interest Segment,1334393532567969,Offer Spotlight Bold Voice,3220054077294586,Brand Awareness,0.0000,0,0,0,0,0,0,0,0,0,0,0,0,0,0,0,0,0,0.0000,0,0,0,0,0
2025-12-18,Affiliate Network,Weekend Saver Retention Initiative,Metro Region Loyalty Cohort,15908997,Family Planners Lookalike Segment,7248228093339312,Shelf Story Bold Voice,1269408759613688,Brand Awareness,0.0000,0,0,0,0,0,0,0,0,0,0,0,0,0,0,0,0,0,0.0000,0,0,0,0,0
2025-12-19,Affiliate Network,Family Pantry Retention Initiative,Metro Region Loyalty Cohort,15908997,Family Planners Lookalike Segment,1002710949555221,Shelf Story Warm Voice,1647332301297595,Brand Awareness,0.0000,0,0,0,0,0,0,0,0,0,0,0,0,0,0,0,0,0,0.0000,0,0,0,0,0
2025-12-20,In-App Display,Family Pantry Retention Initiative,Metro Region Loyalty Cohort,15908997,Health Conscious Buyers Interest Segment,9013382232369046,Promo Banner Friendly Voice,1538508227020088,Brand Awareness,0.0000,0,0,0,0,0,0,0,0,0,0,0,0,0,0,0,0,0,0.0000,0,0,0,0,0
2025-12-21,Connected TV,Family Pantry Retention Initiative,Metro Region Loyalty Cohort,15908997,Family Planners Lookalike Segment,1665761135741679,Promo Banner Friendly Voice,1647756988327695,Brand Awareness,0.0000,0,0,0,0,0,0,0,0,0,0,0,0,0,0,0,0,0,0.0000,0,0,0,0,0
2025-12-22,Display Network,Family Pantry Retention Initiative,Metro Region Loyalty Cohort,15908997,Health Conscious Buyers Retention Segment,1669733702699813,Shelf Story Warm Voice,5602072675253918,Brand Awareness,0.0000,0,0,0,0,0,0,0,0,0,0,0,0,0,0,0,0,0,0.0000,0,0,0,0,0
2025-12-23,Influencer Network,Family Pantry Retention Initiative,Metro Region Loyalty Cohort,15908997,Family Planners Lookalike Segment,1665761135741679,Shelf Story Warm Voice,2793262031628184,Brand Awareness,0.0000,0,0,0,0,0,0,0,0,0,0,0,0,0,0,0,0,0,0.0000,0,0,0,0,0
2025-12-24,Marketplace Feed,Seasonal Select Promo Initiative,Metro Region Loyalty Cohort,15908997,Family Planners Lookalike Segment,1718074286658736,Shelf Story Warm Voice,1532291780998103,Brand Awareness,134.4358,26643,0,28225,69,100,100,100,100,786,978,0,0,0,0,75,0,175,0.6568,1,3,0,28804,0
2025-12-25,Shopping Grid,Seasonal Select Promo Initiative,Metro Region Loyalty Cohort,15908997,Family Planners Lookalike Segment,1718074286658736,Shelf Story Warm Voice,1533493773187614,Brand Awareness,152.0837,31936,0,47686,140,100,100,100,100,851,853,0,0,0,0,144,0,233,0.7296,0,3,0,25599,0
2025-12-26,Discovery Network,Family Pantry Retention Initiative,Metro Region Loyalty Cohort,15908997,Health Conscious Buyers Interest Segment,9013382232369046,Shelf Story Warm Voice,3768518651506601,Brand Awareness,0.0000,0,0,0,0,0,0,0,0,0,0,0,0,0,0,0,0,0,0.0000,0,0,0,0,0
2025-12-27,Social Feed,Seasonal Select Promo Initiative,Metro Region Loyalty Cohort,15908997,Health Conscious Buyers Retention Segment,3613956286158588,Offer Spotlight Bold Voice,4607696881668990,Brand Awareness,52.1969,16919,0,17011,27,60,100,100,88,184,150,0,0,0,0,14,0,51,0.3014,0,0,0,19042,0
2025-12-28,Connected TV,Family Pantry Retention Initiative,Metro Region Loyalty Cohort,15908997,Health Conscious Buyers Retention Segment,1669733702699813,Shelf Story Bold Voice,4391005331160720,Brand Awareness,0.0000,0,0,0,0,0,0,0,0,0,0,0,0,0,0,0,0,0,0.0000,0,0,0,0,0
2025-12-29,Shopping Grid,Weekend Saver Retention Initiative,Metro Region Loyalty Cohort,15908997,Health Conscious Buyers Retention Segment,4136110625615180,Shelf Story Bold Voice,1238862856159509,Brand Awareness,0.0000,0,0,0,0,0,0,0,0,0,0,0,0,0,0,0,0,0,0.0000,0,0,0,0,0
2025-12-30,In-App Display,Weekend Saver Retention Initiative,Metro Region Loyalty Cohort,15908997,Health Conscious Buyers Interest Segment,1334393532567969,Price Drop Cut Value Voice,1109002298095593,Brand Awareness,0.0000,0,0,0,0,0,0,0,0,0,0,0,0,0,0,0,0,0,0.0000,0,0,0,0,0
2025-12-31,In-App Display,Family Pantry Retention Initiative,Metro Region Loyalty Cohort,15908997,Health Conscious Buyers Retention Segment,1669733702699813,Shelf Story Value Voice,1365467474223726,Brand Awareness,0.0000,0,0,0,0,0,0,0,0,0,0,0,0,0,0,0,0,0,0.0000,0,0,0,0,0
2025-12-01,Shopping Grid,Family Pantry Retention Initiative,Metro Region Loyalty Cohort,15908997,Health Conscious Buyers Retention Segment,1669733702699813,Shelf Story Warm Voice,1837904232519606,Brand Awareness,0.0000,0,0,0,0,0,0,0,0,0,0,0,0,0,0,0,0,0,0.0000,0,0,0,0,0
2025-12-02,Social Feed,Weekend Saver Retention Initiative,Metro Region Loyalty Cohort,15908997,Family Planners Lookalike Segment,7248228093339312,Shelf Story Warm Voice,1150526236199258,Brand Awareness,0.0000,0,0,0,0,0,0,0,0,0,0,0,0,0,0,0,0,0,0.0000,0,0,0,0,0
2025-12-03,In-App Display,Family Pantry Retention Initiative,Metro Region Loyalty Cohort,15908997,Health Conscious Buyers Interest Segment,9013382232369046,Shelf Story Warm Voice,5257839822274418,Brand Awareness,0.0000,0,0,0,0,0,0,0,0,0,0,0,0,0,0,0,0,0,0.0000,0,0,0,0,0
2025-12-04,Search Network,Weekend Saver Retention Initiative,Metro Region Loyalty Cohort,15908997,Health Conscious Buyers Interest Segment,1334393532567969,Price Drop Cut Value Voice,2051943278335934,Brand Awareness,0.0000,0,0,0,0,0,0,0,0,0,0,0,0,0,0,0,0,0,0.0000,0,0,0,0,0
2025-12-05,Retail Media Network,Family Pantry Retention Initiative,Metro Region Loyalty Cohort,15908997,Health Conscious Buyers Retention Segment,1669733702699813,Promo Banner Friendly Voice,4647140982681565,Brand Awareness,0.0000,0,0,0,0,0,0,0,0,0,0,0,0,0,0,0,0,0,0.0000,0,0,0,0,0
2025-12-06,Connected TV,Seasonal Select Promo Initiative,Metro Region Loyalty Cohort,15908997,Family Planners Lookalike Segment,1718074286658736,Offer Spotlight Bold Voice,1638167476571035,Brand Awareness,80.0717,23056,0,21209,39,83,100,100,100,240,354,0,0,0,0,53,0,126,0.5465,0,1,0,20969,0
2025-12-07,Discovery Network,Family Pantry Retention Initiative,Metro Region Loyalty Cohort,15908997,Health Conscious Buyers Retention Segment,4976789753470273,Shelf Story Warm Voice,5506678816268127,Brand Awareness,0.0000,0,0,0,0,0,0,0,0,0,0,0,0,0,0,0,0,0,0.0000,0,0,0,0,0
2025-12-08,Display Network,Weekend Saver Retention Initiative,Metro Region Loyalty Cohort,15908997,Health Conscious Buyers Retention Segment,4136110625615180,Price Drop Cut Value Voice,1316048837324374,Brand Awareness,0.0000,0,0,0,0,0,0,0,0,0,0,0,0,0,0,0,0,0,0.0000,0,0,0,0,0
2025-12-09,Affiliate Network,Weekend Saver Retention Initiative,Metro Region Loyalty Cohort,15908997,Health Conscious Buyers Interest Segment,1334393532567969,Shelf Story Warm Voice,8045514033882153,Brand Awareness,0.0000,0,0,0,0,0,0,0,0,0,0,0,0,0,0,0,0,0,0.0000,0,0,0,0,0
2025-12-10,In-App Display,Weekend Saver Retention Initiative,Metro Region Loyalty Cohort,15908997,Health Conscious Buyers Retention Segment,4136110625615180,Shelf Story Warm Voice,5443423299390877,Brand Awareness,0.0000,0,0,0,0,0,0,0,0,0,0,0,0,0,0,0,0,0,0.0000,0,0,0,0,0
2025-12-11,Video Network,Seasonal Select Promo Initiative,Metro Region Loyalty Cohort,15908997,Health Conscious Buyers Interest Segment,1532426936569806,Shelf Story Warm Voice,9953353036347574,Brand Awareness,302.9221,60861,0,49497,88,100,100,100,100,1216,1063,0,0,0,0,54,0,347,0.5702,0,1,0,50541,0
2025-12-12,Affiliate Network,Family Pantry Retention Initiative,Metro Region Loyalty Cohort,15908997,Family Planners Lookalike Segment,1665761135741679,Price Drop Cut Value Voice,1192366617925175,Brand Awareness,0.0000,0,0,0,0,0,0,0,0,0,0,0,0,0,0,0,0,0,0.0000,0,0,0,0,0
2025-12-13,Search Network,Seasonal Select Promo Initiative,Metro Region Loyalty Cohort,15908997,Health Conscious Buyers Retention Segment,3613956286158588,Offer Spotlight Value Voice,9011752711561329,Brand Awareness,68.1107,12108,0,17422,58,100,100,100,100,342,192,0,0,0,0,17,0,87,0.7185,0,3,0,25786,0
2025-12-14,Display Network,Family Pantry Retention Initiative,Metro Region Loyalty Cohort,15908997,Health Conscious Buyers Interest Segment,9013382232369046,Shelf Story Warm Voice,1641518074556035,Brand Awareness,0.0000,0,0,0,0,0,0,0,0,0,0,0,0,0,0,0,0,0,0.0000,0,0,0,0,0
2025-12-15,Marketplace Feed,Weekend Saver Retention Initiative,Metro Region Loyalty Cohort,15908997,Family Planners Lookalike Segment,7248228093339312,Offer Spotlight Bold Voice,1757288035719114,Brand Awareness,0.0000,0,0,0,0,0,0,0,0,0,0,0,0,0,0,0,0,0,0.0000,0,0,0,0,0
2025-12-16,Search Network,Family Pantry Retention Initiative,Metro Region Loyalty Cohort,15908997,Family Planners Lookalike Segment,1002710949555221,Shelf Story Warm Voice,3185083078735744,Brand Awareness,0.0000,0,0,0,0,0,0,0,0,0,0,0,0,0,0,0,0,0,0.0000,0,0,0,0,0
2025-12-17,Influencer Network,Family Pantry Retention Initiative,Metro Region Loyalty Cohort,15908997,Family Planners Lookalike Segment,1665761135741679,Shelf Story Warm Voice,6549680554582288,Brand Awareness,0.0000,0,0,0,0,0,0,0,0,0,0,0,0,0,0,0,0,0,0.0000,0,0,0,0,0
2025-12-18,Display Network,Family Pantry Retention Initiative,Metro Region Loyalty Cohort,15908997,Health Conscious Buyers Interest Segment,9013382232369046,Shelf Story Value Voice,1103993184708534,Brand Awareness,0.0000,0,0,0,0,0,0,0,0,0,0,0,0,0,0,0,0,0,0.0000,0,0,0,0,0
2025-12-19,Display Network,Weekend Saver Retention Initiative,Metro Region Loyalty Cohort,15908997,Family Planners Lookalike Segment,7248228093339312,Shelf Story Bold Voice,3411200546175283,Brand Awareness,0.0000,0,0,0,0,0,0,0,0,0,0,0,0,0,0,0,0,0,0.0000,0,0,0,0,0
2025-12-20,In-App Display,Seasonal Select Promo Initiative,Metro Region Loyalty Cohort,15908997,Health Conscious Buyers Interest Segment,1532426936569806,Shelf Story Warm Voice,7193200529405455,Brand Awareness,151.5505,58043,0,47263,150,100,100,100,100,896,458,0,0,0,0,37,0,240,0.4135,2,8,0,36561,0
2025-12-21,Connected TV,Seasonal Select Demand Initiative,Metro Region Conversion Cohort,15908997,Bulk Buyers Retention Segment,1061064502710542,Offer Spotlight Bold Voice,1741856265266256,Catalog Engagement,0.0000,0,0,0,0,0,0,0,0,0,0,0,0,0,0,0,0,0,0.0000,0,0,0,0,0
2025-12-22,Shopping Grid,Family Pantry Retention Initiative,Metro Region Loyalty Cohort,15908997,Family Planners Lookalike Segment,1665761135741679,Collection Showcase Warm Voice,5654112849815777,Brand Awareness,0.0000,0,0,0,0,0,0,0,0,0,0,0,0,0,0,0,0,0,0.0000,0,0,0,0,0
2025-12-23,Affiliate Network,Family Pantry Retention Initiative,Metro Region Loyalty Cohort,15908997,Health Conscious Buyers Interest Segment,9013382232369046,Shelf Story Warm Voice,1099249066640891,Brand Awareness,0.0000,0,0,0,0,0,0,0,0,0,0,0,0,0,0,0,0,0,0.0000,0,0,0,0,0
2025-12-24,Marketplace Feed,Family Pantry Retention Initiative,Metro Region Loyalty Cohort,15908997,Health Conscious Buyers Interest Segment,9013382232369046,Shelf Story Warm Voice,1177430610668804,Brand Awareness,0.0000,0,0,0,0,0,0,0,0,0,0,0,0,0,0,0,0,0,0.0000,0,0,0,0,0
2025-12-25,Display Network,Seasonal Select Promo Initiative,Metro Region Loyalty Cohort,15908997,Family Planners Lookalike Segment,1718074286658736,Promo Banner Warm Voice,1089449421739833,Brand Awareness,248.9700,53470,0,63246,145,100,100,100,100,1800,1211,0,0,0,0,198,0,522,0.9762,1,8,0,34279,0
2025-12-26,Video Network,Seasonal Select Promo Initiative,Metro Region Loyalty Cohort,15908997,Health Conscious Buyers Retention Segment,3613956286158588,Shelf Story Warm Voice,9626373394400677,Brand Awareness,137.6454,25750,0,27419,52,100,100,100,100,461,459,0,0,0,0,11,0,63,0.2447,0,2,0,28599,0
2025-12-27,Marketplace Feed,Family Pantry Retention Initiative,Metro Region Loyalty Cohort,15908997,Health Conscious Buyers Retention Segment,1669733702699813,Shelf Story Warm Voice,1173063753252113,Brand Awareness,0.0000,0,0,0,0,0,0,0,0,0,0,0,0,0,0,0,0,0,0.0000,0,0,0,0,0
2025-12-28,Display Network,Family Pantry Retention Initiative,Metro Region Loyalty Cohort,15908997,Health Conscious Buyers Interest Segment,1474840462607869,Shelf Story Warm Voice,9110304031000052,Brand Awareness,0.0000,0,0,0,0,0,0,0,0,0,0,0,0,0,0,0,0,0,0.0000,0,0,0,0,0
2025-12-29,Display Network,Family Pantry Retention Initiative,Metro Region Loyalty Cohort,15908997,Health Conscious Buyers Retention Segment,1669733702699813,Price Drop Cut Value Voice,6906673719698824,Brand Awareness,0.0000,0,0,0,0,0,0,0,0,0,0,0,0,0,0,0,0,0,0.0000,0,0,0,0,0
2025-12-30,Social Feed,Family Pantry Retention Initiative,Metro Region Loyalty Cohort,15908997,Health Conscious Buyers Interest Segment,9013382232369046,Collection Showcase Warm Voice,3199746654625132,Brand Awareness,0.0000,0,0,0,0,0,0,0,0,0,0,0,0,0,0,0,0,0,0.0000,0,0,0,0,0
2025-12-31,Retail Media Network,Family Pantry Retention Initiative,Metro Region Loyalty Cohort,15908997,Health Conscious Buyers Retention Segment,4976789753470273,Offer Spotlight Bold Voice,1582932391745882,Brand Awareness,0.0000,0,0,0,0,0,0,0,0,0,0,0,0,0,0,0,0,0,0.0000,0,0,0,0,0
2025-12-01,Influencer Network,Seasonal Select Promo Initiative,Metro Region Loyalty Cohort,15908997,Health Conscious Buyers Interest Segment,1532426936569806,Promo Banner Warm Voice,5732401046815275,Brand Awareness,200.6510,40290,0,41606,133,100,100,100,100,1574,881,0,0,0,0,88,0,366,0.9084,0,5,0,60891,0
2025-12-02,Connected TV,Family Pantry Retention Initiative,Metro Region Loyalty Cohort,15908997,Health Conscious Buyers Interest Segment,1474840462607869,Shelf Story Warm Voice,8486205212439809,Brand Awareness,0.0000,0,0,0,0,0,0,0,0,0,0,0,0,0,0,0,0,0,0.0000,0,0,0,0,0
2025-12-03,Shopping Grid,Seasonal Select Promo Initiative,Metro Region Loyalty Cohort,15908997,Health Conscious Buyers Interest Segment,1532426936569806,Shelf Story Bold Voice,1082336609132049,Brand Awareness,150.4602,53187,0,65966,91,100,100,100,100,660,444,0,0,0,0,101,0,152,0.2858,1,10,0,51250,0
2025-12-04,Affiliate Network,Family Pantry Retention Initiative,Metro Region Loyalty Cohort,15908997,Health Conscious Buyers Retention Segment,1669733702699813,Shelf Story Warm Voice,4211876559793011,Brand Awareness,0.0000,0,0,0,0,0,0,0,0,0,0,0,0,0,0,0,0,0,0.0000,0,0,0,0,0
2025-12-05,Shopping Grid,Seasonal Select Promo Initiative,Metro Region Loyalty Cohort,15908997,Family Planners Lookalike Segment,1718074286658736,Offer Spotlight Value Voice,2074777970281390,Brand Awareness,135.9634,24897,0,16341,70,100,100,100,100,561,277,0,0,0,0,73,0,132,0.5302,0,4,0,28811,0
2025-12-06,Shopping Grid,Family Pantry Retention Initiative,Metro Region Loyalty Cohort,15908997,Family Planners Lookalike Segment,1002710949555221,Offer Spotlight Bold Voice,7401589860358191,Brand Awareness,0.0000,0,0,0,0,0,0,0,0,0,0,0,0,0,0,0,0,0,0.0000,0,0,0,0,0
2025-12-07,Display Network,Family Pantry Retention Initiative,Metro Region Loyalty Cohort,86057605,Family Planners Lookalike Segment,1389792323919646,Shelf Story Warm Voice,1559200281199121,Brand Awareness,0.0000,0,0,0,0,0,0,0,0,0,0,0,0,0,0,0,0,0,0.0000,0,0,0,0,0
2025-12-08,Search Network,Family Pantry Retention Initiative,Metro Region Loyalty Cohort,15908997,Family Planners Lookalike Segment,1665761135741679,Shelf Story Warm Voice,2616618213121749,Brand Awareness,0.0000,0,0,0,0,0,0,0,0,0,0,0,0,0,0,0,0,0,0.0000,0,0,0,0,0
2025-12-09,Affiliate Network,Family Pantry Retention Initiative,Metro Region Conversion Cohort,15908997,Weekend Deal Hunters Interest Segment,6202516839870495,Shelf Story Value Voice,1077582730962642,Catalog Engagement,0.0000,0,0,0,0,0,0,0,0,0,0,0,0,0,0,0,0,0,0.0000,0,0,0,0,0
2025-12-10,Social Feed,Family Pantry Retention Initiative,Metro Region Loyalty Cohort,15908997,Health Conscious Buyers Interest Segment,9013382232369046,Shelf Story Warm Voice,1099249066640891,Brand Awareness,0.0000,0,0,0,0,0,0,0,0,0,0,0,0,0,0,0,0,0,0.0000,0,0,0,0,0
2025-12-11,In-App Display,Family Pantry Retention Initiative,Metro Region Loyalty Cohort,15908997,Health Conscious Buyers Interest Segment,9013382232369046,Shelf Story Warm Voice,1177430610668804,Brand Awareness,0.0000,0,0,0,0,0,0,0,0,0,0,0,0,0,0,0,0,0,0.0000,0,0,0,0,0
2025-12-12,Retail Media Network,Family Pantry Retention Initiative,Metro Region Loyalty Cohort,15908997,Family Planners Lookalike Segment,1665761135741679,Collection Showcase Warm Voice,5654112849815777,Brand Awareness,0.0000,0,0,0,0,0,0,0,0,0,0,0,0,0,0,0,0,0,0.0000,0,0,0,0,0
2025-12-13,Marketplace Feed,Family Pantry Retention Initiative,Metro Region Loyalty Cohort,15908997,Health Conscious Buyers Interest Segment,1474840462607869,Shelf Story Warm Voice,9110304031000052,Brand Awareness,0.0000,0,0,0,0,0,0,0,0,0,0,0,0,0,0,0,0,0,0.0000,0,0,0,0,0
2025-12-14,Video Network,Family Pantry Retention Initiative,Metro Region Loyalty Cohort,15908997,Health Conscious Buyers Retention Segment,1669733702699813,Shelf Story Warm Voice,4211876559793011,Brand Awareness,0.0000,0,0,0,0,0,0,0,0,0,0,0,0,0,0,0,0,0,0.0000,0,0,0,0,0
2025-12-15,Marketplace Feed,Seasonal Select Promo Initiative,Metro Region Loyalty Cohort,15908997,Health Conscious Buyers Retention Segment,3613956286158588,Shelf Story Warm Voice,2259713911990191,Brand Awareness,130.1363,18974,0,25675,96,100,100,100,100,716,376,0,0,1,0,25,0,155,0.8169,0,9,0,18133,0
2025-12-16,Connected TV,Weekend Saver Retention Initiative,Metro Region Loyalty Cohort,15908997,Family Planners Lookalike Segment,7248228093339312,Shelf Story Warm Voice,6451368560487732,Brand Awareness,0.0000,0,0,0,0,0,0,0,0,0,0,0,0,0,0,0,0,0,0.0000,0,0,0,0,0
2025-12-17,Connected TV,Family Pantry Retention Initiative,Metro Region Loyalty Cohort,15908997,Health Conscious Buyers Retention Segment,1669733702699813,Shelf Story Warm Voice,1837904232519606,Brand Awareness,0.0000,0,0,0,0,0,0,0,0,0,0,0,0,0,0,0,0,0,0.0000,0,0,0,0,0
2025-12-18,Video Network,Family Pantry Retention Initiative,Metro Region Loyalty Cohort,15908997,Health Conscious Buyers Interest Segment,9013382232369046,Shelf Story Warm Voice,1641518074556035,Brand Awareness,0.0000,0,0,0,0,0,0,0,0,0,0,0,0,0,0,0,0,0,0.0000,0,0,0,0,0
2025-12-19,Connected TV,Seasonal Select Promo Initiative,Metro Region Loyalty Cohort,15908997,Health Conscious Buyers Interest Segment,1532426936569806,Offer Spotlight Value Voice,2894551765052346,Brand Awareness,98.0706,19161,0,16556,51,100,100,100,100,428,308,0,0,0,0,16,0,73,0.3810,0,4,0,24650,0
2025-12-20,Display Network,Family Pantry Retention Initiative,Metro Region Loyalty Cohort,15908997,Health Conscious Buyers Interest Segment,9013382232369046,Shelf Story Warm Voice,5257839822274418,Brand Awareness,0.0000,0,0,0,0,0,0,0,0,0,0,0,0,0,0,0,0,0,0.0000,0,0,0,0,0
2025-12-21,Shopping Grid,Weekend Saver Retention Initiative,Metro Region Loyalty Cohort,15908997,Health Conscious Buyers Interest Segment,1334393532567969,Shelf Story Warm Voice,2520693897922300,Brand Awareness,0.0000,0,0,0,0,0,0,0,0,0,0,0,0,0,0,0,0,0,0.0000,0,0,0,0,0
2025-12-22,Marketplace Feed,Family Pantry Retention Initiative,Metro Region Loyalty Cohort,15908997,Health Conscious Buyers Retention Segment,1669733702699813,Shelf Story Bold Voice,4391005331160720,Brand Awareness,0.0000,0,0,0,0,0,0,0,0,0,0,0,0,0,0,0,0,0,0.0000,0,0,0,0,0
2025-12-23,Retail Media Network,Family Pantry Retention Initiative,Metro Region Loyalty Cohort,15908997,Health Conscious Buyers Retention Segment,4976789753470273,Offer Spotlight Bold Voice,1582932391745882,Brand Awareness,0.0000,0,0,0,0,0,0,0,0,0,0,0,0,0,0,0,0,0,0.0000,0,0,0,0,0
2025-12-24,Video Network,Weekend Saver Retention Initiative,Metro Region Loyalty Cohort,15908997,Family Planners Lookalike Segment,7248228093339312,Shelf Story Warm Voice,1150526236199258,Brand Awareness,0.0000,0,0,0,0,0,0,0,0,0,0,0,0,0,0,0,0,0,0.0000,0,0,0,0,0
2025-12-25,Influencer Network,Family Pantry Retention Initiative,Metro Region Loyalty Cohort,15908997,Family Planners Lookalike Segment,1665761135741679,Shelf Story Value Voice,5225143865411760,Brand Awareness,0.0000,0,0,0,0,0,0,0,0,0,0,0,0,0,0,0,0,0,0.0000,0,0,0,0,0
2025-12-26,Influencer Network,Family Pantry Retention Initiative,Metro Region Loyalty Cohort,15908997,Family Planners Lookalike Segment,1002710949555221,Offer Spotlight Bold Voice,7401589860358191,Brand Awareness,0.0000,0,0,0,0,0,0,0,0,0,0,0,0,0,0,0,0,0,0.0000,0,0,0,0,0
2025-12-27,Shopping Grid,Weekend Saver Retention Initiative,Metro Region Loyalty Cohort,15908997,Family Planners Lookalike Segment,7248228093339312,Price Drop Cut Value Voice,9781212069592701,Brand Awareness,0.0000,0,0,0,0,0,0,0,0,0,0,0,0,0,0,0,0,0,0.0000,0,0,0,0,0
2025-12-28,Discovery Network,Weekend Saver Retention Initiative,Metro Region Loyalty Cohort,15908997,Health Conscious Buyers Retention Segment,4136110625615180,Price Drop Cut Value Voice,1316048837324374,Brand Awareness,0.0000,0,0,0,0,0,0,0,0,0,0,0,0,0,0,0,0,0,0.0000,0,0,0,0,0
2025-12-29,Retail Media Network,Family Pantry Retention Initiative,Metro Region Loyalty Cohort,15908997,Family Planners Lookalike Segment,1665761135741679,Shelf Story Warm Voice,1450951256520921,Brand Awareness,0.0000,0,0,0,0,0,0,0,0,0,0,0,0,0,0,0,0,0,0.0000,0,0,0,0,0
2025-12-30,Connected TV,Weekend Saver Retention Initiative,Metro Region Loyalty Cohort,15908997,Health Conscious Buyers Interest Segment,1334393532567969,Shelf Story Warm Voice,8045514033882153,Brand Awareness,0.0000,0,0,0,0,0,0,0,0,0,0,0,0,0,0,0,0,0,0.0000,0,0,0,0,0
2025-12-31,In-App Display,Family Pantry Retention Initiative,Metro Region Loyalty Cohort,15908997,Health Conscious Buyers Retention Segment,1669733702699813,Promo Banner Friendly Voice,4647140982681565,Brand Awareness,0.0000,0,0,0,0,0,0,0,0,0,0,0,0,0,0,0,0,0,0.0000,0,0,0,0,0
2025-12-01,Marketplace Feed,Weekend Saver Retention Initiative,Metro Region Loyalty Cohort,15908997,Health Conscious Buyers Retention Segment,4136110625615180,Shelf Story Bold Voice,1238862856159509,Brand Awareness,0.0000,0,0,0,0,0,0,0,0,0,0,0,0,0,0,0,0,0,0.0000,0,0,0,0,0
2025-12-02,Discovery Network,Family Pantry Retention Initiative,Metro Region Loyalty Cohort,15908997,Health Conscious Buyers Retention Segment,1669733702699813,Collection Showcase Warm Voice,1788908453907262,Brand Awareness,0.0000,0,0,0,0,0,0,0,0,0,0,0,0,0,0,0,0,0,0.0000,0,0,0,0,0
2025-12-03,Video Network,Family Pantry Retention Initiative,Metro Region Loyalty Cohort,15908997,Family Planners Lookalike Segment,1002710949555221,Shelf Story Warm Voice,3185083078735744,Brand Awareness,0.0000,0,0,0,0,0,0,0,0,0,0,0,0,0,0,0,0,0,0.0000,0,0,0,0,0
2025-12-04,Video Network,Family Pantry Retention Initiative,Metro Region Loyalty Cohort,15908997,Health Conscious Buyers Retention Segment,4976789753470273,Shelf Story Warm Voice,1212856722898025,Brand Awareness,0.0000,0,0,0,0,0,0,0,0,0,0,0,0,0,0,0,0,0,0.0000,0,0,0,0,0
2025-12-05,Search Network,Family Pantry Retention Initiative,Metro Region Loyalty Cohort,15908997,Health Conscious Buyers Retention Segment,1669733702699813,Shelf Story Warm Voice,2604915282803870,Brand Awareness,0.0000,0,0,0,0,0,0,0,0,0,0,0,0,0,0,0,0,0,0.0000,0,0,0,0,0
2025-12-06,Shopping Grid,Seasonal Select Promo Initiative,Metro Region Loyalty Cohort,15908997,Health Conscious Buyers Retention Segment,3613956286158588,Shelf Story Bold Voice,1755467445485119,Brand Awareness,110.8321,19536,0,21113,50,100,100,100,100,273,211,0,0,0,0,16,0,95,0.4863,4,2,0,15861,0
2025-12-07,Search Network,Weekend Saver Retention Initiative,Metro Region Loyalty Cohort,15908997,Family Planners Lookalike Segment,7248228093339312,Offer Spotlight Bold Voice,1757288035719114,Brand Awareness,0.0000,0,0,0,0,0,0,0,0,0,0,0,0,0,0,0,0,0,0.0000,0,0,0,0,0
2025-12-08,Shopping Grid,Family Pantry Retention Initiative,Metro Region Loyalty Cohort,15908997,Family Planners Lookalike Segment,1665761135741679,Shelf Story Warm Voice,2793262031628184,Brand Awareness,0.0000,0,0,0,0,0,0,0,0,0,0,0,0,0,0,0,0,0,0.0000,0,0,0,0,0
2025-12-09,Marketplace Feed,Family Pantry Retention Initiative,Metro Region Loyalty Cohort,15908997,Health Conscious Buyers Interest Segment,9013382232369046,Promo Banner Friendly Voice,1538508227020088,Brand Awareness,0.0000,0,0,0,0,0,0,0,0,0,0,0,0,0,0,0,0,0,0.0000,0,0,0,0,0
2025-12-10,Display Network,Family Pantry Retention Initiative,Metro Region Conversion Cohort,15908997,Bulk Buyers Retention Segment,1412316301536073,Offer Spotlight Friendly Voice,9097155454198752,Catalog Engagement,0.0000,0,0,0,0,0,0,0,0,0,0,0,0,0,0,0,0,0,0.0000,0,0,0,0,0
2025-12-11,In-App Display,Weekend Saver Retention Initiative,Metro Region Loyalty Cohort,15908997,Family Planners Lookalike Segment,7248228093339312,Shelf Story Bold Voice,3411200546175283,Brand Awareness,0.0000,0,0,0,0,0,0,0,0,0,0,0,0,0,0,0,0,0,0.0000,0,0,0,0,0
2025-12-12,Shopping Grid,Family Pantry Retention Initiative,Metro Region Loyalty Cohort,15908997,Family Planners Lookalike Segment,1665761135741679,Promo Banner Friendly Voice,1647756988327695,Brand Awareness,0.0000,0,0,0,0,0,0,0,0,0,0,0,0,0,0,0,0,0,0.0000,0,0,0,0,0
2025-12-13,Retail Media Network,Seasonal Select Promo Initiative,Metro Region Loyalty Cohort,15908997,Family Planners Lookalike Segment,1718074286658736,Promo Banner Warm Voice,1089449421739833,Brand Awareness,225.0017,53973,0,63983,168,100,100,100,100,1501,1779,0,0,0,0,341,0,310,0.5744,1,4,0,78312,0
2025-12-14,Discovery Network,Weekend Saver Retention Initiative,Metro Region Loyalty Cohort,15908997,Health Conscious Buyers Retention Segment,4136110625615180,Shelf Story Warm Voice,5443423299390877,Brand Awareness,0.0000,0,0,0,0,0,0,0,0,0,0,0,0,0,0,0,0,0,0.0000,0,0,0,0,0
2025-12-15,In-App Display,Seasonal Select Promo Initiative,Metro Region Loyalty Cohort,15908997,Health Conscious Buyers Retention Segment,3613956286158588,Offer Spotlight Value Voice,9011752711561329,Brand Awareness,81.4404,11964,0,18034,46,100,100,100,100,250,271,0,0,0,0,9,0,71,0.5934,0,0,0,23697,0
2025-12-16,Shopping Grid,Family Pantry Retention Initiative,Metro Region Loyalty Cohort,15908997,Health Conscious Buyers Interest Segment,9013382232369046,Shelf Story Warm Voice,3768518651506601,Brand Awareness,0.0000,0,0,0,0,0,0,0,0,0,0,0,0,0,0,0,0,0,0.0000,0,0,0,0,0
2025-12-17,Retail Media Network,Weekend Saver Retention Initiative,Metro Region Loyalty Cohort,15908997,Family Planners Lookalike Segment,7248228093339312,Shelf Story Bold Voice,1269408759613688,Brand Awareness,0.0000,0,0,0,0,0,0,0,0,0,0,0,0,0,0,0,0,0,0.0000,0,0,0,0,0
2025-12-18,Search Network,Family Pantry Retention Initiative,Metro Region Loyalty Cohort,15908997,Health Conscious Buyers Interest Segment,9013382232369046,Shelf Story Bold Voice,5904212741788775,Brand Awareness,0.0000,0,0,0,0,0,0,0,0,0,0,0,0,0,0,0,0,0,0.0000,0,0,0,0,0
2025-12-19,Marketplace Feed,Family Pantry Retention Initiative,Metro Region Loyalty Cohort,15908997,Health Conscious Buyers Interest Segment,9013382232369046,Price Drop Cut Value Voice,4186893344787278,Brand Awareness,0.0000,0,0,0,0,0,0,0,0,0,0,0,0,0,0,0,0,0,0.0000,0,0,0,0,0
2025-12-20,Search Network,Family Pantry Retention Initiative,Metro Region Loyalty Cohort,15908997,Health Conscious Buyers Interest Segment,1474840462607869,Shelf Story Warm Voice,5682500646683685,Brand Awareness,0.0000,0,0,0,0,0,0,0,0,0,0,0,0,0,0,0,0,0,0.0000,0,0,0,0,0
2025-12-21,Affiliate Network,Seasonal Select Promo Initiative,Metro Region Loyalty Cohort,15908997,Family Planners Lookalike Segment,1718074286658736,Shelf Story Bold Voice,4278310985669178,Brand Awareness,163.0783,42102,0,42712,130,100,100,100,100,832,955,0,0,0,0,197,0,243,0.5772,0,3,0,46656,0
2025-12-22,Discovery Network,Family Pantry Retention Initiative,Metro Region Loyalty Cohort,15908997,Family Planners Lookalike Segment,1665761135741679,Shelf Story Warm Voice,2902136042807068,Brand Awareness,0.0000,0,0,0,0,0,0,0,0,0,0,0,0,0,0,0,0,0,0.0000,0,0,0,0,0
2025-12-23,Search Network,Seasonal Select Promo Initiative,Metro Region Loyalty Cohort,15908997,Health Conscious Buyers Retention Segment,3613956286158588,Promo Banner Warm Voice,3456261421148856,Brand Awareness,117.6034,26541,0,34657,131,100,100,100,100,1087,918,0,0,1,0,55,0,225,0.8477,1,3,0,18749,0
2025-12-24,Influencer Network,Family Pantry Retention Initiative,Metro Region Loyalty Cohort,15908997,Health Conscious Buyers Interest Segment,1474840462607869,Shelf Story Warm Voice,4340134105081797,Brand Awareness,0.0000,0,0,0,0,0,0,0,0,0,0,0,0,0,0,0,0,0,0.0000,0,0,0,0,0
2025-12-25,Display Network,Weekend Saver Retention Initiative,Metro Region Loyalty Cohort,15908997,Health Conscious Buyers Retention Segment,4136110625615180,Shelf Story Warm Voice,1781261912151237,Brand Awareness,0.0000,0,0,0,0,0,0,0,0,0,0,0,0,0,0,0,0,0,0.0000,0,0,0,0,0
2025-12-26,In-App Display,Family Pantry Retention Initiative,Metro Region Loyalty Cohort,15908997,Health Conscious Buyers Interest Segment,9013382232369046,Promo Banner Friendly Voice,1255871739760170,Brand Awareness,0.0000,0,0,0,0,0,0,0,0,0,0,0,0,0,0,0,0,0,0.0000,0,0,0,0,0
2025-12-27,Influencer Network,Weekend Saver Retention Initiative,Metro Region Loyalty Cohort,15908997,Health Conscious Buyers Interest Segment,1334393532567969,Shelf Story Bold Voice,7232280368739505,Brand Awareness,0.0000,0,0,0,0,0,0,0,0,0,0,0,0,0,0,0,0,0,0.0000,0,0,0,0,0
2025-12-28,In-App Display,Seasonal Select Promo Initiative,Metro Region Loyalty Cohort,15908997,Health Conscious Buyers Interest Segment,1532426936569806,Offer Spotlight Bold Voice,4433422745438620,Brand Awareness,103.3335,30522,0,35716,52,100,100,100,100,269,156,0,0,0,0,15,0,126,0.4128,0,0,0,27635,0
2025-12-29,In-App Display,Family Pantry Retention Initiative,Metro Region Loyalty Cohort,15908997,Health Conscious Buyers Retention Segment,4976789753470273,Shelf Story Warm Voice,5506678816268127,Brand Awareness,0.0000,0,0,0,0,0,0,0,0,0,0,0,0,0,0,0,0,0,0.0000,0,0,0,0,0
2025-12-30,Affiliate Network,Family Pantry Retention Initiative,Metro Region Loyalty Cohort,15908997,Health Conscious Buyers Retention Segment,1669733702699813,Price Drop Cut Value Voice,6906673719698824,Brand Awareness,0.0000,0,0,0,0,0,0,0,0,0,0,0,0,0,0,0,0,0,0.0000,0,0,0,0,0
2025-12-31,Display Network,Weekend Saver Retention Initiative,Metro Region Loyalty Cohort,15908997,Health Conscious Buyers Interest Segment,1334393532567969,Price Drop Cut Value Voice,2051943278335934,Brand Awareness,0.0000,0,0,0,0,0,0,0,0,0,0,0,0,0,0,0,0,0,0.0000,0,0,0,0,0
2025-12-01,Retail Media Network,Seasonal Select Promo Initiative,Metro Region Loyalty Cohort,15908997,Health Conscious Buyers Interest Segment,1532426936569806,Promo Banner Warm Voice,5732401046815275,Brand Awareness,269.1379,56888,0,53608,117,100,100,100,100,1305,814,0,0,0,0,132,0,213,0.3744,0,4,0,26698,0
2025-12-02,Display Network,Family Pantry Retention Initiative,Metro Region Loyalty Cohort,15908997,Health Conscious Buyers Retention Segment,1669733702699813,Shelf Story Value Voice,1365467474223726,Brand Awareness,0.0000,0,0,0,0,0,0,0,0,0,0,0,0,0,0,0,0,0,0.0000,0,0,0,0,0
2025-12-03,Social Feed,Family Pantry Retention Initiative,Metro Region Loyalty Cohort,15908997,Health Conscious Buyers Interest Segment,9013382232369046,Collection Showcase Warm Voice,3199746654625132,Brand Awareness,0.0000,0,0,0,0,0,0,0,0,0,0,0,0,0,0,0,0,0,0.0000,0,0,0,0,0
2025-12-04,Display Network,Family Pantry Retention Initiative,Metro Region Loyalty Cohort,15908997,Health Conscious Buyers Retention Segment,4976789753470273,Shelf Story Warm Voice,4041974945367907,Brand Awareness,0.0000,0,0,0,0,0,0,0,0,0,0,0,0,0,0,0,0,0,0.0000,0,0,0,0,0
2025-12-05,Display Network,Family Pantry Retention Initiative,Metro Region Loyalty Cohort,15908997,Health Conscious Buyers Retention Segment,1669733702699813,Shelf Story Warm Voice,1173063753252113,Brand Awareness,0.0000,0,0,0,0,0,0,0,0,0,0,0,0,0,0,0,0,0,0.0000,0,0,0,0,0
2025-12-06,Discovery Network,Family Pantry Retention Initiative,Metro Region Loyalty Cohort,15908997,Family Planners Lookalike Segment,1002710949555221,Shelf Story Warm Voice,5797898098365146,Brand Awareness,0.0000,0,0,0,0,0,0,0,0,0,0,0,0,0,0,0,0,0,0.0000,0,0,0,0,0
2025-12-07,Video Network,Seasonal Select Promo Initiative,Metro Region Loyalty Cohort,15908997,Family Planners Lookalike Segment,1718074286658736,Offer Spotlight Bold Voice,1638167476571035,Brand Awareness,97.8127,33352,0,36703,39,100,100,100,100,394,214,0,0,0,0,43,0,141,0.4228,0,1,0,43899,0
2025-12-08,Video Network,Family Pantry Retention Initiative,Metro Region Loyalty Cohort,15908997,Health Conscious Buyers Interest Segment,1474840462607869,Shelf Story Warm Voice,8486205212439809,Brand Awareness,0.0000,0,0,0,0,0,0,0,0,0,0,0,0,0,0,0,0,0,0.0000,0,0,0,0,0
2025-12-09,Influencer Network,Family Pantry Retention Initiative,Metro Region Loyalty Cohort,15908997,Family Planners Lookalike Segment,1665761135741679,Price Drop Cut Value Voice,1192366617925175,Brand Awareness,0.0000,0,0,0,0,0,0,0,0,0,0,0,0,0,0,0,0,0,0.0000,0,0,0,0,0
2025-12-10,Search Network,Family Pantry Retention Initiative,Metro Region Loyalty Cohort,15908997,Family Planners Lookalike Segment,1002710949555221,Shelf Story Warm Voice,1655044419034925,Brand Awareness,0.0000,0,0,0,0,0,0,0,0,0,0,0,0,0,0,0,0,0,0.0000,0,0,0,0,0
2025-12-11,Influencer Network,Weekend Saver Retention Initiative,Metro Region Loyalty Cohort,15908997,Family Planners Lookalike Segment,7248228093339312,Price Drop Cut Value Voice,9318406623487279,Brand Awareness,0.0000,0,0,0,0,0,0,0,0,0,0,0,0,0,0,0,0,0,0.0000,0,0,0,0,0
2025-12-12,In-App Display,Weekend Saver Retention Initiative,Metro Region Loyalty Cohort,15908997,Health Conscious Buyers Retention Segment,4136110625615180,Price Drop Cut Value Voice,1682844113945221,Brand Awareness,0.0000,0,0,0,0,0,0,0,0,0,0,0,0,0,0,0,0,0,0.0000,0,0,0,0,0
2025-12-13,Influencer Network,Family Pantry Retention Initiative,Metro Region Conversion Cohort,15908997,Bulk Buyers Retention Segment,1777717557426296,Shelf Story Value Voice,8084225603313437,Catalog Engagement,0.0000,0,0,0,0,0,0,0,0,0,0,0,0,0,0,0,0,0,0.0000,0,0,0,0,0
2025-12-14,Video Network,Weekend Saver Retention Initiative,Metro Region Loyalty Cohort,15908997,Health Conscious Buyers Retention Segment,4136110625615180,Shelf Story Bold Voice,5160906508093401,Brand Awareness,0.0000,0,0,0,0,0,0,0,0,0,0,0,0,0,0,0,0,0,0.0000,0,0,0,0,0
2025-12-15,Display Network,Family Pantry Retention Initiative,Metro Region Conversion Cohort,38881639,Family Planners Lookalike Segment,1010331617086390,Shelf Story Warm Voice,1022962676348579,Brand Awareness,0.0000,0,0,0,0,0,0,0,0,0,0,0,0,0,0,0,0,0,0.0000,0,0,0,0,0
2025-12-16,Display Network,Seasonal Select Promo Initiative,Metro Region Loyalty Cohort,15908997,Health Conscious Buyers Interest Segment,1532426936569806,Shelf Story Warm Voice,9953353036347574,Brand Awareness,228.7310,51923,0,73195,123,100,100,100,100,1153,1271,0,0,0,0,68,0,276,0.5316,0,7,0,51637,0
2025-12-17,In-App Display,Family Pantry Retention Initiative,Metro Region Loyalty Cohort,15908997,Health Conscious Buyers Retention Segment,1669733702699813,Shelf Story Warm Voice,5602072675253918,Brand Awareness,0.0000,0,0,0,0,0,0,0,0,0,0,0,0,0,0,0,0,0,0.0000,0,0,0,0,0
2025-12-18,Shopping Grid,Family Pantry Retention Initiative,Metro Region Loyalty Cohort,15908997,Family Planners Lookalike Segment,1665761135741679,Shelf Story Warm Voice,1280290142112652,Brand Awareness,0.0000,0,0,0,0,0,0,0,0,0,0,0,0,0,0,0,0,0,0.0000,0,0,0,0,0
2025-12-19,Affiliate Network,Family Pantry Retention Initiative,Metro Region Loyalty Cohort,86057605,Health Conscious Buyers Interest Segment,1317849022166581,Shelf Story Warm Voice,4835139745633214,Brand Awareness,0.0000,0,0,0,0,0,0,0,0,0,0,0,0,0,0,0,0,0,0.0000,0,0,0,0,0
2025-12-20,Affiliate Network,Seasonal Select Promo Initiative,Metro Region Loyalty Cohort,15908997,Health Conscious Buyers Retention Segment,3613956286158588,Offer Spotlight Bold Voice,4607696881668990,Brand Awareness,24.9997,10610,0,7581,13,31,100,65,37,78,45,0,0,0,0,9,0,16,0.1508,0,0,0,9723,0
2025-12-21,Marketplace Feed,Family Pantry Retention Initiative,Metro Region Loyalty Cohort,15908997,Health Conscious Buyers Interest Segment,9013382232369046,Shelf Story Warm Voice,8148838999548557,Brand Awareness,0.0000,0,0,0,0,0,0,0,0,0,0,0,0,0,0,0,0,0,0.0000,0,0,0,0,0
2025-12-22,Social Feed,Family Pantry Retention Initiative,Metro Region Loyalty Cohort,15908997,Health Conscious Buyers Interest Segment,1474840462607869,Offer Spotlight Bold Voice,3530423296641236,Brand Awareness,0.0000,0,0,0,0,0,0,0,0,0,0,0,0,0,0,0,0,0,0.0000,0,0,0,0,0
2025-12-23,Social Feed,Seasonal Select Promo Initiative,Metro Region Loyalty Cohort,15908997,Family Planners Lookalike Segment,1718074286658736,Offer Spotlight Value Voice,2074777970281390,Brand Awareness,155.6850,43601,0,32984,108,100,100,100,100,621,348,0,0,0,0,53,0,159,0.3647,0,3,0,39443,0
2025-12-24,Search Network,Weekend Saver Retention Initiative,Metro Region Loyalty Cohort,15908997,Health Conscious Buyers Retention Segment,4136110625615180,Offer Spotlight Bold Voice,3833443174798849,Brand Awareness,0.0000,0,0,0,0,0,0,0,0,0,0,0,0,0,0,0,0,0,0.0000,0,0,0,0,0
2025-12-25,Video Network,Family Pantry Retention Initiative,Metro Region Loyalty Cohort,15908997,Health Conscious Buyers Retention Segment,4976789753470273,Shelf Story Warm Voice,1220076337258804,Brand Awareness,0.0000,0,0,0,0,0,0,0,0,0,0,0,0,0,0,0,0,0,0.0000,0,0,0,0,0
2025-12-26,Display Network,Family Pantry Retention Initiative,Metro Region Loyalty Cohort,15908997,Health Conscious Buyers Retention Segment,1669733702699813,Promo Banner Friendly Voice,1414897562821209,Brand Awareness,0.0000,0,0,0,0,0,0,0,0,0,0,0,0,0,0,0,0,0,0.0000,0,0,0,0,0
2025-12-27,Discovery Network,Family Pantry Retention Initiative,Metro Region Loyalty Cohort,15908997,Family Planners Lookalike Segment,1002710949555221,Shelf Story Warm Voice,1647332301297595,Brand Awareness,0.0000,0,0,0,0,0,0,0,0,0,0,0,0,0,0,0,0,0,0.0000,0,0,0,0,0
2025-12-28,Retail Media Network,Family Pantry Retention Initiative,Metro Region Loyalty Cohort,15908997,Health Conscious Buyers Retention Segment,1669733702699813,Shelf Story Warm Voice,6197978194612129,Brand Awareness,0.0000,0,0,0,0,0,0,0,0,0,0,0,0,0,0,0,0,0,0.0000,0,0,0,0,0
2025-12-29,In-App Display,Seasonal Select Promo Initiative,Metro Region Loyalty Cohort,15908997,Health Conscious Buyers Interest Segment,1532426936569806,Shelf Story Bold Voice,1082336609132049,Brand Awareness,150.9766,57430,0,31498,68,100,100,100,100,761,711,0,0,0,0,34,0,172,0.2995,0,2,0,37640,0
2025-12-30,Shopping Grid,Weekend Saver Retention Initiative,Metro Region Loyalty Cohort,15908997,Health Conscious Buyers Interest Segment,1334393532567969,Shelf Story Bold Voice,8314765461987923,Brand Awareness,0.0000,0,0,0,0,0,0,0,0,0,0,0,0,0,0,0,0,0,0.0000,0,0,0,0,0
2025-12-31,Shopping Grid,Family Pantry Retention Initiative,Metro Region Loyalty Cohort,15908997,Family Planners Lookalike Segment,1665761135741679,Promo Banner Friendly Voice,6598720554447191,Brand Awareness,0.0000,0,0,0,0,0,0,0,0,0,0,0,0,0,0,0,0,0,0.0000,0,0,0,0,0
2025-12-01,Shopping Grid,Seasonal Select Promo Initiative,Metro Region Loyalty Cohort,15908997,Family Planners Lookalike Segment,1718074286658736,Shelf Story Warm Voice,1533493773187614,Brand Awareness,160.3598,69242,0,50409,179,100,100,100,100,1057,1230,0,0,0,0,156,0,436,0.6297,2,5,0,56862,0
2025-12-02,Display Network,Seasonal Select Promo Initiative,Metro Region Loyalty Cohort,15908997,Health Conscious Buyers Interest Segment,1532426936569806,Shelf Story Warm Voice,7193200529405455,Brand Awareness,226.9944,48431,0,48319,136,100,100,100,100,864,538,0,0,0,0,74,0,197,0.4068,0,2,0,47184,0
2025-12-03,Connected TV,Weekend Saver Retention Initiative,Metro Region Loyalty Cohort,15908997,Health Conscious Buyers Interest Segment,1334393532567969,Offer Spotlight Bold Voice,3220054077294586,Brand Awareness,0.0000,0,0,0,0,0,0,0,0,0,0,0,0,0,0,0,0,0,0.0000,0,0,0,0,0
2025-12-04,Affiliate Network,Family Pantry Retention Initiative,Metro Region Loyalty Cohort,15908997,Health Conscious Buyers Interest Segment,9013382232369046,Shelf Story Value Voice,1103993184708534,Brand Awareness,0.0000,0,0,0,0,0,0,0,0,0,0,0,0,0,0,0,0,0,0.0000,0,0,0,0,0
2025-12-05,Shopping Grid,Family Pantry Retention Initiative,Metro Region Loyalty Cohort,15908997,Family Planners Lookalike Segment,1665761135741679,Shelf Story Warm Voice,6549680554582288,Brand Awareness,0.0000,0,0,0,0,0,0,0,0,0,0,0,0,0,0,0,0,0,0.0000,0,0,0,0,0
2025-12-06,Shopping Grid,Family Pantry Retention Initiative,Metro Region Conversion Cohort,15908997,Bulk Buyers Retention Segment,1096889057602193,Offer Spotlight Friendly Voice,5703717592430862,Catalog Engagement,0.0000,0,0,0,0,0,0,0,0,0,0,0,0,0,0,0,0,0,0.0000,0,0,0,0,0
2025-12-07,In-App Display,Weekend Saver Retention Initiative,Metro Region Loyalty Cohort,15908997,Health Conscious Buyers Interest Segment,1334393532567969,Price Drop Cut Value Voice,1109002298095593,Brand Awareness,0.0000,0,0,0,0,0,0,0,0,0,0,0,0,0,0,0,0,0,0.0000,0,0,0,0,0
2025-12-08,In-App Display,Seasonal Select Promo Initiative,Metro Region Loyalty Cohort,15908997,Family Planners Lookalike Segment,1718074286658736,Shelf Story Warm Voice,1532291780998103,Brand Awareness,166.0298,43268,0,55763,76,100,100,100,100,1016,1192,0,0,0,0,104,0,283,0.6541,0,3,0,43754,0
2025-12-09,Search Network,Seasonal Select Promo Initiative,Metro Region Loyalty Cohort,15908997,Health Conscious Buyers Retention Segment,3613956286158588,Shelf Story Warm Voice,9626373394400677,Brand Awareness,107.8726,22808,0,21331,71,100,100,100,100,512,368,0,0,0,0,34,0,87,0.3814,0,2,0,22630,0
2025-12-10,Video Network,Family Pantry Retention Initiative,Metro Region Loyalty Cohort,15908997,Family Planners Lookalike Segment,1665761135741679,Shelf Story Bold Voice,1220357368781053,Brand Awareness,0.0000,0,0,0,0,0,0,0,0,0,0,0,0,0,0,0,0,0,0.0000,0,0,0,0,0
2025-12-11,Affiliate Network,Weekend Saver Retention Initiative,Metro Region Loyalty Cohort,15908997,Family Planners Lookalike Segment,7248228093339312,Shelf Story Bold Voice,1269408759613688,Brand Awareness,139.8297,33689,0,53661,60,92,100,100,100,362,315,0,0,0,0,23,0,173,0.5135,0,2,0,46428,0
2025-12-12,Display Network,Family Pantry Retention Initiative,Metro Region Loyalty Cohort,15908997,Health Conscious Buyers Interest Segment,9013382232369046,Shelf Story Bold Voice,5904212741788775,Brand Awareness,40.1980,7288,0,8025,3,8,49,23,11,50,63,0,0,0,0,7,0,15,0.2058,1,0,0,3527,0
2025-12-13,Discovery Network,Family Pantry Retention Initiative,Metro Region Loyalty Cohort,15908997,Family Planners Lookalike Segment,1665761135741679,Promo Banner Friendly Voice,1647756988327695,Brand Awareness,268.9286,29595,0,33470,125,100,100,100,100,1982,1552,0,0,0,0,882,0,500,1.6895,1,8,0,24113,0
2025-12-14,Influencer Network,Family Pantry Retention Initiative,Metro Region Loyalty Cohort,15908997,Family Planners Lookalike Segment,1665761135741679,Shelf Story Warm Voice,2793262031628184,Brand Awareness,303.7905,52967,0,35052,179,100,100,100,100,3144,2175,0,0,2,0,713,0,484,0.9138,8,15,0,43476,0
2025-12-15,Video Network,Weekend Saver Retention Initiative,Metro Region Loyalty Cohort,15908997,Health Conscious Buyers Retention Segment,4136110625615180,Shelf Story Warm Voice,1781261912151237,Brand Awareness,31.3999,6393,0,8507,18,38,100,82,41,137,77,0,0,0,0,7,0,23,0.3598,0,0,0,6721,0
2025-12-16,Video Network,Family Pantry Retention Initiative,Metro Region Loyalty Cohort,15908997,Health Conscious Buyers Interest Segment,9013382232369046,Promo Banner Friendly Voice,1255871739760170,Brand Awareness,20.5340,3450,0,2523,6,5,26,11,6,27,25,0,0,0,0,7,0,19,0.5507,0,0,0,2703,0
2025-12-17,Marketplace Feed,Family Pantry Retention Initiative,Metro Region Loyalty Cohort,15908997,Health Conscious Buyers Interest Segment,9013382232369046,Shelf Story Warm Voice,3768518651506601,Brand Awareness,15.8171,5227,0,4773,7,13,68,29,17,61,68,0,0,0,0,9,0,14,0.2678,0,0,0,4607,0
2025-12-18,Shopping Grid,Weekend Saver Retention Initiative,Metro Region Loyalty Cohort,15908997,Health Conscious Buyers Interest Segment,1334393532567969,Shelf Story Bold Voice,8314765461987923,Brand Awareness,75.7340,13226,0,13825,45,74,100,100,98,252,266,0,0,0,0,69,0,90,0.6805,0,1,0,13972,0
2025-12-19,Affiliate Network,Family Pantry Retention Initiative,Metro Region Loyalty Cohort,15908997,Health Conscious Buyers Interest Segment,1474840462607869,Shelf Story Warm Voice,4340134105081797,Brand Awareness,543.4989,78603,0,85411,245,100,100,100,100,10445,12065,0,0,2,0,1079,0,1015,1.2913,4,29,0,69222,0
2025-12-20,Display Network,Family Pantry Retention Initiative,Metro Region Loyalty Cohort,15908997,Health Conscious Buyers Retention Segment,1669733702699813,Shelf Story Warm Voice,2604915282803870,Brand Awareness,13.9417,1190,0,1253,1,4,24,12,5,23,26,0,0,0,0,3,0,2,0.1681,0,0,0,1033,0
2025-12-21,Video Network,Seasonal Select Promo Initiative,Metro Region Loyalty Cohort,15908997,Family Planners Lookalike Segment,1718074286658736,Shelf Story Warm Voice,1533493773187614,Brand Awareness,399.0509,49928,0,71319,147,100,100,100,100,1689,929,0,0,1,0,226,0,555,1.1116,2,2,0,77963,0
2025-12-22,Marketplace Feed,Family Pantry Retention Initiative,Metro Region Loyalty Cohort,15908997,Family Planners Lookalike Segment,1002710949555221,Offer Spotlight Bold Voice,7401589860358191,Brand Awareness,28.1105,3318,0,3078,13,17,98,31,28,95,70,0,0,0,0,24,0,27,0.8137,0,1,0,3887,0
2025-12-23,Discovery Network,Family Pantry Retention Initiative,Metro Region Loyalty Cohort,15908997,Health Conscious Buyers Retention Segment,4976789753470273,Shelf Story Warm Voice,1220076337258804,Brand Awareness,37.9773,9710,0,7467,17,22,100,69,40,156,142,0,0,0,0,23,0,27,0.2781,0,0,0,10427,0
2025-12-24,In-App Display,Seasonal Select Promo Initiative,Metro Region Loyalty Cohort,15908997,Health Conscious Buyers Interest Segment,1532426936569806,Offer Spotlight Value Voice,2894551765052346,Brand Awareness,39.7678,12319,0,11391,26,100,100,100,100,299,149,0,0,0,0,15,0,28,0.2273,0,2,0,10238,0
2025-12-25,Shopping Grid,Seasonal Select Promo Initiative,Metro Region Loyalty Cohort,15908997,Health Conscious Buyers Retention Segment,3613956286158588,Offer Spotlight Bold Voice,4607696881668990,Brand Awareness,6.5617,1926,0,2630,1,12,47,19,11,25,12,0,0,0,0,0,0,3,0.1558,0,0,0,2084,0
2025-12-26,In-App Display,Family Pantry Retention Initiative,Metro Region Loyalty Cohort,15908997,Family Planners Lookalike Segment,1665761135741679,Shelf Story Bold Voice,1220357368781053,Brand Awareness,14.5580,2828,0,2303,6,5,23,7,6,35,29,0,0,0,0,9,0,19,0.6719,0,0,0,2330,0
2025-12-27,Discovery Network,Family Pantry Retention Initiative,Metro Region Loyalty Cohort,15908997,Health Conscious Buyers Interest Segment,9013382232369046,Price Drop Cut Value Voice,4186893344787278,Brand Awareness,36.7485,7377,0,8357,13,19,100,43,29,58,61,0,0,0,0,6,0,21,0.2847,0,0,0,3934,0
2025-12-28,Video Network,Family Pantry Retention Initiative,Metro Region Loyalty Cohort,15908997,Health Conscious Buyers Interest Segment,9013382232369046,Shelf Story Warm Voice,8148838999548557,Brand Awareness,38.1676,5371,0,7447,15,47,100,61,50,133,80,0,0,0,0,11,0,36,0.6703,0,0,0,8765,0
2025-12-29,In-App Display,Seasonal Select Promo Initiative,Metro Region Loyalty Cohort,15908997,Family Planners Lookalike Segment,1718074286658736,Offer Spotlight Value Voice,2074777970281390,Brand Awareness,211.4751,26477,0,34769,103,100,100,100,100,869,1174,0,0,0,0,83,0,147,0.5552,3,5,0,27122,0
2025-12-30,In-App Display,Weekend Saver Retention Initiative,Metro Region Loyalty Cohort,15908997,Family Planners Lookalike Segment,7248228093339312,Offer Spotlight Bold Voice,1757288035719114,Brand Awareness,156.1936,38121,0,32067,36,39,100,100,62,211,111,0,0,0,0,40,0,115,0.3017,0,2,0,44560,0
2025-12-31,Affiliate Network,Family Pantry Retention Initiative,Metro Region Loyalty Cohort,15908997,Family Planners Lookalike Segment,1002710949555221,Shelf Story Warm Voice,3185083078735744,Brand Awareness,62.7135,10202,0,10103,52,100,100,100,100,1183,706,0,0,1,0,58,0,208,2.0388,1,4,0,10858,0
2025-12-01,Display Network,Weekend Saver Retention Initiative,Metro Region Loyalty Cohort,15908997,Health Conscious Buyers Interest Segment,1334393532567969,Shelf Story Warm Voice,2520693897922300,Brand Awareness,122.4998,31151,0,19312,73,100,100,100,100,724,613,0,0,2,0,223,0,309,0.9919,3,1,0,28609,0
2025-12-02,Marketplace Feed,Family Pantry Retention Initiative,Metro Region Loyalty Cohort,15908997,Family Planners Lookalike Segment,1665761135741679,Shelf Story Warm Voice,6549680554582288,Brand Awareness,141.4472,32573,0,24308,46,71,100,100,100,260,214,0,0,0,0,25,0,117,0.3592,0,0,0,16294,0
2025-12-03,Discovery Network,Weekend Saver Retention Initiative,Metro Region Loyalty Cohort,15908997,Health Conscious Buyers Retention Segment,4136110625615180,Offer Spotlight Bold Voice,3833443174798849,Brand Awareness,20.8371,5964,0,3651,7,13,58,18,13,37,30,0,0,0,0,1,0,8,0.1341,0,1,0,6145,0
2025-12-04,Social Feed,Family Pantry Retention Initiative,Metro Region Loyalty Cohort,15908997,Health Conscious Buyers Retention Segment,1669733702699813,Promo Banner Friendly Voice,1414897562821209,Brand Awareness,14.7742,1108,0,1218,1,3,14,7,3,17,7,0,0,0,0,1,0,4,0.3610,0,0,0,2097,0
2025-12-05,Marketplace Feed,Family Pantry Retention Initiative,Metro Region Loyalty Cohort,15908997,Health Conscious Buyers Interest Segment,1474840462607869,Offer Spotlight Bold Voice,3530423296641236,Brand Awareness,66.5533,12939,0,10286,45,38,100,100,64,465,286,0,0,0,0,89,0,99,0.7651,0,1,0,6695,0
2025-12-06,Display Network,Family Pantry Retention Initiative,Metro Region Loyalty Cohort,15908997,Health Conscious Buyers Interest Segment,1474840462607869,Shelf Story Warm Voice,9110304031000052,Brand Awareness,291.8898,37236,0,31515,129,100,100,100,100,2571,2650,0,0,0,0,222,0,448,1.2031,1,5,0,20165,0
2025-12-07,Marketplace Feed,Family Pantry Retention Initiative,Metro Region Loyalty Cohort,15908997,Family Planners Lookalike Segment,1665761135741679,Promo Banner Friendly Voice,6598720554447191,Brand Awareness,11.2119,1576,0,2521,1,4,19,9,5,22,15,0,0,0,0,6,0,7,0.4442,0,0,0,1688,0
2025-12-08,Influencer Network,Family Pantry Retention Initiative,Metro Region Loyalty Cohort,15908997,Health Conscious Buyers Retention Segment,1669733702699813,Shelf Story Warm Voice,6197978194612129,Brand Awareness,8.8806,1138,0,1765,4,5,19,10,4,17,12,0,0,0,0,3,0,7,0.6151,0,0,0,951,0
2025-12-09,Affiliate Network,Weekend Saver Retention Initiative,Metro Region Loyalty Cohort,15908997,Family Planners Lookalike Segment,7248228093339312,Shelf Story Bold Voice,3411200546175283,Brand Awareness,77.1865,16470,0,24854,92,100,100,100,100,741,676,0,0,1,0,44,0,120,0.7286,0,3,0,12438,0
2025-12-10,In-App Display,Seasonal Select Promo Initiative,Metro Region Loyalty Cohort,15908997,Health Conscious Buyers Retention Segment,3613956286158588,Shelf Story Bold Voice,1755467445485119,Brand Awareness,48.6333,6758,0,7895,28,100,100,100,100,188,195,0,0,0,0,20,0,47,0.6955,0,0,0,7029,0
2025-12-11,Shopping Grid,Family Pantry Retention Initiative,Metro Region Loyalty Cohort,15908997,Health Conscious Buyers Retention Segment,4976789753470273,Shelf Story Warm Voice,1212856722898025,Brand Awareness,37.0421,7808,0,9428,32,77,100,100,82,258,208,0,0,0,0,18,0,38,0.4867,0,0,0,5461,0
2025-12-12,Influencer Network,Family Pantry Retention Initiative,Metro Region Loyalty Cohort,15908997,Health Conscious Buyers Interest Segment,9013382232369046,Shelf Story Value Voice,1103993184708534,Brand Awareness,69.7879,15352,0,18037,47,67,100,100,68,204,206,0,0,0,0,34,0,94,0.6123,1,1,0,23801,0
2025-12-13,Marketplace Feed,Seasonal Select Promo Initiative,Metro Region Loyalty Cohort,15908997,Family Planners Lookalike Segment,1718074286658736,Promo Banner Warm Voice,1089449421739833,Brand Awareness,430.8420,58327,0,48690,184,100,100,100,100,2227,2194,0,0,1,0,634,0,792,1.3579,0,11,0,83390,0
2025-12-14,In-App Display,Weekend Saver Retention Initiative,Metro Region Loyalty Cohort,15908997,Health Conscious Buyers Retention Segment,4136110625615180,Shelf Story Bold Voice,5160906508093401,Brand Awareness,27.0954,5861,0,7550,13,40,100,100,70,223,286,0,0,0,0,14,0,31,0.5289,0,0,0,8029,0
2025-12-15,Search Network,Seasonal Select Demand Initiative,Metro Region Loyalty Cohort,15908997,Health Conscious Buyers Retention Segment,9223925519536552,Offer Spotlight Bold Voice,1119314133689227,Catalog Engagement,0.0000,0,0,0,0,0,0,0,0,0,0,0,0,0,0,0,0,0,0.0000,0,0,0,0,0
2025-12-16,Marketplace Feed,Weekend Saver Retention Initiative,Metro Region Loyalty Cohort,15908997,Health Conscious Buyers Retention Segment,4136110625615180,Price Drop Cut Value Voice,1316048837324374,Brand Awareness,100.4153,12224,0,19209,45,89,100,100,100,343,201,0,0,0,0,38,0,67,0.5481,0,1,0,14263,0
2025-12-17,In-App Display,Family Pantry Retention Initiative,Metro Region Loyalty Cohort,15908997,Family Planners Lookalike Segment,1665761135741679,Shelf Story Warm Voice,2616618213121749,Brand Awareness,903.4813,115232,0,98666,816,100,100,100,100,23471,21412,0,0,29,0,5889,0,6019,5.2234,43,216,0,115958,0
2025-12-18,Display Network,Seasonal Select Promo Initiative,Metro Region Loyalty Cohort,15908997,Health Conscious Buyers Interest Segment,1532426936569806,Shelf Story Warm Voice,9953353036347574,Brand Awareness,315.5403,27027,0,45680,122,100,100,100,100,1064,1628,0,0,0,0,88,0,172,0.6364,0,4,0,33341,0
2025-12-19,Shopping Grid,Seasonal Select Promo Initiative,Metro Region Loyalty Cohort,15908997,Health Conscious Buyers Interest Segment,1532426936569806,Shelf Story Warm Voice,7193200529405455,Brand Awareness,105.7426,23514,0,17524,43,100,100,100,100,311,183,0,0,0,0,32,0,64,0.2722,0,2,0,21044,0
2025-12-20,Video Network,Seasonal Select Promo Initiative,Metro Region Loyalty Cohort,15908997,Health Conscious Buyers Retention Segment,3613956286158588,Promo Banner Warm Voice,3456261421148856,Brand Awareness,159.5199,17009,0,29750,109,100,100,100,100,982,688,0,0,0,0,71,0,93,0.5468,0,2,0,17812,0
2025-12-21,Shopping Grid,Family Pantry Retention Initiative,Metro Region Loyalty Cohort,15908997,Health Conscious Buyers Retention Segment,1669733702699813,Shelf Story Warm Voice,4211876559793011,Brand Awareness,44.6460,7155,0,10165,11,26,100,42,27,61,38,0,0,0,0,10,0,25,0.3494,0,0,0,7420,0
2025-12-22,In-App Display,Weekend Saver Retention Initiative,Metro Region Loyalty Cohort,15908997,Health Conscious Buyers Interest Segment,1334393532567969,Shelf Story Warm Voice,8045514033882153,Brand Awareness,339.2592,48956,0,31260,151,100,100,100,100,1327,1360,0,0,0,0,855,0,612,1.2501,1,8,0,41163,0
2025-12-23,Discovery Network,Family Pantry Retention Initiative,Metro Region Loyalty Cohort,15908997,Health Conscious Buyers Interest Segment,9013382232369046,Shelf Story Warm Voice,1099249066640891,Brand Awareness,485.0836,39055,0,44190,200,100,100,100,100,4985,2904,0,0,11,0,703,0,821,2.1022,6,17,0,57582,0
2025-12-24,Shopping Grid,Family Pantry Retention Initiative,Metro Region Loyalty Cohort,15908997,Health Conscious Buyers Interest Segment,9013382232369046,Shelf Story Warm Voice,1177430610668804,Brand Awareness,770.8713,120437,0,98421,457,100,100,100,100,16068,17877,0,0,17,0,1742,0,3837,3.1859,23,104,0,72852,0
2025-12-25,Connected TV,Family Pantry Retention Initiative,Metro Region Loyalty Cohort,15908997,Family Planners Lookalike Segment,1665761135741679,Collection Showcase Warm Voice,5654112849815777,Brand Awareness,124.6756,18347,0,26503,52,100,100,100,100,780,650,0,0,1,0,454,0,277,1.5098,1,6,0,11636,0
2025-12-26,Search Network,Family Pantry Retention Initiative,Metro Region Loyalty Cohort,15908997,Health Conscious Buyers Retention Segment,1669733702699813,Shelf Story Warm Voice,1837904232519606,Brand Awareness,120.6922,16097,0,22151,55,100,100,100,100,866,1096,0,0,0,0,40,0,98,0.6088,0,1,0,21692,0
2025-12-27,Retail Media Network,Family Pantry Retention Initiative,Metro Region Loyalty Cohort,15908997,Health Conscious Buyers Interest Segment,9013382232369046,Shelf Story Warm Voice,1641518074556035,Brand Awareness,66.3709,8535,0,8322,20,20,71,35,19,52,41,0,0,0,0,11,0,24,0.2812,0,1,0,7259,0
2025-12-28,Affiliate Network,Family Pantry Retention Initiative,Metro Region Loyalty Cohort,15908997,Family Planners Lookalike Segment,1002710949555221,Shelf Story Warm Voice,1647332301297595,Brand Awareness,12.4135,3563,0,3891,8,20,100,49,28,100,122,0,0,0,0,24,0,44,1.2349,0,2,0,2934,0
2025-12-29,Influencer Network,Seasonal Select Promo Initiative,Metro Region Loyalty Cohort,15908997,Family Planners Lookalike Segment,1718074286658736,Shelf Story Warm Voice,1532291780998103,Brand Awareness,328.6847,41960,0,61044,165,100,100,100,100,1486,1127,0,0,0,0,235,0,555,1.3227,0,7,0,62963,0
2025-12-30,In-App Display,Seasonal Select Promo Initiative,Metro Region Loyalty Cohort,15908997,Health Conscious Buyers Retention Segment,3613956286158588,Offer Spotlight Value Voice,9011752711561329,Brand Awareness,29.5774,5123,0,6064,17,98,100,100,100,131,120,0,0,0,0,3,0,43,0.8394,0,0,0,4552,0
2025-12-31,Retail Media Network,Weekend Saver Retention Initiative,Metro Region Loyalty Cohort,15908997,Health Conscious Buyers Interest Segment,1334393532567969,Offer Spotlight Bold Voice,3220054077294586,Brand Awareness,55.5386,12490,0,10890,18,29,100,47,28,99,54,0,0,0,0,11,0,37,0.2962,0,1,0,7754,0
2025-12-01,Marketplace Feed,Weekend Saver Retention Initiative,Metro Region Loyalty Cohort,15908997,Health Conscious Buyers Retention Segment,4136110625615180,Price Drop Cut Value Voice,1682844113945221,Brand Awareness,51.8169,14189,0,7657,19,27,100,55,32,70,48,0,0,0,0,4,0,54,0.3806,0,0,0,9556,0
2025-12-02,Video Network,Family Pantry Retention Initiative,Metro Region Loyalty Cohort,15908997,Family Planners Lookalike Segment,1665761135741679,Shelf Story Warm Voice,2902136042807068,Brand Awareness,654.0017,66242,0,79913,397,100,100,100,100,10937,7577,0,0,13,0,2086,0,2498,3.7710,15,48,0,103810,0
2025-12-03,Retail Media Network,Seasonal Select Promo Initiative,Metro Region Loyalty Cohort,15908997,Health Conscious Buyers Retention Segment,3613956286158588,Shelf Story Warm Voice,2259713911990191,Brand Awareness,157.0452,20586,0,28407,113,100,100,100,100,696,733,0,0,0,0,42,0,92,0.4469,1,3,0,11980,0
2025-12-04,In-App Display,Family Pantry Retention Initiative,Metro Region Loyalty Cohort,15908997,Health Conscious Buyers Interest Segment,1474840462607869,Shelf Story Warm Voice,8486205212439809,Brand Awareness,119.2659,27989,0,21006,74,100,100,100,100,975,849,0,0,2,0,410,0,391,1.3970,7,1,0,24969,0
2025-12-05,Discovery Network,Family Pantry Retention Initiative,Metro Region Loyalty Cohort,15908997,Health Conscious Buyers Retention Segment,1669733702699813,Promo Banner Friendly Voice,4647140982681565,Brand Awareness,73.5896,9774,0,8861,30,100,100,100,100,327,273,0,0,10,0,18,0,55,0.5627,0,3,0,12207,0
2025-12-06,Social Feed,Family Pantry Retention Initiative,Metro Region Loyalty Cohort,15908997,Family Planners Lookalike Segment,1665761135741679,Shelf Story Warm Voice,1450951256520921,Brand Awareness,18.6891,3287,0,3400,4,13,77,29,19,70,54,0,0,0,0,15,0,28,0.8518,0,2,0,4047,0
2025-12-07,Affiliate Network,Weekend Saver Retention Initiative,Metro Region Loyalty Cohort,15908997,Family Planners Lookalike Segment,7248228093339312,Shelf Story Warm Voice,6451368560487732,Brand Awareness,137.2366,30758,0,30950,86,90,100,100,100,490,560,0,0,0,0,57,0,180,0.5852,0,1,0,36270,0
2025-12-08,Marketplace Feed,Weekend Saver Retention Initiative,Metro Region Loyalty Cohort,15908997,Health Conscious Buyers Interest Segment,1334393532567969,Shelf Story Bold Voice,7232280368739505,Brand Awareness,586.3057,45240,0,50771,174,100,100,100,100,4587,2702,0,0,2,0,1371,0,857,1.8943,7,16,0,58450,0
2025-12-09,Discovery Network,Seasonal Select Promo Initiative,Metro Region Loyalty Cohort,15908997,Health Conscious Buyers Interest Segment,1532426936569806,Promo Banner Warm Voice,5732401046815275,Brand Awareness,155.5172,28668,0,31808,65,100,100,100,100,981,538,0,0,0,0,91,0,181,0.6314,0,1,0,19935,0
2025-12-10,Search Network,Family Pantry Retention Initiative,Metro Region Loyalty Cohort,15908997,Health Conscious Buyers Retention Segment,1669733702699813,Collection Showcase Warm Voice,1788908453907262,Brand Awareness,17.5937,4860,0,5883,6,34,100,67,43,143,148,0,0,0,0,6,0,8,0.1646,0,1,0,2649,0
2025-12-11,Social Feed,Family Pantry Retention Initiative,Metro Region Loyalty Cohort,15908997,Health Conscious Buyers Retention Segment,1669733702699813,Shelf Story Bold Voice,4391005331160720,Brand Awareness,15.8871,2047,0,2332,2,5,19,8,5,27,18,0,0,0,0,7,0,13,0.6351,0,1,0,2144,0
2025-12-12,Discovery Network,Family Pantry Retention Initiative,Metro Region Loyalty Cohort,15908997,Family Planners Lookalike Segment,1665761135741679,Shelf Story Value Voice,5225143865411760,Brand Awareness,89.9022,12721,0,19970,34,30,100,66,37,138,157,0,0,0,0,54,0,66,0.5188,0,1,0,19672,0
2025-12-13,Social Feed,Family Pantry Retention Initiative,Metro Region Loyalty Cohort,15908997,Health Conscious Buyers Interest Segment,1474840462607869,Shelf Story Warm Voice,5682500646683685,Brand Awareness,537.3373,61197,0,47177,228,100,100,100,100,6749,3155,0,0,3,0,700,0,850,1.3890,6,12,0,68492,0
2025-12-14,Display Network,Family Pantry Retention Initiative,Metro Region Loyalty Cohort,15908997,Family Planners Lookalike Segment,1002710949555221,Shelf Story Warm Voice,5797898098365146,Brand Awareness,185.9859,22523,0,39195,133,100,100,100,100,3152,3003,0,0,0,0,148,0,337,1.4962,1,7,0,27179,0
2025-12-15,Affiliate Network,Weekend Saver Retention Initiative,Metro Region Loyalty Cohort,15908997,Family Planners Lookalike Segment,7248228093339312,Price Drop Cut Value Voice,9318406623487279,Brand Awareness,260.9201,69853,0,60978,94,100,100,100,100,369,186,0,0,0,0,75,0,202,0.2892,0,3,0,62451,0
2025-12-16,Display Network,Weekend Saver Retention Initiative,Metro Region Loyalty Cohort,15908997,Family Planners Lookalike Segment,7248228093339312,Shelf Story Warm Voice,1150526236199258,Brand Awareness,108.9484,24084,0,14454,46,66,100,100,81,300,165,0,0,1,0,50,0,120,0.4983,0,1,0,12775,0
2025-12-17,Influencer Network,Family Pantry Retention Initiative,Metro Region Loyalty Cohort,15908997,Family Planners Lookalike Segment,1665761135741679,Price Drop Cut Value Voice,1192366617925175,Brand Awareness,215.0743,23131,0,30389,48,100,100,100,100,592,832,0,0,0,0,123,0,219,0.9468,0,1,0,29251,0
2025-12-18,Marketplace Feed,Weekend Saver Retention Initiative,Metro Region Loyalty Cohort,15908997,Family Planners Lookalike Segment,7248228093339312,Price Drop Cut Value Voice,9781212069592701,Brand Awareness,241.9975,43546,0,51439,68,100,100,100,100,726,567,0,0,0,0,76,0,208,0.4777,1,2,0,21911,0
2025-12-19,In-App Display,Seasonal Select Promo Initiative,Metro Region Loyalty Cohort,15908997,Family Planners Lookalike Segment,1718074286658736,Shelf Story Bold Voice,4278310985669178,Brand Awareness,284.5909,50326,0,38020,138,100,100,100,100,950,1016,0,0,0,0,255,0,211,0.4193,1,7,0,35684,0
2025-12-20,Shopping Grid,Family Pantry Retention Initiative,Metro Region Loyalty Cohort,15908997,Health Conscious Buyers Interest Segment,9013382232369046,Promo Banner Friendly Voice,1538508227020088,Brand Awareness,65.1904,8008,0,7759,14,29,100,59,33,88,59,0,0,0,0,15,0,41,0.5120,0,0,0,9513,0
2025-12-21,Influencer Network,Family Pantry Retention Initiative,Metro Region Loyalty Cohort,15908997,Family Planners Lookalike Segment,1665761135741679,Shelf Story Warm Voice,1280290142112652,Brand Awareness,8.6741,2337,0,2216,3,4,30,12,4,30,29,0,0,0,0,1,0,15,0.6418,0,1,0,1126,0
2025-12-22,Shopping Grid,Seasonal Select Promo Initiative,Metro Region Loyalty Cohort,15908997,Health Conscious Buyers Interest Segment,1532426936569806,Shelf Story Bold Voice,1082336609132049,Brand Awareness,92.7843,22365,0,23980,49,100,100,100,100,448,505,0,0,0,0,30,0,78,0.3488,0,2,0,30728,0
2025-12-23,Search Network,Seasonal Select Promo Initiative,Metro Region Loyalty Cohort,15908997,Family Planners Lookalike Segment,1718074286658736,Offer Spotlight Bold Voice,1638167476571035,Brand Awareness,51.7823,16364,0,17638,39,100,100,100,100,281,265,0,0,0,0,32,0,63,0.3850,0,2,0,17342,0
2025-12-24,Connected TV,Family Pantry Retention Initiative,Metro Region Loyalty Cohort,15908997,Health Conscious Buyers Retention Segment,1669733702699813,Shelf Story Warm Voice,1173063753252113,Brand Awareness,182.8729,26608,0,22163,82,100,100,100,100,2790,3897,0,0,2,0,74,0,244,0.9170,1,11,0,23690,0
2025-12-25,Connected TV,Family Pantry Retention Initiative,Metro Region Loyalty Cohort,15908997,Health Conscious Buyers Retention Segment,4976789753470273,Offer Spotlight Bold Voice,1582932391745882,Brand Awareness,30.2301,3103,0,2726,11,4,68,24,10,73,65,0,0,0,0,19,0,27,0.8701,0,0,0,2562,0
2025-12-26,In-App Display,Family Pantry Retention Initiative,Metro Region Loyalty Cohort,15908997,Health Conscious Buyers Interest Segment,9013382232369046,Shelf Story Warm Voice,5257839822274418,Brand Awareness,219.5299,36049,0,32690,93,100,100,100,100,1570,873,0,0,1,0,423,0,357,0.9903,1,11,0,37140,0
2025-12-27,Influencer Network,Family Pantry Retention Initiative,Metro Region Loyalty Cohort,15908997,Health Conscious Buyers Retention Segment,1669733702699813,Shelf Story Value Voice,1365467474223726,Brand Awareness,26.1895,4254,0,7182,7,9,59,21,14,42,40,0,0,0,0,1,0,11,0.2586,0,1,0,6102,0
2025-12-28,In-App Display,Weekend Saver Retention Initiative,Metro Region Loyalty Cohort,15908997,Health Conscious Buyers Retention Segment,4136110625615180,Shelf Story Bold Voice,1238862856159509,Brand Awareness,29.4356,6522,0,7781,18,25,100,56,32,102,127,0,0,0,0,3,0,32,0.4906,0,2,0,10685,0
2025-12-29,Shopping Grid,Family Pantry Retention Initiative,Metro Region Loyalty Cohort,15908997,Health Conscious Buyers Retention Segment,1669733702699813,Price Drop Cut Value Voice,6906673719698824,Brand Awareness,49.3073,5784,0,9417,18,60,100,100,63,127,169,0,0,0,0,14,0,33,0.5705,0,1,0,7498,0
2025-12-30,Marketplace Feed,Seasonal Select Promo Initiative,Metro Region Loyalty Cohort,15908997,Health Conscious Buyers Retention Segment,3613956286158588,Shelf Story Warm Voice,9626373394400677,Brand Awareness,62.6049,14946,0,11022,25,100,100,100,100,231,248,0,0,0,0,5,0,34,0.2275,1,1,0,10916,0
2025-12-31,Affiliate Network,Weekend Saver Retention Initiative,Metro Region Loyalty Cohort,15908997,Health Conscious Buyers Retention Segment,4136110625615180,Shelf Story Warm Voice,5443423299390877,Brand Awareness,27.9056,4886,0,5295,12,24,100,50,36,104,82,0,0,0,0,5,0,20,0.4093,0,0,0,5826,0
2025-12-01,Social Feed,Family Pantry Retention Initiative,Metro Region Loyalty Cohort,15908997,Health Conscious Buyers Retention Segment,4976789753470273,Shelf Story Warm Voice,4041974945367907,Brand Awareness,116.2548,18795,0,15539,41,100,100,100,100,872,927,0,0,0,0,37,0,92,0.4895,0,1,0,10099,0
2025-12-02,Social Feed,Weekend Saver Retention Initiative,Metro Region Loyalty Cohort,15908997,Health Conscious Buyers Interest Segment,1334393532567969,Price Drop Cut Value Voice,1109002298095593,Brand Awareness,744.2724,92383,0,124390,170,100,100,100,100,2688,2189,0,0,2,0,407,0,674,0.7296,0,12,0,70033,0
2025-12-03,Video Network,Family Pantry Retention Initiative,Metro Region Loyalty Cohort,15908997,Health Conscious Buyers Interest Segment,9013382232369046,Collection Showcase Warm Voice,3199746654625132,Brand Awareness,10.2392,1165,0,979,2,8,31,14,11,36,36,0,0,0,0,4,0,6,0.5150,0,1,0,773,0
2025-12-04,Shopping Grid,Seasonal Select Promo Initiative,Metro Region Loyalty Cohort,15908997,Health Conscious Buyers Interest Segment,1532426936569806,Offer Spotlight Bold Voice,4433422745438620,Brand Awareness,43.9765,6731,0,5978,16,38,100,93,44,102,70,0,0,0,0,7,0,21,0.3120,0,1,0,6148,0
2025-12-05,Influencer Network,Weekend Saver Retention Initiative,Metro Region Loyalty Cohort,15908997,Health Conscious Buyers Interest Segment,1334393532567969,Price Drop Cut Value Voice,2051943278335934,Brand Awareness,139.8303,30072,0,24053,47,92,100,100,100,287,242,0,0,0,0,60,0,153,0.5088,0,4,0,25034,0
2025-12-06,In-App Display,Family Pantry Retention Initiative,Metro Region Loyalty Cohort,15908997,Family Planners Lookalike Segment,1002710949555221,Shelf Story Warm Voice,1655044419034925,Brand Awareness,21.2740,6336,0,6608,31,94,100,100,100,292,253,0,0,0,0,26,0,78,1.2311,0,1,0,6705,0
2025-12-07,Shopping Grid,Family Pantry Retention Initiative,Metro Region Loyalty Cohort,15908997,Health Conscious Buyers Retention Segment,4976789753470273,Shelf Story Warm Voice,5506678816268127,Brand Awareness,122.2325,14073,0,18155,42,94,100,100,100,838,880,0,0,0,0,69,0,142,1.0090,1,1,0,22960,0
2025-12-08,Marketplace Feed,Family Pantry Retention Initiative,Metro Region Loyalty Cohort,15908997,Health Conscious Buyers Retention Segment,1669733702699813,Shelf Story Warm Voice,5602072675253918,Brand Awareness,167.1919,20472,0,21352,91,100,100,100,100,2445,2189,0,0,1,0,126,0,236,1.1528,1,3,0,15644,0
2025-12-09,Marketplace Feed,Weekend Saver Retention Initiative,Metro Region Loyalty Cohort,15908997,Family Planners Lookalike Segment,7248228093339312,Offer Spotlight Bold Voice,1757288035719114,Brand Awareness,39.5757,10149,0,11583,27,16,100,36,27,79,87,0,0,0,0,5,0,34,0.3350,0,0,0,15069,0
2025-12-10,Affiliate Network,Family Pantry Retention Initiative,Metro Region Loyalty Cohort,15908997,Family Planners Lookalike Segment,1665761135741679,Price Drop Cut Value Voice,1192366617925175,Brand Awareness,80.9434,26325,0,30673,65,100,100,100,100,415,271,0,0,0,0,49,0,106,0.4027,0,4,0,14337,0
2025-12-11,Search Network,Family Pantry Retention Initiative,Metro Region Loyalty Cohort,15908997,Health Conscious Buyers Retention Segment,1669733702699813,Shelf Story Value Voice,1365467474223726,Brand Awareness,40.7919,18134,0,18866,25,33,100,83,38,189,193,0,0,0,0,27,0,72,0.3970,1,1,0,18160,0
2025-12-12,In-App Display,Family Pantry Retention Initiative,Metro Region Loyalty Cohort,15908997,Health Conscious Buyers Interest Segment,9013382232369046,Collection Showcase Warm Voice,3199746654625132,Brand Awareness,4.7620,852,0,950,1,12,24,16,10,33,27,0,0,0,0,3,0,5,0.5869,0,0,0,781,0
2025-12-13,Social Feed,Family Pantry Retention Initiative,Metro Region Loyalty Cohort,15908997,Health Conscious Buyers Interest Segment,1474840462607869,Shelf Story Warm Voice,9110304031000052,Brand Awareness,219.9590,31323,0,25489,79,100,100,100,100,1724,1810,0,0,0,0,300,0,403,1.2866,4,0,0,22994,0
2025-12-14,Affiliate Network,Weekend Saver Retention Initiative,Metro Region Loyalty Cohort,15908997,Family Planners Lookalike Segment,7248228093339312,Shelf Story Bold Voice,3411200546175283,Brand Awareness,30.1106,6005,0,6304,25,56,100,100,72,318,220,0,0,0,0,33,0,68,1.1324,1,1,0,4498,0
2025-12-15,Connected TV,Seasonal Select Promo Initiative,Metro Region Loyalty Cohort,15908997,Family Planners Lookalike Segment,1718074286658736,Promo Banner Warm Voice,1089449421739833,Brand Awareness,383.7042,39525,0,54812,339,100,100,100,100,2984,3000,0,0,2,0,747,0,931,2.3555,3,5,0,71854,0
2025-12-16,Influencer Network,Family Pantry Retention Initiative,Metro Region Loyalty Cohort,15908997,Health Conscious Buyers Retention Segment,4976789753470273,Shelf Story Warm Voice,1212856722898025,Brand Awareness,52.3844,8702,0,7637,22,88,100,100,100,370,190,0,0,0,0,24,0,52,0.5976,1,1,0,8322,0
2025-12-17,Discovery Network,Family Pantry Retention Initiative,Metro Region Loyalty Cohort,15908997,Family Planners Lookalike Segment,1002710949555221,Shelf Story Warm Voice,3185083078735744,Brand Awareness,65.0641,14069,0,12603,58,100,100,100,100,1166,822,0,0,1,0,57,0,177,1.2581,3,2,0,18505,0
2025-12-18,Influencer Network,Family Pantry Retention Initiative,Metro Region Loyalty Cohort,15908997,Health Conscious Buyers Interest Segment,9013382232369046,Promo Banner Friendly Voice,1538508227020088,Brand Awareness,28.4301,3400,0,3878,6,37,100,66,50,98,107,0,0,1,0,19,0,27,0.7941,0,0,0,4175,0
2025-12-19,Affiliate Network,Seasonal Select Promo Initiative,Metro Region Loyalty Cohort,15908997,Health Conscious Buyers Retention Segment,3613956286158588,Shelf Story Warm Voice,2259713911990191,Brand Awareness,148.6976,20609,0,34770,90,100,100,100,100,814,842,0,0,0,0,29,0,125,0.6065,0,2,0,23992,0
2025-12-20,Social Feed,Seasonal Select Promo Initiative,Metro Region Loyalty Cohort,15908997,Health Conscious Buyers Interest Segment,1532426936569806,Shelf Story Warm Voice,9953353036347574,Brand Awareness,181.9396,28432,0,43516,95,100,100,100,100,964,627,0,0,0,0,68,0,118,0.4150,0,2,0,35049,0
2025-12-21,Display Network,Seasonal Select Promo Initiative,Metro Region Loyalty Cohort,15908997,Health Conscious Buyers Interest Segment,1532426936569806,Offer Spotlight Value Voice,2894551765052346,Brand Awareness,49.8854,8971,0,8796,10,100,100,100,100,223,127,0,0,0,0,18,0,27,0.3010,0,1,0,11027,0
2025-12-22,Display Network,Family Pantry Retention Initiative,Metro Region Loyalty Cohort,15908997,Family Planners Lookalike Segment,1665761135741679,Shelf Story Warm Voice,2616618213121749,Brand Awareness,887.2172,179243,0,158574,636,100,100,100,100,32904,34137,0,0,34,0,6434,0,5150,2.8732,42,255,0,187997,0
2025-12-23,Marketplace Feed,Family Pantry Retention Initiative,Metro Region Loyalty Cohort,15908997,Health Conscious Buyers Interest Segment,1474840462607869,Shelf Story Warm Voice,8486205212439809,Brand Awareness,170.3166,39701,0,33906,97,100,100,100,100,1026,1010,0,0,2,0,183,0,457,1.1511,6,3,0,26974,0
2025-12-24,Social Feed,Family Pantry Retention Initiative,Metro Region Loyalty Cohort,86057605,Family Planners Lookalike Segment,1541980607257120,Shelf Story Warm Voice,1227821280716912,Brand Awareness,0.0000,0,0,0,0,0,0,0,0,0,0,0,0,0,0,0,0,0,0.0000,0,0,0,0,0
2025-12-25,Discovery Network,Family Pantry Retention Initiative,Metro Region Loyalty Cohort,15908997,Health Conscious Buyers Retention Segment,1669733702699813,Shelf Story Warm Voice,5602072675253918,Brand Awareness,351.8110,28577,0,41627,267,100,100,100,100,4587,6303,0,0,1,0,311,0,527,1.8441,1,20,0,51117,0
2025-12-26,Marketplace Feed,Family Pantry Retention Initiative,Metro Region Loyalty Cohort,15908997,Family Planners Lookalike Segment,1665761135741679,Shelf Story Value Voice,5225143865411760,Brand Awareness,81.7960,22411,0,18065,31,33,100,89,53,179,193,0,0,0,0,46,0,61,0.2722,0,0,0,21068,0
2025-12-27,Video Network,Weekend Saver Retention Initiative,Metro Region Loyalty Cohort,15908997,Health Conscious Buyers Interest Segment,1334393532567969,Shelf Story Bold Voice,8314765461987923,Brand Awareness,169.7966,37136,0,37225,55,100,100,100,100,454,326,0,0,1,0,82,0,134,0.3608,0,2,0,31737,0
2025-12-28,Shopping Grid,Family Pantry Retention Initiative,Metro Region Prospecting Cohort,86057605,Health Conscious Buyers Affinity Segment,1135622965987651,Promo Banner Friendly Voice,8513428259763770,Brand Awareness,0.0000,0,0,0,0,0,0,0,0,0,0,0,0,0,0,0,0,0,0.0000,0,0,0,0,0
2025-12-29,Shopping Grid,Family Pantry Retention Initiative,Metro Region Loyalty Cohort,15908997,Health Conscious Buyers Retention Segment,1669733702699813,Shelf Story Warm Voice,1173063753252113,Brand Awareness,280.5687,50359,0,48342,210,100,100,100,100,7315,4260,0,0,3,0,292,0,519,1.0306,2,22,0,56799,0
2025-12-30,Retail Media Network,Family Pantry Retention Initiative,Metro Region Loyalty Cohort,15908997,Health Conscious Buyers Retention Segment,1669733702699813,Price Drop Cut Value Voice,6906673719698824,Brand Awareness,90.1257,13809,0,19238,45,100,100,100,100,273,366,0,0,0,0,24,0,70,0.5069,0,3,0,20577,0
2025-12-31,Shopping Grid,Family Pantry Retention Initiative,Metro Region Loyalty Cohort,15908997,Health Conscious Buyers Interest Segment,9013382232369046,Shelf Story Warm Voice,1177430610668804,Brand Awareness,635.0089,146628,0,97496,471,100,100,100,100,17830,11862,0,0,27,0,3057,0,3954,2.6966,37,124,0,86043,0
2025-12-01,Discovery Network,Family Pantry Retention Initiative,Metro Region Loyalty Cohort,15908997,Health Conscious Buyers Interest Segment,9013382232369046,Shelf Story Warm Voice,8148838999548557,Brand Awareness,11.5967,3858,0,4237,8,14,94,34,20,70,79,0,0,0,0,5,0,18,0.4666,0,0,0,2282,0
2025-12-02,Retail Media Network,Family Pantry Retention Initiative,Metro Region Loyalty Cohort,15908997,Health Conscious Buyers Retention Segment,4976789753470273,Shelf Story Warm Voice,1220076337258804,Brand Awareness,42.9848,9735,0,14904,22,28,100,94,42,217,153,0,0,0,0,25,0,44,0.4520,0,0,0,11396,0
2025-12-03,Affiliate Network,Weekend Saver Retention Initiative,Metro Region Loyalty Cohort,15908997,Family Planners Lookalike Segment,7248228093339312,Shelf Story Warm Voice,6451368560487732,Brand Awareness,45.2122,21620,0,16744,44,56,100,100,100,460,244,0,0,0,0,21,0,96,0.4440,1,3,0,18925,0
2025-12-04,Shopping Grid,Family Pantry Retention Initiative,Metro Region Loyalty Cohort,15908997,Family Planners Lookalike Segment,1665761135741679,Collection Showcase Warm Voice,5654112849815777,Brand Awareness,115.4215,12532,0,15404,55,100,100,100,100,702,948,0,0,2,0,384,0,351,2.8008,1,0,0,19580,0
2025-12-05,In-App Display,Family Pantry Retention Initiative,Metro Region Loyalty Cohort,15908997,Health Conscious Buyers Retention Segment,1669733702699813,Shelf Story Warm Voice,1837904232519606,Brand Awareness,156.6531,30417,0,34950,98,100,100,100,100,1223,1042,0,0,0,0,146,0,268,0.8811,0,7,0,30850,0
2025-12-06,Discovery Network,Seasonal Select Promo Initiative,Metro Region Loyalty Cohort,15908997,Family Planners Lookalike Segment,1718074286658736,Offer Spotlight Value Voice,2074777970281390,Brand Awareness,274.7892,30175,0,31030,88,100,100,100,100,1121,1136,0,0,0,0,110,0,253,0.8384,3,3,0,30726,0
2025-12-07,Influencer Network,Family Pantry Retention Initiative,Metro Region Loyalty Cohort,15908997,Health Conscious Buyers Interest Segment,9013382232369046,Shelf Story Warm Voice,1641518074556035,Brand Awareness,15.4280,2556,0,2867,4,6,22,8,7,17,9,0,0,0,0,3,0,11,0.4304,0,0,0,3098,0
2025-12-08,Influencer Network,Family Pantry Retention Initiative,Metro Region Loyalty Cohort,15908997,Health Conscious Buyers Interest Segment,9013382232369046,Shelf Story Warm Voice,1099249066640891,Brand Awareness,456.9993,58227,0,38321,186,100,100,100,100,6594,4892,0,0,5,0,1495,0,1850,3.1772,2,27,0,31420,0
2025-12-09,Social Feed,Family Pantry Retention Initiative,Metro Region Loyalty Cohort,15908997,Health Conscious Buyers Retention Segment,1669733702699813,Shelf Story Warm Voice,4211876559793011,Brand Awareness,110.1783,17076,0,27082,52,68,100,100,88,236,160,0,0,0,0,18,0,69,0.4041,0,2,0,17903,0
2025-12-10,Shopping Grid,Seasonal Select Promo Initiative,Metro Region Loyalty Cohort,15908997,Health Conscious Buyers Interest Segment,1532426936569806,Promo Banner Warm Voice,5732401046815275,Brand Awareness,134.4309,28597,0,29995,50,100,100,100,100,903,941,0,0,0,0,54,0,216,0.7553,2,1,0,18614,0
2025-12-11,In-App Display,Family Pantry Retention Initiative,Metro Region Loyalty Cohort,15908997,Family Planners Lookalike Segment,1002710949555221,Offer Spotlight Bold Voice,7401589860358191,Brand Awareness,10.5111,1818,0,2345,5,9,90,29,21,105,103,0,0,0,0,18,0,17,0.9351,0,0,0,2183,0
2025-12-12,Marketplace Feed,Weekend Saver Retention Initiative,Metro Region Loyalty Cohort,15908997,Family Planners Lookalike Segment,7248228093339312,Shelf Story Warm Voice,1150526236199258,Brand Awareness,41.7058,9190,0,6881,20,35,100,76,40,143,104,0,0,0,0,13,0,57,0.6202,0,1,0,10559,0
2025-12-13,Affiliate Network,Family Pantry Retention Initiative,Metro Region Loyalty Cohort,15908997,Family Planners Lookalike Segment,1665761135741679,Shelf Story Warm Voice,6549680554582288,Brand Awareness,127.7026,30394,0,21307,55,87,100,100,100,245,277,0,0,0,0,25,0,72,0.2369,0,2,0,27612,0
2025-12-14,Marketplace Feed,Family Pantry Retention Initiative,Metro Region Loyalty Cohort,15908997,Health Conscious Buyers Interest Segment,9013382232369046,Shelf Story Bold Voice,5904212741788775,Brand Awareness,23.0174,3188,0,4507,7,18,49,26,21,52,44,0,0,0,0,4,0,24,0.7528,0,0,0,4215,0
2025-12-15,Social Feed,Family Pantry Retention Initiative,Metro Region Loyalty Cohort,15908997,Health Conscious Buyers Interest Segment,1474840462607869,Shelf Story Warm Voice,4340134105081797,Brand Awareness,549.0181,73510,0,86828,213,100,100,100,100,9761,9050,0,0,2,0,1879,0,1303,1.7725,4,21,0,69740,0
2025-12-16,Discovery Network,Family Pantry Retention Initiative,Metro Region Loyalty Cohort,15908997,Health Conscious Buyers Retention Segment,1669733702699813,Promo Banner Friendly Voice,1414897562821209,Brand Awareness,8.9524,2118,0,2081,4,8,43,13,8,37,43,0,0,0,0,0,0,9,0.4249,0,0,0,1610,0
2025-12-17,Search Network,Weekend Saver Retention Initiative,Metro Region Loyalty Cohort,15908997,Health Conscious Buyers Retention Segment,4136110625615180,Price Drop Cut Value Voice,1682844113945221,Brand Awareness,52.9554,19365,0,15014,39,50,100,93,57,159,130,0,0,0,0,8,0,49,0.2530,0,1,0,13343,0
2025-12-18,Discovery Network,Weekend Saver Retention Initiative,Metro Region Loyalty Cohort,15908997,Health Conscious Buyers Retention Segment,4136110625615180,Shelf Story Warm Voice,1781261912151237,Brand Awareness,18.8803,6563,0,5712,9,28,100,53,37,83,114,0,0,0,0,4,0,17,0.2590,0,1,0,4749,0
2025-12-19,Discovery Network,Family Pantry Retention Initiative,Metro Region Loyalty Cohort,15908997,Family Planners Lookalike Segment,1665761135741679,Promo Banner Friendly Voice,6598720554447191,Brand Awareness,10.0812,2084,0,2169,4,3,29,10,3,31,22,0,0,0,0,4,0,9,0.4319,0,1,0,1228,0
2025-12-20,In-App Display,Family Pantry Retention Initiative,Metro Region Loyalty Cohort,15908997,Health Conscious Buyers Interest Segment,9013382232369046,Promo Banner Friendly Voice,1255871739760170,Brand Awareness,18.3211,2318,0,2042,1,9,27,17,11,26,13,0,0,0,0,6,0,4,0.1726,0,0,0,2707,0
2025-12-21,Influencer Network,Seasonal Select Promo Initiative,Metro Region Loyalty Cohort,15908997,Health Conscious Buyers Interest Segment,1532426936569806,Offer Spotlight Bold Voice,4433422745438620,Brand Awareness,20.2992,3675,0,4740,5,45,100,67,57,79,82,0,0,0,0,7,0,15,0.4082,0,1,0,3851,0
2025-12-22,Video Network,Family Pantry Retention Initiative,Metro Region Loyalty Cohort,15908997,Health Conscious Buyers Retention Segment,4976789753470273,Offer Spotlight Bold Voice,1582932391745882,Brand Awareness,45.0706,7414,0,7287,23,19,100,63,35,221,279,0,0,0,0,28,0,47,0.6339,1,0,0,10673,0
2025-12-23,Retail Media Network,Home Essentials Scale Initiative,Metro Region Prospecting Cohort,86057605,Family Planners Interest Segment,2052479131570920,Shelf Story Bold Voice,1037070944576843,Brand Awareness,0.0000,0,0,0,0,0,0,0,0,0,0,0,0,0,0,0,0,0,0.0000,0,0,0,0,0
2025-12-24,Discovery Network,Weekend Saver Retention Initiative,Metro Region Loyalty Cohort,15908997,Family Planners Lookalike Segment,7248228093339312,Price Drop Cut Value Voice,9781212069592701,Brand Awareness,125.6208,18396,0,23414,43,93,100,100,100,370,406,0,0,0,0,21,0,101,0.5490,0,1,0,31977,0
2025-12-25,Marketplace Feed,Family Pantry Retention Initiative,Metro Region Conversion Cohort,15908997,Weekend Deal Hunters Interest Segment,6202516839870495,Shelf Story Value Voice,1077582730962642,Catalog Engagement,0.0000,0,0,0,0,0,0,0,0,0,0,0,0,0,0,0,0,0,0.0000,0,0,0,0,0
2025-12-26,Social Feed,Seasonal Select Promo Initiative,Metro Region Loyalty Cohort,15908997,Health Conscious Buyers Interest Segment,1532426936569806,Shelf Story Bold Voice,1082336609132049,Brand Awareness,65.9167,30450,0,24408,40,100,100,100,100,414,275,0,0,0,0,31,0,92,0.3021,0,3,0,14189,0
2025-12-27,Affiliate Network,Seasonal Select Promo Initiative,Metro Region Loyalty Cohort,15908997,Family Planners Lookalike Segment,1718074286658736,Shelf Story Bold Voice,4278310985669178,Brand Awareness,278.0873,43044,0,45748,100,100,100,100,100,933,1155,0,0,0,0,356,0,288,0.6691,0,2,0,65837,0
2025-12-28,Discovery Network,Seasonal Select Promo Initiative,Metro Region Loyalty Cohort,15908997,Health Conscious Buyers Retention Segment,3613956286158588,Offer Spotlight Value Voice,9011752711561329,Brand Awareness,26.7807,6756,0,6526,42,100,100,100,100,165,211,0,0,0,0,5,0,30,0.4440,0,0,0,10039,0
2025-12-29,Influencer Network,Weekend Saver Retention Initiative,Metro Region Loyalty Cohort,15908997,Health Conscious Buyers Interest Segment,1334393532567969,Shelf Story Warm Voice,2520693897922300,Brand Awareness,366.3868,40005,0,68105,138,100,100,100,100,1525,771,0,0,3,0,262,0,624,1.5598,1,4,0,73212,0
2025-12-30,Influencer Network,Seasonal Select Promo Initiative,Metro Region Loyalty Cohort,15908997,Health Conscious Buyers Retention Segment,3613956286158588,Promo Banner Warm Voice,3456261421148856,Brand Awareness,131.0653,23926,0,24595,96,100,100,100,100,865,995,0,0,0,0,56,0,133,0.5559,0,3,0,25363,0
2025-12-31,Affiliate Network,Home Essentials Scale Initiative,Metro Region Prospecting Cohort,86057605,Family Planners Interest Segment,2052479131570920,Product Reel Bold Voice,8230132190292546,Brand Awareness,0.0000,0,0,0,0,0,0,0,0,0,0,0,0,0,0,0,0,0,0.0000,0,0,0,0,0
2025-12-01,Influencer Network,Weekend Saver Retention Initiative,Metro Region Loyalty Cohort,15908997,Health Conscious Buyers Retention Segment,4136110625615180,Price Drop Cut Value Voice,1316048837324374,Brand Awareness,93.9877,27841,0,32115,35,100,100,100,100,463,241,0,0,1,0,10,0,78,0.2802,0,1,0,21982,0
2025-12-02,Discovery Network,Family Pantry Retention Initiative,Metro Region Loyalty Cohort,15908997,Family Planners Lookalike Segment,1665761135741679,Shelf Story Warm Voice,2902136042807068,Brand Awareness,402.2106,43820,0,40049,383,100,100,100,100,9947,7503,0,0,11,0,1540,0,1550,3.5372,2,58,0,38111,0
2025-12-03,Connected TV,Weekend Saver Retention Initiative,Metro Region Loyalty Cohort,15908997,Health Conscious Buyers Interest Segment,1334393532567969,Shelf Story Warm Voice,8045514033882153,Brand Awareness,266.1836,39191,0,67189,126,100,100,100,100,1565,1744,0,0,3,0,851,0,527,1.3447,1,4,0,57977,0
2025-12-04,Discovery Network,Family Pantry Retention Initiative,Metro Region Loyalty Cohort,15908997,Health Conscious Buyers Retention Segment,4976789753470273,Shelf Story Warm Voice,5506678816268127,Brand Awareness,187.0859,28168,0,28750,94,100,100,100,100,1580,1364,0,0,0,0,113,0,146,0.5183,1,3,0,22203,0
2025-12-05,Discovery Network,Family Pantry Retention Initiative,Metro Region Loyalty Cohort,15908997,Health Conscious Buyers Interest Segment,1474840462607869,Shelf Story Warm Voice,5682500646683685,Brand Awareness,319.8649,61634,0,48257,196,100,100,100,100,5553,2867,0,0,2,0,752,0,1012,1.6420,1,10,0,59506,0
2025-12-06,Display Network,Family Pantry Retention Initiative,Metro Region Loyalty Cohort,15908997,Family Planners Lookalike Segment,1665761135741679,Shelf Story Warm Voice,1450951256520921,Brand Awareness,11.8709,2858,0,2834,2,11,57,22,12,37,37,0,0,0,0,7,0,9,0.3149,0,0,0,1690,0
2025-12-07,Connected TV,Family Pantry Retention Initiative,Metro Region Loyalty Cohort,15908997,Health Conscious Buyers Retention Segment,1669733702699813,Collection Showcase Warm Voice,1788908453907262,Brand Awareness,70.6658,14196,0,11607,20,83,100,100,94,452,337,0,0,0,0,42,0,89,0.6269,0,0,0,9777,0
2025-12-08,Marketplace Feed,Weekend Saver Retention Initiative,Metro Region Loyalty Cohort,15908997,Health Conscious Buyers Interest Segment,1334393532567969,Shelf Story Bold Voice,7232280368739505,Brand Awareness,551.9964,71141,0,62372,240,100,100,100,100,5344,5282,0,0,5,0,1680,0,1151,1.6179,1,13,0,48690,0
2025-12-09,Search Network,Family Pantry Retention Initiative,Metro Region Loyalty Cohort,15908997,Health Conscious Buyers Retention Segment,1669733702699813,Promo Banner Friendly Voice,4647140982681565,Brand Awareness,177.1282,24259,0,43896,124,100,100,100,100,991,809,0,0,0,0,34,0,174,0.7173,0,0,0,46639,0
2025-12-10,In-App Display,Weekend Saver Retention Initiative,Metro Region Loyalty Cohort,15908997,Health Conscious Buyers Retention Segment,4136110625615180,Offer Spotlight Bold Voice,3833443174798849,Brand Awareness,20.2522,5146,0,5825,15,9,75,24,14,48,43,0,0,0,0,0,0,26,0.5052,0,0,0,5955,0
2025-12-11,Affiliate Network,Family Pantry Retention Initiative,Metro Region Loyalty Cohort,15908997,Family Planners Lookalike Segment,1665761135741679,Promo Banner Friendly Voice,1647756988327695,Brand Awareness,292.6986,37180,0,30631,69,100,100,100,100,1611,1997,0,0,1,0,605,0,553,1.4874,1,7,0,33814,0
2025-12-12,Affiliate Network,Family Pantry Retention Initiative,Metro Region Loyalty Cohort,15908997,Family Planners Lookalike Segment,1002710949555221,Shelf Story Warm Voice,1655044419034925,Brand Awareness,18.1241,3740,0,4058,4,64,100,100,79,170,198,0,0,0,0,19,0,27,0.7219,0,3,0,5138,0
2025-12-13,Shopping Grid,Family Pantry Retention Initiative,Metro Region Loyalty Cohort,15908997,Health Conscious Buyers Retention Segment,1669733702699813,Shelf Story Warm Voice,2604915282803870,Brand Awareness,4.8737,921,0,1429,1,6,34,12,7,26,18,0,0,0,0,1,0,4,0.4343,0,0,0,735,0
2025-12-14,Retail Media Network,Home Essentials Scale Initiative,Metro Region Prospecting Cohort,86057605,Family Planners Interest Segment,2052479131570920,Shelf Story Warm Voice,1781570544556972,Brand Awareness,0.0000,0,0,0,0,0,0,0,0,0,0,0,0,0,0,0,0,0,0.0000,0,0,0,0,0
2025-12-15,Marketplace Feed,Family Pantry Retention Initiative,Metro Region Loyalty Cohort,15908997,Family Planners Lookalike Segment,1002710949555221,Shelf Story Warm Voice,5797898098365146,Brand Awareness,228.4340,37944,0,64742,213,100,100,100,100,3989,5669,0,0,0,0,452,0,569,1.4996,5,9,0,59564,0
2025-12-16,Display Network,Family Pantry Retention Initiative,Metro Region Loyalty Cohort,15908997,Family Planners Lookalike Segment,1665761135741679,Shelf Story Warm Voice,2793262031628184,Brand Awareness,311.0591,69787,0,72468,254,100,100,100,100,2825,2608,0,0,0,0,600,0,493,0.7064,2,14,0,73954,0
2025-12-17,Video Network,Family Pantry Retention Initiative,Metro Region Loyalty Cohort,15908997,Health Conscious Buyers Interest Segment,1474840462607869,Offer Spotlight Bold Voice,3530423296641236,Brand Awareness,108.8809,17172,0,27428,34,79,100,100,100,826,424,0,0,0,0,69,0,122,0.7105,0,1,0,13215,0
2025-12-18,Marketplace Feed,Weekend Saver Retention Initiative,Metro Region Loyalty Cohort,15908997,Family Planners Lookalike Segment,7248228093339312,Price Drop Cut Value Voice,9318406623487279,Brand Awareness,63.9206,22320,0,18830,28,49,100,100,76,206,225,0,0,0,0,8,0,72,0.3226,0,1,0,33093,0
2025-12-19,Influencer Network,Family Pantry Retention Initiative,Metro Region Loyalty Cohort,15908997,Health Conscious Buyers Retention Segment,4976789753470273,Shelf Story Warm Voice,4041974945367907,Brand Awareness,137.7516,27648,0,19031,40,100,100,100,100,1241,1481,0,0,0,0,36,0,108,0.3906,0,3,0,22475,0
2025-12-20,Display Network,Weekend Saver Retention Initiative,Metro Region Loyalty Cohort,15908997,Health Conscious Buyers Interest Segment,1334393532567969,Price Drop Cut Value Voice,1109002298095593,Brand Awareness,417.6414,114725,0,107498,192,100,100,100,100,3006,2541,0,0,0,0,323,0,693,0.6041,3,7,0,144226,0
2025-12-21,Display Network,Family Pantry Retention Initiative,Metro Region Loyalty Cohort,15908997,Family Planners Lookalike Segment,1665761135741679,Shelf Story Bold Voice,1220357368781053,Brand Awareness,14.2418,1732,0,2139,1,7,33,15,10,42,47,0,0,0,0,13,0,15,0.8661,0,1,0,1794,0
2025-12-22,In-App Display,Family Pantry Retention Initiative,Metro Region Loyalty Cohort,15908997,Health Conscious Buyers Interest Segment,9013382232369046,Shelf Story Value Voice,1103993184708534,Brand Awareness,71.9949,27010,0,22322,28,71,100,100,78,281,135,0,0,0,0,47,0,100,0.3702,0,2,0,15002,0
2025-12-23,Discovery Network,Family Pantry Retention Initiative,Metro Region Loyalty Cohort,15908997,Health Conscious Buyers Interest Segment,9013382232369046,Price Drop Cut Value Voice,4186893344787278,Brand Awareness,7.9797,1560,0,1768,7,13,47,24,18,25,28,0,0,0,0,5,0,9,0.5769,0,0,0,2713,0
2025-12-24,Shopping Grid,Family Pantry Retention Initiative,Metro Region Loyalty Cohort,15908997,Health Conscious Buyers Retention Segment,1669733702699813,Shelf Story Warm Voice,6197978194612129,Brand Awareness,8.9855,2567,0,3329,1,9,66,22,15,44,53,0,0,0,0,1,0,3,0.1169,0,0,0,3297,0
2025-12-25,Marketplace Feed,Family Pantry Retention Initiative,Metro Region Loyalty Cohort,15908997,Health Conscious Buyers Interest Segment,9013382232369046,Shelf Story Warm Voice,5257839822274418,Brand Awareness,187.6785,28404,0,36276,90,100,100,100,100,995,1065,0,0,2,0,276,0,394,1.3871,1,3,0,30125,0
2025-12-26,Video Network,Seasonal Select Promo Initiative,Metro Region Loyalty Cohort,15908997,Family Planners Lookalike Segment,1718074286658736,Shelf Story Warm Voice,1532291780998103,Brand Awareness,371.7999,52210,0,76180,182,100,100,100,100,1879,1786,0,0,2,0,620,0,560,1.0726,1,11,0,35979,0
2025-12-27,In-App Display,Family Pantry Retention Initiative,Metro Region Loyalty Cohort,15908997,Health Conscious Buyers Interest Segment,9013382232369046,Shelf Story Warm Voice,3768518651506601,Brand Awareness,8.7865,2051,0,3109,6,8,50,20,12,40,32,0,0,0,0,3,0,13,0.6338,0,0,0,1505,0
2025-12-28,Display Network,Family Pantry Retention Initiative,Metro Region Loyalty Cohort,15908997,Health Conscious Buyers Retention Segment,1669733702699813,Shelf Story Bold Voice,4391005331160720,Brand Awareness,4.4846,1164,0,1365,0,3,25,11,3,23,19,0,0,0,0,1,0,3,0.2577,0,0,0,1377,0
2025-12-29,Search Network,Weekend Saver Retention Initiative,Metro Region Loyalty Cohort,15908997,Health Conscious Buyers Interest Segment,1334393532567969,Offer Spotlight Bold Voice,3220054077294586,Brand Awareness,124.3853,40795,0,28828,72,88,100,100,96,391,295,0,0,0,0,58,0,163,0.3996,0,3,0,55082,0
2025-12-30,Marketplace Feed,Family Pantry Retention Initiative,Metro Region Loyalty Cohort,15908997,Family Planners Lookalike Segment,1002710949555221,Shelf Story Warm Voice,1647332301297595,Brand Awareness,11.0141,3149,0,3902,9,11,68,29,14,52,32,0,0,0,0,11,0,13,0.4128,0,1,0,2258,0
2025-12-31,Affiliate Network,Seasonal Select Promo Initiative,Metro Region Loyalty Cohort,15908997,Family Planners Lookalike Segment,1718074286658736,Shelf Story Warm Voice,1533493773187614,Brand Awareness,398.3624,45717,0,73442,225,100,100,100,100,1482,1532,0,0,1,0,367,0,526,1.1506,0,7,0,72136,0
2025-12-01,Shopping Grid,Seasonal Select Promo Initiative,Metro Region Loyalty Cohort,15908997,Health Conscious Buyers Interest Segment,1532426936569806,Shelf Story Warm Voice,7193200529405455,Brand Awareness,55.3977,11155,0,9770,25,100,100,100,100,192,182,0,0,0,0,5,0,40,0.3586,0,1,0,14936,0
2025-12-02,In-App Display,Seasonal Select Promo Initiative,Metro Region Loyalty Cohort,15908997,Health Conscious Buyers Retention Segment,3613956286158588,Shelf Story Warm Voice,9626373394400677,Brand Awareness,104.1354,22744,0,26082,64,100,100,100,100,357,523,0,0,0,0,10,0,93,0.4089,1,2,0,28546,0
2025-12-03,Retail Media Network,Weekend Saver Retention Initiative,Metro Region Loyalty Cohort,15908997,Health Conscious Buyers Interest Segment,1334393532567969,Price Drop Cut Value Voice,2051943278335934,Brand Awareness,357.5489,89611,0,64782,202,100,100,100,100,773,826,0,0,0,0,66,0,253,0.2823,0,9,0,90862,0
2025-12-04,In-App Display,Weekend Saver Retention Initiative,Metro Region Loyalty Cohort,15908997,Health Conscious Buyers Retention Segment,4136110625615180,Shelf Story Bold Voice,5160906508093401,Brand Awareness,33.2207,6433,0,4621,16,59,100,100,84,352,246,0,0,0,0,10,0,20,0.3109,0,3,0,8426,0
2025-12-05,Video Network,Home Essentials Scale Initiative,Metro Region Prospecting Cohort,86057605,Family Planners Interest Segment,2052479131570920,Promo Banner Friendly Voice,7057211523700123,Brand Awareness,0.0000,0,0,0,0,0,0,0,0,0,0,0,0,0,0,0,0,0,0.0000,0,0,0,0,0
2025-12-06,Retail Media Network,Weekend Saver Retention Initiative,Metro Region Loyalty Cohort,15908997,Health Conscious Buyers Retention Segment,4136110625615180,Shelf Story Bold Voice,1238862856159509,Brand Awareness,18.6549,4359,0,7300,6,18,100,42,26,76,82,0,0,0,0,5,0,15,0.3441,0,0,0,5865,0
2025-12-07,Marketplace Feed,Seasonal Select Promo Initiative,Metro Region Loyalty Cohort,15908997,Family Planners Lookalike Segment,1718074286658736,Offer Spotlight Bold Voice,1638167476571035,Brand Awareness,65.6282,11514,0,22550,26,82,100,100,100,293,339,0,0,0,0,34,0,64,0.5558,0,0,0,9568,0
2025-12-08,Influencer Network,Weekend Saver Retention Initiative,Metro Region Loyalty Cohort,15908997,Health Conscious Buyers Retention Segment,4136110625615180,Shelf Story Warm Voice,5443423299390877,Brand Awareness,42.3795,7712,0,10640,22,19,100,65,35,155,141,0,0,0,0,5,0,32,0.4149,0,0,0,10700,0
2025-12-09,Search Network,Seasonal Select Promo Initiative,Metro Region Loyalty Cohort,15908997,Health Conscious Buyers Retention Segment,3613956286158588,Offer Spotlight Bold Voice,4607696881668990,Brand Awareness,4.7145,1786,0,2417,2,2,29,6,3,8,9,0,0,0,0,1,0,2,0.1120,0,0,0,1237,0
2025-12-10,Affiliate Network,Family Pantry Retention Initiative,Metro Region Loyalty Cohort,15908997,Family Planners Lookalike Segment,1665761135741679,Shelf Story Warm Voice,1280290142112652,Brand Awareness,4.0062,1223,0,763,1,6,20,9,9,15,7,0,0,0,0,2,0,3,0.2453,0,0,0,826,0
2025-12-11,Influencer Network,Seasonal Select Promo Initiative,Metro Region Loyalty Cohort,15908997,Health Conscious Buyers Retention Segment,3613956286158588,Shelf Story Bold Voice,1755467445485119,Brand Awareness,65.3955,20484,0,13566,25,100,100,100,100,251,255,0,0,0,0,16,0,63,0.3076,0,2,0,22778,0
2025-12-12,Search Network,Weekend Saver Retention Initiative,Metro Region Loyalty Cohort,15908997,Family Planners Lookalike Segment,7248228093339312,Shelf Story Bold Voice,1269408759613688,Brand Awareness,51.5409,20724,0,16881,26,42,100,92,50,148,205,0,0,0,0,6,0,41,0.1978,1,3,0,10875,0
2025-12-13,Affiliate Network,Weekend Saver Retention Initiative,Metro Region Loyalty Cohort,15908997,Health Conscious Buyers Interest Segment,1334393532567969,Offer Spotlight Bold Voice,3220054077294586,Brand Awareness,66.6333,19085,0,25135,30,35,100,86,50,158,109,0,0,0,0,44,0,104,0.5449,0,1,0,13862,0
2025-12-14,Search Network,Seasonal Select Promo Initiative,Metro Region Loyalty Cohort,15908997,Health Conscious Buyers Interest Segment,1532426936569806,Shelf Story Warm Voice,7193200529405455,Brand Awareness,22.0430,5859,0,5129,7,86,100,100,100,97,94,0,0,0,0,12,0,14,0.2389,0,0,0,6060,0
2025-12-15,Video Network,Family Pantry Retention Initiative,Metro Region Loyalty Cohort,15908997,Health Conscious Buyers Retention Segment,1669733702699813,Shelf Story Warm Voice,1837904232519606,Brand Awareness,146.0503,24873,0,29941,151,100,100,100,100,1140,847,0,0,0,0,144,0,166,0.6674,1,3,0,39219,0
2025-12-16,Retail Media Network,Family Pantry Retention Initiative,Metro Region Loyalty Cohort,15908997,Health Conscious Buyers Interest Segment,9013382232369046,Shelf Story Value Voice,1103993184708534,Brand Awareness,52.9704,14765,0,16643,28,77,100,100,100,251,247,0,0,0,0,27,0,71,0.4809,0,5,0,22808,0
2025-12-17,Discovery Network,Family Pantry Retention Initiative,Metro Region Loyalty Cohort,15908997,Health Conscious Buyers Interest Segment,9013382232369046,Shelf Story Warm Voice,1641518074556035,Brand Awareness,4.7106,1133,0,905,1,5,28,11,7,14,11,0,0,0,0,2,0,7,0.6178,0,0,0,797,0
2025-12-18,Search Network,Family Pantry Retention Initiative,Metro Region Loyalty Cohort,15908997,Family Planners Lookalike Segment,1665761135741679,Shelf Story Warm Voice,2616618213121749,Brand Awareness,1048.1258,122949,0,216574,1075,100,100,100,100,37197,31602,0,0,30,0,4065,0,9078,7.3835,35,231,0,194923,0
2025-12-19,Video Network,Family Pantry Retention Initiative,Metro Region Loyalty Cohort,15908997,Health Conscious Buyers Interest Segment,9013382232369046,Shelf Story Bold Voice,5904212741788775,Brand Awareness,21.2054,4681,0,4360,5,20,70,33,20,85,87,0,0,0,0,12,0,13,0.2777,0,0,0,5625,0
2025-12-20,Display Network,Family Pantry Retention Initiative,Metro Region Loyalty Cohort,15908997,Health Conscious Buyers Interest Segment,9013382232369046,Shelf Story Warm Voice,1099249066640891,Brand Awareness,331.0294,78751,0,39711,407,100,100,100,100,8373,9426,0,0,5,0,2320,0,1189,1.5098,4,30,0,76431,0
2025-12-21,Retail Media Network,Weekend Saver Retention Initiative,Metro Region Loyalty Cohort,15908997,Family Planners Lookalike Segment,7248228093339312,Price Drop Cut Value Voice,9781212069592701,Brand Awareness,168.0849,39229,0,43762,84,100,100,100,100,930,1111,0,0,1,0,70,0,209,0.5328,1,4,0,36511,0
2025-12-22,In-App Display,Weekend Saver Retention Initiative,Metro Region Loyalty Cohort,15908997,Family Planners Lookalike Segment,7248228093339312,Offer Spotlight Bold Voice,1757288035719114,Brand Awareness,107.2127,18454,0,21784,14,37,100,100,59,202,225,0,0,0,0,13,0,70,0.3793,0,0,0,18881,0
2025-12-23,Marketplace Feed,Seasonal Select Promo Initiative,Metro Region Prospecting Cohort,86057605,Health Conscious Buyers Affinity Segment,1583198464464326,Promo Banner Friendly Voice,1472199163581113,Brand Awareness,0.0000,0,0,0,0,0,0,0,0,0,0,0,0,0,0,0,0,0,0.0000,0,0,0,0,0
2025-12-24,Video Network,Family Pantry Retention Initiative,Metro Region Loyalty Cohort,15908997,Family Planners Lookalike Segment,1002710949555221,Shelf Story Warm Voice,3185083078735744,Brand Awareness,94.3418,13613,0,16710,74,100,100,100,100,1560,1355,0,0,1,0,137,0,202,1.4839,0,5,0,21288,0
2025-12-25,Shopping Grid,Family Pantry Retention Initiative,Metro Region Loyalty Cohort,15908997,Health Conscious Buyers Interest Segment,1474840462607869,Shelf Story Warm Voice,4340134105081797,Brand Awareness,443.7166,69392,0,73680,182,100,100,100,100,7420,4732,0,0,3,0,1278,0,1548,2.2308,1,20,0,35615,0
2025-12-26,Search Network,Family Pantry Retention Initiative,Metro Region Loyalty Cohort,15908997,Health Conscious Buyers Interest Segment,9013382232369046,Shelf Story Warm Voice,5257839822274418,Brand Awareness,172.5463,34078,0,22663,110,100,100,100,100,1165,1132,0,0,0,0,155,0,327,0.9596,0,5,0,27623,0
2025-12-27,Affiliate Network,Weekend Saver Retention Initiative,Metro Region Loyalty Cohort,15908997,Family Planners Lookalike Segment,7248228093339312,Shelf Story Bold Voice,1269408759613688,Brand Awareness,113.6264,25126,0,17184,63,72,100,100,100,300,206,0,0,0,0,14,0,95,0.3781,0,2,0,38380,0
2025-12-28,Marketplace Feed,Weekend Saver Retention Initiative,Metro Region Loyalty Cohort,15908997,Health Conscious Buyers Interest Segment,1334393532567969,Price Drop Cut Value Voice,1109002298095593,Brand Awareness,566.7367,115041,0,61389,123,100,100,100,100,2156,2188,0,0,0,0,607,0,524,0.4555,1,6,0,86322,0
2025-12-29,Marketplace Feed,Family Pantry Retention Initiative,Metro Region Loyalty Cohort,15908997,Family Planners Lookalike Segment,1665761135741679,Collection Showcase Warm Voice,5654112849815777,Brand Awareness,167.0145,27746,0,37343,69,100,100,100,100,1045,1021,0,0,1,0,260,0,418,1.5065,0,2,0,20047,0
2025-12-30,Retail Media Network,Seasonal Select Promo Initiative,Metro Region Loyalty Cohort,15908997,Health Conscious Buyers Interest Segment,1532426936569806,Shelf Story Bold Voice,1082336609132049,Brand Awareness,107.6239,31530,0,29072,79,100,100,100,100,507,411,0,0,0,0,22,0,97,0.3076,0,2,0,36448,0
2025-12-31,Discovery Network,Seasonal Select Promo Initiative,Metro Region Loyalty Cohort,15908997,Family Planners Lookalike Segment,1718074286658736,Shelf Story Bold Voice,4278310985669178,Brand Awareness,206.4053,48135,0,35531,114,100,100,100,100,1043,887,0,0,0,0,442,0,611,1.2693,0,2,0,47583,0
2025-12-01,Discovery Network,Family Pantry Retention Initiative,Metro Region Loyalty Cohort,15908997,Health Conscious Buyers Interest Segment,9013382232369046,Shelf Story Warm Voice,8148838999548557,Brand Awareness,27.9756,6393,0,8580,8,60,100,100,84,198,191,0,0,0,0,8,0,20,0.3128,0,0,0,7055,0
2025-12-02,Discovery Network,Family Pantry Retention Initiative,Metro Region Loyalty Cohort,15908997,Health Conscious Buyers Interest Segment,1474840462607869,Shelf Story Warm Voice,8486205212439809,Brand Awareness,215.7890,34494,0,32477,109,100,100,100,100,911,632,0,0,0,0,283,0,435,1.2611,6,0,0,48978,0
2025-12-03,Connected TV,Weekend Saver Retention Initiative,Metro Region Loyalty Cohort,15908997,Health Conscious Buyers Retention Segment,4136110625615180,Price Drop Cut Value Voice,1682844113945221,Brand Awareness,85.9054,21347,0,21759,30,79,100,100,99,210,127,0,0,0,0,9,0,41,0.1921,1,2,0,10778,0
2025-12-04,Video Network,Seasonal Select Promo Initiative,Metro Region Loyalty Cohort,15908997,Health Conscious Buyers Retention Segment,3613956286158588,Shelf Story Warm Voice,2259713911990191,Brand Awareness,208.9378,22443,0,22513,58,100,100,100,100,932,826,0,0,0,0,69,0,150,0.6684,1,1,0,26023,0
2025-12-05,Affiliate Network,Weekend Saver Retention Initiative,Metro Region Loyalty Cohort,15908997,Family Planners Lookalike Segment,7248228093339312,Shelf Story Warm Voice,6451368560487732,Brand Awareness,100.2179,28985,0,35641,89,100,100,100,100,844,503,0,0,1,0,45,0,141,0.4865,1,4,0,33637,0
2025-12-06,Shopping Grid,Seasonal Select Promo Initiative,Metro Region Loyalty Cohort,15908997,Health Conscious Buyers Interest Segment,1532426936569806,Offer Spotlight Value Voice,2894551765052346,Brand Awareness,69.3726,12062,0,12030,41,100,100,100,100,289,170,0,0,0,0,15,0,53,0.4394,0,1,0,7187,0
2025-12-07,Affiliate Network,Weekend Saver Retention Initiative,Metro Region Loyalty Cohort,15908997,Family Planners Lookalike Segment,7248228093339312,Price Drop Cut Value Voice,9318406623487279,Brand Awareness,104.0121,28248,0,37782,50,87,100,100,100,292,202,0,0,0,0,33,0,82,0.2903,0,3,0,38924,0
2025-12-08,Retail Media Network,Seasonal Select Promo Initiative,Metro Region Loyalty Cohort,15908997,Health Conscious Buyers Interest Segment,1532426936569806,Promo Banner Warm Voice,5732401046815275,Brand Awareness,145.0873,28244,0,33840,81,100,100,100,100,1037,492,0,0,0,0,87,0,136,0.4815,0,4,0,18107,0
2025-12-09,Discovery Network,Seasonal Select Promo Initiative,Metro Region Loyalty Cohort,15908997,Family Planners Lookalike Segment,1718074286658736,Offer Spotlight Value Voice,2074777970281390,Brand Awareness,228.3709,19895,0,23509,96,100,100,100,100,869,908,0,0,0,0,154,0,159,0.7992,0,6,0,24617,0
2025-12-10,Shopping Grid,Family Pantry Retention Initiative,Metro Region Loyalty Cohort,15908997,Family Planners Lookalike Segment,1665761135741679,Shelf Story Bold Voice,1220357368781053,Brand Awareness,27.1799,5398,0,6804,6,8,54,23,10,76,98,0,0,0,0,34,0,29,0.5372,0,0,0,4955,0
2025-12-11,In-App Display,Family Pantry Retention Initiative,Metro Region Loyalty Cohort,15908997,Health Conscious Buyers Interest Segment,9013382232369046,Collection Showcase Warm Voice,3199746654625132,Brand Awareness,18.8714,5331,0,5190,25,74,100,100,93,252,285,0,0,0,0,17,0,44,0.8254,0,1,0,5917,0
2025-12-12,In-App Display,Family Pantry Retention Initiative,Metro Region Loyalty Cohort,15908997,Family Planners Lookalike Segment,1665761135741679,Shelf Story Value Voice,5225143865411760,Brand Awareness,96.5633,24427,0,20266,29,40,100,72,40,147,195,0,0,0,0,27,0,55,0.2252,0,4,0,15753,0
2025-12-13,Retail Media Network,Weekend Saver Retention Initiative,Metro Region Loyalty Cohort,15908997,Health Conscious Buyers Retention Segment,4136110625615180,Price Drop Cut Value Voice,1316048837324374,Brand Awareness,106.0998,28288,0,37125,73,100,100,100,100,736,771,0,0,0,0,47,0,136,0.4808,1,2,0,33539,0
2025-12-14,Connected TV,Seasonal Select Promo Initiative,Metro Region Loyalty Cohort,15908997,Health Conscious Buyers Interest Segment,1532426936569806,Shelf Story Warm Voice,9953353036347574,Brand Awareness,176.5977,30814,0,43140,123,100,100,100,100,1009,491,0,0,0,0,65,0,174,0.5647,1,8,0,56380,0
2025-12-15,Connected TV,Family Pantry Retention Initiative,Metro Region Loyalty Cohort,15908997,Health Conscious Buyers Retention Segment,1669733702699813,Shelf Story Warm Voice,5602072675253918,Brand Awareness,189.2154,31148,0,34793,212,100,100,100,100,3341,3044,0,0,1,0,227,0,344,1.1044,1,7,0,34544,0
2025-12-16,Influencer Network,Family Pantry Retention Initiative,Metro Region Loyalty Cohort,15908997,Family Planners Lookalike Segment,1665761135741679,Shelf Story Warm Voice,1280290142112652,Brand Awareness,5.2725,814,0,1093,3,15,43,24,17,30,39,0,0,0,0,4,0,7,0.8600,0,0,0,656,0
2025-12-17,Shopping Grid,Weekend Saver Retention Initiative,Metro Region Loyalty Cohort,15908997,Family Planners Lookalike Segment,7248228093339312,Shelf Story Warm Voice,1150526236199258,Brand Awareness,132.5475,17557,0,29067,54,100,100,100,100,459,286,0,0,0,0,88,0,95,0.5411,0,0,0,18191,0
2025-12-18,In-App Display,Family Pantry Retention Initiative,Metro Region Loyalty Cohort,15908997,Family Planners Lookalike Segment,1665761135741679,Shelf Story Warm Voice,2793262031628184,Brand Awareness,234.2271,39915,0,48391,162,100,100,100,100,2253,2274,0,0,1,0,345,0,738,1.8489,7,10,0,30285,0
2025-12-19,Video Network,Family Pantry Retention Initiative,Metro Region Loyalty Cohort,15908997,Family Planners Lookalike Segment,1665761135741679,Promo Banner Friendly Voice,1647756988327695,Brand Awareness,241.1367,36051,0,48348,96,100,100,100,100,2095,1329,0,0,0,0,482,0,409,1.1345,0,12,0,26737,0
2025-12-20,Marketplace Feed,Weekend Saver Retention Initiative,Metro Region Loyalty Cohort,15908997,Health Conscious Buyers Retention Segment,4136110625615180,Shelf Story Bold Voice,1238862856159509,Brand Awareness,10.1576,3547,0,3240,8,24,99,33,27,70,51,0,0,0,0,4,0,15,0.4229,0,0,0,2670,0
2025-12-21,Search Network,Family Pantry Retention Initiative,Metro Region Loyalty Cohort,15908997,Health Conscious Buyers Retention Segment,1669733702699813,Shelf Story Warm Voice,2604915282803870,Brand Awareness,4.8494,778,0,850,0,2,33,10,3,24,29,0,0,0,0,0,0,0,0.0000,0,0,0,929,0
2025-12-22,Marketplace Feed,Seasonal Select Promo Initiative,Metro Region Loyalty Cohort,15908997,Family Planners Lookalike Segment,1718074286658736,Shelf Story Warm Voice,1532291780998103,Brand Awareness,274.9309,47341,0,36617,222,100,100,100,100,1912,1327,0,0,1,0,553,0,859,1.8145,1,7,0,42298,0
2025-12-23,Social Feed,Seasonal Select Promo Initiative,Metro Region Loyalty Cohort,15908997,Family Planners Lookalike Segment,1718074286658736,Shelf Story Warm Voice,1533493773187614,Brand Awareness,250.2524,59756,0,45055,126,100,100,100,100,1527,1906,0,0,1,0,657,0,619,1.0359,0,10,0,67300,0
2025-12-24,Influencer Network,Family Pantry Retention Initiative,Metro Region Loyalty Cohort,15908997,Family Planners Lookalike Segment,1002710949555221,Shelf Story Warm Voice,1647332301297595,Brand Awareness,19.1492,8991,0,7528,16,28,100,51,31,95,125,0,0,0,0,12,0,21,0.2336,0,0,0,8854,0
2025-12-25,Discovery Network,Family Pantry Retention Initiative,Metro Region Loyalty Cohort,15908997,Health Conscious Buyers Interest Segment,9013382232369046,Shelf Story Warm Voice,3768518651506601,Brand Awareness,17.0469,5062,0,4333,7,21,100,43,28,94,77,0,0,0,0,4,0,21,0.4149,0,1,0,6015,0
2025-12-26,Retail Media Network,Weekend Saver Retention Initiative,Metro Region Loyalty Cohort,15908997,Health Conscious Buyers Interest Segment,1334393532567969,Shelf Story Bold Voice,8314765461987923,Brand Awareness,101.7980,19957,0,18958,20,90,100,100,100,333,394,0,0,0,0,89,0,163,0.8168,0,0,0,22897,0
2025-12-27,Display Network,Family Pantry Retention Initiative,Metro Region Loyalty Cohort,15908997,Health Conscious Buyers Interest Segment,9013382232369046,Price Drop Cut Value Voice,4186893344787278,Brand Awareness,22.3176,3697,0,3510,12,46,100,75,56,95,68,0,0,0,0,6,0,21,0.5680,0,0,0,5242,0
2025-12-28,Video Network,Family Pantry Retention Initiative,Metro Region Loyalty Cohort,15908997,Health Conscious Buyers Interest Segment,9013382232369046,Promo Banner Friendly Voice,1538508227020088,Brand Awareness,39.1020,4710,0,4226,27,100,100,100,100,203,228,0,0,0,0,27,0,49,1.0403,0,2,0,4356,0
2025-12-29,Search Network,Family Pantry Retention Initiative,Metro Region Loyalty Cohort,15908997,Health Conscious Buyers Retention Segment,1669733702699813,Promo Banner Friendly Voice,4647140982681565,Brand Awareness,116.1646,29213,0,31243,55,100,100,100,100,645,702,0,0,0,0,33,0,105,0.3594,3,6,0,30129,0
2025-12-30,Shopping Grid,Seasonal Select Promo Initiative,Metro Region Loyalty Cohort,15908997,Health Conscious Buyers Retention Segment,3613956286158588,Offer Spotlight Bold Voice,4607696881668990,Brand Awareness,8.0558,1464,0,2459,1,7,34,17,13,21,18,0,0,0,0,0,0,1,0.0683,0,0,0,1662,0
2025-12-31,Marketplace Feed,Weekend Saver Retention Initiative,Metro Region Loyalty Cohort,15908997,Family Planners Lookalike Segment,7248228093339312,Shelf Story Bold Voice,3411200546175283,Brand Awareness,108.2373,17745,0,19665,107,100,100,100,100,1171,883,0,0,0,0,57,0,161,0.9073,0,1,0,15201,0
2025-12-01,Retail Media Network,Family Pantry Retention Initiative,Metro Region Loyalty Cohort,15908997,Health Conscious Buyers Retention Segment,1669733702699813,Collection Showcase Warm Voice,1788908453907262,Brand Awareness,46.6179,16490,0,8817,30,59,100,100,91,402,246,0,0,0,0,31,0,64,0.3881,1,3,0,9692,0
2025-12-02,Connected TV,Family Pantry Retention Initiative,Metro Region Loyalty Cohort,15908997,Family Planners Lookalike Segment,1665761135741679,Shelf Story Warm Voice,2902136042807068,Brand Awareness,600.7866,84833,0,76786,427,100,100,100,100,10261,13154,0,0,11,0,3618,0,3787,4.4641,10,52,0,42653,0
2025-12-03,Influencer Network,Family Pantry Retention Initiative,Metro Region Loyalty Cohort,15908997,Family Planners Lookalike Segment,1665761135741679,Shelf Story Warm Voice,1450951256520921,Brand Awareness,10.0953,1912,0,2465,5,11,81,33,18,68,65,0,0,0,0,6,0,12,0.6276,0,0,0,1976,0
2025-12-04,Retail Media Network,Family Pantry Retention Initiative,Metro Region Loyalty Cohort,15908997,Health Conscious Buyers Interest Segment,1474840462607869,Shelf Story Warm Voice,9110304031000052,Brand Awareness,218.5744,26722,0,22202,68,100,100,100,100,1600,957,0,0,0,0,482,0,481,1.8000,1,3,0,29457,0
2025-12-05,Display Network,Family Pantry Retention Initiative,Metro Region Loyalty Cohort,15908997,Family Planners Lookalike Segment,1665761135741679,Promo Banner Friendly Voice,6598720554447191,Brand Awareness,3.7675,1152,0,865,1,7,29,18,11,26,32,0,0,0,0,1,0,3,0.2604,0,0,0,1358,0
2025-12-06,Retail Media Network,Family Pantry Retention Initiative,Metro Region Loyalty Cohort,15908997,Family Planners Lookalike Segment,1665761135741679,Shelf Story Warm Voice,6549680554582288,Brand Awareness,99.3883,29133,0,25270,60,90,100,100,100,297,285,0,0,0,0,46,0,102,0.3501,0,0,0,29893,0
2025-12-07,Search Network,Home Essentials Scale Initiative,Metro Region Prospecting Cohort,86057605,Family Planners Interest Segment,2052479131570920,Shelf Story Warm Voice,1453411941100364,Brand Awareness,0.0000,0,0,0,0,0,0,0,0,0,0,0,0,0,0,0,0,0,0.0000,0,0,0,0,0
2025-12-08,Video Network,Family Pantry Retention Initiative,Metro Region Loyalty Cohort,15908997,Health Conscious Buyers Retention Segment,1669733702699813,Promo Banner Friendly Voice,1414897562821209,Brand Awareness,5.4467,828,0,1279,4,5,23,11,5,13,11,0,0,0,0,0,0,2,0.2415,0,0,0,1439,0
2025-12-09,Shopping Grid,Family Pantry Retention Initiative,Metro Region Loyalty Cohort,15908997,Health Conscious Buyers Retention Segment,1669733702699813,Shelf Story Warm Voice,6197978194612129,Brand Awareness,9.6970,2353,0,2358,1,13,61,22,16,49,47,0,0,0,0,1,0,2,0.0850,0,0,0,2533,0
2025-12-10,Video Network,Family Pantry Retention Initiative,Metro Region Loyalty Cohort,15908997,Health Conscious Buyers Retention Segment,4976789753470273,Shelf Story Warm Voice,1212856722898025,Brand Awareness,53.8561,5963,0,8138,8,90,100,100,100,274,406,0,0,0,0,16,0,29,0.4863,0,1,0,6796,0
2025-12-11,Shopping Grid,Seasonal Select Promo Initiative,Metro Region Loyalty Cohort,15908997,Family Planners Lookalike Segment,1718074286658736,Promo Banner Warm Voice,1089449421739833,Brand Awareness,473.7353,62958,0,45154,272,100,100,100,100,2745,2816,0,0,0,0,1390,0,1494,2.3730,2,14,0,36558,0
2025-12-12,Discovery Network,Family Pantry Retention Initiative,Metro Region Loyalty Cohort,15908997,Health Conscious Buyers Retention Segment,1669733702699813,Shelf Story Warm Voice,4211876559793011,Brand Awareness,48.7613,17953,0,14578,13,51,100,95,66,162,119,0,0,0,0,3,0,28,0.1560,1,0,0,12402,0
2025-12-13,Influencer Network,Seasonal Select Promo Initiative,Metro Region Loyalty Cohort,15908997,Health Conscious Buyers Retention Segment,3613956286158588,Shelf Story Warm Voice,9626373394400677,Brand Awareness,134.6687,15214,0,33049,43,100,100,100,100,409,494,0,0,0,0,54,0,77,0.5061,0,0,0,15059,0
2025-12-14,Retail Media Network,Home Essentials Scale Initiative,Metro Region Prospecting Cohort,86057605,Family Planners Interest Segment,2052479131570920,Price Drop Cut Value Voice,1450690616595384,Brand Awareness,0.0000,0,0,0,0,0,0,0,0,0,0,0,0,0,0,0,0,0,0.0000,0,0,0,0,0
2025-12-15,Influencer Network,Weekend Saver Retention Initiative,Metro Region Loyalty Cohort,15908997,Health Conscious Buyers Retention Segment,4136110625615180,Shelf Story Warm Voice,5443423299390877,Brand Awareness,86.8376,19654,0,23581,34,68,100,100,100,347,408,0,0,0,0,33,0,61,0.3104,0,0,0,23419,0
2025-12-16,In-App Display,Family Pantry Retention Initiative,Metro Region Loyalty Cohort,15908997,Health Conscious Buyers Interest Segment,9013382232369046,Shelf Story Warm Voice,1177430610668804,Brand Awareness,578.2935,136421,0,95696,625,100,100,100,100,23220,12898,0,0,29,0,4005,0,4651,3.4093,21,149,0,199350,0
2025-12-17,Marketplace Feed,Family Pantry Retention Initiative,Metro Region Loyalty Cohort,15908997,Health Conscious Buyers Interest Segment,9013382232369046,Promo Banner Friendly Voice,1255871739760170,Brand Awareness,9.8050,2287,0,3675,8,22,49,33,28,53,33,0,0,0,0,7,0,18,0.7871,0,1,0,3652,0
2025-12-18,Affiliate Network,Weekend Saver Retention Initiative,Metro Region Loyalty Cohort,15908997,Health Conscious Buyers Retention Segment,4136110625615180,Shelf Story Warm Voice,1781261912151237,Brand Awareness,17.0368,8143,0,5408,9,37,100,69,40,163,131,0,0,0,0,18,0,17,0.2088,0,0,0,7703,0
2025-12-19,Social Feed,Family Pantry Retention Initiative,Metro Region Loyalty Cohort,15908997,Family Planners Lookalike Segment,1665761135741679,Price Drop Cut Value Voice,1192366617925175,Brand Awareness,109.3805,16672,0,20071,52,100,100,100,100,356,241,0,0,0,0,80,0,95,0.5698,0,6,0,27194,0
2025-12-20,Marketplace Feed,Family Pantry Retention Initiative,Metro Region Loyalty Cohort,15908997,Family Planners Lookalike Segment,1002710949555221,Offer Spotlight Bold Voice,7401589860358191,Brand Awareness,17.7888,4722,0,4310,12,22,100,47,31,151,131,0,0,0,0,33,0,47,0.9953,0,0,0,3862,0
2025-12-21,Shopping Grid,Weekend Saver Retention Initiative,Metro Region Loyalty Cohort,15908997,Health Conscious Buyers Interest Segment,1334393532567969,Shelf Story Bold Voice,7232280368739505,Brand Awareness,355.1816,62133,0,54856,159,100,100,100,100,3914,3899,0,0,0,0,1549,0,1680,2.7039,1,13,0,35657,0
2025-12-22,Display Network,Seasonal Select Promo Initiative,Metro Region Loyalty Cohort,15908997,Health Conscious Buyers Interest Segment,1532426936569806,Offer Spotlight Bold Voice,4433422745438620,Brand Awareness,23.6489,7380,0,6065,15,38,100,70,41,83,64,0,0,0,0,6,0,25,0.3388,0,0,0,6257,0
2025-12-23,Video Network,Seasonal Select Promo Initiative,Metro Region Loyalty Cohort,15908997,Health Conscious Buyers Retention Segment,3613956286158588,Offer Spotlight Value Voice,9011752711561329,Brand Awareness,36.4599,8850,0,7389,16,100,100,100,100,184,198,0,0,0,0,6,0,27,0.3051,1,2,0,10385,0
2025-12-24,Video Network,Family Pantry Retention Initiative,Metro Region Loyalty Cohort,15908997,Health Conscious Buyers Retention Segment,1669733702699813,Price Drop Cut Value Voice,6906673719698824,Brand Awareness,43.5918,10792,0,13993,15,81,100,100,100,173,109,0,0,0,0,11,0,25,0.2317,0,1,0,15326,0
2025-12-25,Social Feed,Family Pantry Retention Initiative,Metro Region Loyalty Cohort,15908997,Health Conscious Buyers Retention Segment,1669733702699813,Shelf Story Value Voice,1365467474223726,Brand Awareness,61.6001,9328,0,10827,13,25,100,73,40,127,139,0,0,0,0,9,0,33,0.3538,0,0,0,12904,0
2025-12-26,Discovery Network,Family Pantry Retention Initiative,Metro Region Loyalty Cohort,15908997,Health Conscious Buyers Retention Segment,1669733702699813,Shelf Story Warm Voice,1173063753252113,Brand Awareness,352.4003,38230,0,47974,214,100,100,100,100,7067,5190,0,0,5,0,482,0,708,1.8519,6,33,0,27174,0
2025-12-27,Marketplace Feed,Family Pantry Retention Initiative,Metro Region Loyalty Cohort,15908997,Health Conscious Buyers Retention Segment,4976789753470273,Offer Spotlight Bold Voice,1582932391745882,Brand Awareness,26.5794,7490,0,12711,29,18,100,66,29,218,254,0,0,0,0,16,0,38,0.5073,0,0,0,5655,0
2025-12-28,Retail Media Network,Family Pantry Retention Initiative,Metro Region Loyalty Cohort,15908997,Health Conscious Buyers Retention Segment,4976789753470273,Shelf Story Warm Voice,1220076337258804,Brand Awareness,51.7484,16012,0,13342,38,57,100,100,58,257,162,0,0,0,0,33,0,76,0.4746,1,0,0,16371,0
2025-12-29,Video Network,Family Pantry Retention Initiative,Metro Region Loyalty Cohort,15908997,Family Planners Lookalike Segment,1002710949555221,Shelf Story Warm Voice,5797898098365146,Brand Awareness,312.2182,78238,0,45328,100,100,100,100,100,4939,3232,0,0,3,0,397,0,518,0.6621,0,12,0,43692,0
2025-12-30,Connected TV,Weekend Saver Retention Initiative,Metro Region Loyalty Cohort,15908997,Health Conscious Buyers Retention Segment,4136110625615180,Offer Spotlight Bold Voice,3833443174798849,Brand Awareness,16.4582,4291,0,4037,4,12,86,28,16,46,48,0,0,0,0,9,0,12,0.2797,1,0,0,3503,0
2025-12-31,Display Network,Weekend Saver Retention Initiative,Metro Region Loyalty Cohort,15908997,Health Conscious Buyers Interest Segment,1334393532567969,Shelf Story Warm Voice,2520693897922300,Brand Awareness,338.6643,54346,0,59936,166,100,100,100,100,1615,1122,0,0,3,0,1105,0,654,1.2034,0,2,0,29579,0
2025-12-01,Retail Media Network,Weekend Saver Retention Initiative,Metro Region Loyalty Cohort,15908997,Health Conscious Buyers Interest Segment,1334393532567969,Price Drop Cut Value Voice,2051943278335934,Brand Awareness,159.4977,39026,0,29487,113,100,100,100,100,455,535,0,0,0,0,171,0,222,0.5689,0,3,0,30367,0
2025-12-02,In-App Display,Weekend Saver Retention Initiative,Metro Region Loyalty Cohort,15908997,Health Conscious Buyers Retention Segment,4136110625615180,Shelf Story Bold Voice,5160906508093401,Brand Awareness,104.8993,17633,0,11456,64,100,100,100,100,957,862,0,0,0,0,35,0,90,0.5104,1,2,0,18739,0
2025-12-03,Social Feed,Family Pantry Retention Initiative,Metro Region Loyalty Cohort,15908997,Health Conscious Buyers Retention Segment,1669733702699813,Shelf Story Bold Voice,4391005331160720,Brand Awareness,3.1444,1235,0,1542,2,2,17,8,3,19,22,0,0,0,0,3,0,4,0.3239,0,0,0,730,0
2025-12-04,Affiliate Network,Family Pantry Retention Initiative,Metro Region Conversion Cohort,38881639,Family Planners Lookalike Segment,1010331617086390,Shelf Story Warm Voice,1022962676348579,Brand Awareness,0.0000,0,0,0,0,0,0,0,0,0,0,0,0,0,0,0,0,0,0.0000,0,0,0,0,0
2025-12-05,Discovery Network,Family Pantry Retention Initiative,Metro Region Loyalty Cohort,15908997,Health Conscious Buyers Retention Segment,4976789753470273,Shelf Story Warm Voice,4041974945367907,Brand Awareness,157.0661,23878,0,22129,64,100,100,100,100,1734,993,0,0,1,0,132,0,233,0.9758,1,3,0,30477,0
2025-12-06,Marketplace Feed,Seasonal Select Promo Initiative,Metro Region Loyalty Cohort,15908997,Health Conscious Buyers Retention Segment,3613956286158588,Shelf Story Bold Voice,1755467445485119,Brand Awareness,81.7746,21351,0,16995,31,100,100,100,100,327,285,0,0,0,0,20,0,75,0.3513,0,0,0,19287,0
2025-12-07,Connected TV,Seasonal Select Promo Initiative,Metro Region Loyalty Cohort,15908997,Family Planners Lookalike Segment,1718074286658736,Offer Spotlight Bold Voice,1638167476571035,Brand Awareness,81.7968,12289,0,10828,19,100,100,100,100,365,178,0,0,0,0,80,0,99,0.8056,0,4,0,11617,0
2025-12-08,Search Network,Family Pantry Retention Initiative,Metro Region Loyalty Cohort,15908997,Health Conscious Buyers Interest Segment,1474840462607869,Shelf Story Warm Voice,5682500646683685,Brand Awareness,504.1013,63309,0,69110,172,100,100,100,100,5438,3183,0,0,2,0,925,0,888,1.4026,0,16,0,60101,0
2025-12-09,Search Network,Seasonal Select Promo Initiative,Metro Region Loyalty Cohort,15908997,Health Conscious Buyers Retention Segment,3613956286158588,Promo Banner Warm Voice,3456261421148856,Brand Awareness,113.4582,21303,0,22247,79,100,100,100,100,942,1351,0,0,0,0,56,0,138,0.6478,1,2,0,16972,0
2025-12-10,Influencer Network,Weekend Saver Retention Initiative,Metro Region Loyalty Cohort,15908997,Health Conscious Buyers Interest Segment,1334393532567969,Shelf Story Warm Voice,8045514033882153,Brand Awareness,338.2597,39097,0,37606,60,100,100,100,100,1582,1466,0,0,1,0,899,0,1233,3.1537,2,10,0,37142,0
2025-12-11,Video Network,Family Pantry Retention Initiative,Metro Region Loyalty Cohort,15908997,Health Conscious Buyers Retention Segment,4976789753470273,Shelf Story Warm Voice,5506678816268127,Brand Awareness,125.7078,27070,0,32927,64,100,100,100,100,1708,1257,0,0,0,0,199,0,176,0.6502,2,4,0,35727,0
2025-12-12,Shopping Grid,Family Pantry Retention Initiative,Metro Region Loyalty Cohort,86057605,Health Conscious Buyers Interest Segment,1317849022166581,Shelf Story Warm Voice,4835139745633214,Brand Awareness,0.0000,0,0,0,0,0,0,0,0,0,0,0,0,0,0,0,0,0,0.0000,0,0,0,0,0
2025-12-13,Social Feed,Family Pantry Retention Initiative,Metro Region Loyalty Cohort,15908997,Health Conscious Buyers Interest Segment,1474840462607869,Offer Spotlight Bold Voice,3530423296641236,Brand Awareness,105.0334,18273,0,15606,37,73,100,100,100,702,452,0,0,0,0,214,0,202,1.1055,0,4,0,18029,0
2025-12-14,Video Network,Family Pantry Retention Initiative,Metro Region Loyalty Cohort,15908997,Family Planners Lookalike Segment,1002710949555221,Shelf Story Warm Voice,1655044419034925,Brand Awareness,22.2433,3937,0,5106,10,87,100,100,100,271,206,0,0,0,0,43,0,55,1.3970,0,4,0,6432,0
2025-12-15,Video Network,Family Pantry Retention Initiative,Metro Region Loyalty Cohort,15908997,Family Planners Lookalike Segment,1665761135741679,Shelf Story Warm Voice,2616618213121749,Brand Awareness,908.6068,274714,0,220113,824,100,100,100,100,38267,24482,0,0,55,0,7898,0,6882,2.5052,41,241,0,245563,0
2025-12-16,Discovery Network,Seasonal Select Promo Initiative,Metro Region Loyalty Cohort,15908997,Health Conscious Buyers Interest Segment,1532426936569806,Promo Banner Warm Voice,5732401046815275,Brand Awareness,226.5832,37629,0,63532,131,100,100,100,100,816,789,0,0,0,0,101,0,169,0.4491,0,2,0,67803,0
2025-12-17,Connected TV,Family Pantry Retention Initiative,Metro Region Loyalty Cohort,15908997,Family Planners Lookalike Segment,1665761135741679,Collection Showcase Warm Voice,5654112849815777,Brand Awareness,305.6427,22720,0,30316,86,100,100,100,100,1367,1404,0,0,0,0,671,0,362,1.5933,0,8,0,32807,0
2025-12-18,Video Network,Family Pantry Retention Initiative,Metro Region Loyalty Cohort,15908997,Health Conscious Buyers Interest Segment,9013382232369046,Shelf Story Bold Voice,5904212741788775,Brand Awareness,7.0423,2431,0,1485,7,13,59,24,18,64,72,0,0,0,0,7,0,17,0.6993,0,0,0,2440,0
2025-12-19,Social Feed,Family Pantry Retention Initiative,Metro Region Loyalty Cohort,15908997,Health Conscious Buyers Interest Segment,9013382232369046,Shelf Story Warm Voice,1099249066640891,Brand Awareness,247.2290,32823,0,34878,112,100,100,100,100,4621,5090,0,0,7,0,677,0,773,2.3551,4,13,0,16513,0
2025-12-20,In-App Display,Family Pantry Retention Initiative,Metro Region Loyalty Cohort,15908997,Health Conscious Buyers Interest Segment,1474840462607869,Shelf Story Warm Voice,4340134105081797,Brand Awareness,344.9281,60853,0,74724,249,100,100,100,100,7588,4982,0,0,3,0,760,0,1118,1.8372,8,17,0,46721,0
2025-12-21,Retail Media Network,Seasonal Select Promo Initiative,Metro Region Loyalty Cohort,15908997,Family Planners Lookalike Segment,1718074286658736,Shelf Story Warm Voice,1532291780998103,Brand Awareness,395.3332,44753,0,76572,166,100,100,100,100,1948,1514,0,0,0,0,501,0,1003,2.2412,5,18,0,37282,0
2025-12-22,Discovery Network,Seasonal Select Promo Initiative,Metro Region Loyalty Cohort,15908997,Family Planners Lookalike Segment,1718074286658736,Shelf Story Warm Voice,1533493773187614,Brand Awareness,341.6245,44408,0,48560,167,100,100,100,100,1462,1643,0,0,0,0,308,0,598,1.3466,1,6,0,50084,0
2025-12-23,Shopping Grid,Family Pantry Retention Initiative,Metro Region Loyalty Cohort,15908997,Family Planners Lookalike Segment,1665761135741679,Promo Banner Friendly Voice,6598720554447191,Brand Awareness,5.6452,1672,0,1628,1,18,36,22,21,38,25,0,0,0,0,1,0,4,0.2392,0,0,0,1374,0
2025-12-24,Affiliate Network,Seasonal Select Promo Initiative,Metro Region Loyalty Cohort,15908997,Health Conscious Buyers Retention Segment,3613956286158588,Promo Banner Warm Voice,3456261421148856,Brand Awareness,173.2368,31666,0,25216,89,100,100,100,100,1200,788,0,0,0,0,43,0,91,0.2874,0,1,0,33055,0
2025-12-25,Influencer Network,Family Pantry Retention Initiative,Metro Region Loyalty Cohort,15908997,Health Conscious Buyers Retention Segment,1669733702699813,Shelf Story Warm Voice,6197978194612129,Brand Awareness,10.6181,2572,0,2686,6,13,53,31,20,47,72,0,0,0,0,5,0,7,0.2722,0,0,0,1796,0
2025-12-26,Video Network,Family Pantry Retention Initiative,Metro Region Loyalty Cohort,15908997,Health Conscious Buyers Interest Segment,1474840462607869,Shelf Story Warm Voice,5682500646683685,Brand Awareness,288.4265,44317,0,69148,94,100,100,100,100,6033,2963,0,0,2,0,823,0,651,1.4690,4,11,0,38870,0
2025-12-27,Affiliate Network,Family Pantry Retention Initiative,Metro Region Loyalty Cohort,15908997,Health Conscious Buyers Retention Segment,1669733702699813,Shelf Story Warm Voice,1173063753252113,Brand Awareness,271.4968,28191,0,43903,130,100,100,100,100,5014,6996,0,0,7,0,390,0,526,1.8658,3,26,0,26279,0
2025-12-28,Discovery Network,Family Pantry Retention Initiative,Metro Region Loyalty Cohort,15908997,Health Conscious Buyers Interest Segment,9013382232369046,Promo Banner Friendly Voice,1255871739760170,Brand Awareness,7.7842,940,0,1503,3,16,44,21,17,38,27,0,0,0,0,3,0,10,1.0638,0,0,0,1521,0
2025-12-29,Social Feed,Weekend Saver Retention Initiative,Metro Region Loyalty Cohort,15908997,Health Conscious Buyers Interest Segment,1334393532567969,Shelf Story Bold Voice,7232280368739505,Brand Awareness,177.9994,13760,0,20126,89,100,100,100,100,1751,1767,0,0,5,0,1594,0,1365,9.9201,1,8,0,13665,0
2025-12-30,Video Network,Family Pantry Retention Initiative,Metro Region Loyalty Cohort,15908997,Family Planners Lookalike Segment,1665761135741679,Shelf Story Warm Voice,6549680554582288,Brand Awareness,88.3154,14235,0,20402,26,53,100,90,71,139,89,0,0,0,0,29,0,83,0.5831,0,0,0,25289,0
2025-12-31,Affiliate Network,Family Pantry Retention Initiative,Metro Region Loyalty Cohort,15908997,Health Conscious Buyers Retention Segment,1669733702699813,Promo Banner Friendly Voice,1414897562821209,Brand Awareness,5.6530,1378,0,1385,4,6,22,11,9,18,10,0,0,0,0,0,0,5,0.3628,0,0,0,1438,0
2025-12-01,Affiliate Network,Family Pantry Retention Initiative,Metro Region Loyalty Cohort,15908997,Family Planners Lookalike Segment,1002710949555221,Shelf Story Warm Voice,1647332301297595,Brand Awareness,43.9692,12030,0,9134,11,43,100,95,48,142,122,0,0,0,0,21,0,42,0.3491,3,2,0,8524,0
2025-12-02,Influencer Network,Seasonal Select Promo Initiative,Metro Region Loyalty Cohort,15908997,Health Conscious Buyers Retention Segment,3613956286158588,Shelf Story Warm Voice,2259713911990191,Brand Awareness,128.8667,20496,0,18295,40,100,100,100,100,1019,1165,0,0,0,0,54,0,139,0.6782,0,8,0,23882,0
2025-12-03,Display Network,Family Pantry Retention Initiative,Metro Region Loyalty Cohort,15908997,Health Conscious Buyers Interest Segment,9013382232369046,Shelf Story Warm Voice,3768518651506601,Brand Awareness,10.4895,2400,0,2884,5,25,81,32,23,68,79,0,0,0,0,5,0,18,0.7500,1,0,0,3013,0
2025-12-04,Influencer Network,Family Pantry Retention Initiative,Metro Region Conversion Cohort,15908997,Weekend Deal Hunters Interest Segment,6202516839870495,Shelf Story Value Voice,1077582730962642,Catalog Engagement,0.0000,0,0,0,0,0,0,0,0,0,0,0,0,0,0,0,0,0,0.0000,0,0,0,0,0
2025-12-05,Shopping Grid,Weekend Saver Retention Initiative,Metro Region Loyalty Cohort,15908997,Health Conscious Buyers Retention Segment,4136110625615180,Shelf Story Warm Voice,1781261912151237,Brand Awareness,2.6471,472,0,498,1,9,21,9,9,17,10,0,0,0,0,1,0,2,0.4237,0,0,0,339,0
2025-12-06,In-App Display,Seasonal Select Promo Initiative,Metro Region Loyalty Cohort,15908997,Family Planners Lookalike Segment,1718074286658736,Offer Spotlight Value Voice,2074777970281390,Brand Awareness,182.6156,22867,0,21610,86,100,100,100,100,1076,728,0,0,0,0,174,0,203,0.8877,0,6,0,26334,0
2025-12-07,Retail Media Network,Seasonal Select Promo Initiative,Metro Region Loyalty Cohort,15908997,Health Conscious Buyers Interest Segment,1532426936569806,Shelf Story Warm Voice,9953353036347574,Brand Awareness,52.7484,23805,0,14834,53,100,100,100,100,287,191,0,0,0,0,31,0,69,0.2899,0,1,0,15670,0
2025-12-08,Video Network,Weekend Saver Retention Initiative,Metro Region Loyalty Cohort,15908997,Family Planners Lookalike Segment,7248228093339312,Shelf Story Warm Voice,1150526236199258,Brand Awareness,219.4735,32533,0,39248,50,100,100,100,100,837,1031,0,0,1,0,155,0,216,0.6639,1,7,0,27497,0
2025-12-09,In-App Display,Family Pantry Retention Initiative,Metro Region Loyalty Cohort,15908997,Family Planners Lookalike Segment,1665761135741679,Shelf Story Warm Voice,1280290142112652,Brand Awareness,5.5638,1958,0,1399,5,17,51,23,19,52,59,0,0,0,0,6,0,7,0.3575,0,0,0,1479,0
2025-12-10,Influencer Network,Family Pantry Retention Initiative,Metro Region Loyalty Cohort,15908997,Health Conscious Buyers Retention Segment,1669733702699813,Shelf Story Warm Voice,5602072675253918,Brand Awareness,261.2094,23936,0,33340,74,100,100,100,100,3365,2230,0,0,0,0,281,0,314,1.3118,0,6,0,14943,0
2025-12-11,Display Network,Family Pantry Retention Initiative,Metro Region Loyalty Cohort,15908997,Family Planners Lookalike Segment,1665761135741679,Shelf Story Value Voice,5225143865411760,Brand Awareness,142.4969,29997,0,27567,37,46,100,100,57,221,121,0,0,0,0,76,0,122,0.4067,0,0,0,29597,0
2025-12-12,Marketplace Feed,Seasonal Select Promo Initiative,Metro Region Loyalty Cohort,15908997,Family Planners Lookalike Segment,1718074286658736,Shelf Story Bold Voice,4278310985669178,Brand Awareness,270.0434,39552,0,34129,71,100,100,100,100,1148,615,0,0,0,0,575,0,448,1.1327,4,10,0,62051,0
2025-12-13,Retail Media Network,Family Pantry Retention Initiative,Metro Region Prospecting Cohort,86057605,Health Conscious Buyers Retention Segment,1345308351935222,Price Drop Cut Value Voice,6635833234332869,Brand Awareness,0.0000,0,0,0,0,0,0,0,0,0,0,0,0,0,0,0,0,0,0.0000,0,0,0,0,0
2025-12-14,Display Network,Family Pantry Retention Initiative,Metro Region Loyalty Cohort,15908997,Family Planners Lookalike Segment,1002710949555221,Offer Spotlight Bold Voice,7401589860358191,Brand Awareness,20.0767,6910,0,5173,19,31,100,72,47,242,235,0,0,0,0,43,0,63,0.9117,0,3,0,5434,0
2025-12-15,Search Network,Seasonal Select Demand Initiative,Metro Region Loyalty Cohort,15908997,Health Conscious Buyers Retention Segment,9223925519536552,Offer Spotlight Bold Voice,1119314133689227,Catalog Engagement,0.0000,0,0,0,0,0,0,0,0,0,0,0,0,0,0,0,0,0,0.0000,0,0,0,0,0
2025-12-16,Retail Media Network,Seasonal Select Promo Initiative,Metro Region Loyalty Cohort,15908997,Health Conscious Buyers Interest Segment,1532426936569806,Offer Spotlight Value Voice,2894551765052346,Brand Awareness,14.9235,2476,0,2573,3,42,100,86,62,53,37,0,0,0,0,3,0,7,0.2827,0,0,0,2761,0
2025-12-17,Social Feed,Family Pantry Retention Initiative,Metro Region Loyalty Cohort,15908997,Health Conscious Buyers Retention Segment,1669733702699813,Shelf Story Bold Voice,4391005331160720,Brand Awareness,9.3071,3204,0,3171,14,10,49,19,12,51,46,0,0,0,0,4,0,13,0.4057,0,0,0,3382,0
2025-12-18,Video Network,Family Pantry Retention Initiative,Metro Region Loyalty Cohort,15908997,Health Conscious Buyers Interest Segment,9013382232369046,Shelf Story Warm Voice,5257839822274418,Brand Awareness,102.8940,33951,0,32538,75,100,100,100,100,740,861,0,0,1,0,190,0,192,0.5655,0,4,0,21377,0
2025-12-19,Search Network,Seasonal Select Promo Initiative,Metro Region Loyalty Cohort,15908997,Health Conscious Buyers Interest Segment,1532426936569806,Offer Spotlight Bold Voice,4433422745438620,Brand Awareness,10.7318,2014,0,3226,4,26,99,42,32,57,48,0,0,0,0,1,0,10,0.4965,0,0,0,3888,0
2025-12-20,In-App Display,Weekend Saver Retention Initiative,Metro Region Loyalty Cohort,15908997,Health Conscious Buyers Retention Segment,4136110625615180,Shelf Story Bold Voice,1238862856159509,Brand Awareness,4.1099,1125,0,948,1,3,17,7,4,10,10,0,0,0,0,0,0,1,0.0889,0,0,0,622,0
2025-12-21,Affiliate Network,Weekend Saver Retention Initiative,Metro Region Loyalty Cohort,15908997,Health Conscious Buyers Interest Segment,1334393532567969,Shelf Story Warm Voice,2520693897922300,Brand Awareness,332.2632,64572,0,55866,60,94,100,100,100,1257,1546,0,0,0,0,997,0,985,1.5254,1,10,0,32893,0
2025-12-22,Retail Media Network,Family Pantry Retention Initiative,Metro Region Loyalty Cohort,15908997,Health Conscious Buyers Retention Segment,4976789753470273,Shelf Story Warm Voice,1220076337258804,Brand Awareness,59.8289,11930,0,13757,21,33,100,82,46,179,235,0,0,1,0,20,0,49,0.4107,0,0,0,12863,0
2025-12-23,In-App Display,Seasonal Select Promo Initiative,Metro Region Loyalty Cohort,15908997,Health Conscious Buyers Retention Segment,3613956286158588,Offer Spotlight Bold Voice,4607696881668990,Brand Awareness,8.0856,4120,0,2473,6,17,100,39,20,49,51,0,0,0,0,2,0,13,0.3155,0,0,0,3759,0
2025-12-24,In-App Display,Family Pantry Retention Initiative,Metro Region Loyalty Cohort,15908997,Health Conscious Buyers Retention Segment,1669733702699813,Promo Banner Friendly Voice,4647140982681565,Brand Awareness,109.7050,17905,0,22206,108,100,100,100,100,925,1031,0,0,0,0,38,0,167,0.9327,0,5,0,31197,0
2025-12-25,Shopping Grid,Family Pantry Retention Initiative,Metro Region Loyalty Cohort,15908997,Health Conscious Buyers Interest Segment,9013382232369046,Shelf Story Value Voice,1103993184708534,Brand Awareness,58.2572,18614,0,18130,45,74,100,100,81,199,242,0,0,0,0,21,0,92,0.4943,0,1,0,19214,0
2025-12-26,Marketplace Feed,Seasonal Select Promo Initiative,Metro Region Loyalty Cohort,15908997,Health Conscious Buyers Retention Segment,3613956286158588,Shelf Story Bold Voice,1755467445485119,Brand Awareness,114.4463,25155,0,36398,76,100,100,100,100,460,521,0,0,0,0,33,0,123,0.4890,0,2,0,23280,0
2025-12-27,Affiliate Network,Weekend Saver Retention Initiative,Metro Region Loyalty Cohort,15908997,Family Planners Lookalike Segment,7248228093339312,Shelf Story Bold Voice,3411200546175283,Brand Awareness,245.9724,71409,0,38183,180,100,100,100,100,4088,4123,0,0,1,0,227,0,394,0.5518,2,17,0,25064,0
2025-12-28,Search Network,Family Pantry Retention Initiative,Metro Region Loyalty Cohort,15908997,Health Conscious Buyers Retention Segment,4976789753470273,Shelf Story Warm Voice,1212856722898025,Brand Awareness,32.8783,9433,0,8761,6,100,100,100,100,298,270,0,0,0,0,42,0,49,0.5195,3,1,0,8285,0
2025-12-29,Connected TV,Weekend Saver Retention Initiative,Metro Region Loyalty Cohort,15908997,Health Conscious Buyers Interest Segment,1334393532567969,Shelf Story Warm Voice,8045514033882153,Brand Awareness,190.7784,29522,0,22939,72,100,100,100,100,1029,1216,0,0,0,0,834,0,1021,3.4584,0,4,0,28424,0
2025-12-30,Discovery Network,Family Pantry Retention Initiative,Metro Region Loyalty Cohort,15908997,Health Conscious Buyers Retention Segment,1669733702699813,Collection Showcase Warm Voice,1788908453907262,Brand Awareness,63.2351,14151,0,12342,22,65,100,100,84,398,473,0,0,0,0,36,0,56,0.3957,0,1,0,11570,0
2025-12-31,In-App Display,Weekend Saver Retention Initiative,Metro Region Loyalty Cohort,15908997,Health Conscious Buyers Retention Segment,4136110625615180,Price Drop Cut Value Voice,1316048837324374,Brand Awareness,72.7154,14803,0,13172,12,48,100,100,79,199,245,0,0,0,0,14,0,51,0.3445,0,0,0,10524,0
2025-12-01,Video Network,Family Pantry Retention Initiative,Metro Region Loyalty Cohort,15908997,Family Planners Lookalike Segment,1665761135741679,Shelf Story Warm Voice,2902136042807068,Brand Awareness,768.9578,55117,0,75542,412,100,100,100,100,14323,17034,0,0,9,0,2502,0,2759,5.0057,3,41,0,53311,0
2025-12-02,Affiliate Network,Weekend Saver Retention Initiative,Metro Region Loyalty Cohort,15908997,Family Planners Lookalike Segment,7248228093339312,Offer Spotlight Bold Voice,1757288035719114,Brand Awareness,126.2525,36437,0,51192,61,58,100,100,95,291,240,0,0,0,0,50,0,89,0.2443,0,2,0,37006,0
2025-12-03,Social Feed,Seasonal Select Promo Initiative,Metro Region Loyalty Cohort,15908997,Health Conscious Buyers Interest Segment,1532426936569806,Shelf Story Warm Voice,7193200529405455,Brand Awareness,12.1038,1865,0,3099,11,48,100,96,60,64,38,0,0,0,0,1,0,10,0.5362,0,0,0,2626,0
2025-12-04,Shopping Grid,Family Pantry Retention Initiative,Metro Region Loyalty Cohort,15908997,Family Planners Lookalike Segment,1665761135741679,Shelf Story Warm Voice,1450951256520921,Brand Awareness,9.9946,1818,0,2819,6,20,76,30,27,54,66,0,0,0,0,7,0,9,0.4950,0,0,0,2343,0
2025-12-05,Affiliate Network,Family Pantry Retention Initiative,Metro Region Loyalty Cohort,15908997,Health Conscious Buyers Interest Segment,9013382232369046,Shelf Story Warm Voice,1177430610668804,Brand Awareness,572.3899,139243,0,120071,430,100,100,100,100,18548,21214,0,0,43,0,4698,0,2956,2.1229,26,114,0,133773,0
2025-12-06,Video Network,Family Pantry Retention Initiative,Metro Region Loyalty Cohort,15908997,Health Conscious Buyers Interest Segment,1474840462607869,Shelf Story Warm Voice,9110304031000052,Brand Awareness,192.0751,23931,0,26740,38,100,100,100,100,1505,1841,0,0,0,0,307,0,350,1.4625,1,5,0,22280,0
2025-12-07,Display Network,Seasonal Select Promo Initiative,Metro Region Loyalty Cohort,15908997,Family Planners Lookalike Segment,1718074286658736,Promo Banner Warm Voice,1089449421739833,Brand Awareness,362.4888,59294,0,53381,295,100,100,100,100,2987,2438,0,0,3,0,1080,0,903,1.5229,0,9,0,51934,0
2025-12-08,Discovery Network,Weekend Saver Retention Initiative,Metro Region Loyalty Cohort,15908997,Health Conscious Buyers Interest Segment,1334393532567969,Offer Spotlight Bold Voice,3220054077294586,Brand Awareness,42.1634,8015,0,10334,14,16,88,31,18,67,64,0,0,0,0,47,0,72,0.8983,0,0,0,10286,0
2025-12-09,Marketplace Feed,Weekend Saver Retention Initiative,Metro Region Loyalty Cohort,15908997,Family Planners Lookalike Segment,7248228093339312,Shelf Story Bold Voice,1269408759613688,Brand Awareness,185.2417,48591,0,26336,73,100,100,100,100,466,315,0,0,0,0,19,0,95,0.1955,0,2,0,45220,0
2025-12-10,Discovery Network,Weekend Saver Retention Initiative,Metro Region Loyalty Cohort,15908997,Health Conscious Buyers Retention Segment,4136110625615180,Offer Spotlight Bold Voice,3833443174798849,Brand Awareness,21.4384,4822,0,6689,7,7,46,18,7,29,31,0,0,0,0,1,0,10,0.2074,0,0,0,5535,0
2025-12-11,Search Network,Family Pantry Retention Initiative,Metro Region Loyalty Cohort,15908997,Health Conscious Buyers Retention Segment,1669733702699813,Shelf Story Warm Voice,1837904232519606,Brand Awareness,77.3713,26813,0,16615,60,97,100,100,100,801,727,0,0,0,0,92,0,86,0.3207,0,1,0,12526,0
2025-12-12,Video Network,Seasonal Select Promo Initiative,Metro Region Loyalty Cohort,15908997,Family Planners Lookalike Segment,1718074286658736,Offer Spotlight Bold Voice,1638167476571035,Brand Awareness,40.9935,5766,0,10719,21,53,100,100,64,170,195,0,0,0,0,35,0,76,1.3181,0,2,0,7717,0
2025-12-13,Connected TV,Family Pantry Retention Initiative,Metro Region Loyalty Cohort,15908997,Family Planners Lookalike Segment,1002710949555221,Shelf Story Warm Voice,5797898098365146,Brand Awareness,584.6763,59713,0,62897,193,100,100,100,100,7514,4406,0,0,5,0,1454,0,1467,2.4568,3,15,0,64864,0
2025-12-14,Social Feed,Family Pantry Retention Initiative,Metro Region Loyalty Cohort,15908997,Family Planners Lookalike Segment,1665761135741679,Price Drop Cut Value Voice,1192366617925175,Brand Awareness,85.4760,21512,0,19751,38,100,100,100,100,292,262,0,0,1,0,81,0,101,0.4695,0,0,0,16246,0
2025-12-15,Shopping Grid,Family Pantry Retention Initiative,Metro Region Loyalty Cohort,15908997,Family Planners Lookalike Segment,1002710949555221,Shelf Story Warm Voice,1655044419034925,Brand Awareness,26.3081,3574,0,5682,7,100,100,100,100,278,184,0,0,0,0,42,0,57,1.5949,0,0,0,3899,0
2025-12-16,Social Feed,Family Pantry Retention Initiative,Metro Region Loyalty Cohort,15908997,Health Conscious Buyers Retention Segment,4976789753470273,Shelf Story Warm Voice,5506678816268127,Brand Awareness,117.6498,23144,0,24299,64,100,100,100,100,1114,1356,0,0,0,0,111,0,149,0.6438,0,1,0,25726,0
2025-12-17,Influencer Network,Family Pantry Retention Initiative,Metro Region Loyalty Cohort,15908997,Health Conscious Buyers Retention Segment,1669733702699813,Shelf Story Value Voice,1365467474223726,Brand Awareness,26.5241,10907,0,12401,14,32,100,49,28,100,128,0,0,0,0,12,0,29,0.2659,0,0,0,8780,0
2025-12-18,Influencer Network,Family Pantry Retention Initiative,Metro Region Loyalty Cohort,15908997,Health Conscious Buyers Retention Segment,1669733702699813,Price Drop Cut Value Voice,6906673719698824,Brand Awareness,49.3719,14345,0,19653,26,100,100,100,100,320,269,0,0,0,0,20,0,64,0.4461,0,2,0,17290,0
2025-12-19,Marketplace Feed,Family Pantry Retention Initiative,Metro Region Loyalty Cohort,15908997,Health Conscious Buyers Interest Segment,9013382232369046,Collection Showcase Warm Voice,3199746654625132,Brand Awareness,13.7815,2037,0,1749,15,43,100,58,39,101,69,0,0,1,0,22,0,35,1.7182,0,0,0,1879,0
2025-12-20,Retail Media Network,Seasonal Select Promo Initiative,Metro Region Loyalty Cohort,15908997,Health Conscious Buyers Retention Segment,3613956286158588,Shelf Story Warm Voice,9626373394400677,Brand Awareness,172.0839,24048,0,36302,69,100,100,100,100,680,548,0,0,0,0,34,0,127,0.5281,1,3,0,28397,0
2025-12-21,Social Feed,Weekend Saver Retention Initiative,Metro Region Loyalty Cohort,15908997,Health Conscious Buyers Retention Segment,4136110625615180,Price Drop Cut Value Voice,1682844113945221,Brand Awareness,61.3009,8001,0,9697,18,24,100,41,31,73,83,0,0,0,0,5,0,31,0.3875,0,0,0,10430,0
2025-12-22,Shopping Grid,Seasonal Select Promo Initiative,Metro Region Loyalty Cohort,15908997,Health Conscious Buyers Retention Segment,3613956286158588,Offer Spotlight Value Voice,9011752711561329,Brand Awareness,90.5946,18257,0,18423,37,100,100,100,100,565,644,0,0,0,0,25,0,90,0.4930,0,1,0,19065,0
2025-12-23,In-App Display,Family Pantry Retention Initiative,Metro Region Loyalty Cohort,15908997,Health Conscious Buyers Interest Segment,9013382232369046,Shelf Story Warm Voice,1641518074556035,Brand Awareness,6.8212,1181,0,1363,3,15,30,21,14,22,28,0,0,0,0,0,0,3,0.2540,0,0,0,1265,0
2025-12-24,Display Network,Family Pantry Retention Initiative,Metro Region Loyalty Cohort,15908997,Health Conscious Buyers Interest Segment,1474840462607869,Shelf Story Warm Voice,8486205212439809,Brand Awareness,124.6179,27064,0,26833,38,100,100,100,100,713,693,0,0,0,0,74,0,139,0.5136,2,3,0,26276,0
2025-12-25,Affiliate Network,Weekend Saver Retention Initiative,Metro Region Loyalty Cohort,15908997,Health Conscious Buyers Retention Segment,4136110625615180,Shelf Story Warm Voice,5443423299390877,Brand Awareness,65.3069,11046,0,17355,15,26,100,90,50,178,108,0,0,0,0,13,0,34,0.3078,0,1,0,11090,0
2025-12-26,Display Network,Family Pantry Retention Initiative,Metro Region Loyalty Cohort,15908997,Health Conscious Buyers Retention Segment,1669733702699813,Shelf Story Warm Voice,4211876559793011,Brand Awareness,96.4392,21517,0,22004,52,57,100,100,79,182,199,0,0,0,0,16,0,98,0.4555,0,2,0,21849,0
2025-12-27,Discovery Network,Weekend Saver Retention Initiative,Metro Region Loyalty Cohort,15908997,Family Planners Lookalike Segment,7248228093339312,Shelf Story Warm Voice,6451368560487732,Brand Awareness,181.3541,59072,0,33484,120,100,100,100,100,1149,1045,0,0,0,0,169,0,317,0.5366,3,3,0,33631,0
2025-12-28,Marketplace Feed,Seasonal Select Promo Initiative,Metro Region Loyalty Cohort,15908997,Health Conscious Buyers Interest Segment,1532426936569806,Shelf Story Bold Voice,1082336609132049,Brand Awareness,115.2960,34609,0,27509,49,100,100,100,100,278,260,0,0,0,0,24,0,121,0.3496,0,1,0,39118,0
2025-12-29,In-App Display,Weekend Saver Retention Initiative,Metro Region Loyalty Cohort,15908997,Family Planners Lookalike Segment,7248228093339312,Price Drop Cut Value Voice,9318406623487279,Brand Awareness,292.3169,60256,0,40309,88,100,100,100,100,621,362,0,0,0,0,31,0,158,0.2622,1,5,0,52229,0
2025-12-30,Display Network,Family Pantry Retention Initiative,Metro Region Loyalty Cohort,15908997,Health Conscious Buyers Retention Segment,4976789753470273,Shelf Story Warm Voice,4041974945367907,Brand Awareness,134.7965,19994,0,18003,46,100,100,100,100,1244,775,0,0,2,0,99,0,194,0.9703,1,4,0,22917,0
2025-12-31,Affiliate Network,Weekend Saver Retention Initiative,Metro Region Loyalty Cohort,15908997,Health Conscious Buyers Interest Segment,1334393532567969,Price Drop Cut Value Voice,2051943278335934,Brand Awareness,108.2112,20536,0,25392,24,33,100,68,40,164,114,0,0,1,0,79,0,140,0.6817,0,2,0,23175,0
2025-12-01,Shopping Grid,Family Pantry Retention Initiative,Metro Region Loyalty Cohort,15908997,Health Conscious Buyers Retention Segment,4976789753470273,Offer Spotlight Bold Voice,1582932391745882,Brand Awareness,34.5957,6577,0,6251,10,17,100,57,30,174,103,0,0,0,0,10,0,27,0.4105,0,0,0,9288,0
2025-12-02,Influencer Network,Weekend Saver Retention Initiative,Metro Region Loyalty Cohort,15908997,Health Conscious Buyers Interest Segment,1334393532567969,Price Drop Cut Value Voice,1109002298095593,Brand Awareness,506.4375,76382,0,103134,161,100,100,100,100,1548,1491,0,0,0,0,676,0,413,0.5407,1,3,0,82720,0
2025-12-03,Shopping Grid,Family Pantry Retention Initiative,Metro Region Loyalty Cohort,15908997,Family Planners Lookalike Segment,1665761135741679,Shelf Story Bold Voice,1220357368781053,Brand Awareness,41.6959,8013,0,8631,11,19,100,53,25,130,133,0,0,1,0,59,0,54,0.6739,0,2,0,6731,0
2025-12-04,Connected TV,Family Pantry Retention Initiative,Metro Region Loyalty Cohort,15908997,Family Planners Lookalike Segment,1665761135741679,Shelf Story Warm Voice,2793262031628184,Brand Awareness,247.5792,33880,0,34533,178,100,100,100,100,2105,1348,0,0,0,0,517,0,450,1.3282,2,12,0,29583,0
2025-12-05,Display Network,Family Pantry Retention Initiative,Metro Region Loyalty Cohort,15908997,Health Conscious Buyers Interest Segment,1474840462607869,Offer Spotlight Bold Voice,3530423296641236,Brand Awareness,86.5810,21375,0,15784,49,56,100,100,75,658,349,0,0,1,0,153,0,166,0.7766,0,0,0,8588,0
2025-12-06,Social Feed,Family Pantry Retention Initiative,Metro Region Loyalty Cohort,15908997,Health Conscious Buyers Retention Segment,1669733702699813,Shelf Story Warm Voice,2604915282803870,Brand Awareness,5.3303,982,0,1849,2,9,38,10,10,33,18,0,0,0,0,3,0,5,0.5092,0,0,0,1607,0
2025-12-07,Video Network,Family Pantry Retention Initiative,Metro Region Loyalty Cohort,15908997,Health Conscious Buyers Interest Segment,9013382232369046,Price Drop Cut Value Voice,4186893344787278,Brand Awareness,6.1609,1077,0,1125,2,9,48,16,11,18,13,0,0,0,0,0,0,2,0.1857,0,0,0,1789,0
2025-12-08,Display Network,Family Pantry Retention Initiative,Metro Region Loyalty Cohort,15908997,Health Conscious Buyers Interest Segment,9013382232369046,Promo Banner Friendly Voice,1538508227020088,Brand Awareness,12.6472,1987,0,2996,9,47,100,67,56,87,89,0,0,0,0,8,0,22,1.1072,0,0,0,3047,0
2025-12-09,Social Feed,Home Essentials Scale Initiative,Metro Region Prospecting Cohort,86057605,Family Planners Interest Segment,2052479131570920,Promo Banner Friendly Voice,7057211523700123,Brand Awareness,0.0000,0,0,0,0,0,0,0,0,0,0,0,0,0,0,0,0,0,0.0000,0,0,0,0,0
2025-12-10,In-App Display,Weekend Saver Retention Initiative,Metro Region Loyalty Cohort,15908997,Family Planners Lookalike Segment,7248228093339312,Price Drop Cut Value Voice,9781212069592701,Brand Awareness,246.0100,34970,0,57375,72,100,100,100,100,1492,1244,0,0,2,0,49,0,234,0.6691,1,7,0,81070,0
2025-12-11,Search Network,Family Pantry Retention Initiative,Metro Region Loyalty Cohort,15908997,Health Conscious Buyers Interest Segment,9013382232369046,Shelf Story Warm Voice,8148838999548557,Brand Awareness,4.0526,994,0,1488,3,16,31,17,16,28,30,0,0,0,0,2,0,9,0.9054,0,0,0,669,0
2025-12-12,Influencer Network,Weekend Saver Retention Initiative,Metro Region Loyalty Cohort,15908997,Health Conscious Buyers Retention Segment,4136110625615180,Shelf Story Bold Voice,5160906508093401,Brand Awareness,42.1579,5773,0,7927,19,43,100,87,51,227,110,0,0,0,0,17,0,44,0.7622,0,3,0,6296,0
2025-12-13,Display Network,Family Pantry Retention Initiative,Metro Region Conversion Cohort,15908997,Bulk Buyers Retention Segment,1412316301536073,Offer Spotlight Friendly Voice,9097155454198752,Catalog Engagement,0.0000,0,0,0,0,0,0,0,0,0,0,0,0,0,0,0,0,0,0.0000,0,0,0,0,0
2025-12-14,Search Network,Family Pantry Retention Initiative,Metro Region Conversion Cohort,38881639,Family Planners Lookalike Segment,1010331617086390,Shelf Story Warm Voice,1022962676348579,Brand Awareness,0.0000,0,0,0,0,0,0,0,0,0,0,0,0,0,0,0,0,0,0.0000,0,0,0,0,0
2025-12-15,Affiliate Network,Family Pantry Retention Initiative,Metro Region Loyalty Cohort,15908997,Family Planners Lookalike Segment,1002710949555221,Shelf Story Warm Voice,3185083078735744,Brand Awareness,198.4068,31072,0,26311,90,100,100,100,100,2139,1191,0,0,1,0,249,0,226,0.7273,0,8,0,27856,0
2025-12-16,Social Feed,Family Pantry Retention Initiative,Metro Region Loyalty Cohort,15908997,Family Planners Lookalike Segment,1665761135741679,Promo Banner Friendly Voice,1647756988327695,Brand Awareness,477.2117,58255,0,64173,188,100,100,100,100,2326,2590,0,0,2,0,530,0,919,1.5775,2,8,0,55334,0
2025-12-17,Display Network,Weekend Saver Retention Initiative,Metro Region Loyalty Cohort,15908997,Health Conscious Buyers Interest Segment,1334393532567969,Shelf Story Bold Voice,8314765461987923,Brand Awareness,24.2247,10797,0,6638,12,19,100,46,23,86,88,0,0,0,0,33,0,43,0.3983,0,0,0,11348,0
2025-12-18,Connected TV,Seasonal Select Promo Initiative,Metro Region Loyalty Cohort,15908997,Health Conscious Buyers Interest Segment,1532426936569806,Promo Banner Warm Voice,5732401046815275,Brand Awareness,124.5975,45096,0,37403,126,100,100,100,100,658,722,0,0,0,0,60,0,208,0.4612,1,3,0,40640,0
2025-12-19,Display Network,Family Pantry Retention Initiative,Metro Region Loyalty Cohort,15908997,Health Conscious Buyers Retention Segment,1669733702699813,Promo Banner Friendly Voice,4647140982681565,Brand Awareness,117.8644,35875,0,31093,64,100,100,100,100,662,642,0,0,0,0,29,0,76,0.2118,0,1,0,34622,0
2025-12-20,Display Network,Family Pantry Retention Initiative,Metro Region Loyalty Cohort,15908997,Health Conscious Buyers Retention Segment,4976789753470273,Shelf Story Warm Voice,4041974945367907,Brand Awareness,130.5324,22799,0,26898,59,100,100,100,100,1288,992,0,0,0,0,65,0,151,0.6623,0,4,0,18971,0
2025-12-21,Shopping Grid,Family Pantry Retention Initiative,Metro Region Loyalty Cohort,15908997,Family Planners Lookalike Segment,1002710949555221,Shelf Story Warm Voice,1655044419034925,Brand Awareness,20.9406,4748,0,5627,17,85,100,100,100,315,200,0,0,1,0,25,0,47,0.9899,0,1,0,8850,0
2025-12-22,Shopping Grid,Weekend Saver Retention Initiative,Metro Region Loyalty Cohort,15908997,Health Conscious Buyers Retention Segment,4136110625615180,Price Drop Cut Value Voice,1682844113945221,Brand Awareness,31.5540,8578,0,6684,15,9,88,24,13,48,53,0,0,0,0,5,0,28,0.3264,0,1,0,6441,0
2025-12-23,Social Feed,Family Pantry Retention Initiative,Metro Region Loyalty Cohort,15908997,Health Conscious Buyers Retention Segment,1669733702699813,Shelf Story Warm Voice,4211876559793011,Brand Awareness,84.1289,30169,0,21739,56,93,100,100,100,332,311,0,0,0,0,16,0,102,0.3381,1,0,0,30768,0
2025-12-24,Retail Media Network,Family Pantry Retention Initiative,Metro Region Conversion Cohort,15908997,Bulk Buyers Retention Segment,1096889057602193,Offer Spotlight Friendly Voice,5703717592430862,Catalog Engagement,0.0000,0,0,0,0,0,0,0,0,0,0,0,0,0,0,0,0,0,0.0000,0,0,0,0,0
2025-12-25,Search Network,Family Pantry Retention Initiative,Metro Region Loyalty Cohort,15908997,Family Planners Lookalike Segment,1665761135741679,Promo Banner Friendly Voice,1647756988327695,Brand Awareness,337.5093,53524,0,71670,212,100,100,100,100,2490,1137,0,0,2,0,1190,0,565,1.0556,0,11,0,61402,0
2025-12-26,Discovery Network,Family Pantry Retention Initiative,Metro Region Loyalty Cohort,15908997,Family Planners Lookalike Segment,1002710949555221,Shelf Story Warm Voice,5797898098365146,Brand Awareness,450.3913,87512,0,56925,321,100,100,100,100,8022,7782,0,0,1,0,1026,0,788,0.9004,7,24,0,91697,0
2025-12-27,Connected TV,Family Pantry Retention Initiative,Metro Region Loyalty Cohort,15908997,Family Planners Lookalike Segment,1665761135741679,Shelf Story Warm Voice,2793262031628184,Brand Awareness,316.6882,71556,0,34983,122,100,100,100,100,1917,1390,0,0,1,0,486,0,613,0.8567,3,14,0,27245,0
2025-12-28,Shopping Grid,Weekend Saver Retention Initiative,Metro Region Loyalty Cohort,15908997,Health Conscious Buyers Interest Segment,1334393532567969,Price Drop Cut Value Voice,1109002298095593,Brand Awareness,386.8746,77919,0,97700,156,100,100,100,100,2074,1214,0,0,0,0,636,0,780,1.0010,2,9,0,58765,0
2025-12-29,Shopping Grid,Family Pantry Retention Initiative,Metro Region Loyalty Cohort,15908997,Family Planners Lookalike Segment,1665761135741679,Shelf Story Bold Voice,1220357368781053,Brand Awareness,59.7777,13476,0,12643,29,58,100,100,78,322,349,0,0,1,0,132,0,272,2.0184,1,2,0,12175,0
2025-12-30,Video Network,Seasonal Select Promo Initiative,Metro Region Loyalty Cohort,15908997,Family Planners Lookalike Segment,1718074286658736,Shelf Story Bold Voice,4278310985669178,Brand Awareness,273.5863,83819,0,52707,128,100,100,100,100,1182,1164,0,0,0,0,748,0,656,0.7826,2,9,0,78666,0
2025-12-31,Video Network,Weekend Saver Retention Initiative,Metro Region Loyalty Cohort,15908997,Health Conscious Buyers Retention Segment,4136110625615180,Shelf Story Bold Voice,1238862856159509,Brand Awareness,6.2190,2629,0,3237,6,4,22,11,6,21,20,0,0,0,0,1,0,4,0.1521,0,0,0,2739,0
2025-12-01,Retail Media Network,Seasonal Select Promo Initiative,Metro Region Loyalty Cohort,15908997,Health Conscious Buyers Interest Segment,1532426936569806,Offer Spotlight Bold Voice,4433422745438620,Brand Awareness,4.0937,1107,0,1229,2,8,30,16,8,16,21,0,0,0,0,0,0,2,0.1807,0,0,0,1090,0
2025-12-02,Retail Media Network,Family Pantry Retention Initiative,Metro Region Loyalty Cohort,15908997,Health Conscious Buyers Retention Segment,1669733702699813,Price Drop Cut Value Voice,6906673719698824,Brand Awareness,90.9229,13215,0,21572,31,100,100,100,100,307,209,0,0,0,0,14,0,111,0.8400,0,2,0,17897,0
2025-12-03,Search Network,Seasonal Select Promo Initiative,Metro Region Loyalty Cohort,15908997,Health Conscious Buyers Retention Segment,3613956286158588,Shelf Story Warm Voice,9626373394400677,Brand Awareness,114.7169,30055,0,16617,58,100,100,100,100,507,600,0,0,0,0,56,0,159,0.5290,0,0,0,22481,0
2025-12-04,Retail Media Network,Family Pantry Retention Initiative,Metro Region Loyalty Cohort,15908997,Health Conscious Buyers Interest Segment,9013382232369046,Shelf Story Warm Voice,5257839822274418,Brand Awareness,99.3389,25539,0,24915,92,93,100,100,100,663,606,0,0,0,0,58,0,106,0.4151,2,5,0,30751,0
2025-12-05,Shopping Grid,Family Pantry Retention Initiative,Metro Region Loyalty Cohort,15908997,Health Conscious Buyers Retention Segment,1669733702699813,Shelf Story Value Voice,1365467474223726,Brand Awareness,36.9778,17907,0,15807,15,37,100,67,47,152,185,0,0,0,0,10,0,47,0.2625,0,0,0,11069,0
2025-12-06,Search Network,Family Pantry Retention Initiative,Metro Region Loyalty Cohort,15908997,Health Conscious Buyers Interest Segment,9013382232369046,Collection Showcase Warm Voice,3199746654625132,Brand Awareness,6.7477,1914,0,2392,4,27,68,40,30,79,44,0,0,0,0,8,0,12,0.6270,0,0,0,1875,0
2025-12-07,Display Network,Family Pantry Retention Initiative,Metro Region Loyalty Cohort,15908997,Health Conscious Buyers Retention Segment,1669733702699813,Shelf Story Warm Voice,1173063753252113,Brand Awareness,216.2087,36909,0,30662,118,100,100,100,100,3925,4725,0,0,1,0,266,0,337,0.9131,1,12,0,23545,0
2025-12-08,Discovery Network,Seasonal Select Promo Initiative,Metro Region Loyalty Cohort,15908997,Family Planners Lookalike Segment,1718074286658736,Offer Spotlight Value Voice,2074777970281390,Brand Awareness,152.1048,32228,0,28055,73,100,100,100,100,883,518,0,0,0,0,101,0,120,0.3723,0,2,0,18474,0
2025-12-09,Social Feed,Family Pantry Retention Initiative,Metro Region Loyalty Cohort,15908997,Health Conscious Buyers Retention Segment,4976789753470273,Shelf Story Warm Voice,1212856722898025,Brand Awareness,28.3397,7965,0,8793,16,72,100,100,98,302,294,0,0,0,0,32,0,32,0.4018,0,2,0,6013,0
2025-12-10,Discovery Network,Weekend Saver Retention Initiative,Metro Region Loyalty Cohort,15908997,Family Planners Lookalike Segment,7248228093339312,Shelf Story Bold Voice,3411200546175283,Brand Awareness,125.1524,29161,0,21208,162,100,100,100,100,2126,2161,0,0,1,0,144,0,243,0.8333,1,7,0,27510,0
2025-12-11,Connected TV,Family Pantry Retention Initiative,Metro Region Loyalty Cohort,15908997,Health Conscious Buyers Interest Segment,9013382232369046,Price Drop Cut Value Voice,4186893344787278,Brand Awareness,5.0620,742,0,1060,3,8,33,12,7,17,17,0,0,0,0,0,0,3,0.4043,0,0,0,570,0
2025-12-12,Shopping Grid,Seasonal Select Promo Initiative,Metro Region Loyalty Cohort,15908997,Health Conscious Buyers Interest Segment,1532426936569806,Offer Spotlight Value Voice,2894551765052346,Brand Awareness,7.4298,560,0,1427,1,22,100,46,30,32,19,0,0,0,0,0,0,2,0.3571,0,0,0,530,0
2025-12-13,Influencer Network,Family Pantry Retention Initiative,Metro Region Conversion Cohort,38881639,Family Planners Lookalike Segment,1010331617086390,Shelf Story Warm Voice,1022962676348579,Brand Awareness,0.0000,0,0,0,0,0,0,0,0,0,0,0,0,0,0,0,0,0,0.0000,0,0,0,0,0
2025-12-14,In-App Display,Family Pantry Retention Initiative,Metro Region Loyalty Cohort,15908997,Health Conscious Buyers Interest Segment,1474840462607869,Shelf Story Warm Voice,9110304031000052,Brand Awareness,192.0456,24631,0,27953,73,100,100,100,100,2197,1780,0,0,2,0,251,0,415,1.6849,0,2,0,37567,0
2025-12-15,In-App Display,Family Pantry Retention Initiative,Metro Region Loyalty Cohort,15908997,Health Conscious Buyers Retention Segment,1669733702699813,Promo Banner Friendly Voice,1414897562821209,Brand Awareness,14.8085,3942,0,5380,7,15,65,23,18,64,48,0,0,0,0,4,0,13,0.3298,0,0,0,5815,0
2025-12-16,Discovery Network,Family Pantry Retention Initiative,Metro Region Loyalty Cohort,15908997,Health Conscious Buyers Interest Segment,1474840462607869,Offer Spotlight Bold Voice,3530423296641236,Brand Awareness,85.4823,22241,0,37525,53,70,100,100,94,766,411,0,0,0,0,131,0,143,0.6430,0,3,0,18262,0
2025-12-17,Shopping Grid,Seasonal Select Promo Initiative,Metro Region Loyalty Cohort,15908997,Health Conscious Buyers Retention Segment,3613956286158588,Shelf Story Warm Voice,2259713911990191,Brand Awareness,117.0992,28854,0,14940,79,100,100,100,100,622,842,0,0,0,0,33,0,127,0.4401,0,1,0,20873,0
2025-12-18,Shopping Grid,Seasonal Select Promo Initiative,Metro Region Loyalty Cohort,15908997,Health Conscious Buyers Interest Segment,1532426936569806,Shelf Story Bold Voice,1082336609132049,Brand Awareness,20.7402,6013,0,7517,11,45,100,65,43,57,28,0,0,0,0,2,0,18,0.2994,0,0,0,4377,0
2025-12-19,In-App Display,Weekend Saver Retention Initiative,Metro Region Loyalty Cohort,15908997,Family Planners Lookalike Segment,7248228093339312,Price Drop Cut Value Voice,9781212069592701,Brand Awareness,125.0852,40442,0,47762,61,100,100,100,100,884,765,0,0,0,0,49,0,180,0.4451,0,1,0,40641,0
2025-12-20,Display Network,Family Pantry Retention Initiative,Metro Region Loyalty Cohort,15908997,Health Conscious Buyers Retention Segment,1669733702699813,Shelf Story Warm Voice,1837904232519606,Brand Awareness,117.1159,15883,0,24437,50,98,100,100,100,763,701,0,0,0,0,46,0,130,0.8185,1,7,0,32880,0
2025-12-21,Connected TV,Family Pantry Retention Initiative,Metro Region Loyalty Cohort,15908997,Health Conscious Buyers Interest Segment,9013382232369046,Shelf Story Value Voice,1103993184708534,Brand Awareness,58.1815,29007,0,23517,53,74,100,100,82,245,322,0,0,0,0,29,0,69,0.2379,0,0,0,15246,0
2025-12-22,Social Feed,Family Pantry Retention Initiative,Metro Region Loyalty Cohort,15908997,Health Conscious Buyers Interest Segment,9013382232369046,Shelf Story Warm Voice,1641518074556035,Brand Awareness,3.8392,1082,0,885,3,8,26,12,8,21,16,0,0,0,0,0,0,3,0.2773,0,0,0,1773,0
2025-12-23,In-App Display,Weekend Saver Retention Initiative,Metro Region Loyalty Cohort,15908997,Health Conscious Buyers Interest Segment,1334393532567969,Shelf Story Warm Voice,2520693897922300,Brand Awareness,322.1713,77094,0,84698,117,100,100,100,100,1969,975,0,0,1,0,1050,0,1286,1.6681,2,14,0,76853,0
2025-12-24,Shopping Grid,Seasonal Select Promo Initiative,Metro Region Loyalty Cohort,15908997,Health Conscious Buyers Retention Segment,3613956286158588,Offer Spotlight Value Voice,9011752711561329,Brand Awareness,65.8426,11459,0,7483,13,100,100,100,100,270,285,0,0,0,0,7,0,40,0.3491,0,1,0,10211,0
2025-12-25,Shopping Grid,Family Pantry Retention Initiative,Metro Region Loyalty Cohort,15908997,Health Conscious Buyers Retention Segment,4976789753470273,Offer Spotlight Bold Voice,1582932391745882,Brand Awareness,41.4411,9416,0,11860,32,17,100,49,21,142,89,0,0,0,0,22,0,60,0.6372,0,0,0,13540,0
2025-12-26,Shopping Grid,Family Pantry Retention Initiative,Metro Region Loyalty Cohort,15908997,Family Planners Lookalike Segment,1002710949555221,Offer Spotlight Bold Voice,7401589860358191,Brand Awareness,40.0241,15586,0,11762,47,36,100,100,57,362,381,0,0,0,0,63,0,100,0.6416,0,2,0,8913,0
2025-12-27,Marketplace Feed,Home Essentials Scale Initiative,Metro Region Prospecting Cohort,86057605,Family Planners Interest Segment,2052479131570920,Price Drop Cut Value Voice,1337311684616332,Brand Awareness,0.0000,0,0,0,0,0,0,0,0,0,0,0,0,0,0,0,0,0,0.0000,0,0,0,0,0
2025-12-28,Marketplace Feed,Weekend Saver Retention Initiative,Metro Region Loyalty Cohort,15908997,Family Planners Lookalike Segment,7248228093339312,Shelf Story Warm Voice,1150526236199258,Brand Awareness,50.0760,15701,0,18849,56,71,100,100,90,310,292,0,0,0,0,65,0,94,0.5987,0,1,0,15965,0
2025-12-29,Social Feed,Seasonal Select Promo Initiative,Metro Region Loyalty Cohort,15908997,Health Conscious Buyers Interest Segment,1532426936569806,Shelf Story Warm Voice,7193200529405455,Brand Awareness,5.7635,1019,0,1659,5,24,100,58,36,33,29,0,0,0,0,0,0,7,0.6869,0,0,0,1524,0
2025-12-30,Affiliate Network,Weekend Saver Retention Initiative,Metro Region Loyalty Cohort,15908997,Health Conscious Buyers Retention Segment,4136110625615180,Price Drop Cut Value Voice,1316048837324374,Brand Awareness,32.2859,12910,0,14548,26,39,100,98,59,216,123,0,0,0,0,4,0,45,0.3486,0,1,0,12897,0
2025-12-31,Marketplace Feed,Family Pantry Retention Initiative,Metro Region Loyalty Cohort,15908997,Family Planners Lookalike Segment,1665761135741679,Shelf Story Warm Voice,6549680554582288,Brand Awareness,135.3220,33776,0,57007,73,100,100,100,100,409,280,0,0,0,0,48,0,232,0.6869,1,1,0,53426,0
2025-12-01,Video Network,Family Pantry Retention Initiative,Metro Region Loyalty Cohort,15908997,Health Conscious Buyers Interest Segment,9013382232369046,Shelf Story Bold Voice,5904212741788775,Brand Awareness,6.3270,1555,0,1324,1,7,29,13,11,32,21,0,0,0,0,1,0,3,0.1929,0,0,0,1032,0
2025-12-02,Shopping Grid,Family Pantry Retention Initiative,Metro Region Loyalty Cohort,15908997,Family Planners Lookalike Segment,1665761135741679,Promo Banner Friendly Voice,6598720554447191,Brand Awareness,21.5237,4067,0,6520,7,22,78,30,19,71,43,0,0,0,0,4,0,14,0.3442,0,0,0,4880,0
2025-12-03,In-App Display,Family Pantry Retention Initiative,Metro Region Loyalty Cohort,15908997,Family Planners Lookalike Segment,1665761135741679,Shelf Story Warm Voice,2616618213121749,Brand Awareness,1335.8515,170494,0,195508,1026,100,100,100,100,43247,30157,0,0,55,0,9874,0,6071,3.5608,50,257,0,184771,0
2025-12-04,Video Network,Seasonal Select Promo Initiative,Metro Region Loyalty Cohort,15908997,Health Conscious Buyers Interest Segment,1532426936569806,Shelf Story Warm Voice,9953353036347574,Brand Awareness,23.1558,7093,0,12521,26,76,100,100,100,100,120,0,0,2,0,5,0,57,0.8036,0,1,0,9966,0
2025-12-05,Discovery Network,Weekend Saver Retention Initiative,Metro Region Loyalty Cohort,15908997,Health Conscious Buyers Interest Segment,1334393532567969,Shelf Story Bold Voice,7232280368739505,Brand Awareness,229.8345,56034,0,40092,166,100,100,100,100,3823,2958,0,0,2,0,1603,0,1714,3.0589,6,20,0,50104,0
2025-12-06,Affiliate Network,Family Pantry Retention Initiative,Metro Region Loyalty Cohort,15908997,Family Planners Lookalike Segment,1665761135741679,Shelf Story Warm Voice,1450951256520921,Brand Awareness,16.9933,5720,0,7306,10,55,100,80,55,137,88,0,0,0,0,31,0,44,0.7692,0,1,0,4065,0
2025-12-07,Affiliate Network,Home Essentials Scale Initiative,Metro Region Prospecting Cohort,86057605,Family Planners Interest Segment,2052479131570920,Price Drop Cut Direct Voice,7324105902810892,Brand Awareness,0.0000,0,0,0,0,0,0,0,0,0,0,0,0,0,0,0,0,0,0.0000,0,0,0,0,0
2025-12-08,Display Network,Seasonal Select Promo Initiative,Metro Region Loyalty Cohort,15908997,Family Planners Lookalike Segment,1718074286658736,Shelf Story Warm Voice,1533493773187614,Brand Awareness,300.4950,108828,0,89547,222,100,100,100,100,1995,1280,0,0,0,0,763,0,905,0.8316,0,8,0,81645,0
2025-12-09,Shopping Grid,Seasonal Select Promo Initiative,Metro Region Loyalty Cohort,15908997,Family Planners Lookalike Segment,1718074286658736,Shelf Story Warm Voice,1532291780998103,Brand Awareness,352.5093,60572,0,58777,285,100,100,100,100,2654,2102,0,0,2,0,1300,0,668,1.1028,2,16,0,89773,0
2025-12-10,Connected TV,Seasonal Select Promo Initiative,Metro Region Loyalty Cohort,15908997,Health Conscious Buyers Retention Segment,3613956286158588,Promo Banner Warm Voice,3456261421148856,Brand Awareness,144.9426,19564,0,16302,57,100,100,100,100,912,928,0,0,0,0,33,0,99,0.5060,1,6,0,12659,0
2025-12-11,Display Network,Family Pantry Retention Initiative,Metro Region Loyalty Cohort,15908997,Health Conscious Buyers Retention Segment,4976789753470273,Shelf Story Warm Voice,5506678816268127,Brand Awareness,88.1063,17355,0,26671,81,100,100,100,100,1746,2189,0,0,0,0,96,0,301,1.7344,2,4,0,30728,0
2025-12-12,Discovery Network,Family Pantry Retention Initiative,Metro Region Loyalty Cohort,15908997,Health Conscious Buyers Retention Segment,1669733702699813,Shelf Story Warm Voice,2604915282803870,Brand Awareness,8.6294,3100,0,3830,5,11,72,24,13,69,59,0,0,0,0,7,0,13,0.4194,0,0,0,3950,0
2025-12-13,Affiliate Network,Family Pantry Retention Initiative,Metro Region Loyalty Cohort,15908997,Health Conscious Buyers Interest Segment,9013382232369046,Shelf Story Warm Voice,3768518651506601,Brand Awareness,7.6188,1710,0,1991,6,12,49,25,16,41,21,0,0,0,0,5,0,12,0.7018,0,0,0,1692,0
2025-12-14,Connected TV,Family Pantry Retention Initiative,Metro Region Loyalty Cohort,15908997,Health Conscious Buyers Interest Segment,1474840462607869,Shelf Story Warm Voice,4340134105081797,Brand Awareness,334.1649,63754,0,51343,220,100,100,100,100,7274,7285,0,0,3,0,1619,0,773,1.2125,3,19,0,62662,0
2025-12-15,Retail Media Network,Weekend Saver Retention Initiative,Metro Region Loyalty Cohort,15908997,Health Conscious Buyers Retention Segment,4136110625615180,Shelf Story Warm Voice,1781261912151237,Brand Awareness,2.7598,553,0,837,6,2,12,4,3,14,13,0,0,0,0,1,0,5,0.9042,0,0,0,434,0
2025-12-16,Affiliate Network,Weekend Saver Retention Initiative,Metro Region Loyalty Cohort,15908997,Health Conscious Buyers Interest Segment,1334393532567969,Shelf Story Warm Voice,8045514033882153,Brand Awareness,270.0141,75844,0,42844,112,100,100,100,100,2261,1456,0,0,0,0,1526,0,1277,1.6837,3,4,0,46780,0
2025-12-17,Shopping Grid,Family Pantry Retention Initiative,Metro Region Loyalty Cohort,15908997,Health Conscious Buyers Interest Segment,9013382232369046,Promo Banner Friendly Voice,1255871739760170,Brand Awareness,3.2152,977,0,764,1,10,29,15,13,29,33,0,0,0,0,0,0,1,0.1024,0,0,0,1224,0
2025-12-18,Search Network,Weekend Saver Retention Initiative,Metro Region Loyalty Cohort,15908997,Family Planners Lookalike Segment,7248228093339312,Shelf Story Warm Voice,6451368560487732,Brand Awareness,163.9359,38550,0,52766,125,100,100,100,100,948,1084,0,0,0,0,178,0,237,0.6148,0,0,0,60624,0
2025-12-19,Social Feed,Weekend Saver Retention Initiative,Metro Region Loyalty Cohort,15908997,Family Planners Lookalike Segment,7248228093339312,Price Drop Cut Value Voice,9318406623487279,Brand Awareness,130.4746,53424,0,65320,46,100,100,100,100,419,466,0,0,0,0,43,0,126,0.2358,0,4,0,69565,0
2025-12-20,Affiliate Network,Seasonal Select Promo Initiative,Metro Region Loyalty Cohort,15908997,Health Conscious Buyers Retention Segment,3613956286158588,Shelf Story Bold Voice,1755467445485119,Brand Awareness,91.3660,19935,0,22291,50,100,100,100,100,345,425,0,0,0,0,34,0,67,0.3361,0,1,0,18369,0
2025-12-21,Video Network,Family Pantry Retention Initiative,Metro Region Loyalty Cohort,15908997,Health Conscious Buyers Retention Segment,1669733702699813,Collection Showcase Warm Voice,1788908453907262,Brand Awareness,34.7495,8946,0,9629,46,41,100,87,49,245,330,0,0,0,0,19,0,72,0.8048,0,0,0,6234,0
2025-12-22,Influencer Network,Weekend Saver Retention Initiative,Metro Region Loyalty Cohort,15908997,Health Conscious Buyers Interest Segment,1334393532567969,Price Drop Cut Value Voice,2051943278335934,Brand Awareness,118.0768,52833,0,36177,114,100,100,100,100,398,225,0,0,1,0,157,0,187,0.3539,0,0,0,39770,0
2025-12-23,Social Feed,Family Pantry Retention Initiative,Metro Region Loyalty Cohort,15908997,Health Conscious Buyers Retention Segment,1669733702699813,Shelf Story Bold Voice,4391005331160720,Brand Awareness,36.3380,8802,0,5841,11,21,100,46,24,148,158,0,0,0,0,13,0,24,0.2727,1,0,0,10660,0
2025-12-24,Search Network,Weekend Saver Retention Initiative,Metro Region Loyalty Cohort,15908997,Health Conscious Buyers Interest Segment,1334393532567969,Offer Spotlight Bold Voice,3220054077294586,Brand Awareness,185.2861,47015,0,48424,42,93,100,100,100,376,448,0,0,1,0,95,0,188,0.3999,0,3,0,39984,0
2025-12-25,Retail Media Network,Weekend Saver Retention Initiative,Metro Region Loyalty Cohort,15908997,Health Conscious Buyers Interest Segment,1334393532567969,Shelf Story Bold Voice,8314765461987923,Brand Awareness,122.9636,17718,0,23079,70,100,100,100,100,461,317,0,0,0,0,101,0,121,0.6829,1,3,0,35558,0
2025-12-26,Connected TV,Weekend Saver Retention Initiative,Metro Region Loyalty Cohort,15908997,Health Conscious Buyers Retention Segment,4136110625615180,Shelf Story Warm Voice,5443423299390877,Brand Awareness,30.7922,8342,0,13535,29,18,100,68,30,132,130,0,0,0,0,17,0,29,0.3476,0,0,0,14427,0
2025-12-27,Shopping Grid,Family Pantry Retention Initiative,Metro Region Loyalty Cohort,15908997,Health Conscious Buyers Interest Segment,9013382232369046,Shelf Story Warm Voice,8148838999548557,Brand Awareness,5.0971,925,0,1321,2,9,31,16,13,22,26,0,0,0,0,2,0,5,0.5405,0,0,0,1212,0
2025-12-28,Shopping Grid,Family Pantry Retention Initiative,Metro Region Loyalty Cohort,15908997,Health Conscious Buyers Interest Segment,9013382232369046,Promo Banner Friendly Voice,1538508227020088,Brand Awareness,31.2020,7964,0,5931,30,78,100,100,95,195,204,0,0,0,0,12,0,33,0.4144,0,1,0,4911,0
2025-12-29,Affiliate Network,Family Pantry Retention Initiative,Metro Region Loyalty Cohort,15908997,Family Planners Lookalike Segment,1002710949555221,Shelf Story Warm Voice,3185083078735744,Brand Awareness,235.8067,33178,0,46155,81,100,100,100,100,2788,2280,0,0,2,0,195,0,289,0.8711,2,1,0,20971,0
2025-12-30,Marketplace Feed,Weekend Saver Retention Initiative,Metro Region Loyalty Cohort,15908997,Family Planners Lookalike Segment,7248228093339312,Offer Spotlight Bold Voice,1757288035719114,Brand Awareness,202.5977,47352,0,49746,101,94,100,100,100,365,334,0,0,0,0,38,0,149,0.3147,0,4,0,41444,0
2025-12-31,Marketplace Feed,Family Pantry Retention Initiative,Metro Region Loyalty Cohort,15908997,Family Planners Lookalike Segment,1665761135741679,Price Drop Cut Value Voice,1192366617925175,Brand Awareness,78.1476,12362,0,20829,26,100,100,100,100,286,279,0,0,1,0,33,0,90,0.7280,0,4,0,12780,0
2025-12-01,Retail Media Network,Family Pantry Retention Initiative,Metro Region Conversion Cohort,15908997,Weekend Deal Hunters Interest Segment,6202516839870495,Shelf Story Value Voice,1077582730962642,Catalog Engagement,0.0000,0,0,0,0,0,0,0,0,0,0,0,0,0,0,0,0,0,0.0000,0,0,0,0,0
2025-12-02,Connected TV,Family Pantry Retention Initiative,Metro Region Loyalty Cohort,15908997,Family Planners Lookalike Segment,1665761135741679,Collection Showcase Warm Voice,5654112849815777,Brand Awareness,205.2562,22219,0,25612,86,100,100,100,100,1273,588,0,0,1,0,439,0,517,2.3268,0,5,0,16664,0
2025-12-03,Influencer Network,Home Essentials Scale Initiative,Metro Region Prospecting Cohort,86057605,Family Planners Interest Segment,2052479131570920,Shelf Story Bold Voice,1037070944576843,Brand Awareness,0.0000,0,0,0,0,0,0,0,0,0,0,0,0,0,0,0,0,0,0.0000,0,0,0,0,0
2025-12-04,Discovery Network,Family Pantry Retention Initiative,Metro Region Loyalty Cohort,15908997,Health Conscious Buyers Interest Segment,9013382232369046,Shelf Story Warm Voice,1099249066640891,Brand Awareness,201.1715,19368,0,37145,163,100,100,100,100,6090,4265,0,0,2,0,795,0,530,2.7365,1,13,0,28831,0
2025-12-05,Affiliate Network,Seasonal Select Promo Initiative,Metro Region Loyalty Cohort,15908997,Family Planners Lookalike Segment,1718074286658736,Promo Banner Warm Voice,1089449421739833,Brand Awareness,493.1029,94563,0,77796,196,100,100,100,100,3168,3385,0,0,0,0,686,0,1307,1.3821,1,12,0,55844,0
2025-12-06,Video Network,Family Pantry Retention Initiative,Metro Region Loyalty Cohort,15908997,Health Conscious Buyers Interest Segment,9013382232369046,Shelf Story Warm Voice,1177430610668804,Brand Awareness,705.3641,109363,0,157103,551,100,100,100,100,25629,18660,0,0,36,0,2509,0,3708,3.3905,88,134,0,169141,0
2025-12-07,In-App Display,Weekend Saver Retention Initiative,Metro Region Loyalty Cohort,15908997,Health Conscious Buyers Retention Segment,4136110625615180,Shelf Story Bold Voice,5160906508093401,Brand Awareness,33.2684,11010,0,10940,36,59,100,100,74,322,305,0,0,0,0,18,0,90,0.8174,0,1,0,8074,0
2025-12-08,Retail Media Network,Family Pantry Retention Initiative,Metro Region Loyalty Cohort,15908997,Health Conscious Buyers Retention Segment,1669733702699813,Shelf Story Warm Voice,6197978194612129,Brand Awareness,26.5304,10667,0,9149,17,34,100,78,52,155,155,0,0,0,0,10,0,21,0.1969,0,0,0,5860,0
2025-12-09,Social Feed,Weekend Saver Retention Initiative,Metro Region Loyalty Cohort,15908997,Health Conscious Buyers Retention Segment,4136110625615180,Offer Spotlight Bold Voice,3833443174798849,Brand Awareness,29.0173,6504,0,8817,13,15,89,37,25,65,53,0,0,0,0,13,0,21,0.3229,0,0,0,7483,0
2025-12-10,Affiliate Network,Family Pantry Retention Initiative,Metro Region Loyalty Cohort,15908997,Health Conscious Buyers Retention Segment,4976789753470273,Shelf Story Warm Voice,1220076337258804,Brand Awareness,38.7917,18148,0,10885,27,36,100,100,51,168,104,0,0,0,0,13,0,37,0.2039,0,1,0,7225,0
2025-12-11,Affiliate Network,Weekend Saver Retention Initiative,Metro Region Loyalty Cohort,15908997,Family Planners Lookalike Segment,7248228093339312,Shelf Story Bold Voice,1269408759613688,Brand Awareness,69.4379,21862,0,27377,35,75,100,100,91,231,331,0,0,0,0,28,0,81,0.3705,0,3,0,32372,0
2025-12-12,Influencer Network,Family Pantry Retention Initiative,Metro Region Loyalty Cohort,15908997,Health Conscious Buyers Interest Segment,1474840462607869,Shelf Story Warm Voice,5682500646683685,Brand Awareness,388.3582,42946,0,38853,163,100,100,100,100,4787,3549,0,0,2,0,255,0,651,1.5159,1,6,0,67132,0
2025-12-13,Marketplace Feed,Family Pantry Retention Initiative,Metro Region Loyalty Cohort,15908997,Family Planners Lookalike Segment,1665761135741679,Shelf Story Value Voice,5225143865411760,Brand Awareness,142.2080,34558,0,34362,43,78,100,100,84,361,444,0,0,0,0,221,0,308,0.8913,1,3,0,26699,0
2025-12-14,Video Network,Family Pantry Retention Initiative,Metro Region Loyalty Cohort,15908997,Family Planners Lookalike Segment,1002710949555221,Shelf Story Warm Voice,1647332301297595,Brand Awareness,65.3164,22191,0,22177,33,41,100,100,66,263,190,0,0,0,0,22,0,60,0.2704,2,0,0,11857,0
2025-12-15,Influencer Network,Seasonal Select Promo Initiative,Metro Region Loyalty Cohort,38881639,Family Planners Lookalike Segment,1421168983094447,Shelf Story Bold Voice,1136326772918040,Catalog Engagement,0.0000,0,0,0,0,0,0,0,0,0,0,0,0,0,0,0,0,0,0.0000,0,0,0,0,0
2025-12-16,Connected TV,Seasonal Select Promo Initiative,Metro Region Loyalty Cohort,15908997,Health Conscious Buyers Retention Segment,3613956286158588,Offer Spotlight Bold Voice,4607696881668990,Brand Awareness,19.0477,9650,0,6353,15,53,100,96,59,125,79,0,0,0,0,12,0,23,0.2383,0,0,0,7635,0
2025-12-17,In-App Display,Seasonal Select Promo Initiative,Metro Region Loyalty Cohort,15908997,Family Planners Lookalike Segment,1718074286658736,Offer Spotlight Bold Voice,1638167476571035,Brand Awareness,108.5665,31139,0,17365,62,100,100,100,100,497,262,0,0,0,0,92,0,115,0.3693,0,1,0,28567,0
2025-12-18,Display Network,Family Pantry Retention Initiative,Metro Region Loyalty Cohort,15908997,Family Planners Lookalike Segment,1665761135741679,Shelf Story Warm Voice,1280290142112652,Brand Awareness,7.1059,1622,0,2676,7,24,61,30,23,64,36,0,0,0,0,5,0,17,1.0481,0,0,0,2734,0
2025-12-19,Video Network,Family Pantry Retention Initiative,Metro Region Conversion Cohort,15908997,Bulk Buyers Retention Segment,1777717557426296,Shelf Story Value Voice,8084225603313437,Catalog Engagement,0.0000,0,0,0,0,0,0,0,0,0,0,0,0,0,0,0,0,0,0.0000,0,0,0,0,0
2025-12-20,Retail Media Network,Home Essentials Scale Initiative,Metro Region Prospecting Cohort,86057605,Family Planners Interest Segment,2052479131570920,Shelf Story Warm Voice,1431189176757496,Brand Awareness,0.0000,0,0,0,0,0,0,0,0,0,0,0,0,0,0,0,0,0,0.0000,0,0,0,0,0
2025-12-21,In-App Display,Family Pantry Retention Initiative,Metro Region Loyalty Cohort,15908997,Health Conscious Buyers Retention Segment,1669733702699813,Shelf Story Warm Voice,5602072675253918,Brand Awareness,75.6874,17655,0,11207,68,100,100,100,100,1469,1282,0,0,2,0,197,0,222,1.2574,0,6,0,21000,0
2025-12-22,In-App Display,Family Pantry Retention Initiative,Metro Region Loyalty Cohort,15908997,Health Conscious Buyers Interest Segment,1474840462607869,Shelf Story Warm Voice,8486205212439809,Brand Awareness,129.3707,49093,0,44349,94,100,100,100,100,714,501,0,0,1,0,81,0,157,0.3198,2,4,0,23452,0
2025-12-23,In-App Display,Family Pantry Retention Initiative,Metro Region Loyalty Cohort,15908997,Family Planners Lookalike Segment,1665761135741679,Shelf Story Warm Voice,2902136042807068,Brand Awareness,835.8360,61419,0,115354,641,100,100,100,100,15494,15178,0,0,8,0,5013,0,3653,5.9477,23,61,0,107416,0
2025-12-24,Social Feed,Family Pantry Retention Initiative,Metro Region Loyalty Cohort,15908997,Family Planners Lookalike Segment,1002710949555221,Shelf Story Warm Voice,1647332301297595,Brand Awareness,54.5250,25437,0,18879,59,34,100,100,44,246,239,0,0,0,0,37,0,105,0.4128,0,0,0,24652,0
2025-12-25,Discovery Network,Family Pantry Retention Initiative,Metro Region Loyalty Cohort,15908997,Health Conscious Buyers Interest Segment,9013382232369046,Price Drop Cut Value Voice,4186893344787278,Brand Awareness,4.6959,1289,0,1051,5,9,30,14,13,16,19,0,0,0,0,0,0,8,0.6206,0,0,0,894,0
2025-12-26,Marketplace Feed,Family Pantry Retention Initiative,Metro Region Loyalty Cohort,15908997,Family Planners Lookalike Segment,1665761135741679,Shelf Story Warm Voice,2793262031628184,Brand Awareness,205.6778,43629,0,70720,185,100,100,100,100,2109,1198,0,0,0,0,612,0,568,1.3019,0,8,0,57076,0
2025-12-27,In-App Display,Family Pantry Retention Initiative,Metro Region Loyalty Cohort,15908997,Health Conscious Buyers Interest Segment,9013382232369046,Promo Banner Friendly Voice,1538508227020088,Brand Awareness,96.2304,21305,0,32610,55,100,100,100,100,309,238,0,0,0,0,30,0,130,0.6102,0,3,0,15320,0
2025-12-28,Discovery Network,Home Essentials Scale Initiative,Metro Region Prospecting Cohort,86057605,Family Planners Interest Segment,2052479131570920,Shelf Story Bold Voice,1642534966349722,Brand Awareness,0.0000,0,0,0,0,0,0,0,0,0,0,0,0,0,0,0,0,0,0.0000,0,0,0,0,0
2025-12-29,In-App Display,Family Pantry Retention Initiative,Metro Region Loyalty Cohort,15908997,Family Planners Lookalike Segment,1665761135741679,Promo Banner Friendly Voice,1647756988327695,Brand Awareness,288.0805,75345,0,99520,107,100,100,100,100,2092,1656,0,0,1,0,470,0,649,0.8614,1,4,0,79656,0
2025-12-30,Video Network,Weekend Saver Retention Initiative,Metro Region Loyalty Cohort,15908997,Health Conscious Buyers Interest Segment,1334393532567969,Shelf Story Warm Voice,8045514033882153,Brand Awareness,571.4878,50375,0,67737,97,100,100,100,100,3353,3070,0,0,4,0,3738,0,2059,4.0873,0,18,0,65417,0
2025-12-31,Marketplace Feed,Family Pantry Retention Initiative,Central Region Loyalty Cohort,86057605,Health Conscious Buyers Interest Segment,1161108588535845,Product Reel Warm Voice,4476083296875111,Catalog Engagement,0.0000,0,0,0,0,0,0,0,0,0,0,0,0,0,0,0,0,0,0.0000,0,0,0,0,0
2025-12-01,Connected TV,Seasonal Select Promo Initiative,Metro Region Loyalty Cohort,15908997,Health Conscious Buyers Retention Segment,3613956286158588,Shelf Story Warm Voice,9626373394400677,Brand Awareness,11.4620,3076,0,3323,7,24,100,45,32,35,32,0,0,0,0,2,0,7,0.2276,0,0,0,3233,0
2025-12-02,Search Network,Weekend Saver Retention Initiative,Metro Region Loyalty Cohort,15908997,Health Conscious Buyers Retention Segment,4136110625615180,Shelf Story Warm Voice,1781261912151237,Brand Awareness,0.8413,129,0,228,0,1,3,2,1,3,4,0,0,0,0,0,0,0,0.0000,0,0,0,137,0
2025-12-03,Display Network,Family Pantry Retention Initiative,Metro Region Loyalty Cohort,15908997,Health Conscious Buyers Retention Segment,1669733702699813,Shelf Story Warm Voice,5602072675253918,Brand Awareness,47.9125,5945,0,6813,54,100,100,100,100,1173,797,0,0,0,0,34,0,76,1.2784,0,2,0,4425,0
2025-12-04,Affiliate Network,Seasonal Select Promo Initiative,Metro Region Loyalty Cohort,15908997,Family Planners Lookalike Segment,1718074286658736,Shelf Story Warm Voice,1533493773187614,Brand Awareness,413.1942,64205,0,92361,253,100,100,100,100,2329,2510,0,0,0,0,1685,0,1135,1.7678,4,18,0,67524,0
2025-12-05,Display Network,Seasonal Select Promo Initiative,Metro Region Loyalty Cohort,15908997,Family Planners Lookalike Segment,1718074286658736,Shelf Story Warm Voice,1532291780998103,Brand Awareness,498.8477,56448,0,72843,165,100,100,100,100,2622,2724,0,0,0,0,1058,0,784,1.3889,2,12,0,52171,0
2025-12-06,Marketplace Feed,Family Pantry Retention Initiative,Metro Region Loyalty Cohort,15908997,Family Planners Lookalike Segment,1665761135741679,Shelf Story Warm Voice,1450951256520921,Brand Awareness,35.3157,9256,0,8087,33,73,100,100,84,268,148,0,0,0,0,59,0,105,1.1344,0,0,0,6217,0
2025-12-07,Search Network,Family Pantry Retention Initiative,Metro Region Conversion Cohort,15908997,Bulk Buyers Retention Segment,1777717557426296,Shelf Story Value Voice,8084225603313437,Catalog Engagement,0.0000,0,0,0,0,0,0,0,0,0,0,0,0,0,0,0,0,0,0.0000,0,0,0,0,0
2025-12-08,Retail Media Network,Family Pantry Retention Initiative,Metro Region Loyalty Cohort,15908997,Health Conscious Buyers Interest Segment,9013382232369046,Shelf Story Warm Voice,3768518651506601,Brand Awareness,4.2117,516,0,1118,0,16,34,23,15,33,20,0,0,0,0,1,0,2,0.3876,0,0,0,763,0
2025-12-09,Video Network,Seasonal Select Promo Initiative,Metro Region Loyalty Cohort,15908997,Health Conscious Buyers Retention Segment,3613956286158588,Offer Spotlight Bold Voice,4607696881668990,Brand Awareness,4.3856,1228,0,969,2,2,18,5,2,8,10,0,0,0,0,0,0,5,0.4072,0,0,0,1095,0
2025-12-10,Marketplace Feed,Family Pantry Retention Initiative,Metro Region Loyalty Cohort,15908997,Health Conscious Buyers Retention Segment,1669733702699813,Shelf Story Bold Voice,4391005331160720,Brand Awareness,6.2374,1988,0,1764,4,10,51,20,13,63,67,0,0,0,0,7,0,10,0.5030,0,0,0,1609,0
2025-12-11,Discovery Network,Weekend Saver Retention Initiative,Metro Region Loyalty Cohort,15908997,Health Conscious Buyers Retention Segment,4136110625615180,Shelf Story Bold Voice,1238862856159509,Brand Awareness,2.0060,610,0,726,0,3,8,5,3,5,4,0,0,0,0,0,0,0,0.0000,0,0,0,922,0
2025-12-12,Display Network,Home Essentials Scale Initiative,Metro Region Conversion Cohort,44948390,Health Conscious Buyers Affinity Segment,1198664249496341,Collection Showcase Warm Voice,1443579063929415,Brand Awareness,0.0000,0,0,0,0,0,0,0,0,0,0,0,0,0,0,0,0,0,0.0000,0,0,0,0,0
2025-12-13,Affiliate Network,Weekend Saver Retention Initiative,Metro Region Loyalty Cohort,15908997,Family Planners Lookalike Segment,7248228093339312,Offer Spotlight Bold Voice,1757288035719114,Brand Awareness,57.3351,31343,0,31083,56,35,100,82,43,150,82,0,0,0,0,12,0,84,0.2680,0,0,0,32731,0
2025-12-14,Social Feed,Family Pantry Retention Initiative,Metro Region Loyalty Cohort,15908997,Family Planners Lookalike Segment,1002710949555221,Shelf Story Warm Voice,3185083078735744,Brand Awareness,165.2571,22484,0,25945,73,100,100,100,100,2340,1610,0,0,0,0,114,0,266,1.1831,0,3,0,37592,0
2025-12-15,Video Network,Family Pantry Retention Initiative,Metro Region Loyalty Cohort,15908997,Health Conscious Buyers Retention Segment,4976789753470273,Shelf Story Warm Voice,1212856722898025,Brand Awareness,7.8655,2585,0,2643,2,15,95,30,24,66,69,0,0,0,0,1,0,5,0.1934,0,0,0,1660,0
2025-12-16,Retail Media Network,Family Pantry Retention Initiative,Metro Region Loyalty Cohort,15908997,Family Planners Lookalike Segment,1665761135741679,Promo Banner Friendly Voice,6598720554447191,Brand Awareness,83.2616,16171,0,17519,31,38,100,85,48,200,136,0,0,0,0,74,0,83,0.5133,0,0,0,15074,0
2025-12-17,Shopping Grid,Weekend Saver Retention Initiative,Metro Region Loyalty Cohort,15908997,Family Planners Lookalike Segment,7248228093339312,Shelf Story Bold Voice,3411200546175283,Brand Awareness,79.3304,20878,0,19906,81,100,100,100,100,1495,1448,0,0,0,0,85,0,102,0.4886,1,4,0,22219,0
2025-12-18,Affiliate Network,Family Pantry Retention Initiative,Metro Region Loyalty Cohort,15908997,Health Conscious Buyers Interest Segment,9013382232369046,Shelf Story Value Voice,1103993184708534,Brand Awareness,114.1667,21247,0,39601,48,88,100,100,85,334,325,0,0,0,0,65,0,132,0.6213,0,2,0,41123,0
2025-12-19,In-App Display,Family Pantry Retention Initiative,Metro Region Loyalty Cohort,15908997,Family Planners Lookalike Segment,1665761135741679,Shelf Story Warm Voice,6549680554582288,Brand Awareness,262.4174,72886,0,60168,196,100,100,100,100,652,431,0,0,1,0,145,0,375,0.5145,0,5,0,57881,0
2025-12-20,Discovery Network,Seasonal Select Promo Initiative,Metro Region Loyalty Cohort,15908997,Health Conscious Buyers Interest Segment,1532426936569806,Shelf Story Warm Voice,7193200529405455,Brand Awareness,36.3545,12512,0,9968,20,66,100,100,89,79,50,0,0,0,0,10,0,21,0.1678,0,0,0,14894,0
2025-12-21,Search Network,Family Pantry Retention Initiative,Metro Region Loyalty Cohort,15908997,Health Conscious Buyers Interest Segment,9013382232369046,Shelf Story Warm Voice,1099249066640891,Brand Awareness,243.7970,35633,0,25720,143,100,100,100,100,5582,4816,0,0,7,0,420,0,489,1.3723,4,15,0,24880,0
2025-12-22,Shopping Grid,Weekend Saver Retention Initiative,Metro Region Loyalty Cohort,15908997,Health Conscious Buyers Interest Segment,1334393532567969,Price Drop Cut Value Voice,1109002298095593,Brand Awareness,410.2564,107818,0,112253,235,100,100,100,100,3020,1301,0,0,2,0,660,0,653,0.6057,0,2,0,107126,0
2025-12-23,Influencer Network,Family Pantry Retention Initiative,Metro Region Loyalty Cohort,15908997,Health Conscious Buyers Interest Segment,9013382232369046,Shelf Story Warm Voice,1177430610668804,Brand Awareness,1099.3043,151881,0,154987,832,100,100,100,100,32008,24832,0,0,32,0,4370,0,5479,3.6074,21,114,0,209247,0
2025-12-24,Social Feed,Family Pantry Retention Initiative,Metro Region Loyalty Cohort,15908997,Family Planners Lookalike Segment,1665761135741679,Collection Showcase Warm Voice,5654112849815777,Brand Awareness,180.1543,31225,0,23169,74,100,100,100,100,1079,747,0,0,0,0,197,0,279,0.8935,0,2,0,34710,0
2025-12-25,Influencer Network,Seasonal Select Promo Initiative,Metro Region Loyalty Cohort,15908997,Family Planners Lookalike Segment,1718074286658736,Promo Banner Warm Voice,1089449421739833,Brand Awareness,377.0342,91624,0,84533,201,100,100,100,100,3826,4698,0,0,5,0,1666,0,1722,1.8794,4,14,0,78941,0
2025-12-26,Connected TV,Family Pantry Retention Initiative,Metro Region Loyalty Cohort,15908997,Health Conscious Buyers Interest Segment,9013382232369046,Shelf Story Warm Voice,8148838999548557,Brand Awareness,2.5417,669,0,721,1,6,17,11,5,18,9,0,0,0,0,4,0,6,0.8969,0,0,0,371,0
2025-12-27,Video Network,Family Pantry Retention Initiative,Metro Region Loyalty Cohort,15908997,Family Planners Lookalike Segment,1665761135741679,Price Drop Cut Value Voice,1192366617925175,Brand Awareness,137.1097,45456,0,39134,52,100,100,100,100,577,332,0,0,0,0,122,0,170,0.3740,0,1,0,51611,0
2025-12-28,Connected TV,Family Pantry Retention Initiative,Metro Region Loyalty Cohort,15908997,Family Planners Lookalike Segment,1002710949555221,Offer Spotlight Bold Voice,7401589860358191,Brand Awareness,79.2561,24105,0,25122,49,54,100,100,87,446,358,0,0,0,0,61,0,129,0.5352,0,0,0,18831,0
2025-12-29,Video Network,Family Pantry Retention Initiative,Metro Region Loyalty Cohort,15908997,Health Conscious Buyers Interest Segment,1474840462607869,Shelf Story Warm Voice,8486205212439809,Brand Awareness,117.2957,45352,0,35841,98,100,100,100,100,742,567,0,0,0,0,97,0,192,0.4234,0,0,0,52135,0
2025-12-30,Shopping Grid,Family Pantry Retention Initiative,Metro Region Loyalty Cohort,15908997,Family Planners Lookalike Segment,1665761135741679,Shelf Story Warm Voice,2616618213121749,Brand Awareness,1219.7090,193144,0,279458,1012,100,100,100,100,39651,31739,0,0,50,0,9094,0,6122,3.1697,36,232,0,148638,0
2025-12-31,Video Network,Seasonal Select Promo Initiative,Metro Region Loyalty Cohort,15908997,Health Conscious Buyers Interest Segment,1532426936569806,Shelf Story Warm Voice,9953353036347574,Brand Awareness,116.3691,58507,0,35676,79,100,100,100,100,297,208,0,0,0,0,25,0,133,0.2273,1,0,0,25769,0
2025-12-01,Affiliate Network,Weekend Saver Retention Initiative,Metro Region Loyalty Cohort,15908997,Health Conscious Buyers Retention Segment,4136110625615180,Price Drop Cut Value Voice,1682844113945221,Brand Awareness,6.6423,2839,0,1762,1,9,33,14,10,20,19,0,0,0,0,0,0,3,0.1057,0,0,0,1531,0
2025-12-02,Marketplace Feed,Weekend Saver Retention Initiative,Metro Region Loyalty Cohort,15908997,Family Planners Lookalike Segment,7248228093339312,Price Drop Cut Value Voice,9781212069592701,Brand Awareness,115.1292,33309,0,47326,97,100,100,100,100,768,503,0,0,0,0,83,0,113,0.3392,0,1,0,39665,0
2025-12-03,In-App Display,Family Pantry Retention Initiative,Metro Region Conversion Cohort,15908997,Family Planners Lookalike Segment,3017606229260592,Shelf Story Value Voice,5691206288583839,Catalog Engagement,0.0000,0,0,0,0,0,0,0,0,0,0,0,0,0,0,0,0,0,0.0000,0,0,0,0,0
2025-12-04,Affiliate Network,Family Pantry Retention Initiative,Metro Region Conversion Cohort,15908997,Weekend Deal Hunters Interest Segment,6202516839870495,Shelf Story Value Voice,1077582730962642,Catalog Engagement,0.0000,0,0,0,0,0,0,0,0,0,0,0,0,0,0,0,0,0,0.0000,0,0,0,0,0
2025-12-05,Discovery Network,Family Pantry Retention Initiative,Metro Region Loyalty Cohort,15908997,Family Planners Lookalike Segment,1665761135741679,Shelf Story Bold Voice,1220357368781053,Brand Awareness,51.0738,8321,0,6864,37,41,100,69,54,230,228,0,0,0,0,107,0,140,1.6825,0,0,0,5914,0
2025-12-06,Search Network,Family Pantry Retention Initiative,Metro Region Loyalty Cohort,15908997,Health Conscious Buyers Interest Segment,1474840462607869,Shelf Story Warm Voice,9110304031000052,Brand Awareness,200.7157,33493,0,38783,49,100,100,100,100,1706,2430,0,0,1,0,408,0,547,1.6332,3,3,0,38542,0
2025-12-07,Marketplace Feed,Seasonal Select Promo Initiative,Metro Region Loyalty Cohort,15908997,Family Planners Lookalike Segment,1718074286658736,Shelf Story Bold Voice,4278310985669178,Brand Awareness,419.2691,82914,0,64725,105,100,100,100,100,1779,1528,0,0,0,0,1148,0,1237,1.4919,0,8,0,93879,0
2025-12-08,Video Network,Home Essentials Scale Initiative,Metro Region Prospecting Cohort,86057605,Family Planners Interest Segment,2052479131570920,Shelf Story Warm Voice,6668703011220466,Brand Awareness,0.0000,0,0,0,0,0,0,0,0,0,0,0,0,0,0,0,0,0,0.0000,0,0,0,0,0
2025-12-09,Retail Media Network,Family Pantry Retention Initiative,Metro Region Loyalty Cohort,15908997,Health Conscious Buyers Interest Segment,9013382232369046,Promo Banner Friendly Voice,1255871739760170,Brand Awareness,5.0671,774,0,703,3,12,25,15,12,27,20,0,0,0,0,0,0,6,0.7752,0,0,0,867,0
2025-12-10,Affiliate Network,Family Pantry Retention Initiative,Metro Region Loyalty Cohort,15908997,Health Conscious Buyers Retention Segment,1669733702699813,Shelf Story Warm Voice,6197978194612129,Brand Awareness,12.8746,2275,0,1924,1,23,69,47,30,60,48,0,0,0,0,2,0,5,0.2198,0,0,0,2559,0
2025-12-11,Affiliate Network,Family Pantry Retention Initiative,Metro Region Loyalty Cohort,15908997,Health Conscious Buyers Interest Segment,1474840462607869,Shelf Story Warm Voice,4340134105081797,Brand Awareness,490.0402,90265,0,98528,313,100,100,100,100,9560,8308,0,0,3,0,1391,0,2170,2.4040,6,30,0,57632,0
2025-12-12,Influencer Network,Family Pantry Retention Initiative,Metro Region Loyalty Cohort,15908997,Health Conscious Buyers Retention Segment,4976789753470273,Shelf Story Warm Voice,1220076337258804,Brand Awareness,6.3384,2016,0,2792,4,6,28,9,8,17,23,0,0,0,0,1,0,7,0.3472,0,0,0,1819,0
2025-12-13,Social Feed,Seasonal Select Promo Initiative,Metro Region Loyalty Cohort,15908997,Health Conscious Buyers Interest Segment,1532426936569806,Offer Spotlight Bold Voice,4433422745438620,Brand Awareness,14.9409,3487,0,4433,6,10,56,22,14,31,22,0,0,0,0,1,0,7,0.2007,0,0,0,4134,0
2025-12-14,Marketplace Feed,Family Pantry Retention Initiative,Metro Region Loyalty Cohort,15908997,Health Conscious Buyers Interest Segment,9013382232369046,Shelf Story Warm Voice,5257839822274418,Brand Awareness,143.7244,32274,0,39550,62,100,100,100,100,797,1030,0,0,2,0,73,0,256,0.7932,0,2,0,38320,0
2025-12-15,Social Feed,Seasonal Select Promo Initiative,Metro Region Loyalty Cohort,15908997,Health Conscious Buyers Interest Segment,1532426936569806,Offer Spotlight Value Voice,2894551765052346,Brand Awareness,3.7782,883,0,1055,1,16,77,29,18,21,16,0,0,0,0,0,0,1,0.1133,0,0,0,563,0
2025-12-16,Connected TV,Weekend Saver Retention Initiative,Metro Region Loyalty Cohort,15908997,Family Planners Lookalike Segment,7248228093339312,Shelf Story Warm Voice,6451368560487732,Brand Awareness,132.8901,31340,0,33902,36,76,100,100,100,538,544,0,0,0,0,66,0,147,0.4690,1,4,0,42580,0
2025-12-17,Marketplace Feed,Seasonal Select Promo Initiative,Metro Region Loyalty Cohort,15908997,Health Conscious Buyers Retention Segment,3613956286158588,Shelf Story Warm Voice,2259713911990191,Brand Awareness,10.3807,3656,0,3771,6,39,100,90,48,44,35,0,0,0,0,4,0,15,0.4103,0,1,0,2370,0
2025-12-18,In-App Display,Weekend Saver Retention Initiative,Metro Region Loyalty Cohort,15908997,Health Conscious Buyers Interest Segment,1334393532567969,Shelf Story Bold Voice,7232280368739505,Brand Awareness,389.2040,44412,0,46835,290,100,100,100,100,5479,3966,0,0,6,0,2748,0,1510,3.4000,6,15,0,58711,0
2025-12-19,Retail Media Network,Family Pantry Retention Initiative,Metro Region Loyalty Cohort,15908997,Health Conscious Buyers Retention Segment,1669733702699813,Promo Banner Friendly Voice,1414897562821209,Brand Awareness,3.9285,836,0,827,0,1,18,6,2,15,10,0,0,0,0,1,0,1,0.1196,0,0,0,1106,0
2025-12-20,Discovery Network,Family Pantry Retention Initiative,Metro Region Loyalty Cohort,15908997,Health Conscious Buyers Retention Segment,4976789753470273,Shelf Story Warm Voice,4041974945367907,Brand Awareness,27.1491,5863,0,5736,19,95,100,100,100,487,296,0,0,0,0,23,0,45,0.7675,0,0,0,4425,0
2025-12-21,Marketplace Feed,Weekend Saver Retention Initiative,Metro Region Loyalty Cohort,15908997,Health Conscious Buyers Interest Segment,1334393532567969,Price Drop Cut Value Voice,2051943278335934,Brand Awareness,246.6056,57502,0,76072,125,100,100,100,100,516,344,0,0,0,0,180,0,296,0.5148,1,1,0,67111,0
2025-12-22,Video Network,Family Pantry Retention Initiative,Metro Region Loyalty Cohort,15908997,Health Conscious Buyers Retention Segment,1669733702699813,Collection Showcase Warm Voice,1788908453907262,Brand Awareness,13.2933,2472,0,2401,2,19,76,29,19,84,81,0,0,0,0,3,0,5,0.2023,0,0,0,2923,0
2025-12-23,Retail Media Network,Family Pantry Retention Initiative,Metro Region Loyalty Cohort,15908997,Health Conscious Buyers Retention Segment,1669733702699813,Promo Banner Friendly Voice,4647140982681565,Brand Awareness,45.6314,9015,0,7470,16,91,100,100,100,302,366,0,0,0,0,13,0,24,0.2662,0,2,0,7894,0
2025-12-24,Connected TV,Seasonal Select Promo Initiative,Metro Region Loyalty Cohort,15908997,Health Conscious Buyers Retention Segment,3613956286158588,Shelf Story Bold Voice,1755467445485119,Brand Awareness,10.4207,2375,0,3518,10,21,100,43,29,27,33,0,0,0,0,6,0,13,0.5474,0,0,0,3298,0
2025-12-25,Search Network,Weekend Saver Retention Initiative,Metro Region Loyalty Cohort,15908997,Health Conscious Buyers Interest Segment,1334393532567969,Shelf Story Warm Voice,2520693897922300,Brand Awareness,303.9389,79446,0,96223,124,100,100,100,100,1966,2191,0,0,1,0,1438,0,845,1.0636,1,7,0,104913,0
2025-12-26,Video Network,Family Pantry Retention Initiative,Metro Region Loyalty Cohort,15908997,Family Planners Lookalike Segment,1665761135741679,Shelf Story Value Voice,5225143865411760,Brand Awareness,162.0988,28025,0,44350,75,100,100,100,100,487,562,0,0,0,0,290,0,307,1.0955,0,8,0,31798,0
2025-12-27,Affiliate Network,Family Pantry Retention Initiative,Metro Region Loyalty Cohort,15908997,Family Planners Lookalike Segment,1002710949555221,Shelf Story Warm Voice,1655044419034925,Brand Awareness,35.9286,6345,0,12139,16,100,100,100,100,389,246,0,0,0,0,39,0,72,1.1348,0,0,0,9454,0
2025-12-28,In-App Display,Weekend Saver Retention Initiative,Metro Region Loyalty Cohort,15908997,Health Conscious Buyers Retention Segment,4136110625615180,Price Drop Cut Value Voice,1316048837324374,Brand Awareness,10.8958,2819,0,2463,5,9,100,24,11,48,33,0,0,0,0,3,0,10,0.3547,0,0,0,3131,0
2025-12-29,Connected TV,Family Pantry Retention Initiative,Metro Region Loyalty Cohort,15908997,Family Planners Lookalike Segment,1665761135741679,Shelf Story Warm Voice,2902136042807068,Brand Awareness,583.1048,64719,0,75476,448,100,100,100,100,14127,10560,0,0,11,0,4369,0,2815,4.3496,4,50,0,91790,0
2025-12-30,Connected TV,Family Pantry Retention Initiative,Metro Region Loyalty Cohort,15908997,Health Conscious Buyers Interest Segment,1474840462607869,Shelf Story Warm Voice,5682500646683685,Brand Awareness,368.3741,52170,0,80386,169,100,100,100,100,6746,4014,0,0,5,0,795,0,1111,2.1296,1,12,0,70206,0
2025-12-31,In-App Display,Family Pantry Retention Initiative,Metro Region Loyalty Cohort,15908997,Family Planners Lookalike Segment,1002710949555221,Shelf Story Warm Voice,5797898098365146,Brand Awareness,470.2262,80886,0,92420,213,100,100,100,100,7295,5941,0,0,0,0,915,0,658,0.8135,3,14,0,73957,0
2025-12-01,Retail Media Network,Weekend Saver Retention Initiative,Metro Region Loyalty Cohort,15908997,Family Planners Lookalike Segment,7248228093339312,Price Drop Cut Value Voice,9318406623487279,Brand Awareness,124.0502,35836,0,47530,76,65,100,100,81,214,256,0,0,0,0,22,0,157,0.4381,4,4,0,46691,0
2025-12-02,Search Network,Weekend Saver Retention Initiative,Metro Region Loyalty Cohort,15908997,Health Conscious Buyers Retention Segment,4136110625615180,Shelf Story Bold Voice,5160906508093401,Brand Awareness,22.2646,4467,0,3733,9,93,100,100,100,300,236,0,0,0,0,7,0,23,0.5149,0,0,0,3315,0
2025-12-03,Connected TV,Family Pantry Retention Initiative,Metro Region Loyalty Cohort,15908997,Family Planners Lookalike Segment,1665761135741679,Shelf Story Warm Voice,1280290142112652,Brand Awareness,10.4292,2286,0,2689,15,26,100,41,31,100,61,0,0,0,0,36,0,50,2.1872,0,0,0,4005,0
2025-12-04,Discovery Network,Seasonal Select Promo Initiative,Metro Region Loyalty Cohort,15908997,Family Planners Lookalike Segment,1718074286658736,Offer Spotlight Bold Voice,1638167476571035,Brand Awareness,156.0344,45081,0,29913,59,100,100,100,100,616,745,0,0,1,0,446,0,227,0.5035,0,1,0,29010,0
2025-12-05,Discovery Network,Family Pantry Retention Initiative,Metro Region Loyalty Cohort,15908997,Health Conscious Buyers Interest Segment,1474840462607869,Offer Spotlight Bold Voice,3530423296641236,Brand Awareness,129.3486,39550,0,54968,74,100,100,100,100,1114,621,0,0,1,0,152,0,337,0.8521,1,3,0,41051,0
2025-12-06,Discovery Network,Family Pantry Retention Initiative,Metro Region Loyalty Cohort,15908997,Health Conscious Buyers Retention Segment,1669733702699813,Shelf Story Warm Voice,2604915282803870,Brand Awareness,1.9282,716,0,612,8,0,28,3,1,21,21,0,0,0,0,0,0,4,0.5587,0,0,0,992,0
2025-12-07,Social Feed,Family Pantry Retention Initiative,Metro Region Loyalty Cohort,15908997,Health Conscious Buyers Retention Segment,4976789753470273,Shelf Story Warm Voice,5506678816268127,Brand Awareness,32.9084,7766,0,7741,20,100,100,100,100,967,854,0,0,0,0,39,0,70,0.9014,0,1,0,7838,0
2025-12-08,Retail Media Network,Seasonal Select Promo Initiative,Metro Region Loyalty Cohort,15908997,Health Conscious Buyers Retention Segment,3613956286158588,Promo Banner Warm Voice,3456261421148856,Brand Awareness,10.6703,2765,0,2721,5,45,100,100,78,60,33,0,0,0,0,4,0,14,0.5063,0,0,0,2680,0
2025-12-09,Discovery Network,Weekend Saver Retention Initiative,Metro Region Loyalty Cohort,15908997,Health Conscious Buyers Retention Segment,4136110625615180,Offer Spotlight Bold Voice,3833443174798849,Brand Awareness,3.9119,1996,0,1924,2,3,20,3,3,13,10,0,0,0,0,1,0,4,0.2004,0,0,0,1120,0
2025-12-10,Search Network,Weekend Saver Retention Initiative,Metro Region Loyalty Cohort,15908997,Health Conscious Buyers Interest Segment,1334393532567969,Shelf Story Bold Voice,8314765461987923,Brand Awareness,167.9792,48206,0,32688,96,98,100,100,100,453,300,0,0,0,0,179,0,191,0.3962,0,2,0,44292,0
2025-12-11,Retail Media Network,Weekend Saver Retention Initiative,Metro Region Loyalty Cohort,15908997,Health Conscious Buyers Interest Segment,1334393532567969,Offer Spotlight Bold Voice,3220054077294586,Brand Awareness,172.7079,55690,0,46474,102,73,100,100,100,368,489,0,0,0,0,321,0,334,0.5997,0,4,0,60673,0
2025-12-12,Influencer Network,Weekend Saver Retention Initiative,Metro Region Loyalty Cohort,15908997,Family Planners Lookalike Segment,7248228093339312,Shelf Story Bold Voice,1269408759613688,Brand Awareness,35.5776,11929,0,13883,55,39,100,72,48,126,96,0,0,0,0,13,0,56,0.4694,0,0,0,14231,0
2025-12-13,In-App Display,Weekend Saver Retention Initiative,Metro Region Loyalty Cohort,15908997,Health Conscious Buyers Retention Segment,4136110625615180,Shelf Story Warm Voice,5443423299390877,Brand Awareness,9.6218,2859,0,3586,15,6,38,19,10,35,28,0,0,0,0,2,0,22,0.7695,0,0,0,2663,0
2025-12-14,Marketplace Feed,Family Pantry Retention Initiative,Metro Region Loyalty Cohort,15908997,Health Conscious Buyers Interest Segment,9013382232369046,Collection Showcase Warm Voice,3199746654625132,Brand Awareness,10.5942,2254,0,3569,14,21,50,29,21,65,47,0,0,0,0,7,0,14,0.6211,0,0,0,2589,0
2025-12-15,Retail Media Network,Family Pantry Retention Initiative,Metro Region Loyalty Cohort,86057605,Health Conscious Buyers Interest Segment,1317849022166581,Shelf Story Warm Voice,4835139745633214,Brand Awareness,0.0000,0,0,0,0,0,0,0,0,0,0,0,0,0,0,0,0,0,0.0000,0,0,0,0,0
2025-12-16,In-App Display,Family Pantry Retention Initiative,Metro Region Loyalty Cohort,15908997,Health Conscious Buyers Retention Segment,1669733702699813,Shelf Story Warm Voice,1173063753252113,Brand Awareness,82.1718,18003,0,14947,78,100,100,100,100,3315,2255,0,0,2,0,104,0,173,0.9610,1,10,0,11211,0
2025-12-17,Video Network,Family Pantry Retention Initiative,Metro Region Loyalty Cohort,15908997,Health Conscious Buyers Retention Segment,1669733702699813,Shelf Story Value Voice,1365467474223726,Brand Awareness,21.4352,3696,0,4504,8,19,90,33,20,77,62,0,0,0,0,5,0,19,0.5141,0,0,0,4199,0
2025-12-18,Social Feed,Family Pantry Retention Initiative,Metro Region Loyalty Cohort,15908997,Health Conscious Buyers Retention Segment,1669733702699813,Shelf Story Warm Voice,1837904232519606,Brand Awareness,39.0666,9895,0,9467,28,61,100,100,74,345,193,0,0,0,0,23,0,60,0.6064,0,1,0,10938,0
2025-12-19,Marketplace Feed,Seasonal Select Promo Initiative,Metro Region Loyalty Cohort,15908997,Health Conscious Buyers Interest Segment,1532426936569806,Promo Banner Warm Voice,5732401046815275,Brand Awareness,172.4901,42512,0,45957,81,100,100,100,100,718,595,0,0,0,0,65,0,135,0.3176,0,2,0,43266,0
2025-12-20,In-App Display,Family Pantry Retention Initiative,Metro Region Loyalty Cohort,15908997,Health Conscious Buyers Interest Segment,9013382232369046,Shelf Story Warm Voice,1641518074556035,Brand Awareness,15.7944,3366,0,3596,14,8,32,16,9,30,23,0,0,0,0,3,0,22,0.6536,0,0,0,4737,0
2025-12-21,In-App Display,Family Pantry Retention Initiative,Metro Region Loyalty Cohort,15908997,Health Conscious Buyers Retention Segment,4976789753470273,Offer Spotlight Bold Voice,1582932391745882,Brand Awareness,13.1251,3476,0,4255,4,15,95,32,20,90,101,0,0,0,0,12,0,18,0.5178,0,0,0,2157,0
2025-12-22,Display Network,Seasonal Select Promo Initiative,Metro Region Loyalty Cohort,15908997,Family Planners Lookalike Segment,1718074286658736,Offer Spotlight Value Voice,2074777970281390,Brand Awareness,194.3877,21517,0,25624,99,100,100,100,100,909,553,0,0,0,0,203,0,424,1.9705,2,6,0,32475,0
2025-12-23,Retail Media Network,Family Pantry Retention Initiative,Metro Region Loyalty Cohort,15908997,Health Conscious Buyers Retention Segment,1669733702699813,Shelf Story Warm Voice,4211876559793011,Brand Awareness,16.5517,5439,0,4750,3,9,86,24,14,40,48,0,0,0,0,3,0,9,0.1655,0,0,0,3093,0
2025-12-24,Influencer Network,Seasonal Select Promo Initiative,Metro Region Loyalty Cohort,15908997,Health Conscious Buyers Interest Segment,1532426936569806,Shelf Story Bold Voice,1082336609132049,Brand Awareness,80.1981,32863,0,31531,26,100,100,100,100,172,83,0,0,0,0,15,0,88,0.2678,0,0,0,26670,0
2025-12-25,Influencer Network,Family Pantry Retention Initiative,Metro Region Loyalty Cohort,15908997,Health Conscious Buyers Interest Segment,9013382232369046,Shelf Story Bold Voice,5904212741788775,Brand Awareness,3.7481,1063,0,575,1,5,23,9,7,26,27,0,0,0,0,3,0,5,0.4704,0,0,0,627,0
2025-12-26,Shopping Grid,Weekend Saver Retention Initiative,Metro Region Loyalty Cohort,15908997,Family Planners Lookalike Segment,7248228093339312,Shelf Story Warm Voice,1150526236199258,Brand Awareness,28.3171,3568,0,5951,9,22,100,48,29,103,111,0,0,0,0,25,0,45,1.2612,0,0,0,5444,0
2025-12-27,Retail Media Network,Family Pantry Retention Initiative,Metro Region Conversion Cohort,15908997,Family Planners Lookalike Segment,5543611230519311,Offer Spotlight Friendly Voice,1716769906634105,Catalog Engagement,0.0000,0,0,0,0,0,0,0,0,0,0,0,0,0,0,0,0,0,0.0000,0,0,0,0,0
2025-12-28,In-App Display,Family Pantry Retention Initiative,Metro Region Loyalty Cohort,15908997,Health Conscious Buyers Retention Segment,1669733702699813,Price Drop Cut Value Voice,6906673719698824,Brand Awareness,14.8374,6067,0,5999,9,40,100,71,58,85,67,0,0,0,0,4,0,19,0.3132,0,1,0,6007,0
2025-12-29,Discovery Network,Seasonal Select Promo Initiative,Metro Region Loyalty Cohort,15908997,Health Conscious Buyers Retention Segment,3613956286158588,Offer Spotlight Value Voice,9011752711561329,Brand Awareness,2.0208,429,0,587,1,6,33,14,9,7,5,0,0,0,0,0,0,2,0.4662,0,0,0,581,0
2025-12-30,Retail Media Network,Family Pantry Retention Initiative,Metro Region Loyalty Cohort,15908997,Health Conscious Buyers Retention Segment,1669733702699813,Shelf Story Warm Voice,4211876559793011,Brand Awareness,11.4730,3030,0,3424,13,25,96,30,23,59,34,0,0,0,0,6,0,21,0.6931,0,1,0,2010,0
2025-12-31,Influencer Network,Family Pantry Retention Initiative,Metro Region Loyalty Cohort,15908997,Health Conscious Buyers Interest Segment,1474840462607869,Shelf Story Warm Voice,9110304031000052,Brand Awareness,77.0439,22998,0,17835,23,100,100,100,100,733,585,0,0,0,0,32,0,106,0.4609,0,0,0,19879,0
2025-12-01,Shopping Grid,Seasonal Select Promo Initiative,Metro Region Loyalty Cohort,15908997,Health Conscious Buyers Retention Segment,3613956286158588,Shelf Story Warm Voice,2259713911990191,Brand Awareness,1.8791,442,0,520,5,11,67,20,13,14,8,0,0,0,0,1,0,5,1.1312,0,0,0,472,0
2025-12-02,Discovery Network,Weekend Saver Retention Initiative,Metro Region Loyalty Cohort,15908997,Family Planners Lookalike Segment,7248228093339312,Shelf Story Warm Voice,6451368560487732,Brand Awareness,101.1024,30119,0,38505,78,62,100,100,100,659,568,0,0,1,0,62,0,125,0.4150,0,0,0,47006,0
2025-12-03,Social Feed,Family Pantry Retention Initiative,Metro Region Loyalty Cohort,15908997,Health Conscious Buyers Retention Segment,1669733702699813,Shelf Story Warm Voice,1837904232519606,Brand Awareness,38.7999,4990,0,3544,12,53,100,100,58,305,267,0,0,0,0,34,0,27,0.5411,0,2,0,6889,0
2025-12-04,Shopping Grid,Family Pantry Retention Initiative,Metro Region Loyalty Cohort,15908997,Health Conscious Buyers Interest Segment,9013382232369046,Shelf Story Warm Voice,1641518074556035,Brand Awareness,122.2098,42548,0,26779,47,77,100,100,87,234,199,0,0,0,0,29,0,81,0.1904,0,1,0,34986,0
2025-12-05,Search Network,Seasonal Select Promo Initiative,Metro Region Loyalty Cohort,15908997,Health Conscious Buyers Retention Segment,3613956286158588,Offer Spotlight Value Voice,9011752711561329,Brand Awareness,0.4300,88,0,71,1,2,7,3,2,3,4,0,0,0,0,0,0,1,1.1364,0,0,0,62,0
2025-12-06,Discovery Network,Family Pantry Retention Initiative,Metro Region Loyalty Cohort,15908997,Health Conscious Buyers Retention Segment,1669733702699813,Promo Banner Friendly Voice,1414897562821209,Brand Awareness,2.9389,561,0,508,1,8,18,8,8,18,10,0,0,0,0,1,0,2,0.3565,0,0,0,482,0
2025-12-07,Shopping Grid,Family Pantry Retention Initiative,Metro Region Loyalty Cohort,15908997,Family Planners Lookalike Segment,1665761135741679,Shelf Story Warm Voice,2793262031628184,Brand Awareness,284.5989,60176,0,45459,95,100,100,100,100,1776,2138,0,0,2,0,486,0,538,0.8940,1,9,0,44588,0
2025-12-08,Connected TV,Family Pantry Retention Initiative,Metro Region Loyalty Cohort,15908997,Health Conscious Buyers Retention Segment,4976789753470273,Shelf Story Warm Voice,1212856722898025,Brand Awareness,0.1989,62,0,73,0,1,3,1,1,2,1,0,0,0,0,0,0,0,0.0000,0,0,0,43,0
2025-12-09,Retail Media Network,Family Pantry Retention Initiative,Metro Region Loyalty Cohort,15908997,Health Conscious Buyers Interest Segment,9013382232369046,Promo Banner Friendly Voice,1538508227020088,Brand Awareness,183.9241,47001,0,64532,90,100,100,100,100,661,429,0,0,1,0,106,0,215,0.4574,0,2,0,45045,0
2025-12-10,Retail Media Network,Family Pantry Retention Initiative,Metro Region Conversion Cohort,15908997,Bulk Buyers Retention Segment,1412316301536073,Offer Spotlight Friendly Voice,9097155454198752,Catalog Engagement,0.0000,0,0,0,0,0,0,0,0,0,0,0,0,0,0,0,0,0,0.0000,0,0,0,0,0
2025-12-11,Display Network,Family Pantry Retention Initiative,Metro Region Loyalty Cohort,15908997,Family Planners Lookalike Segment,1665761135741679,Promo Banner Friendly Voice,1647756988327695,Brand Awareness,173.9565,63738,0,66596,82,100,100,100,100,880,757,0,0,1,0,145,0,444,0.6966,2,4,0,76776,0
2025-12-12,Influencer Network,Weekend Saver Retention Initiative,Metro Region Loyalty Cohort,15908997,Family Planners Lookalike Segment,7248228093339312,Shelf Story Bold Voice,3411200546175283,Brand Awareness,233.9662,44373,0,22054,154,100,100,100,100,2728,2004,0,0,2,0,357,0,548,1.2350,0,5,0,42841,0
