DATE,PLATFORM,CAMPAIGN_NAME,CAMPAIGN_GROUP,CAMPAIGN_ID,ADSET_NAME,ADSET_ID,AD_NAME,AD_ID,OBJECTIVE,AMOUNT_SPENT,IMPRESSIONS,CONVERSIONS,REACH,CLICKS,VIDEO_PLAYS_AT_100,VIDEO_PLAYS_AT_25,VIDEO_PLAYS_AT_50,VIDEO_PLAYS_AT_75,FOCUSSED_VIEW_15SEC,VIDEO_VIEWS,VIDEO_THRUPLAY,VIDEO_PLAY_ACTIONS,COMMENTS,LEADS,LIKES,LINK_CLICKS,ENGAGEMENT,ENGAGEMENT_RATE,SHARES,FOLLOWS,VIEW_THROUGH_CONVERSION,VIDEO_STARTS,PURCHASE
2025-11-01,Shopping Grid,Seasonal Select Demand Initiative,Metro Region Loyalty Cohort,11970007606,Health Conscious Buyers Interest Segment,141258509277,Offer Spotlight Bold Voice,135939338663,Brand Awareness,65.2106,12300,17,0,17,0.4848,2.1141,1.0436,0.6154,0,3825,0,0,0,0,0,0,3001,24.3984,0,0,0,0,0
2025-11-02,In-App Display,Seasonal Select Demand Initiative,Metro Region Loyalty Cohort,11970007606,Bulk Buyers Retention Segment,148145023481,Offer Spotlight Bold Voice,846119584281,Brand Awareness,47.1240,8558,3,0,16,0.9859,4.5622,1.9869,1.438,0,3537,0,0,0,0,0,0,5128,59.9205,0,0,0,0,0
2025-11-03,Connected TV,Seasonal Select Demand Initiative,Metro Region Loyalty Cohort,11970007606,Family Planners Lookalike Segment,840964668242,Offer Spotlight Bold Voice,143148175809,Brand Awareness,51.0669,10266,14,0,26,2.0561,5.1945,3.0921,2.2508,0,3228,0,0,0,0,0,0,3194,31.1124,0,0,0,0,0
2025-11-04,Influencer Network,Seasonal Select Demand Initiative,Metro Region Loyalty Cohort,11970007606,Family Planners Lookalike Segment,840964668242,Offer Spotlight Bold Voice,143148175809,Brand Awareness,41.2807,8590,9,0,17,0.7501,3.9741,2.0289,1.2484,0,3370,0,0,0,0,0,0,2664,31.0128,0,0,0,0,0
2025-11-05,Search Network,Seasonal Select Demand Initiative,Metro Region Loyalty Cohort,11970007606,Health Conscious Buyers Interest Segment,141258509277,Offer Spotlight Bold Voice,135939338663,Brand Awareness,44.4261,12307,17,0,25,0.6482,1.9068,1.0587,0.7563,0,4468,0,0,0,0,0,0,5310,43.1462,0,0,0,0,0
2025-11-06,Retail Media Network,Seasonal Select Demand Initiative,Metro Region Loyalty Cohort,11970007606,Bulk Buyers Retention Segment,148145023481,Offer Spotlight Bold Voice,846119584281,Brand Awareness,52.9112,22052,12,0,42,0.9909,4.5831,2.3528,1.4539,0,2824,0,0,0,0,0,0,7298,33.0945,0,0,0,0,0
2025-11-07,Influencer Network,Seasonal Select Demand Initiative,Metro Region Loyalty Cohort,11970007606,Family Planners Lookalike Segment,840964668242,Offer Spotlight Bold Voice,143148175809,Brand Awareness,40.5596,9303,9,0,33,1.0533,3.3471,1.7770,1.3288,0,1273,0,0,0,0,0,0,4684,50.3493,0,0,0,0,0
2025-11-08,Connected TV,Seasonal Select Demand Initiative,Metro Region Loyalty Cohort,11970007606,Bulk Buyers Retention Segment,148145023481,Offer Spotlight Bold Voice,846119584281,Brand Awareness,93.2244,13203,16,0,37,0.7692,3.7478,1.8378,1.1413,0,4982,0,0,0,0,0,0,6859,51.9503,0,0,0,0,0
2025-11-09,Discovery Network,Seasonal Select Demand Initiative,Metro Region Loyalty Cohort,11970007606,Health Conscious Buyers Interest Segment,141258509277,Offer Spotlight Bold Voice,135939338663,Brand Awareness,34.0286,4147,7,0,9,0.924,1.9858,1.2887,0.986,0,1916,0,0,0,0,0,0,1278,30.8175,0,0,0,0,0
2025-11-10,Retail Media Network,Home Essentials Promo Initiative,East Region Conversion Cohort,18477671,Family Planners Interest Segment,426460522604668080,Offer Spotlight Bold Voice,961469379678885435,Brand Awareness,143.6566,103732,0,65149,164,100,100,100,100,0,481,397,68941,0,0,0,22,5808,5.5990,0,0,0,0,0
2025-11-11,Search Network,Home Essentials Promo Initiative,East Region Conversion Cohort,18477671,Health Conscious Buyers Interest Segment,744937521596374624,Offer Spotlight Bold Voice,160997656439243393,Brand Awareness,140.9954,50788,0,74603,169,100,100,100,100,0,471,361,58459,0,0,0,35,4018,7.9113,0,0,0,0,0
2025-11-12,Affiliate Network,Home Essentials Promo Initiative,East Region Conversion Cohort,18477671,Weekend Deal Hunters Interest Segment,512235775188952937,Offer Spotlight Bold Voice,562333462013611341,Brand Awareness,7.9381,6050,0,4506,10,30,100,94,49,0,41,31,3367,0,0,0,2,241,3.9835,0,0,0,0,0
2025-11-13,Influencer Network,Home Essentials Promo Initiative,East Region Conversion Cohort,18477671,Weekend Deal Hunters Interest Segment,512235775188952937,Offer Spotlight Bold Voice,562333462013611341,Brand Awareness,9.9588,3540,0,6800,19,36,100,100,54,0,42,33,4270,0,0,0,4,479,13.5311,0,0,0,0,0
2025-11-14,Affiliate Network,Home Essentials Promo Initiative,East Region Conversion Cohort,18477671,Family Planners Interest Segment,426460522604668080,Offer Spotlight Bold Voice,961469379678885435,Brand Awareness,147.6194,86982,0,118462,271,100,100,100,100,0,682,463,62902,0,0,0,50,5230,6.0127,0,0,0,0,0
2025-11-15,Connected TV,Home Essentials Promo Initiative,East Region Conversion Cohort,18477671,Health Conscious Buyers Interest Segment,744937521596374624,Offer Spotlight Bold Voice,160997656439243393,Brand Awareness,112.0259,82715,0,56021,129,100,100,100,100,0,566,339,53440,0,0,0,18,4348,5.2566,0,0,0,0,0
2025-11-16,Retail Media Network,Home Essentials Promo Initiative,East Region Conversion Cohort,18477671,Family Planners Interest Segment,426460522604668080,Offer Spotlight Bold Voice,961469379678885435,Brand Awareness,170.1359,66957,0,79088,258,100,100,100,100,0,623,548,82893,0,0,0,32,8807,13.1532,0,0,0,0,0
2025-11-17,Search Network,Home Essentials Promo Initiative,East Region Conversion Cohort,18477671,Weekend Deal Hunters Interest Segment,512235775188952937,Offer Spotlight Bold Voice,562333462013611341,Brand Awareness,10.1072,9879,0,14503,28,58,100,100,89,0,49,43,7427,0,0,0,4,924,9.3532,0,0,0,0,0
2025-11-18,Discovery Network,Home Essentials Promo Initiative,East Region Conversion Cohort,18477671,Health Conscious Buyers Interest Segment,744937521596374624,Offer Spotlight Bold Voice,160997656439243393,Brand Awareness,93.0432,50493,0,54758,170,100,100,100,100,0,417,293,60424,0,0,0,12,5591,11.0728,0,0,0,0,0
2025-11-19,Marketplace Feed,Market Fresh Demand Initiative,East Region Conversion Cohort,18477671,Weekend Deal Hunters Interest Segment,112693653772675234,Product Reel Warm Voice,137942100582601959,Brand Awareness,0.0000,0,0,0,0,0,0,0,0,0,0,0,0,0,0,0,0,0,0.0000,0,0,0,0,0
2025-11-20,Affiliate Network,Market Fresh Demand Initiative,East Region Conversion Cohort,18477671,Family Planners Interest Segment,135835519402463867,Product Reel Warm Voice,277303463679925256,Brand Awareness,0.0000,0,0,0,0,0,0,0,0,0,0,0,0,0,0,0,0,0,0.0000,0,0,0,0,0
2025-11-21,Marketplace Feed,Market Fresh Demand Initiative,East Region Conversion Cohort,18477671,Health Conscious Buyers Interest Segment,767678956198654887,Product Reel Warm Voice,105409050581285251,Brand Awareness,0.0000,0,0,0,0,0,0,0,0,0,0,0,0,0,0,0,0,0,0.0000,0,0,0,0,0
2025-11-22,Retail Media Network,Market Fresh Demand Initiative,East Region Conversion Cohort,18477671,Weekend Deal Hunters Interest Segment,112693653772675234,Product Reel Warm Voice,137942100582601959,Brand Awareness,17.9466,11357,0,10262,33,44,100,100,58,0,89,53,8591,0,0,0,4,732,6.4454,0,0,0,0,0
2025-11-23,Video Network,Market Fresh Demand Initiative,East Region Conversion Cohort,18477671,Health Conscious Buyers Interest Segment,767678956198654887,Product Reel Warm Voice,105409050581285251,Brand Awareness,83.8242,82277,0,65500,118,100,100,100,100,0,463,358,65938,0,0,0,16,3325,4.0412,0,0,0,0,0
2025-11-24,Shopping Grid,Market Fresh Demand Initiative,East Region Conversion Cohort,18477671,Family Planners Interest Segment,135835519402463867,Product Reel Warm Voice,277303463679925256,Brand Awareness,61.1672,54631,0,77698,167,100,100,100,100,0,227,268,46978,0,0,1,53,2617,4.7903,0,0,0,0,0
2025-11-25,Connected TV,Market Fresh Demand Initiative,East Region Conversion Cohort,18477671,Weekend Deal Hunters Interest Segment,112693653772675234,Product Reel Warm Voice,137942100582601959,Brand Awareness,11.8447,7649,0,13304,39,37,100,100,63,0,64,48,7875,0,0,0,5,782,10.2236,0,0,0,0,0
2025-11-26,In-App Display,Market Fresh Demand Initiative,East Region Conversion Cohort,18477671,Family Planners Interest Segment,135835519402463867,Product Reel Warm Voice,277303463679925256,Brand Awareness,107.3437,48879,0,69451,63,100,100,100,100,0,235,259,52035,0,0,0,25,2185,4.4702,0,0,0,0,0
2025-11-27,Marketplace Feed,Market Fresh Demand Initiative,East Region Conversion Cohort,18477671,Health Conscious Buyers Interest Segment,767678956198654887,Product Reel Warm Voice,105409050581285251,Brand Awareness,167.0404,120591,0,95146,169,100,100,100,100,0,593,354,77901,0,0,0,50,4862,4.0318,0,0,0,0,0
2025-11-28,Social Feed,Home Essentials Promo Initiative,East Region Prospecting Cohort,18477671,Bulk Buyers Retention Segment,162853071358804827,Price Drop Cut Value Voice,738937145322144556,Brand Awareness,0.0000,0,0,0,0,0,0,0,0,0,0,0,0,0,0,0,0,0,0.0000,0,0,0,0,0
2025-11-29,Video Network,Home Essentials Promo Initiative,East Region Prospecting Cohort,18477671,Family Planners Interest Segment,311630515941383750,Price Drop Cut Value Voice,668883979484534905,Brand Awareness,0.0000,0,0,0,0,0,0,0,0,0,0,0,0,0,0,0,0,0,0.0000,0,0,0,0,0
2025-11-30,Connected TV,Market Fresh Demand Initiative,East Region Conversion Cohort,18477671,Weekend Deal Hunters Interest Segment,112693653772675234,Product Reel Warm Voice,137942100582601959,Brand Awareness,17.5623,13683,0,12022,28,43,100,100,73,0,101,66,9114,0,0,0,6,532,3.8880,0,0,0,0,0
2025-11-01,Search Network,Market Fresh Demand Initiative,East Region Conversion Cohort,18477671,Health Conscious Buyers Interest Segment,767678956198654887,Product Reel Warm Voice,105409050581285251,Brand Awareness,124.1098,125941,0,113983,93,100,100,100,100,0,670,428,97896,0,0,0,29,4397,3.4913,0,0,0,0,0
2025-11-02,Shopping Grid,Market Fresh Demand Initiative,East Region Conversion Cohort,18477671,Family Planners Interest Segment,135835519402463867,Product Reel Warm Voice,277303463679925256,Brand Awareness,78.4032,50735,0,38030,63,100,100,100,100,0,198,140,33130,0,0,0,7,1681,3.3133,0,0,0,0,0
2025-11-03,Shopping Grid,Smart Choice Impact Initiative,East Region Prospecting Cohort,18477671,Family Planners Interest Segment,840372225327523200,Price Drop Cut Direct Voice,784812318231574872,Brand Awareness,0.0000,0,0,0,0,0,0,0,0,0,0,0,0,0,0,0,0,0,0.0000,0,0,0,0,0
2025-11-04,Marketplace Feed,Home Essentials Promo Initiative,East Region Prospecting Cohort,18477671,Health Conscious Buyers Interest Segment,248379420604111019,Shelf Story Warm Voice,782023714268597622,Brand Awareness,0.0000,0,0,0,0,0,0,0,0,0,0,0,0,0,0,0,0,0,0.0000,0,0,0,0,0
2025-11-05,Marketplace Feed,Home Essentials Promo Initiative,East Region Prospecting Cohort,18477671,Health Conscious Buyers Interest Segment,534609213932090705,Price Drop Cut Value Voice,552366212827275778,Brand Awareness,0.0000,0,0,0,0,0,0,0,0,0,0,0,0,0,0,0,0,0,0.0000,0,0,0,0,0
2025-11-06,Retail Media Network,Home Essentials Promo Initiative,East Region Prospecting Cohort,18477671,Health Conscious Buyers Interest Segment,364535938237621249,Offer Spotlight Bold Voice,103276194285622030,Brand Awareness,0.0000,0,0,0,0,0,0,0,0,0,0,0,0,0,0,0,0,0,0.0000,0,0,0,0,0
2025-11-07,Shopping Grid,Smart Choice Impact Initiative,East Region Prospecting Cohort,18477671,Bulk Buyers Retention Segment,109119492619545499,Price Drop Cut Direct Voice,110815619208330309,Brand Awareness,0.0000,0,0,0,0,0,0,0,0,0,0,0,0,0,0,0,0,0,0.0000,0,0,0,0,0
2025-11-08,In-App Display,Home Essentials Promo Initiative,East Region Prospecting Cohort,18477671,Bulk Buyers Retention Segment,153153839872142797,Shelf Story Warm Voice,136197224744361279,Brand Awareness,0.0000,0,0,0,0,0,0,0,0,0,0,0,0,0,0,0,0,0,0.0000,0,0,0,0,0
2025-11-09,Display Network,Home Essentials Promo Initiative,East Region Prospecting Cohort,18477671,Family Planners Interest Segment,126757682204121107,Offer Spotlight Bold Voice,121926468845256924,Brand Awareness,0.0000,0,0,0,0,0,0,0,0,0,0,0,0,0,0,0,0,0,0.0000,0,0,0,0,0
2025-11-10,Retail Media Network,Home Essentials Promo Initiative,East Region Prospecting Cohort,18477671,Bulk Buyers Retention Segment,248674078184555859,Offer Spotlight Bold Voice,452112915739182326,Brand Awareness,0.0000,0,0,0,0,0,0,0,0,0,0,0,0,0,0,0,0,0,0.0000,0,0,0,0,0
2025-11-11,Display Network,Home Essentials Promo Initiative,East Region Prospecting Cohort,18477671,Bulk Buyers Retention Segment,248674078184555859,Offer Spotlight Bold Voice,452112915739182326,Brand Awareness,89.6805,38654,0,43455,79,6,84,23,9,0,7,5,413,0,0,0,22,114,0.2949,0,0,0,0,0
2025-11-12,Discovery Network,Home Essentials Promo Initiative,East Region Prospecting Cohort,18477671,Health Conscious Buyers Interest Segment,159890011514394505,Offer Spotlight Bold Voice,142381176949482591,Brand Awareness,6.8926,7275,0,8037,7,2,12,2,2,0,2,2,56,0,0,0,8,12,0.1649,0,0,0,0,0
2025-11-13,Discovery Network,Home Essentials Promo Initiative,East Region Prospecting Cohort,18477671,Health Conscious Buyers Interest Segment,534609213932090705,Price Drop Cut Value Voice,552366212827275778,Brand Awareness,0.6988,640,0,510,1,1,27,4,1,0,8,5,372,0,0,0,0,45,7.0312,0,0,0,0,0
2025-11-14,Marketplace Feed,Home Essentials Promo Initiative,East Region Prospecting Cohort,18477671,Bulk Buyers Retention Segment,162853071358804827,Price Drop Cut Value Voice,738937145322144556,Brand Awareness,66.9560,44496,0,45070,39,49,100,100,58,0,214,145,26188,0,0,0,11,2019,4.5375,0,0,0,0,0
2025-11-15,Shopping Grid,Market Fresh Demand Initiative,East Region Conversion Cohort,18477671,Health Conscious Buyers Interest Segment,767678956198654887,Product Reel Warm Voice,105409050581285251,Brand Awareness,162.7692,134236,0,147573,119,100,100,100,100,0,482,465,84581,0,0,0,60,5090,3.7918,0,0,0,0,0
2025-11-16,In-App Display,Market Fresh Demand Initiative,East Region Conversion Cohort,18477671,Family Planners Interest Segment,135835519402463867,Product Reel Warm Voice,277303463679925256,Brand Awareness,82.7735,31856,0,63086,93,100,100,100,100,0,207,196,38264,0,0,0,25,3374,10.5914,0,0,0,0,0
2025-11-17,Connected TV,Smart Choice Impact Initiative,East Region Prospecting Cohort,18477671,Health Conscious Buyers Interest Segment,139882288624590753,Price Drop Cut Direct Voice,131818311870905728,Brand Awareness,13.3386,8292,0,17441,5,0,0,0,0,0,0,0,0,0,0,0,0,2,0.0241,0,0,0,0,0
2025-11-18,Video Network,Smart Choice Impact Initiative,East Region Prospecting Cohort,18477671,Health Conscious Buyers Interest Segment,480027451396060714,Price Drop Cut Direct Voice,104600581524694515,Brand Awareness,0.4287,422,0,413,1,0,0,0,0,0,0,0,0,0,0,0,1,1,0.2370,0,0,0,0,0
2025-11-19,Connected TV,Smart Choice Impact Initiative,East Region Prospecting Cohort,18477671,Family Planners Interest Segment,840372225327523200,Price Drop Cut Direct Voice,784812318231574872,Brand Awareness,57.5487,43067,0,41475,41,0,0,0,0,0,0,0,0,0,0,0,8,28,0.0650,0,0,0,0,0
2025-11-20,Social Feed,Smart Choice Impact Initiative,East Region Prospecting Cohort,18477671,Bulk Buyers Retention Segment,109119492619545499,Price Drop Cut Direct Voice,110815619208330309,Brand Awareness,79.4321,59372,0,36437,49,0,0,0,0,0,0,0,0,0,0,0,28,47,0.0792,0,0,0,0,0
2025-11-21,Social Feed,Home Essentials Promo Initiative,East Region Prospecting Cohort,18477671,Bulk Buyers Retention Segment,153153839872142797,Shelf Story Warm Voice,136197224744361279,Brand Awareness,55.9873,22145,0,28826,46,21,100,54,30,0,163,126,26347,0,0,0,15,1553,7.0129,0,0,0,0,0
2025-11-22,Video Network,Home Essentials Promo Initiative,East Region Prospecting Cohort,18477671,Health Conscious Buyers Interest Segment,364535938237621249,Offer Spotlight Bold Voice,103276194285622030,Brand Awareness,0.8074,593,0,667,1,1,2,1,1,0,1,1,6,0,0,0,0,2,0.3373,0,0,0,0,0
2025-11-23,Social Feed,Home Essentials Promo Initiative,East Region Prospecting Cohort,18477671,Health Conscious Buyers Interest Segment,112051189842394453,Price Drop Cut Value Voice,136910279477454488,Brand Awareness,6.5884,3137,0,2249,4,7,42,13,10,0,23,15,2354,0,0,0,1,200,6.3755,0,0,0,0,0
2025-11-24,In-App Display,Home Essentials Promo Initiative,East Region Prospecting Cohort,18477671,Family Planners Interest Segment,126757682204121107,Offer Spotlight Bold Voice,121926468845256924,Brand Awareness,52.8613,45691,0,49547,65,8,72,27,15,0,7,7,369,0,0,0,8,119,0.2604,0,0,0,0,0
2025-11-25,Shopping Grid,Home Essentials Promo Initiative,East Region Prospecting Cohort,18477671,Health Conscious Buyers Interest Segment,248379420604111019,Shelf Story Warm Voice,782023714268597622,Brand Awareness,8.6215,6187,0,5782,7,4,37,9,4,0,17,22,5319,0,0,0,1,344,5.5600,0,0,0,0,0
2025-11-26,In-App Display,Home Essentials Promo Initiative,East Region Prospecting Cohort,18477671,Health Conscious Buyers Interest Segment,200893730051116336,Shelf Story Warm Voice,108280733195277560,Brand Awareness,0.7678,473,0,552,1,0,0,0,0,0,0,0,387,0,0,0,0,35,7.3996,0,0,0,0,0
2025-11-27,Retail Media Network,Home Essentials Promo Initiative,East Region Prospecting Cohort,18477671,Family Planners Interest Segment,463785616888243848,Shelf Story Warm Voice,917041724367241512,Brand Awareness,24.1704,27893,0,18244,24,15,100,43,18,0,151,84,18519,0,0,0,5,876,3.1406,0,0,0,0,0
2025-11-28,Display Network,Market Fresh Demand Initiative,East Region Conversion Cohort,18477671,Weekend Deal Hunters Interest Segment,112693653772675234,Product Reel Warm Voice,137942100582601959,Brand Awareness,15.8760,6007,0,9058,39,28,100,100,47,0,80,54,6530,0,0,0,2,650,10.8207,0,0,0,0,0
2025-11-29,Marketplace Feed,Home Essentials Promo Initiative,East Region Prospecting Cohort,18477671,Family Planners Interest Segment,311630515941383750,Price Drop Cut Value Voice,668883979484534905,Brand Awareness,77.0084,43901,0,55426,58,64,100,100,81,0,175,142,41531,0,0,0,8,1918,4.3689,0,0,0,0,0
2025-11-30,Marketplace Feed,Home Essentials Promo Initiative,East Region Prospecting Cohort,18477671,Bulk Buyers Retention Segment,248674078184555859,Offer Spotlight Bold Voice,452112915739182326,Brand Awareness,81.1967,48822,0,51404,84,8,75,26,12,0,8,8,351,0,0,0,16,100,0.2048,0,0,0,0,0
2025-11-01,Marketplace Feed,Home Essentials Promo Initiative,East Region Prospecting Cohort,18477671,Family Planners Interest Segment,126757682204121107,Offer Spotlight Bold Voice,121926468845256924,Brand Awareness,39.7005,20736,0,23184,54,4,26,9,4,0,3,3,220,0,0,0,9,70,0.3376,0,0,0,0,0
2025-11-02,Influencer Network,Home Essentials Promo Initiative,East Region Prospecting Cohort,18477671,Health Conscious Buyers Interest Segment,112051189842394453,Price Drop Cut Value Voice,136910279477454488,Brand Awareness,2.0533,1554,0,2023,0,0,20,5,1,0,6,7,1215,0,0,0,0,84,5.4054,0,0,0,0,0
2025-11-03,Connected TV,Home Essentials Promo Initiative,East Region Prospecting Cohort,18477671,Health Conscious Buyers Interest Segment,534609213932090705,Price Drop Cut Value Voice,552366212827275778,Brand Awareness,1.2349,1186,0,1028,5,5,77,20,6,0,29,21,602,0,0,0,3,150,12.6476,0,0,0,0,0
2025-11-04,Retail Media Network,Home Essentials Promo Initiative,East Region Prospecting Cohort,18477671,Family Planners Interest Segment,311630515941383750,Price Drop Cut Value Voice,668883979484534905,Brand Awareness,50.1847,19451,0,38401,39,29,100,74,42,0,79,77,21599,0,0,0,5,796,4.0923,0,0,0,0,0
2025-11-05,Affiliate Network,Home Essentials Promo Initiative,East Region Prospecting Cohort,18477671,Health Conscious Buyers Interest Segment,159890011514394505,Offer Spotlight Bold Voice,142381176949482591,Brand Awareness,13.1987,7517,0,4582,14,0,9,2,0,0,0,0,54,0,0,0,3,14,0.1862,0,0,0,0,0
2025-11-06,Marketplace Feed,Home Essentials Promo Initiative,East Region Prospecting Cohort,18477671,Health Conscious Buyers Interest Segment,364535938237621249,Offer Spotlight Bold Voice,103276194285622030,Brand Awareness,0.8943,650,0,500,0,0,0,0,0,0,0,0,7,0,0,0,0,0,0.0000,0,0,0,0,0
2025-11-07,Search Network,Market Fresh Demand Initiative,East Region Conversion Cohort,18477671,Health Conscious Buyers Interest Segment,767678956198654887,Product Reel Warm Voice,105409050581285251,Brand Awareness,186.7619,104277,0,110346,150,100,100,100,100,0,356,463,87604,1,0,0,29,4851,4.6520,0,0,0,0,0
2025-11-08,Affiliate Network,Smart Choice Impact Initiative,East Region Prospecting Cohort,18477671,Health Conscious Buyers Interest Segment,139882288624590753,Price Drop Cut Direct Voice,131818311870905728,Brand Awareness,10.6401,6322,0,7742,10,0,0,0,0,0,0,0,0,0,0,0,0,4,0.0633,0,0,0,0,0
2025-11-09,Connected TV,Smart Choice Impact Initiative,East Region Prospecting Cohort,18477671,Health Conscious Buyers Interest Segment,480027451396060714,Price Drop Cut Direct Voice,104600581524694515,Brand Awareness,0.3743,260,0,272,1,0,0,0,0,0,0,0,0,0,0,0,1,1,0.3846,0,0,0,0,0
2025-11-10,Display Network,Smart Choice Impact Initiative,East Region Prospecting Cohort,18477671,Family Planners Interest Segment,840372225327523200,Price Drop Cut Direct Voice,784812318231574872,Brand Awareness,56.5219,74704,0,53970,144,0,0,0,0,0,0,0,0,0,0,0,151,129,0.1727,0,0,0,0,0
2025-11-11,Social Feed,Home Essentials Promo Initiative,East Region Prospecting Cohort,18477671,Bulk Buyers Retention Segment,153153839872142797,Shelf Story Warm Voice,136197224744361279,Brand Awareness,63.9478,32238,0,49498,48,27,100,61,36,0,240,153,25403,0,0,0,9,1736,5.3849,0,0,0,0,0
2025-11-12,Search Network,Home Essentials Promo Initiative,East Region Prospecting Cohort,18477671,Family Planners Interest Segment,463785616888243848,Shelf Story Warm Voice,917041724367241512,Brand Awareness,45.1371,16698,0,22645,22,17,100,43,20,0,117,83,21021,0,0,1,1,1210,7.2464,0,0,0,0,0
2025-11-13,Display Network,Home Essentials Promo Initiative,East Region Prospecting Cohort,18477671,Health Conscious Buyers Interest Segment,248379420604111019,Shelf Story Warm Voice,782023714268597622,Brand Awareness,9.5395,5585,0,5264,5,6,46,18,7,0,14,22,4848,0,0,0,1,447,8.0036,0,0,0,0,0
2025-11-14,Display Network,Home Essentials Promo Initiative,East Region Prospecting Cohort,18477671,Health Conscious Buyers Interest Segment,200893730051116336,Shelf Story Warm Voice,108280733195277560,Brand Awareness,0.9792,715,0,550,1,0,3,0,0,0,0,0,400,0,0,0,1,53,7.4126,0,0,0,0,0
2025-11-15,Marketplace Feed,Home Essentials Promo Initiative,East Region Prospecting Cohort,18477671,Bulk Buyers Retention Segment,162853071358804827,Price Drop Cut Value Voice,738937145322144556,Brand Awareness,46.9464,65608,0,38338,39,49,100,100,84,0,306,336,19141,0,0,0,37,3506,5.3439,0,0,0,0,0
2025-11-16,Video Network,Market Fresh Demand Initiative,East Region Conversion Cohort,18477671,Weekend Deal Hunters Interest Segment,112693653772675234,Product Reel Warm Voice,137942100582601959,Brand Awareness,14.0178,5017,0,9070,23,24,100,77,34,0,58,38,5809,0,0,0,5,513,10.2252,0,0,0,0,0
2025-11-17,Affiliate Network,Market Fresh Demand Initiative,East Region Conversion Cohort,18477671,Family Planners Interest Segment,135835519402463867,Product Reel Warm Voice,277303463679925256,Brand Awareness,65.5432,60438,0,50128,55,100,100,100,100,0,265,194,40167,0,0,0,14,2875,4.7569,0,0,0,0,0
2025-11-18,Affiliate Network,Smart Choice Impact Initiative,East Region Prospecting Cohort,18477671,Bulk Buyers Retention Segment,109119492619545499,Price Drop Cut Direct Voice,110815619208330309,Brand Awareness,64.7017,83708,0,68442,102,0,0,0,0,0,0,0,0,0,0,0,73,70,0.0836,0,0,0,0,0
2025-11-19,Affiliate Network,Home Essentials Promo Initiative,East Region Prospecting Cohort,18477671,Health Conscious Buyers Interest Segment,159890011514394505,Offer Spotlight Bold Voice,142381176949482591,Brand Awareness,12.0983,6644,0,8210,8,3,11,4,3,0,4,2,48,0,0,0,2,12,0.1806,0,0,0,0,0
2025-11-20,Affiliate Network,Home Essentials Promo Initiative,East Region Prospecting Cohort,18477671,Health Conscious Buyers Interest Segment,112051189842394453,Price Drop Cut Value Voice,136910279477454488,Brand Awareness,4.5597,2957,0,3376,5,3,34,11,3,0,13,13,2075,0,0,0,1,142,4.8022,0,0,0,0,0
2025-11-21,Shopping Grid,Home Essentials Promo Initiative,East Region Prospecting Cohort,18477671,Health Conscious Buyers Interest Segment,534609213932090705,Price Drop Cut Value Voice,552366212827275778,Brand Awareness,0.6192,474,0,383,1,0,6,1,1,0,1,1,268,0,0,0,0,24,5.0633,0,0,0,0,0
2025-11-22,Display Network,Home Essentials Promo Initiative,East Region Prospecting Cohort,18477671,Bulk Buyers Retention Segment,162853071358804827,Price Drop Cut Value Voice,738937145322144556,Brand Awareness,109.9481,140029,0,136487,210,100,100,100,100,0,1376,773,53579,0,0,0,156,9279,6.6265,0,0,0,0,0
2025-11-23,Social Feed,Home Essentials Promo Initiative,East Region Prospecting Cohort,18477671,Bulk Buyers Retention Segment,248674078184555859,Offer Spotlight Bold Voice,452112915739182326,Brand Awareness,54.2802,48761,0,58002,42,5,57,18,7,0,6,5,322,0,0,0,9,61,0.1251,0,0,0,0,0
2025-11-24,Influencer Network,Home Essentials Promo Initiative,East Region Prospecting Cohort,18477671,Family Planners Interest Segment,126757682204121107,Offer Spotlight Bold Voice,121926468845256924,Brand Awareness,61.6381,26985,0,37013,29,9,80,24,13,0,10,8,345,0,0,0,12,105,0.3891,0,0,0,0,0
2025-11-25,Marketplace Feed,Home Essentials Promo Initiative,East Region Prospecting Cohort,18477671,Family Planners Interest Segment,311630515941383750,Price Drop Cut Value Voice,668883979484534905,Brand Awareness,52.0268,68645,0,55960,51,56,100,100,92,0,206,243,26612,0,0,0,33,2803,4.0833,0,0,0,0,0
2025-11-26,Video Network,Smart Choice Impact Initiative,East Region Prospecting Cohort,18477671,Family Planners Interest Segment,400897812008861480,Offer Spotlight Bold Voice,480405189437503653,Brand Awareness,0.0000,0,0,0,0,0,0,0,0,0,0,0,0,0,0,0,0,0,0.0000,0,0,0,0,0
2025-11-27,Shopping Grid,Smart Choice Impact Initiative,East Region Prospecting Cohort,18477671,Bulk Buyers Retention Segment,107715783645079938,Offer Spotlight Bold Voice,149589309607813303,Brand Awareness,0.0000,0,0,0,0,0,0,0,0,0,0,0,0,0,0,0,0,0,0.0000,0,0,0,0,0
2025-11-28,Video Network,Market Fresh Demand Initiative,East Region Conversion Cohort,18477671,Health Conscious Buyers Interest Segment,767678956198654887,Product Reel Warm Voice,105409050581285251,Brand Awareness,169.2525,95314,0,88525,138,100,100,100,100,0,469,338,84709,0,0,0,30,3044,3.1937,0,0,0,0,0
2025-11-29,Retail Media Network,Market Fresh Demand Initiative,East Region Conversion Cohort,18477671,Family Planners Interest Segment,135835519402463867,Product Reel Warm Voice,277303463679925256,Brand Awareness,82.0805,55270,0,48580,71,100,100,100,100,0,142,212,34540,0,0,0,14,2281,4.1270,0,0,0,0,0
2025-11-30,Shopping Grid,Smart Choice Impact Initiative,East Region Prospecting Cohort,18477671,Health Conscious Buyers Interest Segment,139882288624590753,Price Drop Cut Direct Voice,131818311870905728,Brand Awareness,8.6163,5137,0,5329,10,0,0,0,0,0,0,0,0,0,0,0,0,4,0.0779,0,0,0,0,0
2025-11-01,Video Network,Smart Choice Impact Initiative,East Region Prospecting Cohort,18477671,Family Planners Interest Segment,840372225327523200,Price Drop Cut Direct Voice,784812318231574872,Brand Awareness,25.8131,9296,0,18129,35,0,0,0,0,0,0,0,0,0,0,0,12,22,0.2367,0,0,0,0,0
2025-11-02,Display Network,Home Essentials Promo Initiative,East Region Prospecting Cohort,18477671,Bulk Buyers Retention Segment,153153839872142797,Shelf Story Warm Voice,136197224744361279,Brand Awareness,47.4824,38869,0,43268,77,28,100,68,28,0,117,150,37918,0,0,0,20,2720,6.9979,0,0,0,0,0
2025-11-03,Affiliate Network,Home Essentials Promo Initiative,East Region Prospecting Cohort,18477671,Health Conscious Buyers Interest Segment,248379420604111019,Shelf Story Warm Voice,782023714268597622,Brand Awareness,2.5644,1648,0,2095,4,3,16,4,3,0,8,10,1580,0,0,0,1,76,4.6117,0,0,0,0,0
2025-11-04,Influencer Network,Home Essentials Promo Initiative,East Region Prospecting Cohort,18477671,Health Conscious Buyers Interest Segment,200893730051116336,Shelf Story Warm Voice,108280733195277560,Brand Awareness,0.6850,546,0,311,1,0,4,2,1,0,3,4,345,0,0,0,0,33,6.0440,0,0,0,0,0
2025-11-05,Connected TV,Smart Choice Impact Initiative,East Region Prospecting Cohort,18477671,Bulk Buyers Retention Segment,109119492619545499,Price Drop Cut Direct Voice,110815619208330309,Brand Awareness,120.5158,120066,0,114426,247,0,0,0,0,0,0,0,0,0,0,0,134,125,0.1041,0,0,0,0,0
2025-11-06,Affiliate Network,Market Fresh Demand Initiative,East Region Conversion Cohort,18477671,Weekend Deal Hunters Interest Segment,112693653772675234,Product Reel Warm Voice,137942100582601959,Brand Awareness,18.1481,6692,0,7300,23,28,100,88,46,0,68,44,7822,0,0,0,2,508,7.5912,0,0,0,0,0
2025-11-07,Shopping Grid,Smart Choice Impact Initiative,East Region Prospecting Cohort,18477671,Health Conscious Buyers Interest Segment,480027451396060714,Price Drop Cut Direct Voice,104600581524694515,Brand Awareness,0.3618,195,0,263,0,0,0,0,0,0,0,0,0,0,0,0,0,0,0.0000,0,0,0,0,0
2025-11-08,Affiliate Network,Home Essentials Promo Initiative,East Region Prospecting Cohort,18477671,Family Planners Interest Segment,463785616888243848,Shelf Story Warm Voice,917041724367241512,Brand Awareness,15.4750,9338,0,11705,14,6,45,21,12,0,23,32,9560,0,0,0,1,560,5.9970,0,0,0,0,0
2025-11-09,Marketplace Feed,Home Essentials Promo Initiative,East Region Prospecting Cohort,18477671,Health Conscious Buyers Interest Segment,364535938237621249,Offer Spotlight Bold Voice,103276194285622030,Brand Awareness,0.5214,567,0,385,2,0,1,0,0,0,0,0,13,0,0,0,0,2,0.3527,0,0,0,0,0
2025-11-10,Video Network,Market Fresh Demand Initiative,Metro Region Prospecting Cohort,18477671,Health Conscious Buyers Interest Segment,111425641592502989,Product Reel Bold Voice,973295260612807555,Brand Awareness,0.0000,0,0,0,0,0,0,0,0,0,0,0,0,0,0,0,0,0,0.0000,0,0,0,0,0
2025-11-11,Shopping Grid,Home Essentials Promo Initiative,East Region Prospecting Cohort,18477671,Family Planners Interest Segment,126757682204121107,Offer Spotlight Bold Voice,121926468845256924,Brand Awareness,71.8713,42971,0,38590,61,7,60,17,8,0,4,6,304,0,0,0,13,118,0.2746,0,0,0,0,0
2025-11-12,Influencer Network,Home Essentials Promo Initiative,East Region Prospecting Cohort,18477671,Health Conscious Buyers Interest Segment,159890011514394505,Offer Spotlight Bold Voice,142381176949482591,Brand Awareness,11.0898,8268,0,8923,7,0,7,1,0,0,0,0,50,0,0,0,1,8,0.0968,0,0,0,0,0
2025-11-13,Discovery Network,Home Essentials Promo Initiative,East Region Prospecting Cohort,18477671,Health Conscious Buyers Interest Segment,112051189842394453,Price Drop Cut Value Voice,136910279477454488,Brand Awareness,8.0944,4963,0,3899,7,6,65,15,7,0,25,18,3276,0,0,0,4,286,5.7626,0,0,0,0,0
2025-11-14,Retail Media Network,Home Essentials Promo Initiative,East Region Prospecting Cohort,18477671,Health Conscious Buyers Interest Segment,534609213932090705,Price Drop Cut Value Voice,552366212827275778,Brand Awareness,0.5879,334,0,602,0,0,9,1,1,0,1,1,383,0,0,0,0,40,11.9760,0,0,0,0,0
2025-11-15,Social Feed,Home Essentials Promo Initiative,East Region Prospecting Cohort,18477671,Bulk Buyers Retention Segment,162853071358804827,Price Drop Cut Value Voice,738937145322144556,Brand Awareness,59.2472,46876,0,33447,38,46,100,100,62,0,209,153,32499,0,0,0,7,2249,4.7978,0,0,0,0,0
2025-11-16,Video Network,Market Fresh Demand Initiative,East Region Conversion Cohort,18477671,Family Planners Interest Segment,135835519402463867,Product Reel Warm Voice,277303463679925256,Brand Awareness,98.4940,78947,0,64372,81,100,100,100,100,0,345,258,47317,0,0,0,19,3519,4.4574,0,0,0,0,0
2025-11-17,Retail Media Network,Smart Choice Impact Initiative,East Region Prospecting Cohort,18477671,Health Conscious Buyers Interest Segment,139882288624590753,Price Drop Cut Direct Voice,131818311870905728,Brand Awareness,4.1652,2335,0,3272,2,0,0,0,0,0,0,0,0,0,0,0,0,1,0.0428,0,0,0,0,0
2025-11-18,Retail Media Network,Home Essentials Promo Initiative,East Region Prospecting Cohort,18477671,Health Conscious Buyers Interest Segment,200893730051116336,Shelf Story Warm Voice,108280733195277560,Brand Awareness,0.8177,549,0,423,0,0,2,0,0,0,1,1,340,0,0,0,0,34,6.1931,0,0,0,0,0
2025-11-19,Discovery Network,Smart Choice Impact Initiative,East Region Prospecting Cohort,18477671,Family Planners Interest Segment,840372225327523200,Price Drop Cut Direct Voice,784812318231574872,Brand Awareness,29.1087,34709,0,28910,60,0,0,0,0,0,0,0,0,0,0,0,29,34,0.0980,0,0,0,0,0
2025-11-20,In-App Display,Home Essentials Promo Initiative,East Region Prospecting Cohort,18477671,Health Conscious Buyers Interest Segment,364535938237621249,Offer Spotlight Bold Voice,103276194285622030,Brand Awareness,0.9636,595,0,511,4,0,2,1,0,0,0,0,12,0,0,0,1,3,0.5042,0,0,0,0,0
2025-11-21,Video Network,Home Essentials Promo Initiative,East Region Prospecting Cohort,18477671,Family Planners Interest Segment,463785616888243848,Shelf Story Warm Voice,917041724367241512,Brand Awareness,31.9748,26331,0,13891,12,25,100,36,23,0,74,70,13275,0,0,0,5,636,2.4154,0,0,0,0,0
2025-11-22,Marketplace Feed,Home Essentials Promo Initiative,East Region Prospecting Cohort,18477671,Health Conscious Buyers Interest Segment,248379420604111019,Shelf Story Warm Voice,782023714268597622,Brand Awareness,5.5589,3902,0,4159,2,4,29,9,3,0,24,18,2720,0,0,0,0,163,4.1773,0,0,0,0,0
2025-11-23,Influencer Network,Home Essentials Promo Initiative,East Region Prospecting Cohort,18477671,Bulk Buyers Retention Segment,153153839872142797,Shelf Story Warm Voice,136197224744361279,Brand Awareness,77.1558,39655,0,32515,39,35,100,89,37,0,188,201,36490,0,0,0,17,1999,5.0410,0,0,0,0,0
2025-11-24,Social Feed,Smart Choice Impact Initiative,East Region Prospecting Cohort,18477671,Family Planners Interest Segment,400897812008861480,Offer Spotlight Bold Voice,480405189437503653,Brand Awareness,48.3205,32163,0,48290,115,64,100,100,100,0,195,301,36886,0,0,0,17,2582,8.0279,0,0,0,0,0
2025-11-25,Search Network,Smart Choice Impact Initiative,East Region Prospecting Cohort,18477671,Bulk Buyers Retention Segment,107715783645079938,Offer Spotlight Bold Voice,149589309607813303,Brand Awareness,39.0420,37476,0,36015,106,43,100,100,65,0,184,209,30558,0,0,0,12,2254,6.0145,0,0,0,0,0
2025-11-26,Retail Media Network,Smart Choice Impact Initiative,East Region Prospecting Cohort,18477671,Health Conscious Buyers Interest Segment,131550595172124090,Offer Spotlight Bold Voice,104977916368343912,Brand Awareness,1.8354,869,0,1482,1,6,70,13,6,0,31,18,711,0,0,0,1,252,28.9988,0,0,0,0,0
2025-11-27,Influencer Network,Smart Choice Impact Initiative,East Region Prospecting Cohort,18477671,Health Conscious Buyers Interest Segment,103535651235991591,Offer Spotlight Bold Voice,127483164261898063,Brand Awareness,2.5748,2163,0,1988,2,3,25,6,3,0,13,8,1578,0,0,0,0,115,5.3167,0,0,0,0,0
2025-11-28,Retail Media Network,Market Fresh Demand Initiative,East Region Conversion Cohort,18477671,Weekend Deal Hunters Interest Segment,112693653772675234,Product Reel Warm Voice,137942100582601959,Brand Awareness,13.7286,13475,0,14509,32,46,100,100,66,0,72,58,8164,0,0,0,3,458,3.3989,0,0,0,0,0
2025-11-29,Marketplace Feed,Market Fresh Demand Initiative,East Region Conversion Cohort,18477671,Health Conscious Buyers Interest Segment,767678956198654887,Product Reel Warm Voice,105409050581285251,Brand Awareness,179.1376,93132,0,87287,107,100,100,100,100,0,315,353,63313,0,0,0,31,3286,3.5283,0,0,0,0,0
2025-11-30,Discovery Network,Home Essentials Promo Initiative,East Region Prospecting Cohort,18477671,Family Planners Interest Segment,311630515941383750,Price Drop Cut Value Voice,668883979484534905,Brand Awareness,62.6192,34692,0,32571,61,37,100,100,56,0,168,107,36022,0,0,0,9,1254,3.6147,0,0,0,0,0
2025-11-01,Display Network,Market Fresh Demand Initiative,Metro Region Prospecting Cohort,18477671,Weekend Deal Hunters Interest Segment,161376797460090312,Product Reel Bold Voice,509760748397830743,Brand Awareness,0.0000,0,0,0,0,0,0,0,0,0,0,0,0,0,0,0,0,0,0.0000,0,0,0,0,0
2025-11-02,Search Network,Smart Choice Impact Initiative,East Region Prospecting Cohort,18477671,Bulk Buyers Retention Segment,109119492619545499,Price Drop Cut Direct Voice,110815619208330309,Brand Awareness,103.8822,76896,0,66521,116,0,0,0,0,0,0,0,0,0,0,0,169,121,0.1574,0,0,0,0,0
2025-11-03,Shopping Grid,Smart Choice Impact Initiative,East Region Prospecting Cohort,18477671,Health Conscious Buyers Interest Segment,480027451396060714,Price Drop Cut Direct Voice,104600581524694515,Brand Awareness,0.5482,574,0,391,0,0,0,0,0,0,0,0,0,0,0,0,0,0,0.0000,0,0,0,0,0
2025-11-04,Retail Media Network,Home Essentials Promo Initiative,East Region Prospecting Cohort,18477671,Bulk Buyers Retention Segment,248674078184555859,Offer Spotlight Bold Voice,452112915739182326,Brand Awareness,48.2338,35086,0,30343,22,5,47,14,5,0,6,4,228,0,0,0,4,75,0.2138,0,0,0,0,0
2025-11-05,Influencer Network,Market Fresh Demand Initiative,Metro Region Prospecting Cohort,18477671,Weekend Deal Hunters Interest Segment,161376797460090312,Product Reel Bold Voice,509760748397830743,Brand Awareness,16.8209,16043,0,12689,37,0,0,0,0,0,0,0,0,0,0,0,7,15,0.0935,0,0,0,0,0
2025-11-06,Marketplace Feed,Market Fresh Demand Initiative,Metro Region Prospecting Cohort,18477671,Health Conscious Buyers Interest Segment,111425641592502989,Product Reel Bold Voice,973295260612807555,Brand Awareness,47.4784,42781,0,23236,43,0,0,0,0,0,0,0,0,0,0,0,6,10,0.0234,0,0,0,0,0
2025-11-07,Shopping Grid,Home Essentials Promo Initiative,East Region Prospecting Cohort,18477671,Bulk Buyers Retention Segment,248674078184555859,Offer Spotlight Bold Voice,452112915739182326,Brand Awareness,35.0425,24046,0,34574,30,5,55,17,9,0,3,5,299,0,0,0,5,100,0.4159,0,0,0,0,0
2025-11-08,In-App Display,Home Essentials Promo Initiative,East Region Prospecting Cohort,18477671,Family Planners Interest Segment,126757682204121107,Offer Spotlight Bold Voice,121926468845256924,Brand Awareness,103.8498,51896,0,38329,92,29,100,98,47,0,27,27,1160,0,0,0,18,384,0.7399,0,0,0,0,0
2025-11-09,Video Network,Home Essentials Promo Initiative,East Region Prospecting Cohort,18477671,Health Conscious Buyers Interest Segment,159890011514394505,Offer Spotlight Bold Voice,142381176949482591,Brand Awareness,8.0159,5450,0,6180,11,1,8,4,1,0,1,1,39,0,0,0,3,12,0.2202,0,0,0,0,0
2025-11-10,Retail Media Network,Home Essentials Promo Initiative,East Region Prospecting Cohort,18477671,Family Planners Interest Segment,311630515941383750,Price Drop Cut Value Voice,668883979484534905,Brand Awareness,44.3339,27538,0,22252,59,35,100,100,61,0,197,201,20096,0,0,0,34,2456,8.9186,0,0,0,0,0
2025-11-11,Affiliate Network,Smart Choice Impact Initiative,East Region Prospecting Cohort,18477671,Bulk Buyers Retention Segment,107715783645079938,Offer Spotlight Bold Voice,149589309607813303,Brand Awareness,51.3662,27267,0,40947,92,41,100,100,61,0,224,166,30782,0,0,0,27,2885,10.5806,0,0,0,0,0
2025-11-12,Shopping Grid,Smart Choice Impact Initiative,East Region Prospecting Cohort,18477671,Health Conscious Buyers Interest Segment,103535651235991591,Offer Spotlight Bold Voice,127483164261898063,Brand Awareness,2.3480,2387,0,2225,0,0,25,7,2,0,15,8,1520,0,0,0,0,150,6.2840,0,0,0,0,0
2025-11-13,Shopping Grid,Market Fresh Demand Initiative,East Region Conversion Cohort,18477671,Weekend Deal Hunters Interest Segment,112693653772675234,Product Reel Warm Voice,137942100582601959,Brand Awareness,10.7476,12548,0,10812,28,32,100,100,58,0,76,47,7157,0,0,0,5,564,4.4947,0,0,0,0,0
2025-11-14,Social Feed,Market Fresh Demand Initiative,East Region Conversion Cohort,18477671,Health Conscious Buyers Interest Segment,767678956198654887,Product Reel Warm Voice,105409050581285251,Brand Awareness,146.7306,100204,0,94612,130,100,100,100,100,0,234,282,75216,0,0,0,28,4354,4.3451,0,0,0,0,0
2025-11-15,Shopping Grid,Market Fresh Demand Initiative,East Region Conversion Cohort,18477671,Family Planners Interest Segment,135835519402463867,Product Reel Warm Voice,277303463679925256,Brand Awareness,75.8969,53810,0,75816,69,100,100,100,100,0,321,321,56272,0,0,0,23,2637,4.9006,0,0,0,0,0
2025-11-16,Influencer Network,Smart Choice Impact Initiative,East Region Prospecting Cohort,18477671,Health Conscious Buyers Interest Segment,139882288624590753,Price Drop Cut Direct Voice,131818311870905728,Brand Awareness,4.9587,2631,0,2985,4,0,0,0,0,0,0,0,0,0,0,0,1,3,0.1140,0,0,0,0,0
2025-11-17,Influencer Network,Smart Choice Impact Initiative,East Region Prospecting Cohort,18477671,Family Planners Interest Segment,840372225327523200,Price Drop Cut Direct Voice,784812318231574872,Brand Awareness,46.6622,34284,0,40914,64,0,0,0,0,0,0,0,0,0,0,0,25,28,0.0817,0,0,0,0,0
2025-11-18,Video Network,Smart Choice Impact Initiative,East Region Prospecting Cohort,18477671,Bulk Buyers Retention Segment,109119492619545499,Price Drop Cut Direct Voice,110815619208330309,Brand Awareness,91.9732,114253,0,108046,330,0,0,0,0,0,0,0,0,0,0,0,172,216,0.1891,0,0,0,0,0
2025-11-19,Shopping Grid,Home Essentials Promo Initiative,East Region Prospecting Cohort,18477671,Bulk Buyers Retention Segment,153153839872142797,Shelf Story Warm Voice,136197224744361279,Brand Awareness,55.0768,48360,0,42479,66,26,100,68,37,0,218,128,33048,0,0,0,9,1624,3.3581,0,0,0,0,0
2025-11-20,Connected TV,Home Essentials Promo Initiative,East Region Prospecting Cohort,18477671,Family Planners Interest Segment,463785616888243848,Shelf Story Warm Voice,917041724367241512,Brand Awareness,32.7523,13436,0,14471,22,14,100,39,22,0,77,75,12522,0,0,0,5,1253,9.3257,0,0,0,0,0
2025-11-21,Display Network,Home Essentials Promo Initiative,East Region Prospecting Cohort,18477671,Health Conscious Buyers Interest Segment,248379420604111019,Shelf Story Warm Voice,782023714268597622,Brand Awareness,18.2475,11415,0,13996,15,9,77,24,14,0,31,48,7956,0,0,0,4,648,5.6767,0,0,0,0,0
2025-11-22,In-App Display,Home Essentials Promo Initiative,East Region Prospecting Cohort,18477671,Health Conscious Buyers Interest Segment,200893730051116336,Shelf Story Warm Voice,108280733195277560,Brand Awareness,1.1773,781,0,1293,2,1,10,4,3,0,11,6,930,0,0,0,0,63,8.0666,0,0,0,0,0
2025-11-23,Affiliate Network,Smart Choice Impact Initiative,East Region Prospecting Cohort,18477671,Health Conscious Buyers Interest Segment,131550595172124090,Offer Spotlight Bold Voice,104977916368343912,Brand Awareness,1.1330,995,0,937,1,2,58,8,3,0,15,10,442,0,0,0,0,185,18.5930,0,0,0,0,0
2025-11-24,Influencer Network,Smart Choice Impact Initiative,East Region Prospecting Cohort,18477671,Health Conscious Buyers Interest Segment,480027451396060714,Price Drop Cut Direct Voice,104600581524694515,Brand Awareness,0.8886,381,0,402,1,0,0,0,0,0,0,0,0,0,0,0,0,0,0.0000,0,0,0,0,0
2025-11-25,Social Feed,Home Essentials Promo Initiative,East Region Prospecting Cohort,18477671,Health Conscious Buyers Interest Segment,534609213932090705,Price Drop Cut Value Voice,552366212827275778,Brand Awareness,1.1881,1147,0,1570,0,6,100,20,8,0,22,32,650,0,0,0,0,275,23.9756,0,0,0,0,0
2025-11-26,Display Network,Home Essentials Promo Initiative,East Region Prospecting Cohort,18477671,Health Conscious Buyers Interest Segment,364535938237621249,Offer Spotlight Bold Voice,103276194285622030,Brand Awareness,0.3747,373,0,496,1,1,4,1,1,0,1,1,12,0,0,0,1,4,1.0724,0,0,0,0,0
2025-11-27,Display Network,Home Essentials Promo Initiative,East Region Prospecting Cohort,18477671,Health Conscious Buyers Interest Segment,112051189842394453,Price Drop Cut Value Voice,136910279477454488,Brand Awareness,1.4159,1599,0,1598,4,1,18,3,1,0,7,5,810,0,0,0,0,53,3.3146,0,0,0,0,0
2025-11-28,Search Network,Home Essentials Promo Initiative,East Region Prospecting Cohort,18477671,Bulk Buyers Retention Segment,162853071358804827,Price Drop Cut Value Voice,738937145322144556,Brand Awareness,53.0610,67938,0,94378,98,99,100,100,100,0,890,571,30007,0,0,0,125,6022,8.8640,0,0,0,0,0
2025-11-29,Social Feed,Smart Choice Impact Initiative,East Region Prospecting Cohort,18477671,Family Planners Interest Segment,400897812008861480,Offer Spotlight Bold Voice,480405189437503653,Brand Awareness,75.2225,27304,0,55898,94,52,100,100,78,0,239,162,40501,0,0,0,18,2238,8.1966,0,0,0,0,0
2025-11-30,Video Network,Market Fresh Demand Initiative,Metro Region Prospecting Cohort,18477671,Weekend Deal Hunters Interest Segment,161376797460090312,Product Reel Bold Voice,509760748397830743,Brand Awareness,17.0796,19137,0,21244,27,0,0,0,0,0,0,0,0,0,0,0,4,11,0.0575,0,0,0,0,0
2025-11-01,Marketplace Feed,Home Essentials Promo Initiative,East Region Prospecting Cohort,18477671,Bulk Buyers Retention Segment,248674078184555859,Offer Spotlight Bold Voice,452112915739182326,Brand Awareness,52.0351,48182,0,51203,58,6,45,16,10,0,7,7,261,0,0,0,8,58,0.1204,0,0,0,0,0
2025-11-02,Connected TV,Home Essentials Promo Initiative,East Region Prospecting Cohort,18477671,Family Planners Interest Segment,126757682204121107,Offer Spotlight Bold Voice,121926468845256924,Brand Awareness,79.8839,52208,0,31377,77,3,47,13,4,0,3,3,282,0,0,0,17,81,0.1551,0,0,0,0,0
2025-11-03,Shopping Grid,Home Essentials Promo Initiative,East Region Prospecting Cohort,18477671,Health Conscious Buyers Interest Segment,112051189842394453,Price Drop Cut Value Voice,136910279477454488,Brand Awareness,2.2702,2350,0,2203,3,3,24,5,3,0,10,7,1237,0,0,0,3,125,5.3191,0,0,0,0,0
2025-11-04,Social Feed,Smart Choice Impact Initiative,East Region Prospecting Cohort,18477671,Family Planners Interest Segment,400897812008861480,Offer Spotlight Bold Voice,480405189437503653,Brand Awareness,79.6673,53130,0,62490,99,59,100,100,82,0,169,197,41487,0,0,0,12,1849,3.4801,0,0,0,0,0
2025-11-05,Discovery Network,Smart Choice Impact Initiative,East Region Prospecting Cohort,18477671,Bulk Buyers Retention Segment,107715783645079938,Offer Spotlight Bold Voice,149589309607813303,Brand Awareness,56.9857,37197,0,31064,111,43,100,100,56,0,121,150,31140,0,0,0,13,1407,3.7826,0,0,0,0,0
2025-11-06,Connected TV,Smart Choice Impact Initiative,East Region Prospecting Cohort,18477671,Health Conscious Buyers Interest Segment,131550595172124090,Offer Spotlight Bold Voice,104977916368343912,Brand Awareness,0.6524,729,0,447,0,3,34,6,4,0,8,8,369,0,0,0,0,104,14.2661,0,0,0,0,0
2025-11-07,Connected TV,Smart Choice Impact Initiative,East Region Prospecting Cohort,18477671,Health Conscious Buyers Interest Segment,103535651235991591,Offer Spotlight Bold Voice,127483164261898063,Brand Awareness,1.9406,1347,0,1761,6,2,28,5,4,0,6,9,1325,0,0,0,0,113,8.3890,0,0,0,0,0
2025-11-08,In-App Display,Market Fresh Demand Initiative,East Region Conversion Cohort,18477671,Weekend Deal Hunters Interest Segment,112693653772675234,Product Reel Warm Voice,137942100582601959,Brand Awareness,11.4737,8682,0,5166,17,16,100,62,31,0,28,29,6110,0,0,0,5,443,5.1025,0,0,0,0,0
2025-11-09,Retail Media Network,Market Fresh Demand Initiative,East Region Conversion Cohort,18477671,Health Conscious Buyers Interest Segment,767678956198654887,Product Reel Warm Voice,105409050581285251,Brand Awareness,107.5367,58725,0,79566,158,100,100,100,100,0,589,402,66310,1,0,0,19,3216,5.4764,0,0,0,0,0
2025-11-10,Social Feed,Smart Choice Impact Initiative,East Region Prospecting Cohort,18477671,Health Conscious Buyers Interest Segment,480027451396060714,Price Drop Cut Direct Voice,104600581524694515,Brand Awareness,0.2146,177,0,191,0,0,0,0,0,0,0,0,0,0,0,0,0,0,0.0000,0,0,0,0,0
2025-11-11,In-App Display,Smart Choice Impact Initiative,East Region Prospecting Cohort,18477671,Family Planners Interest Segment,840372225327523200,Price Drop Cut Direct Voice,784812318231574872,Brand Awareness,79.6141,106723,0,80597,158,0,0,0,0,0,0,0,0,0,0,0,235,181,0.1696,0,0,0,0,0
2025-11-12,Shopping Grid,Smart Choice Impact Initiative,East Region Prospecting Cohort,18477671,Bulk Buyers Retention Segment,109119492619545499,Price Drop Cut Direct Voice,110815619208330309,Brand Awareness,22.5565,17682,0,20945,48,0,0,0,0,0,0,0,0,0,0,0,22,14,0.0792,0,0,0,0,0
2025-11-13,Connected TV,Home Essentials Promo Initiative,East Region Prospecting Cohort,18477671,Health Conscious Buyers Interest Segment,248379420604111019,Shelf Story Warm Voice,782023714268597622,Brand Awareness,14.1490,11817,0,9873,41,12,100,33,21,0,81,90,8435,0,0,0,8,1346,11.3904,0,0,0,0,0
2025-11-14,Connected TV,Home Essentials Promo Initiative,East Region Prospecting Cohort,18477671,Health Conscious Buyers Interest Segment,159890011514394505,Offer Spotlight Bold Voice,142381176949482591,Brand Awareness,10.0808,8024,0,5514,7,2,8,5,3,0,2,2,44,0,0,0,2,15,0.1869,0,0,0,0,0
2025-11-15,Shopping Grid,Market Fresh Demand Initiative,East Region Conversion Cohort,18477671,Family Planners Interest Segment,135835519402463867,Product Reel Warm Voice,277303463679925256,Brand Awareness,105.8885,44326,0,72871,76,100,100,100,100,0,245,201,44947,0,0,0,18,3654,8.2435,0,0,0,0,0
2025-11-16,Social Feed,Smart Choice Impact Initiative,East Region Prospecting Cohort,18477671,Health Conscious Buyers Interest Segment,139882288624590753,Price Drop Cut Direct Voice,131818311870905728,Brand Awareness,0.8240,403,0,858,1,0,0,0,0,0,0,0,0,0,0,0,0,0,0.0000,0,0,0,0,0
2025-11-17,Retail Media Network,Home Essentials Promo Initiative,East Region Prospecting Cohort,18477671,Family Planners Interest Segment,463785616888243848,Shelf Story Warm Voice,917041724367241512,Brand Awareness,21.7062,12285,0,20346,31,17,100,39,22,0,98,91,15104,0,0,0,8,943,7.6760,0,0,0,0,0
2025-11-18,Shopping Grid,Home Essentials Promo Initiative,East Region Prospecting Cohort,18477671,Health Conscious Buyers Interest Segment,200893730051116336,Shelf Story Warm Voice,108280733195277560,Brand Awareness,1.2040,551,0,615,1,0,6,3,0,0,5,5,607,0,0,0,0,62,11.2523,0,0,0,0,0
2025-11-19,Video Network,Smart Choice Impact Initiative,East Region Prospecting Cohort,18477671,Bulk Buyers Retention Segment,157163993569863340,Offer Spotlight Bold Voice,110977781755517789,Brand Awareness,0.0000,0,0,0,0,0,0,0,0,0,0,0,0,0,0,0,0,0,0.0000,0,0,0,0,0
2025-11-20,Display Network,Home Essentials Promo Initiative,East Region Prospecting Cohort,18477671,Bulk Buyers Retention Segment,162853071358804827,Price Drop Cut Value Voice,738937145322144556,Brand Awareness,138.7272,90379,0,142340,146,100,100,100,100,0,1223,785,44280,0,0,0,187,9055,10.0189,0,0,0,0,0
2025-11-21,Search Network,Market Fresh Demand Initiative,Metro Region Prospecting Cohort,18477671,Health Conscious Buyers Interest Segment,111425641592502989,Product Reel Bold Voice,973295260612807555,Brand Awareness,37.2541,24700,0,32286,41,0,0,0,0,0,0,0,0,0,0,0,10,24,0.0972,0,0,0,0,0
2025-11-22,Discovery Network,Home Essentials Promo Initiative,East Region Prospecting Cohort,18477671,Health Conscious Buyers Interest Segment,364535938237621249,Offer Spotlight Bold Voice,103276194285622030,Brand Awareness,0.5615,272,0,412,0,0,0,0,0,0,0,0,3,0,0,0,0,0,0.0000,0,0,0,0,0
2025-11-23,Connected TV,Home Essentials Promo Initiative,East Region Prospecting Cohort,18477671,Health Conscious Buyers Interest Segment,534609213932090705,Price Drop Cut Value Voice,552366212827275778,Brand Awareness,0.5305,351,0,259,1,0,5,0,0,0,0,0,245,0,0,0,0,45,12.8205,0,0,0,0,0
2025-11-24,Marketplace Feed,Home Essentials Promo Initiative,East Region Prospecting Cohort,18477671,Bulk Buyers Retention Segment,153153839872142797,Shelf Story Warm Voice,136197224744361279,Brand Awareness,21.6934,19799,0,24612,27,14,100,35,17,0,61,67,12549,0,0,0,9,798,4.0305,0,0,0,0,0
2025-11-25,Social Feed,Home Essentials Promo Initiative,East Region Prospecting Cohort,18477671,Family Planners Interest Segment,311630515941383750,Price Drop Cut Value Voice,668883979484534905,Brand Awareness,95.3594,42206,0,80189,106,90,100,100,100,0,684,426,34479,0,0,0,81,6021,14.2657,0,0,0,0,0
2025-11-26,Discovery Network,Smart Choice Impact Initiative,East Region Prospecting Cohort,18477671,Family Planners Interest Segment,437683611895344081,Offer Spotlight Bold Voice,180926024741464574,Brand Awareness,0.0000,0,0,0,0,0,0,0,0,0,0,0,0,0,0,0,0,0,0.0000,0,0,0,0,0
2025-11-27,Retail Media Network,Smart Choice Impact Initiative,East Region Prospecting Cohort,18477671,Health Conscious Buyers Interest Segment,239407488533427282,Offer Spotlight Bold Voice,207971324484544728,Brand Awareness,0.0000,0,0,0,0,0,0,0,0,0,0,0,0,0,0,0,0,0,0.0000,0,0,0,0,0
2025-11-28,Marketplace Feed,Market Fresh Demand Initiative,Metro Region Prospecting Cohort,18477671,Weekend Deal Hunters Interest Segment,161376797460090312,Product Reel Bold Voice,509760748397830743,Brand Awareness,26.7000,15043,0,21586,44,0,0,0,0,0,0,0,0,0,0,0,10,23,0.1529,0,0,0,0,0
2025-11-29,Display Network,Market Fresh Demand Initiative,Metro Region Prospecting Cohort,18477671,Health Conscious Buyers Interest Segment,111425641592502989,Product Reel Bold Voice,973295260612807555,Brand Awareness,44.3625,26304,0,58184,80,0,0,0,0,0,0,0,0,0,0,0,16,40,0.1521,0,0,0,0,0
2025-11-30,Retail Media Network,Home Essentials Promo Initiative,East Region Prospecting Cohort,18477671,Bulk Buyers Retention Segment,248674078184555859,Offer Spotlight Bold Voice,452112915739182326,Brand Awareness,63.2605,43158,0,48687,81,7,69,24,12,0,10,7,399,0,0,0,13,77,0.1784,0,0,0,0,0
2025-11-01,Connected TV,Home Essentials Promo Initiative,East Region Prospecting Cohort,18477671,Health Conscious Buyers Interest Segment,159890011514394505,Offer Spotlight Bold Voice,142381176949482591,Brand Awareness,9.8349,7380,0,8446,12,2,3,3,2,0,2,2,49,0,0,0,4,8,0.1084,0,0,0,0,0
2025-11-02,Video Network,Home Essentials Promo Initiative,East Region Prospecting Cohort,18477671,Health Conscious Buyers Interest Segment,534609213932090705,Price Drop Cut Value Voice,552366212827275778,Brand Awareness,0.9866,566,0,518,1,0,25,6,4,0,4,4,432,0,0,0,1,69,12.1908,0,0,0,0,0
2025-11-03,Affiliate Network,Home Essentials Promo Initiative,East Region Prospecting Cohort,18477671,Bulk Buyers Retention Segment,162853071358804827,Price Drop Cut Value Voice,738937145322144556,Brand Awareness,65.4176,53617,0,59989,52,54,100,100,65,0,122,145,33124,0,0,0,15,2877,5.3658,0,0,0,0,0
2025-11-04,Discovery Network,Home Essentials Promo Initiative,East Region Prospecting Cohort,18477671,Family Planners Interest Segment,311630515941383750,Price Drop Cut Value Voice,668883979484534905,Brand Awareness,60.3330,30804,0,35379,72,40,100,100,64,0,131,106,32341,0,0,0,12,1902,6.1745,0,0,0,0,0
2025-11-05,Display Network,Smart Choice Impact Initiative,East Region Prospecting Cohort,18477671,Health Conscious Buyers Interest Segment,239407488533427282,Offer Spotlight Bold Voice,207971324484544728,Brand Awareness,11.2193,4667,0,6092,4,4,27,10,6,0,40,25,4106,0,0,0,3,329,7.0495,0,0,0,0,0
2025-11-06,Influencer Network,Smart Choice Impact Initiative,East Region Prospecting Cohort,18477671,Family Planners Interest Segment,400897812008861480,Offer Spotlight Bold Voice,480405189437503653,Brand Awareness,60.5851,97031,0,97835,101,83,100,100,100,0,1048,658,35524,0,0,0,142,9059,9.3362,0,0,0,0,0
2025-11-07,Social Feed,Smart Choice Impact Initiative,East Region Prospecting Cohort,18477671,Bulk Buyers Retention Segment,107715783645079938,Offer Spotlight Bold Voice,149589309607813303,Brand Awareness,19.0646,18916,0,10057,29,9,100,41,22,0,41,53,10278,0,0,0,8,790,4.1764,0,0,0,0,0
2025-11-08,Shopping Grid,Smart Choice Impact Initiative,East Region Prospecting Cohort,18477671,Health Conscious Buyers Interest Segment,131550595172124090,Offer Spotlight Bold Voice,104977916368343912,Brand Awareness,1.2894,1370,0,1455,1,3,63,14,9,0,17,20,759,0,0,0,1,230,16.7883,0,0,0,0,0
2025-11-09,Social Feed,Smart Choice Impact Initiative,East Region Prospecting Cohort,18477671,Health Conscious Buyers Interest Segment,103535651235991591,Offer Spotlight Bold Voice,127483164261898063,Brand Awareness,0.8469,410,0,442,2,0,10,3,0,0,6,5,411,0,0,0,0,38,9.2683,0,0,0,0,0
2025-11-10,Social Feed,Market Fresh Demand Initiative,East Region Conversion Cohort,18477671,Family Planners Interest Segment,135835519402463867,Product Reel Warm Voice,277303463679925256,Brand Awareness,119.6095,94863,0,56010,98,100,100,100,100,0,404,286,55905,0,0,0,18,3000,3.1625,0,0,0,0,0
2025-11-11,Marketplace Feed,Smart Choice Impact Initiative,East Region Prospecting Cohort,18477671,Health Conscious Buyers Interest Segment,139882288624590753,Price Drop Cut Direct Voice,131818311870905728,Brand Awareness,1.5225,1703,0,1034,0,0,0,0,0,0,0,0,0,0,0,0,0,0,0.0000,0,0,0,0,0
2025-11-12,Social Feed,Smart Choice Impact Initiative,East Region Prospecting Cohort,18477671,Health Conscious Buyers Interest Segment,480027451396060714,Price Drop Cut Direct Voice,104600581524694515,Brand Awareness,0.3525,225,0,272,0,0,0,0,0,0,0,0,0,0,0,0,0,0,0.0000,0,0,0,0,0
2025-11-13,Search Network,Smart Choice Impact Initiative,East Region Prospecting Cohort,18477671,Bulk Buyers Retention Segment,109119492619545499,Price Drop Cut Direct Voice,110815619208330309,Brand Awareness,30.8810,38646,0,31708,73,0,0,0,0,0,0,0,0,0,0,0,56,45,0.1164,0,0,0,0,0
2025-11-14,Connected TV,Home Essentials Promo Initiative,East Region Prospecting Cohort,18477671,Health Conscious Buyers Interest Segment,364535938237621249,Offer Spotlight Bold Voice,103276194285622030,Brand Awareness,0.8470,763,0,933,1,0,3,1,0,0,0,0,22,0,0,0,0,5,0.6553,0,0,0,0,0
2025-11-15,Video Network,Home Essentials Promo Initiative,East Region Prospecting Cohort,18477671,Health Conscious Buyers Interest Segment,112051189842394453,Price Drop Cut Value Voice,136910279477454488,Brand Awareness,7.1245,4064,0,2974,10,3,31,9,5,0,13,10,3165,0,0,0,1,198,4.8720,0,0,0,0,0
2025-11-16,Connected TV,Market Fresh Demand Initiative,East Region Conversion Cohort,18477671,Weekend Deal Hunters Interest Segment,112693653772675234,Product Reel Warm Voice,137942100582601959,Brand Awareness,7.7049,4315,0,4357,29,27,100,79,44,0,58,35,4264,0,0,0,8,284,6.5817,0,0,0,0,0
2025-11-17,Marketplace Feed,Smart Choice Impact Initiative,East Region Prospecting Cohort,18477671,Family Planners Interest Segment,840372225327523200,Price Drop Cut Direct Voice,784812318231574872,Brand Awareness,59.2646,68239,0,61240,151,0,0,0,0,0,0,0,0,0,0,0,108,78,0.1143,0,0,0,0,0
2025-11-18,Influencer Network,Smart Choice Impact Initiative,East Region Prospecting Cohort,18477671,Family Planners Interest Segment,437683611895344081,Offer Spotlight Bold Voice,180926024741464574,Brand Awareness,74.4279,51188,0,30875,79,23,100,61,31,0,269,170,32559,0,0,0,5,2269,4.4327,0,0,0,0,0
2025-11-19,Marketplace Feed,Smart Choice Impact Initiative,East Region Prospecting Cohort,18477671,Bulk Buyers Retention Segment,157163993569863340,Offer Spotlight Bold Voice,110977781755517789,Brand Awareness,55.5087,32297,0,40224,36,13,100,37,19,0,68,103,26295,0,0,0,11,1577,4.8828,0,0,0,0,0
2025-11-20,Affiliate Network,Market Fresh Demand Initiative,East Region Conversion Cohort,18477671,Health Conscious Buyers Interest Segment,767678956198654887,Product Reel Warm Voice,105409050581285251,Brand Awareness,133.5709,65444,0,115651,172,100,100,100,100,0,287,386,73320,0,0,0,32,3981,6.0831,0,0,0,0,0
2025-11-21,Video Network,Smart Choice Impact Initiative,East Region Prospecting Cohort,18477671,Health Conscious Buyers Interest Segment,472217382839938538,Offer Spotlight Bold Voice,183438235716363676,Brand Awareness,0.2611,283,0,216,0,0,1,1,0,0,1,1,198,0,0,0,0,15,5.3004,0,0,0,0,0
2025-11-22,Affiliate Network,Home Essentials Promo Initiative,East Region Prospecting Cohort,18477671,Family Planners Interest Segment,126757682204121107,Offer Spotlight Bold Voice,121926468845256924,Brand Awareness,40.8872,37569,0,44079,47,8,44,18,13,0,10,6,232,0,0,0,7,91,0.2422,0,0,0,0,0
2025-11-23,Affiliate Network,Home Essentials Promo Initiative,East Region Prospecting Cohort,18477671,Health Conscious Buyers Interest Segment,159890011514394505,Offer Spotlight Bold Voice,142381176949482591,Brand Awareness,9.4887,7636,0,6417,14,0,15,4,1,0,0,0,54,0,0,0,1,20,0.2619,0,0,0,0,0
2025-11-24,Retail Media Network,Home Essentials Promo Initiative,East Region Prospecting Cohort,18477671,Health Conscious Buyers Interest Segment,364535938237621249,Offer Spotlight Bold Voice,103276194285622030,Brand Awareness,1.0040,532,0,502,1,0,2,0,0,0,0,0,7,0,0,0,0,2,0.3759,0,0,0,0,0
2025-11-25,Affiliate Network,Home Essentials Promo Initiative,East Region Prospecting Cohort,18477671,Health Conscious Buyers Interest Segment,112051189842394453,Price Drop Cut Value Voice,136910279477454488,Brand Awareness,6.0815,2843,0,6307,8,5,68,9,6,0,20,12,3865,0,0,0,2,340,11.9592,0,0,0,0,0
2025-11-26,Shopping Grid,Home Essentials Promo Initiative,East Region Prospecting Cohort,18477671,Health Conscious Buyers Interest Segment,534609213932090705,Price Drop Cut Value Voice,552366212827275778,Brand Awareness,1.4230,1520,0,1483,0,1,44,12,4,0,12,13,631,0,0,0,0,72,4.7368,0,0,0,0,0
2025-11-27,Display Network,Home Essentials Promo Initiative,East Region Prospecting Cohort,18477671,Bulk Buyers Retention Segment,162853071358804827,Price Drop Cut Value Voice,738937145322144556,Brand Awareness,48.0817,30500,0,33448,56,43,100,100,48,0,222,152,26659,0,0,0,6,1717,5.6295,0,0,0,0,0
2025-11-28,Marketplace Feed,Home Essentials Promo Initiative,East Region Prospecting Cohort,18477671,Family Planners Interest Segment,311630515941383750,Price Drop Cut Value Voice,668883979484534905,Brand Awareness,62.0469,40246,0,63823,31,52,100,100,76,0,160,140,45080,0,0,0,6,2489,6.1845,0,0,0,0,0
2025-11-29,Display Network,Smart Choice Impact Initiative,East Region Prospecting Cohort,18477671,Bulk Buyers Retention Segment,157163993569863340,Offer Spotlight Bold Voice,110977781755517789,Brand Awareness,24.3715,21655,0,15509,24,9,78,25,13,0,93,75,18528,0,0,0,1,826,3.8144,0,0,0,0,0
2025-11-30,Shopping Grid,Smart Choice Impact Initiative,East Region Prospecting Cohort,18477671,Health Conscious Buyers Interest Segment,472217382839938538,Offer Spotlight Bold Voice,183438235716363676,Brand Awareness,0.2558,135,0,170,0,0,0,0,0,0,0,0,127,0,0,0,0,18,13.3333,0,0,0,0,0
2025-11-01,In-App Display,Smart Choice Impact Initiative,East Region Prospecting Cohort,18477671,Health Conscious Buyers Interest Segment,239407488533427282,Offer Spotlight Bold Voice,207971324484544728,Brand Awareness,8.7902,6426,0,4522,4,2,28,6,4,0,26,21,3895,0,0,0,1,425,6.6138,0,0,0,0,0
2025-11-02,Search Network,Smart Choice Impact Initiative,East Region Prospecting Cohort,18477671,Family Planners Interest Segment,400897812008861480,Offer Spotlight Bold Voice,480405189437503653,Brand Awareness,98.9294,86527,0,99866,235,100,100,100,100,0,786,700,51827,0,0,0,139,7620,8.8065,0,0,0,0,0
2025-11-03,Affiliate Network,Smart Choice Impact Initiative,East Region Prospecting Cohort,18477671,Health Conscious Buyers Interest Segment,131550595172124090,Offer Spotlight Bold Voice,104977916368343912,Brand Awareness,0.2568,203,0,253,0,0,6,3,2,0,5,3,143,0,0,0,0,17,8.3744,0,0,0,0,0
2025-11-04,Search Network,Smart Choice Impact Initiative,East Region Prospecting Cohort,18477671,Health Conscious Buyers Interest Segment,103535651235991591,Offer Spotlight Bold Voice,127483164261898063,Brand Awareness,1.4245,1062,0,1356,1,1,20,5,3,0,8,8,822,0,0,0,0,70,6.5913,0,0,0,0,0
2025-11-05,Discovery Network,Smart Choice Impact Initiative,East Region Prospecting Cohort,18477671,Bulk Buyers Retention Segment,107715783645079938,Offer Spotlight Bold Voice,149589309607813303,Brand Awareness,33.1094,27877,0,22971,77,31,100,89,45,0,76,121,23126,0,0,0,12,2093,7.5080,0,0,0,0,0
2025-11-06,Discovery Network,Market Fresh Demand Initiative,Metro Region Prospecting Cohort,18477671,Health Conscious Buyers Interest Segment,111425641592502989,Product Reel Bold Voice,973295260612807555,Brand Awareness,39.7334,25116,0,39468,43,0,0,0,0,0,0,0,0,0,0,0,21,30,0.1194,0,0,0,0,0
2025-11-07,Discovery Network,Market Fresh Demand Initiative,Metro Region Prospecting Cohort,18477671,Weekend Deal Hunters Interest Segment,161376797460090312,Product Reel Bold Voice,509760748397830743,Brand Awareness,26.4734,19285,0,12392,46,0,0,0,0,0,0,0,0,0,0,0,20,16,0.0830,0,0,0,0,0
2025-11-08,Discovery Network,Smart Choice Impact Initiative,East Region Prospecting Cohort,18477671,Family Planners Interest Segment,437683611895344081,Offer Spotlight Bold Voice,180926024741464574,Brand Awareness,100.2806,81635,0,75959,80,33,100,63,40,0,326,213,54454,0,0,0,10,2316,2.8370,0,0,0,0,0
2025-11-09,Retail Media Network,Home Essentials Promo Initiative,East Region Prospecting Cohort,18477671,Family Planners Interest Segment,126757682204121107,Offer Spotlight Bold Voice,121926468845256924,Brand Awareness,68.1722,24644,0,34363,50,4,49,12,8,0,3,5,307,0,0,0,18,90,0.3652,0,0,0,0,0
2025-11-10,Retail Media Network,Home Essentials Promo Initiative,East Region Prospecting Cohort,18477671,Bulk Buyers Retention Segment,248674078184555859,Offer Spotlight Bold Voice,452112915739182326,Brand Awareness,62.1350,59191,0,54923,39,5,52,16,8,0,3,4,266,0,0,0,10,90,0.1521,0,0,0,0,0
2025-11-11,Discovery Network,Market Fresh Demand Initiative,Metro Region Prospecting Cohort,18477671,Weekend Deal Hunters Interest Segment,161376797460090312,Product Reel Bold Voice,509760748397830743,Brand Awareness,22.0348,15772,0,18472,40,0,0,0,0,0,0,0,0,0,0,0,12,15,0.0951,0,0,0,0,0
2025-11-12,Social Feed,Market Fresh Demand Initiative,Metro Region Prospecting Cohort,18477671,Health Conscious Buyers Interest Segment,111425641592502989,Product Reel Bold Voice,973295260612807555,Brand Awareness,57.2499,35274,0,46562,43,0,0,0,0,0,0,0,0,0,0,0,35,38,0.1077,0,0,0,0,0
2025-11-13,Display Network,Home Essentials Promo Initiative,East Region Prospecting Cohort,18477671,Health Conscious Buyers Interest Segment,159890011514394505,Offer Spotlight Bold Voice,142381176949482591,Brand Awareness,10.9326,6290,0,5410,9,2,4,2,2,0,2,2,41,0,0,0,1,8,0.1272,0,0,0,0,0
2025-11-14,Search Network,Home Essentials Promo Initiative,East Region Prospecting Cohort,18477671,Health Conscious Buyers Interest Segment,112051189842394453,Price Drop Cut Value Voice,136910279477454488,Brand Awareness,7.5978,3388,0,3562,3,6,62,15,6,0,19,15,3377,0,0,0,0,284,8.3825,0,0,0,0,0
2025-11-15,Display Network,Home Essentials Promo Initiative,East Region Prospecting Cohort,18477671,Family Planners Interest Segment,311630515941383750,Price Drop Cut Value Voice,668883979484534905,Brand Awareness,124.2409,35956,0,71779,69,45,100,100,74,0,292,177,48773,0,0,1,15,3329,9.2585,0,0,0,0,0
2025-11-16,Connected TV,Smart Choice Impact Initiative,East Region Prospecting Cohort,18477671,Family Planners Interest Segment,534542628136685144,Offer Spotlight Bold Voice,116526341254524535,Brand Awareness,0.0000,0,0,0,0,0,0,0,0,0,0,0,0,0,0,0,0,0,0.0000,0,0,0,0,0
2025-11-17,Retail Media Network,Smart Choice Impact Initiative,East Region Prospecting Cohort,18477671,Bulk Buyers Retention Segment,157163993569863340,Offer Spotlight Bold Voice,110977781755517789,Brand Awareness,53.8453,34643,0,32969,69,7,89,30,14,0,117,81,19689,0,0,0,12,924,2.6672,0,0,0,0,0
2025-11-18,Search Network,Smart Choice Impact Initiative,East Region Prospecting Cohort,18477671,Health Conscious Buyers Interest Segment,239407488533427282,Offer Spotlight Bold Voice,207971324484544728,Brand Awareness,3.6461,2931,0,2292,6,0,14,2,0,0,10,10,1708,0,0,0,0,184,6.2777,0,0,0,0,0
2025-11-19,Connected TV,Smart Choice Impact Initiative,East Region Prospecting Cohort,18477671,Family Planners Interest Segment,400897812008861480,Offer Spotlight Bold Voice,480405189437503653,Brand Awareness,99.6032,41367,0,46192,104,62,100,100,80,0,299,201,39060,0,0,0,14,2019,4.8807,0,0,0,0,0
2025-11-20,Shopping Grid,Smart Choice Impact Initiative,East Region Prospecting Cohort,18477671,Bulk Buyers Retention Segment,107715783645079938,Offer Spotlight Bold Voice,149589309607813303,Brand Awareness,54.3270,26875,0,40847,55,38,100,100,56,0,197,169,23739,0,0,0,16,2068,7.6949,0,0,0,0,0
2025-11-21,Shopping Grid,Smart Choice Impact Initiative,East Region Prospecting Cohort,18477671,Health Conscious Buyers Interest Segment,131550595172124090,Offer Spotlight Bold Voice,104977916368343912,Brand Awareness,1.8045,1261,0,726,1,0,35,7,3,0,12,16,611,0,0,0,2,164,13.0056,0,0,0,0,0
2025-11-22,Shopping Grid,Smart Choice Impact Initiative,East Region Prospecting Cohort,18477671,Health Conscious Buyers Interest Segment,103535651235991591,Offer Spotlight Bold Voice,127483164261898063,Brand Awareness,2.3644,2270,0,1132,4,4,35,7,5,0,16,12,1428,0,0,0,1,146,6.4317,0,0,0,0,0
2025-11-23,Video Network,Home Essentials Promo Initiative,East Region Prospecting Cohort,18477671,Bulk Buyers Retention Segment,162853071358804827,Price Drop Cut Value Voice,738937145322144556,Brand Awareness,34.7563,27514,0,31772,16,33,100,100,45,0,148,114,19706,0,0,0,8,1532,5.5681,0,0,0,0,0
2025-11-24,Connected TV,Smart Choice Impact Initiative,East Region Prospecting Cohort,18477671,Family Planners Interest Segment,437683611895344081,Offer Spotlight Bold Voice,180926024741464574,Brand Awareness,59.8024,44465,0,61648,60,31,100,77,44,0,291,199,48329,0,0,0,8,3369,7.5767,0,0,0,0,0
2025-11-25,Connected TV,Home Essentials Promo Initiative,East Region Prospecting Cohort,18477671,Bulk Buyers Retention Segment,248674078184555859,Offer Spotlight Bold Voice,452112915739182326,Brand Awareness,61.2299,57087,0,43810,49,6,53,14,7,0,5,5,293,0,0,0,8,45,0.0788,0,0,0,0,0
2025-11-26,Display Network,Home Essentials Promo Initiative,East Region Prospecting Cohort,18477671,Family Planners Interest Segment,126757682204121107,Offer Spotlight Bold Voice,121926468845256924,Brand Awareness,57.4086,48435,0,38194,62,10,83,25,12,0,11,11,352,0,0,0,6,147,0.3035,0,0,0,0,0
2025-11-27,Display Network,Home Essentials Promo Initiative,East Region Prospecting Cohort,18477671,Health Conscious Buyers Interest Segment,364535938237621249,Offer Spotlight Bold Voice,103276194285622030,Brand Awareness,0.7283,470,0,740,0,0,2,1,1,0,1,1,13,0,0,0,0,2,0.4255,0,0,0,0,0
2025-11-28,Search Network,Home Essentials Promo Initiative,East Region Prospecting Cohort,18477671,Health Conscious Buyers Interest Segment,534609213932090705,Price Drop Cut Value Voice,552366212827275778,Brand Awareness,1.3244,916,0,1176,1,1,64,9,3,0,8,10,637,0,0,0,1,148,16.1572,0,0,0,0,0
2025-11-29,Social Feed,Smart Choice Impact Initiative,East Region Prospecting Cohort,18477671,Health Conscious Buyers Interest Segment,472217382839938538,Offer Spotlight Bold Voice,183438235716363676,Brand Awareness,0.2839,161,0,153,1,0,0,0,0,0,0,0,128,0,0,0,0,8,4.9689,0,0,0,0,0
2025-11-30,Discovery Network,Market Fresh Demand Initiative,Metro Region Prospecting Cohort,18477671,Weekend Deal Hunters Interest Segment,161376797460090312,Product Reel Bold Voice,509760748397830743,Brand Awareness,32.3350,16147,0,20453,35,0,0,0,0,0,0,0,0,0,0,0,18,17,0.1053,0,0,0,0,0
2025-11-01,Marketplace Feed,Home Essentials Promo Initiative,East Region Prospecting Cohort,18477671,Family Planners Interest Segment,126757682204121107,Offer Spotlight Bold Voice,121926468845256924,Brand Awareness,44.1798,34220,0,31157,57,11,100,35,18,0,7,11,602,0,0,0,11,182,0.5319,0,0,0,0,0
2025-11-02,Shopping Grid,Home Essentials Promo Initiative,East Region Prospecting Cohort,18477671,Health Conscious Buyers Interest Segment,159890011514394505,Offer Spotlight Bold Voice,142381176949482591,Brand Awareness,6.9383,4172,0,6013,10,4,10,4,5,0,3,4,55,0,0,0,3,16,0.3835,0,0,0,0,0
2025-11-03,In-App Display,Home Essentials Promo Initiative,East Region Prospecting Cohort,18477671,Health Conscious Buyers Interest Segment,364535938237621249,Offer Spotlight Bold Voice,103276194285622030,Brand Awareness,1.7146,760,0,966,2,1,2,1,1,0,1,1,7,0,0,0,1,2,0.2632,0,0,0,0,0
2025-11-04,Display Network,Home Essentials Promo Initiative,East Region Prospecting Cohort,18477671,Health Conscious Buyers Interest Segment,534609213932090705,Price Drop Cut Value Voice,552366212827275778,Brand Awareness,0.6604,427,0,533,4,1,21,4,2,0,7,5,236,0,0,0,2,56,13.1148,0,0,0,0,0
2025-11-05,Connected TV,Market Fresh Demand Initiative,Metro Region Prospecting Cohort,18477671,Health Conscious Buyers Interest Segment,111425641592502989,Product Reel Bold Voice,973295260612807555,Brand Awareness,29.1673,19419,0,24620,19,0,0,0,0,0,0,0,0,0,0,0,13,8,0.0412,0,0,0,0,0
2025-11-06,Shopping Grid,Home Essentials Promo Initiative,East Region Prospecting Cohort,18477671,Bulk Buyers Retention Segment,248674078184555859,Offer Spotlight Bold Voice,452112915739182326,Brand Awareness,57.8633,46781,0,58095,56,3,56,13,6,0,3,4,333,0,0,0,10,105,0.2245,0,0,0,0,0
2025-11-07,Discovery Network,Home Essentials Promo Initiative,East Region Prospecting Cohort,18477671,Health Conscious Buyers Interest Segment,112051189842394453,Price Drop Cut Value Voice,136910279477454488,Brand Awareness,5.2464,4963,0,3606,14,9,100,37,13,0,49,37,3431,0,0,0,5,416,8.3820,0,0,0,0,0
2025-11-08,Search Network,Home Essentials Promo Initiative,East Region Prospecting Cohort,18477671,Family Planners Interest Segment,311630515941383750,Price Drop Cut Value Voice,668883979484534905,Brand Awareness,68.5719,47461,0,63313,67,49,100,100,100,0,411,285,39159,0,0,0,57,3672,7.7369,0,0,0,0,0
2025-11-09,Social Feed,Smart Choice Impact Initiative,East Region Prospecting Cohort,18477671,Family Planners Interest Segment,160816362089030229,Offer Spotlight Value Voice,237614485843363769,Brand Awareness,0.0000,0,0,0,0,0,0,0,0,0,0,0,0,0,0,0,0,0,0.0000,0,0,0,0,0
2025-11-10,Display Network,Smart Choice Impact Initiative,East Region Prospecting Cohort,18477671,Bulk Buyers Retention Segment,112543485243332528,Offer Spotlight Value Voice,252505519243767839,Brand Awareness,0.0000,0,0,0,0,0,0,0,0,0,0,0,0,0,0,0,0,0,0.0000,0,0,0,0,0
2025-11-11,Discovery Network,Smart Choice Impact Initiative,East Region Prospecting Cohort,18477671,Bulk Buyers Retention Segment,913917634303141043,Offer Spotlight Bold Voice,178155015329886608,Brand Awareness,0.0000,0,0,0,0,0,0,0,0,0,0,0,0,0,0,0,0,0,0.0000,0,0,0,0,0
2025-11-12,Marketplace Feed,Smart Choice Impact Initiative,East Region Prospecting Cohort,18477671,Health Conscious Buyers Interest Segment,573172726100372167,Offer Spotlight Bold Voice,122885112461996306,Brand Awareness,0.0000,0,0,0,0,0,0,0,0,0,0,0,0,0,0,0,0,0,0.0000,0,0,0,0,0
2025-11-13,Connected TV,Smart Choice Impact Initiative,East Region Prospecting Cohort,18477671,Family Planners Interest Segment,437683611895344081,Offer Spotlight Bold Voice,180926024741464574,Brand Awareness,67.8876,23975,0,42079,47,26,100,71,31,0,119,171,31234,0,0,0,6,1635,6.8196,0,0,0,0,0
2025-11-14,In-App Display,Smart Choice Impact Initiative,East Region Prospecting Cohort,18477671,Bulk Buyers Retention Segment,157163993569863340,Offer Spotlight Bold Voice,110977781755517789,Brand Awareness,50.2765,23312,0,26624,40,17,100,45,20,0,87,123,22628,0,0,0,10,1176,5.0446,0,0,0,0,0
2025-11-15,Video Network,Smart Choice Impact Initiative,East Region Prospecting Cohort,18477671,Health Conscious Buyers Interest Segment,472217382839938538,Offer Spotlight Bold Voice,183438235716363676,Brand Awareness,0.2925,105,0,133,0,0,1,0,0,0,1,1,104,0,0,0,0,10,9.5238,0,0,0,0,0
2025-11-16,Video Network,Smart Choice Impact Initiative,East Region Prospecting Cohort,18477671,Health Conscious Buyers Interest Segment,239407488533427282,Offer Spotlight Bold Voice,207971324484544728,Brand Awareness,1.8239,1047,0,1167,2,1,6,3,2,0,8,6,1093,0,0,0,0,101,9.6466,0,0,0,0,0
2025-11-17,Retail Media Network,Smart Choice Impact Initiative,East Region Prospecting Cohort,18477671,Bulk Buyers Retention Segment,107715783645079938,Offer Spotlight Bold Voice,149589309607813303,Brand Awareness,19.9273,14423,0,22981,61,12,100,45,23,0,93,67,11354,0,0,0,9,1164,8.0704,0,0,0,0,0
2025-11-18,In-App Display,Smart Choice Impact Initiative,East Region Prospecting Cohort,18477671,Health Conscious Buyers Interest Segment,131550595172124090,Offer Spotlight Bold Voice,104977916368343912,Brand Awareness,0.6549,553,0,618,0,3,21,4,2,0,7,6,285,0,0,0,0,66,11.9349,0,0,0,0,0
2025-11-19,Affiliate Network,Home Essentials Promo Initiative,East Region Prospecting Cohort,18477671,Bulk Buyers Retention Segment,162853071358804827,Price Drop Cut Value Voice,738937145322144556,Brand Awareness,96.1064,44875,0,71379,84,93,100,100,100,0,273,386,33617,0,0,0,64,5524,12.3097,0,0,0,0,0
2025-11-20,Influencer Network,Smart Choice Impact Initiative,East Region Prospecting Cohort,18477671,Family Planners Interest Segment,400897812008861480,Offer Spotlight Bold Voice,480405189437503653,Brand Awareness,40.0241,31675,0,33707,64,41,100,100,49,0,187,148,22084,0,0,0,16,1952,6.1626,0,0,0,0,0
2025-11-21,Search Network,Smart Choice Impact Initiative,East Region Prospecting Cohort,18477671,Health Conscious Buyers Interest Segment,103535651235991591,Offer Spotlight Bold Voice,127483164261898063,Brand Awareness,2.2348,2580,0,1796,8,3,38,10,5,0,9,12,1080,0,0,0,1,185,7.1705,0,0,0,0,0
2025-11-22,Social Feed,Smart Choice Impact Initiative,East Region Prospecting Cohort,18477671,Family Planners Interest Segment,534542628136685144,Offer Spotlight Bold Voice,116526341254524535,Brand Awareness,0.0000,0,0,0,0,0,0,0,0,0,0,0,0,0,0,0,0,0,0.0000,0,0,0,0,0
2025-11-23,Connected TV,Market Fresh Demand Initiative,Metro Region Prospecting Cohort,18477671,Health Conscious Buyers Interest Segment,111425641592502989,Product Reel Bold Voice,973295260612807555,Brand Awareness,48.8469,60074,0,58303,74,0,0,0,0,0,0,0,0,0,0,0,62,68,0.1132,0,0,0,0,0
2025-11-24,Shopping Grid,Home Essentials Promo Initiative,East Region Prospecting Cohort,18477671,Bulk Buyers Retention Segment,248674078184555859,Offer Spotlight Bold Voice,452112915739182326,Brand Awareness,65.6217,61520,0,42103,53,8,100,28,13,0,7,8,528,1,0,0,11,132,0.2146,0,0,0,0,0
2025-11-25,Discovery Network,Home Essentials Promo Initiative,East Region Prospecting Cohort,18477671,Family Planners Interest Segment,126757682204121107,Offer Spotlight Bold Voice,121926468845256924,Brand Awareness,58.7791,31006,0,23917,46,10,91,25,12,0,10,9,366,0,0,0,12,117,0.3773,0,0,0,0,0
2025-11-26,Discovery Network,Home Essentials Promo Initiative,East Region Prospecting Cohort,18477671,Health Conscious Buyers Interest Segment,159890011514394505,Offer Spotlight Bold Voice,142381176949482591,Brand Awareness,3.0210,3253,0,3672,3,2,6,3,2,0,3,2,32,0,0,0,1,14,0.4304,0,0,0,0,0
2025-11-27,Social Feed,Family Pantry Retention Initiative,East Region Conversion Cohort,18477671,Family Planners Interest Segment,118913640049972056,Shelf Story Warm Voice,118757879921027344,Brand Awareness,0.0000,0,0,0,0,0,0,0,0,0,0,0,0,0,0,0,0,0,0.0000,0,0,0,0,0
2025-11-28,Retail Media Network,Home Essentials Promo Initiative,East Region Prospecting Cohort,18477671,Health Conscious Buyers Interest Segment,364535938237621249,Offer Spotlight Bold Voice,103276194285622030,Brand Awareness,0.7966,474,0,589,1,0,1,0,0,0,0,0,13,0,0,0,0,1,0.2110,0,0,0,0,0
2025-11-29,Influencer Network,Family Pantry Retention Initiative,East Region Conversion Cohort,18477671,Health Conscious Buyers Interest Segment,177146400897430092,Shelf Story Warm Voice,125010800506358682,Brand Awareness,0.0000,0,0,0,0,0,0,0,0,0,0,0,0,0,0,0,0,0,0.0000,0,0,0,0,0
2025-11-30,Influencer Network,Home Essentials Promo Initiative,East Region Prospecting Cohort,18477671,Health Conscious Buyers Interest Segment,112051189842394453,Price Drop Cut Value Voice,136910279477454488,Brand Awareness,4.5136,2552,0,3332,10,0,42,8,2,0,11,7,2366,0,0,0,0,187,7.3276,0,0,0,0,0
2025-11-01,In-App Display,Home Essentials Promo Initiative,East Region Prospecting Cohort,18477671,Bulk Buyers Retention Segment,162853071358804827,Price Drop Cut Value Voice,738937145322144556,Brand Awareness,58.6736,29573,0,42219,53,45,100,100,62,0,132,145,34627,0,0,0,6,1944,6.5736,0,0,0,0,0
2025-11-02,Affiliate Network,Smart Choice Impact Initiative,East Region Prospecting Cohort,18477671,Family Planners Interest Segment,160816362089030229,Offer Spotlight Value Voice,237614485843363769,Brand Awareness,81.7316,50130,0,36076,56,28,100,60,32,0,218,175,46971,0,0,0,13,2193,4.3746,0,0,0,0,0
2025-11-03,In-App Display,Smart Choice Impact Initiative,East Region Prospecting Cohort,18477671,Bulk Buyers Retention Segment,112543485243332528,Offer Spotlight Value Voice,252505519243767839,Brand Awareness,31.5673,18449,0,37790,22,15,100,29,18,0,140,92,21766,0,0,0,11,1096,5.9407,0,0,0,0,0
2025-11-04,Affiliate Network,Smart Choice Impact Initiative,East Region Prospecting Cohort,18477671,Health Conscious Buyers Interest Segment,131786783961333921,Offer Spotlight Value Voice,705205757413721577,Brand Awareness,0.1990,163,0,134,1,0,1,1,0,0,1,1,87,0,0,0,1,11,6.7485,0,0,0,0,0
2025-11-05,Discovery Network,Smart Choice Impact Initiative,East Region Prospecting Cohort,18477671,Family Planners Interest Segment,437683611895344081,Offer Spotlight Bold Voice,180926024741464574,Brand Awareness,44.1665,30697,0,21537,18,16,100,41,23,0,126,99,21106,0,0,0,4,1668,5.4338,0,0,0,0,0
2025-11-06,Connected TV,Smart Choice Impact Initiative,East Region Prospecting Cohort,18477671,Bulk Buyers Retention Segment,157163993569863340,Offer Spotlight Bold Voice,110977781755517789,Brand Awareness,78.4954,44625,0,37230,35,20,100,51,21,0,186,165,35271,0,0,0,6,2075,4.6499,0,0,0,0,0
2025-11-07,Display Network,Smart Choice Impact Initiative,East Region Prospecting Cohort,18477671,Health Conscious Buyers Interest Segment,472217382839938538,Offer Spotlight Bold Voice,183438235716363676,Brand Awareness,0.4912,233,0,224,0,0,1,0,0,0,1,1,168,0,0,0,0,19,8.1545,0,0,0,0,0
2025-11-08,Shopping Grid,Home Essentials Promo Initiative,East Region Prospecting Cohort,18477671,Health Conscious Buyers Interest Segment,534609213932090705,Price Drop Cut Value Voice,552366212827275778,Brand Awareness,1.2538,1628,0,1589,1,4,83,11,5,0,14,14,734,0,0,0,0,143,8.7838,0,0,0,0,0
2025-11-09,Shopping Grid,Home Essentials Promo Initiative,East Region Prospecting Cohort,18477671,Family Planners Interest Segment,311630515941383750,Price Drop Cut Value Voice,668883979484534905,Brand Awareness,58.7775,44321,0,64964,56,42,100,100,69,0,193,163,32188,0,0,0,19,1977,4.4606,0,0,0,0,0
2025-11-10,Connected TV,Smart Choice Impact Initiative,East Region Prospecting Cohort,18477671,Health Conscious Buyers Interest Segment,239407488533427282,Offer Spotlight Bold Voice,207971324484544728,Brand Awareness,5.0553,3443,0,2201,4,0,17,1,1,0,22,14,2738,0,0,0,1,265,7.6968,0,0,0,0,0
2025-11-11,Marketplace Feed,Family Pantry Retention Initiative,East Region Conversion Cohort,18477671,Weekend Deal Hunters Interest Segment,149582435915186674,Shelf Story Warm Voice,771766932430929551,Brand Awareness,0.0000,0,0,0,0,0,0,0,0,0,0,0,0,0,0,0,0,0,0.0000,0,0,0,0,0
2025-11-12,Connected TV,Smart Choice Impact Initiative,East Region Prospecting Cohort,18477671,Family Planners Interest Segment,534542628136685144,Offer Spotlight Bold Voice,116526341254524535,Brand Awareness,11.0748,8897,0,11374,16,0,0,0,0,0,0,0,0,0,0,1,4,9,0.1012,0,0,0,0,0
2025-11-13,Search Network,Market Fresh Demand Initiative,Metro Region Prospecting Cohort,18477671,Weekend Deal Hunters Interest Segment,161376797460090312,Product Reel Bold Voice,509760748397830743,Brand Awareness,26.9173,13753,0,16598,29,0,0,0,0,0,0,0,0,0,0,0,12,21,0.1527,0,0,0,0,0
2025-11-14,Discovery Network,Smart Choice Impact Initiative,East Region Prospecting Cohort,18477671,Health Conscious Buyers Interest Segment,182723406752174546,Offer Spotlight Value Voice,423170338506808282,Brand Awareness,2.0993,1265,0,793,0,0,2,0,0,0,4,3,988,0,0,0,0,88,6.9565,0,0,0,0,0
2025-11-15,Display Network,Smart Choice Impact Initiative,East Region Prospecting Cohort,18477671,Bulk Buyers Retention Segment,913917634303141043,Offer Spotlight Bold Voice,178155015329886608,Brand Awareness,43.3589,34545,0,37781,32,0,0,0,0,0,0,0,0,0,0,0,5,25,0.0724,0,0,0,0,0
2025-11-16,Shopping Grid,Smart Choice Impact Initiative,East Region Prospecting Cohort,18477671,Health Conscious Buyers Interest Segment,573172726100372167,Offer Spotlight Bold Voice,122885112461996306,Brand Awareness,88.9533,60617,0,102648,135,0,0,0,0,0,0,0,0,0,0,0,13,97,0.1600,0,0,0,0,0
2025-11-17,Influencer Network,Smart Choice Impact Initiative,East Region Prospecting Cohort,18477671,Health Conscious Buyers Interest Segment,104742688502410437,Offer Spotlight Bold Voice,699445381393965161,Brand Awareness,0.1037,89,0,79,0,0,0,0,0,0,0,0,0,0,0,0,0,0,0.0000,0,0,0,0,0
2025-11-18,Retail Media Network,Home Essentials Promo Initiative,East Region Prospecting Cohort,18477671,Bulk Buyers Retention Segment,248674078184555859,Offer Spotlight Bold Voice,452112915739182326,Brand Awareness,80.4870,60689,0,51218,73,8,100,30,10,0,5,7,608,0,0,0,12,221,0.3642,0,0,0,0,0
2025-11-19,Display Network,Family Pantry Retention Initiative,East Region Conversion Cohort,18477671,Family Planners Interest Segment,118913640049972056,Shelf Story Warm Voice,118757879921027344,Brand Awareness,161.2366,94333,0,82234,157,0,0,0,0,0,0,0,0,0,0,0,37,100,0.1060,0,0,0,0,0
2025-11-20,Influencer Network,Family Pantry Retention Initiative,East Region Conversion Cohort,18477671,Health Conscious Buyers Interest Segment,177146400897430092,Shelf Story Warm Voice,125010800506358682,Brand Awareness,85.0987,62575,0,69394,165,0,0,0,0,0,0,0,0,0,0,0,32,71,0.1135,0,0,0,0,0
2025-11-21,Video Network,Home Essentials Promo Initiative,East Region Prospecting Cohort,18477671,Bulk Buyers Retention Segment,162853071358804827,Price Drop Cut Value Voice,738937145322144556,Brand Awareness,48.0998,59770,0,38317,65,52,100,100,73,0,273,149,32480,0,0,0,20,2267,3.7929,0,0,0,0,0
2025-11-22,Influencer Network,Smart Choice Impact Initiative,East Region Prospecting Cohort,18477671,Family Planners Interest Segment,160816362089030229,Offer Spotlight Value Voice,237614485843363769,Brand Awareness,55.4454,37789,0,57692,60,25,100,54,29,0,159,199,43169,0,0,0,12,3206,8.4840,0,0,0,0,0
2025-11-23,Shopping Grid,Market Fresh Demand Initiative,Metro Region Prospecting Cohort,18477671,Weekend Deal Hunters Interest Segment,161376797460090312,Product Reel Bold Voice,509760748397830743,Brand Awareness,21.1432,14355,0,20837,38,0,0,0,0,0,0,0,0,0,0,0,18,30,0.2090,0,0,0,0,0
2025-11-24,Video Network,Market Fresh Demand Initiative,Metro Region Prospecting Cohort,18477671,Health Conscious Buyers Interest Segment,111425641592502989,Product Reel Bold Voice,973295260612807555,Brand Awareness,57.3799,25828,0,27181,67,0,0,0,0,0,0,0,0,0,0,0,29,35,0.1355,0,0,0,0,0
2025-11-25,Search Network,Home Essentials Promo Initiative,East Region Prospecting Cohort,18477671,Health Conscious Buyers Interest Segment,159890011514394505,Offer Spotlight Bold Voice,142381176949482591,Brand Awareness,4.5671,3074,0,2742,4,1,14,3,1,0,1,1,30,0,0,0,3,15,0.4880,0,0,0,0,0
2025-11-26,Influencer Network,Smart Choice Impact Initiative,East Region Prospecting Cohort,18477671,Bulk Buyers Retention Segment,112543485243332528,Offer Spotlight Value Voice,252505519243767839,Brand Awareness,36.0038,26057,0,41326,29,12,100,32,19,0,135,113,22378,0,0,0,7,1502,5.7643,0,0,0,0,0
2025-11-27,Discovery Network,Smart Choice Impact Initiative,East Region Prospecting Cohort,18477671,Health Conscious Buyers Interest Segment,131786783961333921,Offer Spotlight Value Voice,705205757413721577,Brand Awareness,0.1832,153,0,120,0,0,0,0,0,0,0,0,95,0,0,0,0,4,2.6144,0,0,0,0,0
2025-11-28,Affiliate Network,Smart Choice Impact Initiative,East Region Prospecting Cohort,18477671,Health Conscious Buyers Interest Segment,182723406752174546,Offer Spotlight Value Voice,423170338506808282,Brand Awareness,1.7506,1564,0,1401,4,0,7,2,2,0,10,7,1170,0,0,0,2,125,7.9923,0,0,0,0,0
2025-11-29,Search Network,Smart Choice Impact Initiative,East Region Prospecting Cohort,18477671,Bulk Buyers Retention Segment,913917634303141043,Offer Spotlight Bold Voice,178155015329886608,Brand Awareness,66.8986,56733,0,43091,56,0,0,0,0,0,0,0,0,0,0,0,3,30,0.0529,0,0,0,0,0
2025-11-30,Influencer Network,Smart Choice Impact Initiative,East Region Prospecting Cohort,18477671,Health Conscious Buyers Interest Segment,573172726100372167,Offer Spotlight Bold Voice,122885112461996306,Brand Awareness,70.8737,43875,0,35525,70,0,0,0,0,0,0,0,0,1,0,0,2,41,0.0934,0,0,0,0,0
2025-11-01,Marketplace Feed,Smart Choice Impact Initiative,East Region Prospecting Cohort,18477671,Family Planners Interest Segment,534542628136685144,Offer Spotlight Bold Voice,116526341254524535,Brand Awareness,52.0224,48657,0,50557,63,0,0,0,0,0,0,0,0,0,0,0,21,45,0.0925,0,0,0,0,0
2025-11-02,Discovery Network,Smart Choice Impact Initiative,East Region Prospecting Cohort,18477671,Bulk Buyers Retention Segment,157163993569863340,Offer Spotlight Bold Voice,110977781755517789,Brand Awareness,47.8154,45823,0,22392,17,14,100,33,21,0,176,116,26321,0,0,0,8,1378,3.0072,0,0,0,0,0
2025-11-03,Affiliate Network,Smart Choice Impact Initiative,East Region Prospecting Cohort,18477671,Health Conscious Buyers Interest Segment,472217382839938538,Offer Spotlight Bold Voice,183438235716363676,Brand Awareness,0.4065,360,0,398,0,0,2,0,0,0,3,2,292,0,0,0,0,19,5.2778,0,0,0,0,0
2025-11-04,In-App Display,Smart Choice Impact Initiative,East Region Prospecting Cohort,18477671,Health Conscious Buyers Interest Segment,239407488533427282,Offer Spotlight Bold Voice,207971324484544728,Brand Awareness,13.0571,5812,0,9422,4,2,43,7,2,0,43,44,7692,0,0,0,0,474,8.1555,0,0,0,0,0
2025-11-05,Connected TV,Smart Choice Impact Initiative,East Region Prospecting Cohort,18477671,Family Planners Interest Segment,437683611895344081,Offer Spotlight Bold Voice,180926024741464574,Brand Awareness,59.5670,40727,0,44195,66,21,100,66,34,0,223,155,36179,0,0,0,10,2487,6.1065,0,0,0,0,0
2025-11-06,Shopping Grid,Home Essentials Promo Initiative,East Region Prospecting Cohort,18477671,Family Planners Interest Segment,311630515941383750,Price Drop Cut Value Voice,668883979484534905,Brand Awareness,58.1413,56749,0,45517,53,48,100,100,81,0,102,148,29452,0,0,0,12,1761,3.1031,0,0,0,0,0
2025-11-07,Marketplace Feed,Smart Choice Impact Initiative,East Region Prospecting Cohort,18477671,Health Conscious Buyers Interest Segment,104742688502410437,Offer Spotlight Bold Voice,699445381393965161,Brand Awareness,0.1571,186,0,158,0,0,0,0,0,0,0,0,0,0,0,0,0,0,0.0000,0,0,0,0,0
2025-11-08,Retail Media Network,Home Essentials Promo Initiative,East Region Prospecting Cohort,18477671,Family Planners Interest Segment,126757682204121107,Offer Spotlight Bold Voice,121926468845256924,Brand Awareness,52.0895,49639,0,36355,63,7,100,31,12,0,7,6,418,0,0,0,18,133,0.2679,0,0,0,0,0
2025-11-09,Influencer Network,Home Essentials Promo Initiative,East Region Prospecting Cohort,18477671,Health Conscious Buyers Interest Segment,364535938237621249,Offer Spotlight Bold Voice,103276194285622030,Brand Awareness,0.5626,638,0,759,2,1,7,3,1,0,1,1,22,0,0,0,0,9,1.4107,0,0,0,0,0
2025-11-10,Shopping Grid,Family Pantry Retention Initiative,East Region Conversion Cohort,18477671,Weekend Deal Hunters Interest Segment,149582435915186674,Shelf Story Warm Voice,771766932430929551,Brand Awareness,16.2909,20620,0,12452,48,0,0,0,0,0,0,0,0,0,0,0,17,30,0.1455,0,0,0,0,0
2025-11-11,Affiliate Network,Home Essentials Promo Initiative,East Region Prospecting Cohort,18477671,Health Conscious Buyers Interest Segment,112051189842394453,Price Drop Cut Value Voice,136910279477454488,Brand Awareness,4.3589,3483,0,3311,7,3,42,11,7,0,19,14,1822,0,0,0,0,244,7.0055,0,0,0,0,0
2025-11-12,In-App Display,Home Essentials Promo Initiative,East Region Prospecting Cohort,18477671,Health Conscious Buyers Interest Segment,534609213932090705,Price Drop Cut Value Voice,552366212827275778,Brand Awareness,1.8198,1762,0,2001,8,4,99,17,10,0,25,23,752,0,0,0,5,157,8.9103,0,0,0,0,0
2025-11-13,Marketplace Feed,Market Fresh Demand Initiative,Metro Region Prospecting Cohort,18477671,Health Conscious Buyers Interest Segment,111425641592502989,Product Reel Bold Voice,973295260612807555,Brand Awareness,35.1853,38648,0,50599,65,0,0,0,0,0,0,0,0,0,0,0,36,45,0.1164,0,0,0,0,0
2025-11-14,Shopping Grid,Family Pantry Retention Initiative,East Region Conversion Cohort,18477671,Health Conscious Buyers Interest Segment,177146400897430092,Shelf Story Warm Voice,125010800506358682,Brand Awareness,91.5690,92010,0,62809,183,0,0,0,0,0,0,0,0,1,0,0,41,66,0.0717,0,0,0,0,0
2025-11-15,Shopping Grid,Home Essentials Promo Initiative,East Region Prospecting Cohort,18477671,Health Conscious Buyers Interest Segment,112051189842394453,Price Drop Cut Value Voice,136910279477454488,Brand Awareness,1.4392,730,0,1429,3,4,27,8,4,0,10,6,783,0,0,0,0,72,9.8630,0,0,0,0,0
2025-11-16,Influencer Network,Home Essentials Promo Initiative,East Region Prospecting Cohort,18477671,Bulk Buyers Retention Segment,162853071358804827,Price Drop Cut Value Voice,738937145322144556,Brand Awareness,48.3364,39072,0,40785,95,53,100,100,73,0,233,201,28802,0,0,0,41,2068,5.2928,0,0,0,0,0
2025-11-17,Social Feed,Home Essentials Promo Initiative,East Region Prospecting Cohort,18477671,Family Planners Interest Segment,311630515941383750,Price Drop Cut Value Voice,668883979484534905,Brand Awareness,60.8406,48791,0,30134,34,47,100,100,53,0,217,161,21669,0,0,0,23,1789,3.6667,0,0,0,0,0
2025-11-18,Affiliate Network,Smart Choice Impact Initiative,East Region Prospecting Cohort,18477671,Family Planners Interest Segment,160816362089030229,Offer Spotlight Value Voice,237614485843363769,Brand Awareness,52.0133,35838,0,31725,113,31,100,75,32,0,231,182,36665,0,0,0,16,3083,8.6026,0,0,0,0,0
2025-11-19,Connected TV,Smart Choice Impact Initiative,East Region Prospecting Cohort,18477671,Bulk Buyers Retention Segment,112543485243332528,Offer Spotlight Value Voice,252505519243767839,Brand Awareness,41.7125,35061,0,35876,72,15,100,45,18,0,146,144,31550,0,0,0,9,2512,7.1647,0,0,0,0,0
2025-11-20,Shopping Grid,Smart Choice Impact Initiative,East Region Prospecting Cohort,18477671,Health Conscious Buyers Interest Segment,131786783961333921,Offer Spotlight Value Voice,705205757413721577,Brand Awareness,0.2951,226,0,233,0,0,1,0,0,0,1,1,148,0,0,0,0,19,8.4071,0,0,0,0,0
2025-11-21,Video Network,Smart Choice Impact Initiative,East Region Prospecting Cohort,18477671,Health Conscious Buyers Interest Segment,182723406752174546,Offer Spotlight Value Voice,423170338506808282,Brand Awareness,2.8121,1916,0,2536,6,0,15,3,0,0,10,11,1479,0,0,0,2,177,9.2380,0,0,0,0,0
2025-11-22,In-App Display,Smart Choice Impact Initiative,East Region Prospecting Cohort,18477671,Bulk Buyers Retention Segment,913917634303141043,Offer Spotlight Bold Voice,178155015329886608,Brand Awareness,98.9781,52745,0,94833,118,0,0,0,0,0,0,0,0,0,0,0,10,54,0.1024,0,0,0,0,0
2025-11-23,Influencer Network,Smart Choice Impact Initiative,East Region Prospecting Cohort,18477671,Family Planners Interest Segment,534542628136685144,Offer Spotlight Bold Voice,116526341254524535,Brand Awareness,70.8594,40582,0,55781,53,0,0,0,0,0,0,0,0,0,0,0,18,24,0.0591,0,0,0,0,0
2025-11-24,Retail Media Network,Smart Choice Impact Initiative,East Region Prospecting Cohort,18477671,Health Conscious Buyers Interest Segment,104742688502410437,Offer Spotlight Bold Voice,699445381393965161,Brand Awareness,0.2490,251,0,235,0,0,0,0,0,0,0,0,0,0,0,0,0,1,0.3984,0,0,0,0,0
2025-11-25,Influencer Network,Smart Choice Impact Initiative,East Region Prospecting Cohort,18477671,Bulk Buyers Retention Segment,157163993569863340,Offer Spotlight Bold Voice,110977781755517789,Brand Awareness,36.8722,35232,0,27349,76,14,100,57,28,0,209,119,26116,0,0,0,10,2302,6.5338,0,0,0,0,0
2025-11-26,Display Network,Smart Choice Impact Initiative,East Region Prospecting Cohort,18477671,Health Conscious Buyers Interest Segment,472217382839938538,Offer Spotlight Bold Voice,183438235716363676,Brand Awareness,0.7776,498,0,323,0,0,2,0,0,0,2,2,351,0,0,0,0,38,7.6305,0,0,0,0,0
2025-11-27,Retail Media Network,Smart Choice Impact Initiative,East Region Prospecting Cohort,18477671,Health Conscious Buyers Interest Segment,239407488533427282,Offer Spotlight Bold Voice,207971324484544728,Brand Awareness,9.8064,4062,0,4470,13,1,24,8,3,0,27,24,4992,0,0,0,1,532,13.0970,0,0,0,0,0
2025-11-28,Social Feed,Home Essentials Promo Initiative,East Region Prospecting Cohort,18477671,Health Conscious Buyers Interest Segment,364535938237621249,Offer Spotlight Bold Voice,103276194285622030,Brand Awareness,1.0624,772,0,955,0,0,0,0,0,0,0,0,18,0,0,0,0,5,0.6477,0,0,0,0,0
2025-11-29,Influencer Network,Family Pantry Retention Initiative,East Region Conversion Cohort,18477671,Family Planners Interest Segment,118913640049972056,Shelf Story Warm Voice,118757879921027344,Brand Awareness,125.4349,78369,0,108149,168,0,0,0,0,0,0,0,0,0,0,0,84,101,0.1289,0,0,0,0,0
2025-11-30,Influencer Network,Market Fresh Demand Initiative,Metro Region Prospecting Cohort,18477671,Weekend Deal Hunters Interest Segment,161376797460090312,Product Reel Bold Voice,509760748397830743,Brand Awareness,22.0578,12079,0,20930,43,0,0,0,0,0,0,0,0,1,0,0,15,17,0.1407,0,0,0,0,0
2025-11-01,Shopping Grid,Home Essentials Promo Initiative,East Region Prospecting Cohort,18477671,Family Planners Interest Segment,126757682204121107,Offer Spotlight Bold Voice,121926468845256924,Brand Awareness,63.4084,49614,0,49264,95,23,100,92,39,0,13,20,1185,0,0,0,18,433,0.8727,0,0,0,0,0
2025-11-02,Social Feed,Home Essentials Promo Initiative,East Region Prospecting Cohort,18477671,Health Conscious Buyers Interest Segment,534609213932090705,Price Drop Cut Value Voice,552366212827275778,Brand Awareness,1.3166,1426,0,1042,6,1,88,16,3,0,28,22,640,0,0,0,5,233,16.3394,0,0,0,0,0
2025-11-03,Marketplace Feed,Smart Choice Impact Initiative,East Region Prospecting Cohort,18477671,Health Conscious Buyers Interest Segment,573172726100372167,Offer Spotlight Bold Voice,122885112461996306,Brand Awareness,2.0811,2115,0,2368,8,0,0,0,0,0,0,0,0,0,0,0,1,4,0.1891,0,0,0,0,0
2025-11-04,Display Network,Smart Choice Impact Initiative,East Region Prospecting Cohort,18477671,Family Planners Interest Segment,437683611895344081,Offer Spotlight Bold Voice,180926024741464574,Brand Awareness,38.4211,25182,0,31103,41,14,93,33,18,0,142,100,18348,0,0,0,5,1722,6.8382,0,0,0,0,0
2025-11-05,Shopping Grid,Home Essentials Promo Initiative,East Region Prospecting Cohort,18477671,Bulk Buyers Retention Segment,248674078184555859,Offer Spotlight Bold Voice,452112915739182326,Brand Awareness,81.5262,43174,0,45915,56,17,100,42,18,0,21,14,484,0,0,0,16,153,0.3544,0,0,0,0,0
2025-11-06,Search Network,Home Essentials Promo Initiative,East Region Prospecting Cohort,18477671,Health Conscious Buyers Interest Segment,159890011514394505,Offer Spotlight Bold Voice,142381176949482591,Brand Awareness,5.5939,3811,0,4115,3,0,19,3,1,0,0,0,58,0,0,0,0,15,0.3936,0,0,0,0,0
2025-11-07,Shopping Grid,Family Pantry Retention Initiative,East Region Conversion Cohort,18477671,Weekend Deal Hunters Interest Segment,149582435915186674,Shelf Story Warm Voice,771766932430929551,Brand Awareness,16.5134,9935,0,19176,19,0,0,0,0,0,0,0,0,0,0,0,14,12,0.1208,0,0,0,0,0
2025-11-08,Connected TV,Market Fresh Demand Initiative,Metro Region Prospecting Cohort,18477671,Weekend Deal Hunters Interest Segment,161376797460090312,Product Reel Bold Voice,509760748397830743,Brand Awareness,21.1600,12731,0,7784,24,0,0,0,0,0,0,0,0,0,0,0,7,10,0.0785,0,0,0,0,0
2025-11-09,Discovery Network,Market Fresh Demand Initiative,Metro Region Prospecting Cohort,18477671,Health Conscious Buyers Interest Segment,111425641592502989,Product Reel Bold Voice,973295260612807555,Brand Awareness,69.0874,43116,0,54514,101,0,0,0,0,0,0,0,0,0,0,0,41,50,0.1160,0,0,0,0,0
2025-11-10,Connected TV,Home Essentials Promo Initiative,East Region Prospecting Cohort,18477671,Bulk Buyers Retention Segment,248674078184555859,Offer Spotlight Bold Voice,452112915739182326,Brand Awareness,47.8224,37907,0,44061,59,8,100,45,23,0,12,8,502,0,0,0,12,173,0.4564,0,0,0,0,0
2025-11-11,Social Feed,Home Essentials Promo Initiative,East Region Prospecting Cohort,18477671,Family Planners Interest Segment,126757682204121107,Offer Spotlight Bold Voice,121926468845256924,Brand Awareness,66.4022,55455,0,52181,82,27,100,100,38,0,41,27,1588,0,0,0,25,358,0.6456,0,0,0,0,0
2025-11-12,Search Network,Home Essentials Promo Initiative,East Region Prospecting Cohort,18477671,Health Conscious Buyers Interest Segment,159890011514394505,Offer Spotlight Bold Voice,142381176949482591,Brand Awareness,9.2000,7331,0,5545,9,1,10,3,3,0,1,1,45,0,0,0,1,12,0.1637,0,0,0,0,0
2025-11-13,Marketplace Feed,Home Essentials Promo Initiative,East Region Prospecting Cohort,18477671,Health Conscious Buyers Interest Segment,364535938237621249,Offer Spotlight Bold Voice,103276194285622030,Brand Awareness,1.2978,1033,0,1042,1,0,2,2,0,0,0,0,14,0,0,0,0,3,0.2904,0,0,0,0,0
2025-11-14,Shopping Grid,Family Pantry Retention Initiative,East Region Conversion Cohort,18477671,Family Planners Interest Segment,118913640049972056,Shelf Story Warm Voice,118757879921027344,Brand Awareness,145.5400,118121,0,155039,235,0,0,0,0,0,0,0,0,0,0,0,75,121,0.1024,0,0,0,0,0
2025-11-15,In-App Display,Family Pantry Retention Initiative,East Region Conversion Cohort,18477671,Weekend Deal Hunters Interest Segment,149582435915186674,Shelf Story Warm Voice,771766932430929551,Brand Awareness,27.4329,11125,0,18202,45,0,0,0,0,0,0,0,0,0,0,0,11,29,0.2607,0,0,0,0,0
2025-11-16,Social Feed,Home Essentials Promo Initiative,East Region Prospecting Cohort,18477671,Health Conscious Buyers Interest Segment,112051189842394453,Price Drop Cut Value Voice,136910279477454488,Brand Awareness,0.9547,1862,0,1622,3,2,66,11,2,0,13,14,462,0,0,0,2,260,13.9635,0,0,0,0,0
2025-11-17,Search Network,Home Essentials Promo Initiative,East Region Prospecting Cohort,18477671,Health Conscious Buyers Interest Segment,534609213932090705,Price Drop Cut Value Voice,552366212827275778,Brand Awareness,0.2641,644,0,1019,1,2,34,14,7,0,21,13,419,0,0,0,1,103,15.9938,0,0,0,0,0
2025-11-18,Video Network,Home Essentials Promo Initiative,East Region Prospecting Cohort,18477671,Bulk Buyers Retention Segment,162853071358804827,Price Drop Cut Value Voice,738937145322144556,Brand Awareness,153.4320,293858,0,323799,398,100,100,100,100,0,3843,2767,132068,0,0,0,274,23818,8.1053,0,0,0,0,0
2025-11-19,In-App Display,Home Essentials Promo Initiative,East Region Prospecting Cohort,18477671,Family Planners Interest Segment,311630515941383750,Price Drop Cut Value Voice,668883979484534905,Brand Awareness,47.0596,34194,0,70665,173,80,100,100,100,0,462,511,14764,0,0,0,80,7463,21.8255,0,0,0,0,0
2025-11-20,In-App Display,Smart Choice Impact Initiative,East Region Prospecting Cohort,18477671,Family Planners Interest Segment,160816362089030229,Offer Spotlight Value Voice,237614485843363769,Brand Awareness,79.2489,43957,0,36064,125,18,100,68,31,0,173,164,39295,0,0,0,16,2531,5.7579,0,0,0,0,0
2025-11-21,Marketplace Feed,Smart Choice Impact Initiative,East Region Prospecting Cohort,18477671,Health Conscious Buyers Interest Segment,131786783961333921,Offer Spotlight Value Voice,705205757413721577,Brand Awareness,0.2661,260,0,182,0,0,1,0,0,0,1,1,178,0,0,0,0,11,4.2308,0,0,0,0,0
2025-11-22,Discovery Network,Smart Choice Impact Initiative,East Region Prospecting Cohort,18477671,Health Conscious Buyers Interest Segment,182723406752174546,Offer Spotlight Value Voice,423170338506808282,Brand Awareness,2.3628,2390,0,2388,5,2,9,4,2,0,7,7,2134,0,0,0,1,196,8.2008,0,0,0,0,0
2025-11-23,Influencer Network,Smart Choice Impact Initiative,East Region Prospecting Cohort,18477671,Family Planners Interest Segment,534542628136685144,Offer Spotlight Bold Voice,116526341254524535,Brand Awareness,86.1443,106368,0,100242,191,0,0,0,0,0,0,0,0,0,0,0,57,65,0.0611,0,0,0,0,0
2025-11-24,Connected TV,Smart Choice Impact Initiative,East Region Prospecting Cohort,18477671,Health Conscious Buyers Interest Segment,104742688502410437,Offer Spotlight Bold Voice,699445381393965161,Brand Awareness,0.3511,307,0,235,0,0,0,0,0,0,0,0,0,0,0,0,0,0,0.0000,0,0,0,0,0
2025-11-25,Marketplace Feed,Family Pantry Retention Initiative,East Region Conversion Cohort,18477671,Health Conscious Buyers Interest Segment,177146400897430092,Shelf Story Warm Voice,125010800506358682,Brand Awareness,66.5499,39670,0,50501,158,0,0,0,0,0,0,0,0,0,0,0,30,57,0.1437,0,0,0,0,0
2025-11-26,Retail Media Network,Smart Choice Impact Initiative,East Region Prospecting Cohort,18477671,Bulk Buyers Retention Segment,913917634303141043,Offer Spotlight Bold Voice,178155015329886608,Brand Awareness,72.2074,35877,0,45979,33,0,0,0,0,0,0,0,0,0,0,0,3,22,0.0613,0,0,0,0,0
2025-11-27,Social Feed,Smart Choice Impact Initiative,East Region Prospecting Cohort,18477671,Health Conscious Buyers Interest Segment,573172726100372167,Offer Spotlight Bold Voice,122885112461996306,Brand Awareness,2.0545,2171,0,1447,4,0,0,0,0,0,0,0,0,0,0,0,0,0,0.0000,0,0,0,0,0
2025-11-28,Influencer Network,Smart Choice Impact Initiative,East Region Prospecting Cohort,18477671,Bulk Buyers Retention Segment,112543485243332528,Offer Spotlight Value Voice,252505519243767839,Brand Awareness,38.2254,24636,0,32903,30,13,100,50,23,0,135,125,27206,0,0,0,7,2959,12.0109,0,0,0,0,0
2025-11-29,Shopping Grid,Family Pantry Retention Initiative,Metro Region Loyalty Cohort,18477671,Family Planners Lookalike Segment,131110122694256392,Shelf Story Warm Voice,585790054530420953,Brand Awareness,0.0000,0,0,0,0,0,0,0,0,0,0,0,0,0,0,0,0,0,0.0000,0,0,0,0,0
2025-11-30,Video Network,Market Fresh Demand Initiative,Metro Region Prospecting Cohort,18477671,Weekend Deal Hunters Interest Segment,161376797460090312,Product Reel Bold Voice,509760748397830743,Brand Awareness,19.9683,10071,0,9309,22,0,0,0,0,0,0,0,0,0,0,0,5,12,0.1192,0,0,0,0,0
2025-11-01,Search Network,Market Fresh Demand Initiative,Metro Region Prospecting Cohort,18477671,Health Conscious Buyers Interest Segment,111425641592502989,Product Reel Bold Voice,973295260612807555,Brand Awareness,35.6155,49611,0,29421,84,0,0,0,0,0,0,0,0,0,0,0,36,26,0.0524,0,0,0,0,0
2025-11-02,Connected TV,Home Essentials Promo Initiative,East Region Prospecting Cohort,18477671,Bulk Buyers Retention Segment,248674078184555859,Offer Spotlight Bold Voice,452112915739182326,Brand Awareness,63.8811,27408,0,35482,29,10,100,28,14,0,15,9,491,0,0,0,7,177,0.6458,0,0,0,0,0
2025-11-03,In-App Display,Home Essentials Promo Initiative,East Region Prospecting Cohort,18477671,Family Planners Interest Segment,126757682204121107,Offer Spotlight Bold Voice,121926468845256924,Brand Awareness,52.1928,60852,0,53812,53,18,100,50,26,0,22,18,625,0,0,0,7,189,0.3106,0,0,0,0,0
2025-11-04,Retail Media Network,Home Essentials Promo Initiative,East Region Prospecting Cohort,18477671,Health Conscious Buyers Interest Segment,364535938237621249,Offer Spotlight Bold Voice,103276194285622030,Brand Awareness,0.6648,387,0,490,1,0,4,1,0,0,0,0,9,0,0,0,0,2,0.5168,0,0,0,0,0
2025-11-05,Social Feed,Family Pantry Retention Initiative,East Region Conversion Cohort,18477671,Family Planners Interest Segment,118913640049972056,Shelf Story Warm Voice,118757879921027344,Brand Awareness,123.0119,169014,0,123919,138,0,0,0,0,0,0,0,0,0,0,0,47,113,0.0669,0,0,0,0,0
2025-11-06,Retail Media Network,Family Pantry Retention Initiative,East Region Conversion Cohort,18477671,Health Conscious Buyers Interest Segment,177146400897430092,Shelf Story Warm Voice,125010800506358682,Brand Awareness,66.8839,44613,0,52666,60,0,0,0,0,0,0,0,0,0,0,0,30,58,0.1300,0,0,0,0,0
2025-11-07,Display Network,Home Essentials Promo Initiative,East Region Prospecting Cohort,18477671,Health Conscious Buyers Interest Segment,112051189842394453,Price Drop Cut Value Voice,136910279477454488,Brand Awareness,3.3313,1619,0,1608,5,2,19,6,4,0,6,8,1357,0,0,0,2,148,9.1414,0,0,0,0,0
2025-11-08,Shopping Grid,Home Essentials Promo Initiative,East Region Prospecting Cohort,18477671,Family Planners Interest Segment,311630515941383750,Price Drop Cut Value Voice,668883979484534905,Brand Awareness,58.8007,50086,0,58793,69,56,100,100,80,0,240,182,45368,0,0,0,22,2270,4.5322,0,0,0,0,0
2025-11-09,Marketplace Feed,Smart Choice Impact Initiative,East Region Prospecting Cohort,18477671,Family Planners Interest Segment,160816362089030229,Offer Spotlight Value Voice,237614485843363769,Brand Awareness,48.1301,42613,0,30321,33,13,100,31,17,0,170,128,22946,0,0,0,7,1578,3.7031,0,0,0,0,0
2025-11-10,Shopping Grid,Smart Choice Impact Initiative,East Region Prospecting Cohort,18477671,Bulk Buyers Retention Segment,112543485243332528,Offer Spotlight Value Voice,252505519243767839,Brand Awareness,70.4588,53362,0,42808,54,20,100,61,31,0,298,188,37691,0,0,0,13,2123,3.9785,0,0,0,0,0
2025-11-11,Shopping Grid,Smart Choice Impact Initiative,East Region Prospecting Cohort,18477671,Health Conscious Buyers Interest Segment,182723406752174546,Offer Spotlight Value Voice,423170338506808282,Brand Awareness,3.1802,2278,0,1477,4,4,14,4,3,0,16,10,1573,0,0,0,1,153,6.7164,0,0,0,0,0
2025-11-12,Search Network,Smart Choice Impact Initiative,East Region Prospecting Cohort,18477671,Health Conscious Buyers Interest Segment,104742688502410437,Offer Spotlight Bold Voice,699445381393965161,Brand Awareness,0.4866,548,0,346,0,0,0,0,0,0,0,0,0,0,0,0,0,0,0.0000,0,0,0,0,0
2025-11-13,Affiliate Network,Smart Choice Impact Initiative,East Region Prospecting Cohort,18477671,Health Conscious Buyers Interest Segment,573172726100372167,Offer Spotlight Bold Voice,122885112461996306,Brand Awareness,2.9020,2319,0,2576,1,0,0,0,0,0,0,0,0,0,0,0,0,1,0.0431,0,0,0,0,0
2025-11-14,Influencer Network,Home Essentials Promo Initiative,East Region Prospecting Cohort,18477671,Health Conscious Buyers Interest Segment,159890011514394505,Offer Spotlight Bold Voice,142381176949482591,Brand Awareness,5.2883,3075,0,5218,14,1,7,1,1,0,1,1,59,0,0,0,2,12,0.3902,0,0,0,0,0
2025-11-15,Influencer Network,Family Pantry Retention Initiative,East Region Conversion Cohort,18477671,Weekend Deal Hunters Interest Segment,149582435915186674,Shelf Story Warm Voice,771766932430929551,Brand Awareness,20.6111,17235,0,19334,16,0,0,0,0,0,0,0,0,0,0,0,7,10,0.0580,0,0,0,0,0
2025-11-16,Search Network,Home Essentials Promo Initiative,East Region Prospecting Cohort,18477671,Health Conscious Buyers Interest Segment,534609213932090705,Price Drop Cut Value Voice,552366212827275778,Brand Awareness,0.5766,387,0,251,0,0,12,3,1,0,4,3,206,0,0,0,0,42,10.8527,0,0,0,0,0
2025-11-17,Connected TV,Home Essentials Promo Initiative,East Region Prospecting Cohort,18477671,Bulk Buyers Retention Segment,162853071358804827,Price Drop Cut Value Voice,738937145322144556,Brand Awareness,57.8590,24139,0,52444,43,31,100,100,47,0,121,115,26280,0,0,0,9,972,4.0267,0,0,0,0,0
2025-11-18,Affiliate Network,Smart Choice Impact Initiative,East Region Prospecting Cohort,18477671,Health Conscious Buyers Interest Segment,131786783961333921,Offer Spotlight Value Voice,705205757413721577,Brand Awareness,0.2912,185,0,162,0,0,0,0,0,0,0,0,101,0,0,0,0,10,5.4054,0,0,0,0,0
2025-11-19,Video Network,Smart Choice Impact Initiative,East Region Prospecting Cohort,18477671,Family Planners Interest Segment,534542628136685144,Offer Spotlight Bold Voice,116526341254524535,Brand Awareness,67.5554,77325,0,58258,65,0,0,0,0,0,0,0,0,0,0,0,27,47,0.0608,0,0,0,0,0
2025-11-20,Marketplace Feed,Family Pantry Retention Initiative,Metro Region Loyalty Cohort,18477671,Quick Refill Buyers Retention Segment,513232078006145092,Shelf Story Warm Voice,133729297815049595,Brand Awareness,0.0000,0,0,0,0,0,0,0,0,0,0,0,0,0,0,0,0,0,0.0000,0,0,0,0,0
2025-11-21,Social Feed,Family Pantry Retention Initiative,Metro Region Loyalty Cohort,18477671,Family Planners Lookalike Segment,131110122694256392,Shelf Story Warm Voice,585790054530420953,Brand Awareness,0.0000,0,0,0,0,0,0,0,0,0,0,0,0,0,0,0,0,0,0.0000,0,0,0,0,0
2025-11-22,Affiliate Network,Home Essentials Scale Initiative,Metro Region Loyalty Cohort,18477671,Weekend Deal Hunters Interest Segment,377247011822843168,Shelf Story Bold Voice,643135492237413482,Brand Awareness,0.0000,0,0,0,0,0,0,0,0,0,0,0,0,0,0,0,0,0,0.0000,0,0,0,0,0
2025-11-23,Search Network,Home Essentials Scale Initiative,Metro Region Loyalty Cohort,18477671,Quick Refill Buyers Retention Segment,680094259900990869,Shelf Story Bold Voice,769886055999783877,Brand Awareness,0.0000,0,0,0,0,0,0,0,0,0,0,0,0,0,0,0,0,0,0.0000,0,0,0,0,0
2025-11-24,Discovery Network,Home Essentials Scale Initiative,Metro Region Loyalty Cohort,18477671,Health Conscious Buyers Interest Segment,159508469974487548,Shelf Story Bold Voice,113329620542890551,Brand Awareness,0.0000,0,0,0,0,0,0,0,0,0,0,0,0,0,0,0,0,0,0.0000,0,0,0,0,0
2025-11-25,Connected TV,Home Essentials Promo Initiative,East Region Prospecting Cohort,18477671,Health Conscious Buyers Interest Segment,159890011514394505,Offer Spotlight Bold Voice,142381176949482591,Brand Awareness,6.8271,4526,0,3347,15,0,6,3,0,0,0,0,33,0,0,0,1,14,0.3093,0,0,0,0,0
2025-11-26,Social Feed,Family Pantry Retention Initiative,East Region Conversion Cohort,18477671,Weekend Deal Hunters Interest Segment,149582435915186674,Shelf Story Warm Voice,771766932430929551,Brand Awareness,35.7470,14826,0,25234,44,0,0,0,0,0,0,0,0,0,0,0,24,44,0.2968,0,0,0,0,0
2025-11-27,Discovery Network,Market Fresh Demand Initiative,Metro Region Prospecting Cohort,18477671,Health Conscious Buyers Interest Segment,111425641592502989,Product Reel Bold Voice,973295260612807555,Brand Awareness,50.4591,30649,0,46365,60,0,0,0,0,0,0,0,0,0,0,0,22,25,0.0816,0,0,0,0,0
2025-11-28,Marketplace Feed,Smart Choice Impact Initiative,East Region Prospecting Cohort,18477671,Health Conscious Buyers Interest Segment,104742688502410437,Offer Spotlight Bold Voice,699445381393965161,Brand Awareness,0.6520,529,0,553,1,0,0,0,0,0,0,0,0,0,0,0,0,1,0.1890,0,0,0,0,0
2025-11-29,Display Network,Home Essentials Promo Initiative,East Region Prospecting Cohort,18477671,Bulk Buyers Retention Segment,248674078184555859,Offer Spotlight Bold Voice,452112915739182326,Brand Awareness,66.9311,71346,0,40095,101,13,100,63,21,0,10,11,653,0,0,0,14,183,0.2565,0,0,0,0,0
2025-11-30,Influencer Network,Market Fresh Demand Initiative,Metro Region Prospecting Cohort,18477671,Weekend Deal Hunters Interest Segment,161376797460090312,Product Reel Bold Voice,509760748397830743,Brand Awareness,26.8896,20510,0,14543,38,0,0,0,0,0,0,0,0,0,0,0,29,28,0.1365,0,0,0,0,0
2025-11-01,Shopping Grid,Home Essentials Promo Initiative,East Region Prospecting Cohort,18477671,Family Planners Interest Segment,126757682204121107,Offer Spotlight Bold Voice,121926468845256924,Brand Awareness,49.0211,33397,0,49393,37,8,100,31,10,0,5,8,487,0,0,0,8,159,0.4761,0,0,0,0,0
2025-11-02,Discovery Network,Family Pantry Retention Initiative,East Region Conversion Cohort,18477671,Family Planners Interest Segment,118913640049972056,Shelf Story Warm Voice,118757879921027344,Brand Awareness,134.9838,129033,0,112191,230,0,0,0,0,0,0,0,0,0,0,0,105,104,0.0806,0,0,0,0,0
2025-11-03,Affiliate Network,Smart Choice Impact Initiative,East Region Prospecting Cohort,18477671,Health Conscious Buyers Interest Segment,182723406752174546,Offer Spotlight Value Voice,423170338506808282,Brand Awareness,4.2929,1709,0,1628,3,4,16,6,4,0,10,13,1549,0,0,0,1,173,10.1229,0,0,0,0,0
2025-11-04,Search Network,Smart Choice Impact Initiative,East Region Prospecting Cohort,18477671,Family Planners Interest Segment,160816362089030229,Offer Spotlight Value Voice,237614485843363769,Brand Awareness,27.4465,23304,0,22283,15,7,74,22,9,0,69,66,16781,0,0,0,2,1057,4.5357,0,0,0,0,0
2025-11-05,Retail Media Network,Smart Choice Impact Initiative,East Region Prospecting Cohort,18477671,Bulk Buyers Retention Segment,112543485243332528,Offer Spotlight Value Voice,252505519243767839,Brand Awareness,87.4626,41723,0,50535,48,27,100,51,29,0,267,163,41628,0,0,0,12,3308,7.9285,0,0,0,0,0
2025-11-06,Influencer Network,Smart Choice Impact Initiative,East Region Prospecting Cohort,18477671,Health Conscious Buyers Interest Segment,131786783961333921,Offer Spotlight Value Voice,705205757413721577,Brand Awareness,0.7516,290,0,309,0,0,1,0,0,0,1,1,223,0,0,0,1,24,8.2759,0,0,0,0,0
2025-11-07,Marketplace Feed,Smart Choice Impact Initiative,East Region Prospecting Cohort,18477671,Health Conscious Buyers Interest Segment,573172726100372167,Offer Spotlight Bold Voice,122885112461996306,Brand Awareness,3.5526,3445,0,2370,2,0,0,0,0,0,0,0,0,0,0,0,0,1,0.0290,0,0,0,0,0
2025-11-08,Display Network,Smart Choice Impact Initiative,East Region Prospecting Cohort,18477671,Family Planners Interest Segment,534542628136685144,Offer Spotlight Bold Voice,116526341254524535,Brand Awareness,104.7610,100437,0,80874,70,0,0,0,0,0,0,0,0,0,0,0,9,49,0.0488,0,0,0,0,0
2025-11-09,Video Network,Home Essentials Promo Initiative,East Region Prospecting Cohort,18477671,Health Conscious Buyers Interest Segment,364535938237621249,Offer Spotlight Bold Voice,103276194285622030,Brand Awareness,1.3912,680,0,1042,1,1,3,1,1,0,1,1,16,0,0,0,0,5,0.7353,0,0,0,0,0
2025-11-10,Discovery Network,Home Essentials Promo Initiative,East Region Prospecting Cohort,18477671,Health Conscious Buyers Interest Segment,534609213932090705,Price Drop Cut Value Voice,552366212827275778,Brand Awareness,1.2033,1617,0,1249,6,3,85,17,5,0,28,20,724,0,0,0,3,181,11.1936,0,0,0,0,0
2025-11-11,Social Feed,Home Essentials Promo Initiative,East Region Prospecting Cohort,18477671,Bulk Buyers Retention Segment,162853071358804827,Price Drop Cut Value Voice,738937145322144556,Brand Awareness,31.4141,32320,0,37649,72,20,100,100,100,0,238,318,27233,0,0,0,25,2381,7.3670,0,0,0,0,0
2025-11-12,Video Network,Home Essentials Promo Initiative,East Region Prospecting Cohort,18477671,Family Planners Interest Segment,311630515941383750,Price Drop Cut Value Voice,668883979484534905,Brand Awareness,94.0619,86132,0,60950,127,67,100,100,100,0,724,504,48544,0,0,0,42,4842,5.6216,0,0,0,0,0
2025-11-13,Affiliate Network,Family Pantry Retention Initiative,East Region Conversion Cohort,18477671,Health Conscious Buyers Interest Segment,177146400897430092,Shelf Story Warm Voice,125010800506358682,Brand Awareness,88.5299,87623,0,100662,192,0,0,0,0,0,0,0,0,0,0,0,53,49,0.0559,0,0,0,0,0
2025-11-14,Shopping Grid,Home Essentials Promo Initiative,East Region Prospecting Cohort,18477671,Health Conscious Buyers Interest Segment,112051189842394453,Price Drop Cut Value Voice,136910279477454488,Brand Awareness,1.6463,653,0,887,1,2,19,3,2,0,3,4,560,0,0,0,1,79,12.0980,0,0,0,0,0
2025-11-15,Influencer Network,Family Pantry Retention Initiative,Metro Region Loyalty Cohort,18477671,Weekend Deal Hunters Interest Segment,174176954196329732,Shelf Story Warm Voice,925460221944962698,Brand Awareness,0.0000,0,0,0,0,0,0,0,0,0,0,0,0,0,0,0,0,0,0.0000,0,0,0,0,0
2025-11-16,Influencer Network,Family Pantry Retention Initiative,Metro Region Loyalty Cohort,18477671,Quick Refill Buyers Retention Segment,513232078006145092,Shelf Story Warm Voice,133729297815049595,Brand Awareness,0.0000,0,0,0,0,0,0,0,0,0,0,0,0,0,0,0,0,0,0.0000,0,0,0,0,0
2025-11-17,In-App Display,Home Essentials Scale Initiative,Metro Region Loyalty Cohort,18477671,Weekend Deal Hunters Interest Segment,377247011822843168,Shelf Story Bold Voice,643135492237413482,Brand Awareness,0.0000,0,0,0,0,0,0,0,0,0,0,0,0,0,0,0,0,0,0.0000,0,0,0,0,0
2025-11-18,Search Network,Family Pantry Retention Initiative,East Region Conversion Cohort,18477671,Family Planners Interest Segment,118913640049972056,Shelf Story Warm Voice,118757879921027344,Brand Awareness,91.7613,69967,0,89245,123,0,0,0,0,0,0,0,0,0,0,0,46,85,0.1215,0,0,0,0,0
2025-11-19,Video Network,Family Pantry Retention Initiative,East Region Conversion Cohort,18477671,Weekend Deal Hunters Interest Segment,149582435915186674,Shelf Story Warm Voice,771766932430929551,Brand Awareness,17.2867,19308,0,22188,29,0,0,0,0,0,0,0,0,0,0,0,20,24,0.1243,0,0,0,0,0
2025-11-20,Influencer Network,Family Pantry Retention Initiative,East Region Conversion Cohort,18477671,Health Conscious Buyers Interest Segment,177146400897430092,Shelf Story Warm Voice,125010800506358682,Brand Awareness,117.8156,101487,0,70281,153,0,0,0,0,0,0,0,0,0,0,0,39,79,0.0778,0,0,0,0,0
2025-11-21,Shopping Grid,Home Essentials Promo Initiative,East Region Prospecting Cohort,18477671,Health Conscious Buyers Interest Segment,112051189842394453,Price Drop Cut Value Voice,136910279477454488,Brand Awareness,0.7830,1663,0,1217,4,6,100,19,7,0,20,30,532,0,0,0,4,323,19.4227,0,0,0,0,0
2025-11-22,Marketplace Feed,Home Essentials Promo Initiative,East Region Prospecting Cohort,18477671,Health Conscious Buyers Interest Segment,534609213932090705,Price Drop Cut Value Voice,552366212827275778,Brand Awareness,0.3519,726,0,689,1,0,80,5,0,0,10,6,454,0,0,0,1,146,20.1102,0,0,0,0,0
2025-11-23,In-App Display,Smart Choice Impact Initiative,East Region Prospecting Cohort,18477671,Family Planners Interest Segment,160816362089030229,Offer Spotlight Value Voice,237614485843363769,Brand Awareness,37.6375,24199,0,27478,37,8,100,26,14,0,138,87,19274,0,0,0,5,1623,6.7069,0,0,0,0,0
2025-11-24,Marketplace Feed,Smart Choice Impact Initiative,East Region Prospecting Cohort,18477671,Bulk Buyers Retention Segment,112543485243332528,Offer Spotlight Value Voice,252505519243767839,Brand Awareness,71.3208,22702,0,27336,36,12,100,42,16,0,165,124,28569,0,0,0,7,1419,6.2506,0,0,0,0,0
2025-11-25,Connected TV,Smart Choice Impact Initiative,East Region Prospecting Cohort,18477671,Health Conscious Buyers Interest Segment,182723406752174546,Offer Spotlight Value Voice,423170338506808282,Brand Awareness,2.4863,2312,0,2192,6,4,14,5,3,0,7,9,1572,0,0,0,2,173,7.4827,0,0,0,0,0
2025-11-26,Influencer Network,Smart Choice Impact Initiative,East Region Prospecting Cohort,18477671,Health Conscious Buyers Interest Segment,573172726100372167,Offer Spotlight Bold Voice,122885112461996306,Brand Awareness,1.2505,844,0,597,0,0,0,0,0,0,0,0,0,0,0,0,0,0,0.0000,0,0,0,0,0
2025-11-27,Influencer Network,Smart Choice Impact Initiative,East Region Prospecting Cohort,18477671,Family Planners Interest Segment,534542628136685144,Offer Spotlight Bold Voice,116526341254524535,Brand Awareness,32.8535,20472,0,18927,16,0,0,0,0,0,0,0,0,0,0,0,0,4,0.0195,0,0,0,0,0
2025-11-28,In-App Display,Smart Choice Impact Initiative,East Region Prospecting Cohort,18477671,Health Conscious Buyers Interest Segment,131786783961333921,Offer Spotlight Value Voice,705205757413721577,Brand Awareness,0.9952,820,0,822,0,1,4,3,2,0,3,3,461,0,0,0,1,37,4.5122,0,0,0,0,0
2025-11-29,Video Network,Home Essentials Promo Initiative,East Region Prospecting Cohort,18477671,Bulk Buyers Retention Segment,162853071358804827,Price Drop Cut Value Voice,738937145322144556,Brand Awareness,58.9070,110279,0,98012,172,24,100,100,100,0,860,1034,73551,0,0,0,171,6344,5.7527,0,0,0,0,0
2025-11-30,Video Network,Home Essentials Promo Initiative,East Region Prospecting Cohort,18477671,Family Planners Interest Segment,311630515941383750,Price Drop Cut Value Voice,668883979484534905,Brand Awareness,47.8340,88043,0,93434,247,94,100,100,100,0,1334,1050,60240,0,0,0,197,8959,10.1757,0,0,0,0,0
2025-11-01,Search Network,Smart Choice Impact Initiative,East Region Prospecting Cohort,18477671,Health Conscious Buyers Interest Segment,104742688502410437,Offer Spotlight Bold Voice,699445381393965161,Brand Awareness,0.3703,380,0,350,0,0,0,0,0,0,0,0,0,0,0,0,0,0,0.0000,0,0,0,0,0
2025-11-02,Display Network,Home Essentials Scale Initiative,Metro Region Loyalty Cohort,18477671,Family Planners Lookalike Segment,446016762288579880,Shelf Story Bold Voice,113800263724801222,Brand Awareness,0.0000,0,0,0,0,0,0,0,0,0,0,0,0,0,0,0,0,0,0.0000,0,0,0,0,0
2025-11-03,In-App Display,Home Essentials Scale Initiative,Metro Region Loyalty Cohort,18477671,Quick Refill Buyers Retention Segment,680094259900990869,Shelf Story Bold Voice,769886055999783877,Brand Awareness,0.0000,0,0,0,0,0,0,0,0,0,0,0,0,0,0,0,0,0,0.0000,0,0,0,0,0
2025-11-04,Discovery Network,Home Essentials Scale Initiative,Metro Region Loyalty Cohort,18477671,Health Conscious Buyers Interest Segment,159508469974487548,Shelf Story Bold Voice,113329620542890551,Brand Awareness,0.0000,0,0,0,0,0,0,0,0,0,0,0,0,0,0,0,0,0,0.0000,0,0,0,0,0
2025-11-05,Marketplace Feed,Market Fresh Demand Initiative,Metro Region Prospecting Cohort,18477671,Weekend Deal Hunters Interest Segment,161376797460090312,Product Reel Bold Voice,509760748397830743,Brand Awareness,27.8272,12457,0,22740,35,0,0,0,0,0,0,0,0,0,0,0,23,29,0.2328,0,0,0,0,0
2025-11-06,Shopping Grid,Home Essentials Promo Initiative,East Region Prospecting Cohort,18477671,Bulk Buyers Retention Segment,248674078184555859,Offer Spotlight Bold Voice,452112915739182326,Brand Awareness,60.1668,36003,0,42098,85,10,100,37,17,0,10,8,580,0,0,0,8,128,0.3555,0,0,0,0,0
2025-11-07,Display Network,Home Essentials Promo Initiative,East Region Prospecting Cohort,18477671,Family Planners Interest Segment,126757682204121107,Offer Spotlight Bold Voice,121926468845256924,Brand Awareness,55.9507,33543,0,45681,27,7,100,23,9,0,5,5,549,0,0,0,10,146,0.4353,0,0,0,0,0
2025-11-08,Display Network,Home Essentials Promo Initiative,East Region Prospecting Cohort,18477671,Health Conscious Buyers Interest Segment,159890011514394505,Offer Spotlight Bold Voice,142381176949482591,Brand Awareness,6.2690,3268,0,3099,5,0,9,1,0,0,0,0,48,0,0,0,1,11,0.3366,0,0,0,0,0
2025-11-09,Retail Media Network,Smart Choice Impact Initiative,East Region Prospecting Cohort,18477671,Bulk Buyers Retention Segment,727021043852924192,Shelf Story Warm Voice,133409347016678165,Brand Awareness,0.0000,0,0,0,0,0,0,0,0,0,0,0,0,0,0,0,0,0,0.0000,0,0,0,0,0
2025-11-10,Discovery Network,Home Essentials Promo Initiative,East Region Prospecting Cohort,18477671,Health Conscious Buyers Interest Segment,364535938237621249,Offer Spotlight Bold Voice,103276194285622030,Brand Awareness,0.9301,674,0,854,1,0,5,0,0,0,0,0,19,0,0,0,0,6,0.8902,0,0,0,0,0
2025-11-11,Affiliate Network,Smart Choice Impact Initiative,East Region Prospecting Cohort,18477671,Family Planners Interest Segment,373256667201293858,Shelf Story Warm Voice,883079818290164457,Brand Awareness,0.0000,0,0,0,0,0,0,0,0,0,0,0,0,0,0,0,0,0,0.0000,0,0,0,0,0
2025-11-12,Connected TV,Market Fresh Demand Initiative,Metro Region Prospecting Cohort,18477671,Health Conscious Buyers Interest Segment,111425641592502989,Product Reel Bold Voice,973295260612807555,Brand Awareness,38.4491,32315,0,30683,40,0,0,0,0,0,0,0,0,0,0,0,13,30,0.0928,0,0,0,0,0
2025-11-13,Retail Media Network,Smart Choice Impact Initiative,East Region Prospecting Cohort,18477671,Health Conscious Buyers Interest Segment,762486691540035959,Shelf Story Warm Voice,410836238484767847,Brand Awareness,0.1951,185,0,168,0,0,0,0,0,0,0,0,130,0,0,0,0,10,5.4054,0,0,0,0,0
2025-11-14,Display Network,Smart Choice Impact Initiative,East Region Prospecting Cohort,18477671,Family Planners Interest Segment,373256667201293858,Shelf Story Warm Voice,883079818290164457,Brand Awareness,51.4525,51981,0,40687,67,13,100,42,21,0,164,118,27508,0,0,0,7,2777,5.3423,0,0,0,0,0
2025-11-15,Connected TV,Smart Choice Impact Initiative,East Region Prospecting Cohort,18477671,Health Conscious Buyers Interest Segment,950593568547477339,Shelf Story Warm Voice,776672657555918232,Brand Awareness,2.3060,1802,0,2177,0,0,12,1,1,0,12,10,1439,0,0,0,0,118,6.5483,0,0,0,0,0
2025-11-16,In-App Display,Family Pantry Retention Initiative,East Region Conversion Cohort,18477671,Family Planners Interest Segment,118913640049972056,Shelf Story Warm Voice,118757879921027344,Brand Awareness,85.1111,81579,0,83169,142,0,0,0,0,0,0,0,0,0,0,0,63,72,0.0883,0,0,0,0,0
2025-11-17,In-App Display,Seasonal Select Demand Initiative,Metro Region Loyalty Cohort,18477671,Health Conscious Buyers Interest Segment,282702381896898873,Offer Spotlight Bold Voice,819625215333485369,Brand Awareness,0.0000,0,0,0,0,0,0,0,0,0,0,0,0,0,0,0,0,0,0.0000,0,0,0,0,0
2025-11-18,Video Network,Seasonal Select Demand Initiative,Metro Region Loyalty Cohort,18477671,Weekend Deal Hunters Interest Segment,139993609999854281,Offer Spotlight Bold Voice,114177678369764321,Brand Awareness,0.0000,0,0,0,0,0,0,0,0,0,0,0,0,0,0,0,0,0,0.0000,0,0,0,0,0
2025-11-19,Search Network,Family Pantry Retention Initiative,East Region Conversion Cohort,18477671,Weekend Deal Hunters Interest Segment,149582435915186674,Shelf Story Warm Voice,771766932430929551,Brand Awareness,16.3225,8326,0,16598,26,0,0,0,0,0,0,0,0,0,0,0,8,11,0.1321,0,0,0,0,0
2025-11-20,Discovery Network,Family Pantry Retention Initiative,East Region Conversion Cohort,18477671,Health Conscious Buyers Interest Segment,177146400897430092,Shelf Story Warm Voice,125010800506358682,Brand Awareness,76.8118,89155,0,57942,135,0,0,0,0,0,0,0,0,0,0,0,32,57,0.0639,0,0,0,0,0
2025-11-21,In-App Display,Market Fresh Demand Initiative,Metro Region Prospecting Cohort,18477671,Health Conscious Buyers Interest Segment,111425641592502989,Product Reel Bold Voice,973295260612807555,Brand Awareness,30.5649,19937,0,36067,33,0,0,0,0,0,0,0,0,0,0,0,12,9,0.0451,0,0,0,0,0
2025-11-22,Discovery Network,Home Essentials Promo Initiative,East Region Prospecting Cohort,18477671,Bulk Buyers Retention Segment,248674078184555859,Offer Spotlight Bold Voice,452112915739182326,Brand Awareness,78.1769,62739,0,64266,45,8,100,32,14,0,4,7,585,0,0,0,18,133,0.2120,0,0,0,0,0
2025-11-23,Connected TV,Home Essentials Promo Initiative,East Region Prospecting Cohort,18477671,Family Planners Interest Segment,126757682204121107,Offer Spotlight Bold Voice,121926468845256924,Brand Awareness,64.4201,42626,0,32963,39,4,100,28,7,0,4,4,465,0,0,0,8,126,0.2956,0,0,0,0,0
2025-11-24,Connected TV,Home Essentials Promo Initiative,East Region Prospecting Cohort,18477671,Health Conscious Buyers Interest Segment,159890011514394505,Offer Spotlight Bold Voice,142381176949482591,Brand Awareness,4.0731,2989,0,4001,7,1,10,2,1,0,1,1,42,0,0,0,2,15,0.5018,0,0,0,0,0
2025-11-25,Influencer Network,Home Essentials Promo Initiative,East Region Prospecting Cohort,18477671,Health Conscious Buyers Interest Segment,364535938237621249,Offer Spotlight Bold Voice,103276194285622030,Brand Awareness,0.8323,450,0,679,5,1,1,1,1,0,1,1,10,0,0,0,1,3,0.6667,0,0,0,0,0
2025-11-26,Social Feed,Smart Choice Impact Initiative,East Region Prospecting Cohort,18477671,Bulk Buyers Retention Segment,727021043852924192,Shelf Story Warm Voice,133409347016678165,Brand Awareness,40.0286,52880,0,48427,44,17,100,51,23,0,101,164,35709,0,0,0,5,2413,4.5632,0,0,0,0,0
2025-11-27,Discovery Network,Family Pantry Retention Initiative,Metro Region Loyalty Cohort,18477671,Weekend Deal Hunters Interest Segment,174176954196329732,Shelf Story Warm Voice,925460221944962698,Brand Awareness,0.0000,0,0,0,0,0,0,0,0,0,0,0,0,0,0,0,0,0,0.0000,0,0,0,0,0
2025-11-28,Affiliate Network,Market Fresh Demand Initiative,Metro Region Prospecting Cohort,18477671,Weekend Deal Hunters Interest Segment,161376797460090312,Product Reel Bold Voice,509760748397830743,Brand Awareness,20.2808,20770,0,13724,28,0,0,0,0,0,0,0,0,0,0,0,7,17,0.0818,0,0,0,0,0
2025-11-29,Shopping Grid,Home Essentials Scale Initiative,Metro Region Loyalty Cohort,18477671,Family Planners Lookalike Segment,446016762288579880,Shelf Story Bold Voice,113800263724801222,Brand Awareness,0.0000,0,0,0,0,0,0,0,0,0,0,0,0,0,0,0,0,0,0.0000,0,0,0,0,0
2025-11-30,Shopping Grid,Home Essentials Scale Initiative,Metro Region Loyalty Cohort,18477671,Weekend Deal Hunters Interest Segment,377247011822843168,Shelf Story Bold Voice,643135492237413482,Brand Awareness,0.0000,0,0,0,0,0,0,0,0,0,0,0,0,0,0,0,0,0,0.0000,0,0,0,0,0
2025-11-01,Social Feed,Home Essentials Scale Initiative,Metro Region Loyalty Cohort,18477671,Quick Refill Buyers Retention Segment,680094259900990869,Shelf Story Bold Voice,769886055999783877,Brand Awareness,0.0000,0,0,0,0,0,0,0,0,0,0,0,0,0,0,0,0,0,0.0000,0,0,0,0,0
2025-11-02,Social Feed,Home Essentials Scale Initiative,Metro Region Loyalty Cohort,18477671,Weekend Deal Hunters Interest Segment,377247011822843168,Shelf Story Bold Voice,643135492237413482,Brand Awareness,0.0000,0,0,0,0,0,0,0,0,0,0,0,0,0,0,0,0,0,0.0000,0,0,0,0,0
2025-11-03,Retail Media Network,Home Essentials Scale Initiative,Metro Region Loyalty Cohort,18477671,Quick Refill Buyers Retention Segment,680094259900990869,Shelf Story Bold Voice,769886055999783877,Brand Awareness,0.0000,0,0,0,0,0,0,0,0,0,0,0,0,0,0,0,0,0,0.0000,0,0,0,0,0
2025-11-04,Social Feed,Home Essentials Scale Initiative,Metro Region Loyalty Cohort,18477671,Health Conscious Buyers Interest Segment,159508469974487548,Shelf Story Bold Voice,113329620542890551,Brand Awareness,0.0000,0,0,0,0,0,0,0,0,0,0,0,0,0,0,0,0,0,0.0000,0,0,0,0,0
2025-11-05,Shopping Grid,Family Pantry Retention Initiative,Metro Region Loyalty Cohort,18477671,Weekend Deal Hunters Interest Segment,174176954196329732,Shelf Story Warm Voice,925460221944962698,Brand Awareness,0.0000,0,0,0,0,0,0,0,0,0,0,0,0,0,0,0,0,0,0.0000,0,0,0,0,0
2025-11-06,Shopping Grid,Market Fresh Demand Initiative,Metro Region Prospecting Cohort,18477671,Weekend Deal Hunters Interest Segment,161376797460090312,Product Reel Bold Voice,509760748397830743,Brand Awareness,9.5967,14966,0,7252,17,0,0,0,0,0,0,0,0,0,0,0,7,11,0.0735,0,0,0,0,0
2025-11-07,Influencer Network,Market Fresh Demand Initiative,Metro Region Prospecting Cohort,18477671,Health Conscious Buyers Interest Segment,111425641592502989,Product Reel Bold Voice,973295260612807555,Brand Awareness,55.4178,51053,0,50662,170,0,0,0,0,0,0,0,0,0,0,0,97,86,0.1685,0,0,0,0,0
2025-11-08,Retail Media Network,Home Essentials Promo Initiative,East Region Prospecting Cohort,18477671,Bulk Buyers Retention Segment,248674078184555859,Offer Spotlight Bold Voice,452112915739182326,Brand Awareness,77.6333,62536,0,85744,69,16,100,57,18,0,17,11,732,0,0,0,12,286,0.4573,0,0,0,0,0
2025-11-09,Shopping Grid,Home Essentials Promo Initiative,East Region Prospecting Cohort,18477671,Family Planners Interest Segment,126757682204121107,Offer Spotlight Bold Voice,121926468845256924,Brand Awareness,57.3342,54982,0,55095,54,26,100,93,39,0,39,24,1200,0,0,0,20,354,0.6438,0,0,0,0,0
2025-11-10,Display Network,Home Essentials Promo Initiative,East Region Prospecting Cohort,18477671,Health Conscious Buyers Interest Segment,159890011514394505,Offer Spotlight Bold Voice,142381176949482591,Brand Awareness,3.5685,3249,0,2360,6,0,6,1,0,0,0,0,24,0,0,0,1,12,0.3693,0,0,0,0,0
2025-11-11,Retail Media Network,Smart Choice Impact Initiative,East Region Prospecting Cohort,18477671,Bulk Buyers Retention Segment,727021043852924192,Shelf Story Warm Voice,133409347016678165,Brand Awareness,30.9363,33989,0,47721,60,15,100,41,15,0,116,117,28126,0,0,0,10,1817,5.3458,0,0,0,0,0
2025-11-12,Shopping Grid,Smart Choice Impact Initiative,East Region Prospecting Cohort,18477671,Health Conscious Buyers Interest Segment,762486691540035959,Shelf Story Warm Voice,410836238484767847,Brand Awareness,0.2251,205,0,226,0,0,0,0,0,0,0,0,136,0,0,0,0,11,5.3659,0,0,0,0,0
2025-11-13,Marketplace Feed,Smart Choice Impact Initiative,East Region Prospecting Cohort,18477671,Family Planners Interest Segment,373256667201293858,Shelf Story Warm Voice,883079818290164457,Brand Awareness,68.0603,56260,0,70953,91,30,100,68,41,0,356,194,49027,0,0,0,4,3518,6.2531,0,0,0,0,0
2025-11-14,Influencer Network,Smart Choice Impact Initiative,East Region Prospecting Cohort,18477671,Health Conscious Buyers Interest Segment,950593568547477339,Shelf Story Warm Voice,776672657555918232,Brand Awareness,2.5387,1500,0,2336,2,1,12,4,1,0,11,9,1400,0,0,0,1,93,6.2000,0,0,0,0,0
2025-11-15,Affiliate Network,Seasonal Select Demand Initiative,Metro Region Loyalty Cohort,18477671,Quick Refill Buyers Retention Segment,185265442205907450,Offer Spotlight Bold Voice,966012141165852674,Brand Awareness,1.9781,130,0,42,0,100,100,100,100,0,159,97,148,0,0,0,0,102,78.4615,0,0,0,0,0
2025-11-16,Social Feed,Home Essentials Promo Initiative,East Region Prospecting Cohort,18477671,Health Conscious Buyers Interest Segment,364535938237621249,Offer Spotlight Bold Voice,103276194285622030,Brand Awareness,0.3684,637,0,596,1,1,3,2,1,0,1,1,12,0,0,0,2,4,0.6279,0,0,0,0,0
2025-11-17,Social Feed,Seasonal Select Demand Initiative,Metro Region Loyalty Cohort,18477671,Health Conscious Buyers Interest Segment,282702381896898873,Offer Spotlight Bold Voice,819625215333485369,Brand Awareness,82.6794,6985,0,3024,8,100,100,100,100,0,6596,4600,5820,0,0,0,4,4312,61.7323,0,0,0,0,0
2025-11-18,Video Network,Seasonal Select Demand Initiative,Metro Region Loyalty Cohort,18477671,Weekend Deal Hunters Interest Segment,139993609999854281,Offer Spotlight Bold Voice,114177678369764321,Brand Awareness,87.8632,8809,0,2171,6,100,100,100,100,0,6937,6327,6407,0,0,0,3,9550,108.4119,0,0,0,0,0
2025-11-19,Search Network,Family Pantry Retention Initiative,East Region Conversion Cohort,18477671,Weekend Deal Hunters Interest Segment,149582435915186674,Shelf Story Warm Voice,771766932430929551,Brand Awareness,18.5569,17679,0,10613,22,0,0,0,0,0,0,0,0,0,0,0,13,10,0.0566,0,0,0,0,0
2025-11-20,Marketplace Feed,Family Pantry Retention Initiative,East Region Conversion Cohort,18477671,Family Planners Interest Segment,118913640049972056,Shelf Story Warm Voice,118757879921027344,Brand Awareness,83.8254,98087,0,115227,126,0,0,0,0,0,0,0,0,1,0,0,75,61,0.0622,0,0,0,0,0
2025-11-21,Retail Media Network,Family Pantry Retention Initiative,East Region Conversion Cohort,18477671,Health Conscious Buyers Interest Segment,177146400897430092,Shelf Story Warm Voice,125010800506358682,Brand Awareness,106.3693,105817,0,55014,106,0,0,0,0,0,0,0,0,0,1,0,59,66,0.0624,0,0,0,0,0
2025-11-22,Discovery Network,Family Pantry Retention Initiative,Metro Region Loyalty Cohort,18477671,Family Planners Lookalike Segment,131110122694256392,Shelf Story Warm Voice,585790054530420953,Brand Awareness,0.0000,0,0,0,0,0,0,0,0,0,0,0,0,0,0,0,0,0,0.0000,0,0,0,0,0
2025-11-23,Retail Media Network,Family Pantry Retention Initiative,Metro Region Loyalty Cohort,18477671,Weekend Deal Hunters Interest Segment,174176954196329732,Shelf Story Warm Voice,925460221944962698,Brand Awareness,0.0000,0,0,0,0,0,0,0,0,0,0,0,0,0,0,0,0,0,0.0000,0,0,0,0,0
2025-11-24,Marketplace Feed,Family Pantry Retention Initiative,Metro Region Loyalty Cohort,18477671,Family Planners Lookalike Segment,131110122694256392,Shelf Story Warm Voice,585790054530420953,Brand Awareness,0.0000,0,0,0,0,0,0,0,0,0,0,0,0,0,0,0,0,0,0.0000,0,0,0,0,0
2025-11-25,In-App Display,Family Pantry Retention Initiative,East Region Conversion Cohort,18477671,Weekend Deal Hunters Interest Segment,149582435915186674,Shelf Story Warm Voice,771766932430929551,Brand Awareness,16.5706,10130,0,15539,36,0,0,0,0,0,0,0,0,0,0,0,12,24,0.2369,0,0,0,0,0
2025-11-26,Influencer Network,Family Pantry Retention Initiative,East Region Conversion Cohort,18477671,Health Conscious Buyers Interest Segment,177146400897430092,Shelf Story Warm Voice,125010800506358682,Brand Awareness,117.4747,93428,0,134749,291,0,0,0,0,0,0,0,0,0,0,0,108,146,0.1563,0,0,0,0,0
2025-11-27,Affiliate Network,Seasonal Select Demand Initiative,Metro Region Loyalty Cohort,18477671,Quick Refill Buyers Retention Segment,185265442205907450,Offer Spotlight Bold Voice,966012141165852674,Brand Awareness,5.9763,600,0,109,0,100,100,100,100,0,473,328,440,0,0,0,0,333,55.5000,0,0,0,0,0
2025-11-28,Affiliate Network,Seasonal Select Demand Initiative,Metro Region Loyalty Cohort,18477671,Health Conscious Buyers Interest Segment,282702381896898873,Offer Spotlight Bold Voice,819625215333485369,Brand Awareness,105.5273,7275,0,2220,5,100,100,100,100,0,4450,5049,6189,0,0,0,5,5743,78.9416,0,0,0,0,0
2025-11-29,Display Network,Seasonal Select Demand Initiative,Metro Region Loyalty Cohort,18477671,Weekend Deal Hunters Interest Segment,139993609999854281,Offer Spotlight Bold Voice,114177678369764321,Brand Awareness,109.9937,6800,0,3349,10,100,100,100,100,0,8480,6018,7850,0,0,0,4,9622,141.5000,0,0,0,0,0
2025-11-30,Marketplace Feed,Smart Choice Impact Initiative,East Region Prospecting Cohort,18477671,Health Conscious Buyers Interest Segment,950593568547477339,Shelf Story Warm Voice,776672657555918232,Brand Awareness,1.3350,1832,0,1435,1,0,9,3,1,0,8,5,1301,0,0,0,0,84,4.5852,0,0,0,0,0
2025-11-01,Marketplace Feed,Home Essentials Scale Initiative,Metro Region Loyalty Cohort,18477671,Family Planners Lookalike Segment,446016762288579880,Shelf Story Bold Voice,113800263724801222,Brand Awareness,0.0000,0,0,0,0,0,0,0,0,0,0,0,0,0,0,0,0,0,0.0000,0,0,0,0,0
2025-11-02,Social Feed,Home Essentials Scale Initiative,Metro Region Loyalty Cohort,18477671,Quick Refill Buyers Retention Segment,680094259900990869,Shelf Story Bold Voice,769886055999783877,Brand Awareness,0.0000,0,0,0,0,0,0,0,0,0,0,0,0,0,0,0,0,0,0.0000,0,0,0,0,0
2025-11-03,Video Network,Home Essentials Scale Initiative,Metro Region Loyalty Cohort,18477671,Health Conscious Buyers Interest Segment,159508469974487548,Shelf Story Bold Voice,113329620542890551,Brand Awareness,0.0000,0,0,0,0,0,0,0,0,0,0,0,0,0,0,0,0,0,0.0000,0,0,0,0,0
2025-11-04,Retail Media Network,Market Fresh Demand Initiative,Metro Region Prospecting Cohort,18477671,Weekend Deal Hunters Interest Segment,161376797460090312,Product Reel Bold Voice,509760748397830743,Brand Awareness,12.1811,14261,0,13778,27,0,0,0,0,0,0,0,0,0,0,0,6,12,0.0841,0,0,0,0,0
2025-11-05,Retail Media Network,Home Essentials Promo Initiative,East Region Prospecting Cohort,18477671,Bulk Buyers Retention Segment,248674078184555859,Offer Spotlight Bold Voice,452112915739182326,Brand Awareness,93.8767,53816,0,81990,97,4,44,14,7,0,6,3,340,0,0,0,7,108,0.2007,0,0,0,0,0
2025-11-06,Influencer Network,Home Essentials Promo Initiative,East Region Prospecting Cohort,18477671,Family Planners Interest Segment,126757682204121107,Offer Spotlight Bold Voice,121926468845256924,Brand Awareness,49.8241,45748,0,32979,72,24,100,85,33,0,34,21,1298,0,0,0,9,416,0.9093,0,0,0,0,0
2025-11-07,Display Network,Home Essentials Promo Initiative,East Region Prospecting Cohort,18477671,Health Conscious Buyers Interest Segment,159890011514394505,Offer Spotlight Bold Voice,142381176949482591,Brand Awareness,4.9439,2632,0,4223,6,1,2,1,1,0,1,1,17,0,0,0,0,5,0.1900,0,0,0,0,0
2025-11-08,Video Network,Smart Choice Impact Initiative,East Region Prospecting Cohort,18477671,Bulk Buyers Retention Segment,727021043852924192,Shelf Story Warm Voice,133409347016678165,Brand Awareness,54.5853,44936,0,38119,36,18,100,51,21,0,132,123,32942,0,0,0,6,1534,3.4137,0,0,0,0,0
2025-11-09,Connected TV,Home Essentials Promo Initiative,East Region Prospecting Cohort,18477671,Health Conscious Buyers Interest Segment,364535938237621249,Offer Spotlight Bold Voice,103276194285622030,Brand Awareness,0.5425,275,0,519,0,1,5,1,1,0,1,1,11,0,0,0,0,5,1.8182,0,0,0,0,0
2025-11-10,Affiliate Network,Smart Choice Impact Initiative,East Region Prospecting Cohort,18477671,Health Conscious Buyers Interest Segment,762486691540035959,Shelf Story Warm Voice,410836238484767847,Brand Awareness,0.2118,268,0,156,1,0,0,0,0,0,0,0,150,0,0,0,0,18,6.7164,0,0,0,0,0
2025-11-11,Social Feed,Smart Choice Impact Initiative,East Region Prospecting Cohort,18477671,Family Planners Interest Segment,373256667201293858,Shelf Story Warm Voice,883079818290164457,Brand Awareness,51.6046,39352,0,43377,93,24,100,65,45,0,151,202,42877,0,0,0,11,2819,7.1635,0,0,0,0,0
2025-11-12,Shopping Grid,Home Essentials Scale Initiative,Metro Region Loyalty Cohort,18477671,Weekend Deal Hunters Interest Segment,377247011822843168,Shelf Story Bold Voice,643135492237413482,Brand Awareness,0.0000,0,0,0,0,0,0,0,0,0,0,0,0,0,0,0,0,0,0.0000,0,0,0,0,0
2025-11-13,Search Network,Market Fresh Demand Initiative,Metro Region Prospecting Cohort,18477671,Health Conscious Buyers Interest Segment,111425641592502989,Product Reel Bold Voice,973295260612807555,Brand Awareness,56.0053,45771,0,47163,100,0,0,0,0,0,0,0,0,0,0,0,36,37,0.0808,0,0,0,0,0
2025-11-14,Social Feed,Family Pantry Retention Initiative,East Region Conversion Cohort,18477671,Family Planners Interest Segment,118913640049972056,Shelf Story Warm Voice,118757879921027344,Brand Awareness,97.1250,76948,0,78842,218,0,0,0,0,0,0,0,0,0,0,0,87,78,0.1014,0,0,0,0,0
2025-11-15,Display Network,Home Essentials Scale Initiative,Metro Region Loyalty Cohort,18477671,Family Planners Lookalike Segment,446016762288579880,Shelf Story Bold Voice,113800263724801222,Brand Awareness,0.0000,0,0,0,0,0,0,0,0,0,0,0,0,0,0,0,0,0,0.0000,0,0,0,0,0
2025-11-16,Social Feed,Home Essentials Scale Initiative,Metro Region Loyalty Cohort,18477671,Quick Refill Buyers Retention Segment,680094259900990869,Shelf Story Bold Voice,769886055999783877,Brand Awareness,0.0000,0,0,0,0,0,0,0,0,0,0,0,0,0,0,0,0,0,0.0000,0,0,0,0,0
2025-11-17,Affiliate Network,Home Essentials Scale Initiative,Metro Region Loyalty Cohort,18477671,Health Conscious Buyers Interest Segment,159508469974487548,Shelf Story Bold Voice,113329620542890551,Brand Awareness,0.0000,0,0,0,0,0,0,0,0,0,0,0,0,0,0,0,0,0,0.0000,0,0,0,0,0
2025-11-18,Marketplace Feed,Market Fresh Demand Initiative,Metro Region Prospecting Cohort,18477671,Weekend Deal Hunters Interest Segment,161376797460090312,Product Reel Bold Voice,509760748397830743,Brand Awareness,30.7651,31501,0,15645,74,0,0,0,0,0,0,0,0,0,0,0,21,35,0.1111,0,0,0,0,0
2025-11-19,Search Network,Home Essentials Promo Initiative,East Region Prospecting Cohort,18477671,Bulk Buyers Retention Segment,248674078184555859,Offer Spotlight Bold Voice,452112915739182326,Brand Awareness,51.3284,69847,0,59148,45,4,33,11,7,0,5,3,305,0,0,0,5,43,0.0616,0,0,0,0,0
2025-11-20,Marketplace Feed,Home Essentials Promo Initiative,East Region Prospecting Cohort,18477671,Family Planners Interest Segment,126757682204121107,Offer Spotlight Bold Voice,121926468845256924,Brand Awareness,75.9102,75210,0,80582,27,35,100,100,46,0,36,30,1593,0,0,0,10,675,0.8975,0,0,0,0,0
2025-11-21,Retail Media Network,Home Essentials Promo Initiative,East Region Prospecting Cohort,18477671,Health Conscious Buyers Interest Segment,159890011514394505,Offer Spotlight Bold Voice,142381176949482591,Brand Awareness,3.0031,3425,0,4153,9,1,9,3,2,0,2,2,26,0,0,0,6,15,0.4380,0,0,0,0,0
2025-11-22,Search Network,Smart Choice Impact Initiative,East Region Prospecting Cohort,18477671,Bulk Buyers Retention Segment,727021043852924192,Shelf Story Warm Voice,133409347016678165,Brand Awareness,52.3523,63428,0,43680,68,29,100,77,45,0,243,182,46454,0,0,0,8,3479,5.4850,0,0,0,0,0
2025-11-23,Display Network,Smart Choice Impact Initiative,East Region Prospecting Cohort,18477671,Health Conscious Buyers Interest Segment,762486691540035959,Shelf Story Warm Voice,410836238484767847,Brand Awareness,0.1754,148,0,91,0,0,0,0,0,0,0,0,95,0,0,0,0,7,4.7297,0,0,0,0,0
2025-11-24,Social Feed,Smart Choice Impact Initiative,East Region Prospecting Cohort,18477671,Family Planners Interest Segment,373256667201293858,Shelf Story Warm Voice,883079818290164457,Brand Awareness,45.6267,43796,0,27567,87,31,100,57,40,0,158,184,37326,0,0,0,10,2122,4.8452,0,0,0,0,0
2025-11-25,Marketplace Feed,Smart Choice Impact Initiative,East Region Prospecting Cohort,18477671,Health Conscious Buyers Interest Segment,950593568547477339,Shelf Story Warm Voice,776672657555918232,Brand Awareness,1.0715,994,0,919,2,0,4,2,1,0,3,3,595,0,0,0,0,66,6.6398,0,0,0,0,0
2025-11-26,Influencer Network,Family Pantry Retention Initiative,East Region Conversion Cohort,18477671,Family Planners Interest Segment,118913640049972056,Shelf Story Warm Voice,118757879921027344,Brand Awareness,95.4118,57033,0,52063,138,0,0,0,0,0,0,0,0,0,0,0,52,55,0.0964,0,0,0,0,0
2025-11-27,Affiliate Network,Family Pantry Retention Initiative,East Region Conversion Cohort,18477671,Health Conscious Buyers Interest Segment,177146400897430092,Shelf Story Warm Voice,125010800506358682,Brand Awareness,155.3736,75711,0,90890,238,0,0,0,0,0,0,0,0,0,0,0,135,164,0.2166,0,0,0,0,0
2025-11-28,Video Network,Seasonal Select Demand Initiative,Metro Region Loyalty Cohort,18477671,Quick Refill Buyers Retention Segment,185265442205907450,Offer Spotlight Bold Voice,966012141165852674,Brand Awareness,17.6447,631,0,183,3,100,100,100,100,0,947,776,897,0,0,0,2,684,108.3994,0,0,0,0,0
2025-11-29,Shopping Grid,Market Fresh Demand Initiative,Metro Region Prospecting Cohort,18477671,Health Conscious Buyers Interest Segment,111425641592502989,Product Reel Bold Voice,973295260612807555,Brand Awareness,46.7758,35985,0,35255,79,0,0,0,0,0,0,0,0,0,0,0,52,41,0.1139,0,0,0,0,0
2025-11-30,Connected TV,Home Essentials Promo Initiative,East Region Prospecting Cohort,18477671,Health Conscious Buyers Interest Segment,364535938237621249,Offer Spotlight Bold Voice,103276194285622030,Brand Awareness,0.4925,324,0,353,0,0,1,0,0,0,0,0,12,0,0,0,0,1,0.3086,0,0,0,0,0
2025-11-01,Affiliate Network,Family Pantry Retention Initiative,East Region Conversion Cohort,18477671,Weekend Deal Hunters Interest Segment,149582435915186674,Shelf Story Warm Voice,771766932430929551,Brand Awareness,27.0737,27360,0,22529,88,0,0,0,0,0,0,0,0,0,0,0,40,36,0.1316,0,0,0,0,0
2025-11-02,Influencer Network,Seasonal Select Demand Initiative,Metro Region Loyalty Cohort,18477671,Health Conscious Buyers Interest Segment,282702381896898873,Offer Spotlight Bold Voice,819625215333485369,Brand Awareness,87.4128,5261,0,2797,9,100,100,100,100,0,3635,4788,5529,0,0,0,8,4322,82.1517,0,0,0,0,0
2025-11-03,Display Network,Family Pantry Retention Initiative,Metro Region Loyalty Cohort,18477671,Quick Refill Buyers Retention Segment,513232078006145092,Shelf Story Warm Voice,133729297815049595,Brand Awareness,0.0000,0,0,0,0,0,0,0,0,0,0,0,0,0,0,0,0,0,0.0000,0,0,0,0,0
2025-11-04,Connected TV,Family Pantry Retention Initiative,Metro Region Loyalty Cohort,18477671,Family Planners Lookalike Segment,131110122694256392,Shelf Story Warm Voice,585790054530420953,Brand Awareness,0.0000,0,0,0,0,0,0,0,0,0,0,0,0,0,0,0,0,0,0.0000,0,0,0,0,0
2025-11-05,Search Network,Home Essentials Scale Initiative,Metro Region Loyalty Cohort,18477671,Weekend Deal Hunters Interest Segment,377247011822843168,Shelf Story Bold Voice,643135492237413482,Brand Awareness,0.0000,0,0,0,0,0,0,0,0,0,0,0,0,0,0,0,0,0,0.0000,0,0,0,0,0
2025-11-06,Retail Media Network,Seasonal Select Demand Initiative,Metro Region Loyalty Cohort,18477671,Weekend Deal Hunters Interest Segment,139993609999854281,Offer Spotlight Bold Voice,114177678369764321,Brand Awareness,104.5156,5632,0,3300,11,100,100,100,100,0,5116,6865,7576,0,0,0,14,6179,109.7124,0,0,0,0,0
2025-11-07,Affiliate Network,Family Pantry Retention Initiative,Metro Region Loyalty Cohort,15908997,Family Planners Lookalike Segment,1002710949555221,Shelf Story Warm Voice,5797898098365146,Brand Awareness,0.0000,0,0,0,0,0,0,0,0,0,0,0,0,0,0,0,0,0,0.0000,0,0,0,0,0
2025-11-08,Display Network,Weekend Saver Retention Initiative,Metro Region Loyalty Cohort,15908997,Health Conscious Buyers Retention Segment,4136110625615180,Offer Spotlight Bold Voice,3833443174798849,Brand Awareness,0.0000,0,0,0,0,0,0,0,0,0,0,0,0,0,0,0,0,0,0.0000,0,0,0,0,0
2025-11-09,Affiliate Network,Family Pantry Retention Initiative,Metro Region Loyalty Cohort,15908997,Health Conscious Buyers Retention Segment,4976789753470273,Shelf Story Warm Voice,4041974945367907,Brand Awareness,0.0000,0,0,0,0,0,0,0,0,0,0,0,0,0,0,0,0,0,0.0000,0,0,0,0,0
2025-11-10,Video Network,Weekend Saver Retention Initiative,Metro Region Loyalty Cohort,15908997,Health Conscious Buyers Interest Segment,1334393532567969,Price Drop Cut Value Voice,2051943278335934,Brand Awareness,0.0000,0,0,0,0,0,0,0,0,0,0,0,0,0,0,0,0,0,0.0000,0,0,0,0,0
2025-11-11,Video Network,Family Pantry Retention Initiative,Metro Region Conversion Cohort,38881639,Family Planners Lookalike Segment,1010331617086390,Shelf Story Warm Voice,1022962676348579,Brand Awareness,0.0000,0,0,0,0,0,0,0,0,0,0,0,0,0,0,0,0,0,0.0000,0,0,0,0,0
2025-11-12,Affiliate Network,Seasonal Select Promo Initiative,Metro Region Loyalty Cohort,15908997,Family Planners Lookalike Segment,1718074286658736,Offer Spotlight Bold Voice,1638167476571035,Brand Awareness,61.0020,18429,0,12412,24,78,100,100,100,241,157,0,0,0,0,98,0,185,1.0039,0,2,0,18429,0
2025-11-13,Shopping Grid,Seasonal Select Promo Initiative,Metro Region Loyalty Cohort,15908997,Health Conscious Buyers Retention Segment,3613956286158588,Shelf Story Bold Voice,1755467445485119,Brand Awareness,98.6051,16920,0,18805,63,100,100,100,100,466,538,0,0,0,0,37,0,109,0.6442,0,6,0,16586,0
2025-11-14,Retail Media Network,Weekend Saver Retention Initiative,Metro Region Loyalty Cohort,15908997,Health Conscious Buyers Interest Segment,1334393532567969,Shelf Story Warm Voice,2520693897922300,Brand Awareness,0.0000,0,0,0,0,0,0,0,0,0,0,0,0,0,0,0,0,0,0.0000,0,0,0,0,0
2025-11-15,Influencer Network,Seasonal Select Promo Initiative,Metro Region Loyalty Cohort,15908997,Health Conscious Buyers Interest Segment,1532426936569806,Shelf Story Warm Voice,9953353036347574,Brand Awareness,250.2472,37843,0,27354,84,100,100,100,100,1181,757,0,0,0,0,197,0,378,0.9989,1,3,0,43456,0
2025-11-16,Discovery Network,Family Pantry Retention Initiative,Metro Region Loyalty Cohort,15908997,Health Conscious Buyers Retention Segment,4976789753470273,Shelf Story Warm Voice,5506678816268127,Brand Awareness,0.0000,0,0,0,0,0,0,0,0,0,0,0,0,0,0,0,0,0,0.0000,0,0,0,0,0
2025-11-17,Influencer Network,Weekend Saver Retention Initiative,Metro Region Loyalty Cohort,15908997,Family Planners Lookalike Segment,7248228093339312,Price Drop Cut Value Voice,9781212069592701,Brand Awareness,0.0000,0,0,0,0,0,0,0,0,0,0,0,0,0,0,0,0,0,0.0000,0,0,0,0,0
2025-11-18,Influencer Network,Family Pantry Retention Initiative,Metro Region Loyalty Cohort,15908997,Health Conscious Buyers Interest Segment,1474840462607869,Shelf Story Warm Voice,5682500646683685,Brand Awareness,0.0000,0,0,0,0,0,0,0,0,0,0,0,0,0,0,0,0,0,0.0000,0,0,0,0,0
2025-11-19,Discovery Network,Seasonal Select Promo Initiative,Metro Region Loyalty Cohort,15908997,Health Conscious Buyers Retention Segment,3613956286158588,Promo Banner Warm Voice,3456261421148856,Brand Awareness,163.0274,24544,0,26078,131,100,100,100,100,940,1076,0,0,0,0,61,0,168,0.6845,0,2,0,21041,0
2025-11-20,Video Network,Family Pantry Retention Initiative,Metro Region Loyalty Cohort,15908997,Family Planners Lookalike Segment,1665761135741679,Shelf Story Warm Voice,2793262031628184,Brand Awareness,0.0000,0,0,0,0,0,0,0,0,0,0,0,0,0,0,0,0,0,0.0000,0,0,0,0,0
2025-11-21,Influencer Network,Family Pantry Retention Initiative,Metro Region Conversion Cohort,15908997,Bulk Buyers Retention Segment,1412316301536073,Offer Spotlight Friendly Voice,9097155454198752,Catalog Engagement,0.0000,0,0,0,0,0,0,0,0,0,0,0,0,0,0,0,0,0,0.0000,0,0,0,0,0
2025-11-22,Connected TV,Family Pantry Retention Initiative,Metro Region Conversion Cohort,44948390,Health Conscious Buyers Retention Segment,1425500821334288,Product Reel Bold Voice,2476416610568674,Catalog Engagement,0.0000,0,0,0,0,0,0,0,0,0,0,0,0,0,0,0,0,0,0.0000,0,0,0,0,0
2025-11-23,Video Network,Family Pantry Retention Initiative,Metro Region Loyalty Cohort,15908997,Health Conscious Buyers Retention Segment,1669733702699813,Shelf Story Warm Voice,2604915282803870,Brand Awareness,0.0000,0,0,0,0,0,0,0,0,0,0,0,0,0,0,0,0,0,0.0000,0,0,0,0,0
2025-11-24,Connected TV,Family Pantry Retention Initiative,Metro Region Loyalty Cohort,15908997,Family Planners Lookalike Segment,1665761135741679,Promo Banner Friendly Voice,1647756988327695,Brand Awareness,0.0000,0,0,0,0,0,0,0,0,0,0,0,0,0,0,0,0,0,0.0000,0,0,0,0,0
2025-11-25,Affiliate Network,Weekend Saver Retention Initiative,Metro Region Loyalty Cohort,15908997,Health Conscious Buyers Interest Segment,1334393532567969,Shelf Story Bold Voice,8314765461987923,Brand Awareness,0.0000,0,0,0,0,0,0,0,0,0,0,0,0,0,0,0,0,0,0.0000,0,0,0,0,0
2025-11-26,Video Network,Weekend Saver Retention Initiative,Metro Region Loyalty Cohort,15908997,Health Conscious Buyers Interest Segment,1334393532567969,Offer Spotlight Bold Voice,3220054077294586,Brand Awareness,0.0000,0,0,0,0,0,0,0,0,0,0,0,0,0,0,0,0,0,0.0000,0,0,0,0,0
2025-11-27,Search Network,Seasonal Select Promo Initiative,Metro Region Loyalty Cohort,15908997,Family Planners Lookalike Segment,1718074286658736,Shelf Story Warm Voice,1533493773187614,Brand Awareness,148.2405,38487,0,20353,102,100,100,100,100,534,442,0,0,1,0,264,0,351,0.9120,3,3,0,29896,0
2025-11-28,Affiliate Network,Seasonal Select Promo Initiative,Metro Region Loyalty Cohort,15908997,Family Planners Lookalike Segment,1718074286658736,Shelf Story Warm Voice,1532291780998103,Brand Awareness,154.9177,27405,0,33337,51,100,100,100,100,891,484,0,0,2,0,232,0,353,1.2881,0,1,0,34822,0
2025-11-29,Discovery Network,Seasonal Select Promo Initiative,Metro Region Loyalty Cohort,15908997,Health Conscious Buyers Retention Segment,3613956286158588,Offer Spotlight Bold Voice,4607696881668990,Brand Awareness,72.4256,9742,0,11813,19,92,100,100,100,188,120,0,0,0,0,32,0,55,0.5646,0,2,0,11221,0
2025-11-30,Shopping Grid,Weekend Saver Retention Initiative,Metro Region Loyalty Cohort,15908997,Family Planners Lookalike Segment,7248228093339312,Shelf Story Bold Voice,3411200546175283,Brand Awareness,0.0000,0,0,0,0,0,0,0,0,0,0,0,0,0,0,0,0,0,0.0000,0,0,0,0,0
2025-11-01,Display Network,Family Pantry Retention Initiative,Metro Region Loyalty Cohort,15908997,Family Planners Lookalike Segment,1665761135741679,Shelf Story Warm Voice,2902136042807068,Brand Awareness,0.0000,0,0,0,0,0,0,0,0,0,0,0,0,0,0,0,0,0,0.0000,0,0,0,0,0
2025-11-02,Discovery Network,Family Pantry Retention Initiative,Metro Region Loyalty Cohort,15908997,Health Conscious Buyers Retention Segment,1669733702699813,Promo Banner Friendly Voice,4647140982681565,Brand Awareness,0.0000,0,0,0,0,0,0,0,0,0,0,0,0,0,0,0,0,0,0.0000,0,0,0,0,0
2025-11-03,Retail Media Network,Home Essentials Scale Initiative,Metro Region Prospecting Cohort,86057605,Family Planners Interest Segment,2052479131570920,Shelf Story Warm Voice,1453411941100364,Brand Awareness,0.0000,0,0,0,0,0,0,0,0,0,0,0,0,0,0,0,0,0,0.0000,0,0,0,0,0
2025-11-04,Retail Media Network,Family Pantry Retention Initiative,Metro Region Conversion Cohort,15908997,Weekend Deal Hunters Interest Segment,6202516839870495,Shelf Story Value Voice,1077582730962642,Catalog Engagement,0.0000,0,0,0,0,0,0,0,0,0,0,0,0,0,0,0,0,0,0.0000,0,0,0,0,0
2025-11-05,Marketplace Feed,Home Essentials Scale Initiative,Metro Region Prospecting Cohort,86057605,Family Planners Interest Segment,2052479131570920,Product Reel Warm Voice,1464656530089556,Brand Awareness,0.0000,0,0,0,0,0,0,0,0,0,0,0,0,0,0,0,0,0,0.0000,0,0,0,0,0
2025-11-06,Search Network,Seasonal Select Promo Initiative,Metro Region Loyalty Cohort,15908997,Family Planners Lookalike Segment,1718074286658736,Promo Banner Warm Voice,1089449421739833,Brand Awareness,304.9549,45816,0,62292,189,100,100,100,100,1677,1669,0,0,0,0,1085,0,833,1.8181,1,8,0,54237,0
2025-11-07,Video Network,Seasonal Select Promo Initiative,Metro Region Loyalty Cohort,15908997,Health Conscious Buyers Retention Segment,3613956286158588,Shelf Story Warm Voice,9626373394400677,Brand Awareness,92.2586,11376,0,21728,55,100,100,100,100,331,230,0,0,0,0,11,0,79,0.6944,0,2,0,18519,0
2025-11-08,Video Network,Family Pantry Retention Initiative,Metro Region Loyalty Cohort,15908997,Family Planners Lookalike Segment,1665761135741679,Shelf Story Warm Voice,2616618213121749,Brand Awareness,0.0000,0,0,0,0,0,0,0,0,0,0,0,0,0,0,0,0,0,0.0000,0,0,0,0,0
2025-11-09,Marketplace Feed,Family Pantry Retention Initiative,Metro Region Loyalty Cohort,15908997,Health Conscious Buyers Interest Segment,9013382232369046,Shelf Story Value Voice,1103993184708534,Brand Awareness,0.0000,0,0,0,0,0,0,0,0,0,0,0,0,0,0,0,0,0,0.0000,0,0,0,0,0
2025-11-10,Video Network,Seasonal Select Promo Initiative,Metro Region Loyalty Cohort,15908997,Health Conscious Buyers Interest Segment,1532426936569806,Shelf Story Warm Voice,7193200529405455,Brand Awareness,126.7629,32192,0,32014,76,100,100,100,100,393,302,0,0,0,0,102,0,189,0.5871,1,2,0,26177,0
2025-11-11,Discovery Network,Family Pantry Retention Initiative,Metro Region Loyalty Cohort,15908997,Health Conscious Buyers Retention Segment,1669733702699813,Shelf Story Warm Voice,1837904232519606,Brand Awareness,0.0000,0,0,0,0,0,0,0,0,0,0,0,0,0,0,0,0,0,0.0000,0,0,0,0,0
2025-11-12,Social Feed,Family Pantry Retention Initiative,Metro Region Loyalty Cohort,15908997,Health Conscious Buyers Interest Segment,1474840462607869,Offer Spotlight Bold Voice,3530423296641236,Brand Awareness,0.0000,0,0,0,0,0,0,0,0,0,0,0,0,0,0,0,0,0,0.0000,0,0,0,0,0
2025-11-13,Connected TV,Seasonal Select Demand Initiative,Metro Region Loyalty Cohort,15908997,Health Conscious Buyers Retention Segment,9223925519536552,Offer Spotlight Bold Voice,1119314133689227,Catalog Engagement,0.0000,0,0,0,0,0,0,0,0,0,0,0,0,0,0,0,0,0,0.0000,0,0,0,0,0
2025-11-14,Display Network,Family Pantry Retention Initiative,Metro Region Loyalty Cohort,15908997,Health Conscious Buyers Retention Segment,1669733702699813,Shelf Story Warm Voice,5602072675253918,Brand Awareness,0.0000,0,0,0,0,0,0,0,0,0,0,0,0,0,0,0,0,0,0.0000,0,0,0,0,0
2025-11-15,Display Network,Weekend Saver Retention Initiative,Metro Region Loyalty Cohort,15908997,Family Planners Lookalike Segment,7248228093339312,Shelf Story Warm Voice,1150526236199258,Brand Awareness,0.0000,0,0,0,0,0,0,0,0,0,0,0,0,0,0,0,0,0,0.0000,0,0,0,0,0
2025-11-16,Shopping Grid,Weekend Saver Retention Initiative,Metro Region Loyalty Cohort,15908997,Family Planners Lookalike Segment,7248228093339312,Offer Spotlight Bold Voice,1757288035719114,Brand Awareness,0.0000,0,0,0,0,0,0,0,0,0,0,0,0,0,0,0,0,0,0.0000,0,0,0,0,0
2025-11-17,Influencer Network,Family Pantry Retention Initiative,Metro Region Loyalty Cohort,15908997,Family Planners Lookalike Segment,1665761135741679,Collection Showcase Warm Voice,5654112849815777,Brand Awareness,0.0000,0,0,0,0,0,0,0,0,0,0,0,0,0,0,0,0,0,0.0000,0,0,0,0,0
2025-11-18,Social Feed,Family Pantry Retention Initiative,Metro Region Loyalty Cohort,15908997,Family Planners Lookalike Segment,1665761135741679,Price Drop Cut Value Voice,1192366617925175,Brand Awareness,0.0000,0,0,0,0,0,0,0,0,0,0,0,0,0,0,0,0,0,0.0000,0,0,0,0,0
2025-11-19,Connected TV,Seasonal Select Promo Initiative,Metro Region Loyalty Cohort,15908997,Health Conscious Buyers Retention Segment,3613956286158588,Shelf Story Warm Voice,2259713911990191,Brand Awareness,186.6829,22440,0,25750,79,100,100,100,100,854,1017,0,0,1,0,38,0,130,0.5793,0,13,0,17630,0
2025-11-20,Social Feed,Weekend Saver Retention Initiative,Metro Region Loyalty Cohort,15908997,Health Conscious Buyers Interest Segment,1334393532567969,Price Drop Cut Value Voice,1109002298095593,Brand Awareness,0.0000,0,0,0,0,0,0,0,0,0,0,0,0,0,0,0,0,0,0.0000,0,0,0,0,0
2025-11-21,Influencer Network,Family Pantry Retention Initiative,Metro Region Loyalty Cohort,15908997,Health Conscious Buyers Interest Segment,1474840462607869,Shelf Story Warm Voice,4340134105081797,Brand Awareness,0.0000,0,0,0,0,0,0,0,0,0,0,0,0,0,0,0,0,0,0.0000,0,0,0,0,0
2025-11-22,Social Feed,Seasonal Select Promo Initiative,Metro Region Loyalty Cohort,15908997,Health Conscious Buyers Interest Segment,1532426936569806,Offer Spotlight Bold Voice,4433422745438620,Brand Awareness,67.5641,10523,0,18771,42,64,100,100,78,174,146,0,0,1,0,32,0,68,0.6462,0,1,0,16074,0
2025-11-23,Shopping Grid,Family Pantry Retention Initiative,Metro Region Loyalty Cohort,15908997,Health Conscious Buyers Retention Segment,1669733702699813,Shelf Story Warm Voice,1173063753252113,Brand Awareness,0.0000,0,0,0,0,0,0,0,0,0,0,0,0,0,0,0,0,0,0.0000,0,0,0,0,0
2025-11-24,Connected TV,Family Pantry Retention Initiative,Metro Region Loyalty Cohort,15908997,Health Conscious Buyers Interest Segment,9013382232369046,Shelf Story Warm Voice,5257839822274418,Brand Awareness,0.0000,0,0,0,0,0,0,0,0,0,0,0,0,0,0,0,0,0,0.0000,0,0,0,0,0
2025-11-25,Video Network,Weekend Saver Retention Initiative,Metro Region Loyalty Cohort,15908997,Health Conscious Buyers Interest Segment,1334393532567969,Shelf Story Bold Voice,7232280368739505,Brand Awareness,0.0000,0,0,0,0,0,0,0,0,0,0,0,0,0,0,0,0,0,0.0000,0,0,0,0,0
2025-11-26,Influencer Network,Seasonal Select Promo Initiative,Metro Region Loyalty Cohort,15908997,Health Conscious Buyers Retention Segment,3613956286158588,Offer Spotlight Value Voice,9011752711561329,Brand Awareness,109.0037,15074,0,18493,59,100,100,100,100,477,341,0,0,0,0,21,0,103,0.6833,0,1,0,24013,0
2025-11-27,Influencer Network,Seasonal Select Promo Initiative,Metro Region Loyalty Cohort,15908997,Health Conscious Buyers Interest Segment,1532426936569806,Shelf Story Bold Voice,1082336609132049,Brand Awareness,205.7252,35699,0,49100,74,100,100,100,100,668,646,0,0,0,0,104,0,214,0.5995,1,1,0,33914,0
2025-11-28,Search Network,Seasonal Select Promo Initiative,Metro Region Loyalty Cohort,15908997,Family Planners Lookalike Segment,1718074286658736,Shelf Story Bold Voice,4278310985669178,Brand Awareness,216.0377,47040,0,39401,50,100,100,100,100,729,851,0,0,0,0,628,0,572,1.2160,0,1,0,30831,0
2025-11-29,Video Network,Family Pantry Retention Initiative,Metro Region Loyalty Cohort,15908997,Health Conscious Buyers Interest Segment,1474840462607869,Shelf Story Warm Voice,8486205212439809,Brand Awareness,0.0000,0,0,0,0,0,0,0,0,0,0,0,0,0,0,0,0,0,0.0000,0,0,0,0,0
2025-11-30,Marketplace Feed,Weekend Saver Retention Initiative,Metro Region Loyalty Cohort,15908997,Health Conscious Buyers Retention Segment,4136110625615180,Price Drop Cut Value Voice,1682844113945221,Brand Awareness,0.0000,0,0,0,0,0,0,0,0,0,0,0,0,0,0,0,0,0,0.0000,0,0,0,0,0
2025-11-01,Search Network,Seasonal Select Promo Initiative,Metro Region Loyalty Cohort,15908997,Health Conscious Buyers Interest Segment,1532426936569806,Offer Spotlight Value Voice,2894551765052346,Brand Awareness,122.1553,19281,0,14720,93,100,100,100,100,461,528,0,0,0,0,78,0,151,0.7832,1,2,0,17159,0
2025-11-02,Video Network,Weekend Saver Retention Initiative,Metro Region Loyalty Cohort,15908997,Family Planners Lookalike Segment,7248228093339312,Shelf Story Warm Voice,6451368560487732,Brand Awareness,0.0000,0,0,0,0,0,0,0,0,0,0,0,0,0,0,0,0,0,0.0000,0,0,0,0,0
2025-11-03,Retail Media Network,Weekend Saver Retention Initiative,Metro Region Loyalty Cohort,15908997,Family Planners Lookalike Segment,7248228093339312,Price Drop Cut Value Voice,9318406623487279,Brand Awareness,0.0000,0,0,0,0,0,0,0,0,0,0,0,0,0,0,0,0,0,0.0000,0,0,0,0,0
2025-11-04,Search Network,Seasonal Select Promo Initiative,Metro Region Loyalty Cohort,15908997,Health Conscious Buyers Interest Segment,1532426936569806,Promo Banner Warm Voice,5732401046815275,Brand Awareness,190.7394,29530,0,53315,138,100,100,100,100,1168,1362,0,0,0,0,346,0,386,1.3071,3,2,0,41576,0
2025-11-05,Marketplace Feed,Seasonal Select Promo Initiative,Metro Region Loyalty Cohort,15908997,Family Planners Lookalike Segment,1718074286658736,Offer Spotlight Value Voice,2074777970281390,Brand Awareness,108.4806,20587,0,19221,42,100,100,100,100,502,368,0,0,0,0,169,0,127,0.6169,0,2,0,23646,0
2025-11-06,Video Network,Seasonal Select Demand Initiative,Metro Region Conversion Cohort,15908997,Bulk Buyers Retention Segment,1061064502710542,Offer Spotlight Bold Voice,1741856265266256,Catalog Engagement,0.0000,0,0,0,0,0,0,0,0,0,0,0,0,0,0,0,0,0,0.0000,0,0,0,0,0
2025-11-07,Display Network,Family Pantry Retention Initiative,Metro Region Loyalty Cohort,15908997,Health Conscious Buyers Interest Segment,9013382232369046,Shelf Story Warm Voice,1099249066640891,Brand Awareness,0.0000,0,0,0,0,0,0,0,0,0,0,0,0,0,0,0,0,0,0.0000,0,0,0,0,0
2025-11-08,Discovery Network,Weekend Saver Retention Initiative,Metro Region Loyalty Cohort,15908997,Family Planners Lookalike Segment,7248228093339312,Shelf Story Bold Voice,1269408759613688,Brand Awareness,0.0000,0,0,0,0,0,0,0,0,0,0,0,0,0,0,0,0,0,0.0000,0,0,0,0,0
2025-11-09,Discovery Network,Family Pantry Retention Initiative,Metro Region Loyalty Cohort,15908997,Health Conscious Buyers Interest Segment,9013382232369046,Shelf Story Warm Voice,1177430610668804,Brand Awareness,0.0000,0,0,0,0,0,0,0,0,0,0,0,0,0,0,0,0,0,0.0000,0,0,0,0,0
2025-11-10,Influencer Network,Seasonal Select Promo Initiative,Metro Region Loyalty Cohort,15908997,Health Conscious Buyers Retention Segment,3613956286158588,Offer Spotlight Bold Voice,4607696881668990,Brand Awareness,57.4095,12134,0,14231,21,63,100,100,95,165,139,0,0,0,0,17,0,60,0.4945,0,0,0,11912,0
2025-11-11,Display Network,Family Pantry Retention Initiative,Metro Region Loyalty Cohort,15908997,Health Conscious Buyers Interest Segment,9013382232369046,Promo Banner Friendly Voice,1538508227020088,Brand Awareness,0.0000,0,0,0,0,0,0,0,0,0,0,0,0,0,0,0,0,0,0.0000,0,0,0,0,0
2025-11-12,In-App Display,Weekend Saver Retention Initiative,Metro Region Loyalty Cohort,15908997,Family Planners Lookalike Segment,7248228093339312,Price Drop Cut Value Voice,9781212069592701,Brand Awareness,0.0000,0,0,0,0,0,0,0,0,0,0,0,0,0,0,0,0,0,0.0000,0,0,0,0,0
2025-11-13,Affiliate Network,Seasonal Select Promo Initiative,Metro Region Loyalty Cohort,15908997,Family Planners Lookalike Segment,1718074286658736,Offer Spotlight Value Voice,2074777970281390,Brand Awareness,91.6678,24151,0,20128,41,100,100,100,100,401,375,0,0,0,0,37,0,108,0.4472,0,1,0,17081,0
2025-11-14,Shopping Grid,Seasonal Select Promo Initiative,Metro Region Loyalty Cohort,15908997,Health Conscious Buyers Interest Segment,1532426936569806,Shelf Story Warm Voice,9953353036347574,Brand Awareness,196.8963,55489,0,52329,82,100,100,100,100,1392,1556,0,0,0,0,179,0,275,0.4956,1,6,0,41385,0
2025-11-15,Video Network,Weekend Saver Retention Initiative,Metro Region Loyalty Cohort,15908997,Family Planners Lookalike Segment,7248228093339312,Shelf Story Warm Voice,1150526236199258,Brand Awareness,0.0000,0,0,0,0,0,0,0,0,0,0,0,0,0,0,0,0,0,0.0000,0,0,0,0,0
2025-11-16,Connected TV,Family Pantry Retention Initiative,Metro Region Loyalty Cohort,15908997,Family Planners Lookalike Segment,1665761135741679,Shelf Story Warm Voice,1280290142112652,Brand Awareness,0.0000,0,0,0,0,0,0,0,0,0,0,0,0,0,0,0,0,0,0.0000,0,0,0,0,0
2025-11-17,Affiliate Network,Family Pantry Retention Initiative,Metro Region Loyalty Cohort,15908997,Health Conscious Buyers Retention Segment,1669733702699813,Shelf Story Warm Voice,5602072675253918,Brand Awareness,0.0000,0,0,0,0,0,0,0,0,0,0,0,0,0,0,0,0,0,0.0000,0,0,0,0,0
2025-11-18,Connected TV,Market Fresh Demand Initiative,Metro Region Conversion Cohort,86057605,Weekend Deal Hunters Interest Segment,2737857498400057,Product Reel Warm Voice,1640779927447931,Catalog Engagement,0.0000,0,0,0,0,0,0,0,0,0,0,0,0,0,0,0,0,0,0.0000,0,0,0,0,0
2025-11-19,Marketplace Feed,Seasonal Select Promo Initiative,Metro Region Loyalty Cohort,15908997,Family Planners Lookalike Segment,1718074286658736,Shelf Story Bold Voice,4278310985669178,Brand Awareness,195.8201,34830,0,50557,132,100,100,100,100,867,738,0,0,2,0,221,0,326,0.9360,0,2,0,51666,0
2025-11-20,Social Feed,Family Pantry Retention Initiative,Metro Region Loyalty Cohort,15908997,Family Planners Lookalike Segment,1002710949555221,Offer Spotlight Bold Voice,7401589860358191,Brand Awareness,0.0000,0,0,0,0,0,0,0,0,0,0,0,0,0,0,0,0,0,0.0000,0,0,0,0,0
2025-11-21,Connected TV,Weekend Saver Retention Initiative,Metro Region Loyalty Cohort,15908997,Health Conscious Buyers Retention Segment,4136110625615180,Shelf Story Bold Voice,1238862856159509,Brand Awareness,0.0000,0,0,0,0,0,0,0,0,0,0,0,0,0,0,0,0,0,0.0000,0,0,0,0,0
2025-11-22,Influencer Network,Home Essentials Promo Initiative,Metro Region Conversion Cohort,44948390,Quick Refill Buyers Retention Segment,1899712342036110,Shelf Story Warm Voice,8585579191193727,Brand Awareness,0.0000,0,0,0,0,0,0,0,0,0,0,0,0,0,0,0,0,0,0.0000,0,0,0,0,0
2025-11-23,Connected TV,Family Pantry Retention Initiative,Metro Region Loyalty Cohort,15908997,Health Conscious Buyers Interest Segment,9013382232369046,Shelf Story Warm Voice,5257839822274418,Brand Awareness,0.0000,0,0,0,0,0,0,0,0,0,0,0,0,0,0,0,0,0,0.0000,0,0,0,0,0
2025-11-24,Shopping Grid,Seasonal Select Promo Initiative,Metro Region Loyalty Cohort,15908997,Health Conscious Buyers Interest Segment,1532426936569806,Offer Spotlight Value Voice,2894551765052346,Brand Awareness,78.1793,12223,0,24545,48,100,100,100,100,488,574,0,0,3,0,52,0,110,0.8999,0,2,0,12290,0
2025-11-25,Discovery Network,Family Pantry Retention Initiative,Metro Region Conversion Cohort,15908997,Bulk Buyers Retention Segment,1777717557426296,Shelf Story Value Voice,8084225603313437,Catalog Engagement,0.0000,0,0,0,0,0,0,0,0,0,0,0,0,0,0,0,0,0,0.0000,0,0,0,0,0
2025-11-26,Discovery Network,Weekend Saver Retention Initiative,Metro Region Loyalty Cohort,15908997,Health Conscious Buyers Interest Segment,1334393532567969,Shelf Story Warm Voice,2520693897922300,Brand Awareness,0.0000,0,0,0,0,0,0,0,0,0,0,0,0,0,0,0,0,0,0.0000,0,0,0,0,0
2025-11-27,Search Network,Seasonal Select Promo Initiative,Metro Region Loyalty Cohort,15908997,Health Conscious Buyers Interest Segment,1532426936569806,Offer Spotlight Bold Voice,4433422745438620,Brand Awareness,90.3510,16890,0,19280,35,71,100,100,90,199,249,0,0,0,0,21,0,63,0.3730,0,2,0,27556,0
2025-11-28,Video Network,Family Pantry Retention Initiative,Metro Region Loyalty Cohort,15908997,Health Conscious Buyers Retention Segment,1669733702699813,Collection Showcase Warm Voice,1788908453907262,Brand Awareness,0.0000,0,0,0,0,0,0,0,0,0,0,0,0,0,0,0,0,0,0.0000,0,0,0,0,0
2025-11-29,Discovery Network,Weekend Saver Retention Initiative,Metro Region Loyalty Cohort,15908997,Family Planners Lookalike Segment,7248228093339312,Shelf Story Bold Voice,3411200546175283,Brand Awareness,0.0000,0,0,0,0,0,0,0,0,0,0,0,0,0,0,0,0,0,0.0000,0,0,0,0,0
2025-11-30,Affiliate Network,Weekend Saver Retention Initiative,Metro Region Loyalty Cohort,15908997,Health Conscious Buyers Retention Segment,4136110625615180,Price Drop Cut Value Voice,1316048837324374,Brand Awareness,0.0000,0,0,0,0,0,0,0,0,0,0,0,0,0,0,0,0,0,0.0000,0,0,0,0,0
2025-11-01,Social Feed,Family Pantry Retention Initiative,Metro Region Loyalty Cohort,15908997,Family Planners Lookalike Segment,1665761135741679,Shelf Story Warm Voice,2902136042807068,Brand Awareness,0.0000,0,0,0,0,0,0,0,0,0,0,0,0,0,0,0,0,0,0.0000,0,0,0,0,0
2025-11-02,Video Network,Home Essentials Scale Initiative,Metro Region Prospecting Cohort,86057605,Family Planners Interest Segment,2052479131570920,Price Drop Cut Value Voice,1337311684616332,Brand Awareness,0.0000,0,0,0,0,0,0,0,0,0,0,0,0,0,0,0,0,0,0.0000,0,0,0,0,0
2025-11-03,Connected TV,Family Pantry Retention Initiative,Metro Region Loyalty Cohort,15908997,Family Planners Lookalike Segment,1665761135741679,Shelf Story Warm Voice,1450951256520921,Brand Awareness,0.0000,0,0,0,0,0,0,0,0,0,0,0,0,0,0,0,0,0,0.0000,0,0,0,0,0
2025-11-04,Affiliate Network,Weekend Saver Retention Initiative,Metro Region Loyalty Cohort,15908997,Family Planners Lookalike Segment,7248228093339312,Offer Spotlight Bold Voice,1757288035719114,Brand Awareness,0.0000,0,0,0,0,0,0,0,0,0,0,0,0,0,0,0,0,0,0.0000,0,0,0,0,0
2025-11-05,Search Network,Family Pantry Retention Initiative,Metro Region Loyalty Cohort,15908997,Health Conscious Buyers Interest Segment,9013382232369046,Shelf Story Warm Voice,1177430610668804,Brand Awareness,0.0000,0,0,0,0,0,0,0,0,0,0,0,0,0,0,0,0,0,0.0000,0,0,0,0,0
2025-11-06,Retail Media Network,Family Pantry Retention Initiative,Metro Region Loyalty Cohort,15908997,Family Planners Lookalike Segment,1665761135741679,Shelf Story Warm Voice,2793262031628184,Brand Awareness,0.0000,0,0,0,0,0,0,0,0,0,0,0,0,0,0,0,0,0,0.0000,0,0,0,0,0
2025-11-07,Marketplace Feed,Family Pantry Retention Initiative,Metro Region Loyalty Cohort,15908997,Health Conscious Buyers Interest Segment,1474840462607869,Offer Spotlight Bold Voice,3530423296641236,Brand Awareness,0.0000,0,0,0,0,0,0,0,0,0,0,0,0,0,0,0,0,0,0.0000,0,0,0,0,0
2025-11-08,In-App Display,Weekend Saver Retention Initiative,Metro Region Loyalty Cohort,15908997,Health Conscious Buyers Retention Segment,4136110625615180,Offer Spotlight Bold Voice,3833443174798849,Brand Awareness,0.0000,0,0,0,0,0,0,0,0,0,0,0,0,0,0,0,0,0,0.0000,0,0,0,0,0
2025-11-09,Display Network,Family Pantry Retention Initiative,Metro Region Loyalty Cohort,15908997,Family Planners Lookalike Segment,1665761135741679,Promo Banner Friendly Voice,1647756988327695,Brand Awareness,0.0000,0,0,0,0,0,0,0,0,0,0,0,0,0,0,0,0,0,0.0000,0,0,0,0,0
2025-11-10,Retail Media Network,Family Pantry Retention Initiative,Metro Region Loyalty Cohort,15908997,Family Planners Lookalike Segment,1002710949555221,Shelf Story Warm Voice,3185083078735744,Brand Awareness,0.0000,0,0,0,0,0,0,0,0,0,0,0,0,0,0,0,0,0,0.0000,0,0,0,0,0
2025-11-11,In-App Display,Family Pantry Retention Initiative,Metro Region Loyalty Cohort,15908997,Health Conscious Buyers Interest Segment,1474840462607869,Shelf Story Warm Voice,8486205212439809,Brand Awareness,0.0000,0,0,0,0,0,0,0,0,0,0,0,0,0,0,0,0,0,0.0000,0,0,0,0,0
2025-11-12,In-App Display,Seasonal Select Promo Initiative,Metro Region Loyalty Cohort,15908997,Health Conscious Buyers Retention Segment,3613956286158588,Shelf Story Warm Voice,2259713911990191,Brand Awareness,162.6176,15948,0,21822,61,100,100,100,100,836,997,0,0,0,0,36,0,115,0.7211,0,2,0,19425,0
2025-11-13,Retail Media Network,Weekend Saver Retention Initiative,Metro Region Loyalty Cohort,15908997,Family Planners Lookalike Segment,7248228093339312,Shelf Story Warm Voice,6451368560487732,Brand Awareness,0.0000,0,0,0,0,0,0,0,0,0,0,0,0,0,0,0,0,0,0.0000,0,0,0,0,0
2025-11-14,Display Network,Home Essentials Scale Initiative,Metro Region Prospecting Cohort,86057605,Family Planners Interest Segment,2052479131570920,Promo Banner Friendly Voice,7057211523700123,Brand Awareness,0.0000,0,0,0,0,0,0,0,0,0,0,0,0,0,0,0,0,0,0.0000,0,0,0,0,0
2025-11-15,Influencer Network,Family Pantry Retention Initiative,Metro Region Loyalty Cohort,15908997,Health Conscious Buyers Retention Segment,1669733702699813,Shelf Story Warm Voice,1837904232519606,Brand Awareness,0.0000,0,0,0,0,0,0,0,0,0,0,0,0,0,0,0,0,0,0.0000,0,0,0,0,0
2025-11-16,Search Network,Weekend Saver Retention Initiative,Metro Region Loyalty Cohort,15908997,Health Conscious Buyers Interest Segment,1334393532567969,Offer Spotlight Bold Voice,3220054077294586,Brand Awareness,0.0000,0,0,0,0,0,0,0,0,0,0,0,0,0,0,0,0,0,0.0000,0,0,0,0,0
2025-11-17,Marketplace Feed,Family Pantry Retention Initiative,Metro Region Loyalty Cohort,15908997,Family Planners Lookalike Segment,1665761135741679,Shelf Story Warm Voice,2616618213121749,Brand Awareness,0.0000,0,0,0,0,0,0,0,0,0,0,0,0,0,0,0,0,0,0.0000,0,0,0,0,0
2025-11-18,Discovery Network,Seasonal Select Promo Initiative,Metro Region Loyalty Cohort,15908997,Health Conscious Buyers Interest Segment,1532426936569806,Promo Banner Warm Voice,5732401046815275,Brand Awareness,243.4317,49120,0,57344,129,100,100,100,100,1066,802,0,0,1,0,219,0,346,0.7044,1,10,0,39595,0
2025-11-19,Video Network,Family Pantry Retention Initiative,Metro Region Loyalty Cohort,15908997,Family Planners Lookalike Segment,1665761135741679,Collection Showcase Warm Voice,5654112849815777,Brand Awareness,0.0000,0,0,0,0,0,0,0,0,0,0,0,0,0,0,0,0,0,0.0000,0,0,0,0,0
2025-11-20,Discovery Network,Weekend Saver Retention Initiative,Metro Region Loyalty Cohort,15908997,Family Planners Lookalike Segment,7248228093339312,Shelf Story Bold Voice,1269408759613688,Brand Awareness,0.0000,0,0,0,0,0,0,0,0,0,0,0,0,0,0,0,0,0,0.0000,0,0,0,0,0
2025-11-21,Influencer Network,Family Pantry Retention Initiative,Metro Region Loyalty Cohort,15908997,Health Conscious Buyers Interest Segment,9013382232369046,Shelf Story Warm Voice,1099249066640891,Brand Awareness,0.0000,0,0,0,0,0,0,0,0,0,0,0,0,0,0,0,0,0,0.0000,0,0,0,0,0
2025-11-22,Affiliate Network,Family Pantry Retention Initiative,Metro Region Loyalty Cohort,15908997,Health Conscious Buyers Interest Segment,1474840462607869,Shelf Story Warm Voice,4340134105081797,Brand Awareness,0.0000,0,0,0,0,0,0,0,0,0,0,0,0,0,0,0,0,0,0.0000,0,0,0,0,0
2025-11-23,Display Network,Seasonal Select Promo Initiative,Metro Region Loyalty Cohort,15908997,Family Planners Lookalike Segment,1718074286658736,Shelf Story Warm Voice,1533493773187614,Brand Awareness,207.2007,41902,0,39228,90,100,100,100,100,723,615,0,0,0,0,92,0,205,0.4892,0,2,0,42436,0
2025-11-24,Video Network,Family Pantry Retention Initiative,Metro Region Loyalty Cohort,15908997,Family Planners Lookalike Segment,1665761135741679,Shelf Story Value Voice,5225143865411760,Brand Awareness,0.0000,0,0,0,0,0,0,0,0,0,0,0,0,0,0,0,0,0,0.0000,0,0,0,0,0
2025-11-25,Shopping Grid,Family Pantry Retention Initiative,Metro Region Loyalty Cohort,15908997,Health Conscious Buyers Interest Segment,9013382232369046,Shelf Story Value Voice,1103993184708534,Brand Awareness,0.0000,0,0,0,0,0,0,0,0,0,0,0,0,0,0,0,0,0,0.0000,0,0,0,0,0
2025-11-26,Discovery Network,Weekend Saver Retention Initiative,Metro Region Loyalty Cohort,15908997,Health Conscious Buyers Interest Segment,1334393532567969,Shelf Story Warm Voice,8045514033882153,Brand Awareness,0.0000,0,0,0,0,0,0,0,0,0,0,0,0,0,0,0,0,0,0.0000,0,0,0,0,0
2025-11-27,Display Network,Family Pantry Retention Initiative,Metro Region Loyalty Cohort,15908997,Health Conscious Buyers Retention Segment,1669733702699813,Promo Banner Friendly Voice,4647140982681565,Brand Awareness,0.0000,0,0,0,0,0,0,0,0,0,0,0,0,0,0,0,0,0,0.0000,0,0,0,0,0
2025-11-28,Discovery Network,Seasonal Select Promo Initiative,Metro Region Loyalty Cohort,15908997,Health Conscious Buyers Interest Segment,1532426936569806,Shelf Story Warm Voice,7193200529405455,Brand Awareness,136.4811,41026,0,26701,67,100,100,100,100,595,616,0,0,1,0,61,0,149,0.3632,0,7,0,32761,0
2025-11-29,Discovery Network,Seasonal Select Promo Initiative,Metro Region Loyalty Cohort,15908997,Health Conscious Buyers Retention Segment,3613956286158588,Promo Banner Warm Voice,3456261421148856,Brand Awareness,119.8405,29202,0,22775,97,100,100,100,100,999,504,0,0,0,0,53,0,140,0.4794,0,7,0,18421,0
2025-11-30,Video Network,Seasonal Select Promo Initiative,Metro Region Loyalty Cohort,15908997,Family Planners Lookalike Segment,1718074286658736,Promo Banner Warm Voice,1089449421739833,Brand Awareness,172.9518,38982,0,45980,106,100,100,100,100,1684,717,0,0,1,0,593,0,360,0.9235,1,3,0,59220,0
2025-11-01,Retail Media Network,Family Pantry Retention Initiative,Metro Region Conversion Cohort,38881639,Family Planners Lookalike Segment,1010331617086390,Shelf Story Warm Voice,1022962676348579,Brand Awareness,0.0000,0,0,0,0,0,0,0,0,0,0,0,0,0,0,0,0,0,0.0000,0,0,0,0,0
2025-11-02,Video Network,Seasonal Select Promo Initiative,Metro Region Loyalty Cohort,15908997,Health Conscious Buyers Retention Segment,3613956286158588,Shelf Story Bold Voice,1755467445485119,Brand Awareness,103.5740,27375,0,27508,80,100,100,100,100,570,741,0,0,0,0,34,0,113,0.4128,0,4,0,18070,0
2025-11-03,Shopping Grid,Family Pantry Retention Initiative,Metro Region Conversion Cohort,15908997,Family Planners Lookalike Segment,3017606229260592,Shelf Story Value Voice,5691206288583839,Catalog Engagement,0.0000,0,0,0,0,0,0,0,0,0,0,0,0,0,0,0,0,0,0.0000,0,0,0,0,0
2025-11-04,Search Network,Weekend Saver Retention Initiative,Metro Region Loyalty Cohort,15908997,Health Conscious Buyers Retention Segment,4136110625615180,Price Drop Cut Value Voice,1682844113945221,Brand Awareness,0.0000,0,0,0,0,0,0,0,0,0,0,0,0,0,0,0,0,0,0.0000,0,0,0,0,0
2025-11-05,In-App Display,Seasonal Select Promo Initiative,Metro Region Loyalty Cohort,15908997,Family Planners Lookalike Segment,1718074286658736,Shelf Story Warm Voice,1532291780998103,Brand Awareness,177.8169,40736,0,35675,128,100,100,100,100,861,891,0,0,0,0,98,0,181,0.4443,0,4,0,41436,0
2025-11-06,Influencer Network,Seasonal Select Promo Initiative,Metro Region Loyalty Cohort,15908997,Family Planners Lookalike Segment,1718074286658736,Offer Spotlight Bold Voice,1638167476571035,Brand Awareness,81.9963,17619,0,18624,32,96,100,100,95,254,242,0,0,0,0,82,0,77,0.4370,0,5,0,22623,0
2025-11-07,Discovery Network,Family Pantry Retention Initiative,Metro Region Loyalty Cohort,15908997,Health Conscious Buyers Retention Segment,4976789753470273,Shelf Story Warm Voice,5506678816268127,Brand Awareness,0.0000,0,0,0,0,0,0,0,0,0,0,0,0,0,0,0,0,0,0.0000,0,0,0,0,0
2025-11-08,Shopping Grid,Weekend Saver Retention Initiative,Metro Region Loyalty Cohort,15908997,Health Conscious Buyers Interest Segment,1334393532567969,Shelf Story Bold Voice,7232280368739505,Brand Awareness,0.0000,0,0,0,0,0,0,0,0,0,0,0,0,0,0,0,0,0,0.0000,0,0,0,0,0
2025-11-09,Discovery Network,Family Pantry Retention Initiative,Metro Region Loyalty Cohort,15908997,Family Planners Lookalike Segment,1665761135741679,Shelf Story Warm Voice,6549680554582288,Brand Awareness,0.0000,0,0,0,0,0,0,0,0,0,0,0,0,0,0,0,0,0,0.0000,0,0,0,0,0
2025-11-10,Influencer Network,Seasonal Select Promo Initiative,Metro Region Loyalty Cohort,15908997,Health Conscious Buyers Retention Segment,3613956286158588,Offer Spotlight Value Voice,9011752711561329,Brand Awareness,95.2082,12651,0,16580,31,100,100,100,100,344,341,0,0,0,0,25,0,61,0.4822,0,2,0,10300,0
2025-11-11,In-App Display,Family Pantry Retention Initiative,Metro Region Loyalty Cohort,15908997,Family Planners Lookalike Segment,1002710949555221,Shelf Story Warm Voice,1647332301297595,Brand Awareness,0.0000,0,0,0,0,0,0,0,0,0,0,0,0,0,0,0,0,0,0.0000,0,0,0,0,0
2025-11-12,Video Network,Weekend Saver Retention Initiative,Metro Region Loyalty Cohort,15908997,Health Conscious Buyers Interest Segment,1334393532567969,Shelf Story Bold Voice,8314765461987923,Brand Awareness,0.0000,0,0,0,0,0,0,0,0,0,0,0,0,0,0,0,0,0,0.0000,0,0,0,0,0
2025-11-13,Connected TV,Family Pantry Retention Initiative,Metro Region Loyalty Cohort,15908997,Health Conscious Buyers Interest Segment,9013382232369046,Shelf Story Warm Voice,3768518651506601,Brand Awareness,0.0000,0,0,0,0,0,0,0,0,0,0,0,0,0,0,0,0,0,0.0000,0,0,0,0,0
2025-11-14,Search Network,Seasonal Select Promo Initiative,Metro Region Loyalty Cohort,15908997,Health Conscious Buyers Retention Segment,3613956286158588,Shelf Story Warm Voice,9626373394400677,Brand Awareness,94.9094,15827,0,19824,38,100,100,100,100,390,434,0,0,0,0,31,0,53,0.3349,0,1,0,19320,0
2025-11-15,Influencer Network,Family Pantry Retention Initiative,Metro Region Loyalty Cohort,15908997,Health Conscious Buyers Interest Segment,1474840462607869,Shelf Story Warm Voice,5682500646683685,Brand Awareness,0.0000,0,0,0,0,0,0,0,0,0,0,0,0,0,0,0,0,0,0.0000,0,0,0,0,0
2025-11-16,Discovery Network,Weekend Saver Retention Initiative,Metro Region Loyalty Cohort,15908997,Family Planners Lookalike Segment,7248228093339312,Price Drop Cut Value Voice,9318406623487279,Brand Awareness,0.0000,0,0,0,0,0,0,0,0,0,0,0,0,0,0,0,0,0,0.0000,0,0,0,0,0
2025-11-17,Connected TV,Weekend Saver Retention Initiative,Metro Region Loyalty Cohort,15908997,Health Conscious Buyers Interest Segment,1334393532567969,Price Drop Cut Value Voice,2051943278335934,Brand Awareness,0.0000,0,0,0,0,0,0,0,0,0,0,0,0,0,0,0,0,0,0.0000,0,0,0,0,0
2025-11-18,Display Network,Family Pantry Retention Initiative,Metro Region Conversion Cohort,15908997,Bulk Buyers Retention Segment,1096889057602193,Offer Spotlight Friendly Voice,5703717592430862,Catalog Engagement,0.0000,0,0,0,0,0,0,0,0,0,0,0,0,0,0,0,0,0,0.0000,0,0,0,0,0
2025-11-19,Connected TV,Weekend Saver Retention Initiative,Metro Region Loyalty Cohort,15908997,Health Conscious Buyers Interest Segment,1334393532567969,Price Drop Cut Value Voice,1109002298095593,Brand Awareness,0.0000,0,0,0,0,0,0,0,0,0,0,0,0,0,0,0,0,0,0.0000,0,0,0,0,0
2025-11-20,Search Network,Family Pantry Retention Initiative,Metro Region Loyalty Cohort,15908997,Family Planners Lookalike Segment,1665761135741679,Price Drop Cut Value Voice,1192366617925175,Brand Awareness,0.0000,0,0,0,0,0,0,0,0,0,0,0,0,0,0,0,0,0,0.0000,0,0,0,0,0
2025-11-21,Video Network,Family Pantry Retention Initiative,Metro Region Loyalty Cohort,15908997,Family Planners Lookalike Segment,1002710949555221,Shelf Story Warm Voice,5797898098365146,Brand Awareness,0.0000,0,0,0,0,0,0,0,0,0,0,0,0,0,0,0,0,0,0.0000,0,0,0,0,0
2025-11-22,Shopping Grid,Family Pantry Retention Initiative,Metro Region Loyalty Cohort,15908997,Health Conscious Buyers Retention Segment,1669733702699813,Shelf Story Warm Voice,1173063753252113,Brand Awareness,0.0000,0,0,0,0,0,0,0,0,0,0,0,0,0,0,0,0,0,0.0000,0,0,0,0,0
2025-11-23,Affiliate Network,Family Pantry Retention Initiative,Metro Region Loyalty Cohort,15908997,Health Conscious Buyers Retention Segment,1669733702699813,Shelf Story Value Voice,1365467474223726,Brand Awareness,0.0000,0,0,0,0,0,0,0,0,0,0,0,0,0,0,0,0,0,0.0000,0,0,0,0,0
2025-11-24,In-App Display,Family Pantry Retention Initiative,Metro Region Loyalty Cohort,15908997,Health Conscious Buyers Retention Segment,1669733702699813,Price Drop Cut Value Voice,6906673719698824,Brand Awareness,0.0000,0,0,0,0,0,0,0,0,0,0,0,0,0,0,0,0,0,0.0000,0,0,0,0,0
2025-11-25,Marketplace Feed,Seasonal Select Promo Initiative,Metro Region Loyalty Cohort,15908997,Health Conscious Buyers Interest Segment,1532426936569806,Shelf Story Bold Voice,1082336609132049,Brand Awareness,161.0285,52283,0,50201,102,100,100,100,100,585,876,0,0,1,0,50,0,194,0.3711,0,3,0,59567,0
2025-11-26,Search Network,Family Pantry Retention Initiative,Metro Region Loyalty Cohort,15908997,Health Conscious Buyers Retention Segment,4976789753470273,Shelf Story Warm Voice,1220076337258804,Brand Awareness,0.0000,0,0,0,0,0,0,0,0,0,0,0,0,0,0,0,0,0,0.0000,0,0,0,0,0
2025-11-27,Video Network,Family Pantry Retention Initiative,Metro Region Loyalty Cohort,15908997,Health Conscious Buyers Retention Segment,1669733702699813,Shelf Story Warm Voice,6197978194612129,Brand Awareness,0.0000,0,0,0,0,0,0,0,0,0,0,0,0,0,0,0,0,0,0.0000,0,0,0,0,0
2025-11-28,Discovery Network,Seasonal Select Promo Initiative,Metro Region Loyalty Cohort,15908997,Health Conscious Buyers Retention Segment,3613956286158588,Shelf Story Warm Voice,2259713911990191,Brand Awareness,131.4873,34248,0,26198,95,100,100,100,100,880,999,0,0,0,0,50,0,162,0.4730,0,2,0,23352,0
2025-11-29,Connected TV,Seasonal Select Promo Initiative,Metro Region Loyalty Cohort,15908997,Health Conscious Buyers Interest Segment,1532426936569806,Offer Spotlight Value Voice,2894551765052346,Brand Awareness,134.7255,20709,0,32932,59,100,100,100,100,574,445,0,0,0,0,41,0,83,0.4008,0,2,0,20789,0
2025-11-30,Search Network,Family Pantry Retention Initiative,Metro Region Loyalty Cohort,15908997,Health Conscious Buyers Interest Segment,1474840462607869,Shelf Story Warm Voice,9110304031000052,Brand Awareness,0.0000,0,0,0,0,0,0,0,0,0,0,0,0,0,0,0,0,0,0.0000,0,0,0,0,0
2025-11-01,Affiliate Network,Family Pantry Retention Initiative,Metro Region Conversion Cohort,38881639,Family Planners Lookalike Segment,1010331617086390,Shelf Story Warm Voice,1022962676348579,Brand Awareness,0.0000,0,0,0,0,0,0,0,0,0,0,0,0,0,0,0,0,0,0.0000,0,0,0,0,0
2025-11-02,Connected TV,Family Pantry Retention Initiative,Metro Region Loyalty Cohort,15908997,Health Conscious Buyers Interest Segment,1474840462607869,Offer Spotlight Bold Voice,3530423296641236,Brand Awareness,0.0000,0,0,0,0,0,0,0,0,0,0,0,0,0,0,0,0,0,0.0000,0,0,0,0,0
2025-11-03,Search Network,Weekend Saver Retention Initiative,Metro Region Loyalty Cohort,15908997,Health Conscious Buyers Interest Segment,1334393532567969,Shelf Story Warm Voice,8045514033882153,Brand Awareness,0.0000,0,0,0,0,0,0,0,0,0,0,0,0,0,0,0,0,0,0.0000,0,0,0,0,0
2025-11-04,Influencer Network,Seasonal Select Promo Initiative,Metro Region Loyalty Cohort,15908997,Health Conscious Buyers Interest Segment,1532426936569806,Shelf Story Bold Voice,1082336609132049,Brand Awareness,229.9110,38611,0,66770,121,100,100,100,100,811,681,0,0,0,0,83,0,202,0.5232,0,5,0,67069,0
2025-11-05,Connected TV,Family Pantry Retention Initiative,Metro Region Loyalty Cohort,15908997,Health Conscious Buyers Retention Segment,1669733702699813,Shelf Story Warm Voice,1837904232519606,Brand Awareness,0.0000,0,0,0,0,0,0,0,0,0,0,0,0,0,0,0,0,0,0.0000,0,0,0,0,0
2025-11-06,Affiliate Network,Weekend Saver Retention Initiative,Metro Region Loyalty Cohort,15908997,Family Planners Lookalike Segment,7248228093339312,Price Drop Cut Value Voice,9781212069592701,Brand Awareness,0.0000,0,0,0,0,0,0,0,0,0,0,0,0,0,0,0,0,0,0.0000,0,0,0,0,0
2025-11-07,Social Feed,Seasonal Select Promo Initiative,Metro Region Loyalty Cohort,15908997,Health Conscious Buyers Retention Segment,3613956286158588,Offer Spotlight Value Voice,9011752711561329,Brand Awareness,81.5291,19565,0,15615,54,100,100,100,100,447,463,0,0,0,0,30,0,119,0.6082,0,2,0,27242,0
2025-11-08,Social Feed,Weekend Saver Retention Initiative,Metro Region Loyalty Cohort,15908997,Health Conscious Buyers Interest Segment,1334393532567969,Shelf Story Warm Voice,2520693897922300,Brand Awareness,0.0000,0,0,0,0,0,0,0,0,0,0,0,0,0,0,0,0,0,0.0000,0,0,0,0,0
2025-11-09,Influencer Network,Family Pantry Retention Initiative,Metro Region Loyalty Cohort,15908997,Health Conscious Buyers Retention Segment,4976789753470273,Offer Spotlight Bold Voice,1582932391745882,Brand Awareness,0.0000,0,0,0,0,0,0,0,0,0,0,0,0,0,0,0,0,0,0.0000,0,0,0,0,0
2025-11-10,Retail Media Network,Seasonal Select Promo Initiative,Metro Region Loyalty Cohort,15908997,Health Conscious Buyers Interest Segment,1532426936569806,Shelf Story Warm Voice,7193200529405455,Brand Awareness,191.8316,57494,0,49744,99,100,100,100,100,964,1119,0,0,0,0,74,0,215,0.3740,0,5,0,45413,0
2025-11-11,In-App Display,Weekend Saver Retention Initiative,Metro Region Loyalty Cohort,15908997,Family Planners Lookalike Segment,7248228093339312,Shelf Story Warm Voice,1150526236199258,Brand Awareness,0.0000,0,0,0,0,0,0,0,0,0,0,0,0,0,0,0,0,0,0.0000,0,0,0,0,0
2025-11-12,Display Network,Family Pantry Retention Initiative,Metro Region Loyalty Cohort,15908997,Family Planners Lookalike Segment,1665761135741679,Shelf Story Warm Voice,6549680554582288,Brand Awareness,0.0000,0,0,0,0,0,0,0,0,0,0,0,0,0,0,0,0,0,0.0000,0,0,0,0,0
2025-11-13,Display Network,Family Pantry Retention Initiative,Metro Region Loyalty Cohort,15908997,Family Planners Lookalike Segment,1665761135741679,Promo Banner Friendly Voice,6598720554447191,Brand Awareness,0.0000,0,0,0,0,0,0,0,0,0,0,0,0,0,0,0,0,0,0.0000,0,0,0,0,0
2025-11-14,Connected TV,Seasonal Select Promo Initiative,Metro Region Loyalty Cohort,15908997,Health Conscious Buyers Interest Segment,1532426936569806,Shelf Story Warm Voice,9953353036347574,Brand Awareness,184.2672,46288,0,57026,181,100,100,100,100,1172,1257,0,0,1,0,101,0,355,0.7669,0,3,0,49257,0
2025-11-15,In-App Display,Family Pantry Retention Initiative,Metro Region Loyalty Cohort,15908997,Family Planners Lookalike Segment,1665761135741679,Shelf Story Warm Voice,2616618213121749,Brand Awareness,0.0000,0,0,0,0,0,0,0,0,0,0,0,0,0,0,0,0,0,0.0000,0,0,0,0,0
2025-11-16,Connected TV,Seasonal Select Promo Initiative,Metro Region Loyalty Cohort,15908997,Family Planners Lookalike Segment,1718074286658736,Shelf Story Warm Voice,1533493773187614,Brand Awareness,152.4221,35113,0,47890,109,100,100,100,100,773,857,0,0,0,0,116,0,218,0.6209,6,1,0,39909,0
2025-11-17,Discovery Network,Seasonal Select Promo Initiative,Metro Region Loyalty Cohort,15908997,Family Planners Lookalike Segment,1718074286658736,Shelf Story Warm Voice,1532291780998103,Brand Awareness,145.1523,44255,0,43914,97,100,100,100,100,831,466,0,0,5,0,110,0,346,0.7818,0,6,0,41354,0
2025-11-18,Affiliate Network,Weekend Saver Retention Initiative,Metro Region Loyalty Cohort,15908997,Health Conscious Buyers Interest Segment,1334393532567969,Shelf Story Bold Voice,7232280368739505,Brand Awareness,0.0000,0,0,0,0,0,0,0,0,0,0,0,0,0,0,0,0,0,0.0000,0,0,0,0,0
2025-11-19,Display Network,Family Pantry Retention Initiative,Metro Region Conversion Cohort,15908997,Bulk Buyers Retention Segment,1096889057602193,Offer Spotlight Friendly Voice,5703717592430862,Catalog Engagement,0.0000,0,0,0,0,0,0,0,0,0,0,0,0,0,0,0,0,0,0.0000,0,0,0,0,0
2025-11-20,Shopping Grid,Seasonal Select Promo Initiative,Metro Region Loyalty Cohort,15908997,Health Conscious Buyers Retention Segment,3613956286158588,Promo Banner Warm Voice,3456261421148856,Brand Awareness,97.4004,21773,0,31376,102,100,100,100,100,767,841,0,0,0,0,61,0,151,0.6935,1,2,0,39538,0
2025-11-21,Video Network,Family Pantry Retention Initiative,Metro Region Loyalty Cohort,15908997,Family Planners Lookalike Segment,1002710949555221,Shelf Story Warm Voice,1647332301297595,Brand Awareness,0.0000,0,0,0,0,0,0,0,0,0,0,0,0,0,0,0,0,0,0.0000,0,0,0,0,0
2025-11-22,Affiliate Network,Family Pantry Retention Initiative,Metro Region Loyalty Cohort,15908997,Health Conscious Buyers Interest Segment,9013382232369046,Shelf Story Warm Voice,3768518651506601,Brand Awareness,0.0000,0,0,0,0,0,0,0,0,0,0,0,0,0,0,0,0,0,0.0000,0,0,0,0,0
2025-11-23,Display Network,Family Pantry Retention Initiative,Metro Region Loyalty Cohort,15908997,Health Conscious Buyers Interest Segment,1474840462607869,Shelf Story Warm Voice,4340134105081797,Brand Awareness,0.0000,0,0,0,0,0,0,0,0,0,0,0,0,0,0,0,0,0,0.0000,0,0,0,0,0
2025-11-24,Display Network,Weekend Saver Retention Initiative,Metro Region Loyalty Cohort,15908997,Family Planners Lookalike Segment,7248228093339312,Shelf Story Warm Voice,6451368560487732,Brand Awareness,0.0000,0,0,0,0,0,0,0,0,0,0,0,0,0,0,0,0,0,0.0000,0,0,0,0,0
2025-11-25,Video Network,Seasonal Select Promo Initiative,Metro Region Loyalty Cohort,15908997,Health Conscious Buyers Retention Segment,3613956286158588,Shelf Story Bold Voice,1755467445485119,Brand Awareness,128.3673,20242,0,27496,62,100,100,100,100,532,404,0,0,0,0,32,0,80,0.3952,2,3,0,28555,0
2025-11-26,Marketplace Feed,Weekend Saver Retention Initiative,Metro Region Loyalty Cohort,15908997,Family Planners Lookalike Segment,7248228093339312,Price Drop Cut Value Voice,9318406623487279,Brand Awareness,0.0000,0,0,0,0,0,0,0,0,0,0,0,0,0,0,0,0,0,0.0000,0,0,0,0,0
2025-11-27,Connected TV,Weekend Saver Retention Initiative,Metro Region Loyalty Cohort,15908997,Health Conscious Buyers Interest Segment,1334393532567969,Price Drop Cut Value Voice,2051943278335934,Brand Awareness,0.0000,0,0,0,0,0,0,0,0,0,0,0,0,0,0,0,0,0,0.0000,0,0,0,0,0
2025-11-28,Marketplace Feed,Seasonal Select Promo Initiative,Metro Region Loyalty Cohort,15908997,Health Conscious Buyers Interest Segment,1532426936569806,Promo Banner Warm Voice,5732401046815275,Brand Awareness,210.6112,28283,0,47064,187,100,100,100,100,1222,893,0,0,1,0,213,0,419,1.4815,0,3,0,64343,0
2025-11-29,Shopping Grid,Family Pantry Retention Initiative,Metro Region Loyalty Cohort,15908997,Health Conscious Buyers Retention Segment,1669733702699813,Promo Banner Friendly Voice,4647140982681565,Brand Awareness,0.0000,0,0,0,0,0,0,0,0,0,0,0,0,0,0,0,0,0,0.0000,0,0,0,0,0
2025-11-30,In-App Display,Family Pantry Retention Initiative,Metro Region Loyalty Cohort,15908997,Health Conscious Buyers Retention Segment,4976789753470273,Shelf Story Warm Voice,4041974945367907,Brand Awareness,0.0000,0,0,0,0,0,0,0,0,0,0,0,0,0,0,0,0,0,0.0000,0,0,0,0,0
2025-11-01,Video Network,Weekend Saver Retention Initiative,Metro Region Loyalty Cohort,15908997,Health Conscious Buyers Retention Segment,4136110625615180,Price Drop Cut Value Voice,1682844113945221,Brand Awareness,0.0000,0,0,0,0,0,0,0,0,0,0,0,0,0,0,0,0,0,0.0000,0,0,0,0,0
2025-11-02,Discovery Network,Family Pantry Retention Initiative,Metro Region Loyalty Cohort,15908997,Family Planners Lookalike Segment,1665761135741679,Promo Banner Friendly Voice,1647756988327695,Brand Awareness,0.0000,0,0,0,0,0,0,0,0,0,0,0,0,0,0,0,0,0,0.0000,0,0,0,0,0
2025-11-03,In-App Display,Family Pantry Retention Initiative,Metro Region Loyalty Cohort,15908997,Family Planners Lookalike Segment,1665761135741679,Shelf Story Warm Voice,2793262031628184,Brand Awareness,0.0000,0,0,0,0,0,0,0,0,0,0,0,0,0,0,0,0,0,0.0000,0,0,0,0,0
2025-11-04,Influencer Network,Family Pantry Retention Initiative,Metro Region Loyalty Cohort,15908997,Family Planners Lookalike Segment,1665761135741679,Shelf Story Warm Voice,2902136042807068,Brand Awareness,0.0000,0,0,0,0,0,0,0,0,0,0,0,0,0,0,0,0,0,0.0000,0,0,0,0,0
2025-11-05,Video Network,Family Pantry Retention Initiative,Metro Region Loyalty Cohort,15908997,Health Conscious Buyers Interest Segment,1474840462607869,Shelf Story Warm Voice,8486205212439809,Brand Awareness,0.0000,0,0,0,0,0,0,0,0,0,0,0,0,0,0,0,0,0,0.0000,0,0,0,0,0
2025-11-06,Social Feed,Seasonal Select Promo Initiative,Metro Region Loyalty Cohort,15908997,Family Planners Lookalike Segment,1718074286658736,Offer Spotlight Bold Voice,1638167476571035,Brand Awareness,90.9258,23582,0,21761,37,100,100,100,100,221,214,0,0,0,0,53,0,113,0.4792,0,3,0,21666,0
2025-11-07,Marketplace Feed,Family Pantry Retention Initiative,Metro Region Loyalty Cohort,15908997,Family Planners Lookalike Segment,1002710949555221,Shelf Story Warm Voice,5797898098365146,Brand Awareness,0.0000,0,0,0,0,0,0,0,0,0,0,0,0,0,0,0,0,0,0.0000,0,0,0,0,0
2025-11-08,Connected TV,Family Pantry Retention Initiative,Metro Region Loyalty Cohort,15908997,Family Planners Lookalike Segment,1002710949555221,Shelf Story Warm Voice,1655044419034925,Brand Awareness,0.0000,0,0,0,0,0,0,0,0,0,0,0,0,0,0,0,0,0,0.0000,0,0,0,0,0
2025-11-09,Display Network,Seasonal Select Promo Initiative,Metro Region Loyalty Cohort,15908997,Health Conscious Buyers Retention Segment,3613956286158588,Offer Spotlight Bold Voice,4607696881668990,Brand Awareness,59.0936,11715,0,16769,21,69,100,100,74,178,122,0,0,0,0,8,0,52,0.4439,0,1,0,9556,0
2025-11-10,Display Network,Weekend Saver Retention Initiative,Metro Region Loyalty Cohort,15908997,Health Conscious Buyers Interest Segment,1334393532567969,Offer Spotlight Bold Voice,3220054077294586,Brand Awareness,0.0000,0,0,0,0,0,0,0,0,0,0,0,0,0,0,0,0,0,0.0000,0,0,0,0,0
2025-11-11,Search Network,Weekend Saver Retention Initiative,Metro Region Loyalty Cohort,15908997,Health Conscious Buyers Interest Segment,1334393532567969,Shelf Story Bold Voice,8314765461987923,Brand Awareness,0.0000,0,0,0,0,0,0,0,0,0,0,0,0,0,0,0,0,0,0.0000,0,0,0,0,0
2025-11-12,Search Network,Weekend Saver Retention Initiative,Metro Region Loyalty Cohort,15908997,Health Conscious Buyers Retention Segment,4136110625615180,Shelf Story Warm Voice,5443423299390877,Brand Awareness,0.0000,0,0,0,0,0,0,0,0,0,0,0,0,0,0,0,0,0,0.0000,0,0,0,0,0
2025-11-13,Shopping Grid,Family Pantry Retention Initiative,Metro Region Loyalty Cohort,15908997,Health Conscious Buyers Retention Segment,1669733702699813,Shelf Story Warm Voice,5602072675253918,Brand Awareness,0.0000,0,0,0,0,0,0,0,0,0,0,0,0,0,0,0,0,0,0.0000,0,0,0,0,0
2025-11-14,Affiliate Network,Weekend Saver Retention Initiative,Metro Region Loyalty Cohort,15908997,Family Planners Lookalike Segment,7248228093339312,Shelf Story Bold Voice,1269408759613688,Brand Awareness,0.0000,0,0,0,0,0,0,0,0,0,0,0,0,0,0,0,0,0,0.0000,0,0,0,0,0
2025-11-15,Retail Media Network,Family Pantry Retention Initiative,Metro Region Loyalty Cohort,15908997,Family Planners Lookalike Segment,1665761135741679,Shelf Story Value Voice,5225143865411760,Brand Awareness,0.0000,0,0,0,0,0,0,0,0,0,0,0,0,0,0,0,0,0,0.0000,0,0,0,0,0
2025-11-16,Video Network,Family Pantry Retention Initiative,Metro Region Loyalty Cohort,15908997,Health Conscious Buyers Interest Segment,9013382232369046,Shelf Story Value Voice,1103993184708534,Brand Awareness,0.0000,0,0,0,0,0,0,0,0,0,0,0,0,0,0,0,0,0,0.0000,0,0,0,0,0
2025-11-17,Display Network,Seasonal Select Promo Initiative,Metro Region Loyalty Cohort,15908997,Family Planners Lookalike Segment,1718074286658736,Shelf Story Bold Voice,4278310985669178,Brand Awareness,131.8284,43045,0,50904,132,100,100,100,100,771,434,0,0,0,0,265,0,338,0.7852,0,1,0,47338,0
2025-11-18,Social Feed,Weekend Saver Retention Initiative,Metro Region Loyalty Cohort,15908997,Health Conscious Buyers Interest Segment,1334393532567969,Price Drop Cut Value Voice,1109002298095593,Brand Awareness,0.0000,0,0,0,0,0,0,0,0,0,0,0,0,0,0,0,0,0,0.0000,0,0,0,0,0
2025-11-19,Search Network,Seasonal Select Promo Initiative,Metro Region Loyalty Cohort,15908997,Health Conscious Buyers Retention Segment,3613956286158588,Shelf Story Warm Voice,9626373394400677,Brand Awareness,104.9236,16097,0,23680,59,100,100,100,100,453,345,0,0,0,0,30,0,111,0.6896,0,0,0,31635,0
2025-11-20,Display Network,Family Pantry Retention Initiative,Metro Region Loyalty Cohort,15908997,Health Conscious Buyers Retention Segment,1669733702699813,Shelf Story Warm Voice,1173063753252113,Brand Awareness,0.0000,0,0,0,0,0,0,0,0,0,0,0,0,0,0,0,0,0,0.0000,0,0,0,0,0
2025-11-21,In-App Display,Family Pantry Retention Initiative,Metro Region Loyalty Cohort,15908997,Health Conscious Buyers Interest Segment,9013382232369046,Shelf Story Warm Voice,1099249066640891,Brand Awareness,0.0000,0,0,0,0,0,0,0,0,0,0,0,0,0,0,0,0,0,0.0000,0,0,0,0,0
2025-11-22,Influencer Network,Seasonal Select Promo Initiative,Metro Region Loyalty Cohort,15908997,Family Planners Lookalike Segment,1718074286658736,Promo Banner Warm Voice,1089449421739833,Brand Awareness,287.6763,75416,0,50947,111,100,100,100,100,1556,928,0,0,1,0,395,0,562,0.7452,2,8,0,69400,0
2025-11-23,Shopping Grid,Home Essentials Promo Initiative,Metro Region Conversion Cohort,44948390,Quick Refill Buyers Retention Segment,1899712342036110,Shelf Story Warm Voice,8585579191193727,Brand Awareness,0.0000,0,0,0,0,0,0,0,0,0,0,0,0,0,0,0,0,0,0.0000,0,0,0,0,0
2025-11-24,In-App Display,Seasonal Select Promo Initiative,Metro Region Loyalty Cohort,15908997,Health Conscious Buyers Interest Segment,1532426936569806,Offer Spotlight Bold Voice,4433422745438620,Brand Awareness,80.1351,32320,0,27221,68,100,100,100,100,319,348,0,0,0,0,43,0,117,0.3620,0,2,0,21353,0
2025-11-25,Shopping Grid,Family Pantry Retention Initiative,Metro Region Loyalty Cohort,15908997,Health Conscious Buyers Interest Segment,9013382232369046,Shelf Story Warm Voice,5257839822274418,Brand Awareness,0.0000,0,0,0,0,0,0,0,0,0,0,0,0,0,0,0,0,0,0.0000,0,0,0,0,0
2025-11-26,Display Network,Family Pantry Retention Initiative,Metro Region Loyalty Cohort,15908997,Health Conscious Buyers Retention Segment,1669733702699813,Price Drop Cut Value Voice,6906673719698824,Brand Awareness,0.0000,0,0,0,0,0,0,0,0,0,0,0,0,0,0,0,0,0,0.0000,0,0,0,0,0
2025-11-27,Video Network,Family Pantry Retention Initiative,Metro Region Loyalty Cohort,15908997,Health Conscious Buyers Retention Segment,1669733702699813,Shelf Story Value Voice,1365467474223726,Brand Awareness,0.0000,0,0,0,0,0,0,0,0,0,0,0,0,0,0,0,0,0,0.0000,0,0,0,0,0
2025-11-28,Connected TV,Weekend Saver Retention Initiative,Metro Region Loyalty Cohort,15908997,Family Planners Lookalike Segment,7248228093339312,Shelf Story Bold Voice,3411200546175283,Brand Awareness,0.0000,0,0,0,0,0,0,0,0,0,0,0,0,0,0,0,0,0,0.0000,0,0,0,0,0
2025-11-29,Affiliate Network,Family Pantry Retention Initiative,Metro Region Loyalty Cohort,15908997,Health Conscious Buyers Interest Segment,9013382232369046,Promo Banner Friendly Voice,1538508227020088,Brand Awareness,0.0000,0,0,0,0,0,0,0,0,0,0,0,0,0,0,0,0,0,0.0000,0,0,0,0,0
2025-11-30,In-App Display,Seasonal Select Promo Initiative,Metro Region Loyalty Cohort,15908997,Family Planners Lookalike Segment,1718074286658736,Offer Spotlight Value Voice,2074777970281390,Brand Awareness,129.5368,19188,0,28296,64,100,100,100,100,511,364,0,0,0,0,85,0,175,0.9120,0,2,0,28150,0
2025-11-01,Influencer Network,Weekend Saver Retention Initiative,Metro Region Loyalty Cohort,15908997,Family Planners Lookalike Segment,7248228093339312,Offer Spotlight Bold Voice,1757288035719114,Brand Awareness,0.0000,0,0,0,0,0,0,0,0,0,0,0,0,0,0,0,0,0,0.0000,0,0,0,0,0
2025-11-02,Influencer Network,Family Pantry Retention Initiative,Metro Region Loyalty Cohort,15908997,Family Planners Lookalike Segment,1665761135741679,Price Drop Cut Value Voice,1192366617925175,Brand Awareness,0.0000,0,0,0,0,0,0,0,0,0,0,0,0,0,0,0,0,0,0.0000,0,0,0,0,0
2025-11-03,Display Network,Family Pantry Retention Initiative,Metro Region Loyalty Cohort,15908997,Health Conscious Buyers Interest Segment,9013382232369046,Shelf Story Warm Voice,1177430610668804,Brand Awareness,0.0000,0,0,0,0,0,0,0,0,0,0,0,0,0,0,0,0,0,0.0000,0,0,0,0,0
2025-11-04,Search Network,Family Pantry Retention Initiative,Metro Region Loyalty Cohort,15908997,Family Planners Lookalike Segment,1002710949555221,Shelf Story Warm Voice,3185083078735744,Brand Awareness,0.0000,0,0,0,0,0,0,0,0,0,0,0,0,0,0,0,0,0,0.0000,0,0,0,0,0
2025-11-05,Shopping Grid,Family Pantry Retention Initiative,Metro Region Loyalty Cohort,15908997,Health Conscious Buyers Interest Segment,1474840462607869,Shelf Story Warm Voice,5682500646683685,Brand Awareness,0.0000,0,0,0,0,0,0,0,0,0,0,0,0,0,0,0,0,0,0.0000,0,0,0,0,0
2025-11-06,Search Network,Weekend Saver Retention Initiative,Metro Region Loyalty Cohort,15908997,Health Conscious Buyers Retention Segment,4136110625615180,Price Drop Cut Value Voice,1682844113945221,Brand Awareness,0.0000,0,0,0,0,0,0,0,0,0,0,0,0,0,0,0,0,0,0.0000,0,0,0,0,0
2025-11-07,Social Feed,Family Pantry Retention Initiative,Metro Region Loyalty Cohort,15908997,Family Planners Lookalike Segment,1665761135741679,Shelf Story Warm Voice,2616618213121749,Brand Awareness,0.0000,0,0,0,0,0,0,0,0,0,0,0,0,0,0,0,0,0,0.0000,0,0,0,0,0
2025-11-08,Social Feed,Family Pantry Retention Initiative,Metro Region Conversion Cohort,15908997,Family Planners Lookalike Segment,3017606229260592,Shelf Story Value Voice,5691206288583839,Catalog Engagement,0.0000,0,0,0,0,0,0,0,0,0,0,0,0,0,0,0,0,0,0.0000,0,0,0,0,0
2025-11-09,Influencer Network,Weekend Saver Retention Initiative,Metro Region Loyalty Cohort,15908997,Family Planners Lookalike Segment,7248228093339312,Price Drop Cut Value Voice,9781212069592701,Brand Awareness,0.0000,0,0,0,0,0,0,0,0,0,0,0,0,0,0,0,0,0,0.0000,0,0,0,0,0
2025-11-10,Retail Media Network,Family Pantry Retention Initiative,Metro Region Conversion Cohort,15908997,Weekend Deal Hunters Interest Segment,6202516839870495,Shelf Story Value Voice,1077582730962642,Catalog Engagement,0.0000,0,0,0,0,0,0,0,0,0,0,0,0,0,0,0,0,0,0.0000,0,0,0,0,0
2025-11-11,Display Network,Family Pantry Retention Initiative,Metro Region Loyalty Cohort,15908997,Family Planners Lookalike Segment,1665761135741679,Shelf Story Bold Voice,1220357368781053,Brand Awareness,0.0000,0,0,0,0,0,0,0,0,0,0,0,0,0,0,0,0,0,0.0000,0,0,0,0,0
2025-11-12,Social Feed,Seasonal Select Promo Initiative,Metro Region Loyalty Cohort,15908997,Family Planners Lookalike Segment,1718074286658736,Shelf Story Bold Voice,4278310985669178,Brand Awareness,181.7060,54828,0,45095,89,100,100,100,100,580,615,0,0,2,0,132,0,304,0.5545,4,8,0,60519,0
2025-11-13,Shopping Grid,Weekend Saver Retention Initiative,Metro Region Loyalty Cohort,15908997,Health Conscious Buyers Retention Segment,4136110625615180,Shelf Story Warm Voice,1781261912151237,Brand Awareness,0.0000,0,0,0,0,0,0,0,0,0,0,0,0,0,0,0,0,0,0.0000,0,0,0,0,0
2025-11-14,Shopping Grid,Family Pantry Retention Initiative,Metro Region Loyalty Cohort,15908997,Health Conscious Buyers Retention Segment,1669733702699813,Shelf Story Warm Voice,6197978194612129,Brand Awareness,0.0000,0,0,0,0,0,0,0,0,0,0,0,0,0,0,0,0,0,0.0000,0,0,0,0,0
2025-11-15,Social Feed,Family Pantry Retention Initiative,Metro Region Loyalty Cohort,15908997,Health Conscious Buyers Interest Segment,1474840462607869,Shelf Story Warm Voice,4340134105081797,Brand Awareness,0.0000,0,0,0,0,0,0,0,0,0,0,0,0,0,0,0,0,0,0.0000,0,0,0,0,0
2025-11-16,Video Network,Seasonal Select Promo Initiative,Metro Region Loyalty Cohort,15908997,Health Conscious Buyers Interest Segment,1532426936569806,Offer Spotlight Value Voice,2894551765052346,Brand Awareness,68.6939,20281,0,24033,44,100,100,100,100,541,512,0,0,0,0,32,0,119,0.5868,0,3,0,22737,0
2025-11-17,Affiliate Network,Seasonal Select Promo Initiative,Metro Region Loyalty Cohort,15908997,Health Conscious Buyers Interest Segment,1532426936569806,Offer Spotlight Bold Voice,4433422745438620,Brand Awareness,122.2301,25656,0,23207,41,100,100,100,100,255,256,0,0,0,0,25,0,82,0.3196,0,0,0,23974,0
2025-11-18,Discovery Network,Family Pantry Retention Initiative,Metro Region Loyalty Cohort,15908997,Health Conscious Buyers Retention Segment,1669733702699813,Promo Banner Friendly Voice,1414897562821209,Brand Awareness,0.0000,0,0,0,0,0,0,0,0,0,0,0,0,0,0,0,0,0,0.0000,0,0,0,0,0
2025-11-19,Discovery Network,Family Pantry Retention Initiative,Metro Region Loyalty Cohort,15908997,Health Conscious Buyers Retention Segment,4976789753470273,Shelf Story Warm Voice,1220076337258804,Brand Awareness,0.0000,0,0,0,0,0,0,0,0,0,0,0,0,0,0,0,0,0,0.0000,0,0,0,0,0
2025-11-20,Influencer Network,Weekend Saver Retention Initiative,Metro Region Loyalty Cohort,15908997,Family Planners Lookalike Segment,7248228093339312,Shelf Story Warm Voice,6451368560487732,Brand Awareness,0.0000,0,0,0,0,0,0,0,0,0,0,0,0,0,0,0,0,0,0.0000,0,0,0,0,0
2025-11-21,Social Feed,Weekend Saver Retention Initiative,Metro Region Loyalty Cohort,15908997,Health Conscious Buyers Interest Segment,1334393532567969,Shelf Story Bold Voice,7232280368739505,Brand Awareness,0.0000,0,0,0,0,0,0,0,0,0,0,0,0,0,0,0,0,0,0.0000,0,0,0,0,0
2025-11-22,Affiliate Network,Seasonal Select Promo Initiative,Metro Region Loyalty Cohort,15908997,Health Conscious Buyers Retention Segment,3613956286158588,Shelf Story Warm Voice,2259713911990191,Brand Awareness,109.2357,24583,0,29498,71,100,100,100,100,782,400,0,0,0,0,55,0,226,0.9193,3,5,0,33698,0
2025-11-23,Video Network,Family Pantry Retention Initiative,Metro Region Loyalty Cohort,15908997,Health Conscious Buyers Retention Segment,4976789753470273,Shelf Story Warm Voice,4041974945367907,Brand Awareness,0.0000,0,0,0,0,0,0,0,0,0,0,0,0,0,0,0,0,0,0.0000,0,0,0,0,0
2025-11-24,Affiliate Network,Family Pantry Retention Initiative,Metro Region Loyalty Cohort,15908997,Health Conscious Buyers Retention Segment,1669733702699813,Collection Showcase Warm Voice,1788908453907262,Brand Awareness,0.0000,0,0,0,0,0,0,0,0,0,0,0,0,0,0,0,0,0,0.0000,0,0,0,0,0
2025-11-25,Shopping Grid,Seasonal Select Promo Initiative,Metro Region Loyalty Cohort,15908997,Health Conscious Buyers Retention Segment,3613956286158588,Shelf Story Bold Voice,1755467445485119,Brand Awareness,117.2316,40659,0,30499,66,100,100,100,100,449,583,0,0,0,0,45,0,108,0.2656,0,0,0,24888,0
2025-11-26,Display Network,Weekend Saver Retention Initiative,Metro Region Loyalty Cohort,15908997,Health Conscious Buyers Interest Segment,1334393532567969,Shelf Story Warm Voice,2520693897922300,Brand Awareness,0.0000,0,0,0,0,0,0,0,0,0,0,0,0,0,0,0,0,0,0.0000,0,0,0,0,0
2025-11-27,Shopping Grid,Family Pantry Retention Initiative,Metro Region Loyalty Cohort,15908997,Family Planners Lookalike Segment,1002710949555221,Shelf Story Warm Voice,1655044419034925,Brand Awareness,0.0000,0,0,0,0,0,0,0,0,0,0,0,0,0,0,0,0,0,0.0000,0,0,0,0,0
2025-11-28,Social Feed,Family Pantry Retention Initiative,Metro Region Loyalty Cohort,15908997,Family Planners Lookalike Segment,1665761135741679,Shelf Story Value Voice,5225143865411760,Brand Awareness,0.0000,0,0,0,0,0,0,0,0,0,0,0,0,0,0,0,0,0,0.0000,0,0,0,0,0
2025-11-29,Affiliate Network,Family Pantry Retention Initiative,Metro Region Loyalty Cohort,15908997,Family Planners Lookalike Segment,1665761135741679,Shelf Story Warm Voice,2902136042807068,Brand Awareness,0.0000,0,0,0,0,0,0,0,0,0,0,0,0,0,0,0,0,0,0.0000,0,0,0,0,0
2025-11-30,Video Network,Family Pantry Retention Initiative,Metro Region Loyalty Cohort,15908997,Family Planners Lookalike Segment,1002710949555221,Shelf Story Warm Voice,5797898098365146,Brand Awareness,0.0000,0,0,0,0,0,0,0,0,0,0,0,0,0,0,0,0,0,0.0000,0,0,0,0,0
2025-11-01,Retail Media Network,Weekend Saver Retention Initiative,Metro Region Loyalty Cohort,15908997,Family Planners Lookalike Segment,7248228093339312,Price Drop Cut Value Voice,9318406623487279,Brand Awareness,0.0000,0,0,0,0,0,0,0,0,0,0,0,0,0,0,0,0,0,0.0000,0,0,0,0,0
2025-11-02,Video Network,Family Pantry Retention Initiative,Metro Region Loyalty Cohort,15908997,Health Conscious Buyers Interest Segment,1474840462607869,Shelf Story Warm Voice,5682500646683685,Brand Awareness,0.0000,0,0,0,0,0,0,0,0,0,0,0,0,0,0,0,0,0,0.0000,0,0,0,0,0
2025-11-03,Marketplace Feed,Family Pantry Retention Initiative,Metro Region Conversion Cohort,15908997,Bulk Buyers Retention Segment,1096889057602193,Offer Spotlight Friendly Voice,5703717592430862,Catalog Engagement,0.0000,0,0,0,0,0,0,0,0,0,0,0,0,0,0,0,0,0,0.0000,0,0,0,0,0
2025-11-04,Search Network,Family Pantry Retention Initiative,Metro Region Loyalty Cohort,15908997,Family Planners Lookalike Segment,1665761135741679,Shelf Story Warm Voice,1280290142112652,Brand Awareness,0.0000,0,0,0,0,0,0,0,0,0,0,0,0,0,0,0,0,0,0.0000,0,0,0,0,0
2025-11-05,Display Network,Weekend Saver Retention Initiative,Metro Region Loyalty Cohort,15908997,Health Conscious Buyers Retention Segment,4136110625615180,Shelf Story Bold Voice,5160906508093401,Brand Awareness,0.0000,0,0,0,0,0,0,0,0,0,0,0,0,0,0,0,0,0,0.0000,0,0,0,0,0
2025-11-06,Search Network,Seasonal Select Promo Initiative,Metro Region Loyalty Cohort,15908997,Health Conscious Buyers Retention Segment,3613956286158588,Promo Banner Warm Voice,3456261421148856,Brand Awareness,106.4213,27489,0,28506,56,100,100,100,100,958,632,0,0,0,0,43,0,202,0.7348,0,2,0,33735,0
2025-11-07,Retail Media Network,Weekend Saver Retention Initiative,Metro Region Loyalty Cohort,15908997,Health Conscious Buyers Retention Segment,4136110625615180,Offer Spotlight Bold Voice,3833443174798849,Brand Awareness,0.0000,0,0,0,0,0,0,0,0,0,0,0,0,0,0,0,0,0,0.0000,0,0,0,0,0
2025-11-08,Discovery Network,Family Pantry Retention Initiative,Metro Region Loyalty Cohort,15908997,Health Conscious Buyers Interest Segment,1474840462607869,Offer Spotlight Bold Voice,3530423296641236,Brand Awareness,0.0000,0,0,0,0,0,0,0,0,0,0,0,0,0,0,0,0,0,0.0000,0,0,0,0,0
2025-11-09,Influencer Network,Family Pantry Retention Initiative,Metro Region Loyalty Cohort,86057605,Family Planners Lookalike Segment,1541980607257120,Shelf Story Warm Voice,1227821280716912,Brand Awareness,0.0000,0,0,0,0,0,0,0,0,0,0,0,0,0,0,0,0,0,0.0000,0,0,0,0,0
2025-11-10,Affiliate Network,Weekend Saver Retention Initiative,Metro Region Loyalty Cohort,15908997,Health Conscious Buyers Interest Segment,1334393532567969,Shelf Story Bold Voice,8314765461987923,Brand Awareness,0.0000,0,0,0,0,0,0,0,0,0,0,0,0,0,0,0,0,0,0.0000,0,0,0,0,0
2025-11-11,Video Network,Weekend Saver Retention Initiative,Metro Region Loyalty Cohort,15908997,Health Conscious Buyers Interest Segment,1334393532567969,Offer Spotlight Bold Voice,3220054077294586,Brand Awareness,0.0000,0,0,0,0,0,0,0,0,0,0,0,0,0,0,0,0,0,0.0000,0,0,0,0,0
2025-11-12,Affiliate Network,Weekend Saver Retention Initiative,Metro Region Loyalty Cohort,15908997,Family Planners Lookalike Segment,7248228093339312,Shelf Story Bold Voice,1269408759613688,Brand Awareness,0.0000,0,0,0,0,0,0,0,0,0,0,0,0,0,0,0,0,0,0.0000,0,0,0,0,0
2025-11-13,Affiliate Network,Family Pantry Retention Initiative,Metro Region Loyalty Cohort,15908997,Family Planners Lookalike Segment,1002710949555221,Shelf Story Warm Voice,1647332301297595,Brand Awareness,0.0000,0,0,0,0,0,0,0,0,0,0,0,0,0,0,0,0,0,0.0000,0,0,0,0,0
2025-11-14,In-App Display,Family Pantry Retention Initiative,Metro Region Loyalty Cohort,15908997,Health Conscious Buyers Interest Segment,9013382232369046,Promo Banner Friendly Voice,1538508227020088,Brand Awareness,0.0000,0,0,0,0,0,0,0,0,0,0,0,0,0,0,0,0,0,0.0000,0,0,0,0,0
2025-11-15,Connected TV,Family Pantry Retention Initiative,Metro Region Loyalty Cohort,15908997,Family Planners Lookalike Segment,1665761135741679,Promo Banner Friendly Voice,1647756988327695,Brand Awareness,0.0000,0,0,0,0,0,0,0,0,0,0,0,0,0,0,0,0,0,0.0000,0,0,0,0,0
2025-11-16,Display Network,Family Pantry Retention Initiative,Metro Region Loyalty Cohort,15908997,Health Conscious Buyers Retention Segment,1669733702699813,Shelf Story Warm Voice,5602072675253918,Brand Awareness,0.0000,0,0,0,0,0,0,0,0,0,0,0,0,0,0,0,0,0,0.0000,0,0,0,0,0
2025-11-17,Influencer Network,Family Pantry Retention Initiative,Metro Region Loyalty Cohort,15908997,Family Planners Lookalike Segment,1665761135741679,Shelf Story Warm Voice,2793262031628184,Brand Awareness,0.0000,0,0,0,0,0,0,0,0,0,0,0,0,0,0,0,0,0,0.0000,0,0,0,0,0
2025-11-18,Marketplace Feed,Seasonal Select Promo Initiative,Metro Region Loyalty Cohort,15908997,Family Planners Lookalike Segment,1718074286658736,Shelf Story Warm Voice,1532291780998103,Brand Awareness,180.1678,39710,0,30023,110,100,100,100,100,786,894,0,0,0,0,115,0,193,0.4860,1,3,0,30873,0
2025-11-19,Shopping Grid,Seasonal Select Promo Initiative,Metro Region Loyalty Cohort,15908997,Family Planners Lookalike Segment,1718074286658736,Shelf Story Warm Voice,1533493773187614,Brand Awareness,216.7618,44935,0,36397,182,100,100,100,100,851,521,0,0,0,0,87,0,327,0.7277,0,3,0,31988,0
2025-11-20,Discovery Network,Family Pantry Retention Initiative,Metro Region Loyalty Cohort,15908997,Health Conscious Buyers Interest Segment,9013382232369046,Shelf Story Warm Voice,3768518651506601,Brand Awareness,0.0000,0,0,0,0,0,0,0,0,0,0,0,0,0,0,0,0,0,0.0000,0,0,0,0,0
2025-11-21,Social Feed,Seasonal Select Promo Initiative,Metro Region Loyalty Cohort,15908997,Health Conscious Buyers Retention Segment,3613956286158588,Offer Spotlight Bold Voice,4607696881668990,Brand Awareness,59.4760,12951,0,10709,35,60,100,100,88,184,219,0,0,0,0,10,0,33,0.2548,0,0,0,17328,0
2025-11-22,Connected TV,Family Pantry Retention Initiative,Metro Region Loyalty Cohort,15908997,Health Conscious Buyers Retention Segment,1669733702699813,Shelf Story Bold Voice,4391005331160720,Brand Awareness,0.0000,0,0,0,0,0,0,0,0,0,0,0,0,0,0,0,0,0,0.0000,0,0,0,0,0
2025-11-23,Shopping Grid,Weekend Saver Retention Initiative,Metro Region Loyalty Cohort,15908997,Health Conscious Buyers Retention Segment,4136110625615180,Shelf Story Bold Voice,1238862856159509,Brand Awareness,0.0000,0,0,0,0,0,0,0,0,0,0,0,0,0,0,0,0,0,0.0000,0,0,0,0,0
2025-11-24,In-App Display,Weekend Saver Retention Initiative,Metro Region Loyalty Cohort,15908997,Health Conscious Buyers Interest Segment,1334393532567969,Price Drop Cut Value Voice,1109002298095593,Brand Awareness,0.0000,0,0,0,0,0,0,0,0,0,0,0,0,0,0,0,0,0,0.0000,0,0,0,0,0
2025-11-25,In-App Display,Family Pantry Retention Initiative,Metro Region Loyalty Cohort,15908997,Health Conscious Buyers Retention Segment,1669733702699813,Shelf Story Value Voice,1365467474223726,Brand Awareness,0.0000,0,0,0,0,0,0,0,0,0,0,0,0,0,0,0,0,0,0.0000,0,0,0,0,0
2025-11-26,Shopping Grid,Family Pantry Retention Initiative,Metro Region Loyalty Cohort,15908997,Health Conscious Buyers Retention Segment,1669733702699813,Shelf Story Warm Voice,1837904232519606,Brand Awareness,0.0000,0,0,0,0,0,0,0,0,0,0,0,0,0,0,0,0,0,0.0000,0,0,0,0,0
2025-11-27,Social Feed,Weekend Saver Retention Initiative,Metro Region Loyalty Cohort,15908997,Family Planners Lookalike Segment,7248228093339312,Shelf Story Warm Voice,1150526236199258,Brand Awareness,0.0000,0,0,0,0,0,0,0,0,0,0,0,0,0,0,0,0,0,0.0000,0,0,0,0,0
2025-11-28,In-App Display,Family Pantry Retention Initiative,Metro Region Loyalty Cohort,15908997,Health Conscious Buyers Interest Segment,9013382232369046,Shelf Story Warm Voice,5257839822274418,Brand Awareness,0.0000,0,0,0,0,0,0,0,0,0,0,0,0,0,0,0,0,0,0.0000,0,0,0,0,0
2025-11-29,Search Network,Weekend Saver Retention Initiative,Metro Region Loyalty Cohort,15908997,Health Conscious Buyers Interest Segment,1334393532567969,Price Drop Cut Value Voice,2051943278335934,Brand Awareness,0.0000,0,0,0,0,0,0,0,0,0,0,0,0,0,0,0,0,0,0.0000,0,0,0,0,0
2025-11-30,Retail Media Network,Family Pantry Retention Initiative,Metro Region Loyalty Cohort,15908997,Health Conscious Buyers Retention Segment,1669733702699813,Promo Banner Friendly Voice,4647140982681565,Brand Awareness,0.0000,0,0,0,0,0,0,0,0,0,0,0,0,0,0,0,0,0,0.0000,0,0,0,0,0
2025-11-01,Connected TV,Seasonal Select Promo Initiative,Metro Region Loyalty Cohort,15908997,Family Planners Lookalike Segment,1718074286658736,Offer Spotlight Bold Voice,1638167476571035,Brand Awareness,106.6522,16276,0,16886,55,83,100,100,100,240,227,0,0,0,0,46,0,108,0.6636,0,1,0,34756,0
2025-11-02,Discovery Network,Family Pantry Retention Initiative,Metro Region Loyalty Cohort,15908997,Health Conscious Buyers Retention Segment,4976789753470273,Shelf Story Warm Voice,5506678816268127,Brand Awareness,0.0000,0,0,0,0,0,0,0,0,0,0,0,0,0,0,0,0,0,0.0000,0,0,0,0,0
2025-11-03,Display Network,Weekend Saver Retention Initiative,Metro Region Loyalty Cohort,15908997,Health Conscious Buyers Retention Segment,4136110625615180,Price Drop Cut Value Voice,1316048837324374,Brand Awareness,0.0000,0,0,0,0,0,0,0,0,0,0,0,0,0,0,0,0,0,0.0000,0,0,0,0,0
2025-11-04,Affiliate Network,Weekend Saver Retention Initiative,Metro Region Loyalty Cohort,15908997,Health Conscious Buyers Interest Segment,1334393532567969,Shelf Story Warm Voice,8045514033882153,Brand Awareness,0.0000,0,0,0,0,0,0,0,0,0,0,0,0,0,0,0,0,0,0.0000,0,0,0,0,0
2025-11-05,In-App Display,Weekend Saver Retention Initiative,Metro Region Loyalty Cohort,15908997,Health Conscious Buyers Retention Segment,4136110625615180,Shelf Story Warm Voice,5443423299390877,Brand Awareness,0.0000,0,0,0,0,0,0,0,0,0,0,0,0,0,0,0,0,0,0.0000,0,0,0,0,0
2025-11-06,Video Network,Seasonal Select Promo Initiative,Metro Region Loyalty Cohort,15908997,Health Conscious Buyers Interest Segment,1532426936569806,Shelf Story Warm Voice,9953353036347574,Brand Awareness,295.5295,52337,0,67024,167,100,100,100,100,1216,676,0,0,0,0,72,0,228,0.4356,0,1,0,61708,0
2025-11-07,Affiliate Network,Family Pantry Retention Initiative,Metro Region Loyalty Cohort,15908997,Family Planners Lookalike Segment,1665761135741679,Price Drop Cut Value Voice,1192366617925175,Brand Awareness,0.0000,0,0,0,0,0,0,0,0,0,0,0,0,0,0,0,0,0,0.0000,0,0,0,0,0
2025-11-08,Search Network,Seasonal Select Promo Initiative,Metro Region Loyalty Cohort,15908997,Health Conscious Buyers Retention Segment,3613956286158588,Offer Spotlight Value Voice,9011752711561329,Brand Awareness,84.7941,17011,0,14275,48,100,100,100,100,342,200,0,0,0,0,31,0,84,0.4938,0,3,0,14608,0
2025-11-09,Display Network,Family Pantry Retention Initiative,Metro Region Loyalty Cohort,15908997,Health Conscious Buyers Interest Segment,9013382232369046,Shelf Story Warm Voice,1641518074556035,Brand Awareness,0.0000,0,0,0,0,0,0,0,0,0,0,0,0,0,0,0,0,0,0.0000,0,0,0,0,0
2025-11-10,Marketplace Feed,Weekend Saver Retention Initiative,Metro Region Loyalty Cohort,15908997,Family Planners Lookalike Segment,7248228093339312,Offer Spotlight Bold Voice,1757288035719114,Brand Awareness,0.0000,0,0,0,0,0,0,0,0,0,0,0,0,0,0,0,0,0,0.0000,0,0,0,0,0
2025-11-11,Search Network,Family Pantry Retention Initiative,Metro Region Loyalty Cohort,15908997,Family Planners Lookalike Segment,1002710949555221,Shelf Story Warm Voice,3185083078735744,Brand Awareness,0.0000,0,0,0,0,0,0,0,0,0,0,0,0,0,0,0,0,0,0.0000,0,0,0,0,0
2025-11-12,Influencer Network,Family Pantry Retention Initiative,Metro Region Loyalty Cohort,15908997,Family Planners Lookalike Segment,1665761135741679,Shelf Story Warm Voice,6549680554582288,Brand Awareness,0.0000,0,0,0,0,0,0,0,0,0,0,0,0,0,0,0,0,0,0.0000,0,0,0,0,0
2025-11-13,Display Network,Family Pantry Retention Initiative,Metro Region Loyalty Cohort,15908997,Health Conscious Buyers Interest Segment,9013382232369046,Shelf Story Value Voice,1103993184708534,Brand Awareness,0.0000,0,0,0,0,0,0,0,0,0,0,0,0,0,0,0,0,0,0.0000,0,0,0,0,0
2025-11-14,Display Network,Weekend Saver Retention Initiative,Metro Region Loyalty Cohort,15908997,Family Planners Lookalike Segment,7248228093339312,Shelf Story Bold Voice,3411200546175283,Brand Awareness,0.0000,0,0,0,0,0,0,0,0,0,0,0,0,0,0,0,0,0,0.0000,0,0,0,0,0
2025-11-15,In-App Display,Seasonal Select Promo Initiative,Metro Region Loyalty Cohort,15908997,Health Conscious Buyers Interest Segment,1532426936569806,Shelf Story Warm Voice,7193200529405455,Brand Awareness,201.8100,67964,0,43408,133,100,100,100,100,896,510,0,0,0,0,32,0,323,0.4753,2,8,0,50632,0
2025-11-16,Connected TV,Seasonal Select Demand Initiative,Metro Region Conversion Cohort,15908997,Bulk Buyers Retention Segment,1061064502710542,Offer Spotlight Bold Voice,1741856265266256,Catalog Engagement,0.0000,0,0,0,0,0,0,0,0,0,0,0,0,0,0,0,0,0,0.0000,0,0,0,0,0
2025-11-17,Shopping Grid,Family Pantry Retention Initiative,Metro Region Loyalty Cohort,15908997,Family Planners Lookalike Segment,1665761135741679,Collection Showcase Warm Voice,5654112849815777,Brand Awareness,0.0000,0,0,0,0,0,0,0,0,0,0,0,0,0,0,0,0,0,0.0000,0,0,0,0,0
2025-11-18,Affiliate Network,Family Pantry Retention Initiative,Metro Region Loyalty Cohort,15908997,Health Conscious Buyers Interest Segment,9013382232369046,Shelf Story Warm Voice,1099249066640891,Brand Awareness,0.0000,0,0,0,0,0,0,0,0,0,0,0,0,0,0,0,0,0,0.0000,0,0,0,0,0
2025-11-19,Marketplace Feed,Family Pantry Retention Initiative,Metro Region Loyalty Cohort,15908997,Health Conscious Buyers Interest Segment,9013382232369046,Shelf Story Warm Voice,1177430610668804,Brand Awareness,0.0000,0,0,0,0,0,0,0,0,0,0,0,0,0,0,0,0,0,0.0000,0,0,0,0,0
2025-11-20,Display Network,Seasonal Select Promo Initiative,Metro Region Loyalty Cohort,15908997,Family Planners Lookalike Segment,1718074286658736,Promo Banner Warm Voice,1089449421739833,Brand Awareness,316.6794,32578,0,66105,218,100,100,100,100,1800,1171,0,0,0,0,296,0,399,1.2248,1,8,0,58586,0
2025-11-21,Video Network,Seasonal Select Promo Initiative,Metro Region Loyalty Cohort,15908997,Health Conscious Buyers Retention Segment,3613956286158588,Shelf Story Warm Voice,9626373394400677,Brand Awareness,96.6836,17090,0,21392,50,100,100,100,100,461,316,0,0,0,0,16,0,59,0.3452,0,2,0,21801,0
2025-11-22,Marketplace Feed,Family Pantry Retention Initiative,Metro Region Loyalty Cohort,15908997,Health Conscious Buyers Retention Segment,1669733702699813,Shelf Story Warm Voice,1173063753252113,Brand Awareness,0.0000,0,0,0,0,0,0,0,0,0,0,0,0,0,0,0,0,0,0.0000,0,0,0,0,0
2025-11-23,Display Network,Family Pantry Retention Initiative,Metro Region Loyalty Cohort,15908997,Health Conscious Buyers Interest Segment,1474840462607869,Shelf Story Warm Voice,9110304031000052,Brand Awareness,0.0000,0,0,0,0,0,0,0,0,0,0,0,0,0,0,0,0,0,0.0000,0,0,0,0,0
2025-11-24,Display Network,Family Pantry Retention Initiative,Metro Region Loyalty Cohort,15908997,Health Conscious Buyers Retention Segment,1669733702699813,Price Drop Cut Value Voice,6906673719698824,Brand Awareness,0.0000,0,0,0,0,0,0,0,0,0,0,0,0,0,0,0,0,0,0.0000,0,0,0,0,0
2025-11-25,Social Feed,Family Pantry Retention Initiative,Metro Region Loyalty Cohort,15908997,Health Conscious Buyers Interest Segment,9013382232369046,Collection Showcase Warm Voice,3199746654625132,Brand Awareness,0.0000,0,0,0,0,0,0,0,0,0,0,0,0,0,0,0,0,0,0.0000,0,0,0,0,0
2025-11-26,Retail Media Network,Family Pantry Retention Initiative,Metro Region Loyalty Cohort,15908997,Health Conscious Buyers Retention Segment,4976789753470273,Offer Spotlight Bold Voice,1582932391745882,Brand Awareness,0.0000,0,0,0,0,0,0,0,0,0,0,0,0,0,0,0,0,0,0.0000,0,0,0,0,0
2025-11-27,Influencer Network,Seasonal Select Promo Initiative,Metro Region Loyalty Cohort,15908997,Health Conscious Buyers Interest Segment,1532426936569806,Promo Banner Warm Voice,5732401046815275,Brand Awareness,223.0540,57224,0,43043,126,100,100,100,100,1574,932,0,0,0,0,147,0,253,0.4421,0,5,0,42243,0
2025-11-28,Connected TV,Family Pantry Retention Initiative,Metro Region Loyalty Cohort,15908997,Health Conscious Buyers Interest Segment,1474840462607869,Shelf Story Warm Voice,8486205212439809,Brand Awareness,0.0000,0,0,0,0,0,0,0,0,0,0,0,0,0,0,0,0,0,0.0000,0,0,0,0,0
2025-11-29,Shopping Grid,Seasonal Select Promo Initiative,Metro Region Loyalty Cohort,15908997,Health Conscious Buyers Interest Segment,1532426936569806,Shelf Story Bold Voice,1082336609132049,Brand Awareness,147.7903,61648,0,66715,68,100,100,100,100,660,851,0,0,0,0,94,0,161,0.2612,1,10,0,36695,0
2025-11-30,Affiliate Network,Family Pantry Retention Initiative,Metro Region Loyalty Cohort,15908997,Health Conscious Buyers Retention Segment,1669733702699813,Shelf Story Warm Voice,4211876559793011,Brand Awareness,0.0000,0,0,0,0,0,0,0,0,0,0,0,0,0,0,0,0,0,0.0000,0,0,0,0,0
2025-11-01,Shopping Grid,Seasonal Select Promo Initiative,Metro Region Loyalty Cohort,15908997,Family Planners Lookalike Segment,1718074286658736,Offer Spotlight Value Voice,2074777970281390,Brand Awareness,121.8414,21936,0,21721,46,100,100,100,100,561,572,0,0,0,0,35,0,110,0.5015,0,4,0,29911,0
2025-11-02,Shopping Grid,Family Pantry Retention Initiative,Metro Region Loyalty Cohort,15908997,Family Planners Lookalike Segment,1002710949555221,Offer Spotlight Bold Voice,7401589860358191,Brand Awareness,0.0000,0,0,0,0,0,0,0,0,0,0,0,0,0,0,0,0,0,0.0000,0,0,0,0,0
2025-11-03,Display Network,Family Pantry Retention Initiative,Metro Region Loyalty Cohort,86057605,Family Planners Lookalike Segment,1389792323919646,Shelf Story Warm Voice,1559200281199121,Brand Awareness,0.0000,0,0,0,0,0,0,0,0,0,0,0,0,0,0,0,0,0,0.0000,0,0,0,0,0
2025-11-04,Search Network,Family Pantry Retention Initiative,Metro Region Loyalty Cohort,15908997,Family Planners Lookalike Segment,1665761135741679,Shelf Story Warm Voice,2616618213121749,Brand Awareness,0.0000,0,0,0,0,0,0,0,0,0,0,0,0,0,0,0,0,0,0.0000,0,0,0,0,0
2025-11-05,Affiliate Network,Family Pantry Retention Initiative,Metro Region Conversion Cohort,15908997,Weekend Deal Hunters Interest Segment,6202516839870495,Shelf Story Value Voice,1077582730962642,Catalog Engagement,0.0000,0,0,0,0,0,0,0,0,0,0,0,0,0,0,0,0,0,0.0000,0,0,0,0,0
2025-11-06,Social Feed,Family Pantry Retention Initiative,Metro Region Loyalty Cohort,15908997,Health Conscious Buyers Interest Segment,9013382232369046,Shelf Story Warm Voice,1099249066640891,Brand Awareness,0.0000,0,0,0,0,0,0,0,0,0,0,0,0,0,0,0,0,0,0.0000,0,0,0,0,0
2025-11-07,In-App Display,Family Pantry Retention Initiative,Metro Region Loyalty Cohort,15908997,Health Conscious Buyers Interest Segment,9013382232369046,Shelf Story Warm Voice,1177430610668804,Brand Awareness,0.0000,0,0,0,0,0,0,0,0,0,0,0,0,0,0,0,0,0,0.0000,0,0,0,0,0
2025-11-08,Retail Media Network,Family Pantry Retention Initiative,Metro Region Loyalty Cohort,15908997,Family Planners Lookalike Segment,1665761135741679,Collection Showcase Warm Voice,5654112849815777,Brand Awareness,0.0000,0,0,0,0,0,0,0,0,0,0,0,0,0,0,0,0,0,0.0000,0,0,0,0,0
2025-11-09,Marketplace Feed,Family Pantry Retention Initiative,Metro Region Loyalty Cohort,15908997,Health Conscious Buyers Interest Segment,1474840462607869,Shelf Story Warm Voice,9110304031000052,Brand Awareness,0.0000,0,0,0,0,0,0,0,0,0,0,0,0,0,0,0,0,0,0.0000,0,0,0,0,0
2025-11-10,Video Network,Family Pantry Retention Initiative,Metro Region Loyalty Cohort,15908997,Health Conscious Buyers Retention Segment,1669733702699813,Shelf Story Warm Voice,4211876559793011,Brand Awareness,0.0000,0,0,0,0,0,0,0,0,0,0,0,0,0,0,0,0,0,0.0000,0,0,0,0,0
2025-11-11,Marketplace Feed,Seasonal Select Promo Initiative,Metro Region Loyalty Cohort,15908997,Health Conscious Buyers Retention Segment,3613956286158588,Shelf Story Warm Voice,2259713911990191,Brand Awareness,139.8719,28991,0,39571,97,100,100,100,100,716,603,0,0,1,0,22,0,133,0.4588,0,9,0,22360,0
2025-11-12,Connected TV,Weekend Saver Retention Initiative,Metro Region Loyalty Cohort,15908997,Family Planners Lookalike Segment,7248228093339312,Shelf Story Warm Voice,6451368560487732,Brand Awareness,0.0000,0,0,0,0,0,0,0,0,0,0,0,0,0,0,0,0,0,0.0000,0,0,0,0,0
2025-11-13,Connected TV,Family Pantry Retention Initiative,Metro Region Loyalty Cohort,15908997,Health Conscious Buyers Retention Segment,1669733702699813,Shelf Story Warm Voice,1837904232519606,Brand Awareness,0.0000,0,0,0,0,0,0,0,0,0,0,0,0,0,0,0,0,0,0.0000,0,0,0,0,0
2025-11-14,Video Network,Family Pantry Retention Initiative,Metro Region Loyalty Cohort,15908997,Health Conscious Buyers Interest Segment,9013382232369046,Shelf Story Warm Voice,1641518074556035,Brand Awareness,0.0000,0,0,0,0,0,0,0,0,0,0,0,0,0,0,0,0,0,0.0000,0,0,0,0,0
2025-11-15,Connected TV,Seasonal Select Promo Initiative,Metro Region Loyalty Cohort,15908997,Health Conscious Buyers Interest Segment,1532426936569806,Offer Spotlight Value Voice,2894551765052346,Brand Awareness,96.4058,26783,0,25211,57,100,100,100,100,428,328,0,0,0,0,26,0,78,0.2912,0,4,0,18642,0
2025-11-16,Display Network,Family Pantry Retention Initiative,Metro Region Loyalty Cohort,15908997,Health Conscious Buyers Interest Segment,9013382232369046,Shelf Story Warm Voice,5257839822274418,Brand Awareness,0.0000,0,0,0,0,0,0,0,0,0,0,0,0,0,0,0,0,0,0.0000,0,0,0,0,0
2025-11-17,Shopping Grid,Weekend Saver Retention Initiative,Metro Region Loyalty Cohort,15908997,Health Conscious Buyers Interest Segment,1334393532567969,Shelf Story Warm Voice,2520693897922300,Brand Awareness,0.0000,0,0,0,0,0,0,0,0,0,0,0,0,0,0,0,0,0,0.0000,0,0,0,0,0
2025-11-18,Marketplace Feed,Family Pantry Retention Initiative,Metro Region Loyalty Cohort,15908997,Health Conscious Buyers Retention Segment,1669733702699813,Shelf Story Bold Voice,4391005331160720,Brand Awareness,0.0000,0,0,0,0,0,0,0,0,0,0,0,0,0,0,0,0,0,0.0000,0,0,0,0,0
2025-11-19,Retail Media Network,Family Pantry Retention Initiative,Metro Region Loyalty Cohort,15908997,Health Conscious Buyers Retention Segment,4976789753470273,Offer Spotlight Bold Voice,1582932391745882,Brand Awareness,0.0000,0,0,0,0,0,0,0,0,0,0,0,0,0,0,0,0,0,0.0000,0,0,0,0,0
2025-11-20,Video Network,Weekend Saver Retention Initiative,Metro Region Loyalty Cohort,15908997,Family Planners Lookalike Segment,7248228093339312,Shelf Story Warm Voice,1150526236199258,Brand Awareness,0.0000,0,0,0,0,0,0,0,0,0,0,0,0,0,0,0,0,0,0.0000,0,0,0,0,0
2025-11-21,Influencer Network,Family Pantry Retention Initiative,Metro Region Loyalty Cohort,15908997,Family Planners Lookalike Segment,1665761135741679,Shelf Story Value Voice,5225143865411760,Brand Awareness,0.0000,0,0,0,0,0,0,0,0,0,0,0,0,0,0,0,0,0,0.0000,0,0,0,0,0
2025-11-22,Influencer Network,Family Pantry Retention Initiative,Metro Region Loyalty Cohort,15908997,Family Planners Lookalike Segment,1002710949555221,Offer Spotlight Bold Voice,7401589860358191,Brand Awareness,0.0000,0,0,0,0,0,0,0,0,0,0,0,0,0,0,0,0,0,0.0000,0,0,0,0,0
2025-11-23,Shopping Grid,Weekend Saver Retention Initiative,Metro Region Loyalty Cohort,15908997,Family Planners Lookalike Segment,7248228093339312,Price Drop Cut Value Voice,9781212069592701,Brand Awareness,0.0000,0,0,0,0,0,0,0,0,0,0,0,0,0,0,0,0,0,0.0000,0,0,0,0,0
2025-11-24,Discovery Network,Weekend Saver Retention Initiative,Metro Region Loyalty Cohort,15908997,Health Conscious Buyers Retention Segment,4136110625615180,Price Drop Cut Value Voice,1316048837324374,Brand Awareness,0.0000,0,0,0,0,0,0,0,0,0,0,0,0,0,0,0,0,0,0.0000,0,0,0,0,0
2025-11-25,Retail Media Network,Family Pantry Retention Initiative,Metro Region Loyalty Cohort,15908997,Family Planners Lookalike Segment,1665761135741679,Shelf Story Warm Voice,1450951256520921,Brand Awareness,0.0000,0,0,0,0,0,0,0,0,0,0,0,0,0,0,0,0,0,0.0000,0,0,0,0,0
2025-11-26,Connected TV,Weekend Saver Retention Initiative,Metro Region Loyalty Cohort,15908997,Health Conscious Buyers Interest Segment,1334393532567969,Shelf Story Warm Voice,8045514033882153,Brand Awareness,0.0000,0,0,0,0,0,0,0,0,0,0,0,0,0,0,0,0,0,0.0000,0,0,0,0,0
2025-11-27,In-App Display,Family Pantry Retention Initiative,Metro Region Loyalty Cohort,15908997,Health Conscious Buyers Retention Segment,1669733702699813,Promo Banner Friendly Voice,4647140982681565,Brand Awareness,0.0000,0,0,0,0,0,0,0,0,0,0,0,0,0,0,0,0,0,0.0000,0,0,0,0,0
2025-11-28,Marketplace Feed,Weekend Saver Retention Initiative,Metro Region Loyalty Cohort,15908997,Health Conscious Buyers Retention Segment,4136110625615180,Shelf Story Bold Voice,1238862856159509,Brand Awareness,0.0000,0,0,0,0,0,0,0,0,0,0,0,0,0,0,0,0,0,0.0000,0,0,0,0,0
2025-11-29,Discovery Network,Family Pantry Retention Initiative,Metro Region Loyalty Cohort,15908997,Health Conscious Buyers Retention Segment,1669733702699813,Collection Showcase Warm Voice,1788908453907262,Brand Awareness,0.0000,0,0,0,0,0,0,0,0,0,0,0,0,0,0,0,0,0,0.0000,0,0,0,0,0
2025-11-30,Video Network,Family Pantry Retention Initiative,Metro Region Loyalty Cohort,15908997,Family Planners Lookalike Segment,1002710949555221,Shelf Story Warm Voice,3185083078735744,Brand Awareness,0.0000,0,0,0,0,0,0,0,0,0,0,0,0,0,0,0,0,0,0.0000,0,0,0,0,0
2025-11-01,Video Network,Family Pantry Retention Initiative,Metro Region Loyalty Cohort,15908997,Health Conscious Buyers Retention Segment,4976789753470273,Shelf Story Warm Voice,1212856722898025,Brand Awareness,0.0000,0,0,0,0,0,0,0,0,0,0,0,0,0,0,0,0,0,0.0000,0,0,0,0,0
2025-11-02,Search Network,Family Pantry Retention Initiative,Metro Region Loyalty Cohort,15908997,Health Conscious Buyers Retention Segment,1669733702699813,Shelf Story Warm Voice,2604915282803870,Brand Awareness,0.0000,0,0,0,0,0,0,0,0,0,0,0,0,0,0,0,0,0,0.0000,0,0,0,0,0
2025-11-03,Shopping Grid,Seasonal Select Promo Initiative,Metro Region Loyalty Cohort,15908997,Health Conscious Buyers Retention Segment,3613956286158588,Shelf Story Bold Voice,1755467445485119,Brand Awareness,84.0742,22717,0,18448,38,100,100,100,100,273,174,0,0,0,0,18,0,118,0.5194,4,2,0,23259,0
2025-11-04,Search Network,Weekend Saver Retention Initiative,Metro Region Loyalty Cohort,15908997,Family Planners Lookalike Segment,7248228093339312,Offer Spotlight Bold Voice,1757288035719114,Brand Awareness,0.0000,0,0,0,0,0,0,0,0,0,0,0,0,0,0,0,0,0,0.0000,0,0,0,0,0
2025-11-05,Shopping Grid,Family Pantry Retention Initiative,Metro Region Loyalty Cohort,15908997,Family Planners Lookalike Segment,1665761135741679,Shelf Story Warm Voice,2793262031628184,Brand Awareness,0.0000,0,0,0,0,0,0,0,0,0,0,0,0,0,0,0,0,0,0.0000,0,0,0,0,0
2025-11-06,Marketplace Feed,Family Pantry Retention Initiative,Metro Region Loyalty Cohort,15908997,Health Conscious Buyers Interest Segment,9013382232369046,Promo Banner Friendly Voice,1538508227020088,Brand Awareness,0.0000,0,0,0,0,0,0,0,0,0,0,0,0,0,0,0,0,0,0.0000,0,0,0,0,0
2025-11-07,Display Network,Family Pantry Retention Initiative,Metro Region Conversion Cohort,15908997,Bulk Buyers Retention Segment,1412316301536073,Offer Spotlight Friendly Voice,9097155454198752,Catalog Engagement,0.0000,0,0,0,0,0,0,0,0,0,0,0,0,0,0,0,0,0,0.0000,0,0,0,0,0
2025-11-08,In-App Display,Weekend Saver Retention Initiative,Metro Region Loyalty Cohort,15908997,Family Planners Lookalike Segment,7248228093339312,Shelf Story Bold Voice,3411200546175283,Brand Awareness,0.0000,0,0,0,0,0,0,0,0,0,0,0,0,0,0,0,0,0,0.0000,0,0,0,0,0
2025-11-09,Shopping Grid,Family Pantry Retention Initiative,Metro Region Loyalty Cohort,15908997,Family Planners Lookalike Segment,1665761135741679,Promo Banner Friendly Voice,1647756988327695,Brand Awareness,0.0000,0,0,0,0,0,0,0,0,0,0,0,0,0,0,0,0,0,0.0000,0,0,0,0,0
2025-11-10,Retail Media Network,Seasonal Select Promo Initiative,Metro Region Loyalty Cohort,15908997,Family Planners Lookalike Segment,1718074286658736,Promo Banner Warm Voice,1089449421739833,Brand Awareness,252.7810,55537,0,39703,112,100,100,100,100,1501,1973,0,0,0,0,360,0,261,0.4700,1,4,0,65154,0
2025-11-11,Discovery Network,Weekend Saver Retention Initiative,Metro Region Loyalty Cohort,15908997,Health Conscious Buyers Retention Segment,4136110625615180,Shelf Story Warm Voice,5443423299390877,Brand Awareness,0.0000,0,0,0,0,0,0,0,0,0,0,0,0,0,0,0,0,0,0.0000,0,0,0,0,0
2025-11-12,In-App Display,Seasonal Select Promo Initiative,Metro Region Loyalty Cohort,15908997,Health Conscious Buyers Retention Segment,3613956286158588,Offer Spotlight Value Voice,9011752711561329,Brand Awareness,77.6009,12809,0,22624,35,100,100,100,100,250,289,0,0,0,0,14,0,56,0.4372,0,0,0,18793,0
2025-11-13,Shopping Grid,Family Pantry Retention Initiative,Metro Region Loyalty Cohort,15908997,Health Conscious Buyers Interest Segment,9013382232369046,Shelf Story Warm Voice,3768518651506601,Brand Awareness,0.0000,0,0,0,0,0,0,0,0,0,0,0,0,0,0,0,0,0,0.0000,0,0,0,0,0
2025-11-14,Retail Media Network,Weekend Saver Retention Initiative,Metro Region Loyalty Cohort,15908997,Family Planners Lookalike Segment,7248228093339312,Shelf Story Bold Voice,1269408759613688,Brand Awareness,0.0000,0,0,0,0,0,0,0,0,0,0,0,0,0,0,0,0,0,0.0000,0,0,0,0,0
2025-11-15,Search Network,Family Pantry Retention Initiative,Metro Region Loyalty Cohort,15908997,Health Conscious Buyers Interest Segment,9013382232369046,Shelf Story Bold Voice,5904212741788775,Brand Awareness,0.0000,0,0,0,0,0,0,0,0,0,0,0,0,0,0,0,0,0,0.0000,0,0,0,0,0
2025-11-16,Marketplace Feed,Family Pantry Retention Initiative,Metro Region Loyalty Cohort,15908997,Health Conscious Buyers Interest Segment,9013382232369046,Price Drop Cut Value Voice,4186893344787278,Brand Awareness,0.0000,0,0,0,0,0,0,0,0,0,0,0,0,0,0,0,0,0,0.0000,0,0,0,0,0
2025-11-17,Search Network,Family Pantry Retention Initiative,Metro Region Loyalty Cohort,15908997,Health Conscious Buyers Interest Segment,1474840462607869,Shelf Story Warm Voice,5682500646683685,Brand Awareness,0.0000,0,0,0,0,0,0,0,0,0,0,0,0,0,0,0,0,0,0.0000,0,0,0,0,0
2025-11-18,Affiliate Network,Seasonal Select Promo Initiative,Metro Region Loyalty Cohort,15908997,Family Planners Lookalike Segment,1718074286658736,Shelf Story Bold Voice,4278310985669178,Brand Awareness,196.7871,44260,0,51173,105,100,100,100,100,832,583,0,0,0,0,155,0,261,0.5897,0,3,0,62259,0
2025-11-19,Discovery Network,Family Pantry Retention Initiative,Metro Region Loyalty Cohort,15908997,Family Planners Lookalike Segment,1665761135741679,Shelf Story Warm Voice,2902136042807068,Brand Awareness,0.0000,0,0,0,0,0,0,0,0,0,0,0,0,0,0,0,0,0,0.0000,0,0,0,0,0
2025-11-20,Search Network,Seasonal Select Promo Initiative,Metro Region Loyalty Cohort,15908997,Health Conscious Buyers Retention Segment,3613956286158588,Promo Banner Warm Voice,3456261421148856,Brand Awareness,126.6090,35337,0,33569,104,100,100,100,100,1087,905,0,0,1,0,59,0,156,0.4415,1,3,0,23096,0
2025-11-21,Influencer Network,Family Pantry Retention Initiative,Metro Region Loyalty Cohort,15908997,Health Conscious Buyers Interest Segment,1474840462607869,Shelf Story Warm Voice,4340134105081797,Brand Awareness,0.0000,0,0,0,0,0,0,0,0,0,0,0,0,0,0,0,0,0,0.0000,0,0,0,0,0
2025-11-22,Display Network,Weekend Saver Retention Initiative,Metro Region Loyalty Cohort,15908997,Health Conscious Buyers Retention Segment,4136110625615180,Shelf Story Warm Voice,1781261912151237,Brand Awareness,0.0000,0,0,0,0,0,0,0,0,0,0,0,0,0,0,0,0,0,0.0000,0,0,0,0,0
2025-11-23,In-App Display,Family Pantry Retention Initiative,Metro Region Loyalty Cohort,15908997,Health Conscious Buyers Interest Segment,9013382232369046,Promo Banner Friendly Voice,1255871739760170,Brand Awareness,0.0000,0,0,0,0,0,0,0,0,0,0,0,0,0,0,0,0,0,0.0000,0,0,0,0,0
2025-11-24,Influencer Network,Weekend Saver Retention Initiative,Metro Region Loyalty Cohort,15908997,Health Conscious Buyers Interest Segment,1334393532567969,Shelf Story Bold Voice,7232280368739505,Brand Awareness,0.0000,0,0,0,0,0,0,0,0,0,0,0,0,0,0,0,0,0,0.0000,0,0,0,0,0
2025-11-25,In-App Display,Seasonal Select Promo Initiative,Metro Region Loyalty Cohort,15908997,Health Conscious Buyers Interest Segment,1532426936569806,Offer Spotlight Bold Voice,4433422745438620,Brand Awareness,99.9098,30372,0,19311,61,100,100,100,100,269,215,0,0,0,0,22,0,96,0.3161,0,0,0,15320,0
2025-11-26,In-App Display,Family Pantry Retention Initiative,Metro Region Loyalty Cohort,15908997,Health Conscious Buyers Retention Segment,4976789753470273,Shelf Story Warm Voice,5506678816268127,Brand Awareness,0.0000,0,0,0,0,0,0,0,0,0,0,0,0,0,0,0,0,0,0.0000,0,0,0,0,0
2025-11-27,Affiliate Network,Family Pantry Retention Initiative,Metro Region Loyalty Cohort,15908997,Health Conscious Buyers Retention Segment,1669733702699813,Price Drop Cut Value Voice,6906673719698824,Brand Awareness,0.0000,0,0,0,0,0,0,0,0,0,0,0,0,0,0,0,0,0,0.0000,0,0,0,0,0
2025-11-28,Display Network,Weekend Saver Retention Initiative,Metro Region Loyalty Cohort,15908997,Health Conscious Buyers Interest Segment,1334393532567969,Price Drop Cut Value Voice,2051943278335934,Brand Awareness,0.0000,0,0,0,0,0,0,0,0,0,0,0,0,0,0,0,0,0,0.0000,0,0,0,0,0
2025-11-29,Retail Media Network,Seasonal Select Promo Initiative,Metro Region Loyalty Cohort,15908997,Health Conscious Buyers Interest Segment,1532426936569806,Promo Banner Warm Voice,5732401046815275,Brand Awareness,269.5484,48297,0,31798,131,100,100,100,100,1305,1774,0,0,0,0,87,0,221,0.4576,0,4,0,50662,0
2025-11-30,Display Network,Family Pantry Retention Initiative,Metro Region Loyalty Cohort,15908997,Health Conscious Buyers Retention Segment,1669733702699813,Shelf Story Value Voice,1365467474223726,Brand Awareness,0.0000,0,0,0,0,0,0,0,0,0,0,0,0,0,0,0,0,0,0.0000,0,0,0,0,0
2025-11-01,Social Feed,Family Pantry Retention Initiative,Metro Region Loyalty Cohort,15908997,Health Conscious Buyers Interest Segment,9013382232369046,Collection Showcase Warm Voice,3199746654625132,Brand Awareness,0.0000,0,0,0,0,0,0,0,0,0,0,0,0,0,0,0,0,0,0.0000,0,0,0,0,0
2025-11-02,Display Network,Family Pantry Retention Initiative,Metro Region Loyalty Cohort,15908997,Health Conscious Buyers Retention Segment,4976789753470273,Shelf Story Warm Voice,4041974945367907,Brand Awareness,0.0000,0,0,0,0,0,0,0,0,0,0,0,0,0,0,0,0,0,0.0000,0,0,0,0,0
2025-11-03,Display Network,Family Pantry Retention Initiative,Metro Region Loyalty Cohort,15908997,Health Conscious Buyers Retention Segment,1669733702699813,Shelf Story Warm Voice,1173063753252113,Brand Awareness,0.0000,0,0,0,0,0,0,0,0,0,0,0,0,0,0,0,0,0,0.0000,0,0,0,0,0
2025-11-04,Discovery Network,Family Pantry Retention Initiative,Metro Region Loyalty Cohort,15908997,Family Planners Lookalike Segment,1002710949555221,Shelf Story Warm Voice,5797898098365146,Brand Awareness,0.0000,0,0,0,0,0,0,0,0,0,0,0,0,0,0,0,0,0,0.0000,0,0,0,0,0
2025-11-05,Video Network,Seasonal Select Promo Initiative,Metro Region Loyalty Cohort,15908997,Family Planners Lookalike Segment,1718074286658736,Offer Spotlight Bold Voice,1638167476571035,Brand Awareness,116.2651,19585,0,22243,71,100,100,100,100,394,360,0,0,0,0,41,0,149,0.7608,0,1,0,32465,0
2025-11-06,Video Network,Family Pantry Retention Initiative,Metro Region Loyalty Cohort,15908997,Health Conscious Buyers Interest Segment,1474840462607869,Shelf Story Warm Voice,8486205212439809,Brand Awareness,0.0000,0,0,0,0,0,0,0,0,0,0,0,0,0,0,0,0,0,0.0000,0,0,0,0,0
2025-11-07,Influencer Network,Family Pantry Retention Initiative,Metro Region Loyalty Cohort,15908997,Family Planners Lookalike Segment,1665761135741679,Price Drop Cut Value Voice,1192366617925175,Brand Awareness,0.0000,0,0,0,0,0,0,0,0,0,0,0,0,0,0,0,0,0,0.0000,0,0,0,0,0
2025-11-08,Search Network,Family Pantry Retention Initiative,Metro Region Loyalty Cohort,15908997,Family Planners Lookalike Segment,1002710949555221,Shelf Story Warm Voice,1655044419034925,Brand Awareness,0.0000,0,0,0,0,0,0,0,0,0,0,0,0,0,0,0,0,0,0.0000,0,0,0,0,0
2025-11-09,Influencer Network,Weekend Saver Retention Initiative,Metro Region Loyalty Cohort,15908997,Family Planners Lookalike Segment,7248228093339312,Price Drop Cut Value Voice,9318406623487279,Brand Awareness,0.0000,0,0,0,0,0,0,0,0,0,0,0,0,0,0,0,0,0,0.0000,0,0,0,0,0
2025-11-10,In-App Display,Weekend Saver Retention Initiative,Metro Region Loyalty Cohort,15908997,Health Conscious Buyers Retention Segment,4136110625615180,Price Drop Cut Value Voice,1682844113945221,Brand Awareness,0.0000,0,0,0,0,0,0,0,0,0,0,0,0,0,0,0,0,0,0.0000,0,0,0,0,0
2025-11-11,Influencer Network,Family Pantry Retention Initiative,Metro Region Conversion Cohort,15908997,Bulk Buyers Retention Segment,1777717557426296,Shelf Story Value Voice,8084225603313437,Catalog Engagement,0.0000,0,0,0,0,0,0,0,0,0,0,0,0,0,0,0,0,0,0.0000,0,0,0,0,0
2025-11-12,Video Network,Weekend Saver Retention Initiative,Metro Region Loyalty Cohort,15908997,Health Conscious Buyers Retention Segment,4136110625615180,Shelf Story Bold Voice,5160906508093401,Brand Awareness,0.0000,0,0,0,0,0,0,0,0,0,0,0,0,0,0,0,0,0,0.0000,0,0,0,0,0
2025-11-13,Display Network,Family Pantry Retention Initiative,Metro Region Conversion Cohort,38881639,Family Planners Lookalike Segment,1010331617086390,Shelf Story Warm Voice,1022962676348579,Brand Awareness,0.0000,0,0,0,0,0,0,0,0,0,0,0,0,0,0,0,0,0,0.0000,0,0,0,0,0
2025-11-14,Display Network,Seasonal Select Promo Initiative,Metro Region Loyalty Cohort,15908997,Health Conscious Buyers Interest Segment,1532426936569806,Shelf Story Warm Voice,9953353036347574,Brand Awareness,252.2265,77177,0,54352,184,100,100,100,100,1153,1018,0,0,0,0,98,0,241,0.3123,0,7,0,52453,0
2025-11-15,In-App Display,Family Pantry Retention Initiative,Metro Region Loyalty Cohort,15908997,Health Conscious Buyers Retention Segment,1669733702699813,Shelf Story Warm Voice,5602072675253918,Brand Awareness,0.0000,0,0,0,0,0,0,0,0,0,0,0,0,0,0,0,0,0,0.0000,0,0,0,0,0
2025-11-16,Shopping Grid,Family Pantry Retention Initiative,Metro Region Loyalty Cohort,15908997,Family Planners Lookalike Segment,1665761135741679,Shelf Story Warm Voice,1280290142112652,Brand Awareness,0.0000,0,0,0,0,0,0,0,0,0,0,0,0,0,0,0,0,0,0.0000,0,0,0,0,0
2025-11-17,Affiliate Network,Family Pantry Retention Initiative,Metro Region Loyalty Cohort,86057605,Health Conscious Buyers Interest Segment,1317849022166581,Shelf Story Warm Voice,4835139745633214,Brand Awareness,0.0000,0,0,0,0,0,0,0,0,0,0,0,0,0,0,0,0,0,0.0000,0,0,0,0,0
2025-11-18,Affiliate Network,Seasonal Select Promo Initiative,Metro Region Loyalty Cohort,15908997,Health Conscious Buyers Retention Segment,3613956286158588,Offer Spotlight Bold Voice,4607696881668990,Brand Awareness,19.7837,10974,0,6403,19,31,100,65,37,78,55,0,0,0,0,8,0,20,0.1822,0,0,0,6117,0
2025-11-19,Marketplace Feed,Family Pantry Retention Initiative,Metro Region Loyalty Cohort,15908997,Health Conscious Buyers Interest Segment,9013382232369046,Shelf Story Warm Voice,8148838999548557,Brand Awareness,0.0000,0,0,0,0,0,0,0,0,0,0,0,0,0,0,0,0,0,0.0000,0,0,0,0,0
2025-11-20,Social Feed,Family Pantry Retention Initiative,Metro Region Loyalty Cohort,15908997,Health Conscious Buyers Interest Segment,1474840462607869,Offer Spotlight Bold Voice,3530423296641236,Brand Awareness,0.0000,0,0,0,0,0,0,0,0,0,0,0,0,0,0,0,0,0,0.0000,0,0,0,0,0
2025-11-21,Social Feed,Seasonal Select Promo Initiative,Metro Region Loyalty Cohort,15908997,Family Planners Lookalike Segment,1718074286658736,Offer Spotlight Value Voice,2074777970281390,Brand Awareness,116.9188,36935,0,29551,68,100,100,100,100,621,563,0,0,0,0,51,0,93,0.2518,0,3,0,32953,0
2025-11-22,Search Network,Weekend Saver Retention Initiative,Metro Region Loyalty Cohort,15908997,Health Conscious Buyers Retention Segment,4136110625615180,Offer Spotlight Bold Voice,3833443174798849,Brand Awareness,0.0000,0,0,0,0,0,0,0,0,0,0,0,0,0,0,0,0,0,0.0000,0,0,0,0,0
2025-11-23,Video Network,Family Pantry Retention Initiative,Metro Region Loyalty Cohort,15908997,Health Conscious Buyers Retention Segment,4976789753470273,Shelf Story Warm Voice,1220076337258804,Brand Awareness,0.0000,0,0,0,0,0,0,0,0,0,0,0,0,0,0,0,0,0,0.0000,0,0,0,0,0
2025-11-24,Display Network,Family Pantry Retention Initiative,Metro Region Loyalty Cohort,15908997,Health Conscious Buyers Retention Segment,1669733702699813,Promo Banner Friendly Voice,1414897562821209,Brand Awareness,0.0000,0,0,0,0,0,0,0,0,0,0,0,0,0,0,0,0,0,0.0000,0,0,0,0,0
2025-11-25,Discovery Network,Family Pantry Retention Initiative,Metro Region Loyalty Cohort,15908997,Family Planners Lookalike Segment,1002710949555221,Shelf Story Warm Voice,1647332301297595,Brand Awareness,0.0000,0,0,0,0,0,0,0,0,0,0,0,0,0,0,0,0,0,0.0000,0,0,0,0,0
2025-11-26,Retail Media Network,Family Pantry Retention Initiative,Metro Region Loyalty Cohort,15908997,Health Conscious Buyers Retention Segment,1669733702699813,Shelf Story Warm Voice,6197978194612129,Brand Awareness,0.0000,0,0,0,0,0,0,0,0,0,0,0,0,0,0,0,0,0,0.0000,0,0,0,0,0
2025-11-27,In-App Display,Seasonal Select Promo Initiative,Metro Region Loyalty Cohort,15908997,Health Conscious Buyers Interest Segment,1532426936569806,Shelf Story Bold Voice,1082336609132049,Brand Awareness,177.4602,41891,0,39420,71,100,100,100,100,761,573,0,0,0,0,27,0,147,0.3509,0,2,0,53333,0
2025-11-28,Shopping Grid,Weekend Saver Retention Initiative,Metro Region Loyalty Cohort,15908997,Health Conscious Buyers Interest Segment,1334393532567969,Shelf Story Bold Voice,8314765461987923,Brand Awareness,0.0000,0,0,0,0,0,0,0,0,0,0,0,0,0,0,0,0,0,0.0000,0,0,0,0,0
2025-11-29,Shopping Grid,Family Pantry Retention Initiative,Metro Region Loyalty Cohort,15908997,Family Planners Lookalike Segment,1665761135741679,Promo Banner Friendly Voice,6598720554447191,Brand Awareness,0.0000,0,0,0,0,0,0,0,0,0,0,0,0,0,0,0,0,0,0.0000,0,0,0,0,0
2025-11-30,Shopping Grid,Seasonal Select Promo Initiative,Metro Region Loyalty Cohort,15908997,Family Planners Lookalike Segment,1718074286658736,Shelf Story Warm Voice,1533493773187614,Brand Awareness,198.7657,69237,0,56028,189,100,100,100,100,1057,1089,0,0,0,0,100,0,275,0.3972,2,5,0,41557,0
2025-11-01,Display Network,Seasonal Select Promo Initiative,Metro Region Loyalty Cohort,15908997,Health Conscious Buyers Interest Segment,1532426936569806,Shelf Story Warm Voice,7193200529405455,Brand Awareness,133.7903,42988,0,63625,152,100,100,100,100,864,610,0,0,0,0,81,0,160,0.3722,0,2,0,48267,0
2025-11-02,Connected TV,Weekend Saver Retention Initiative,Metro Region Loyalty Cohort,15908997,Health Conscious Buyers Interest Segment,1334393532567969,Offer Spotlight Bold Voice,3220054077294586,Brand Awareness,0.0000,0,0,0,0,0,0,0,0,0,0,0,0,0,0,0,0,0,0.0000,0,0,0,0,0
2025-11-03,Affiliate Network,Family Pantry Retention Initiative,Metro Region Loyalty Cohort,15908997,Health Conscious Buyers Interest Segment,9013382232369046,Shelf Story Value Voice,1103993184708534,Brand Awareness,0.0000,0,0,0,0,0,0,0,0,0,0,0,0,0,0,0,0,0,0.0000,0,0,0,0,0
2025-11-04,Shopping Grid,Family Pantry Retention Initiative,Metro Region Loyalty Cohort,15908997,Family Planners Lookalike Segment,1665761135741679,Shelf Story Warm Voice,6549680554582288,Brand Awareness,0.0000,0,0,0,0,0,0,0,0,0,0,0,0,0,0,0,0,0,0.0000,0,0,0,0,0
2025-11-05,Shopping Grid,Family Pantry Retention Initiative,Metro Region Conversion Cohort,15908997,Bulk Buyers Retention Segment,1096889057602193,Offer Spotlight Friendly Voice,5703717592430862,Catalog Engagement,0.0000,0,0,0,0,0,0,0,0,0,0,0,0,0,0,0,0,0,0.0000,0,0,0,0,0
2025-11-06,In-App Display,Weekend Saver Retention Initiative,Metro Region Loyalty Cohort,15908997,Health Conscious Buyers Interest Segment,1334393532567969,Price Drop Cut Value Voice,1109002298095593,Brand Awareness,0.0000,0,0,0,0,0,0,0,0,0,0,0,0,0,0,0,0,0,0.0000,0,0,0,0,0
2025-11-07,In-App Display,Seasonal Select Promo Initiative,Metro Region Loyalty Cohort,15908997,Family Planners Lookalike Segment,1718074286658736,Shelf Story Warm Voice,1532291780998103,Brand Awareness,188.0850,50924,0,33739,117,100,100,100,100,1016,1034,0,0,0,0,106,0,174,0.3417,0,3,0,42094,0
2025-11-08,Search Network,Seasonal Select Promo Initiative,Metro Region Loyalty Cohort,15908997,Health Conscious Buyers Retention Segment,3613956286158588,Shelf Story Warm Voice,9626373394400677,Brand Awareness,65.8281,27619,0,30563,55,100,100,100,100,512,412,0,0,0,0,24,0,100,0.3621,0,2,0,25051,0
2025-11-09,Video Network,Family Pantry Retention Initiative,Metro Region Loyalty Cohort,15908997,Family Planners Lookalike Segment,1665761135741679,Shelf Story Bold Voice,1220357368781053,Brand Awareness,0.0000,0,0,0,0,0,0,0,0,0,0,0,0,0,0,0,0,0,0.0000,0,0,0,0,0
2025-11-10,Affiliate Network,Weekend Saver Retention Initiative,Metro Region Loyalty Cohort,15908997,Family Planners Lookalike Segment,7248228093339312,Shelf Story Bold Voice,1269408759613688,Brand Awareness,207.2278,43905,0,42448,60,92,100,100,100,362,350,0,0,0,0,39,0,126,0.2870,0,2,0,55416,0
2025-11-11,Display Network,Family Pantry Retention Initiative,Metro Region Loyalty Cohort,15908997,Health Conscious Buyers Interest Segment,9013382232369046,Shelf Story Bold Voice,5904212741788775,Brand Awareness,46.0095,7376,0,7165,4,8,49,23,11,50,42,0,0,0,0,3,0,19,0.2576,1,0,0,2721,0
2025-11-12,Discovery Network,Family Pantry Retention Initiative,Metro Region Loyalty Cohort,15908997,Family Planners Lookalike Segment,1665761135741679,Promo Banner Friendly Voice,1647756988327695,Brand Awareness,288.0241,50786,0,49885,115,100,100,100,100,1982,1694,0,0,0,0,524,0,607,1.1952,1,8,0,39802,0
2025-11-13,Influencer Network,Family Pantry Retention Initiative,Metro Region Loyalty Cohort,15908997,Family Planners Lookalike Segment,1665761135741679,Shelf Story Warm Voice,2793262031628184,Brand Awareness,283.2932,49416,0,28632,95,100,100,100,100,3144,2337,0,0,2,0,479,0,537,1.0867,8,15,0,33626,0
2025-11-14,Video Network,Weekend Saver Retention Initiative,Metro Region Loyalty Cohort,15908997,Health Conscious Buyers Retention Segment,4136110625615180,Shelf Story Warm Voice,1781261912151237,Brand Awareness,26.1415,4425,0,5951,17,38,100,82,41,137,126,0,0,0,0,10,0,35,0.7910,0,0,0,6961,0
2025-11-15,Video Network,Family Pantry Retention Initiative,Metro Region Loyalty Cohort,15908997,Health Conscious Buyers Interest Segment,9013382232369046,Promo Banner Friendly Voice,1255871739760170,Brand Awareness,18.6825,3178,0,3953,6,5,26,11,6,27,15,0,0,0,0,5,0,17,0.5349,0,0,0,3736,0
2025-11-16,Marketplace Feed,Family Pantry Retention Initiative,Metro Region Loyalty Cohort,15908997,Health Conscious Buyers Interest Segment,9013382232369046,Shelf Story Warm Voice,3768518651506601,Brand Awareness,19.0234,3363,0,4981,6,13,68,29,17,61,59,0,0,0,0,9,0,22,0.6542,0,0,0,4880,0
2025-11-17,Shopping Grid,Weekend Saver Retention Initiative,Metro Region Loyalty Cohort,15908997,Health Conscious Buyers Interest Segment,1334393532567969,Shelf Story Bold Voice,8314765461987923,Brand Awareness,61.1660,18312,0,15158,61,74,100,100,98,252,234,0,0,0,0,55,0,102,0.5570,0,1,0,11220,0
2025-11-18,Affiliate Network,Family Pantry Retention Initiative,Metro Region Loyalty Cohort,15908997,Health Conscious Buyers Interest Segment,1474840462607869,Shelf Story Warm Voice,4340134105081797,Brand Awareness,401.3837,56626,0,58198,216,100,100,100,100,10445,7784,0,0,2,0,1946,0,1504,2.6560,4,29,0,98207,0
2025-11-19,Display Network,Family Pantry Retention Initiative,Metro Region Loyalty Cohort,15908997,Health Conscious Buyers Retention Segment,1669733702699813,Shelf Story Warm Voice,2604915282803870,Brand Awareness,10.3601,1411,0,798,1,4,24,12,5,23,19,0,0,0,0,2,0,2,0.1417,0,0,0,838,0
2025-11-20,Video Network,Seasonal Select Promo Initiative,Metro Region Loyalty Cohort,15908997,Family Planners Lookalike Segment,1718074286658736,Shelf Story Warm Voice,1533493773187614,Brand Awareness,326.3480,63523,0,73648,162,100,100,100,100,1689,904,0,0,1,0,260,0,513,0.8076,2,2,0,65448,0
2025-11-21,Marketplace Feed,Family Pantry Retention Initiative,Metro Region Loyalty Cohort,15908997,Family Planners Lookalike Segment,1002710949555221,Offer Spotlight Bold Voice,7401589860358191,Brand Awareness,17.3008,4251,0,3432,12,17,98,31,28,95,133,0,0,0,0,12,0,25,0.5881,0,1,0,5416,0
2025-11-22,Discovery Network,Family Pantry Retention Initiative,Metro Region Loyalty Cohort,15908997,Health Conscious Buyers Retention Segment,4976789753470273,Shelf Story Warm Voice,1220076337258804,Brand Awareness,29.1940,6551,0,6758,11,22,100,69,40,156,92,0,0,0,0,19,0,32,0.4885,0,0,0,6131,0
2025-11-23,In-App Display,Seasonal Select Promo Initiative,Metro Region Loyalty Cohort,15908997,Health Conscious Buyers Interest Segment,1532426936569806,Offer Spotlight Value Voice,2894551765052346,Brand Awareness,64.2739,12722,0,9731,35,100,100,100,100,299,281,0,0,0,0,18,0,42,0.3301,0,2,0,7861,0
2025-11-24,Shopping Grid,Seasonal Select Promo Initiative,Metro Region Loyalty Cohort,15908997,Health Conscious Buyers Retention Segment,3613956286158588,Offer Spotlight Bold Voice,4607696881668990,Brand Awareness,7.1612,1760,0,1957,1,12,47,19,11,25,25,0,0,0,0,0,0,3,0.1705,0,0,0,1114,0
2025-11-25,In-App Display,Family Pantry Retention Initiative,Metro Region Loyalty Cohort,15908997,Family Planners Lookalike Segment,1665761135741679,Shelf Story Bold Voice,1220357368781053,Brand Awareness,12.7077,2145,0,3862,6,5,23,7,6,35,24,0,0,0,0,6,0,21,0.9790,0,0,0,2483,0
2025-11-26,Discovery Network,Family Pantry Retention Initiative,Metro Region Loyalty Cohort,15908997,Health Conscious Buyers Interest Segment,9013382232369046,Price Drop Cut Value Voice,4186893344787278,Brand Awareness,31.5379,8098,0,6057,13,19,100,43,29,58,34,0,0,0,0,11,0,16,0.1976,0,0,0,8127,0
2025-11-27,Video Network,Family Pantry Retention Initiative,Metro Region Loyalty Cohort,15908997,Health Conscious Buyers Interest Segment,9013382232369046,Shelf Story Warm Voice,8148838999548557,Brand Awareness,27.0281,8437,0,6636,24,47,100,61,50,133,92,0,0,0,0,7,0,34,0.4030,0,0,0,6041,0
2025-11-28,In-App Display,Seasonal Select Promo Initiative,Metro Region Loyalty Cohort,15908997,Family Planners Lookalike Segment,1718074286658736,Offer Spotlight Value Voice,2074777970281390,Brand Awareness,235.6736,23548,0,32616,80,100,100,100,100,869,734,0,0,0,0,129,0,130,0.5521,3,5,0,34731,0
2025-11-29,In-App Display,Weekend Saver Retention Initiative,Metro Region Loyalty Cohort,15908997,Family Planners Lookalike Segment,7248228093339312,Offer Spotlight Bold Voice,1757288035719114,Brand Awareness,136.5710,35319,0,38606,69,39,100,100,62,211,121,0,0,0,0,33,0,80,0.2265,0,2,0,41285,0
2025-11-30,Affiliate Network,Family Pantry Retention Initiative,Metro Region Loyalty Cohort,15908997,Family Planners Lookalike Segment,1002710949555221,Shelf Story Warm Voice,3185083078735744,Brand Awareness,64.8904,9171,0,14839,51,100,100,100,100,1183,1111,0,0,1,0,85,0,154,1.6792,1,4,0,9816,0
2025-11-01,Display Network,Weekend Saver Retention Initiative,Metro Region Loyalty Cohort,15908997,Health Conscious Buyers Interest Segment,1334393532567969,Shelf Story Warm Voice,2520693897922300,Brand Awareness,113.5026,22714,0,30356,72,100,100,100,100,724,724,0,0,2,0,342,0,234,1.0302,3,1,0,26279,0
2025-11-02,Marketplace Feed,Family Pantry Retention Initiative,Metro Region Loyalty Cohort,15908997,Family Planners Lookalike Segment,1665761135741679,Shelf Story Warm Voice,6549680554582288,Brand Awareness,132.2132,22513,0,23542,39,71,100,100,100,260,201,0,0,0,0,15,0,80,0.3554,0,0,0,28484,0
2025-11-03,Discovery Network,Weekend Saver Retention Initiative,Metro Region Loyalty Cohort,15908997,Health Conscious Buyers Retention Segment,4136110625615180,Offer Spotlight Bold Voice,3833443174798849,Brand Awareness,22.2984,5585,0,2926,4,13,58,18,13,37,18,0,0,0,0,1,0,12,0.2149,0,1,0,3989,0
2025-11-04,Social Feed,Family Pantry Retention Initiative,Metro Region Loyalty Cohort,15908997,Health Conscious Buyers Retention Segment,1669733702699813,Promo Banner Friendly Voice,1414897562821209,Brand Awareness,12.9220,2107,0,1180,3,3,14,7,3,17,17,0,0,0,0,1,0,4,0.1898,0,0,0,1913,0
2025-11-05,Marketplace Feed,Family Pantry Retention Initiative,Metro Region Loyalty Cohort,15908997,Health Conscious Buyers Interest Segment,1474840462607869,Offer Spotlight Bold Voice,3530423296641236,Brand Awareness,53.3301,12259,0,12412,29,38,100,100,64,465,565,0,0,0,0,94,0,135,1.1012,0,1,0,7318,0
2025-11-06,Display Network,Family Pantry Retention Initiative,Metro Region Loyalty Cohort,15908997,Health Conscious Buyers Interest Segment,1474840462607869,Shelf Story Warm Voice,9110304031000052,Brand Awareness,224.5454,30900,0,27344,97,100,100,100,100,2571,1927,0,0,0,0,261,0,528,1.7087,1,5,0,27441,0
2025-11-07,Marketplace Feed,Family Pantry Retention Initiative,Metro Region Loyalty Cohort,15908997,Family Planners Lookalike Segment,1665761135741679,Promo Banner Friendly Voice,6598720554447191,Brand Awareness,10.6705,1920,0,1665,1,4,19,9,5,22,17,0,0,0,0,8,0,8,0.4167,0,0,0,2922,0
2025-11-08,Influencer Network,Family Pantry Retention Initiative,Metro Region Loyalty Cohort,15908997,Health Conscious Buyers Retention Segment,1669733702699813,Shelf Story Warm Voice,6197978194612129,Brand Awareness,12.1980,1454,0,1529,2,5,19,10,4,17,21,0,0,0,0,3,0,10,0.6878,0,0,0,948,0
2025-11-09,Affiliate Network,Weekend Saver Retention Initiative,Metro Region Loyalty Cohort,15908997,Family Planners Lookalike Segment,7248228093339312,Shelf Story Bold Voice,3411200546175283,Brand Awareness,87.5270,13270,0,14213,51,100,100,100,100,741,650,0,0,1,0,43,0,125,0.9420,0,3,0,13604,0
2025-11-10,In-App Display,Seasonal Select Promo Initiative,Metro Region Loyalty Cohort,15908997,Health Conscious Buyers Retention Segment,3613956286158588,Shelf Story Bold Voice,1755467445485119,Brand Awareness,41.9871,12118,0,11106,25,100,100,100,100,188,149,0,0,0,0,17,0,48,0.3961,0,0,0,8503,0
2025-11-11,Shopping Grid,Family Pantry Retention Initiative,Metro Region Loyalty Cohort,15908997,Health Conscious Buyers Retention Segment,4976789753470273,Shelf Story Warm Voice,1212856722898025,Brand Awareness,44.4350,8450,0,9787,27,77,100,100,82,258,235,0,0,0,0,14,0,43,0.5089,0,0,0,5807,0
2025-11-12,Influencer Network,Family Pantry Retention Initiative,Metro Region Loyalty Cohort,15908997,Health Conscious Buyers Interest Segment,9013382232369046,Shelf Story Value Voice,1103993184708534,Brand Awareness,104.8391,15791,0,26989,44,67,100,100,68,204,112,0,0,0,0,45,0,86,0.5446,1,1,0,26091,0
2025-11-13,Marketplace Feed,Seasonal Select Promo Initiative,Metro Region Loyalty Cohort,15908997,Family Planners Lookalike Segment,1718074286658736,Promo Banner Warm Voice,1089449421739833,Brand Awareness,430.6626,55943,0,57086,178,100,100,100,100,2227,2747,0,0,1,0,774,0,671,1.1994,0,11,0,53178,0
2025-11-14,In-App Display,Weekend Saver Retention Initiative,Metro Region Loyalty Cohort,15908997,Health Conscious Buyers Retention Segment,4136110625615180,Shelf Story Bold Voice,5160906508093401,Brand Awareness,25.8286,6376,0,4427,13,40,100,100,70,223,283,0,0,0,0,8,0,34,0.5332,0,0,0,7875,0
2025-11-15,Search Network,Seasonal Select Demand Initiative,Metro Region Loyalty Cohort,15908997,Health Conscious Buyers Retention Segment,9223925519536552,Offer Spotlight Bold Voice,1119314133689227,Catalog Engagement,0.0000,0,0,0,0,0,0,0,0,0,0,0,0,0,0,0,0,0,0.0000,0,0,0,0,0
2025-11-16,Marketplace Feed,Weekend Saver Retention Initiative,Metro Region Loyalty Cohort,15908997,Health Conscious Buyers Retention Segment,4136110625615180,Price Drop Cut Value Voice,1316048837324374,Brand Awareness,105.0300,13618,0,20148,49,89,100,100,100,343,408,0,0,0,0,36,0,70,0.5140,0,1,0,12914,0
2025-11-17,In-App Display,Family Pantry Retention Initiative,Metro Region Loyalty Cohort,15908997,Family Planners Lookalike Segment,1665761135741679,Shelf Story Warm Voice,2616618213121749,Brand Awareness,1115.6288,141143,0,139607,839,100,100,100,100,23471,32160,0,0,29,0,4060,0,5117,3.6254,43,216,0,121832,0
2025-11-18,Display Network,Seasonal Select Promo Initiative,Metro Region Loyalty Cohort,15908997,Health Conscious Buyers Interest Segment,1532426936569806,Shelf Story Warm Voice,9953353036347574,Brand Awareness,295.1199,34957,0,43138,99,100,100,100,100,1064,1351,0,0,0,0,73,0,130,0.3719,0,4,0,57878,0
2025-11-19,Shopping Grid,Seasonal Select Promo Initiative,Metro Region Loyalty Cohort,15908997,Health Conscious Buyers Interest Segment,1532426936569806,Shelf Story Warm Voice,7193200529405455,Brand Awareness,94.8230,16731,0,21266,25,100,100,100,100,311,232,0,0,0,0,17,0,72,0.4303,0,2,0,15354,0
2025-11-20,Video Network,Seasonal Select Promo Initiative,Metro Region Loyalty Cohort,15908997,Health Conscious Buyers Retention Segment,3613956286158588,Promo Banner Warm Voice,3456261421148856,Brand Awareness,134.4130,18863,0,23507,113,100,100,100,100,982,714,0,0,0,0,73,0,95,0.5036,0,2,0,12064,0
2025-11-21,Shopping Grid,Family Pantry Retention Initiative,Metro Region Loyalty Cohort,15908997,Health Conscious Buyers Retention Segment,1669733702699813,Shelf Story Warm Voice,4211876559793011,Brand Awareness,52.3489,9500,0,9626,9,26,100,42,27,61,75,0,0,0,0,6,0,22,0.2316,0,0,0,5756,0
2025-11-22,In-App Display,Weekend Saver Retention Initiative,Metro Region Loyalty Cohort,15908997,Health Conscious Buyers Interest Segment,1334393532567969,Shelf Story Warm Voice,8045514033882153,Brand Awareness,266.1175,54208,0,34506,131,100,100,100,100,1327,855,0,0,0,0,657,0,402,0.7416,1,8,0,58042,0
2025-11-23,Discovery Network,Family Pantry Retention Initiative,Metro Region Loyalty Cohort,15908997,Health Conscious Buyers Interest Segment,9013382232369046,Shelf Story Warm Voice,1099249066640891,Brand Awareness,520.3894,48114,0,49598,322,100,100,100,100,4985,3230,0,0,11,0,863,0,915,1.9017,6,17,0,48665,0
2025-11-24,Shopping Grid,Family Pantry Retention Initiative,Metro Region Loyalty Cohort,15908997,Health Conscious Buyers Interest Segment,9013382232369046,Shelf Story Warm Voice,1177430610668804,Brand Awareness,699.4307,140474,0,100090,312,100,100,100,100,16068,18058,0,0,17,0,2296,0,2742,1.9520,23,104,0,125629,0
2025-11-25,Connected TV,Family Pantry Retention Initiative,Metro Region Loyalty Cohort,15908997,Family Planners Lookalike Segment,1665761135741679,Collection Showcase Warm Voice,5654112849815777,Brand Awareness,92.1901,23932,0,25620,87,100,100,100,100,780,1018,0,0,1,0,424,0,293,1.2243,1,6,0,13355,0
2025-11-26,Search Network,Family Pantry Retention Initiative,Metro Region Loyalty Cohort,15908997,Health Conscious Buyers Retention Segment,1669733702699813,Shelf Story Warm Voice,1837904232519606,Brand Awareness,75.3468,17997,0,13578,43,100,100,100,100,866,1016,0,0,0,0,48,0,96,0.5334,0,1,0,11733,0
2025-11-27,Retail Media Network,Family Pantry Retention Initiative,Metro Region Loyalty Cohort,15908997,Health Conscious Buyers Interest Segment,9013382232369046,Shelf Story Warm Voice,1641518074556035,Brand Awareness,67.8771,10608,0,7489,15,20,71,35,19,52,46,0,0,0,0,7,0,24,0.2262,0,1,0,10832,0
2025-11-28,Affiliate Network,Family Pantry Retention Initiative,Metro Region Loyalty Cohort,15908997,Family Planners Lookalike Segment,1002710949555221,Shelf Story Warm Voice,1647332301297595,Brand Awareness,17.4271,5533,0,3538,11,20,100,49,28,100,96,0,0,0,0,15,0,40,0.7229,0,2,0,3780,0
2025-11-29,Influencer Network,Seasonal Select Promo Initiative,Metro Region Loyalty Cohort,15908997,Family Planners Lookalike Segment,1718074286658736,Shelf Story Warm Voice,1532291780998103,Brand Awareness,363.9397,45307,0,39507,153,100,100,100,100,1486,1571,0,0,0,0,230,0,326,0.7195,0,7,0,42676,0
2025-11-30,In-App Display,Seasonal Select Promo Initiative,Metro Region Loyalty Cohort,15908997,Health Conscious Buyers Retention Segment,3613956286158588,Offer Spotlight Value Voice,9011752711561329,Brand Awareness,34.6324,7059,0,7442,29,98,100,100,100,131,131,0,0,0,0,5,0,40,0.5667,0,0,0,3687,0
2025-11-01,Retail Media Network,Weekend Saver Retention Initiative,Metro Region Loyalty Cohort,15908997,Health Conscious Buyers Interest Segment,1334393532567969,Offer Spotlight Bold Voice,3220054077294586,Brand Awareness,48.5551,12693,0,14376,27,29,100,47,28,99,83,0,0,0,0,15,0,38,0.2994,0,1,0,8115,0
2025-11-02,Marketplace Feed,Weekend Saver Retention Initiative,Metro Region Loyalty Cohort,15908997,Health Conscious Buyers Retention Segment,4136110625615180,Price Drop Cut Value Voice,1682844113945221,Brand Awareness,33.1758,8498,0,8524,23,27,100,55,32,70,75,0,0,0,0,9,0,46,0.5413,0,0,0,12308,0
2025-11-03,Video Network,Family Pantry Retention Initiative,Metro Region Loyalty Cohort,15908997,Family Planners Lookalike Segment,1665761135741679,Shelf Story Warm Voice,2902136042807068,Brand Awareness,470.1638,71746,0,79526,428,100,100,100,100,10937,10067,0,0,13,0,1852,0,2692,3.7521,15,48,0,79196,0
2025-11-04,Retail Media Network,Seasonal Select Promo Initiative,Metro Region Loyalty Cohort,15908997,Health Conscious Buyers Retention Segment,3613956286158588,Shelf Story Warm Voice,2259713911990191,Brand Awareness,178.6080,24169,0,24751,70,100,100,100,100,696,572,0,0,0,0,33,0,72,0.2979,1,3,0,20249,0
2025-11-05,In-App Display,Family Pantry Retention Initiative,Metro Region Loyalty Cohort,15908997,Health Conscious Buyers Interest Segment,1474840462607869,Shelf Story Warm Voice,8486205212439809,Brand Awareness,127.3397,23247,0,19183,55,100,100,100,100,975,1158,0,0,2,0,401,0,363,1.5615,7,1,0,32076,0
2025-11-06,Discovery Network,Family Pantry Retention Initiative,Metro Region Loyalty Cohort,15908997,Health Conscious Buyers Retention Segment,1669733702699813,Promo Banner Friendly Voice,4647140982681565,Brand Awareness,70.3263,12948,0,9019,24,100,100,100,100,327,290,0,0,10,0,33,0,64,0.4943,0,3,0,11050,0
2025-11-07,Social Feed,Family Pantry Retention Initiative,Metro Region Loyalty Cohort,15908997,Family Planners Lookalike Segment,1665761135741679,Shelf Story Warm Voice,1450951256520921,Brand Awareness,11.3959,1958,0,1881,4,13,77,29,19,70,75,0,0,0,0,8,0,24,1.2257,0,2,0,2143,0
2025-11-08,Affiliate Network,Weekend Saver Retention Initiative,Metro Region Loyalty Cohort,15908997,Family Planners Lookalike Segment,7248228093339312,Shelf Story Warm Voice,6451368560487732,Brand Awareness,119.0989,29153,0,30449,72,90,100,100,100,490,439,0,0,0,0,58,0,167,0.5728,0,1,0,22148,0
2025-11-09,Marketplace Feed,Weekend Saver Retention Initiative,Metro Region Loyalty Cohort,15908997,Health Conscious Buyers Interest Segment,1334393532567969,Shelf Story Bold Voice,7232280368739505,Brand Awareness,399.2689,38118,0,49791,186,100,100,100,100,4587,5193,0,0,2,0,614,0,1060,2.7808,7,16,0,51232,0
2025-11-10,Discovery Network,Seasonal Select Promo Initiative,Metro Region Loyalty Cohort,15908997,Health Conscious Buyers Interest Segment,1532426936569806,Promo Banner Warm Voice,5732401046815275,Brand Awareness,153.7990,28438,0,29768,72,100,100,100,100,981,774,0,0,0,0,64,0,197,0.6927,0,1,0,25757,0
2025-11-11,Search Network,Family Pantry Retention Initiative,Metro Region Loyalty Cohort,15908997,Health Conscious Buyers Retention Segment,1669733702699813,Collection Showcase Warm Voice,1788908453907262,Brand Awareness,21.1028,3800,0,6060,6,34,100,67,43,143,176,0,0,0,0,5,0,8,0.2105,0,1,0,3381,0
2025-11-12,Social Feed,Family Pantry Retention Initiative,Metro Region Loyalty Cohort,15908997,Health Conscious Buyers Retention Segment,1669733702699813,Shelf Story Bold Voice,4391005331160720,Brand Awareness,17.2710,2731,0,2097,2,5,19,8,5,27,32,0,0,0,0,6,0,14,0.5126,0,1,0,2614,0
2025-11-13,Discovery Network,Family Pantry Retention Initiative,Metro Region Loyalty Cohort,15908997,Family Planners Lookalike Segment,1665761135741679,Shelf Story Value Voice,5225143865411760,Brand Awareness,88.8306,17299,0,17501,27,30,100,66,37,138,183,0,0,0,0,44,0,64,0.3700,0,1,0,18359,0
2025-11-14,Social Feed,Family Pantry Retention Initiative,Metro Region Loyalty Cohort,15908997,Health Conscious Buyers Interest Segment,1474840462607869,Shelf Story Warm Voice,5682500646683685,Brand Awareness,486.3049,43206,0,45540,156,100,100,100,100,6749,4830,0,0,3,0,384,0,729,1.6873,6,12,0,81889,0
2025-11-15,Display Network,Family Pantry Retention Initiative,Metro Region Loyalty Cohort,15908997,Family Planners Lookalike Segment,1002710949555221,Shelf Story Warm Voice,5797898098365146,Brand Awareness,196.2097,35159,0,30748,91,100,100,100,100,3152,2380,0,0,0,0,172,0,404,1.1491,1,7,0,29998,0
2025-11-16,Affiliate Network,Weekend Saver Retention Initiative,Metro Region Loyalty Cohort,15908997,Family Planners Lookalike Segment,7248228093339312,Price Drop Cut Value Voice,9318406623487279,Brand Awareness,273.0198,49438,0,41049,88,100,100,100,100,369,320,0,0,0,0,59,0,194,0.3924,0,3,0,70125,0
2025-11-17,Display Network,Weekend Saver Retention Initiative,Metro Region Loyalty Cohort,15908997,Family Planners Lookalike Segment,7248228093339312,Shelf Story Warm Voice,1150526236199258,Brand Awareness,72.4571,24266,0,24711,35,66,100,100,81,300,279,0,0,1,0,39,0,110,0.4533,0,1,0,19425,0
2025-11-18,Influencer Network,Family Pantry Retention Initiative,Metro Region Loyalty Cohort,15908997,Family Planners Lookalike Segment,1665761135741679,Price Drop Cut Value Voice,1192366617925175,Brand Awareness,213.3643,27139,0,32163,39,100,100,100,100,592,501,0,0,0,0,146,0,110,0.4053,0,1,0,23426,0
2025-11-19,Marketplace Feed,Weekend Saver Retention Initiative,Metro Region Loyalty Cohort,15908997,Family Planners Lookalike Segment,7248228093339312,Price Drop Cut Value Voice,9781212069592701,Brand Awareness,161.4067,36356,0,43688,82,100,100,100,100,726,732,0,0,0,0,99,0,171,0.4703,1,2,0,23277,0
2025-11-20,In-App Display,Seasonal Select Promo Initiative,Metro Region Loyalty Cohort,15908997,Family Planners Lookalike Segment,1718074286658736,Shelf Story Bold Voice,4278310985669178,Brand Awareness,349.9092,44141,0,57382,144,100,100,100,100,950,1098,0,0,0,0,211,0,380,0.8609,1,7,0,27751,0
2025-11-21,Shopping Grid,Family Pantry Retention Initiative,Metro Region Loyalty Cohort,15908997,Health Conscious Buyers Interest Segment,9013382232369046,Promo Banner Friendly Voice,1538508227020088,Brand Awareness,58.6142,6209,0,5231,14,29,100,59,33,88,61,0,0,0,0,10,0,44,0.7086,0,0,0,10086,0
2025-11-22,Influencer Network,Family Pantry Retention Initiative,Metro Region Loyalty Cohort,15908997,Family Planners Lookalike Segment,1665761135741679,Shelf Story Warm Voice,1280290142112652,Brand Awareness,11.9807,1835,0,1117,5,4,30,12,4,30,20,0,0,0,0,1,0,12,0.6540,0,1,0,1250,0
2025-11-23,Shopping Grid,Seasonal Select Promo Initiative,Metro Region Loyalty Cohort,15908997,Health Conscious Buyers Interest Segment,1532426936569806,Shelf Story Bold Voice,1082336609132049,Brand Awareness,87.7932,15791,0,23116,59,100,100,100,100,448,531,0,0,0,0,22,0,114,0.7219,0,2,0,27349,0
2025-11-24,Search Network,Seasonal Select Promo Initiative,Metro Region Loyalty Cohort,15908997,Family Planners Lookalike Segment,1718074286658736,Offer Spotlight Bold Voice,1638167476571035,Brand Awareness,60.9583,13618,0,11646,34,100,100,100,100,281,334,0,0,0,0,60,0,67,0.4920,0,2,0,14985,0
2025-11-25,Connected TV,Family Pantry Retention Initiative,Metro Region Loyalty Cohort,15908997,Health Conscious Buyers Retention Segment,1669733702699813,Shelf Story Warm Voice,1173063753252113,Brand Awareness,154.8217,26883,0,26237,77,100,100,100,100,2790,2657,0,0,2,0,72,0,165,0.6138,1,11,0,19929,0
2025-11-26,Connected TV,Family Pantry Retention Initiative,Metro Region Loyalty Cohort,15908997,Health Conscious Buyers Retention Segment,4976789753470273,Offer Spotlight Bold Voice,1582932391745882,Brand Awareness,27.6895,3456,0,4604,16,4,68,24,10,73,79,0,0,0,0,17,0,26,0.7523,0,0,0,3969,0
2025-11-27,In-App Display,Family Pantry Retention Initiative,Metro Region Loyalty Cohort,15908997,Health Conscious Buyers Interest Segment,9013382232369046,Shelf Story Warm Voice,5257839822274418,Brand Awareness,153.1286,30848,0,40810,79,100,100,100,100,1570,944,0,0,1,0,293,0,531,1.7213,1,11,0,20613,0
2025-11-28,Influencer Network,Family Pantry Retention Initiative,Metro Region Loyalty Cohort,15908997,Health Conscious Buyers Retention Segment,1669733702699813,Shelf Story Value Voice,1365467474223726,Brand Awareness,31.9099,6027,0,3799,12,9,59,21,14,42,26,0,0,0,0,1,0,15,0.2489,0,1,0,5049,0
2025-11-29,In-App Display,Weekend Saver Retention Initiative,Metro Region Loyalty Cohort,15908997,Health Conscious Buyers Retention Segment,4136110625615180,Shelf Story Bold Voice,1238862856159509,Brand Awareness,24.4383,6888,0,7389,11,25,100,56,32,102,105,0,0,0,0,6,0,29,0.4210,0,2,0,9887,0
2025-11-30,Shopping Grid,Family Pantry Retention Initiative,Metro Region Loyalty Cohort,15908997,Health Conscious Buyers Retention Segment,1669733702699813,Price Drop Cut Value Voice,6906673719698824,Brand Awareness,50.4931,10206,0,8602,35,60,100,100,63,127,178,0,0,0,0,12,0,31,0.3037,0,1,0,8284,0
2025-11-01,Marketplace Feed,Seasonal Select Promo Initiative,Metro Region Loyalty Cohort,15908997,Health Conscious Buyers Retention Segment,3613956286158588,Shelf Story Warm Voice,9626373394400677,Brand Awareness,58.5346,13272,0,15534,18,100,100,100,100,231,219,0,0,0,0,7,0,52,0.3918,1,1,0,14348,0
2025-11-02,Affiliate Network,Weekend Saver Retention Initiative,Metro Region Loyalty Cohort,15908997,Health Conscious Buyers Retention Segment,4136110625615180,Shelf Story Warm Voice,5443423299390877,Brand Awareness,19.9350,4669,0,6205,9,24,100,50,36,104,114,0,0,0,0,4,0,12,0.2570,0,0,0,4590,0
2025-11-03,Social Feed,Family Pantry Retention Initiative,Metro Region Loyalty Cohort,15908997,Health Conscious Buyers Retention Segment,4976789753470273,Shelf Story Warm Voice,4041974945367907,Brand Awareness,108.4822,15952,0,17491,49,100,100,100,100,872,1083,0,0,0,0,67,0,95,0.5955,0,1,0,14992,0
2025-11-04,Social Feed,Weekend Saver Retention Initiative,Metro Region Loyalty Cohort,15908997,Health Conscious Buyers Interest Segment,1334393532567969,Price Drop Cut Value Voice,1109002298095593,Brand Awareness,613.2923,121040,0,99198,120,100,100,100,100,2688,1702,0,0,2,0,247,0,573,0.4734,0,12,0,78698,0
2025-11-05,Video Network,Family Pantry Retention Initiative,Metro Region Loyalty Cohort,15908997,Health Conscious Buyers Interest Segment,9013382232369046,Collection Showcase Warm Voice,3199746654625132,Brand Awareness,7.1288,1419,0,988,2,8,31,14,11,36,37,0,0,0,0,3,0,6,0.4228,0,1,0,1242,0
2025-11-06,Shopping Grid,Seasonal Select Promo Initiative,Metro Region Loyalty Cohort,15908997,Health Conscious Buyers Interest Segment,1532426936569806,Offer Spotlight Bold Voice,4433422745438620,Brand Awareness,29.7323,8862,0,6493,16,38,100,93,44,102,71,0,0,0,0,7,0,29,0.3272,0,1,0,8154,0
2025-11-07,Influencer Network,Weekend Saver Retention Initiative,Metro Region Loyalty Cohort,15908997,Health Conscious Buyers Interest Segment,1334393532567969,Price Drop Cut Value Voice,2051943278335934,Brand Awareness,171.7983,31620,0,20195,71,92,100,100,100,287,265,0,0,0,0,55,0,132,0.4175,0,4,0,36763,0
2025-11-08,In-App Display,Family Pantry Retention Initiative,Metro Region Loyalty Cohort,15908997,Family Planners Lookalike Segment,1002710949555221,Shelf Story Warm Voice,1655044419034925,Brand Awareness,36.7671,4314,0,5848,22,94,100,100,100,292,364,0,0,0,0,30,0,52,1.2054,0,1,0,5707,0
2025-11-09,Shopping Grid,Family Pantry Retention Initiative,Metro Region Loyalty Cohort,15908997,Health Conscious Buyers Retention Segment,4976789753470273,Shelf Story Warm Voice,5506678816268127,Brand Awareness,128.4115,18249,0,12933,66,94,100,100,100,838,929,0,0,0,0,58,0,105,0.5754,1,1,0,11927,0
2025-11-10,Marketplace Feed,Family Pantry Retention Initiative,Metro Region Loyalty Cohort,15908997,Health Conscious Buyers Retention Segment,1669733702699813,Shelf Story Warm Voice,5602072675253918,Brand Awareness,132.9795,13263,0,26333,65,100,100,100,100,2445,1478,0,0,1,0,110,0,177,1.3345,1,3,0,20250,0
2025-11-11,Marketplace Feed,Weekend Saver Retention Initiative,Metro Region Loyalty Cohort,15908997,Family Planners Lookalike Segment,7248228093339312,Offer Spotlight Bold Voice,1757288035719114,Brand Awareness,34.9237,14382,0,14263,30,16,100,36,27,79,50,0,0,0,0,10,0,44,0.3059,0,0,0,11264,0
2025-11-12,Affiliate Network,Family Pantry Retention Initiative,Metro Region Loyalty Cohort,15908997,Family Planners Lookalike Segment,1665761135741679,Price Drop Cut Value Voice,1192366617925175,Brand Awareness,112.5750,20896,0,21886,60,100,100,100,100,415,282,0,0,0,0,65,0,127,0.6078,0,4,0,26681,0
2025-11-13,Search Network,Family Pantry Retention Initiative,Metro Region Loyalty Cohort,15908997,Health Conscious Buyers Retention Segment,1669733702699813,Shelf Story Value Voice,1365467474223726,Brand Awareness,60.7997,10505,0,11404,27,33,100,83,38,189,168,0,0,0,0,12,0,52,0.4950,1,1,0,20103,0
2025-11-14,In-App Display,Family Pantry Retention Initiative,Metro Region Loyalty Cohort,15908997,Health Conscious Buyers Interest Segment,9013382232369046,Collection Showcase Warm Voice,3199746654625132,Brand Awareness,5.3038,1049,0,634,1,12,24,16,10,33,18,0,0,0,0,7,0,4,0.3813,0,0,0,825,0
2025-11-15,Social Feed,Family Pantry Retention Initiative,Metro Region Loyalty Cohort,15908997,Health Conscious Buyers Interest Segment,1474840462607869,Shelf Story Warm Voice,9110304031000052,Brand Awareness,189.5774,32973,0,33180,66,100,100,100,100,1724,1025,0,0,0,0,181,0,253,0.7673,4,0,0,23018,0
2025-11-16,Affiliate Network,Weekend Saver Retention Initiative,Metro Region Loyalty Cohort,15908997,Family Planners Lookalike Segment,7248228093339312,Shelf Story Bold Voice,3411200546175283,Brand Awareness,29.3730,5035,0,6884,24,56,100,100,72,318,258,0,0,0,0,24,0,66,1.3108,1,1,0,5209,0
2025-11-17,Connected TV,Seasonal Select Promo Initiative,Metro Region Loyalty Cohort,15908997,Family Planners Lookalike Segment,1718074286658736,Promo Banner Warm Voice,1089449421739833,Brand Awareness,327.8344,64629,0,47919,169,100,100,100,100,2984,1795,0,0,2,0,663,0,1057,1.6355,3,5,0,69152,0
2025-11-18,Influencer Network,Family Pantry Retention Initiative,Metro Region Loyalty Cohort,15908997,Health Conscious Buyers Retention Segment,4976789753470273,Shelf Story Warm Voice,1212856722898025,Brand Awareness,44.7795,10490,0,8076,13,88,100,100,100,370,434,0,0,0,0,27,0,70,0.6673,1,1,0,11414,0
2025-11-19,Discovery Network,Family Pantry Retention Initiative,Metro Region Loyalty Cohort,15908997,Family Planners Lookalike Segment,1002710949555221,Shelf Story Warm Voice,3185083078735744,Brand Awareness,75.6181,13972,0,14362,52,100,100,100,100,1166,1126,0,0,1,0,100,0,115,0.8231,3,2,0,19572,0
2025-11-20,Influencer Network,Family Pantry Retention Initiative,Metro Region Loyalty Cohort,15908997,Health Conscious Buyers Interest Segment,9013382232369046,Promo Banner Friendly Voice,1538508227020088,Brand Awareness,19.4562,3744,0,4036,12,37,100,66,50,98,98,0,0,1,0,21,0,29,0.7746,0,0,0,3768,0
2025-11-21,Affiliate Network,Seasonal Select Promo Initiative,Metro Region Loyalty Cohort,15908997,Health Conscious Buyers Retention Segment,3613956286158588,Shelf Story Warm Voice,2259713911990191,Brand Awareness,119.1806,32080,0,25579,95,100,100,100,100,814,750,0,0,0,0,28,0,125,0.3897,0,2,0,23664,0
2025-11-22,Social Feed,Seasonal Select Promo Initiative,Metro Region Loyalty Cohort,15908997,Health Conscious Buyers Interest Segment,1532426936569806,Shelf Story Warm Voice,9953353036347574,Brand Awareness,202.5561,25739,0,28749,81,100,100,100,100,964,742,0,0,0,0,36,0,169,0.6566,0,2,0,37791,0
2025-11-23,Display Network,Seasonal Select Promo Initiative,Metro Region Loyalty Cohort,15908997,Health Conscious Buyers Interest Segment,1532426936569806,Offer Spotlight Value Voice,2894551765052346,Brand Awareness,39.4918,9963,0,7983,12,100,100,100,100,223,115,0,0,0,0,14,0,19,0.1907,0,1,0,5362,0
2025-11-24,Display Network,Family Pantry Retention Initiative,Metro Region Loyalty Cohort,15908997,Family Planners Lookalike Segment,1665761135741679,Shelf Story Warm Voice,2616618213121749,Brand Awareness,891.7183,122855,0,183941,670,100,100,100,100,32904,38565,0,0,34,0,6988,0,5344,4.3498,42,255,0,127753,0
2025-11-25,Marketplace Feed,Family Pantry Retention Initiative,Metro Region Loyalty Cohort,15908997,Health Conscious Buyers Interest Segment,1474840462607869,Shelf Story Warm Voice,8486205212439809,Brand Awareness,128.1318,23669,0,32434,66,100,100,100,100,1026,1013,0,0,2,0,177,0,258,1.0900,6,3,0,29436,0
2025-11-26,Social Feed,Family Pantry Retention Initiative,Metro Region Loyalty Cohort,86057605,Family Planners Lookalike Segment,1541980607257120,Shelf Story Warm Voice,1227821280716912,Brand Awareness,0.0000,0,0,0,0,0,0,0,0,0,0,0,0,0,0,0,0,0,0.0000,0,0,0,0,0
2025-11-27,Discovery Network,Family Pantry Retention Initiative,Metro Region Loyalty Cohort,15908997,Health Conscious Buyers Retention Segment,1669733702699813,Shelf Story Warm Voice,5602072675253918,Brand Awareness,393.9314,45260,0,34203,271,100,100,100,100,4587,3504,0,0,1,0,196,0,306,0.6761,1,20,0,52962,0
2025-11-28,Marketplace Feed,Family Pantry Retention Initiative,Metro Region Loyalty Cohort,15908997,Family Planners Lookalike Segment,1665761135741679,Shelf Story Value Voice,5225143865411760,Brand Awareness,93.7634,29139,0,19967,52,33,100,89,53,179,134,0,0,0,0,32,0,91,0.3123,0,0,0,18729,0
2025-11-29,Video Network,Weekend Saver Retention Initiative,Metro Region Loyalty Cohort,15908997,Health Conscious Buyers Interest Segment,1334393532567969,Shelf Story Bold Voice,8314765461987923,Brand Awareness,179.9339,30554,0,33004,43,100,100,100,100,454,465,0,0,1,0,87,0,124,0.4058,0,2,0,19208,0
2025-11-30,Shopping Grid,Family Pantry Retention Initiative,Metro Region Prospecting Cohort,86057605,Health Conscious Buyers Affinity Segment,1135622965987651,Promo Banner Friendly Voice,8513428259763770,Brand Awareness,0.0000,0,0,0,0,0,0,0,0,0,0,0,0,0,0,0,0,0,0.0000,0,0,0,0,0
2025-11-01,Shopping Grid,Family Pantry Retention Initiative,Metro Region Loyalty Cohort,15908997,Health Conscious Buyers Retention Segment,1669733702699813,Shelf Story Warm Voice,1173063753252113,Brand Awareness,359.3810,40976,0,41855,195,100,100,100,100,7315,8823,0,0,3,0,503,0,516,1.2593,2,22,0,48869,0
2025-11-02,Retail Media Network,Family Pantry Retention Initiative,Metro Region Loyalty Cohort,15908997,Health Conscious Buyers Retention Segment,1669733702699813,Price Drop Cut Value Voice,6906673719698824,Brand Awareness,76.1925,18808,0,15184,25,100,100,100,100,273,390,0,0,0,0,12,0,61,0.3243,0,3,0,14517,0
2025-11-03,Shopping Grid,Family Pantry Retention Initiative,Metro Region Loyalty Cohort,15908997,Health Conscious Buyers Interest Segment,9013382232369046,Shelf Story Warm Voice,1177430610668804,Brand Awareness,907.2125,108808,0,146170,503,100,100,100,100,17830,15304,0,0,27,0,2429,0,4923,4.5245,37,124,0,141101,0
2025-11-04,Discovery Network,Family Pantry Retention Initiative,Metro Region Loyalty Cohort,15908997,Health Conscious Buyers Interest Segment,9013382232369046,Shelf Story Warm Voice,8148838999548557,Brand Awareness,12.6512,3260,0,3635,9,14,94,34,20,70,65,0,0,0,0,3,0,13,0.3988,0,0,0,5170,0
2025-11-05,Retail Media Network,Family Pantry Retention Initiative,Metro Region Loyalty Cohort,15908997,Health Conscious Buyers Retention Segment,4976789753470273,Shelf Story Warm Voice,1220076337258804,Brand Awareness,46.6520,9622,0,13301,20,28,100,94,42,217,116,0,0,0,0,34,0,73,0.7587,0,0,0,14209,0
2025-11-06,Affiliate Network,Weekend Saver Retention Initiative,Metro Region Loyalty Cohort,15908997,Family Planners Lookalike Segment,7248228093339312,Shelf Story Warm Voice,6451368560487732,Brand Awareness,47.8390,17503,0,21355,43,56,100,100,100,460,532,0,0,0,0,30,0,95,0.5428,1,3,0,10870,0
2025-11-07,Shopping Grid,Family Pantry Retention Initiative,Metro Region Loyalty Cohort,15908997,Family Planners Lookalike Segment,1665761135741679,Collection Showcase Warm Voice,5654112849815777,Brand Awareness,143.3861,19901,0,11901,43,100,100,100,100,702,891,0,0,2,0,420,0,216,1.0854,1,0,0,19315,0
2025-11-08,In-App Display,Family Pantry Retention Initiative,Metro Region Loyalty Cohort,15908997,Health Conscious Buyers Retention Segment,1669733702699813,Shelf Story Warm Voice,1837904232519606,Brand Awareness,175.7897,44823,0,27326,68,100,100,100,100,1223,851,0,0,0,0,81,0,163,0.3637,0,7,0,24183,0
2025-11-09,Discovery Network,Seasonal Select Promo Initiative,Metro Region Loyalty Cohort,15908997,Family Planners Lookalike Segment,1718074286658736,Offer Spotlight Value Voice,2074777970281390,Brand Awareness,199.5820,34477,0,24170,91,100,100,100,100,1121,711,0,0,0,0,82,0,253,0.7338,3,3,0,20839,0
2025-11-10,Influencer Network,Family Pantry Retention Initiative,Metro Region Loyalty Cohort,15908997,Health Conscious Buyers Interest Segment,9013382232369046,Shelf Story Warm Voice,1641518074556035,Brand Awareness,16.2241,2492,0,1663,4,6,22,8,7,17,9,0,0,0,0,3,0,9,0.3612,0,0,0,2776,0
2025-11-11,Influencer Network,Family Pantry Retention Initiative,Metro Region Loyalty Cohort,15908997,Health Conscious Buyers Interest Segment,9013382232369046,Shelf Story Warm Voice,1099249066640891,Brand Awareness,279.2604,45434,0,45983,230,100,100,100,100,6594,7417,0,0,5,0,1659,0,2021,4.4482,2,27,0,26859,0
2025-11-12,Social Feed,Family Pantry Retention Initiative,Metro Region Loyalty Cohort,15908997,Health Conscious Buyers Retention Segment,1669733702699813,Shelf Story Warm Voice,4211876559793011,Brand Awareness,101.3357,25646,0,18049,63,68,100,100,88,236,173,0,0,0,0,13,0,69,0.2690,0,2,0,23512,0
2025-11-13,Shopping Grid,Seasonal Select Promo Initiative,Metro Region Loyalty Cohort,15908997,Health Conscious Buyers Interest Segment,1532426936569806,Promo Banner Warm Voice,5732401046815275,Brand Awareness,128.7638,21913,0,29986,75,100,100,100,100,903,524,0,0,0,0,54,0,174,0.7940,2,1,0,25416,0
2025-11-14,In-App Display,Family Pantry Retention Initiative,Metro Region Loyalty Cohort,15908997,Family Planners Lookalike Segment,1002710949555221,Offer Spotlight Bold Voice,7401589860358191,Brand Awareness,10.7494,2791,0,3184,8,9,90,29,21,105,56,0,0,0,0,29,0,20,0.7166,0,0,0,1504,0
2025-11-15,Marketplace Feed,Weekend Saver Retention Initiative,Metro Region Loyalty Cohort,15908997,Family Planners Lookalike Segment,7248228093339312,Shelf Story Warm Voice,1150526236199258,Brand Awareness,40.5880,7358,0,6875,12,35,100,76,40,143,93,0,0,0,0,18,0,39,0.5300,0,1,0,7225,0
2025-11-16,Affiliate Network,Family Pantry Retention Initiative,Metro Region Loyalty Cohort,15908997,Family Planners Lookalike Segment,1665761135741679,Shelf Story Warm Voice,6549680554582288,Brand Awareness,133.1759,25987,0,17246,61,87,100,100,100,245,230,0,0,0,0,50,0,82,0.3155,0,2,0,33470,0
2025-11-17,Marketplace Feed,Family Pantry Retention Initiative,Metro Region Loyalty Cohort,15908997,Health Conscious Buyers Interest Segment,9013382232369046,Shelf Story Bold Voice,5904212741788775,Brand Awareness,23.1800,4361,0,4924,7,18,49,26,21,52,58,0,0,0,0,4,0,16,0.3669,0,0,0,4995,0
2025-11-18,Social Feed,Family Pantry Retention Initiative,Metro Region Loyalty Cohort,15908997,Health Conscious Buyers Interest Segment,1474840462607869,Shelf Story Warm Voice,4340134105081797,Brand Awareness,637.9868,92320,0,77512,255,100,100,100,100,9761,7170,0,0,2,0,1446,0,1593,1.7255,4,21,0,67619,0
2025-11-19,Discovery Network,Family Pantry Retention Initiative,Metro Region Loyalty Cohort,15908997,Health Conscious Buyers Retention Segment,1669733702699813,Promo Banner Friendly Voice,1414897562821209,Brand Awareness,6.9386,1586,0,1868,7,8,43,13,8,37,20,0,0,0,0,0,0,10,0.6305,0,0,0,2379,0
2025-11-20,Search Network,Weekend Saver Retention Initiative,Metro Region Loyalty Cohort,15908997,Health Conscious Buyers Retention Segment,4136110625615180,Price Drop Cut Value Voice,1682844113945221,Brand Awareness,61.4443,15321,0,19751,29,50,100,93,57,159,158,0,0,0,0,6,0,51,0.3329,0,1,0,8752,0
2025-11-21,Discovery Network,Weekend Saver Retention Initiative,Metro Region Loyalty Cohort,15908997,Health Conscious Buyers Retention Segment,4136110625615180,Shelf Story Warm Voice,1781261912151237,Brand Awareness,18.6852,6885,0,9135,12,28,100,53,37,83,69,0,0,0,0,4,0,9,0.1307,0,1,0,9149,0
2025-11-22,Discovery Network,Family Pantry Retention Initiative,Metro Region Loyalty Cohort,15908997,Family Planners Lookalike Segment,1665761135741679,Promo Banner Friendly Voice,6598720554447191,Brand Awareness,7.2137,2081,0,2460,5,3,29,10,3,31,22,0,0,0,0,4,0,13,0.6247,0,1,0,1583,0
2025-11-23,In-App Display,Family Pantry Retention Initiative,Metro Region Loyalty Cohort,15908997,Health Conscious Buyers Interest Segment,9013382232369046,Promo Banner Friendly Voice,1255871739760170,Brand Awareness,14.6450,2775,0,3111,1,9,27,17,11,26,23,0,0,0,0,7,0,6,0.2162,0,0,0,1968,0
2025-11-24,Influencer Network,Seasonal Select Promo Initiative,Metro Region Loyalty Cohort,15908997,Health Conscious Buyers Interest Segment,1532426936569806,Offer Spotlight Bold Voice,4433422745438620,Brand Awareness,16.5119,3689,0,4788,8,45,100,67,57,79,97,0,0,0,0,6,0,12,0.3253,0,1,0,6633,0
2025-11-25,Video Network,Family Pantry Retention Initiative,Metro Region Loyalty Cohort,15908997,Health Conscious Buyers Retention Segment,4976789753470273,Offer Spotlight Bold Voice,1582932391745882,Brand Awareness,34.7352,9646,0,9379,16,19,100,63,35,221,227,0,0,0,0,20,0,41,0.4250,1,0,0,10370,0
2025-11-26,Retail Media Network,Home Essentials Scale Initiative,Metro Region Prospecting Cohort,86057605,Family Planners Interest Segment,2052479131570920,Shelf Story Bold Voice,1037070944576843,Brand Awareness,0.0000,0,0,0,0,0,0,0,0,0,0,0,0,0,0,0,0,0,0.0000,0,0,0,0,0
2025-11-27,Discovery Network,Weekend Saver Retention Initiative,Metro Region Loyalty Cohort,15908997,Family Planners Lookalike Segment,7248228093339312,Price Drop Cut Value Voice,9781212069592701,Brand Awareness,117.2898,25844,0,23956,40,93,100,100,100,370,257,0,0,0,0,21,0,93,0.3599,0,1,0,31262,0
2025-11-28,Marketplace Feed,Family Pantry Retention Initiative,Metro Region Conversion Cohort,15908997,Weekend Deal Hunters Interest Segment,6202516839870495,Shelf Story Value Voice,1077582730962642,Catalog Engagement,0.0000,0,0,0,0,0,0,0,0,0,0,0,0,0,0,0,0,0,0.0000,0,0,0,0,0
2025-11-29,Social Feed,Seasonal Select Promo Initiative,Metro Region Loyalty Cohort,15908997,Health Conscious Buyers Interest Segment,1532426936569806,Shelf Story Bold Voice,1082336609132049,Brand Awareness,72.8858,25363,0,29664,30,100,100,100,100,414,475,0,0,0,0,20,0,67,0.2642,0,3,0,32449,0
2025-11-30,Affiliate Network,Seasonal Select Promo Initiative,Metro Region Loyalty Cohort,15908997,Family Planners Lookalike Segment,1718074286658736,Shelf Story Bold Voice,4278310985669178,Brand Awareness,193.9521,34428,0,42736,143,100,100,100,100,933,952,0,0,0,0,215,0,490,1.4233,0,2,0,35799,0
2025-11-01,Discovery Network,Seasonal Select Promo Initiative,Metro Region Loyalty Cohort,15908997,Health Conscious Buyers Retention Segment,3613956286158588,Offer Spotlight Value Voice,9011752711561329,Brand Awareness,29.4641,7215,0,6774,24,100,100,100,100,165,122,0,0,0,0,4,0,36,0.4990,0,0,0,10199,0
2025-11-02,Influencer Network,Weekend Saver Retention Initiative,Metro Region Loyalty Cohort,15908997,Health Conscious Buyers Interest Segment,1334393532567969,Shelf Story Warm Voice,2520693897922300,Brand Awareness,305.1803,52619,0,50930,175,100,100,100,100,1525,907,0,0,3,0,501,0,560,1.0643,1,4,0,43038,0
2025-11-03,Influencer Network,Seasonal Select Promo Initiative,Metro Region Loyalty Cohort,15908997,Health Conscious Buyers Retention Segment,3613956286158588,Promo Banner Warm Voice,3456261421148856,Brand Awareness,167.0398,31169,0,24670,94,100,100,100,100,865,544,0,0,0,0,33,0,75,0.2406,0,3,0,35518,0
2025-11-04,Affiliate Network,Home Essentials Scale Initiative,Metro Region Prospecting Cohort,86057605,Family Planners Interest Segment,2052479131570920,Product Reel Bold Voice,8230132190292546,Brand Awareness,0.0000,0,0,0,0,0,0,0,0,0,0,0,0,0,0,0,0,0,0.0000,0,0,0,0,0
2025-11-05,Influencer Network,Weekend Saver Retention Initiative,Metro Region Loyalty Cohort,15908997,Health Conscious Buyers Retention Segment,4136110625615180,Price Drop Cut Value Voice,1316048837324374,Brand Awareness,88.5819,18938,0,21443,40,100,100,100,100,463,362,0,0,1,0,16,0,81,0.4277,0,1,0,10905,0
2025-11-06,Discovery Network,Family Pantry Retention Initiative,Metro Region Loyalty Cohort,15908997,Family Planners Lookalike Segment,1665761135741679,Shelf Story Warm Voice,2902136042807068,Brand Awareness,427.1882,76763,0,47072,218,100,100,100,100,9947,11535,0,0,11,0,2083,0,1974,2.5716,2,58,0,72273,0
2025-11-07,Connected TV,Weekend Saver Retention Initiative,Metro Region Loyalty Cohort,15908997,Health Conscious Buyers Interest Segment,1334393532567969,Shelf Story Warm Voice,8045514033882153,Brand Awareness,240.0149,68726,0,68914,98,100,100,100,100,1565,1044,0,0,3,0,792,0,478,0.6955,1,4,0,44126,0
2025-11-08,Discovery Network,Family Pantry Retention Initiative,Metro Region Loyalty Cohort,15908997,Health Conscious Buyers Retention Segment,4976789753470273,Shelf Story Warm Voice,5506678816268127,Brand Awareness,144.3584,31098,0,39157,73,100,100,100,100,1580,1250,0,0,0,0,123,0,226,0.7267,1,3,0,23155,0
2025-11-09,Discovery Network,Family Pantry Retention Initiative,Metro Region Loyalty Cohort,15908997,Health Conscious Buyers Interest Segment,1474840462607869,Shelf Story Warm Voice,5682500646683685,Brand Awareness,395.9111,35381,0,53167,251,100,100,100,100,5553,4609,0,0,2,0,375,0,725,2.0491,1,10,0,63272,0
2025-11-10,Display Network,Family Pantry Retention Initiative,Metro Region Loyalty Cohort,15908997,Family Planners Lookalike Segment,1665761135741679,Shelf Story Warm Voice,1450951256520921,Brand Awareness,7.5262,2213,0,1750,2,11,57,22,12,37,25,0,0,0,0,11,0,11,0.4971,0,0,0,2735,0
2025-11-11,Connected TV,Family Pantry Retention Initiative,Metro Region Loyalty Cohort,15908997,Health Conscious Buyers Retention Segment,1669733702699813,Collection Showcase Warm Voice,1788908453907262,Brand Awareness,49.1721,10433,0,12494,25,83,100,100,94,452,549,0,0,0,0,29,0,90,0.8626,0,0,0,15767,0
2025-11-12,Marketplace Feed,Weekend Saver Retention Initiative,Metro Region Loyalty Cohort,15908997,Health Conscious Buyers Interest Segment,1334393532567969,Shelf Story Bold Voice,7232280368739505,Brand Awareness,513.7307,58078,0,51714,326,100,100,100,100,5344,4659,0,0,5,0,931,0,1175,2.0231,1,13,0,84243,0
2025-11-13,Search Network,Family Pantry Retention Initiative,Metro Region Loyalty Cohort,15908997,Health Conscious Buyers Retention Segment,1669733702699813,Promo Banner Friendly Voice,4647140982681565,Brand Awareness,232.0400,33241,0,33204,129,100,100,100,100,991,1424,0,0,0,0,61,0,185,0.5565,0,0,0,39135,0
2025-11-14,In-App Display,Weekend Saver Retention Initiative,Metro Region Loyalty Cohort,15908997,Health Conscious Buyers Retention Segment,4136110625615180,Offer Spotlight Bold Voice,3833443174798849,Brand Awareness,23.9928,6193,0,8503,16,9,75,24,14,48,25,0,0,0,0,0,0,24,0.3875,0,0,0,6077,0
2025-11-15,Affiliate Network,Family Pantry Retention Initiative,Metro Region Loyalty Cohort,15908997,Family Planners Lookalike Segment,1665761135741679,Promo Banner Friendly Voice,1647756988327695,Brand Awareness,293.0616,26872,0,27003,116,100,100,100,100,1611,1737,0,0,1,0,575,0,673,2.5045,1,7,0,32141,0
2025-11-16,Affiliate Network,Family Pantry Retention Initiative,Metro Region Loyalty Cohort,15908997,Family Planners Lookalike Segment,1002710949555221,Shelf Story Warm Voice,1655044419034925,Brand Awareness,23.8615,4842,0,3477,7,64,100,100,79,170,151,0,0,0,0,16,0,32,0.6609,0,3,0,4715,0
2025-11-17,Shopping Grid,Family Pantry Retention Initiative,Metro Region Loyalty Cohort,15908997,Health Conscious Buyers Retention Segment,1669733702699813,Shelf Story Warm Voice,2604915282803870,Brand Awareness,4.4249,1226,0,1451,1,6,34,12,7,26,19,0,0,0,0,1,0,3,0.2447,0,0,0,788,0
2025-11-18,Retail Media Network,Home Essentials Scale Initiative,Metro Region Prospecting Cohort,86057605,Family Planners Interest Segment,2052479131570920,Shelf Story Warm Voice,1781570544556972,Brand Awareness,0.0000,0,0,0,0,0,0,0,0,0,0,0,0,0,0,0,0,0,0.0000,0,0,0,0,0
2025-11-19,Marketplace Feed,Family Pantry Retention Initiative,Metro Region Loyalty Cohort,15908997,Family Planners Lookalike Segment,1002710949555221,Shelf Story Warm Voice,5797898098365146,Brand Awareness,320.9485,47652,0,59515,120,100,100,100,100,3989,3206,0,0,0,0,437,0,584,1.2256,5,9,0,60826,0
2025-11-20,Display Network,Family Pantry Retention Initiative,Metro Region Loyalty Cohort,15908997,Family Planners Lookalike Segment,1665761135741679,Shelf Story Warm Voice,2793262031628184,Brand Awareness,337.0979,51777,0,64911,244,100,100,100,100,2825,2351,0,0,0,0,576,0,735,1.4195,2,14,0,68168,0
2025-11-21,Video Network,Family Pantry Retention Initiative,Metro Region Loyalty Cohort,15908997,Health Conscious Buyers Interest Segment,1474840462607869,Offer Spotlight Bold Voice,3530423296641236,Brand Awareness,87.4136,12857,0,22271,53,79,100,100,100,826,907,0,0,0,0,115,0,231,1.7967,0,1,0,23717,0
2025-11-22,Marketplace Feed,Weekend Saver Retention Initiative,Metro Region Loyalty Cohort,15908997,Family Planners Lookalike Segment,7248228093339312,Price Drop Cut Value Voice,9318406623487279,Brand Awareness,97.4102,15497,0,31834,37,49,100,100,76,206,172,0,0,0,0,11,0,80,0.5162,0,1,0,21040,0
2025-11-23,Influencer Network,Family Pantry Retention Initiative,Metro Region Loyalty Cohort,15908997,Health Conscious Buyers Retention Segment,4976789753470273,Shelf Story Warm Voice,4041974945367907,Brand Awareness,79.8857,15051,0,24358,65,100,100,100,100,1241,1595,0,0,0,0,69,0,135,0.8970,0,3,0,20759,0
2025-11-24,Display Network,Weekend Saver Retention Initiative,Metro Region Loyalty Cohort,15908997,Health Conscious Buyers Interest Segment,1334393532567969,Price Drop Cut Value Voice,1109002298095593,Brand Awareness,515.7688,158356,0,116740,155,100,100,100,100,3006,3227,0,0,0,0,331,0,534,0.3372,3,7,0,86053,0
2025-11-25,Display Network,Family Pantry Retention Initiative,Metro Region Loyalty Cohort,15908997,Family Planners Lookalike Segment,1665761135741679,Shelf Story Bold Voice,1220357368781053,Brand Awareness,11.7331,2031,0,1854,1,7,33,15,10,42,45,0,0,0,0,13,0,13,0.6401,0,1,0,2434,0
2025-11-26,In-App Display,Family Pantry Retention Initiative,Metro Region Loyalty Cohort,15908997,Health Conscious Buyers Interest Segment,9013382232369046,Shelf Story Value Voice,1103993184708534,Brand Awareness,79.9295,20960,0,26553,37,71,100,100,78,281,264,0,0,0,0,52,0,89,0.4246,0,2,0,25535,0
2025-11-27,Discovery Network,Family Pantry Retention Initiative,Metro Region Loyalty Cohort,15908997,Health Conscious Buyers Interest Segment,9013382232369046,Price Drop Cut Value Voice,4186893344787278,Brand Awareness,10.3227,1801,0,2278,5,13,47,24,18,25,35,0,0,0,0,3,0,12,0.6663,0,0,0,2463,0
2025-11-28,Shopping Grid,Family Pantry Retention Initiative,Metro Region Loyalty Cohort,15908997,Health Conscious Buyers Retention Segment,1669733702699813,Shelf Story Warm Voice,6197978194612129,Brand Awareness,8.5224,3191,0,2139,1,9,66,22,15,44,39,0,0,0,0,1,0,4,0.1254,0,0,0,2317,0
2025-11-29,Marketplace Feed,Family Pantry Retention Initiative,Metro Region Loyalty Cohort,15908997,Health Conscious Buyers Interest Segment,9013382232369046,Shelf Story Warm Voice,5257839822274418,Brand Awareness,160.6910,37494,0,33621,59,100,100,100,100,995,914,0,0,2,0,285,0,417,1.1122,1,3,0,26511,0
2025-11-30,Video Network,Seasonal Select Promo Initiative,Metro Region Loyalty Cohort,15908997,Family Planners Lookalike Segment,1718074286658736,Shelf Story Warm Voice,1532291780998103,Brand Awareness,319.5941,49402,0,76935,228,100,100,100,100,1879,1857,0,0,2,0,533,0,430,0.8704,1,11,0,77178,0
2025-11-01,In-App Display,Family Pantry Retention Initiative,Metro Region Loyalty Cohort,15908997,Health Conscious Buyers Interest Segment,9013382232369046,Shelf Story Warm Voice,3768518651506601,Brand Awareness,14.6485,2288,0,2271,5,8,50,20,12,40,22,0,0,0,0,2,0,16,0.6993,0,0,0,1633,0
2025-11-02,Display Network,Family Pantry Retention Initiative,Metro Region Loyalty Cohort,15908997,Health Conscious Buyers Retention Segment,1669733702699813,Shelf Story Bold Voice,4391005331160720,Brand Awareness,7.6087,1407,0,1091,0,3,25,11,3,23,21,0,0,0,0,1,0,2,0.1421,0,0,0,1375,0
2025-11-03,Search Network,Weekend Saver Retention Initiative,Metro Region Loyalty Cohort,15908997,Health Conscious Buyers Interest Segment,1334393532567969,Offer Spotlight Bold Voice,3220054077294586,Brand Awareness,193.3669,57670,0,42404,87,88,100,100,96,391,243,0,0,0,0,66,0,171,0.2965,0,3,0,55749,0
2025-11-04,Marketplace Feed,Family Pantry Retention Initiative,Metro Region Loyalty Cohort,15908997,Family Planners Lookalike Segment,1002710949555221,Shelf Story Warm Voice,1647332301297595,Brand Awareness,10.3955,3503,0,2955,5,11,68,29,14,52,72,0,0,0,0,8,0,22,0.6280,0,1,0,1859,0
2025-11-05,Affiliate Network,Seasonal Select Promo Initiative,Metro Region Loyalty Cohort,15908997,Family Planners Lookalike Segment,1718074286658736,Shelf Story Warm Voice,1533493773187614,Brand Awareness,359.2775,54775,0,76412,186,100,100,100,100,1482,975,0,0,1,0,320,0,400,0.7303,0,7,0,69198,0
2025-11-06,Shopping Grid,Seasonal Select Promo Initiative,Metro Region Loyalty Cohort,15908997,Health Conscious Buyers Interest Segment,1532426936569806,Shelf Story Warm Voice,7193200529405455,Brand Awareness,53.0639,13874,0,15738,40,100,100,100,100,192,160,0,0,0,0,9,0,58,0.4180,0,1,0,11791,0
2025-11-07,In-App Display,Seasonal Select Promo Initiative,Metro Region Loyalty Cohort,15908997,Health Conscious Buyers Retention Segment,3613956286158588,Shelf Story Warm Voice,9626373394400677,Brand Awareness,78.8447,17374,0,26508,56,100,100,100,100,357,423,0,0,0,0,14,0,58,0.3338,1,2,0,19888,0
2025-11-08,Retail Media Network,Weekend Saver Retention Initiative,Metro Region Loyalty Cohort,15908997,Health Conscious Buyers Interest Segment,1334393532567969,Price Drop Cut Value Voice,2051943278335934,Brand Awareness,336.3695,65865,0,71307,117,100,100,100,100,773,724,0,0,0,0,81,0,188,0.2854,0,9,0,91127,0
2025-11-09,In-App Display,Weekend Saver Retention Initiative,Metro Region Loyalty Cohort,15908997,Health Conscious Buyers Retention Segment,4136110625615180,Shelf Story Bold Voice,5160906508093401,Brand Awareness,31.2531,6296,0,6583,20,59,100,100,84,352,283,0,0,0,0,11,0,33,0.5241,0,3,0,6798,0
2025-11-10,Video Network,Home Essentials Scale Initiative,Metro Region Prospecting Cohort,86057605,Family Planners Interest Segment,2052479131570920,Promo Banner Friendly Voice,7057211523700123,Brand Awareness,0.0000,0,0,0,0,0,0,0,0,0,0,0,0,0,0,0,0,0,0.0000,0,0,0,0,0
2025-11-11,Retail Media Network,Weekend Saver Retention Initiative,Metro Region Loyalty Cohort,15908997,Health Conscious Buyers Retention Segment,4136110625615180,Shelf Story Bold Voice,1238862856159509,Brand Awareness,20.8054,5651,0,5727,10,18,100,42,26,76,66,0,0,0,0,3,0,13,0.2300,0,0,0,7878,0
2025-11-12,Marketplace Feed,Seasonal Select Promo Initiative,Metro Region Loyalty Cohort,15908997,Family Planners Lookalike Segment,1718074286658736,Offer Spotlight Bold Voice,1638167476571035,Brand Awareness,65.9612,15530,0,14357,29,82,100,100,100,293,293,0,0,0,0,60,0,84,0.5409,0,0,0,17772,0
2025-11-13,Influencer Network,Weekend Saver Retention Initiative,Metro Region Loyalty Cohort,15908997,Health Conscious Buyers Retention Segment,4136110625615180,Shelf Story Warm Voice,5443423299390877,Brand Awareness,38.1242,7275,0,9397,15,19,100,65,35,155,189,0,0,0,0,6,0,31,0.4261,0,0,0,9715,0
2025-11-14,Search Network,Seasonal Select Promo Initiative,Metro Region Loyalty Cohort,15908997,Health Conscious Buyers Retention Segment,3613956286158588,Offer Spotlight Bold Voice,4607696881668990,Brand Awareness,7.6770,1656,0,1698,2,2,29,6,3,8,8,0,0,0,0,1,0,3,0.1812,0,0,0,1954,0
2025-11-15,Affiliate Network,Family Pantry Retention Initiative,Metro Region Loyalty Cohort,15908997,Family Planners Lookalike Segment,1665761135741679,Shelf Story Warm Voice,1280290142112652,Brand Awareness,6.3298,1197,0,1204,1,6,20,9,9,15,11,0,0,0,0,2,0,2,0.1671,0,0,0,1192,0
2025-11-16,Influencer Network,Seasonal Select Promo Initiative,Metro Region Loyalty Cohort,15908997,Health Conscious Buyers Retention Segment,3613956286158588,Shelf Story Bold Voice,1755467445485119,Brand Awareness,53.0999,20632,0,20790,39,100,100,100,100,251,310,0,0,0,0,16,0,60,0.2908,0,2,0,23292,0
2025-11-17,Search Network,Weekend Saver Retention Initiative,Metro Region Loyalty Cohort,15908997,Family Planners Lookalike Segment,7248228093339312,Shelf Story Bold Voice,1269408759613688,Brand Awareness,46.0166,16100,0,14835,43,42,100,92,50,148,175,0,0,0,0,4,0,48,0.2981,1,3,0,22234,0
2025-11-18,Affiliate Network,Weekend Saver Retention Initiative,Metro Region Loyalty Cohort,15908997,Health Conscious Buyers Interest Segment,1334393532567969,Offer Spotlight Bold Voice,3220054077294586,Brand Awareness,71.1444,22202,0,17774,31,35,100,86,50,158,169,0,0,0,0,80,0,98,0.4414,0,1,0,26928,0
2025-11-19,Search Network,Seasonal Select Promo Initiative,Metro Region Loyalty Cohort,15908997,Health Conscious Buyers Interest Segment,1532426936569806,Shelf Story Warm Voice,7193200529405455,Brand Awareness,22.6481,5255,0,5588,8,86,100,100,100,97,94,0,0,0,0,18,0,19,0.3616,0,0,0,3172,0
2025-11-20,Video Network,Family Pantry Retention Initiative,Metro Region Loyalty Cohort,15908997,Health Conscious Buyers Retention Segment,1669733702699813,Shelf Story Warm Voice,1837904232519606,Brand Awareness,173.5314,37760,0,26495,124,100,100,100,100,1140,866,0,0,0,0,80,0,191,0.5058,1,3,0,21355,0
2025-11-21,Retail Media Network,Family Pantry Retention Initiative,Metro Region Loyalty Cohort,15908997,Health Conscious Buyers Interest Segment,9013382232369046,Shelf Story Value Voice,1103993184708534,Brand Awareness,61.2037,20979,0,14974,17,77,100,100,100,251,145,0,0,0,0,25,0,66,0.3146,0,5,0,12679,0
2025-11-22,Discovery Network,Family Pantry Retention Initiative,Metro Region Loyalty Cohort,15908997,Health Conscious Buyers Interest Segment,9013382232369046,Shelf Story Warm Voice,1641518074556035,Brand Awareness,3.6992,761,0,638,1,5,28,11,7,14,13,0,0,0,0,1,0,5,0.6570,0,0,0,581,0
2025-11-23,Search Network,Family Pantry Retention Initiative,Metro Region Loyalty Cohort,15908997,Family Planners Lookalike Segment,1665761135741679,Shelf Story Warm Voice,2616618213121749,Brand Awareness,1325.7885,174801,0,139204,723,100,100,100,100,37197,20649,0,0,30,0,4897,0,8565,4.8999,35,231,0,190383,0
2025-11-24,Video Network,Family Pantry Retention Initiative,Metro Region Loyalty Cohort,15908997,Health Conscious Buyers Interest Segment,9013382232369046,Shelf Story Bold Voice,5904212741788775,Brand Awareness,18.9239,2984,0,5206,7,20,70,33,20,85,48,0,0,0,0,8,0,11,0.3686,0,0,0,2596,0
2025-11-25,Display Network,Family Pantry Retention Initiative,Metro Region Loyalty Cohort,15908997,Health Conscious Buyers Interest Segment,9013382232369046,Shelf Story Warm Voice,1099249066640891,Brand Awareness,493.4986,65295,0,60292,200,100,100,100,100,8373,6066,0,0,5,0,1085,0,1461,2.2375,4,30,0,74688,0
2025-11-26,Retail Media Network,Weekend Saver Retention Initiative,Metro Region Loyalty Cohort,15908997,Family Planners Lookalike Segment,7248228093339312,Price Drop Cut Value Voice,9781212069592701,Brand Awareness,241.1240,47207,0,42953,96,100,100,100,100,930,845,0,0,1,0,38,0,204,0.4321,1,4,0,37871,0
2025-11-27,In-App Display,Weekend Saver Retention Initiative,Metro Region Loyalty Cohort,15908997,Family Planners Lookalike Segment,7248228093339312,Offer Spotlight Bold Voice,1757288035719114,Brand Awareness,101.0457,16180,0,19166,18,37,100,100,59,202,152,0,0,0,0,20,0,82,0.5068,0,0,0,21320,0
2025-11-28,Marketplace Feed,Seasonal Select Promo Initiative,Metro Region Prospecting Cohort,86057605,Health Conscious Buyers Affinity Segment,1583198464464326,Promo Banner Friendly Voice,1472199163581113,Brand Awareness,0.0000,0,0,0,0,0,0,0,0,0,0,0,0,0,0,0,0,0,0.0000,0,0,0,0,0
2025-11-29,Video Network,Family Pantry Retention Initiative,Metro Region Loyalty Cohort,15908997,Family Planners Lookalike Segment,1002710949555221,Shelf Story Warm Voice,3185083078735744,Brand Awareness,94.3049,18005,0,17238,53,100,100,100,100,1560,994,0,0,1,0,79,0,133,0.7387,0,5,0,19184,0
2025-11-30,Shopping Grid,Family Pantry Retention Initiative,Metro Region Loyalty Cohort,15908997,Health Conscious Buyers Interest Segment,1474840462607869,Shelf Story Warm Voice,4340134105081797,Brand Awareness,592.8007,48238,0,44004,168,100,100,100,100,7420,5688,0,0,3,0,1187,0,1316,2.7281,1,20,0,48164,0
2025-11-01,Search Network,Family Pantry Retention Initiative,Metro Region Loyalty Cohort,15908997,Health Conscious Buyers Interest Segment,9013382232369046,Shelf Story Warm Voice,5257839822274418,Brand Awareness,147.0155,24789,0,26307,91,100,100,100,100,1165,1006,0,0,0,0,203,0,169,0.6818,0,5,0,38427,0
2025-11-02,Affiliate Network,Weekend Saver Retention Initiative,Metro Region Loyalty Cohort,15908997,Family Planners Lookalike Segment,7248228093339312,Shelf Story Bold Voice,1269408759613688,Brand Awareness,105.0680,30758,0,23663,59,72,100,100,100,300,263,0,0,0,0,10,0,58,0.1886,0,2,0,19978,0
2025-11-03,Marketplace Feed,Weekend Saver Retention Initiative,Metro Region Loyalty Cohort,15908997,Health Conscious Buyers Interest Segment,1334393532567969,Price Drop Cut Value Voice,1109002298095593,Brand Awareness,367.5617,81168,0,91018,231,100,100,100,100,2156,3157,0,0,0,0,588,0,522,0.6431,1,6,0,98467,0
2025-11-04,Marketplace Feed,Family Pantry Retention Initiative,Metro Region Loyalty Cohort,15908997,Family Planners Lookalike Segment,1665761135741679,Collection Showcase Warm Voice,5654112849815777,Brand Awareness,194.6672,24171,0,34589,115,100,100,100,100,1045,1233,0,0,1,0,344,0,302,1.2494,0,2,0,27319,0
2025-11-05,Retail Media Network,Seasonal Select Promo Initiative,Metro Region Loyalty Cohort,15908997,Health Conscious Buyers Interest Segment,1532426936569806,Shelf Story Bold Voice,1082336609132049,Brand Awareness,103.2312,25475,0,24542,62,100,100,100,100,507,340,0,0,0,0,41,0,128,0.5025,0,2,0,34399,0
2025-11-06,Discovery Network,Seasonal Select Promo Initiative,Metro Region Loyalty Cohort,15908997,Family Planners Lookalike Segment,1718074286658736,Shelf Story Bold Voice,4278310985669178,Brand Awareness,215.4327,31586,0,30536,110,100,100,100,100,1043,1241,0,0,0,0,352,0,549,1.7381,0,2,0,22631,0
2025-11-07,Discovery Network,Family Pantry Retention Initiative,Metro Region Loyalty Cohort,15908997,Health Conscious Buyers Interest Segment,9013382232369046,Shelf Story Warm Voice,8148838999548557,Brand Awareness,26.9376,8827,0,8280,16,60,100,100,84,198,116,0,0,0,0,5,0,20,0.2266,0,0,0,7041,0
2025-11-08,Discovery Network,Family Pantry Retention Initiative,Metro Region Loyalty Cohort,15908997,Health Conscious Buyers Interest Segment,1474840462607869,Shelf Story Warm Voice,8486205212439809,Brand Awareness,223.6205,25126,0,51502,60,100,100,100,100,911,1106,0,0,0,0,265,0,426,1.6955,6,0,0,26365,0
2025-11-09,Connected TV,Weekend Saver Retention Initiative,Metro Region Loyalty Cohort,15908997,Health Conscious Buyers Retention Segment,4136110625615180,Price Drop Cut Value Voice,1682844113945221,Brand Awareness,52.5873,26005,0,15339,39,79,100,100,99,210,179,0,0,0,0,9,0,68,0.2615,1,2,0,23626,0
2025-11-10,Video Network,Seasonal Select Promo Initiative,Metro Region Loyalty Cohort,15908997,Health Conscious Buyers Retention Segment,3613956286158588,Shelf Story Warm Voice,2259713911990191,Brand Awareness,208.7776,29979,0,25674,82,100,100,100,100,932,908,0,0,0,0,43,0,126,0.4203,1,1,0,22993,0
2025-11-11,Affiliate Network,Weekend Saver Retention Initiative,Metro Region Loyalty Cohort,15908997,Family Planners Lookalike Segment,7248228093339312,Shelf Story Warm Voice,6451368560487732,Brand Awareness,128.6036,26630,0,35092,90,100,100,100,100,844,482,0,0,1,0,46,0,154,0.5783,1,4,0,22492,0
2025-11-12,Shopping Grid,Seasonal Select Promo Initiative,Metro Region Loyalty Cohort,15908997,Health Conscious Buyers Interest Segment,1532426936569806,Offer Spotlight Value Voice,2894551765052346,Brand Awareness,44.5810,10453,0,7582,35,100,100,100,100,289,155,0,0,0,0,15,0,49,0.4688,0,1,0,6415,0
2025-11-13,Affiliate Network,Weekend Saver Retention Initiative,Metro Region Loyalty Cohort,15908997,Family Planners Lookalike Segment,7248228093339312,Price Drop Cut Value Voice,9318406623487279,Brand Awareness,160.8369,35320,0,30300,62,87,100,100,100,292,310,0,0,0,0,43,0,122,0.3454,0,3,0,25446,0
2025-11-14,Retail Media Network,Seasonal Select Promo Initiative,Metro Region Loyalty Cohort,15908997,Health Conscious Buyers Interest Segment,1532426936569806,Promo Banner Warm Voice,5732401046815275,Brand Awareness,159.2667,29020,0,41628,146,100,100,100,100,1037,1107,0,0,0,0,82,0,106,0.3653,0,4,0,30969,0
2025-11-15,Discovery Network,Seasonal Select Promo Initiative,Metro Region Loyalty Cohort,15908997,Family Planners Lookalike Segment,1718074286658736,Offer Spotlight Value Voice,2074777970281390,Brand Awareness,175.7338,27976,0,25544,124,100,100,100,100,869,973,0,0,0,0,137,0,241,0.8615,0,6,0,32069,0
2025-11-16,Shopping Grid,Family Pantry Retention Initiative,Metro Region Loyalty Cohort,15908997,Family Planners Lookalike Segment,1665761135741679,Shelf Story Bold Voice,1220357368781053,Brand Awareness,37.8890,3850,0,5721,8,8,54,23,10,76,95,0,0,0,0,39,0,28,0.7273,0,0,0,6510,0
2025-11-17,In-App Display,Family Pantry Retention Initiative,Metro Region Loyalty Cohort,15908997,Health Conscious Buyers Interest Segment,9013382232369046,Collection Showcase Warm Voice,3199746654625132,Brand Awareness,17.5084,3567,0,4953,14,74,100,100,93,252,208,0,0,0,0,11,0,49,1.3737,0,1,0,5171,0
2025-11-18,In-App Display,Family Pantry Retention Initiative,Metro Region Loyalty Cohort,15908997,Family Planners Lookalike Segment,1665761135741679,Shelf Story Value Voice,5225143865411760,Brand Awareness,72.9109,26730,0,22087,28,40,100,72,40,147,184,0,0,0,0,55,0,88,0.3292,0,4,0,20763,0
2025-11-19,Retail Media Network,Weekend Saver Retention Initiative,Metro Region Loyalty Cohort,15908997,Health Conscious Buyers Retention Segment,4136110625615180,Price Drop Cut Value Voice,1316048837324374,Brand Awareness,124.2457,39771,0,29433,68,100,100,100,100,736,867,0,0,0,0,51,0,91,0.2288,1,2,0,25612,0
2025-11-20,Connected TV,Seasonal Select Promo Initiative,Metro Region Loyalty Cohort,15908997,Health Conscious Buyers Interest Segment,1532426936569806,Shelf Story Warm Voice,9953353036347574,Brand Awareness,174.5206,40020,0,51882,155,100,100,100,100,1009,1138,0,0,0,0,50,0,216,0.5397,1,8,0,54510,0
2025-11-21,Connected TV,Family Pantry Retention Initiative,Metro Region Loyalty Cohort,15908997,Health Conscious Buyers Retention Segment,1669733702699813,Shelf Story Warm Voice,5602072675253918,Brand Awareness,200.8493,26304,0,35639,210,100,100,100,100,3341,3340,0,0,1,0,367,0,451,1.7146,1,7,0,30188,0
2025-11-22,Influencer Network,Family Pantry Retention Initiative,Metro Region Loyalty Cohort,15908997,Family Planners Lookalike Segment,1665761135741679,Shelf Story Warm Voice,1280290142112652,Brand Awareness,4.2423,860,0,1246,2,15,43,24,17,30,30,0,0,0,0,3,0,5,0.5814,0,0,0,601,0
2025-11-23,Shopping Grid,Weekend Saver Retention Initiative,Metro Region Loyalty Cohort,15908997,Family Planners Lookalike Segment,7248228093339312,Shelf Story Warm Voice,1150526236199258,Brand Awareness,91.4542,20932,0,25674,47,100,100,100,100,459,355,0,0,0,0,92,0,142,0.6784,0,0,0,26684,0
2025-11-24,In-App Display,Family Pantry Retention Initiative,Metro Region Loyalty Cohort,15908997,Family Planners Lookalike Segment,1665761135741679,Shelf Story Warm Voice,2793262031628184,Brand Awareness,270.8234,39656,0,47305,229,100,100,100,100,2253,1312,0,0,1,0,273,0,482,1.2155,7,10,0,60524,0
2025-11-25,Video Network,Family Pantry Retention Initiative,Metro Region Loyalty Cohort,15908997,Family Planners Lookalike Segment,1665761135741679,Promo Banner Friendly Voice,1647756988327695,Brand Awareness,301.2392,39188,0,50568,85,100,100,100,100,2095,1064,0,0,0,0,652,0,514,1.3116,0,12,0,47734,0
2025-11-26,Marketplace Feed,Weekend Saver Retention Initiative,Metro Region Loyalty Cohort,15908997,Health Conscious Buyers Retention Segment,4136110625615180,Shelf Story Bold Voice,1238862856159509,Brand Awareness,9.1992,4337,0,2835,7,24,99,33,27,70,52,0,0,0,0,5,0,14,0.3228,0,0,0,2568,0
2025-11-27,Search Network,Family Pantry Retention Initiative,Metro Region Loyalty Cohort,15908997,Health Conscious Buyers Retention Segment,1669733702699813,Shelf Story Warm Voice,2604915282803870,Brand Awareness,3.7481,719,0,537,0,2,33,10,3,24,26,0,0,0,0,0,0,0,0.0000,0,0,0,759,0
2025-11-28,Marketplace Feed,Seasonal Select Promo Initiative,Metro Region Loyalty Cohort,15908997,Family Planners Lookalike Segment,1718074286658736,Shelf Story Warm Voice,1532291780998103,Brand Awareness,426.8166,54156,0,43964,176,100,100,100,100,1912,1783,0,0,1,0,442,0,502,0.9270,1,7,0,56850,0
2025-11-29,Social Feed,Seasonal Select Promo Initiative,Metro Region Loyalty Cohort,15908997,Family Planners Lookalike Segment,1718074286658736,Shelf Story Warm Voice,1533493773187614,Brand Awareness,279.2229,64488,0,50096,136,100,100,100,100,1527,1621,0,0,1,0,497,0,725,1.1242,0,10,0,40910,0
2025-11-30,Influencer Network,Family Pantry Retention Initiative,Metro Region Loyalty Cohort,15908997,Family Planners Lookalike Segment,1002710949555221,Shelf Story Warm Voice,1647332301297595,Brand Awareness,20.2820,6996,0,9404,9,28,100,51,31,95,79,0,0,0,0,7,0,26,0.3716,0,0,0,5944,0
2025-11-01,Discovery Network,Family Pantry Retention Initiative,Metro Region Loyalty Cohort,15908997,Health Conscious Buyers Interest Segment,9013382232369046,Shelf Story Warm Voice,3768518651506601,Brand Awareness,14.4089,4467,0,4009,9,21,100,43,28,94,97,0,0,0,0,6,0,25,0.5597,0,1,0,4424,0
2025-11-02,Retail Media Network,Weekend Saver Retention Initiative,Metro Region Loyalty Cohort,15908997,Health Conscious Buyers Interest Segment,1334393532567969,Shelf Story Bold Voice,8314765461987923,Brand Awareness,67.3805,19189,0,21080,27,90,100,100,100,333,279,0,0,0,0,73,0,99,0.5159,0,0,0,18376,0
2025-11-03,Display Network,Family Pantry Retention Initiative,Metro Region Loyalty Cohort,15908997,Health Conscious Buyers Interest Segment,9013382232369046,Price Drop Cut Value Voice,4186893344787278,Brand Awareness,20.5977,5280,0,4221,9,46,100,75,56,95,74,0,0,0,0,5,0,20,0.3788,0,0,0,3056,0
2025-11-04,Video Network,Family Pantry Retention Initiative,Metro Region Loyalty Cohort,15908997,Health Conscious Buyers Interest Segment,9013382232369046,Promo Banner Friendly Voice,1538508227020088,Brand Awareness,24.7281,7092,0,4757,26,100,100,100,100,203,243,0,0,0,0,27,0,76,1.0716,0,2,0,3442,0
2025-11-05,Search Network,Family Pantry Retention Initiative,Metro Region Loyalty Cohort,15908997,Health Conscious Buyers Retention Segment,1669733702699813,Promo Banner Friendly Voice,4647140982681565,Brand Awareness,77.2763,29899,0,24954,93,100,100,100,100,645,648,0,0,0,0,52,0,94,0.3144,3,6,0,17978,0
2025-11-06,Shopping Grid,Seasonal Select Promo Initiative,Metro Region Loyalty Cohort,15908997,Health Conscious Buyers Retention Segment,3613956286158588,Offer Spotlight Bold Voice,4607696881668990,Brand Awareness,6.7596,1473,0,2632,1,7,34,17,13,21,15,0,0,0,0,0,0,2,0.1358,0,0,0,1765,0
2025-11-07,Marketplace Feed,Weekend Saver Retention Initiative,Metro Region Loyalty Cohort,15908997,Family Planners Lookalike Segment,7248228093339312,Shelf Story Bold Voice,3411200546175283,Brand Awareness,86.4008,16024,0,12264,117,100,100,100,100,1171,1094,0,0,0,0,106,0,115,0.7177,0,1,0,19596,0
2025-11-08,Retail Media Network,Family Pantry Retention Initiative,Metro Region Loyalty Cohort,15908997,Health Conscious Buyers Retention Segment,1669733702699813,Collection Showcase Warm Voice,1788908453907262,Brand Awareness,53.1189,12503,0,16803,35,59,100,100,91,402,416,0,0,0,0,23,0,69,0.5519,1,3,0,8557,0
2025-11-09,Connected TV,Family Pantry Retention Initiative,Metro Region Loyalty Cohort,15908997,Family Planners Lookalike Segment,1665761135741679,Shelf Story Warm Voice,2902136042807068,Brand Awareness,628.2806,46971,0,53526,326,100,100,100,100,10261,11052,0,0,11,0,2865,0,3840,8.1753,10,52,0,88314,0
2025-11-10,Influencer Network,Family Pantry Retention Initiative,Metro Region Loyalty Cohort,15908997,Family Planners Lookalike Segment,1665761135741679,Shelf Story Warm Voice,1450951256520921,Brand Awareness,13.2867,2407,0,2925,3,11,81,33,18,68,35,0,0,0,0,7,0,15,0.6232,0,0,0,1752,0
2025-11-11,Retail Media Network,Family Pantry Retention Initiative,Metro Region Loyalty Cohort,15908997,Health Conscious Buyers Interest Segment,1474840462607869,Shelf Story Warm Voice,9110304031000052,Brand Awareness,222.7951,18942,0,21096,51,100,100,100,100,1600,1863,0,0,0,0,327,0,317,1.6735,1,3,0,26681,0
2025-11-12,Display Network,Family Pantry Retention Initiative,Metro Region Loyalty Cohort,15908997,Family Planners Lookalike Segment,1665761135741679,Promo Banner Friendly Voice,6598720554447191,Brand Awareness,4.0970,908,0,1228,1,7,29,18,11,26,26,0,0,0,0,1,0,3,0.3304,0,0,0,714,0
2025-11-13,Retail Media Network,Family Pantry Retention Initiative,Metro Region Loyalty Cohort,15908997,Family Planners Lookalike Segment,1665761135741679,Shelf Story Warm Voice,6549680554582288,Brand Awareness,98.1839,23172,0,18038,45,90,100,100,100,297,340,0,0,0,0,21,0,102,0.4402,0,0,0,35840,0
2025-11-14,Search Network,Home Essentials Scale Initiative,Metro Region Prospecting Cohort,86057605,Family Planners Interest Segment,2052479131570920,Shelf Story Warm Voice,1453411941100364,Brand Awareness,0.0000,0,0,0,0,0,0,0,0,0,0,0,0,0,0,0,0,0,0.0000,0,0,0,0,0
2025-11-15,Video Network,Family Pantry Retention Initiative,Metro Region Loyalty Cohort,15908997,Health Conscious Buyers Retention Segment,1669733702699813,Promo Banner Friendly Voice,1414897562821209,Brand Awareness,5.5524,1314,0,1071,3,5,23,11,5,13,17,0,0,0,0,0,0,1,0.0761,0,0,0,725,0
2025-11-16,Shopping Grid,Family Pantry Retention Initiative,Metro Region Loyalty Cohort,15908997,Health Conscious Buyers Retention Segment,1669733702699813,Shelf Story Warm Voice,6197978194612129,Brand Awareness,10.7610,2215,0,2161,1,13,61,22,16,49,28,0,0,0,0,1,0,3,0.1354,0,0,0,2475,0
2025-11-17,Video Network,Family Pantry Retention Initiative,Metro Region Loyalty Cohort,15908997,Health Conscious Buyers Retention Segment,4976789753470273,Shelf Story Warm Voice,1212856722898025,Brand Awareness,32.2693,7771,0,6146,14,90,100,100,100,274,300,0,0,0,0,21,0,42,0.5405,0,1,0,12186,0
2025-11-18,Shopping Grid,Seasonal Select Promo Initiative,Metro Region Loyalty Cohort,15908997,Family Planners Lookalike Segment,1718074286658736,Promo Banner Warm Voice,1089449421739833,Brand Awareness,370.1679,45635,0,57476,193,100,100,100,100,2745,3199,0,0,0,0,888,0,1486,3.2563,2,14,0,53160,0
2025-11-19,Discovery Network,Family Pantry Retention Initiative,Metro Region Loyalty Cohort,15908997,Health Conscious Buyers Retention Segment,1669733702699813,Shelf Story Warm Voice,4211876559793011,Brand Awareness,42.1999,16588,0,20646,16,51,100,95,66,162,178,0,0,0,0,3,0,21,0.1266,1,0,0,18331,0
2025-11-20,Influencer Network,Seasonal Select Promo Initiative,Metro Region Loyalty Cohort,15908997,Health Conscious Buyers Retention Segment,3613956286158588,Shelf Story Warm Voice,9626373394400677,Brand Awareness,95.0280,15968,0,21158,35,100,100,100,100,409,399,0,0,0,0,49,0,80,0.5010,0,0,0,17540,0
2025-11-21,Retail Media Network,Home Essentials Scale Initiative,Metro Region Prospecting Cohort,86057605,Family Planners Interest Segment,2052479131570920,Price Drop Cut Value Voice,1450690616595384,Brand Awareness,0.0000,0,0,0,0,0,0,0,0,0,0,0,0,0,0,0,0,0,0.0000,0,0,0,0,0
2025-11-22,Influencer Network,Weekend Saver Retention Initiative,Metro Region Loyalty Cohort,15908997,Health Conscious Buyers Retention Segment,4136110625615180,Shelf Story Warm Voice,5443423299390877,Brand Awareness,50.1466,14238,0,23136,39,68,100,100,100,347,287,0,0,0,0,27,0,74,0.5197,0,0,0,18232,0
2025-11-23,In-App Display,Family Pantry Retention Initiative,Metro Region Loyalty Cohort,15908997,Health Conscious Buyers Interest Segment,9013382232369046,Shelf Story Warm Voice,1177430610668804,Brand Awareness,765.0758,152759,0,155096,652,100,100,100,100,23220,21823,0,0,29,0,5457,0,6328,4.1425,21,149,0,133201,0
2025-11-24,Marketplace Feed,Family Pantry Retention Initiative,Metro Region Loyalty Cohort,15908997,Health Conscious Buyers Interest Segment,9013382232369046,Promo Banner Friendly Voice,1255871739760170,Brand Awareness,8.6779,2123,0,3456,9,22,49,33,28,53,54,0,0,0,0,5,0,12,0.5652,0,1,0,2134,0
2025-11-25,Affiliate Network,Weekend Saver Retention Initiative,Metro Region Loyalty Cohort,15908997,Health Conscious Buyers Retention Segment,4136110625615180,Shelf Story Warm Voice,1781261912151237,Brand Awareness,16.9988,8271,0,7844,11,37,100,69,40,163,89,0,0,0,0,19,0,28,0.3385,0,0,0,5675,0
2025-11-26,Social Feed,Family Pantry Retention Initiative,Metro Region Loyalty Cohort,15908997,Family Planners Lookalike Segment,1665761135741679,Price Drop Cut Value Voice,1192366617925175,Brand Awareness,78.1705,16283,0,14977,30,100,100,100,100,356,285,0,0,0,0,79,0,160,0.9826,0,6,0,21569,0
2025-11-27,Marketplace Feed,Family Pantry Retention Initiative,Metro Region Loyalty Cohort,15908997,Family Planners Lookalike Segment,1002710949555221,Offer Spotlight Bold Voice,7401589860358191,Brand Awareness,13.0223,7146,0,6649,18,22,100,47,31,151,158,0,0,0,0,23,0,44,0.6157,0,0,0,3493,0
2025-11-28,Shopping Grid,Weekend Saver Retention Initiative,Metro Region Loyalty Cohort,15908997,Health Conscious Buyers Interest Segment,1334393532567969,Shelf Story Bold Voice,7232280368739505,Brand Awareness,495.2872,49656,0,38262,159,100,100,100,100,3914,3614,0,0,0,0,2053,0,1250,2.5173,1,13,0,22566,0
2025-11-29,Display Network,Seasonal Select Promo Initiative,Metro Region Loyalty Cohort,15908997,Health Conscious Buyers Interest Segment,1532426936569806,Offer Spotlight Bold Voice,4433422745438620,Brand Awareness,21.6210,3964,0,7365,17,38,100,70,41,83,118,0,0,0,0,4,0,35,0.8829,0,0,0,5921,0
2025-11-30,Video Network,Seasonal Select Promo Initiative,Metro Region Loyalty Cohort,15908997,Health Conscious Buyers Retention Segment,3613956286158588,Offer Spotlight Value Voice,9011752711561329,Brand Awareness,27.5922,8142,0,5900,12,100,100,100,100,184,110,0,0,0,0,7,0,27,0.3316,1,2,0,10863,0
2025-11-01,Video Network,Family Pantry Retention Initiative,Metro Region Loyalty Cohort,15908997,Health Conscious Buyers Retention Segment,1669733702699813,Price Drop Cut Value Voice,6906673719698824,Brand Awareness,59.5545,8334,0,8304,21,81,100,100,100,173,215,0,0,0,0,14,0,36,0.4320,0,1,0,16951,0
2025-11-02,Social Feed,Family Pantry Retention Initiative,Metro Region Loyalty Cohort,15908997,Health Conscious Buyers Retention Segment,1669733702699813,Shelf Story Value Voice,1365467474223726,Brand Awareness,56.8336,12447,0,15591,12,25,100,73,40,127,121,0,0,0,0,19,0,43,0.3455,0,0,0,12480,0
2025-11-03,Discovery Network,Family Pantry Retention Initiative,Metro Region Loyalty Cohort,15908997,Health Conscious Buyers Retention Segment,1669733702699813,Shelf Story Warm Voice,1173063753252113,Brand Awareness,389.2237,46595,0,41467,162,100,100,100,100,7067,8408,0,0,5,0,335,0,788,1.6912,6,33,0,31249,0
2025-11-04,Marketplace Feed,Family Pantry Retention Initiative,Metro Region Loyalty Cohort,15908997,Health Conscious Buyers Retention Segment,4976789753470273,Offer Spotlight Bold Voice,1582932391745882,Brand Awareness,33.0593,7490,0,10854,16,18,100,66,29,218,212,0,0,0,0,19,0,29,0.3872,0,0,0,9903,0
2025-11-05,Retail Media Network,Family Pantry Retention Initiative,Metro Region Loyalty Cohort,15908997,Health Conscious Buyers Retention Segment,4976789753470273,Shelf Story Warm Voice,1220076337258804,Brand Awareness,46.0587,14923,0,16762,31,57,100,100,58,257,183,0,0,0,0,26,0,60,0.4021,1,0,0,8572,0
2025-11-06,Video Network,Family Pantry Retention Initiative,Metro Region Loyalty Cohort,15908997,Family Planners Lookalike Segment,1002710949555221,Shelf Story Warm Voice,5797898098365146,Brand Awareness,269.8828,74859,0,45187,122,100,100,100,100,4939,4009,0,0,3,0,601,0,541,0.7227,0,12,0,72204,0
2025-11-07,Connected TV,Weekend Saver Retention Initiative,Metro Region Loyalty Cohort,15908997,Health Conscious Buyers Retention Segment,4136110625615180,Offer Spotlight Bold Voice,3833443174798849,Brand Awareness,21.7490,7136,0,4416,3,12,86,28,16,46,43,0,0,0,0,5,0,15,0.2102,1,0,0,5856,0
2025-11-08,Display Network,Weekend Saver Retention Initiative,Metro Region Loyalty Cohort,15908997,Health Conscious Buyers Interest Segment,1334393532567969,Shelf Story Warm Voice,2520693897922300,Brand Awareness,337.5700,57264,0,62380,143,100,100,100,100,1615,1718,0,0,3,0,740,0,1080,1.8860,0,2,0,32035,0
2025-11-09,Retail Media Network,Weekend Saver Retention Initiative,Metro Region Loyalty Cohort,15908997,Health Conscious Buyers Interest Segment,1334393532567969,Price Drop Cut Value Voice,2051943278335934,Brand Awareness,199.3007,61461,0,49972,82,100,100,100,100,455,535,0,0,0,0,123,0,193,0.3140,0,3,0,67592,0
2025-11-10,In-App Display,Weekend Saver Retention Initiative,Metro Region Loyalty Cohort,15908997,Health Conscious Buyers Retention Segment,4136110625615180,Shelf Story Bold Voice,5160906508093401,Brand Awareness,59.1646,13832,0,19592,37,100,100,100,100,957,675,0,0,0,0,44,0,63,0.4555,1,2,0,17537,0
2025-11-11,Social Feed,Family Pantry Retention Initiative,Metro Region Loyalty Cohort,15908997,Health Conscious Buyers Retention Segment,1669733702699813,Shelf Story Bold Voice,4391005331160720,Brand Awareness,4.7555,1226,0,809,2,2,17,8,3,19,15,0,0,0,0,5,0,7,0.5710,0,0,0,810,0
2025-11-12,Affiliate Network,Family Pantry Retention Initiative,Metro Region Conversion Cohort,38881639,Family Planners Lookalike Segment,1010331617086390,Shelf Story Warm Voice,1022962676348579,Brand Awareness,0.0000,0,0,0,0,0,0,0,0,0,0,0,0,0,0,0,0,0,0.0000,0,0,0,0,0
2025-11-13,Discovery Network,Family Pantry Retention Initiative,Metro Region Loyalty Cohort,15908997,Health Conscious Buyers Retention Segment,4976789753470273,Shelf Story Warm Voice,4041974945367907,Brand Awareness,116.9134,34534,0,28931,58,100,100,100,100,1734,1836,0,0,1,0,128,0,167,0.4836,1,3,0,30703,0
2025-11-14,Marketplace Feed,Seasonal Select Promo Initiative,Metro Region Loyalty Cohort,15908997,Health Conscious Buyers Retention Segment,3613956286158588,Shelf Story Bold Voice,1755467445485119,Brand Awareness,67.2827,21325,0,12652,23,100,100,100,100,327,248,0,0,0,0,32,0,58,0.2720,0,0,0,12135,0
2025-11-15,Connected TV,Seasonal Select Promo Initiative,Metro Region Loyalty Cohort,15908997,Family Planners Lookalike Segment,1718074286658736,Offer Spotlight Bold Voice,1638167476571035,Brand Awareness,49.8932,9488,0,11347,26,100,100,100,100,365,272,0,0,0,0,85,0,122,1.2858,0,4,0,16951,0
2025-11-16,Search Network,Family Pantry Retention Initiative,Metro Region Loyalty Cohort,15908997,Health Conscious Buyers Interest Segment,1474840462607869,Shelf Story Warm Voice,5682500646683685,Brand Awareness,355.8719,81359,0,83400,182,100,100,100,100,5438,3647,0,0,2,0,906,0,965,1.1861,0,16,0,77769,0
2025-11-17,Search Network,Seasonal Select Promo Initiative,Metro Region Loyalty Cohort,15908997,Health Conscious Buyers Retention Segment,3613956286158588,Promo Banner Warm Voice,3456261421148856,Brand Awareness,174.6676,29187,0,26766,111,100,100,100,100,942,1219,0,0,0,0,53,0,122,0.4180,1,2,0,14682,0
2025-11-18,Influencer Network,Weekend Saver Retention Initiative,Metro Region Loyalty Cohort,15908997,Health Conscious Buyers Interest Segment,1334393532567969,Shelf Story Warm Voice,8045514033882153,Brand Awareness,288.6901,30303,0,48621,57,100,100,100,100,1582,2006,0,0,1,0,1251,0,906,2.9898,2,10,0,41787,0
2025-11-19,Video Network,Family Pantry Retention Initiative,Metro Region Loyalty Cohort,15908997,Health Conscious Buyers Retention Segment,4976789753470273,Shelf Story Warm Voice,5506678816268127,Brand Awareness,108.3240,23514,0,28656,66,100,100,100,100,1708,1670,0,0,0,0,183,0,190,0.8080,2,4,0,32285,0
2025-11-20,Shopping Grid,Family Pantry Retention Initiative,Metro Region Loyalty Cohort,86057605,Health Conscious Buyers Interest Segment,1317849022166581,Shelf Story Warm Voice,4835139745633214,Brand Awareness,0.0000,0,0,0,0,0,0,0,0,0,0,0,0,0,0,0,0,0,0.0000,0,0,0,0,0
2025-11-21,Social Feed,Family Pantry Retention Initiative,Metro Region Loyalty Cohort,15908997,Health Conscious Buyers Interest Segment,1474840462607869,Offer Spotlight Bold Voice,3530423296641236,Brand Awareness,86.3553,16599,0,17277,60,73,100,100,100,702,910,0,0,0,0,130,0,236,1.4218,0,4,0,13228,0
2025-11-22,Video Network,Family Pantry Retention Initiative,Metro Region Loyalty Cohort,15908997,Family Planners Lookalike Segment,1002710949555221,Shelf Story Warm Voice,1655044419034925,Brand Awareness,26.2605,4897,0,5509,12,87,100,100,100,271,231,0,0,0,0,18,0,47,0.9598,0,4,0,6564,0
2025-11-23,Video Network,Family Pantry Retention Initiative,Metro Region Loyalty Cohort,15908997,Family Planners Lookalike Segment,1665761135741679,Shelf Story Warm Voice,2616618213121749,Brand Awareness,822.4112,273709,0,259733,627,100,100,100,100,38267,27067,0,0,55,0,9490,0,9390,3.4307,41,241,0,175972,0
2025-11-24,Discovery Network,Seasonal Select Promo Initiative,Metro Region Loyalty Cohort,15908997,Health Conscious Buyers Interest Segment,1532426936569806,Promo Banner Warm Voice,5732401046815275,Brand Awareness,202.5293,46691,0,48082,91,100,100,100,100,816,887,0,0,0,0,119,0,239,0.5119,0,2,0,57750,0
2025-11-25,Connected TV,Family Pantry Retention Initiative,Metro Region Loyalty Cohort,15908997,Family Planners Lookalike Segment,1665761135741679,Collection Showcase Warm Voice,5654112849815777,Brand Awareness,279.7017,29720,0,43776,92,100,100,100,100,1367,1693,0,0,0,0,818,0,699,2.3520,0,8,0,20944,0
2025-11-26,Video Network,Family Pantry Retention Initiative,Metro Region Loyalty Cohort,15908997,Health Conscious Buyers Interest Segment,9013382232369046,Shelf Story Bold Voice,5904212741788775,Brand Awareness,10.1742,1993,0,2423,10,13,59,24,18,64,32,0,0,0,0,4,0,10,0.5018,0,0,0,1393,0
2025-11-27,Social Feed,Family Pantry Retention Initiative,Metro Region Loyalty Cohort,15908997,Health Conscious Buyers Interest Segment,9013382232369046,Shelf Story Warm Voice,1099249066640891,Brand Awareness,284.4174,30083,0,30376,146,100,100,100,100,4621,5658,0,0,7,0,1098,0,911,3.0283,4,13,0,20964,0
2025-11-28,In-App Display,Family Pantry Retention Initiative,Metro Region Loyalty Cohort,15908997,Health Conscious Buyers Interest Segment,1474840462607869,Shelf Story Warm Voice,4340134105081797,Brand Awareness,368.2110,52776,0,52852,268,100,100,100,100,7588,4501,0,0,3,0,1420,0,656,1.2430,8,17,0,43941,0
2025-11-29,Retail Media Network,Seasonal Select Promo Initiative,Metro Region Loyalty Cohort,15908997,Family Planners Lookalike Segment,1718074286658736,Shelf Story Warm Voice,1532291780998103,Brand Awareness,404.9303,40541,0,43515,158,100,100,100,100,1948,2108,0,0,0,0,539,0,668,1.6477,5,18,0,41313,0
2025-11-30,Discovery Network,Seasonal Select Promo Initiative,Metro Region Loyalty Cohort,15908997,Family Planners Lookalike Segment,1718074286658736,Shelf Story Warm Voice,1533493773187614,Brand Awareness,360.4885,30399,0,46092,133,100,100,100,100,1462,1315,0,0,0,0,728,0,607,1.9968,1,6,0,36326,0
2025-11-01,Shopping Grid,Family Pantry Retention Initiative,Metro Region Loyalty Cohort,15908997,Family Planners Lookalike Segment,1665761135741679,Promo Banner Friendly Voice,6598720554447191,Brand Awareness,7.5938,1680,0,1111,1,18,36,22,21,38,27,0,0,0,0,1,0,4,0.2381,0,0,0,1756,0
2025-11-02,Affiliate Network,Seasonal Select Promo Initiative,Metro Region Loyalty Cohort,15908997,Health Conscious Buyers Retention Segment,3613956286158588,Promo Banner Warm Voice,3456261421148856,Brand Awareness,158.9435,22480,0,18655,87,100,100,100,100,1200,716,0,0,0,0,34,0,108,0.4804,0,1,0,17934,0
2025-11-03,Influencer Network,Family Pantry Retention Initiative,Metro Region Loyalty Cohort,15908997,Health Conscious Buyers Retention Segment,1669733702699813,Shelf Story Warm Voice,6197978194612129,Brand Awareness,13.0448,2280,0,3845,7,13,53,31,20,47,59,0,0,0,0,3,0,6,0.2632,0,0,0,2679,0
2025-11-04,Video Network,Family Pantry Retention Initiative,Metro Region Loyalty Cohort,15908997,Health Conscious Buyers Interest Segment,1474840462607869,Shelf Story Warm Voice,5682500646683685,Brand Awareness,449.1371,41792,0,56923,180,100,100,100,100,6033,3907,0,0,2,0,561,0,1042,2.4933,4,11,0,61163,0
2025-11-05,Affiliate Network,Family Pantry Retention Initiative,Metro Region Loyalty Cohort,15908997,Health Conscious Buyers Retention Segment,1669733702699813,Shelf Story Warm Voice,1173063753252113,Brand Awareness,280.0116,53203,0,33710,106,100,100,100,100,5014,3209,0,0,7,0,259,0,672,1.2631,3,26,0,32940,0
2025-11-06,Discovery Network,Family Pantry Retention Initiative,Metro Region Loyalty Cohort,15908997,Health Conscious Buyers Interest Segment,9013382232369046,Promo Banner Friendly Voice,1255871739760170,Brand Awareness,5.0887,1699,0,1676,2,16,44,21,17,38,20,0,0,0,0,4,0,7,0.4120,0,0,0,1537,0
2025-11-07,Social Feed,Weekend Saver Retention Initiative,Metro Region Loyalty Cohort,15908997,Health Conscious Buyers Interest Segment,1334393532567969,Shelf Story Bold Voice,7232280368739505,Brand Awareness,170.2372,14174,0,19223,84,100,100,100,100,1751,1631,0,0,5,0,1801,0,1669,11.7751,1,8,0,19995,0
2025-11-08,Video Network,Family Pantry Retention Initiative,Metro Region Loyalty Cohort,15908997,Family Planners Lookalike Segment,1665761135741679,Shelf Story Warm Voice,6549680554582288,Brand Awareness,61.6875,14425,0,12491,37,53,100,90,71,139,84,0,0,0,0,25,0,78,0.5407,0,0,0,15275,0
2025-11-09,Affiliate Network,Family Pantry Retention Initiative,Metro Region Loyalty Cohort,15908997,Health Conscious Buyers Retention Segment,1669733702699813,Promo Banner Friendly Voice,1414897562821209,Brand Awareness,5.4882,1278,0,1516,3,6,22,11,9,18,11,0,0,0,0,0,0,6,0.4695,0,0,0,1205,0
2025-11-10,Affiliate Network,Family Pantry Retention Initiative,Metro Region Loyalty Cohort,15908997,Family Planners Lookalike Segment,1002710949555221,Shelf Story Warm Voice,1647332301297595,Brand Awareness,41.2348,9446,0,8923,11,43,100,95,48,142,174,0,0,0,0,26,0,29,0.3070,3,2,0,6810,0
2025-11-11,Influencer Network,Seasonal Select Promo Initiative,Metro Region Loyalty Cohort,15908997,Health Conscious Buyers Retention Segment,3613956286158588,Shelf Story Warm Voice,2259713911990191,Brand Awareness,173.3604,32093,0,30729,86,100,100,100,100,1019,1041,0,0,0,0,61,0,108,0.3365,0,8,0,21569,0
2025-11-12,Display Network,Family Pantry Retention Initiative,Metro Region Loyalty Cohort,15908997,Health Conscious Buyers Interest Segment,9013382232369046,Shelf Story Warm Voice,3768518651506601,Brand Awareness,10.4017,1685,0,2733,4,25,81,32,23,68,72,0,0,0,0,9,0,14,0.8309,1,0,0,3297,0
2025-11-13,Influencer Network,Family Pantry Retention Initiative,Metro Region Conversion Cohort,15908997,Weekend Deal Hunters Interest Segment,6202516839870495,Shelf Story Value Voice,1077582730962642,Catalog Engagement,0.0000,0,0,0,0,0,0,0,0,0,0,0,0,0,0,0,0,0,0.0000,0,0,0,0,0
2025-11-14,Shopping Grid,Weekend Saver Retention Initiative,Metro Region Loyalty Cohort,15908997,Health Conscious Buyers Retention Segment,4136110625615180,Shelf Story Warm Voice,1781261912151237,Brand Awareness,2.5459,624,0,353,1,9,21,9,9,17,21,0,0,0,0,1,0,2,0.3205,0,0,0,634,0
2025-11-15,In-App Display,Seasonal Select Promo Initiative,Metro Region Loyalty Cohort,15908997,Family Planners Lookalike Segment,1718074286658736,Offer Spotlight Value Voice,2074777970281390,Brand Awareness,210.9936,29839,0,27158,97,100,100,100,100,1076,1191,0,0,0,0,168,0,222,0.7440,0,6,0,22143,0
2025-11-16,Retail Media Network,Seasonal Select Promo Initiative,Metro Region Loyalty Cohort,15908997,Health Conscious Buyers Interest Segment,1532426936569806,Shelf Story Warm Voice,9953353036347574,Brand Awareness,53.1816,12348,0,10941,29,100,100,100,100,287,220,0,0,0,0,19,0,73,0.5912,0,1,0,9978,0
2025-11-17,Video Network,Weekend Saver Retention Initiative,Metro Region Loyalty Cohort,15908997,Family Planners Lookalike Segment,7248228093339312,Shelf Story Warm Voice,1150526236199258,Brand Awareness,228.2517,47277,0,48741,53,100,100,100,100,837,988,0,0,1,0,68,0,175,0.3702,1,7,0,27506,0
2025-11-18,In-App Display,Family Pantry Retention Initiative,Metro Region Loyalty Cohort,15908997,Family Planners Lookalike Segment,1665761135741679,Shelf Story Warm Voice,1280290142112652,Brand Awareness,9.1410,1241,0,1338,6,17,51,23,19,52,65,0,0,0,0,5,0,8,0.6446,0,0,0,1699,0
2025-11-19,Influencer Network,Family Pantry Retention Initiative,Metro Region Loyalty Cohort,15908997,Health Conscious Buyers Retention Segment,1669733702699813,Shelf Story Warm Voice,5602072675253918,Brand Awareness,222.2739,22981,0,25911,101,100,100,100,100,3365,4033,0,0,0,0,225,0,250,1.0879,0,6,0,32468,0
2025-11-20,Display Network,Family Pantry Retention Initiative,Metro Region Loyalty Cohort,15908997,Family Planners Lookalike Segment,1665761135741679,Shelf Story Value Voice,5225143865411760,Brand Awareness,131.3451,22931,0,23508,44,46,100,100,57,221,172,0,0,0,0,94,0,122,0.5320,0,0,0,26209,0
2025-11-21,Marketplace Feed,Seasonal Select Promo Initiative,Metro Region Loyalty Cohort,15908997,Family Planners Lookalike Segment,1718074286658736,Shelf Story Bold Voice,4278310985669178,Brand Awareness,308.4033,62671,0,54565,129,100,100,100,100,1148,867,0,0,0,0,589,0,614,0.9797,4,10,0,45275,0
2025-11-22,Retail Media Network,Family Pantry Retention Initiative,Metro Region Prospecting Cohort,86057605,Health Conscious Buyers Retention Segment,1345308351935222,Price Drop Cut Value Voice,6635833234332869,Brand Awareness,0.0000,0,0,0,0,0,0,0,0,0,0,0,0,0,0,0,0,0,0.0000,0,0,0,0,0
2025-11-23,Display Network,Family Pantry Retention Initiative,Metro Region Loyalty Cohort,15908997,Family Planners Lookalike Segment,1002710949555221,Offer Spotlight Bold Voice,7401589860358191,Brand Awareness,32.2356,4824,0,7262,24,31,100,72,47,242,145,0,0,0,0,26,0,48,0.9950,0,3,0,7476,0
2025-11-24,Search Network,Seasonal Select Demand Initiative,Metro Region Loyalty Cohort,15908997,Health Conscious Buyers Retention Segment,9223925519536552,Offer Spotlight Bold Voice,1119314133689227,Catalog Engagement,0.0000,0,0,0,0,0,0,0,0,0,0,0,0,0,0,0,0,0,0.0000,0,0,0,0,0
2025-11-25,Retail Media Network,Seasonal Select Promo Initiative,Metro Region Loyalty Cohort,15908997,Health Conscious Buyers Interest Segment,1532426936569806,Offer Spotlight Value Voice,2894551765052346,Brand Awareness,12.9622,2215,0,2996,4,42,100,86,62,53,57,0,0,0,0,6,0,8,0.3612,0,0,0,2062,0
2025-11-26,Social Feed,Family Pantry Retention Initiative,Metro Region Loyalty Cohort,15908997,Health Conscious Buyers Retention Segment,1669733702699813,Shelf Story Bold Voice,4391005331160720,Brand Awareness,8.8838,3233,0,3923,14,10,49,19,12,51,61,0,0,0,0,4,0,14,0.4330,0,0,0,3828,0
2025-11-27,Video Network,Family Pantry Retention Initiative,Metro Region Loyalty Cohort,15908997,Health Conscious Buyers Interest Segment,9013382232369046,Shelf Story Warm Voice,5257839822274418,Brand Awareness,143.5063,29235,0,38301,46,100,100,100,100,740,405,0,0,1,0,170,0,164,0.5610,0,4,0,19228,0
2025-11-28,Search Network,Seasonal Select Promo Initiative,Metro Region Loyalty Cohort,15908997,Health Conscious Buyers Interest Segment,1532426936569806,Offer Spotlight Bold Voice,4433422745438620,Brand Awareness,7.6480,3870,0,3425,6,26,99,42,32,57,58,0,0,0,0,1,0,10,0.2584,0,0,0,1820,0
2025-11-29,In-App Display,Weekend Saver Retention Initiative,Metro Region Loyalty Cohort,15908997,Health Conscious Buyers Retention Segment,4136110625615180,Shelf Story Bold Voice,1238862856159509,Brand Awareness,3.1697,646,0,619,1,3,17,7,4,10,9,0,0,0,0,0,0,1,0.1548,0,0,0,1205,0
2025-11-30,Affiliate Network,Weekend Saver Retention Initiative,Metro Region Loyalty Cohort,15908997,Health Conscious Buyers Interest Segment,1334393532567969,Shelf Story Warm Voice,2520693897922300,Brand Awareness,355.1644,61322,0,62179,115,94,100,100,100,1257,728,0,0,0,0,1498,0,1492,2.4331,1,10,0,62878,0
2025-11-01,Retail Media Network,Family Pantry Retention Initiative,Metro Region Loyalty Cohort,15908997,Health Conscious Buyers Retention Segment,4976789753470273,Shelf Story Warm Voice,1220076337258804,Brand Awareness,60.7137,10295,0,12173,25,33,100,82,46,179,189,0,0,1,0,19,0,65,0.6314,0,0,0,12831,0
2025-11-02,In-App Display,Seasonal Select Promo Initiative,Metro Region Loyalty Cohort,15908997,Health Conscious Buyers Retention Segment,3613956286158588,Offer Spotlight Bold Voice,4607696881668990,Brand Awareness,12.1156,2353,0,2611,5,17,100,39,20,49,45,0,0,0,0,3,0,8,0.3400,0,0,0,3746,0
2025-11-03,In-App Display,Family Pantry Retention Initiative,Metro Region Loyalty Cohort,15908997,Health Conscious Buyers Retention Segment,1669733702699813,Promo Banner Friendly Voice,4647140982681565,Brand Awareness,133.3590,19318,0,29255,76,100,100,100,100,925,851,0,0,0,0,33,0,119,0.6160,0,5,0,25969,0
2025-11-04,Shopping Grid,Family Pantry Retention Initiative,Metro Region Loyalty Cohort,15908997,Health Conscious Buyers Interest Segment,9013382232369046,Shelf Story Value Voice,1103993184708534,Brand Awareness,63.6130,21477,0,15688,37,74,100,100,81,199,256,0,0,0,0,18,0,103,0.4796,0,1,0,16269,0
2025-11-05,Marketplace Feed,Seasonal Select Promo Initiative,Metro Region Loyalty Cohort,15908997,Health Conscious Buyers Retention Segment,3613956286158588,Shelf Story Bold Voice,1755467445485119,Brand Awareness,114.9699,16036,0,37070,67,100,100,100,100,460,250,0,0,0,0,29,0,92,0.5737,0,2,0,14489,0
2025-11-06,Affiliate Network,Weekend Saver Retention Initiative,Metro Region Loyalty Cohort,15908997,Family Planners Lookalike Segment,7248228093339312,Shelf Story Bold Voice,3411200546175283,Brand Awareness,356.3282,50872,0,52409,215,100,100,100,100,4088,2901,0,0,1,0,180,0,389,0.7647,2,17,0,45660,0
2025-11-07,Search Network,Family Pantry Retention Initiative,Metro Region Loyalty Cohort,15908997,Health Conscious Buyers Retention Segment,4976789753470273,Shelf Story Warm Voice,1212856722898025,Brand Awareness,35.3544,6295,0,6836,8,100,100,100,100,298,263,0,0,0,0,47,0,36,0.5719,3,1,0,7503,0
2025-11-08,Connected TV,Weekend Saver Retention Initiative,Metro Region Loyalty Cohort,15908997,Health Conscious Buyers Interest Segment,1334393532567969,Shelf Story Warm Voice,8045514033882153,Brand Awareness,209.9125,23528,0,23270,52,100,100,100,100,1029,1602,0,0,0,0,1234,0,928,3.9442,0,4,0,18091,0
2025-11-09,Discovery Network,Family Pantry Retention Initiative,Metro Region Loyalty Cohort,15908997,Health Conscious Buyers Retention Segment,1669733702699813,Collection Showcase Warm Voice,1788908453907262,Brand Awareness,45.6941,10946,0,12978,21,65,100,100,84,398,256,0,0,0,0,35,0,77,0.7035,0,1,0,7079,0
2025-11-10,In-App Display,Weekend Saver Retention Initiative,Metro Region Loyalty Cohort,15908997,Health Conscious Buyers Retention Segment,4136110625615180,Price Drop Cut Value Voice,1316048837324374,Brand Awareness,71.6579,15861,0,12807,17,48,100,100,79,199,199,0,0,0,0,13,0,38,0.2396,0,0,0,12583,0
2025-11-11,Video Network,Family Pantry Retention Initiative,Metro Region Loyalty Cohort,15908997,Family Planners Lookalike Segment,1665761135741679,Shelf Story Warm Voice,2902136042807068,Brand Awareness,1011.7161,92341,0,92773,403,100,100,100,100,14323,14574,0,0,9,0,2080,0,3896,4.2191,3,41,0,77401,0
2025-11-12,Affiliate Network,Weekend Saver Retention Initiative,Metro Region Loyalty Cohort,15908997,Family Planners Lookalike Segment,7248228093339312,Offer Spotlight Bold Voice,1757288035719114,Brand Awareness,197.3282,31355,0,40808,50,58,100,100,95,291,269,0,0,0,0,65,0,104,0.3317,0,2,0,25580,0
2025-11-13,Social Feed,Seasonal Select Promo Initiative,Metro Region Loyalty Cohort,15908997,Health Conscious Buyers Interest Segment,1532426936569806,Shelf Story Warm Voice,7193200529405455,Brand Awareness,11.0156,3033,0,2704,7,48,100,96,60,64,64,0,0,0,0,1,0,11,0.3627,0,0,0,3223,0
2025-11-14,Shopping Grid,Family Pantry Retention Initiative,Metro Region Loyalty Cohort,15908997,Family Planners Lookalike Segment,1665761135741679,Shelf Story Warm Voice,1450951256520921,Brand Awareness,6.1687,1736,0,2108,4,20,76,30,27,54,48,0,0,0,0,6,0,10,0.5760,0,0,0,2059,0
2025-11-15,Affiliate Network,Family Pantry Retention Initiative,Metro Region Loyalty Cohort,15908997,Health Conscious Buyers Interest Segment,9013382232369046,Shelf Story Warm Voice,1177430610668804,Brand Awareness,746.5650,150830,0,82814,746,100,100,100,100,18548,20687,0,0,43,0,4957,0,3207,2.1262,26,114,0,159107,0
2025-11-16,Video Network,Family Pantry Retention Initiative,Metro Region Loyalty Cohort,15908997,Health Conscious Buyers Interest Segment,1474840462607869,Shelf Story Warm Voice,9110304031000052,Brand Awareness,196.9334,18872,0,30420,76,100,100,100,100,1505,2165,0,0,0,0,289,0,399,2.1142,1,5,0,21621,0
2025-11-17,Display Network,Seasonal Select Promo Initiative,Metro Region Loyalty Cohort,15908997,Family Planners Lookalike Segment,1718074286658736,Promo Banner Warm Voice,1089449421739833,Brand Awareness,388.4349,64706,0,51257,288,100,100,100,100,2987,1791,0,0,3,0,1022,0,1076,1.6629,0,9,0,60431,0
2025-11-18,Discovery Network,Weekend Saver Retention Initiative,Metro Region Loyalty Cohort,15908997,Health Conscious Buyers Interest Segment,1334393532567969,Offer Spotlight Bold Voice,3220054077294586,Brand Awareness,48.7455,12394,0,9124,13,16,88,31,18,67,33,0,0,0,0,26,0,47,0.3792,0,0,0,11792,0
2025-11-19,Marketplace Feed,Weekend Saver Retention Initiative,Metro Region Loyalty Cohort,15908997,Family Planners Lookalike Segment,7248228093339312,Shelf Story Bold Voice,1269408759613688,Brand Awareness,189.7699,34778,0,29311,68,100,100,100,100,466,418,0,0,0,0,24,0,122,0.3508,0,2,0,45577,0
2025-11-20,Discovery Network,Weekend Saver Retention Initiative,Metro Region Loyalty Cohort,15908997,Health Conscious Buyers Retention Segment,4136110625615180,Offer Spotlight Bold Voice,3833443174798849,Brand Awareness,20.9252,6151,0,5976,4,7,46,18,7,29,19,0,0,0,0,3,0,10,0.1626,0,0,0,3929,0
2025-11-21,Search Network,Family Pantry Retention Initiative,Metro Region Loyalty Cohort,15908997,Health Conscious Buyers Retention Segment,1669733702699813,Shelf Story Warm Voice,1837904232519606,Brand Awareness,70.3789,14905,0,24514,69,97,100,100,100,801,757,0,0,0,0,87,0,111,0.7447,0,1,0,17935,0
2025-11-22,Video Network,Seasonal Select Promo Initiative,Metro Region Loyalty Cohort,15908997,Family Planners Lookalike Segment,1718074286658736,Offer Spotlight Bold Voice,1638167476571035,Brand Awareness,40.7577,10319,0,8400,27,53,100,100,64,170,140,0,0,0,0,48,0,67,0.6493,0,2,0,9850,0
2025-11-23,Connected TV,Family Pantry Retention Initiative,Metro Region Loyalty Cohort,15908997,Family Planners Lookalike Segment,1002710949555221,Shelf Story Warm Voice,5797898098365146,Brand Awareness,538.0827,58599,0,70197,216,100,100,100,100,7514,6968,0,0,5,0,1079,0,810,1.3823,3,15,0,53918,0
2025-11-24,Social Feed,Family Pantry Retention Initiative,Metro Region Loyalty Cohort,15908997,Family Planners Lookalike Segment,1665761135741679,Price Drop Cut Value Voice,1192366617925175,Brand Awareness,109.4678,17617,0,21044,46,100,100,100,100,292,284,0,0,1,0,52,0,129,0.7322,0,0,0,11278,0
2025-11-25,Shopping Grid,Family Pantry Retention Initiative,Metro Region Loyalty Cohort,15908997,Family Planners Lookalike Segment,1002710949555221,Shelf Story Warm Voice,1655044419034925,Brand Awareness,23.2036,4274,0,8052,10,100,100,100,100,278,328,0,0,0,0,22,0,29,0.6785,0,0,0,5829,0
2025-11-26,Social Feed,Family Pantry Retention Initiative,Metro Region Loyalty Cohort,15908997,Health Conscious Buyers Retention Segment,4976789753470273,Shelf Story Warm Voice,5506678816268127,Brand Awareness,104.3686,31204,0,14814,69,100,100,100,100,1114,1449,0,0,0,0,120,0,176,0.5640,0,1,0,19864,0
2025-11-27,Influencer Network,Family Pantry Retention Initiative,Metro Region Loyalty Cohort,15908997,Health Conscious Buyers Retention Segment,1669733702699813,Shelf Story Value Voice,1365467474223726,Brand Awareness,41.9224,7685,0,9323,19,32,100,49,28,100,85,0,0,0,0,11,0,28,0.3643,0,0,0,6513,0
2025-11-28,Influencer Network,Family Pantry Retention Initiative,Metro Region Loyalty Cohort,15908997,Health Conscious Buyers Retention Segment,1669733702699813,Price Drop Cut Value Voice,6906673719698824,Brand Awareness,75.4080,19708,0,18724,38,100,100,100,100,320,330,0,0,0,0,14,0,77,0.3907,0,2,0,20227,0
2025-11-29,Marketplace Feed,Family Pantry Retention Initiative,Metro Region Loyalty Cohort,15908997,Health Conscious Buyers Interest Segment,9013382232369046,Collection Showcase Warm Voice,3199746654625132,Brand Awareness,11.3689,2779,0,2024,12,43,100,58,39,101,73,0,0,1,0,24,0,31,1.1155,0,0,0,2148,0
2025-11-30,Retail Media Network,Seasonal Select Promo Initiative,Metro Region Loyalty Cohort,15908997,Health Conscious Buyers Retention Segment,3613956286158588,Shelf Story Warm Voice,9626373394400677,Brand Awareness,170.1900,36188,0,25182,70,100,100,100,100,680,621,0,0,0,0,32,0,106,0.2929,1,3,0,35939,0
2025-11-01,Social Feed,Weekend Saver Retention Initiative,Metro Region Loyalty Cohort,15908997,Health Conscious Buyers Retention Segment,4136110625615180,Price Drop Cut Value Voice,1682844113945221,Brand Awareness,43.5634,9322,0,11457,19,24,100,41,31,73,73,0,0,0,0,6,0,36,0.3862,0,0,0,12743,0
2025-11-02,Shopping Grid,Seasonal Select Promo Initiative,Metro Region Loyalty Cohort,15908997,Health Conscious Buyers Retention Segment,3613956286158588,Offer Spotlight Value Voice,9011752711561329,Brand Awareness,97.0133,17949,0,13454,34,100,100,100,100,565,573,0,0,0,0,21,0,55,0.3064,0,1,0,9520,0
2025-11-03,In-App Display,Family Pantry Retention Initiative,Metro Region Loyalty Cohort,15908997,Health Conscious Buyers Interest Segment,9013382232369046,Shelf Story Warm Voice,1641518074556035,Brand Awareness,7.1503,777,0,788,4,15,30,21,14,22,30,0,0,0,0,0,0,3,0.3861,0,0,0,742,0
2025-11-04,Display Network,Family Pantry Retention Initiative,Metro Region Loyalty Cohort,15908997,Health Conscious Buyers Interest Segment,1474840462607869,Shelf Story Warm Voice,8486205212439809,Brand Awareness,163.5926,24163,0,24319,41,100,100,100,100,713,509,0,0,0,0,108,0,165,0.6829,2,3,0,18920,0
2025-11-05,Affiliate Network,Weekend Saver Retention Initiative,Metro Region Loyalty Cohort,15908997,Health Conscious Buyers Retention Segment,4136110625615180,Shelf Story Warm Voice,5443423299390877,Brand Awareness,48.0567,12268,0,12756,14,26,100,90,50,178,153,0,0,0,0,11,0,36,0.2934,0,1,0,13481,0
2025-11-06,Display Network,Family Pantry Retention Initiative,Metro Region Loyalty Cohort,15908997,Health Conscious Buyers Retention Segment,1669733702699813,Shelf Story Warm Voice,4211876559793011,Brand Awareness,91.4246,16863,0,21215,33,57,100,100,79,182,238,0,0,0,0,17,0,92,0.5456,0,2,0,21286,0
2025-11-07,Discovery Network,Weekend Saver Retention Initiative,Metro Region Loyalty Cohort,15908997,Family Planners Lookalike Segment,7248228093339312,Shelf Story Warm Voice,6451368560487732,Brand Awareness,280.1609,56393,0,52546,113,100,100,100,100,1149,948,0,0,0,0,150,0,236,0.4185,3,3,0,68139,0
2025-11-08,Marketplace Feed,Seasonal Select Promo Initiative,Metro Region Loyalty Cohort,15908997,Health Conscious Buyers Interest Segment,1532426936569806,Shelf Story Bold Voice,1082336609132049,Brand Awareness,83.1275,21434,0,36457,48,100,100,100,100,278,335,0,0,0,0,17,0,142,0.6625,0,1,0,27929,0
2025-11-09,In-App Display,Weekend Saver Retention Initiative,Metro Region Loyalty Cohort,15908997,Family Planners Lookalike Segment,7248228093339312,Price Drop Cut Value Voice,9318406623487279,Brand Awareness,299.0422,42875,0,63622,86,100,100,100,100,621,493,0,0,0,0,46,0,124,0.2892,1,5,0,76164,0
2025-11-10,Display Network,Family Pantry Retention Initiative,Metro Region Loyalty Cohort,15908997,Health Conscious Buyers Retention Segment,4976789753470273,Shelf Story Warm Voice,4041974945367907,Brand Awareness,114.9403,22461,0,29314,37,100,100,100,100,1244,1194,0,0,2,0,82,0,185,0.8236,1,4,0,28071,0
2025-11-11,Affiliate Network,Weekend Saver Retention Initiative,Metro Region Loyalty Cohort,15908997,Health Conscious Buyers Interest Segment,1334393532567969,Price Drop Cut Value Voice,2051943278335934,Brand Awareness,76.0624,28720,0,27779,30,33,100,68,40,164,178,0,0,1,0,91,0,128,0.4457,0,2,0,13330,0
2025-11-12,Shopping Grid,Family Pantry Retention Initiative,Metro Region Loyalty Cohort,15908997,Health Conscious Buyers Retention Segment,4976789753470273,Offer Spotlight Bold Voice,1582932391745882,Brand Awareness,36.1006,10020,0,8353,14,17,100,57,30,174,203,0,0,0,0,11,0,39,0.3892,0,0,0,9264,0
2025-11-13,Influencer Network,Weekend Saver Retention Initiative,Metro Region Loyalty Cohort,15908997,Health Conscious Buyers Interest Segment,1334393532567969,Price Drop Cut Value Voice,1109002298095593,Brand Awareness,329.7641,57781,0,83814,113,100,100,100,100,1548,1712,0,0,0,0,703,0,553,0.9571,1,3,0,65239,0
2025-11-14,Shopping Grid,Family Pantry Retention Initiative,Metro Region Loyalty Cohort,15908997,Family Planners Lookalike Segment,1665761135741679,Shelf Story Bold Voice,1220357368781053,Brand Awareness,43.3141,7309,0,6617,10,19,100,53,25,130,87,0,0,1,0,53,0,84,1.1493,0,2,0,9323,0
2025-11-15,Connected TV,Family Pantry Retention Initiative,Metro Region Loyalty Cohort,15908997,Family Planners Lookalike Segment,1665761135741679,Shelf Story Warm Voice,2793262031628184,Brand Awareness,281.0594,57043,0,50625,137,100,100,100,100,2105,1388,0,0,0,0,296,0,409,0.7170,2,12,0,57201,0
2025-11-16,Display Network,Family Pantry Retention Initiative,Metro Region Loyalty Cohort,15908997,Health Conscious Buyers Interest Segment,1474840462607869,Offer Spotlight Bold Voice,3530423296641236,Brand Awareness,85.7647,13472,0,12579,56,56,100,100,75,658,700,0,0,1,0,135,0,139,1.0318,0,0,0,8371,0
2025-11-17,Social Feed,Family Pantry Retention Initiative,Metro Region Loyalty Cohort,15908997,Health Conscious Buyers Retention Segment,1669733702699813,Shelf Story Warm Voice,2604915282803870,Brand Awareness,4.4176,1001,0,1430,1,9,38,10,10,33,31,0,0,0,0,3,0,9,0.8991,0,0,0,933,0
2025-11-18,Video Network,Family Pantry Retention Initiative,Metro Region Loyalty Cohort,15908997,Health Conscious Buyers Interest Segment,9013382232369046,Price Drop Cut Value Voice,4186893344787278,Brand Awareness,5.2673,1480,0,1210,2,9,48,16,11,18,16,0,0,0,0,0,0,3,0.2027,0,0,0,1167,0
2025-11-19,Display Network,Family Pantry Retention Initiative,Metro Region Loyalty Cohort,15908997,Health Conscious Buyers Interest Segment,9013382232369046,Promo Banner Friendly Voice,1538508227020088,Brand Awareness,12.1048,2683,0,3420,12,47,100,67,56,87,60,0,0,0,0,5,0,21,0.7827,0,0,0,3472,0
2025-11-20,Social Feed,Home Essentials Scale Initiative,Metro Region Prospecting Cohort,86057605,Family Planners Interest Segment,2052479131570920,Promo Banner Friendly Voice,7057211523700123,Brand Awareness,0.0000,0,0,0,0,0,0,0,0,0,0,0,0,0,0,0,0,0,0.0000,0,0,0,0,0
2025-11-21,In-App Display,Weekend Saver Retention Initiative,Metro Region Loyalty Cohort,15908997,Family Planners Lookalike Segment,7248228093339312,Price Drop Cut Value Voice,9781212069592701,Brand Awareness,319.3867,51268,0,59945,122,100,100,100,100,1492,2145,0,0,2,0,100,0,256,0.4993,1,7,0,45745,0
2025-11-22,Search Network,Family Pantry Retention Initiative,Metro Region Loyalty Cohort,15908997,Health Conscious Buyers Interest Segment,9013382232369046,Shelf Story Warm Voice,8148838999548557,Brand Awareness,5.2598,1318,0,1262,2,16,31,17,16,28,27,0,0,0,0,3,0,8,0.6070,0,0,0,1080,0
2025-11-23,Influencer Network,Weekend Saver Retention Initiative,Metro Region Loyalty Cohort,15908997,Health Conscious Buyers Retention Segment,4136110625615180,Shelf Story Bold Voice,5160906508093401,Brand Awareness,42.2988,6657,0,6086,18,43,100,87,51,227,131,0,0,0,0,10,0,27,0.4056,0,3,0,5555,0
2025-11-24,Display Network,Family Pantry Retention Initiative,Metro Region Conversion Cohort,15908997,Bulk Buyers Retention Segment,1412316301536073,Offer Spotlight Friendly Voice,9097155454198752,Catalog Engagement,0.0000,0,0,0,0,0,0,0,0,0,0,0,0,0,0,0,0,0,0.0000,0,0,0,0,0
2025-11-25,Search Network,Family Pantry Retention Initiative,Metro Region Conversion Cohort,38881639,Family Planners Lookalike Segment,1010331617086390,Shelf Story Warm Voice,1022962676348579,Brand Awareness,0.0000,0,0,0,0,0,0,0,0,0,0,0,0,0,0,0,0,0,0.0000,0,0,0,0,0
2025-11-26,Affiliate Network,Family Pantry Retention Initiative,Metro Region Loyalty Cohort,15908997,Family Planners Lookalike Segment,1002710949555221,Shelf Story Warm Voice,3185083078735744,Brand Awareness,127.3664,35346,0,22153,82,100,100,100,100,2139,1584,0,0,1,0,110,0,364,1.0298,0,8,0,29678,0
2025-11-27,Social Feed,Family Pantry Retention Initiative,Metro Region Loyalty Cohort,15908997,Family Planners Lookalike Segment,1665761135741679,Promo Banner Friendly Voice,1647756988327695,Brand Awareness,386.1235,45515,0,63935,134,100,100,100,100,2326,2347,0,0,2,0,482,0,1213,2.6651,2,8,0,47988,0
2025-11-28,Display Network,Weekend Saver Retention Initiative,Metro Region Loyalty Cohort,15908997,Health Conscious Buyers Interest Segment,1334393532567969,Shelf Story Bold Voice,8314765461987923,Brand Awareness,41.6474,7301,0,8725,14,19,100,46,23,86,99,0,0,0,0,31,0,34,0.4657,0,0,0,8287,0
2025-11-29,Connected TV,Seasonal Select Promo Initiative,Metro Region Loyalty Cohort,15908997,Health Conscious Buyers Interest Segment,1532426936569806,Promo Banner Warm Voice,5732401046815275,Brand Awareness,142.3739,34112,0,38100,115,100,100,100,100,658,663,0,0,0,0,83,0,146,0.4280,1,3,0,45075,0
2025-11-30,Display Network,Family Pantry Retention Initiative,Metro Region Loyalty Cohort,15908997,Health Conscious Buyers Retention Segment,1669733702699813,Promo Banner Friendly Voice,4647140982681565,Brand Awareness,130.8900,34658,0,34360,38,100,100,100,100,662,512,0,0,0,0,33,0,87,0.2510,0,1,0,19222,0
2025-11-01,Display Network,Family Pantry Retention Initiative,Metro Region Loyalty Cohort,15908997,Health Conscious Buyers Retention Segment,4976789753470273,Shelf Story Warm Voice,4041974945367907,Brand Awareness,125.0606,24423,0,18393,79,100,100,100,100,1288,1783,0,0,0,0,111,0,160,0.6551,0,4,0,19654,0
2025-11-02,Shopping Grid,Family Pantry Retention Initiative,Metro Region Loyalty Cohort,15908997,Family Planners Lookalike Segment,1002710949555221,Shelf Story Warm Voice,1655044419034925,Brand Awareness,24.1502,5562,0,7807,26,85,100,100,100,315,402,0,0,1,0,25,0,43,0.7731,0,1,0,6598,0
2025-11-03,Shopping Grid,Weekend Saver Retention Initiative,Metro Region Loyalty Cohort,15908997,Health Conscious Buyers Retention Segment,4136110625615180,Price Drop Cut Value Voice,1682844113945221,Brand Awareness,24.6298,6878,0,6036,16,9,88,24,13,48,56,0,0,0,0,5,0,29,0.4216,0,1,0,12361,0
2025-11-04,Social Feed,Family Pantry Retention Initiative,Metro Region Loyalty Cohort,15908997,Health Conscious Buyers Retention Segment,1669733702699813,Shelf Story Warm Voice,4211876559793011,Brand Awareness,115.9745,18827,0,20343,45,93,100,100,100,332,174,0,0,0,0,16,0,82,0.4355,1,0,0,19691,0
2025-11-05,Retail Media Network,Family Pantry Retention Initiative,Metro Region Conversion Cohort,15908997,Bulk Buyers Retention Segment,1096889057602193,Offer Spotlight Friendly Voice,5703717592430862,Catalog Engagement,0.0000,0,0,0,0,0,0,0,0,0,0,0,0,0,0,0,0,0,0.0000,0,0,0,0,0
2025-11-06,Search Network,Family Pantry Retention Initiative,Metro Region Loyalty Cohort,15908997,Family Planners Lookalike Segment,1665761135741679,Promo Banner Friendly Voice,1647756988327695,Brand Awareness,272.4902,38699,0,49181,133,100,100,100,100,2490,2629,0,0,2,0,1234,0,1065,2.7520,0,11,0,59953,0
2025-11-07,Discovery Network,Family Pantry Retention Initiative,Metro Region Loyalty Cohort,15908997,Family Planners Lookalike Segment,1002710949555221,Shelf Story Warm Voice,5797898098365146,Brand Awareness,516.8652,91551,0,86714,182,100,100,100,100,8022,3593,0,0,1,0,1087,0,1349,1.4735,7,24,0,60097,0
2025-11-08,Connected TV,Family Pantry Retention Initiative,Metro Region Loyalty Cohort,15908997,Family Planners Lookalike Segment,1665761135741679,Shelf Story Warm Voice,2793262031628184,Brand Awareness,268.7905,63283,0,65983,138,100,100,100,100,1917,1354,0,0,1,0,649,0,561,0.8865,3,14,0,48709,0
2025-11-09,Shopping Grid,Weekend Saver Retention Initiative,Metro Region Loyalty Cohort,15908997,Health Conscious Buyers Interest Segment,1334393532567969,Price Drop Cut Value Voice,1109002298095593,Brand Awareness,460.3634,70523,0,110723,134,100,100,100,100,2074,1707,0,0,0,0,517,0,737,1.0450,2,9,0,101547,0
2025-11-10,Shopping Grid,Family Pantry Retention Initiative,Metro Region Loyalty Cohort,15908997,Family Planners Lookalike Segment,1665761135741679,Shelf Story Bold Voice,1220357368781053,Brand Awareness,58.3753,16069,0,14670,40,58,100,100,78,322,303,0,0,1,0,266,0,283,1.7612,1,2,0,8949,0
2025-11-11,Video Network,Seasonal Select Promo Initiative,Metro Region Loyalty Cohort,15908997,Family Planners Lookalike Segment,1718074286658736,Shelf Story Bold Voice,4278310985669178,Brand Awareness,356.9889,66180,0,54739,165,100,100,100,100,1182,1068,0,0,0,0,721,0,624,0.9429,2,9,0,40578,0
2025-11-12,Video Network,Weekend Saver Retention Initiative,Metro Region Loyalty Cohort,15908997,Health Conscious Buyers Retention Segment,4136110625615180,Shelf Story Bold Voice,1238862856159509,Brand Awareness,5.6884,1745,0,2145,5,4,22,11,6,21,22,0,0,0,0,1,0,4,0.2292,0,0,0,3392,0
2025-11-13,Retail Media Network,Seasonal Select Promo Initiative,Metro Region Loyalty Cohort,15908997,Health Conscious Buyers Interest Segment,1532426936569806,Offer Spotlight Bold Voice,4433422745438620,Brand Awareness,4.6543,864,0,1400,4,8,30,16,8,16,13,0,0,0,0,0,0,4,0.4630,0,0,0,1130,0
2025-11-14,Retail Media Network,Family Pantry Retention Initiative,Metro Region Loyalty Cohort,15908997,Health Conscious Buyers Retention Segment,1669733702699813,Price Drop Cut Value Voice,6906673719698824,Brand Awareness,106.4968,19131,0,29068,49,100,100,100,100,307,336,0,0,0,0,29,0,107,0.5593,0,2,0,24102,0
2025-11-15,Search Network,Seasonal Select Promo Initiative,Metro Region Loyalty Cohort,15908997,Health Conscious Buyers Retention Segment,3613956286158588,Shelf Story Warm Voice,9626373394400677,Brand Awareness,107.5019,25621,0,27829,67,100,100,100,100,507,341,0,0,0,0,32,0,167,0.6518,0,0,0,20474,0
2025-11-16,Retail Media Network,Family Pantry Retention Initiative,Metro Region Loyalty Cohort,15908997,Health Conscious Buyers Interest Segment,9013382232369046,Shelf Story Warm Voice,5257839822274418,Brand Awareness,132.4945,30382,0,21468,71,93,100,100,100,663,420,0,0,0,0,71,0,164,0.5398,2,5,0,36115,0
2025-11-17,Shopping Grid,Family Pantry Retention Initiative,Metro Region Loyalty Cohort,15908997,Health Conscious Buyers Retention Segment,1669733702699813,Shelf Story Value Voice,1365467474223726,Brand Awareness,64.6189,15553,0,15543,19,37,100,67,47,152,200,0,0,0,0,19,0,55,0.3536,0,0,0,7861,0
2025-11-18,Search Network,Family Pantry Retention Initiative,Metro Region Loyalty Cohort,15908997,Health Conscious Buyers Interest Segment,9013382232369046,Collection Showcase Warm Voice,3199746654625132,Brand Awareness,6.3952,1937,0,1316,3,27,68,40,30,79,61,0,0,0,0,6,0,8,0.4130,0,0,0,1990,0
2025-11-19,Display Network,Family Pantry Retention Initiative,Metro Region Loyalty Cohort,15908997,Health Conscious Buyers Retention Segment,1669733702699813,Shelf Story Warm Voice,1173063753252113,Brand Awareness,188.0023,34546,0,21140,132,100,100,100,100,3925,2501,0,0,1,0,165,0,327,0.9466,1,12,0,30337,0
2025-11-20,Discovery Network,Seasonal Select Promo Initiative,Metro Region Loyalty Cohort,15908997,Family Planners Lookalike Segment,1718074286658736,Offer Spotlight Value Voice,2074777970281390,Brand Awareness,212.6294,20744,0,19290,86,100,100,100,100,883,698,0,0,0,0,112,0,152,0.7327,0,2,0,28765,0
2025-11-21,Social Feed,Family Pantry Retention Initiative,Metro Region Loyalty Cohort,15908997,Health Conscious Buyers Retention Segment,4976789753470273,Shelf Story Warm Voice,1212856722898025,Brand Awareness,27.2440,5439,0,9689,25,72,100,100,98,302,310,0,0,0,0,23,0,58,1.0664,0,2,0,6562,0
2025-11-22,Discovery Network,Weekend Saver Retention Initiative,Metro Region Loyalty Cohort,15908997,Family Planners Lookalike Segment,7248228093339312,Shelf Story Bold Voice,3411200546175283,Brand Awareness,200.0056,30368,0,22102,97,100,100,100,100,2126,2519,0,0,1,0,105,0,179,0.5894,1,7,0,20195,0
2025-11-23,Connected TV,Family Pantry Retention Initiative,Metro Region Loyalty Cohort,15908997,Health Conscious Buyers Interest Segment,9013382232369046,Price Drop Cut Value Voice,4186893344787278,Brand Awareness,4.0449,616,0,938,5,8,33,12,7,17,16,0,0,0,0,0,0,4,0.6494,0,0,0,1115,0
2025-11-24,Shopping Grid,Seasonal Select Promo Initiative,Metro Region Loyalty Cohort,15908997,Health Conscious Buyers Interest Segment,1532426936569806,Offer Spotlight Value Voice,2894551765052346,Brand Awareness,4.6212,903,0,1244,1,22,100,46,30,32,36,0,0,0,0,0,0,2,0.2215,0,0,0,957,0
2025-11-25,Influencer Network,Family Pantry Retention Initiative,Metro Region Conversion Cohort,38881639,Family Planners Lookalike Segment,1010331617086390,Shelf Story Warm Voice,1022962676348579,Brand Awareness,0.0000,0,0,0,0,0,0,0,0,0,0,0,0,0,0,0,0,0,0.0000,0,0,0,0,0
2025-11-26,In-App Display,Family Pantry Retention Initiative,Metro Region Loyalty Cohort,15908997,Health Conscious Buyers Interest Segment,1474840462607869,Shelf Story Warm Voice,9110304031000052,Brand Awareness,189.4535,34204,0,28387,96,100,100,100,100,2197,1076,0,0,2,0,206,0,314,0.9180,0,2,0,31136,0
2025-11-27,In-App Display,Family Pantry Retention Initiative,Metro Region Loyalty Cohort,15908997,Health Conscious Buyers Retention Segment,1669733702699813,Promo Banner Friendly Voice,1414897562821209,Brand Awareness,18.2539,6787,0,6592,5,15,65,23,18,64,37,0,0,0,0,3,0,12,0.1768,0,0,0,6237,0
2025-11-28,Discovery Network,Family Pantry Retention Initiative,Metro Region Loyalty Cohort,15908997,Health Conscious Buyers Interest Segment,1474840462607869,Offer Spotlight Bold Voice,3530423296641236,Brand Awareness,88.2200,29833,0,37207,79,70,100,100,94,766,322,0,0,0,0,94,0,238,0.7978,0,3,0,34015,0
2025-11-29,Shopping Grid,Seasonal Select Promo Initiative,Metro Region Loyalty Cohort,15908997,Health Conscious Buyers Retention Segment,3613956286158588,Shelf Story Warm Voice,2259713911990191,Brand Awareness,96.4213,16452,0,24051,67,100,100,100,100,622,630,0,0,0,0,39,0,129,0.7841,0,1,0,19764,0
2025-11-30,Shopping Grid,Seasonal Select Promo Initiative,Metro Region Loyalty Cohort,15908997,Health Conscious Buyers Interest Segment,1532426936569806,Shelf Story Bold Voice,1082336609132049,Brand Awareness,16.2004,4303,0,4944,6,45,100,65,43,57,48,0,0,0,0,2,0,16,0.3718,0,0,0,5344,0
2025-11-01,In-App Display,Weekend Saver Retention Initiative,Metro Region Loyalty Cohort,15908997,Family Planners Lookalike Segment,7248228093339312,Price Drop Cut Value Voice,9781212069592701,Brand Awareness,145.1731,49533,0,30962,74,100,100,100,100,884,514,0,0,0,0,55,0,195,0.3937,0,1,0,53657,0
2025-11-02,Display Network,Family Pantry Retention Initiative,Metro Region Loyalty Cohort,15908997,Health Conscious Buyers Retention Segment,1669733702699813,Shelf Story Warm Voice,1837904232519606,Brand Awareness,113.4774,19226,0,30826,63,98,100,100,100,763,716,0,0,0,0,90,0,143,0.7438,1,7,0,16661,0
2025-11-03,Connected TV,Family Pantry Retention Initiative,Metro Region Loyalty Cohort,15908997,Health Conscious Buyers Interest Segment,9013382232369046,Shelf Story Value Voice,1103993184708534,Brand Awareness,80.1924,29042,0,29385,40,74,100,100,82,245,268,0,0,0,0,48,0,74,0.2548,0,0,0,19655,0
2025-11-04,Social Feed,Family Pantry Retention Initiative,Metro Region Loyalty Cohort,15908997,Health Conscious Buyers Interest Segment,9013382232369046,Shelf Story Warm Voice,1641518074556035,Brand Awareness,3.7838,1606,0,1157,2,8,26,12,8,21,17,0,0,0,0,0,0,2,0.1245,0,0,0,924,0
2025-11-05,In-App Display,Weekend Saver Retention Initiative,Metro Region Loyalty Cohort,15908997,Health Conscious Buyers Interest Segment,1334393532567969,Shelf Story Warm Voice,2520693897922300,Brand Awareness,377.7767,51392,0,89195,130,100,100,100,100,1969,2153,0,0,1,0,1818,0,1846,3.5920,2,14,0,50826,0
2025-11-06,Shopping Grid,Seasonal Select Promo Initiative,Metro Region Loyalty Cohort,15908997,Health Conscious Buyers Retention Segment,3613956286158588,Offer Spotlight Value Voice,9011752711561329,Brand Awareness,66.4375,10214,0,9322,19,100,100,100,100,270,166,0,0,0,0,6,0,36,0.3525,0,1,0,11191,0
2025-11-07,Shopping Grid,Family Pantry Retention Initiative,Metro Region Loyalty Cohort,15908997,Health Conscious Buyers Retention Segment,4976789753470273,Offer Spotlight Bold Voice,1582932391745882,Brand Awareness,39.1294,6442,0,10807,16,17,100,49,21,142,109,0,0,0,0,20,0,59,0.9159,0,0,0,7244,0
2025-11-08,Shopping Grid,Family Pantry Retention Initiative,Metro Region Loyalty Cohort,15908997,Family Planners Lookalike Segment,1002710949555221,Offer Spotlight Bold Voice,7401589860358191,Brand Awareness,64.5823,21315,0,15807,54,36,100,100,57,362,272,0,0,0,0,82,0,99,0.4645,0,2,0,12116,0
2025-11-09,Marketplace Feed,Home Essentials Scale Initiative,Metro Region Prospecting Cohort,86057605,Family Planners Interest Segment,2052479131570920,Price Drop Cut Value Voice,1337311684616332,Brand Awareness,0.0000,0,0,0,0,0,0,0,0,0,0,0,0,0,0,0,0,0,0.0000,0,0,0,0,0
2025-11-10,Marketplace Feed,Weekend Saver Retention Initiative,Metro Region Loyalty Cohort,15908997,Family Planners Lookalike Segment,7248228093339312,Shelf Story Warm Voice,1150526236199258,Brand Awareness,47.9595,14478,0,20796,37,71,100,100,90,310,226,0,0,0,0,79,0,109,0.7529,0,1,0,13985,0
2025-11-11,Social Feed,Seasonal Select Promo Initiative,Metro Region Loyalty Cohort,15908997,Health Conscious Buyers Interest Segment,1532426936569806,Shelf Story Warm Voice,7193200529405455,Brand Awareness,5.1531,1359,0,1651,7,24,100,58,36,33,28,0,0,0,0,0,0,5,0.3679,0,0,0,1239,0
2025-11-12,Affiliate Network,Weekend Saver Retention Initiative,Metro Region Loyalty Cohort,15908997,Health Conscious Buyers Retention Segment,4136110625615180,Price Drop Cut Value Voice,1316048837324374,Brand Awareness,37.1103,10404,0,16879,16,39,100,98,59,216,233,0,0,0,0,8,0,31,0.2980,0,1,0,17859,0
2025-11-13,Marketplace Feed,Family Pantry Retention Initiative,Metro Region Loyalty Cohort,15908997,Family Planners Lookalike Segment,1665761135741679,Shelf Story Warm Voice,6549680554582288,Brand Awareness,203.9469,36242,0,57808,68,100,100,100,100,409,380,0,0,0,0,72,0,166,0.4580,1,1,0,29283,0
2025-11-14,Video Network,Family Pantry Retention Initiative,Metro Region Loyalty Cohort,15908997,Health Conscious Buyers Interest Segment,9013382232369046,Shelf Story Bold Voice,5904212741788775,Brand Awareness,6.5419,1073,0,1139,1,7,29,13,11,32,17,0,0,0,0,1,0,4,0.3728,0,0,0,1118,0
2025-11-15,Shopping Grid,Family Pantry Retention Initiative,Metro Region Loyalty Cohort,15908997,Family Planners Lookalike Segment,1665761135741679,Promo Banner Friendly Voice,6598720554447191,Brand Awareness,23.9891,5481,0,7517,6,22,78,30,19,71,44,0,0,0,0,4,0,11,0.2007,0,0,0,6694,0
2025-11-16,In-App Display,Family Pantry Retention Initiative,Metro Region Loyalty Cohort,15908997,Family Planners Lookalike Segment,1665761135741679,Shelf Story Warm Voice,2616618213121749,Brand Awareness,1008.5831,194176,0,203616,1226,100,100,100,100,43247,23124,0,0,55,0,5357,0,10504,5.4095,50,257,0,155626,0
2025-11-17,Video Network,Seasonal Select Promo Initiative,Metro Region Loyalty Cohort,15908997,Health Conscious Buyers Interest Segment,1532426936569806,Shelf Story Warm Voice,9953353036347574,Brand Awareness,24.8561,6878,0,9924,16,76,100,100,100,100,72,0,0,2,0,3,0,40,0.5816,0,1,0,8967,0
2025-11-18,Discovery Network,Weekend Saver Retention Initiative,Metro Region Loyalty Cohort,15908997,Health Conscious Buyers Interest Segment,1334393532567969,Shelf Story Bold Voice,7232280368739505,Brand Awareness,388.5392,49970,0,41976,151,100,100,100,100,3823,2267,0,0,2,0,1587,0,1387,2.7757,6,20,0,39098,0
2025-11-19,Affiliate Network,Family Pantry Retention Initiative,Metro Region Loyalty Cohort,15908997,Family Planners Lookalike Segment,1665761135741679,Shelf Story Warm Voice,1450951256520921,Brand Awareness,21.9601,4443,0,4046,10,55,100,80,55,137,148,0,0,0,0,33,0,29,0.6527,0,1,0,3597,0
2025-11-20,Affiliate Network,Home Essentials Scale Initiative,Metro Region Prospecting Cohort,86057605,Family Planners Interest Segment,2052479131570920,Price Drop Cut Direct Voice,7324105902810892,Brand Awareness,0.0000,0,0,0,0,0,0,0,0,0,0,0,0,0,0,0,0,0,0.0000,0,0,0,0,0
2025-11-21,Display Network,Seasonal Select Promo Initiative,Metro Region Loyalty Cohort,15908997,Family Planners Lookalike Segment,1718074286658736,Shelf Story Warm Voice,1533493773187614,Brand Awareness,367.6386,69258,0,66960,225,100,100,100,100,1995,1992,0,0,0,0,552,0,737,1.0641,0,8,0,47768,0
2025-11-22,Shopping Grid,Seasonal Select Promo Initiative,Metro Region Loyalty Cohort,15908997,Family Planners Lookalike Segment,1718074286658736,Shelf Story Warm Voice,1532291780998103,Brand Awareness,309.2712,72128,0,65997,299,100,100,100,100,2654,2960,0,0,2,0,751,0,1162,1.6110,2,16,0,50099,0
2025-11-23,Connected TV,Seasonal Select Promo Initiative,Metro Region Loyalty Cohort,15908997,Health Conscious Buyers Retention Segment,3613956286158588,Promo Banner Warm Voice,3456261421148856,Brand Awareness,116.1558,19515,0,28784,52,100,100,100,100,912,649,0,0,0,0,27,0,81,0.4151,1,6,0,17339,0
2025-11-24,Display Network,Family Pantry Retention Initiative,Metro Region Loyalty Cohort,15908997,Health Conscious Buyers Retention Segment,4976789753470273,Shelf Story Warm Voice,5506678816268127,Brand Awareness,136.3151,20026,0,25931,100,100,100,100,100,1746,1414,0,0,0,0,109,0,277,1.3832,2,4,0,13938,0
2025-11-25,Discovery Network,Family Pantry Retention Initiative,Metro Region Loyalty Cohort,15908997,Health Conscious Buyers Retention Segment,1669733702699813,Shelf Story Warm Voice,2604915282803870,Brand Awareness,9.6148,2844,0,3557,6,11,72,24,13,69,33,0,0,0,0,6,0,22,0.7736,0,0,0,4509,0
2025-11-26,Affiliate Network,Family Pantry Retention Initiative,Metro Region Loyalty Cohort,15908997,Health Conscious Buyers Interest Segment,9013382232369046,Shelf Story Warm Voice,3768518651506601,Brand Awareness,7.6331,1084,0,1106,7,12,49,25,16,41,38,0,0,0,0,3,0,11,1.0148,0,0,0,1882,0
2025-11-27,Connected TV,Family Pantry Retention Initiative,Metro Region Loyalty Cohort,15908997,Health Conscious Buyers Interest Segment,1474840462607869,Shelf Story Warm Voice,4340134105081797,Brand Awareness,315.0052,59043,0,92016,143,100,100,100,100,7274,4402,0,0,3,0,732,0,1209,2.0477,3,19,0,65927,0
2025-11-28,Retail Media Network,Weekend Saver Retention Initiative,Metro Region Loyalty Cohort,15908997,Health Conscious Buyers Retention Segment,4136110625615180,Shelf Story Warm Voice,1781261912151237,Brand Awareness,3.2287,544,0,849,5,2,12,4,3,14,15,0,0,0,0,1,0,5,0.9191,0,0,0,465,0
2025-11-29,Affiliate Network,Weekend Saver Retention Initiative,Metro Region Loyalty Cohort,15908997,Health Conscious Buyers Interest Segment,1334393532567969,Shelf Story Warm Voice,8045514033882153,Brand Awareness,384.3256,48043,0,52702,86,100,100,100,100,2261,1151,0,0,0,0,1418,0,1429,2.9744,3,4,0,63700,0
2025-11-30,Shopping Grid,Family Pantry Retention Initiative,Metro Region Loyalty Cohort,15908997,Health Conscious Buyers Interest Segment,9013382232369046,Promo Banner Friendly Voice,1255871739760170,Brand Awareness,4.2231,813,0,755,1,10,29,15,13,29,16,0,0,0,0,0,0,1,0.1230,0,0,0,700,0
2025-11-01,Search Network,Weekend Saver Retention Initiative,Metro Region Loyalty Cohort,15908997,Family Planners Lookalike Segment,7248228093339312,Shelf Story Warm Voice,6451368560487732,Brand Awareness,156.2545,57928,0,31119,128,100,100,100,100,948,962,0,0,0,0,169,0,312,0.5386,0,0,0,55849,0
2025-11-02,Social Feed,Weekend Saver Retention Initiative,Metro Region Loyalty Cohort,15908997,Family Planners Lookalike Segment,7248228093339312,Price Drop Cut Value Voice,9318406623487279,Brand Awareness,158.6139,38774,0,52185,94,100,100,100,100,419,446,0,0,0,0,39,0,133,0.3430,0,4,0,42391,0
2025-11-03,Affiliate Network,Seasonal Select Promo Initiative,Metro Region Loyalty Cohort,15908997,Health Conscious Buyers Retention Segment,3613956286158588,Shelf Story Bold Voice,1755467445485119,Brand Awareness,82.0604,20990,0,21651,51,100,100,100,100,345,301,0,0,0,0,32,0,52,0.2477,0,1,0,18035,0
2025-11-04,Video Network,Family Pantry Retention Initiative,Metro Region Loyalty Cohort,15908997,Health Conscious Buyers Retention Segment,1669733702699813,Collection Showcase Warm Voice,1788908453907262,Brand Awareness,41.8409,14512,0,7215,31,41,100,87,49,245,321,0,0,0,0,31,0,75,0.5168,0,0,0,12571,0
2025-11-05,Influencer Network,Weekend Saver Retention Initiative,Metro Region Loyalty Cohort,15908997,Health Conscious Buyers Interest Segment,1334393532567969,Price Drop Cut Value Voice,2051943278335934,Brand Awareness,143.8873,46789,0,46684,115,100,100,100,100,398,322,0,0,1,0,126,0,169,0.3612,0,0,0,40034,0
2025-11-06,Social Feed,Family Pantry Retention Initiative,Metro Region Loyalty Cohort,15908997,Health Conscious Buyers Retention Segment,1669733702699813,Shelf Story Bold Voice,4391005331160720,Brand Awareness,21.2947,7670,0,10045,6,21,100,46,24,148,77,0,0,0,0,13,0,20,0.2608,1,0,0,10910,0
2025-11-07,Search Network,Weekend Saver Retention Initiative,Metro Region Loyalty Cohort,15908997,Health Conscious Buyers Interest Segment,1334393532567969,Offer Spotlight Bold Voice,3220054077294586,Brand Awareness,114.3026,30642,0,56056,39,93,100,100,100,376,307,0,0,1,0,209,0,154,0.5026,0,3,0,34224,0
2025-11-08,Retail Media Network,Weekend Saver Retention Initiative,Metro Region Loyalty Cohort,15908997,Health Conscious Buyers Interest Segment,1334393532567969,Shelf Story Bold Voice,8314765461987923,Brand Awareness,85.5803,22070,0,32338,66,100,100,100,100,461,531,0,0,0,0,126,0,131,0.5936,1,3,0,33428,0
2025-11-09,Connected TV,Weekend Saver Retention Initiative,Metro Region Loyalty Cohort,15908997,Health Conscious Buyers Retention Segment,4136110625615180,Shelf Story Warm Voice,5443423299390877,Brand Awareness,46.0152,12092,0,14446,20,18,100,68,30,132,170,0,0,0,0,12,0,32,0.2646,0,0,0,7851,0
2025-11-10,Shopping Grid,Family Pantry Retention Initiative,Metro Region Loyalty Cohort,15908997,Health Conscious Buyers Interest Segment,9013382232369046,Shelf Story Warm Voice,8148838999548557,Brand Awareness,4.3824,1448,0,881,2,9,31,16,13,22,25,0,0,0,0,1,0,5,0.3453,0,0,0,756,0
2025-11-11,Shopping Grid,Family Pantry Retention Initiative,Metro Region Loyalty Cohort,15908997,Health Conscious Buyers Interest Segment,9013382232369046,Promo Banner Friendly Voice,1538508227020088,Brand Awareness,31.2491,9937,0,9506,29,78,100,100,95,195,177,0,0,0,0,11,0,54,0.5434,0,1,0,6794,0
2025-11-12,Affiliate Network,Family Pantry Retention Initiative,Metro Region Loyalty Cohort,15908997,Family Planners Lookalike Segment,1002710949555221,Shelf Story Warm Voice,3185083078735744,Brand Awareness,223.1252,41044,0,25707,64,100,100,100,100,2788,1791,0,0,2,0,174,0,210,0.5116,2,1,0,25327,0
2025-11-13,Marketplace Feed,Weekend Saver Retention Initiative,Metro Region Loyalty Cohort,15908997,Family Planners Lookalike Segment,7248228093339312,Offer Spotlight Bold Voice,1757288035719114,Brand Awareness,181.7984,40035,0,41368,78,94,100,100,100,365,270,0,0,0,0,38,0,145,0.3622,0,4,0,63038,0
2025-11-14,Marketplace Feed,Family Pantry Retention Initiative,Metro Region Loyalty Cohort,15908997,Family Planners Lookalike Segment,1665761135741679,Price Drop Cut Value Voice,1192366617925175,Brand Awareness,76.6881,20769,0,14396,21,100,100,100,100,286,180,0,0,1,0,33,0,70,0.3370,0,4,0,10926,0
2025-11-15,Retail Media Network,Family Pantry Retention Initiative,Metro Region Conversion Cohort,15908997,Weekend Deal Hunters Interest Segment,6202516839870495,Shelf Story Value Voice,1077582730962642,Catalog Engagement,0.0000,0,0,0,0,0,0,0,0,0,0,0,0,0,0,0,0,0,0.0000,0,0,0,0,0
2025-11-16,Connected TV,Family Pantry Retention Initiative,Metro Region Loyalty Cohort,15908997,Family Planners Lookalike Segment,1665761135741679,Collection Showcase Warm Voice,5654112849815777,Brand Awareness,181.6997,29609,0,33512,88,100,100,100,100,1273,566,0,0,1,0,947,0,537,1.8136,0,5,0,34538,0
2025-11-17,Influencer Network,Home Essentials Scale Initiative,Metro Region Prospecting Cohort,86057605,Family Planners Interest Segment,2052479131570920,Shelf Story Bold Voice,1037070944576843,Brand Awareness,0.0000,0,0,0,0,0,0,0,0,0,0,0,0,0,0,0,0,0,0.0000,0,0,0,0,0
2025-11-18,Discovery Network,Family Pantry Retention Initiative,Metro Region Loyalty Cohort,15908997,Health Conscious Buyers Interest Segment,9013382232369046,Shelf Story Warm Voice,1099249066640891,Brand Awareness,235.3217,30201,0,33578,209,100,100,100,100,6090,3459,0,0,2,0,685,0,598,1.9801,1,13,0,38991,0
2025-11-19,Affiliate Network,Seasonal Select Promo Initiative,Metro Region Loyalty Cohort,15908997,Family Planners Lookalike Segment,1718074286658736,Promo Banner Warm Voice,1089449421739833,Brand Awareness,429.4107,81432,0,105622,239,100,100,100,100,3168,3996,0,0,0,0,818,0,1045,1.2833,1,12,0,124427,0
2025-11-20,Video Network,Family Pantry Retention Initiative,Metro Region Loyalty Cohort,15908997,Health Conscious Buyers Interest Segment,9013382232369046,Shelf Story Warm Voice,1177430610668804,Brand Awareness,604.7283,128187,0,92720,530,100,100,100,100,25629,28353,0,0,36,0,3136,0,3124,2.4371,88,134,0,126935,0
2025-11-21,In-App Display,Weekend Saver Retention Initiative,Metro Region Loyalty Cohort,15908997,Health Conscious Buyers Retention Segment,4136110625615180,Shelf Story Bold Voice,5160906508093401,Brand Awareness,32.3628,11739,0,10448,32,59,100,100,74,322,266,0,0,0,0,19,0,81,0.6900,0,1,0,7641,0
2025-11-22,Retail Media Network,Family Pantry Retention Initiative,Metro Region Loyalty Cohort,15908997,Health Conscious Buyers Retention Segment,1669733702699813,Shelf Story Warm Voice,6197978194612129,Brand Awareness,32.5151,11565,0,9708,17,34,100,78,52,155,99,0,0,0,0,11,0,21,0.1816,0,0,0,4656,0
2025-11-23,Social Feed,Weekend Saver Retention Initiative,Metro Region Loyalty Cohort,15908997,Health Conscious Buyers Retention Segment,4136110625615180,Offer Spotlight Bold Voice,3833443174798849,Brand Awareness,16.3642,5330,0,5955,9,15,89,37,25,65,60,0,0,0,0,13,0,18,0.3377,0,0,0,10204,0
2025-11-24,Affiliate Network,Family Pantry Retention Initiative,Metro Region Loyalty Cohort,15908997,Health Conscious Buyers Retention Segment,4976789753470273,Shelf Story Warm Voice,1220076337258804,Brand Awareness,33.5192,17807,0,12114,18,36,100,100,51,168,221,0,0,0,0,7,0,43,0.2415,0,1,0,15031,0
2025-11-25,Affiliate Network,Weekend Saver Retention Initiative,Metro Region Loyalty Cohort,15908997,Family Planners Lookalike Segment,7248228093339312,Shelf Story Bold Voice,1269408759613688,Brand Awareness,66.0449,19069,0,24088,41,75,100,100,91,231,243,0,0,0,0,17,0,65,0.3409,0,3,0,32331,0
2025-11-26,Influencer Network,Family Pantry Retention Initiative,Metro Region Loyalty Cohort,15908997,Health Conscious Buyers Interest Segment,1474840462607869,Shelf Story Warm Voice,5682500646683685,Brand Awareness,352.9642,45182,0,42499,129,100,100,100,100,4787,3585,0,0,2,0,623,0,712,1.5758,1,6,0,69306,0
2025-11-27,Marketplace Feed,Family Pantry Retention Initiative,Metro Region Loyalty Cohort,15908997,Family Planners Lookalike Segment,1665761135741679,Shelf Story Value Voice,5225143865411760,Brand Awareness,167.4178,41382,0,34228,79,78,100,100,84,361,288,0,0,0,0,242,0,324,0.7829,1,3,0,38316,0
2025-11-28,Video Network,Family Pantry Retention Initiative,Metro Region Loyalty Cohort,15908997,Family Planners Lookalike Segment,1002710949555221,Shelf Story Warm Voice,1647332301297595,Brand Awareness,65.2187,20209,0,15116,23,41,100,100,66,263,229,0,0,0,0,34,0,56,0.2771,2,0,0,16660,0
2025-11-29,Influencer Network,Seasonal Select Promo Initiative,Metro Region Loyalty Cohort,38881639,Family Planners Lookalike Segment,1421168983094447,Shelf Story Bold Voice,1136326772918040,Catalog Engagement,0.0000,0,0,0,0,0,0,0,0,0,0,0,0,0,0,0,0,0,0.0000,0,0,0,0,0
2025-11-30,Connected TV,Seasonal Select Promo Initiative,Metro Region Loyalty Cohort,15908997,Health Conscious Buyers Retention Segment,3613956286158588,Offer Spotlight Bold Voice,4607696881668990,Brand Awareness,26.0980,10101,0,9098,10,53,100,96,59,125,131,0,0,0,0,9,0,21,0.2079,0,0,0,5564,0
2025-11-01,In-App Display,Seasonal Select Promo Initiative,Metro Region Loyalty Cohort,15908997,Family Planners Lookalike Segment,1718074286658736,Offer Spotlight Bold Voice,1638167476571035,Brand Awareness,88.4032,18416,0,22769,30,100,100,100,100,497,493,0,0,0,0,62,0,150,0.8145,0,1,0,26505,0
2025-11-02,Display Network,Family Pantry Retention Initiative,Metro Region Loyalty Cohort,15908997,Family Planners Lookalike Segment,1665761135741679,Shelf Story Warm Voice,1280290142112652,Brand Awareness,8.1160,2382,0,1830,8,24,61,30,23,64,40,0,0,0,0,5,0,9,0.3778,0,0,0,2347,0
2025-11-03,Video Network,Family Pantry Retention Initiative,Metro Region Conversion Cohort,15908997,Bulk Buyers Retention Segment,1777717557426296,Shelf Story Value Voice,8084225603313437,Catalog Engagement,0.0000,0,0,0,0,0,0,0,0,0,0,0,0,0,0,0,0,0,0.0000,0,0,0,0,0
2025-11-04,Retail Media Network,Home Essentials Scale Initiative,Metro Region Prospecting Cohort,86057605,Family Planners Interest Segment,2052479131570920,Shelf Story Warm Voice,1431189176757496,Brand Awareness,0.0000,0,0,0,0,0,0,0,0,0,0,0,0,0,0,0,0,0,0.0000,0,0,0,0,0
2025-11-05,In-App Display,Family Pantry Retention Initiative,Metro Region Loyalty Cohort,15908997,Health Conscious Buyers Retention Segment,1669733702699813,Shelf Story Warm Voice,5602072675253918,Brand Awareness,82.0456,14195,0,18762,34,100,100,100,100,1469,1208,0,0,2,0,174,0,131,0.9229,0,6,0,11740,0
2025-11-06,In-App Display,Family Pantry Retention Initiative,Metro Region Loyalty Cohort,15908997,Health Conscious Buyers Interest Segment,1474840462607869,Shelf Story Warm Voice,8486205212439809,Brand Awareness,108.9042,32239,0,34449,92,100,100,100,100,714,499,0,0,1,0,71,0,157,0.4870,2,4,0,33467,0
2025-11-07,In-App Display,Family Pantry Retention Initiative,Metro Region Loyalty Cohort,15908997,Family Planners Lookalike Segment,1665761135741679,Shelf Story Warm Voice,2902136042807068,Brand Awareness,653.2316,67010,0,129259,470,100,100,100,100,15494,12538,0,0,8,0,2541,0,4955,7.3944,23,61,0,100488,0
2025-11-08,Social Feed,Family Pantry Retention Initiative,Metro Region Loyalty Cohort,15908997,Family Planners Lookalike Segment,1002710949555221,Shelf Story Warm Voice,1647332301297595,Brand Awareness,58.0040,26644,0,25166,53,34,100,100,44,246,238,0,0,0,0,32,0,113,0.4241,0,0,0,28359,0
2025-11-09,Discovery Network,Family Pantry Retention Initiative,Metro Region Loyalty Cohort,15908997,Health Conscious Buyers Interest Segment,9013382232369046,Price Drop Cut Value Voice,4186893344787278,Brand Awareness,5.8743,1193,0,1107,5,9,30,14,13,16,15,0,0,0,0,0,0,8,0.6706,0,0,0,1511,0
2025-11-10,Marketplace Feed,Family Pantry Retention Initiative,Metro Region Loyalty Cohort,15908997,Family Planners Lookalike Segment,1665761135741679,Shelf Story Warm Voice,2793262031628184,Brand Awareness,209.9644,54494,0,45046,112,100,100,100,100,2109,1479,0,0,0,0,375,0,647,1.1873,0,8,0,70195,0
2025-11-11,In-App Display,Family Pantry Retention Initiative,Metro Region Loyalty Cohort,15908997,Health Conscious Buyers Interest Segment,9013382232369046,Promo Banner Friendly Voice,1538508227020088,Brand Awareness,111.6539,23066,0,36035,69,100,100,100,100,309,288,0,0,0,0,23,0,85,0.3685,0,3,0,25727,0
2025-11-12,Discovery Network,Home Essentials Scale Initiative,Metro Region Prospecting Cohort,86057605,Family Planners Interest Segment,2052479131570920,Shelf Story Bold Voice,1642534966349722,Brand Awareness,0.0000,0,0,0,0,0,0,0,0,0,0,0,0,0,0,0,0,0,0.0000,0,0,0,0,0
2025-11-13,In-App Display,Family Pantry Retention Initiative,Metro Region Loyalty Cohort,15908997,Family Planners Lookalike Segment,1665761135741679,Promo Banner Friendly Voice,1647756988327695,Brand Awareness,411.9709,52474,0,65870,114,100,100,100,100,2092,2755,0,0,1,0,452,0,400,0.7623,1,4,0,77733,0
2025-11-14,Video Network,Weekend Saver Retention Initiative,Metro Region Loyalty Cohort,15908997,Health Conscious Buyers Interest Segment,1334393532567969,Shelf Story Warm Voice,8045514033882153,Brand Awareness,355.3481,86695,0,63830,147,100,100,100,100,3353,2065,0,0,4,0,2433,0,2292,2.6438,0,18,0,85268,0
2025-11-15,Marketplace Feed,Family Pantry Retention Initiative,Central Region Loyalty Cohort,86057605,Health Conscious Buyers Interest Segment,1161108588535845,Product Reel Warm Voice,4476083296875111,Catalog Engagement,0.0000,0,0,0,0,0,0,0,0,0,0,0,0,0,0,0,0,0,0.0000,0,0,0,0,0
2025-11-16,Connected TV,Seasonal Select Promo Initiative,Metro Region Loyalty Cohort,15908997,Health Conscious Buyers Retention Segment,3613956286158588,Shelf Story Warm Voice,9626373394400677,Brand Awareness,10.4600,2646,0,3047,5,24,100,45,32,35,19,0,0,0,0,3,0,12,0.4535,0,0,0,3561,0
2025-11-17,Search Network,Weekend Saver Retention Initiative,Metro Region Loyalty Cohort,15908997,Health Conscious Buyers Retention Segment,4136110625615180,Shelf Story Warm Voice,1781261912151237,Brand Awareness,1.0595,186,0,178,0,1,3,2,1,3,4,0,0,0,0,0,0,0,0.0000,0,0,0,237,0
2025-11-18,Display Network,Family Pantry Retention Initiative,Metro Region Loyalty Cohort,15908997,Health Conscious Buyers Retention Segment,1669733702699813,Shelf Story Warm Voice,5602072675253918,Brand Awareness,52.1117,5474,0,5815,54,100,100,100,100,1173,1400,0,0,0,0,37,0,66,1.2057,0,2,0,8141,0
2025-11-19,Affiliate Network,Seasonal Select Promo Initiative,Metro Region Loyalty Cohort,15908997,Family Planners Lookalike Segment,1718074286658736,Shelf Story Warm Voice,1533493773187614,Brand Awareness,539.1969,76877,0,111340,141,100,100,100,100,2329,1385,0,0,0,0,1126,0,1486,1.9330,4,18,0,55578,0
2025-11-20,Display Network,Seasonal Select Promo Initiative,Metro Region Loyalty Cohort,15908997,Family Planners Lookalike Segment,1718074286658736,Shelf Story Warm Voice,1532291780998103,Brand Awareness,544.6252,90768,0,97449,298,100,100,100,100,2622,1879,0,0,0,0,808,0,809,0.8913,2,12,0,99908,0
2025-11-21,Marketplace Feed,Family Pantry Retention Initiative,Metro Region Loyalty Cohort,15908997,Family Planners Lookalike Segment,1665761135741679,Shelf Story Warm Voice,1450951256520921,Brand Awareness,40.8471,8481,0,9665,25,73,100,100,84,268,158,0,0,0,0,61,0,70,0.8254,0,0,0,11173,0
2025-11-22,Search Network,Family Pantry Retention Initiative,Metro Region Conversion Cohort,15908997,Bulk Buyers Retention Segment,1777717557426296,Shelf Story Value Voice,8084225603313437,Catalog Engagement,0.0000,0,0,0,0,0,0,0,0,0,0,0,0,0,0,0,0,0,0.0000,0,0,0,0,0
2025-11-23,Retail Media Network,Family Pantry Retention Initiative,Metro Region Loyalty Cohort,15908997,Health Conscious Buyers Interest Segment,9013382232369046,Shelf Story Warm Voice,3768518651506601,Brand Awareness,5.2578,697,0,899,0,16,34,23,15,33,34,0,0,0,0,1,0,2,0.2869,0,0,0,792,0
2025-11-24,Video Network,Seasonal Select Promo Initiative,Metro Region Loyalty Cohort,15908997,Health Conscious Buyers Retention Segment,3613956286158588,Offer Spotlight Bold Voice,4607696881668990,Brand Awareness,5.0891,1387,0,1309,4,2,18,5,2,8,8,0,0,0,0,0,0,5,0.3605,0,0,0,1787,0
2025-11-25,Marketplace Feed,Family Pantry Retention Initiative,Metro Region Loyalty Cohort,15908997,Health Conscious Buyers Retention Segment,1669733702699813,Shelf Story Bold Voice,4391005331160720,Brand Awareness,8.6249,2248,0,2491,2,10,51,20,13,63,63,0,0,0,0,8,0,10,0.4448,0,0,0,2481,0
2025-11-26,Discovery Network,Weekend Saver Retention Initiative,Metro Region Loyalty Cohort,15908997,Health Conscious Buyers Retention Segment,4136110625615180,Shelf Story Bold Voice,1238862856159509,Brand Awareness,1.6188,651,0,635,0,3,8,5,3,5,5,0,0,0,0,0,0,0,0.0000,0,0,0,801,0
2025-11-27,Display Network,Home Essentials Scale Initiative,Metro Region Conversion Cohort,44948390,Health Conscious Buyers Affinity Segment,1198664249496341,Collection Showcase Warm Voice,1443579063929415,Brand Awareness,0.0000,0,0,0,0,0,0,0,0,0,0,0,0,0,0,0,0,0,0.0000,0,0,0,0,0
2025-11-28,Affiliate Network,Weekend Saver Retention Initiative,Metro Region Loyalty Cohort,15908997,Family Planners Lookalike Segment,7248228093339312,Offer Spotlight Bold Voice,1757288035719114,Brand Awareness,79.1680,33585,0,20492,35,35,100,82,43,150,167,0,0,0,0,19,0,76,0.2263,0,0,0,31145,0
2025-11-29,Social Feed,Family Pantry Retention Initiative,Metro Region Loyalty Cohort,15908997,Family Planners Lookalike Segment,1002710949555221,Shelf Story Warm Voice,3185083078735744,Brand Awareness,127.0949,20033,0,31651,120,100,100,100,100,2340,1718,0,0,0,0,91,0,286,1.4276,0,3,0,37931,0
2025-11-30,Video Network,Family Pantry Retention Initiative,Metro Region Loyalty Cohort,15908997,Health Conscious Buyers Retention Segment,4976789753470273,Shelf Story Warm Voice,1212856722898025,Brand Awareness,8.3619,2093,0,1667,3,15,95,30,24,66,58,0,0,0,0,1,0,3,0.1433,0,0,0,1228,0
2025-11-01,Retail Media Network,Family Pantry Retention Initiative,Metro Region Loyalty Cohort,15908997,Family Planners Lookalike Segment,1665761135741679,Promo Banner Friendly Voice,6598720554447191,Brand Awareness,72.6007,12699,0,14873,36,38,100,85,48,200,179,0,0,0,0,34,0,90,0.7087,0,0,0,16105,0
2025-11-02,Shopping Grid,Weekend Saver Retention Initiative,Metro Region Loyalty Cohort,15908997,Family Planners Lookalike Segment,7248228093339312,Shelf Story Bold Voice,3411200546175283,Brand Awareness,107.0230,19057,0,23455,119,100,100,100,100,1495,1311,0,0,0,0,40,0,181,0.9498,1,4,0,16638,0
2025-11-03,Affiliate Network,Family Pantry Retention Initiative,Metro Region Loyalty Cohort,15908997,Health Conscious Buyers Interest Segment,9013382232369046,Shelf Story Value Voice,1103993184708534,Brand Awareness,107.5358,35632,0,51373,97,88,100,100,85,334,189,0,0,0,0,50,0,128,0.3592,0,2,0,22893,0
2025-11-04,In-App Display,Family Pantry Retention Initiative,Metro Region Loyalty Cohort,15908997,Family Planners Lookalike Segment,1665761135741679,Shelf Story Warm Voice,6549680554582288,Brand Awareness,386.4139,77112,0,78676,100,100,100,100,100,652,426,0,0,1,0,77,0,420,0.5447,0,5,0,73413,0
2025-11-05,Discovery Network,Seasonal Select Promo Initiative,Metro Region Loyalty Cohort,15908997,Health Conscious Buyers Interest Segment,1532426936569806,Shelf Story Warm Voice,7193200529405455,Brand Awareness,24.4694,8979,0,11649,13,66,100,100,89,79,42,0,0,0,0,5,0,22,0.2450,0,0,0,9164,0
2025-11-06,Search Network,Family Pantry Retention Initiative,Metro Region Loyalty Cohort,15908997,Health Conscious Buyers Interest Segment,9013382232369046,Shelf Story Warm Voice,1099249066640891,Brand Awareness,237.8189,37529,0,20590,120,100,100,100,100,5582,6202,0,0,7,0,833,0,635,1.6920,4,15,0,30784,0
2025-11-07,Shopping Grid,Weekend Saver Retention Initiative,Metro Region Loyalty Cohort,15908997,Health Conscious Buyers Interest Segment,1334393532567969,Price Drop Cut Value Voice,1109002298095593,Brand Awareness,375.4640,109499,0,83247,199,100,100,100,100,3020,2184,0,0,2,0,610,0,939,0.8575,0,2,0,108897,0
2025-11-08,Influencer Network,Family Pantry Retention Initiative,Metro Region Loyalty Cohort,15908997,Health Conscious Buyers Interest Segment,9013382232369046,Shelf Story Warm Voice,1177430610668804,Brand Awareness,909.2631,124247,0,167603,860,100,100,100,100,32008,21586,0,0,32,0,3233,0,6493,5.2259,21,114,0,154217,0
2025-11-09,Social Feed,Family Pantry Retention Initiative,Metro Region Loyalty Cohort,15908997,Family Planners Lookalike Segment,1665761135741679,Collection Showcase Warm Voice,5654112849815777,Brand Awareness,197.2571,31664,0,36023,79,100,100,100,100,1079,553,0,0,0,0,462,0,262,0.8274,0,2,0,27484,0
2025-11-10,Influencer Network,Seasonal Select Promo Initiative,Metro Region Loyalty Cohort,15908997,Family Planners Lookalike Segment,1718074286658736,Promo Banner Warm Voice,1089449421739833,Brand Awareness,502.2945,95559,0,84933,207,100,100,100,100,3826,2486,0,0,5,0,1511,0,1516,1.5865,4,14,0,88218,0
2025-11-11,Connected TV,Family Pantry Retention Initiative,Metro Region Loyalty Cohort,15908997,Health Conscious Buyers Interest Segment,9013382232369046,Shelf Story Warm Voice,8148838999548557,Brand Awareness,3.4205,431,0,568,1,6,17,11,5,18,12,0,0,0,0,2,0,8,1.8561,0,0,0,695,0
2025-11-12,Video Network,Family Pantry Retention Initiative,Metro Region Loyalty Cohort,15908997,Family Planners Lookalike Segment,1665761135741679,Price Drop Cut Value Voice,1192366617925175,Brand Awareness,188.7080,48279,0,56120,88,100,100,100,100,577,591,0,0,0,0,69,0,202,0.4184,0,1,0,40442,0
2025-11-13,Connected TV,Family Pantry Retention Initiative,Metro Region Loyalty Cohort,15908997,Family Planners Lookalike Segment,1002710949555221,Offer Spotlight Bold Voice,7401589860358191,Brand Awareness,70.6115,29308,0,15296,32,54,100,100,87,446,299,0,0,0,0,122,0,107,0.3651,0,0,0,24693,0
2025-11-14,Video Network,Family Pantry Retention Initiative,Metro Region Loyalty Cohort,15908997,Health Conscious Buyers Interest Segment,1474840462607869,Shelf Story Warm Voice,8486205212439809,Brand Awareness,132.6358,32031,0,43124,91,100,100,100,100,742,789,0,0,0,0,114,0,144,0.4496,0,0,0,33152,0
2025-11-15,Shopping Grid,Family Pantry Retention Initiative,Metro Region Loyalty Cohort,15908997,Family Planners Lookalike Segment,1665761135741679,Shelf Story Warm Voice,2616618213121749,Brand Awareness,1411.1043,152435,0,240373,613,100,100,100,100,39651,36301,0,0,50,0,11021,0,9391,6.1607,36,232,0,280910,0
2025-11-16,Video Network,Seasonal Select Promo Initiative,Metro Region Loyalty Cohort,15908997,Health Conscious Buyers Interest Segment,1532426936569806,Shelf Story Warm Voice,9953353036347574,Brand Awareness,169.0666,46460,0,45249,99,100,100,100,100,297,171,0,0,0,0,31,0,135,0.2906,1,0,0,41128,0
2025-11-17,Affiliate Network,Weekend Saver Retention Initiative,Metro Region Loyalty Cohort,15908997,Health Conscious Buyers Retention Segment,4136110625615180,Price Drop Cut Value Voice,1682844113945221,Brand Awareness,6.3125,2601,0,2141,1,9,33,14,10,20,14,0,0,0,0,0,0,2,0.0769,0,0,0,2139,0
2025-11-18,Marketplace Feed,Weekend Saver Retention Initiative,Metro Region Loyalty Cohort,15908997,Family Planners Lookalike Segment,7248228093339312,Price Drop Cut Value Voice,9781212069592701,Brand Awareness,154.4581,45241,0,44695,100,100,100,100,100,768,711,0,0,0,0,54,0,148,0.3271,0,1,0,55487,0
2025-11-19,In-App Display,Family Pantry Retention Initiative,Metro Region Conversion Cohort,15908997,Family Planners Lookalike Segment,3017606229260592,Shelf Story Value Voice,5691206288583839,Catalog Engagement,0.0000,0,0,0,0,0,0,0,0,0,0,0,0,0,0,0,0,0,0.0000,0,0,0,0,0
2025-11-20,Affiliate Network,Family Pantry Retention Initiative,Metro Region Conversion Cohort,15908997,Weekend Deal Hunters Interest Segment,6202516839870495,Shelf Story Value Voice,1077582730962642,Catalog Engagement,0.0000,0,0,0,0,0,0,0,0,0,0,0,0,0,0,0,0,0,0.0000,0,0,0,0,0
2025-11-21,Discovery Network,Family Pantry Retention Initiative,Metro Region Loyalty Cohort,15908997,Family Planners Lookalike Segment,1665761135741679,Shelf Story Bold Voice,1220357368781053,Brand Awareness,45.9912,10339,0,7969,23,41,100,69,54,230,314,0,0,0,0,114,0,140,1.3541,0,0,0,13694,0
2025-11-22,Search Network,Family Pantry Retention Initiative,Metro Region Loyalty Cohort,15908997,Health Conscious Buyers Interest Segment,1474840462607869,Shelf Story Warm Voice,9110304031000052,Brand Awareness,141.4950,31856,0,51257,35,100,100,100,100,1706,1993,0,0,1,0,429,0,526,1.6512,3,3,0,22781,0
2025-11-23,Marketplace Feed,Seasonal Select Promo Initiative,Metro Region Loyalty Cohort,15908997,Family Planners Lookalike Segment,1718074286658736,Shelf Story Bold Voice,4278310985669178,Brand Awareness,490.4253,59714,0,73441,142,100,100,100,100,1779,1150,0,0,0,0,1381,0,1036,1.7349,0,8,0,92712,0
2025-11-24,Video Network,Home Essentials Scale Initiative,Metro Region Prospecting Cohort,86057605,Family Planners Interest Segment,2052479131570920,Shelf Story Warm Voice,6668703011220466,Brand Awareness,0.0000,0,0,0,0,0,0,0,0,0,0,0,0,0,0,0,0,0,0.0000,0,0,0,0,0
2025-11-25,Retail Media Network,Family Pantry Retention Initiative,Metro Region Loyalty Cohort,15908997,Health Conscious Buyers Interest Segment,9013382232369046,Promo Banner Friendly Voice,1255871739760170,Brand Awareness,4.2634,681,0,528,3,12,25,15,12,27,20,0,0,0,0,0,0,4,0.5874,0,0,0,731,0
2025-11-26,Affiliate Network,Family Pantry Retention Initiative,Metro Region Loyalty Cohort,15908997,Health Conscious Buyers Retention Segment,1669733702699813,Shelf Story Warm Voice,6197978194612129,Brand Awareness,9.1842,1893,0,2741,1,23,69,47,30,60,63,0,0,0,0,2,0,4,0.2113,0,0,0,4055,0
2025-11-27,Affiliate Network,Family Pantry Retention Initiative,Metro Region Loyalty Cohort,15908997,Health Conscious Buyers Interest Segment,1474840462607869,Shelf Story Warm Voice,4340134105081797,Brand Awareness,450.4613,92098,0,118471,420,100,100,100,100,9560,8947,0,0,3,0,2371,0,2724,2.9577,6,30,0,94469,0
2025-11-28,Influencer Network,Family Pantry Retention Initiative,Metro Region Loyalty Cohort,15908997,Health Conscious Buyers Retention Segment,4976789753470273,Shelf Story Warm Voice,1220076337258804,Brand Awareness,8.4328,2760,0,1780,4,6,28,9,8,17,12,0,0,0,0,2,0,8,0.2899,0,0,0,1765,0
2025-11-29,Social Feed,Seasonal Select Promo Initiative,Metro Region Loyalty Cohort,15908997,Health Conscious Buyers Interest Segment,1532426936569806,Offer Spotlight Bold Voice,4433422745438620,Brand Awareness,13.8843,3309,0,3199,6,10,56,22,14,31,26,0,0,0,0,1,0,7,0.2115,0,0,0,3005,0
2025-11-30,Marketplace Feed,Family Pantry Retention Initiative,Metro Region Loyalty Cohort,15908997,Health Conscious Buyers Interest Segment,9013382232369046,Shelf Story Warm Voice,5257839822274418,Brand Awareness,189.3082,27484,0,31946,75,100,100,100,100,797,513,0,0,2,0,72,0,202,0.7350,0,2,0,57423,0
2025-11-01,Social Feed,Seasonal Select Promo Initiative,Metro Region Loyalty Cohort,15908997,Health Conscious Buyers Interest Segment,1532426936569806,Offer Spotlight Value Voice,2894551765052346,Brand Awareness,3.9172,591,0,837,2,16,77,29,18,21,11,0,0,0,0,0,0,2,0.3384,0,0,0,1094,0
2025-11-02,Connected TV,Weekend Saver Retention Initiative,Metro Region Loyalty Cohort,15908997,Family Planners Lookalike Segment,7248228093339312,Shelf Story Warm Voice,6451368560487732,Brand Awareness,83.7635,44436,0,40571,78,76,100,100,100,538,404,0,0,0,0,67,0,155,0.3488,1,4,0,41030,0
2025-11-03,Marketplace Feed,Seasonal Select Promo Initiative,Metro Region Loyalty Cohort,15908997,Health Conscious Buyers Retention Segment,3613956286158588,Shelf Story Warm Voice,2259713911990191,Brand Awareness,8.8394,3221,0,3392,4,39,100,90,48,44,41,0,0,0,0,3,0,13,0.4036,0,1,0,2759,0
2025-11-04,In-App Display,Weekend Saver Retention Initiative,Metro Region Loyalty Cohort,15908997,Health Conscious Buyers Interest Segment,1334393532567969,Shelf Story Bold Voice,7232280368739505,Brand Awareness,564.1599,59728,0,64532,168,100,100,100,100,5479,4763,0,0,6,0,2013,0,2087,3.4942,6,15,0,67403,0
2025-11-05,Retail Media Network,Family Pantry Retention Initiative,Metro Region Loyalty Cohort,15908997,Health Conscious Buyers Retention Segment,1669733702699813,Promo Banner Friendly Voice,1414897562821209,Brand Awareness,3.9350,1124,0,896,0,1,18,6,2,15,11,0,0,0,0,1,0,1,0.0890,0,0,0,1168,0
2025-11-06,Discovery Network,Family Pantry Retention Initiative,Metro Region Loyalty Cohort,15908997,Health Conscious Buyers Retention Segment,4976789753470273,Shelf Story Warm Voice,4041974945367907,Brand Awareness,22.0770,6167,0,4741,19,95,100,100,100,487,302,0,0,0,0,28,0,54,0.8756,0,0,0,4953,0
2025-11-07,Marketplace Feed,Weekend Saver Retention Initiative,Metro Region Loyalty Cohort,15908997,Health Conscious Buyers Interest Segment,1334393532567969,Price Drop Cut Value Voice,2051943278335934,Brand Awareness,267.0906,62267,0,54236,105,100,100,100,100,516,401,0,0,0,0,145,0,238,0.3822,1,1,0,80449,0
2025-11-08,Video Network,Family Pantry Retention Initiative,Metro Region Loyalty Cohort,15908997,Health Conscious Buyers Retention Segment,1669733702699813,Collection Showcase Warm Voice,1788908453907262,Brand Awareness,12.6349,3728,0,3704,3,19,76,29,19,84,64,0,0,0,0,4,0,6,0.1609,0,0,0,3353,0
2025-11-09,Retail Media Network,Family Pantry Retention Initiative,Metro Region Loyalty Cohort,15908997,Health Conscious Buyers Retention Segment,1669733702699813,Promo Banner Friendly Voice,4647140982681565,Brand Awareness,42.8427,10247,0,5456,27,91,100,100,100,302,230,0,0,0,0,9,0,27,0.2635,0,2,0,6568,0
2025-11-10,Connected TV,Seasonal Select Promo Initiative,Metro Region Loyalty Cohort,15908997,Health Conscious Buyers Retention Segment,3613956286158588,Shelf Story Bold Voice,1755467445485119,Brand Awareness,12.5642,3634,0,3610,9,21,100,43,29,27,19,0,0,0,0,2,0,10,0.2752,0,0,0,1906,0
2025-11-11,Search Network,Weekend Saver Retention Initiative,Metro Region Loyalty Cohort,15908997,Health Conscious Buyers Interest Segment,1334393532567969,Shelf Story Warm Voice,2520693897922300,Brand Awareness,417.3197,57474,0,99756,238,100,100,100,100,1966,1908,0,0,1,0,917,0,761,1.3241,1,7,0,46220,0
2025-11-12,Video Network,Family Pantry Retention Initiative,Metro Region Loyalty Cohort,15908997,Family Planners Lookalike Segment,1665761135741679,Shelf Story Value Voice,5225143865411760,Brand Awareness,189.9013,42956,0,47002,121,100,100,100,100,487,609,0,0,0,0,148,0,446,1.0383,0,8,0,54367,0
2025-11-13,Affiliate Network,Family Pantry Retention Initiative,Metro Region Loyalty Cohort,15908997,Family Planners Lookalike Segment,1002710949555221,Shelf Story Warm Voice,1655044419034925,Brand Awareness,41.9807,10231,0,9232,27,100,100,100,100,389,463,0,0,0,0,33,0,94,0.9188,0,0,0,9857,0
2025-11-14,In-App Display,Weekend Saver Retention Initiative,Metro Region Loyalty Cohort,15908997,Health Conscious Buyers Retention Segment,4136110625615180,Price Drop Cut Value Voice,1316048837324374,Brand Awareness,9.7434,2370,0,3177,4,9,100,24,11,48,41,0,0,0,0,1,0,11,0.4641,0,0,0,2383,0
2025-11-15,Connected TV,Family Pantry Retention Initiative,Metro Region Loyalty Cohort,15908997,Family Planners Lookalike Segment,1665761135741679,Shelf Story Warm Voice,2902136042807068,Brand Awareness,792.6944,99220,0,74158,294,100,100,100,100,14127,12083,0,0,11,0,3326,0,2093,2.1095,4,50,0,82310,0
2025-11-16,Connected TV,Family Pantry Retention Initiative,Metro Region Loyalty Cohort,15908997,Health Conscious Buyers Interest Segment,1474840462607869,Shelf Story Warm Voice,5682500646683685,Brand Awareness,476.9159,52189,0,72682,144,100,100,100,100,6746,6399,0,0,5,0,1147,0,606,1.1612,1,12,0,97192,0
2025-11-17,In-App Display,Family Pantry Retention Initiative,Metro Region Loyalty Cohort,15908997,Family Planners Lookalike Segment,1002710949555221,Shelf Story Warm Voice,5797898098365146,Brand Awareness,417.2972,92843,0,58196,289,100,100,100,100,7295,7376,0,0,0,0,435,0,745,0.8024,3,14,0,68566,0
2025-11-18,Retail Media Network,Weekend Saver Retention Initiative,Metro Region Loyalty Cohort,15908997,Family Planners Lookalike Segment,7248228093339312,Price Drop Cut Value Voice,9318406623487279,Brand Awareness,81.7867,35653,0,46437,86,65,100,100,81,214,147,0,0,0,0,22,0,133,0.3730,4,4,0,27235,0
2025-11-19,Search Network,Weekend Saver Retention Initiative,Metro Region Loyalty Cohort,15908997,Health Conscious Buyers Retention Segment,4136110625615180,Shelf Story Bold Voice,5160906508093401,Brand Awareness,23.1828,4780,0,4440,10,93,100,100,100,300,222,0,0,0,0,8,0,26,0.5439,0,0,0,3443,0
2025-11-20,Connected TV,Family Pantry Retention Initiative,Metro Region Loyalty Cohort,15908997,Family Planners Lookalike Segment,1665761135741679,Shelf Story Warm Voice,1280290142112652,Brand Awareness,9.5272,3256,0,3627,16,26,100,41,31,100,80,0,0,0,0,24,0,45,1.3821,0,0,0,2145,0
2025-11-21,Discovery Network,Seasonal Select Promo Initiative,Metro Region Loyalty Cohort,15908997,Family Planners Lookalike Segment,1718074286658736,Offer Spotlight Bold Voice,1638167476571035,Brand Awareness,186.9398,43894,0,30255,47,100,100,100,100,616,568,0,0,1,0,218,0,375,0.8543,0,1,0,46835,0
2025-11-22,Discovery Network,Family Pantry Retention Initiative,Metro Region Loyalty Cohort,15908997,Health Conscious Buyers Interest Segment,1474840462607869,Offer Spotlight Bold Voice,3530423296641236,Brand Awareness,111.3361,35191,0,55688,109,100,100,100,100,1114,807,0,0,1,0,233,0,237,0.6735,1,3,0,23595,0
2025-11-23,Discovery Network,Family Pantry Retention Initiative,Metro Region Loyalty Cohort,15908997,Health Conscious Buyers Retention Segment,1669733702699813,Shelf Story Warm Voice,2604915282803870,Brand Awareness,2.6564,863,0,687,4,0,28,3,1,21,11,0,0,0,0,0,0,5,0.5794,0,0,0,537,0
2025-11-24,Social Feed,Family Pantry Retention Initiative,Metro Region Loyalty Cohort,15908997,Health Conscious Buyers Retention Segment,4976789753470273,Shelf Story Warm Voice,5506678816268127,Brand Awareness,34.7128,9529,0,6297,19,100,100,100,100,967,592,0,0,0,0,39,0,58,0.6087,0,1,0,11030,0
2025-11-25,Retail Media Network,Seasonal Select Promo Initiative,Metro Region Loyalty Cohort,15908997,Health Conscious Buyers Retention Segment,3613956286158588,Promo Banner Warm Voice,3456261421148856,Brand Awareness,11.7069,2467,0,2652,3,45,100,100,78,60,41,0,0,0,0,2,0,13,0.5270,0,0,0,3299,0
2025-11-26,Discovery Network,Weekend Saver Retention Initiative,Metro Region Loyalty Cohort,15908997,Health Conscious Buyers Retention Segment,4136110625615180,Offer Spotlight Bold Voice,3833443174798849,Brand Awareness,4.8790,2027,0,1122,2,3,20,3,3,13,11,0,0,0,0,1,0,3,0.1480,0,0,0,1436,0
2025-11-27,Search Network,Weekend Saver Retention Initiative,Metro Region Loyalty Cohort,15908997,Health Conscious Buyers Interest Segment,1334393532567969,Shelf Story Bold Voice,8314765461987923,Brand Awareness,202.6723,50260,0,35305,64,98,100,100,100,453,494,0,0,0,0,109,0,227,0.4517,0,2,0,54272,0
2025-11-28,Retail Media Network,Weekend Saver Retention Initiative,Metro Region Loyalty Cohort,15908997,Health Conscious Buyers Interest Segment,1334393532567969,Offer Spotlight Bold Voice,3220054077294586,Brand Awareness,251.9657,49427,0,51628,90,73,100,100,100,368,565,0,0,0,0,213,0,318,0.6434,0,4,0,50207,0
2025-11-29,Influencer Network,Weekend Saver Retention Initiative,Metro Region Loyalty Cohort,15908997,Family Planners Lookalike Segment,7248228093339312,Shelf Story Bold Voice,1269408759613688,Brand Awareness,40.4639,10631,0,15592,33,39,100,72,48,126,84,0,0,0,0,8,0,79,0.7431,0,0,0,16523,0
2025-11-30,In-App Display,Weekend Saver Retention Initiative,Metro Region Loyalty Cohort,15908997,Health Conscious Buyers Retention Segment,4136110625615180,Shelf Story Warm Voice,5443423299390877,Brand Awareness,8.2391,2119,0,3578,11,6,38,19,10,35,33,0,0,0,0,3,0,17,0.8023,0,0,0,3135,0
2025-11-01,Marketplace Feed,Family Pantry Retention Initiative,Metro Region Loyalty Cohort,15908997,Health Conscious Buyers Interest Segment,9013382232369046,Collection Showcase Warm Voice,3199746654625132,Brand Awareness,7.1084,2844,0,3487,11,21,50,29,21,65,68,0,0,0,0,5,0,16,0.5626,0,0,0,2754,0
2025-11-02,Retail Media Network,Family Pantry Retention Initiative,Metro Region Loyalty Cohort,86057605,Health Conscious Buyers Interest Segment,1317849022166581,Shelf Story Warm Voice,4835139745633214,Brand Awareness,0.0000,0,0,0,0,0,0,0,0,0,0,0,0,0,0,0,0,0,0.0000,0,0,0,0,0
2025-11-03,In-App Display,Family Pantry Retention Initiative,Metro Region Loyalty Cohort,15908997,Health Conscious Buyers Retention Segment,1669733702699813,Shelf Story Warm Voice,1173063753252113,Brand Awareness,97.4908,13178,0,19387,59,100,100,100,100,3315,2404,0,0,2,0,170,0,254,1.9275,1,10,0,15160,0
2025-11-04,Video Network,Family Pantry Retention Initiative,Metro Region Loyalty Cohort,15908997,Health Conscious Buyers Retention Segment,1669733702699813,Shelf Story Value Voice,1365467474223726,Brand Awareness,14.7590,3685,0,6265,12,19,90,33,20,77,80,0,0,0,0,6,0,21,0.5699,0,0,0,3774,0
2025-11-05,Social Feed,Family Pantry Retention Initiative,Metro Region Loyalty Cohort,15908997,Health Conscious Buyers Retention Segment,1669733702699813,Shelf Story Warm Voice,1837904232519606,Brand Awareness,35.4133,10319,0,9893,22,61,100,100,74,345,233,0,0,0,0,27,0,42,0.4070,0,1,0,9411,0
2025-11-06,Marketplace Feed,Seasonal Select Promo Initiative,Metro Region Loyalty Cohort,15908997,Health Conscious Buyers Interest Segment,1532426936569806,Promo Banner Warm Voice,5732401046815275,Brand Awareness,153.0572,37533,0,46956,86,100,100,100,100,718,881,0,0,0,0,74,0,152,0.4050,0,2,0,35684,0
2025-11-07,In-App Display,Family Pantry Retention Initiative,Metro Region Loyalty Cohort,15908997,Health Conscious Buyers Interest Segment,9013382232369046,Shelf Story Warm Voice,1641518074556035,Brand Awareness,10.2813,2474,0,3233,17,8,32,16,9,30,36,0,0,0,0,3,0,14,0.5659,0,0,0,3240,0
2025-11-08,In-App Display,Family Pantry Retention Initiative,Metro Region Loyalty Cohort,15908997,Health Conscious Buyers Retention Segment,4976789753470273,Offer Spotlight Bold Voice,1582932391745882,Brand Awareness,9.1356,3969,0,2845,6,15,95,32,20,90,108,0,0,0,0,10,0,17,0.4283,0,0,0,3705,0
2025-11-09,Display Network,Seasonal Select Promo Initiative,Metro Region Loyalty Cohort,15908997,Family Planners Lookalike Segment,1718074286658736,Offer Spotlight Value Voice,2074777970281390,Brand Awareness,214.0851,21722,0,27933,99,100,100,100,100,909,734,0,0,0,0,215,0,289,1.3304,2,6,0,35426,0
2025-11-10,Retail Media Network,Family Pantry Retention Initiative,Metro Region Loyalty Cohort,15908997,Health Conscious Buyers Retention Segment,1669733702699813,Shelf Story Warm Voice,4211876559793011,Brand Awareness,19.3988,3559,0,3578,4,9,86,24,14,40,29,0,0,0,0,2,0,7,0.1967,0,0,0,4441,0
2025-11-11,Influencer Network,Seasonal Select Promo Initiative,Metro Region Loyalty Cohort,15908997,Health Conscious Buyers Interest Segment,1532426936569806,Shelf Story Bold Voice,1082336609132049,Brand Awareness,73.4173,20057,0,32666,32,100,100,100,100,172,155,0,0,0,0,10,0,47,0.2343,0,0,0,28579,0
2025-11-12,Influencer Network,Family Pantry Retention Initiative,Metro Region Loyalty Cohort,15908997,Health Conscious Buyers Interest Segment,9013382232369046,Shelf Story Bold Voice,5904212741788775,Brand Awareness,4.3698,751,0,698,1,5,23,9,7,26,14,0,0,0,0,4,0,6,0.7989,0,0,0,1366,0
2025-11-13,Shopping Grid,Weekend Saver Retention Initiative,Metro Region Loyalty Cohort,15908997,Family Planners Lookalike Segment,7248228093339312,Shelf Story Warm Voice,1150526236199258,Brand Awareness,24.1359,5418,0,6526,12,22,100,48,29,103,117,0,0,0,0,18,0,28,0.5168,0,0,0,5381,0
2025-11-14,Retail Media Network,Family Pantry Retention Initiative,Metro Region Conversion Cohort,15908997,Family Planners Lookalike Segment,5543611230519311,Offer Spotlight Friendly Voice,1716769906634105,Catalog Engagement,0.0000,0,0,0,0,0,0,0,0,0,0,0,0,0,0,0,0,0,0.0000,0,0,0,0,0
2025-11-15,In-App Display,Family Pantry Retention Initiative,Metro Region Loyalty Cohort,15908997,Health Conscious Buyers Retention Segment,1669733702699813,Price Drop Cut Value Voice,6906673719698824,Brand Awareness,23.5846,6436,0,5989,7,40,100,71,58,85,107,0,0,0,0,4,0,21,0.3263,0,1,0,3681,0
2025-11-16,Discovery Network,Seasonal Select Promo Initiative,Metro Region Loyalty Cohort,15908997,Health Conscious Buyers Retention Segment,3613956286158588,Offer Spotlight Value Voice,9011752711561329,Brand Awareness,2.4492,655,0,466,1,6,33,14,9,7,8,0,0,0,0,0,0,3,0.4580,0,0,0,480,0
2025-11-17,Retail Media Network,Family Pantry Retention Initiative,Metro Region Loyalty Cohort,15908997,Health Conscious Buyers Retention Segment,1669733702699813,Shelf Story Warm Voice,4211876559793011,Brand Awareness,11.3960,2581,0,1952,12,25,96,30,23,59,48,0,0,0,0,6,0,23,0.8911,0,1,0,1744,0
2025-11-18,Influencer Network,Family Pantry Retention Initiative,Metro Region Loyalty Cohort,15908997,Health Conscious Buyers Interest Segment,1474840462607869,Shelf Story Warm Voice,9110304031000052,Brand Awareness,98.3343,12416,0,21333,23,100,100,100,100,733,539,0,0,0,0,45,0,115,0.9262,0,0,0,13444,0
2025-11-19,Shopping Grid,Seasonal Select Promo Initiative,Metro Region Loyalty Cohort,15908997,Health Conscious Buyers Retention Segment,3613956286158588,Shelf Story Warm Voice,2259713911990191,Brand Awareness,2.4042,404,0,479,4,11,67,20,13,14,13,0,0,0,0,1,0,5,1.2376,0,0,0,273,0
2025-11-20,Discovery Network,Weekend Saver Retention Initiative,Metro Region Loyalty Cohort,15908997,Family Planners Lookalike Segment,7248228093339312,Shelf Story Warm Voice,6451368560487732,Brand Awareness,120.3481,38461,0,29463,58,62,100,100,100,659,543,0,0,1,0,44,0,129,0.3354,0,0,0,29335,0
2025-11-21,Social Feed,Family Pantry Retention Initiative,Metro Region Loyalty Cohort,15908997,Health Conscious Buyers Retention Segment,1669733702699813,Shelf Story Warm Voice,1837904232519606,Brand Awareness,36.7980,4350,0,4001,14,53,100,100,58,305,197,0,0,0,0,39,0,30,0.6897,0,2,0,4098,0
2025-11-22,Shopping Grid,Family Pantry Retention Initiative,Metro Region Loyalty Cohort,15908997,Health Conscious Buyers Interest Segment,9013382232369046,Shelf Story Warm Voice,1641518074556035,Brand Awareness,153.9050,29020,0,48548,54,77,100,100,87,234,245,0,0,0,0,27,0,135,0.4652,0,1,0,32291,0
2025-11-23,Search Network,Seasonal Select Promo Initiative,Metro Region Loyalty Cohort,15908997,Health Conscious Buyers Retention Segment,3613956286158588,Offer Spotlight Value Voice,9011752711561329,Brand Awareness,0.4315,65,0,104,1,2,7,3,2,3,4,0,0,0,0,0,0,1,1.5385,0,0,0,136,0
2025-11-24,Discovery Network,Family Pantry Retention Initiative,Metro Region Loyalty Cohort,15908997,Health Conscious Buyers Retention Segment,1669733702699813,Promo Banner Friendly Voice,1414897562821209,Brand Awareness,2.0960,524,0,749,1,8,18,8,8,18,19,0,0,0,0,1,0,2,0.3817,0,0,0,334,0
2025-11-25,Shopping Grid,Family Pantry Retention Initiative,Metro Region Loyalty Cohort,15908997,Family Planners Lookalike Segment,1665761135741679,Shelf Story Warm Voice,2793262031628184,Brand Awareness,256.2518,56581,0,71225,156,100,100,100,100,1776,1734,0,0,2,0,356,0,443,0.7829,1,9,0,76928,0
2025-11-26,Connected TV,Family Pantry Retention Initiative,Metro Region Loyalty Cohort,15908997,Health Conscious Buyers Retention Segment,4976789753470273,Shelf Story Warm Voice,1212856722898025,Brand Awareness,0.2596,68,0,61,0,1,3,1,1,2,2,0,0,0,0,0,0,0,0.0000,0,0,0,43,0
2025-11-27,Retail Media Network,Family Pantry Retention Initiative,Metro Region Loyalty Cohort,15908997,Health Conscious Buyers Interest Segment,9013382232369046,Promo Banner Friendly Voice,1538508227020088,Brand Awareness,199.7764,66658,0,71519,116,100,100,100,100,661,498,0,0,1,0,94,0,215,0.3225,0,2,0,32086,0
2025-11-28,Retail Media Network,Family Pantry Retention Initiative,Metro Region Conversion Cohort,15908997,Bulk Buyers Retention Segment,1412316301536073,Offer Spotlight Friendly Voice,9097155454198752,Catalog Engagement,0.0000,0,0,0,0,0,0,0,0,0,0,0,0,0,0,0,0,0,0.0000,0,0,0,0,0
2025-11-29,Display Network,Family Pantry Retention Initiative,Metro Region Loyalty Cohort,15908997,Family Planners Lookalike Segment,1665761135741679,Promo Banner Friendly Voice,1647756988327695,Brand Awareness,179.8338,56683,0,76619,137,100,100,100,100,880,972,0,0,1,0,238,0,432,0.7621,2,4,0,70699,0
2025-11-30,Influencer Network,Weekend Saver Retention Initiative,Metro Region Loyalty Cohort,15908997,Family Planners Lookalike Segment,7248228093339312,Shelf Story Bold Voice,3411200546175283,Brand Awareness,228.5784,28629,0,22127,133,100,100,100,100,2728,1933,0,0,2,0,318,0,488,1.7046,0,5,0,33685,0
