DATE,PLATFORM,CAMPAIGN_NAME,CAMPAIGN_GROUP,CAMPAIGN_ID,ADSET_NAME,ADSET_ID,AD_NAME,AD_ID,OBJECTIVE,AMOUNT_SPENT,IMPRESSIONS,CONVERSIONS,REACH,CLICKS,VIDEO_PLAYS_AT_100,VIDEO_PLAYS_AT_25,VIDEO_PLAYS_AT_50,VIDEO_PLAYS_AT_75,FOCUSSED_VIEW_15SEC,VIDEO_VIEWS,VIDEO_THRUPLAY,VIDEO_PLAY_ACTIONS,COMMENTS,LEADS,LIKES,LINK_CLICKS,ENGAGEMENT,ENGAGEMENT_RATE,SHARES,FOLLOWS,VIEW_THROUGH_CONVERSION,VIDEO_STARTS,PURCHASE
2025-10-01,Shopping Grid,Seasonal Select Demand Initiative,Metro Region Loyalty Cohort,11970007606,Health Conscious Buyers Interest Segment,141258509277,Offer Spotlight Bold Voice,135939338663,Brand Awareness,64.8094,7370,10,0,24,0.4848,2.1141,1.0436,0.6154,0,3619,0,0,0,0,0,0,2836,38.4803,0,0,0,0,0
2025-10-02,In-App Display,Seasonal Select Demand Initiative,Metro Region Loyalty Cohort,11970007606,Bulk Buyers Retention Segment,148145023481,Offer Spotlight Bold Voice,846119584281,Brand Awareness,28.1197,9639,5,0,15,0.9859,4.5622,1.9869,1.438,0,2946,0,0,0,0,0,0,4746,49.2375,0,0,0,0,0
2025-10-03,Connected TV,Seasonal Select Demand Initiative,Metro Region Loyalty Cohort,11970007606,Family Planners Lookalike Segment,840964668242,Offer Spotlight Bold Voice,143148175809,Brand Awareness,54.5821,8525,12,0,44,2.0561,5.1945,3.0921,2.2508,0,2892,0,0,0,0,0,0,5257,61.6657,0,0,0,0,0
2025-10-04,Influencer Network,Seasonal Select Demand Initiative,Metro Region Loyalty Cohort,11970007606,Family Planners Lookalike Segment,840964668242,Offer Spotlight Bold Voice,143148175809,Brand Awareness,45.8149,11268,17,0,21,0.7501,3.9741,2.0289,1.2484,0,1448,0,0,0,0,0,0,2693,23.8995,0,0,0,0,0
2025-10-05,Search Network,Seasonal Select Demand Initiative,Metro Region Loyalty Cohort,11970007606,Health Conscious Buyers Interest Segment,141258509277,Offer Spotlight Bold Voice,135939338663,Brand Awareness,63.5746,9925,13,0,22,0.6482,1.9068,1.0587,0.7563,0,4479,0,0,0,0,0,0,6211,62.5793,0,0,0,0,0
2025-10-06,Retail Media Network,Seasonal Select Demand Initiative,Metro Region Loyalty Cohort,11970007606,Bulk Buyers Retention Segment,148145023481,Offer Spotlight Bold Voice,846119584281,Brand Awareness,75.7071,19048,21,0,58,0.9909,4.5831,2.3528,1.4539,0,5636,0,0,0,0,0,0,5849,30.7066,0,0,0,0,0
2025-10-07,Influencer Network,Seasonal Select Demand Initiative,Metro Region Loyalty Cohort,11970007606,Family Planners Lookalike Segment,840964668242,Offer Spotlight Bold Voice,143148175809,Brand Awareness,60.7089,11885,13,0,36,1.0533,3.3471,1.7770,1.3288,0,2009,0,0,0,0,0,0,3286,27.6483,0,0,0,0,0
2025-10-08,Connected TV,Seasonal Select Demand Initiative,Metro Region Loyalty Cohort,11970007606,Bulk Buyers Retention Segment,148145023481,Offer Spotlight Bold Voice,846119584281,Brand Awareness,70.9484,15839,24,0,34,0.7692,3.7478,1.8378,1.1413,0,2430,0,0,0,0,0,0,5377,33.9479,0,0,0,0,0
2025-10-09,Discovery Network,Seasonal Select Demand Initiative,Metro Region Loyalty Cohort,11970007606,Health Conscious Buyers Interest Segment,141258509277,Offer Spotlight Bold Voice,135939338663,Brand Awareness,50.6530,3367,10,0,8,0.924,1.9858,1.2887,0.986,0,1678,0,0,0,0,0,0,1664,49.4208,0,0,0,0,0
2025-10-10,Retail Media Network,Home Essentials Promo Initiative,East Region Conversion Cohort,18477671,Family Planners Interest Segment,426460522604668080,Offer Spotlight Bold Voice,961469379678885435,Brand Awareness,132.2464,108831,0,78385,184,100,100,100,100,0,336,397,68941,0,0,0,25,5674,5.2136,0,0,0,0,0
2025-10-11,Search Network,Home Essentials Promo Initiative,East Region Conversion Cohort,18477671,Health Conscious Buyers Interest Segment,744937521596374624,Offer Spotlight Bold Voice,160997656439243393,Brand Awareness,133.7072,73473,0,71409,85,100,100,100,100,0,373,361,58459,0,0,0,38,5742,7.8151,0,0,0,0,0
2025-10-12,Affiliate Network,Home Essentials Promo Initiative,East Region Conversion Cohort,18477671,Weekend Deal Hunters Interest Segment,512235775188952937,Offer Spotlight Bold Voice,562333462013611341,Brand Awareness,8.4908,6050,0,4115,7,30,100,94,49,0,41,31,3367,0,0,0,2,344,5.6860,0,0,0,0,0
2025-10-13,Influencer Network,Home Essentials Promo Initiative,East Region Conversion Cohort,18477671,Weekend Deal Hunters Interest Segment,512235775188952937,Offer Spotlight Bold Voice,562333462013611341,Brand Awareness,7.5191,4117,0,5934,14,36,100,100,54,0,28,33,4270,0,0,0,3,368,8.9385,0,0,0,0,0
2025-10-14,Affiliate Network,Home Essentials Promo Initiative,East Region Conversion Cohort,18477671,Family Planners Interest Segment,426460522604668080,Offer Spotlight Bold Voice,961469379678885435,Brand Awareness,110.9500,93050,0,80397,137,100,100,100,100,0,700,463,62902,0,0,0,59,4474,4.8082,0,0,0,0,0
2025-10-15,Connected TV,Home Essentials Promo Initiative,East Region Conversion Cohort,18477671,Health Conscious Buyers Interest Segment,744937521596374624,Offer Spotlight Bold Voice,160997656439243393,Brand Awareness,82.6269,49362,0,79864,168,100,100,100,100,0,522,339,53440,0,0,0,15,3995,8.0933,0,0,0,0,0
2025-10-16,Retail Media Network,Home Essentials Promo Initiative,East Region Conversion Cohort,18477671,Family Planners Interest Segment,426460522604668080,Offer Spotlight Bold Voice,961469379678885435,Brand Awareness,159.7945,97458,0,73861,210,100,100,100,100,0,464,548,82893,0,0,0,26,6515,6.6849,0,0,0,0,0
2025-10-17,Search Network,Home Essentials Promo Initiative,East Region Conversion Cohort,18477671,Weekend Deal Hunters Interest Segment,512235775188952937,Offer Spotlight Bold Voice,562333462013611341,Brand Awareness,12.1124,12341,0,13660,35,58,100,100,89,0,32,43,7427,0,0,0,6,1172,9.4968,0,0,0,0,0
2025-10-18,Discovery Network,Home Essentials Promo Initiative,East Region Conversion Cohort,18477671,Health Conscious Buyers Interest Segment,744937521596374624,Offer Spotlight Bold Voice,160997656439243393,Brand Awareness,102.1703,48220,0,49707,121,100,100,100,100,0,538,293,60424,0,0,0,13,4936,10.2364,0,0,0,0,0
2025-10-19,Marketplace Feed,Market Fresh Demand Initiative,East Region Conversion Cohort,18477671,Weekend Deal Hunters Interest Segment,112693653772675234,Product Reel Warm Voice,137942100582601959,Brand Awareness,0.0000,0,0,0,0,0,0,0,0,0,0,0,0,0,0,0,0,0,0.0000,0,0,0,0,0
2025-10-20,Affiliate Network,Market Fresh Demand Initiative,East Region Conversion Cohort,18477671,Family Planners Interest Segment,135835519402463867,Product Reel Warm Voice,277303463679925256,Brand Awareness,0.0000,0,0,0,0,0,0,0,0,0,0,0,0,0,0,0,0,0,0.0000,0,0,0,0,0
2025-10-21,Marketplace Feed,Market Fresh Demand Initiative,East Region Conversion Cohort,18477671,Health Conscious Buyers Interest Segment,767678956198654887,Product Reel Warm Voice,105409050581285251,Brand Awareness,0.0000,0,0,0,0,0,0,0,0,0,0,0,0,0,0,0,0,0,0.0000,0,0,0,0,0
2025-10-22,Retail Media Network,Market Fresh Demand Initiative,East Region Conversion Cohort,18477671,Weekend Deal Hunters Interest Segment,112693653772675234,Product Reel Warm Voice,137942100582601959,Brand Awareness,11.8235,9735,0,14266,23,44,100,100,58,0,56,53,8591,0,0,0,4,799,8.2075,0,0,0,0,0
2025-10-23,Video Network,Market Fresh Demand Initiative,East Region Conversion Cohort,18477671,Health Conscious Buyers Interest Segment,767678956198654887,Product Reel Warm Voice,105409050581285251,Brand Awareness,135.1142,101789,0,103370,130,100,100,100,100,0,238,358,65938,0,0,0,24,5824,5.7216,0,0,0,0,0
2025-10-24,Shopping Grid,Market Fresh Demand Initiative,East Region Conversion Cohort,18477671,Family Planners Interest Segment,135835519402463867,Product Reel Warm Voice,277303463679925256,Brand Awareness,64.3235,66677,0,67365,169,100,100,100,100,0,240,268,46978,0,0,1,42,4556,6.8329,0,0,0,0,0
2025-10-25,Connected TV,Market Fresh Demand Initiative,East Region Conversion Cohort,18477671,Weekend Deal Hunters Interest Segment,112693653772675234,Product Reel Warm Voice,137942100582601959,Brand Awareness,12.2205,7535,0,12511,37,37,100,100,63,0,49,48,7875,0,0,0,5,396,5.2555,0,0,0,0,0
2025-10-26,In-App Display,Market Fresh Demand Initiative,East Region Conversion Cohort,18477671,Family Planners Interest Segment,135835519402463867,Product Reel Warm Voice,277303463679925256,Brand Awareness,114.8259,68076,0,70622,69,100,100,100,100,0,191,259,52035,0,0,0,24,4062,5.9669,0,0,0,0,0
2025-10-27,Marketplace Feed,Market Fresh Demand Initiative,East Region Conversion Cohort,18477671,Health Conscious Buyers Interest Segment,767678956198654887,Product Reel Warm Voice,105409050581285251,Brand Awareness,115.0019,69424,0,109425,159,100,100,100,100,0,510,354,77901,0,0,0,47,5867,8.4510,0,0,0,0,0
2025-10-28,Social Feed,Home Essentials Promo Initiative,East Region Prospecting Cohort,18477671,Bulk Buyers Retention Segment,162853071358804827,Price Drop Cut Value Voice,738937145322144556,Brand Awareness,0.0000,0,0,0,0,0,0,0,0,0,0,0,0,0,0,0,0,0,0.0000,0,0,0,0,0
2025-10-29,Video Network,Home Essentials Promo Initiative,East Region Prospecting Cohort,18477671,Family Planners Interest Segment,311630515941383750,Price Drop Cut Value Voice,668883979484534905,Brand Awareness,0.0000,0,0,0,0,0,0,0,0,0,0,0,0,0,0,0,0,0,0.0000,0,0,0,0,0
2025-10-30,Connected TV,Market Fresh Demand Initiative,East Region Conversion Cohort,18477671,Weekend Deal Hunters Interest Segment,112693653772675234,Product Reel Warm Voice,137942100582601959,Brand Awareness,15.7296,10264,0,9915,39,43,100,100,73,0,53,66,9114,0,0,0,6,527,5.1345,0,0,0,0,0
2025-10-31,Search Network,Market Fresh Demand Initiative,East Region Conversion Cohort,18477671,Health Conscious Buyers Interest Segment,767678956198654887,Product Reel Warm Voice,105409050581285251,Brand Awareness,174.0447,97418,0,111178,128,100,100,100,100,0,540,428,97896,0,0,0,16,7248,7.4401,0,0,0,0,0
2025-10-01,Shopping Grid,Market Fresh Demand Initiative,East Region Conversion Cohort,18477671,Family Planners Interest Segment,135835519402463867,Product Reel Warm Voice,277303463679925256,Brand Awareness,71.4353,48490,0,34097,77,100,100,100,100,0,128,140,33130,0,0,0,10,1853,3.8214,0,0,0,0,0
2025-10-02,Shopping Grid,Smart Choice Impact Initiative,East Region Prospecting Cohort,18477671,Family Planners Interest Segment,840372225327523200,Price Drop Cut Direct Voice,784812318231574872,Brand Awareness,0.0000,0,0,0,0,0,0,0,0,0,0,0,0,0,0,0,0,0,0.0000,0,0,0,0,0
2025-10-03,Marketplace Feed,Home Essentials Promo Initiative,East Region Prospecting Cohort,18477671,Health Conscious Buyers Interest Segment,248379420604111019,Shelf Story Warm Voice,782023714268597622,Brand Awareness,0.0000,0,0,0,0,0,0,0,0,0,0,0,0,0,0,0,0,0,0.0000,0,0,0,0,0
2025-10-04,Marketplace Feed,Home Essentials Promo Initiative,East Region Prospecting Cohort,18477671,Health Conscious Buyers Interest Segment,534609213932090705,Price Drop Cut Value Voice,552366212827275778,Brand Awareness,0.0000,0,0,0,0,0,0,0,0,0,0,0,0,0,0,0,0,0,0.0000,0,0,0,0,0
2025-10-05,Retail Media Network,Home Essentials Promo Initiative,East Region Prospecting Cohort,18477671,Health Conscious Buyers Interest Segment,364535938237621249,Offer Spotlight Bold Voice,103276194285622030,Brand Awareness,0.0000,0,0,0,0,0,0,0,0,0,0,0,0,0,0,0,0,0,0.0000,0,0,0,0,0
2025-10-06,Shopping Grid,Smart Choice Impact Initiative,East Region Prospecting Cohort,18477671,Bulk Buyers Retention Segment,109119492619545499,Price Drop Cut Direct Voice,110815619208330309,Brand Awareness,0.0000,0,0,0,0,0,0,0,0,0,0,0,0,0,0,0,0,0,0.0000,0,0,0,0,0
2025-10-07,In-App Display,Home Essentials Promo Initiative,East Region Prospecting Cohort,18477671,Bulk Buyers Retention Segment,153153839872142797,Shelf Story Warm Voice,136197224744361279,Brand Awareness,0.0000,0,0,0,0,0,0,0,0,0,0,0,0,0,0,0,0,0,0.0000,0,0,0,0,0
2025-10-08,Display Network,Home Essentials Promo Initiative,East Region Prospecting Cohort,18477671,Family Planners Interest Segment,126757682204121107,Offer Spotlight Bold Voice,121926468845256924,Brand Awareness,0.0000,0,0,0,0,0,0,0,0,0,0,0,0,0,0,0,0,0,0.0000,0,0,0,0,0
2025-10-09,Retail Media Network,Home Essentials Promo Initiative,East Region Prospecting Cohort,18477671,Bulk Buyers Retention Segment,248674078184555859,Offer Spotlight Bold Voice,452112915739182326,Brand Awareness,0.0000,0,0,0,0,0,0,0,0,0,0,0,0,0,0,0,0,0,0.0000,0,0,0,0,0
2025-10-10,Display Network,Home Essentials Promo Initiative,East Region Prospecting Cohort,18477671,Bulk Buyers Retention Segment,248674078184555859,Offer Spotlight Bold Voice,452112915739182326,Brand Awareness,70.5694,33790,0,55674,75,6,84,23,9,0,10,5,413,0,0,0,17,116,0.3433,0,0,0,0,0
2025-10-11,Discovery Network,Home Essentials Promo Initiative,East Region Prospecting Cohort,18477671,Health Conscious Buyers Interest Segment,159890011514394505,Offer Spotlight Bold Voice,142381176949482591,Brand Awareness,7.9909,4630,0,7136,9,2,12,2,2,0,1,2,56,0,0,0,8,12,0.2592,0,0,0,0,0
2025-10-12,Discovery Network,Home Essentials Promo Initiative,East Region Prospecting Cohort,18477671,Health Conscious Buyers Interest Segment,534609213932090705,Price Drop Cut Value Voice,552366212827275778,Brand Awareness,0.6437,565,0,587,1,1,27,4,1,0,6,5,372,0,0,0,0,58,10.2655,0,0,0,0,0
2025-10-13,Marketplace Feed,Home Essentials Promo Initiative,East Region Prospecting Cohort,18477671,Bulk Buyers Retention Segment,162853071358804827,Price Drop Cut Value Voice,738937145322144556,Brand Awareness,57.9937,30811,0,43492,62,49,100,100,58,0,162,145,26188,0,0,0,12,2255,7.3188,0,0,0,0,0
2025-10-14,Shopping Grid,Market Fresh Demand Initiative,East Region Conversion Cohort,18477671,Health Conscious Buyers Interest Segment,767678956198654887,Product Reel Warm Voice,105409050581285251,Brand Awareness,117.5508,85809,0,133389,177,100,100,100,100,0,377,465,84581,0,0,0,34,6090,7.0972,0,0,0,0,0
2025-10-15,In-App Display,Market Fresh Demand Initiative,East Region Conversion Cohort,18477671,Family Planners Interest Segment,135835519402463867,Product Reel Warm Voice,277303463679925256,Brand Awareness,83.2107,56548,0,36425,77,100,100,100,100,0,299,196,38264,0,0,0,39,2214,3.9153,0,0,0,0,0
2025-10-16,Connected TV,Smart Choice Impact Initiative,East Region Prospecting Cohort,18477671,Health Conscious Buyers Interest Segment,139882288624590753,Price Drop Cut Direct Voice,131818311870905728,Brand Awareness,11.4371,12553,0,14051,5,0,0,0,0,0,0,0,0,0,0,0,0,2,0.0159,0,0,0,0,0
2025-10-17,Video Network,Smart Choice Impact Initiative,East Region Prospecting Cohort,18477671,Health Conscious Buyers Interest Segment,480027451396060714,Price Drop Cut Direct Voice,104600581524694515,Brand Awareness,0.6299,501,0,533,1,0,0,0,0,0,0,0,0,0,0,0,1,1,0.1996,0,0,0,0,0
2025-10-18,Connected TV,Smart Choice Impact Initiative,East Region Prospecting Cohort,18477671,Family Planners Interest Segment,840372225327523200,Price Drop Cut Direct Voice,784812318231574872,Brand Awareness,53.6881,41464,0,45012,35,0,0,0,0,0,0,0,0,0,0,0,12,17,0.0410,0,0,0,0,0
2025-10-19,Social Feed,Smart Choice Impact Initiative,East Region Prospecting Cohort,18477671,Bulk Buyers Retention Segment,109119492619545499,Price Drop Cut Direct Voice,110815619208330309,Brand Awareness,58.5459,34153,0,41120,49,0,0,0,0,0,0,0,0,0,0,0,35,38,0.1113,0,0,0,0,0
2025-10-20,Social Feed,Home Essentials Promo Initiative,East Region Prospecting Cohort,18477671,Bulk Buyers Retention Segment,153153839872142797,Shelf Story Warm Voice,136197224744361279,Brand Awareness,39.4593,37444,0,37336,63,21,100,54,30,0,175,126,26347,0,0,0,11,1231,3.2876,0,0,0,0,0
2025-10-21,Video Network,Home Essentials Promo Initiative,East Region Prospecting Cohort,18477671,Health Conscious Buyers Interest Segment,364535938237621249,Offer Spotlight Bold Voice,103276194285622030,Brand Awareness,0.8791,557,0,643,1,1,2,1,1,0,1,1,6,0,0,0,0,2,0.3591,0,0,0,0,0
2025-10-22,Social Feed,Home Essentials Promo Initiative,East Region Prospecting Cohort,18477671,Health Conscious Buyers Interest Segment,112051189842394453,Price Drop Cut Value Voice,136910279477454488,Brand Awareness,5.8826,3872,0,2436,5,7,42,13,10,0,20,15,2354,0,0,0,1,138,3.5640,0,0,0,0,0
2025-10-23,In-App Display,Home Essentials Promo Initiative,East Region Prospecting Cohort,18477671,Family Planners Interest Segment,126757682204121107,Offer Spotlight Bold Voice,121926468845256924,Brand Awareness,39.4526,23706,0,32729,71,8,72,27,15,0,9,7,369,0,0,0,13,100,0.4218,0,0,0,0,0
2025-10-24,Shopping Grid,Home Essentials Promo Initiative,East Region Prospecting Cohort,18477671,Health Conscious Buyers Interest Segment,248379420604111019,Shelf Story Warm Voice,782023714268597622,Brand Awareness,7.9642,6205,0,4621,10,4,37,9,4,0,24,22,5319,0,0,0,1,421,6.7849,0,0,0,0,0
2025-10-25,In-App Display,Home Essentials Promo Initiative,East Region Prospecting Cohort,18477671,Health Conscious Buyers Interest Segment,200893730051116336,Shelf Story Warm Voice,108280733195277560,Brand Awareness,0.7288,428,0,412,1,0,0,0,0,0,0,0,387,0,0,0,0,31,7.2430,0,0,0,0,0
2025-10-26,Retail Media Network,Home Essentials Promo Initiative,East Region Prospecting Cohort,18477671,Family Planners Interest Segment,463785616888243848,Shelf Story Warm Voice,917041724367241512,Brand Awareness,40.2130,19961,0,23968,45,15,100,43,18,0,163,84,18519,0,0,0,5,832,4.1681,0,0,0,0,0
2025-10-27,Display Network,Market Fresh Demand Initiative,East Region Conversion Cohort,18477671,Weekend Deal Hunters Interest Segment,112693653772675234,Product Reel Warm Voice,137942100582601959,Brand Awareness,9.2523,8249,0,8388,28,28,100,100,47,0,68,54,6530,0,0,0,2,850,10.3043,0,0,0,0,0
2025-10-28,Marketplace Feed,Home Essentials Promo Initiative,East Region Prospecting Cohort,18477671,Family Planners Interest Segment,311630515941383750,Price Drop Cut Value Voice,668883979484534905,Brand Awareness,78.1483,58013,0,48301,63,64,100,100,81,0,227,142,41531,0,0,0,7,1497,2.5805,0,0,0,0,0
2025-10-29,Marketplace Feed,Home Essentials Promo Initiative,East Region Prospecting Cohort,18477671,Bulk Buyers Retention Segment,248674078184555859,Offer Spotlight Bold Voice,452112915739182326,Brand Awareness,68.1020,42055,0,64900,97,8,75,26,12,0,9,8,351,0,0,0,12,104,0.2473,0,0,0,0,0
2025-10-30,Marketplace Feed,Home Essentials Promo Initiative,East Region Prospecting Cohort,18477671,Family Planners Interest Segment,126757682204121107,Offer Spotlight Bold Voice,121926468845256924,Brand Awareness,33.5761,38662,0,34874,85,4,26,9,4,0,6,3,220,0,0,0,6,70,0.1811,0,0,0,0,0
2025-10-31,Influencer Network,Home Essentials Promo Initiative,East Region Prospecting Cohort,18477671,Health Conscious Buyers Interest Segment,112051189842394453,Price Drop Cut Value Voice,136910279477454488,Brand Awareness,3.1971,1276,0,1897,0,0,20,5,1,0,5,7,1215,0,0,0,0,120,9.4044,0,0,0,0,0
2025-10-01,Connected TV,Home Essentials Promo Initiative,East Region Prospecting Cohort,18477671,Health Conscious Buyers Interest Segment,534609213932090705,Price Drop Cut Value Voice,552366212827275778,Brand Awareness,1.3106,1789,0,1324,5,5,77,20,6,0,25,21,602,0,0,0,4,187,10.4528,0,0,0,0,0
2025-10-02,Retail Media Network,Home Essentials Promo Initiative,East Region Prospecting Cohort,18477671,Family Planners Interest Segment,311630515941383750,Price Drop Cut Value Voice,668883979484534905,Brand Awareness,46.4102,22175,0,27258,34,29,100,74,42,0,93,77,21599,0,0,0,5,1306,5.8895,0,0,0,0,0
2025-10-03,Affiliate Network,Home Essentials Promo Initiative,East Region Prospecting Cohort,18477671,Health Conscious Buyers Interest Segment,159890011514394505,Offer Spotlight Bold Voice,142381176949482591,Brand Awareness,8.8539,10022,0,5624,9,0,9,2,0,0,0,0,54,0,0,0,6,19,0.1896,0,0,0,0,0
2025-10-04,Marketplace Feed,Home Essentials Promo Initiative,East Region Prospecting Cohort,18477671,Health Conscious Buyers Interest Segment,364535938237621249,Offer Spotlight Bold Voice,103276194285622030,Brand Awareness,0.9744,506,0,509,0,0,0,0,0,0,0,0,7,0,0,0,0,0,0.0000,0,0,0,0,0
2025-10-05,Search Network,Market Fresh Demand Initiative,East Region Conversion Cohort,18477671,Health Conscious Buyers Interest Segment,767678956198654887,Product Reel Warm Voice,105409050581285251,Brand Awareness,187.6405,129880,0,136911,154,100,100,100,100,0,687,463,87604,1,0,0,36,4807,3.7011,0,0,0,0,0
2025-10-06,Affiliate Network,Smart Choice Impact Initiative,East Region Prospecting Cohort,18477671,Health Conscious Buyers Interest Segment,139882288624590753,Price Drop Cut Direct Voice,131818311870905728,Brand Awareness,10.0725,4609,0,6392,11,0,0,0,0,0,0,0,0,0,0,0,0,4,0.0868,0,0,0,0,0
2025-10-07,Connected TV,Smart Choice Impact Initiative,East Region Prospecting Cohort,18477671,Health Conscious Buyers Interest Segment,480027451396060714,Price Drop Cut Direct Voice,104600581524694515,Brand Awareness,0.4254,175,0,294,1,0,0,0,0,0,0,0,0,0,0,0,1,1,0.5714,0,0,0,0,0
2025-10-08,Display Network,Smart Choice Impact Initiative,East Region Prospecting Cohort,18477671,Family Planners Interest Segment,840372225327523200,Price Drop Cut Direct Voice,784812318231574872,Brand Awareness,58.6944,73335,0,60034,177,0,0,0,0,0,0,0,0,0,0,0,142,78,0.1064,0,0,0,0,0
2025-10-09,Social Feed,Home Essentials Promo Initiative,East Region Prospecting Cohort,18477671,Bulk Buyers Retention Segment,153153839872142797,Shelf Story Warm Voice,136197224744361279,Brand Awareness,55.4249,37947,0,48837,49,27,100,61,36,0,235,153,25403,0,0,0,12,2010,5.2969,0,0,0,0,0
2025-10-10,Search Network,Home Essentials Promo Initiative,East Region Prospecting Cohort,18477671,Family Planners Interest Segment,463785616888243848,Shelf Story Warm Voice,917041724367241512,Brand Awareness,28.4383,25908,0,31387,25,17,100,43,20,0,92,83,21021,0,0,1,1,950,3.6668,0,0,0,0,0
2025-10-11,Display Network,Home Essentials Promo Initiative,East Region Prospecting Cohort,18477671,Health Conscious Buyers Interest Segment,248379420604111019,Shelf Story Warm Voice,782023714268597622,Brand Awareness,6.9050,6119,0,4985,5,6,46,18,7,0,25,22,4848,0,0,0,1,245,4.0039,0,0,0,0,0
2025-10-12,Display Network,Home Essentials Promo Initiative,East Region Prospecting Cohort,18477671,Health Conscious Buyers Interest Segment,200893730051116336,Shelf Story Warm Voice,108280733195277560,Brand Awareness,0.7156,762,0,537,1,0,3,0,0,0,0,0,400,0,0,0,1,52,6.8241,0,0,0,0,0
2025-10-13,Marketplace Feed,Home Essentials Promo Initiative,East Region Prospecting Cohort,18477671,Bulk Buyers Retention Segment,162853071358804827,Price Drop Cut Value Voice,738937145322144556,Brand Awareness,42.7356,59451,0,49013,46,49,100,100,84,0,508,336,19141,0,0,0,35,3402,5.7224,0,0,0,0,0
2025-10-14,Video Network,Market Fresh Demand Initiative,East Region Conversion Cohort,18477671,Weekend Deal Hunters Interest Segment,112693653772675234,Product Reel Warm Voice,137942100582601959,Brand Awareness,14.7076,6354,0,9078,15,24,100,77,34,0,48,38,5809,0,0,0,3,570,8.9707,0,0,0,0,0
2025-10-15,Affiliate Network,Market Fresh Demand Initiative,East Region Conversion Cohort,18477671,Family Planners Interest Segment,135835519402463867,Product Reel Warm Voice,277303463679925256,Brand Awareness,72.0321,58406,0,42764,77,100,100,100,100,0,234,194,40167,0,0,0,18,3513,6.0148,0,0,0,0,0
2025-10-16,Affiliate Network,Smart Choice Impact Initiative,East Region Prospecting Cohort,18477671,Bulk Buyers Retention Segment,109119492619545499,Price Drop Cut Direct Voice,110815619208330309,Brand Awareness,71.5565,62646,0,64778,156,0,0,0,0,0,0,0,0,0,0,0,77,63,0.1006,0,0,0,0,0
2025-10-17,Affiliate Network,Home Essentials Promo Initiative,East Region Prospecting Cohort,18477671,Health Conscious Buyers Interest Segment,159890011514394505,Offer Spotlight Bold Voice,142381176949482591,Brand Awareness,9.7555,8295,0,5199,12,3,11,4,3,0,3,2,48,0,0,0,2,12,0.1447,0,0,0,0,0
2025-10-18,Affiliate Network,Home Essentials Promo Initiative,East Region Prospecting Cohort,18477671,Health Conscious Buyers Interest Segment,112051189842394453,Price Drop Cut Value Voice,136910279477454488,Brand Awareness,4.8674,3060,0,3893,10,3,34,11,3,0,19,13,2075,0,0,0,1,181,5.9150,0,0,0,0,0
2025-10-19,Shopping Grid,Home Essentials Promo Initiative,East Region Prospecting Cohort,18477671,Health Conscious Buyers Interest Segment,534609213932090705,Price Drop Cut Value Voice,552366212827275778,Brand Awareness,0.6113,420,0,539,1,0,6,1,1,0,1,1,268,0,0,0,0,28,6.6667,0,0,0,0,0
2025-10-20,Display Network,Home Essentials Promo Initiative,East Region Prospecting Cohort,18477671,Bulk Buyers Retention Segment,162853071358804827,Price Drop Cut Value Voice,738937145322144556,Brand Awareness,152.8265,165177,0,118167,147,100,100,100,100,0,1351,773,53579,0,0,0,114,12813,7.7571,0,0,0,0,0
2025-10-21,Social Feed,Home Essentials Promo Initiative,East Region Prospecting Cohort,18477671,Bulk Buyers Retention Segment,248674078184555859,Offer Spotlight Bold Voice,452112915739182326,Brand Awareness,69.6676,51492,0,45216,62,5,57,18,7,0,4,5,322,0,0,0,7,78,0.1515,0,0,0,0,0
2025-10-22,Influencer Network,Home Essentials Promo Initiative,East Region Prospecting Cohort,18477671,Family Planners Interest Segment,126757682204121107,Offer Spotlight Bold Voice,121926468845256924,Brand Awareness,51.7857,37358,0,45539,26,9,80,24,13,0,12,8,345,0,0,0,10,103,0.2757,0,0,0,0,0
2025-10-23,Marketplace Feed,Home Essentials Promo Initiative,East Region Prospecting Cohort,18477671,Family Planners Interest Segment,311630515941383750,Price Drop Cut Value Voice,668883979484534905,Brand Awareness,86.9970,52170,0,60391,61,56,100,100,92,0,154,243,26612,0,0,0,26,4237,8.1215,0,0,0,0,0
2025-10-24,Video Network,Smart Choice Impact Initiative,East Region Prospecting Cohort,18477671,Family Planners Interest Segment,400897812008861480,Offer Spotlight Bold Voice,480405189437503653,Brand Awareness,0.0000,0,0,0,0,0,0,0,0,0,0,0,0,0,0,0,0,0,0.0000,0,0,0,0,0
2025-10-25,Shopping Grid,Smart Choice Impact Initiative,East Region Prospecting Cohort,18477671,Bulk Buyers Retention Segment,107715783645079938,Offer Spotlight Bold Voice,149589309607813303,Brand Awareness,0.0000,0,0,0,0,0,0,0,0,0,0,0,0,0,0,0,0,0,0.0000,0,0,0,0,0
2025-10-26,Video Network,Market Fresh Demand Initiative,East Region Conversion Cohort,18477671,Health Conscious Buyers Interest Segment,767678956198654887,Product Reel Warm Voice,105409050581285251,Brand Awareness,178.1775,99246,0,84311,173,100,100,100,100,0,228,338,84709,0,0,0,29,4248,4.2803,0,0,0,0,0
2025-10-27,Retail Media Network,Market Fresh Demand Initiative,East Region Conversion Cohort,18477671,Family Planners Interest Segment,135835519402463867,Product Reel Warm Voice,277303463679925256,Brand Awareness,70.7396,40401,0,44506,81,100,100,100,100,0,157,212,34540,0,0,0,8,2275,5.6310,0,0,0,0,0
2025-10-28,Shopping Grid,Smart Choice Impact Initiative,East Region Prospecting Cohort,18477671,Health Conscious Buyers Interest Segment,139882288624590753,Price Drop Cut Direct Voice,131818311870905728,Brand Awareness,8.9313,7763,0,6968,9,0,0,0,0,0,0,0,0,0,0,0,0,6,0.0773,0,0,0,0,0
2025-10-29,Video Network,Smart Choice Impact Initiative,East Region Prospecting Cohort,18477671,Family Planners Interest Segment,840372225327523200,Price Drop Cut Direct Voice,784812318231574872,Brand Awareness,20.5412,11183,0,14590,25,0,0,0,0,0,0,0,0,0,0,0,9,14,0.1252,0,0,0,0,0
2025-10-30,Display Network,Home Essentials Promo Initiative,East Region Prospecting Cohort,18477671,Bulk Buyers Retention Segment,153153839872142797,Shelf Story Warm Voice,136197224744361279,Brand Awareness,76.9173,32560,0,50026,94,28,100,68,28,0,195,150,37918,0,0,0,18,1747,5.3655,0,0,0,0,0
2025-10-31,Affiliate Network,Home Essentials Promo Initiative,East Region Prospecting Cohort,18477671,Health Conscious Buyers Interest Segment,248379420604111019,Shelf Story Warm Voice,782023714268597622,Brand Awareness,3.4565,2192,0,2845,3,3,16,4,3,0,11,10,1580,0,0,0,1,84,3.8321,0,0,0,0,0
2025-10-01,Influencer Network,Home Essentials Promo Initiative,East Region Prospecting Cohort,18477671,Health Conscious Buyers Interest Segment,200893730051116336,Shelf Story Warm Voice,108280733195277560,Brand Awareness,0.5338,513,0,473,1,0,4,2,1,0,6,4,345,0,0,0,0,27,5.2632,0,0,0,0,0
2025-10-02,Connected TV,Smart Choice Impact Initiative,East Region Prospecting Cohort,18477671,Bulk Buyers Retention Segment,109119492619545499,Price Drop Cut Direct Voice,110815619208330309,Brand Awareness,86.2669,74812,0,86872,243,0,0,0,0,0,0,0,0,0,0,0,184,135,0.1805,0,0,0,0,0
2025-10-03,Affiliate Network,Market Fresh Demand Initiative,East Region Conversion Cohort,18477671,Weekend Deal Hunters Interest Segment,112693653772675234,Product Reel Warm Voice,137942100582601959,Brand Awareness,17.3422,6392,0,8442,23,28,100,88,46,0,65,44,7822,0,0,0,2,360,5.6320,0,0,0,0,0
2025-10-04,Shopping Grid,Smart Choice Impact Initiative,East Region Prospecting Cohort,18477671,Health Conscious Buyers Interest Segment,480027451396060714,Price Drop Cut Direct Voice,104600581524694515,Brand Awareness,0.3694,217,0,253,0,0,0,0,0,0,0,0,0,0,0,0,0,0,0.0000,0,0,0,0,0
2025-10-05,Affiliate Network,Home Essentials Promo Initiative,East Region Prospecting Cohort,18477671,Family Planners Interest Segment,463785616888243848,Shelf Story Warm Voice,917041724367241512,Brand Awareness,20.3945,8291,0,12513,10,6,45,21,12,0,28,32,9560,0,0,0,1,452,5.4517,0,0,0,0,0
2025-10-06,Marketplace Feed,Home Essentials Promo Initiative,East Region Prospecting Cohort,18477671,Health Conscious Buyers Interest Segment,364535938237621249,Offer Spotlight Bold Voice,103276194285622030,Brand Awareness,0.5475,428,0,484,3,0,1,0,0,0,0,0,13,0,0,0,0,1,0.2336,0,0,0,0,0
2025-10-07,Video Network,Market Fresh Demand Initiative,Metro Region Prospecting Cohort,18477671,Health Conscious Buyers Interest Segment,111425641592502989,Product Reel Bold Voice,973295260612807555,Brand Awareness,0.0000,0,0,0,0,0,0,0,0,0,0,0,0,0,0,0,0,0,0.0000,0,0,0,0,0
2025-10-08,Shopping Grid,Home Essentials Promo Initiative,East Region Prospecting Cohort,18477671,Family Planners Interest Segment,126757682204121107,Offer Spotlight Bold Voice,121926468845256924,Brand Awareness,68.1629,33741,0,40147,52,7,60,17,8,0,6,6,304,0,0,0,11,99,0.2934,0,0,0,0,0
2025-10-09,Influencer Network,Home Essentials Promo Initiative,East Region Prospecting Cohort,18477671,Health Conscious Buyers Interest Segment,159890011514394505,Offer Spotlight Bold Voice,142381176949482591,Brand Awareness,13.9704,6907,0,9260,14,0,7,1,0,0,0,0,50,0,0,0,1,10,0.1448,0,0,0,0,0
2025-10-10,Discovery Network,Home Essentials Promo Initiative,East Region Prospecting Cohort,18477671,Health Conscious Buyers Interest Segment,112051189842394453,Price Drop Cut Value Voice,136910279477454488,Brand Awareness,7.6706,4481,0,5788,11,6,65,15,7,0,27,18,3276,0,0,0,3,305,6.8065,0,0,0,0,0
2025-10-11,Retail Media Network,Home Essentials Promo Initiative,East Region Prospecting Cohort,18477671,Health Conscious Buyers Interest Segment,534609213932090705,Price Drop Cut Value Voice,552366212827275778,Brand Awareness,0.5695,413,0,391,0,0,9,1,1,0,1,1,383,0,0,0,0,37,8.9588,0,0,0,0,0
2025-10-12,Social Feed,Home Essentials Promo Initiative,East Region Prospecting Cohort,18477671,Bulk Buyers Retention Segment,162853071358804827,Price Drop Cut Value Voice,738937145322144556,Brand Awareness,80.8306,42376,0,41332,54,46,100,100,62,0,232,153,32499,0,0,0,10,2340,5.5220,0,0,0,0,0
2025-10-13,Video Network,Market Fresh Demand Initiative,East Region Conversion Cohort,18477671,Family Planners Interest Segment,135835519402463867,Product Reel Warm Voice,277303463679925256,Brand Awareness,69.5948,43290,0,77211,84,100,100,100,100,0,319,258,47317,0,0,0,20,3129,7.2280,0,0,0,0,0
2025-10-14,Retail Media Network,Smart Choice Impact Initiative,East Region Prospecting Cohort,18477671,Health Conscious Buyers Interest Segment,139882288624590753,Price Drop Cut Direct Voice,131818311870905728,Brand Awareness,3.1021,2369,0,2397,2,0,0,0,0,0,0,0,0,0,0,0,0,2,0.0844,0,0,0,0,0
2025-10-15,Retail Media Network,Home Essentials Promo Initiative,East Region Prospecting Cohort,18477671,Health Conscious Buyers Interest Segment,200893730051116336,Shelf Story Warm Voice,108280733195277560,Brand Awareness,0.7342,497,0,514,0,0,2,0,0,0,1,1,340,0,0,0,0,30,6.0362,0,0,0,0,0
2025-10-16,Discovery Network,Smart Choice Impact Initiative,East Region Prospecting Cohort,18477671,Family Planners Interest Segment,840372225327523200,Price Drop Cut Direct Voice,784812318231574872,Brand Awareness,47.4972,25176,0,36876,62,0,0,0,0,0,0,0,0,0,0,0,36,35,0.1390,0,0,0,0,0
2025-10-17,In-App Display,Home Essentials Promo Initiative,East Region Prospecting Cohort,18477671,Health Conscious Buyers Interest Segment,364535938237621249,Offer Spotlight Bold Voice,103276194285622030,Brand Awareness,0.6963,485,0,424,4,0,2,1,0,0,0,0,12,0,0,0,1,5,1.0309,0,0,0,0,0
2025-10-18,Video Network,Home Essentials Promo Initiative,East Region Prospecting Cohort,18477671,Family Planners Interest Segment,463785616888243848,Shelf Story Warm Voice,917041724367241512,Brand Awareness,34.9549,25095,0,16736,23,25,100,36,23,0,62,70,13275,0,0,0,7,1079,4.2997,0,0,0,0,0
2025-10-19,Marketplace Feed,Home Essentials Promo Initiative,East Region Prospecting Cohort,18477671,Health Conscious Buyers Interest Segment,248379420604111019,Shelf Story Warm Voice,782023714268597622,Brand Awareness,4.6580,2847,0,2650,2,4,29,9,3,0,18,18,2720,0,0,0,0,161,5.6551,0,0,0,0,0
2025-10-20,Influencer Network,Home Essentials Promo Initiative,East Region Prospecting Cohort,18477671,Bulk Buyers Retention Segment,153153839872142797,Shelf Story Warm Voice,136197224744361279,Brand Awareness,91.4155,42696,0,62097,51,35,100,89,37,0,200,201,36490,0,0,0,27,3059,7.1646,0,0,0,0,0
2025-10-21,Social Feed,Smart Choice Impact Initiative,East Region Prospecting Cohort,18477671,Family Planners Interest Segment,400897812008861480,Offer Spotlight Bold Voice,480405189437503653,Brand Awareness,55.0801,45251,0,50325,60,64,100,100,100,0,362,301,36886,0,0,0,33,2720,6.0109,0,0,0,0,0
2025-10-22,Search Network,Smart Choice Impact Initiative,East Region Prospecting Cohort,18477671,Bulk Buyers Retention Segment,107715783645079938,Offer Spotlight Bold Voice,149589309607813303,Brand Awareness,51.9505,48021,0,40461,81,43,100,100,65,0,119,209,30558,0,0,0,15,2965,6.1744,0,0,0,0,0
2025-10-23,Retail Media Network,Smart Choice Impact Initiative,East Region Prospecting Cohort,18477671,Health Conscious Buyers Interest Segment,131550595172124090,Offer Spotlight Bold Voice,104977916368343912,Brand Awareness,1.7796,1425,0,1476,1,6,70,13,6,0,18,18,711,0,0,0,1,264,18.5263,0,0,0,0,0
2025-10-24,Influencer Network,Smart Choice Impact Initiative,East Region Prospecting Cohort,18477671,Health Conscious Buyers Interest Segment,103535651235991591,Offer Spotlight Bold Voice,127483164261898063,Brand Awareness,1.9619,1405,0,1946,2,3,25,6,3,0,11,8,1578,0,0,0,0,87,6.1922,0,0,0,0,0
2025-10-25,Retail Media Network,Market Fresh Demand Initiative,East Region Conversion Cohort,18477671,Weekend Deal Hunters Interest Segment,112693653772675234,Product Reel Warm Voice,137942100582601959,Brand Awareness,15.1182,7526,0,11925,16,46,100,100,66,0,70,58,8164,0,0,0,3,704,9.3542,0,0,0,0,0
2025-10-26,Marketplace Feed,Market Fresh Demand Initiative,East Region Conversion Cohort,18477671,Health Conscious Buyers Interest Segment,767678956198654887,Product Reel Warm Voice,105409050581285251,Brand Awareness,154.3060,66734,0,74613,154,100,100,100,100,0,485,353,63313,0,0,0,41,4408,6.6053,0,0,0,0,0
2025-10-27,Discovery Network,Home Essentials Promo Initiative,East Region Prospecting Cohort,18477671,Family Planners Interest Segment,311630515941383750,Price Drop Cut Value Voice,668883979484534905,Brand Awareness,49.2415,22668,0,34787,72,37,100,100,56,0,153,107,36022,0,0,0,5,1102,4.8615,0,0,0,0,0
2025-10-28,Display Network,Market Fresh Demand Initiative,Metro Region Prospecting Cohort,18477671,Weekend Deal Hunters Interest Segment,161376797460090312,Product Reel Bold Voice,509760748397830743,Brand Awareness,0.0000,0,0,0,0,0,0,0,0,0,0,0,0,0,0,0,0,0,0.0000,0,0,0,0,0
2025-10-29,Search Network,Smart Choice Impact Initiative,East Region Prospecting Cohort,18477671,Bulk Buyers Retention Segment,109119492619545499,Price Drop Cut Direct Voice,110815619208330309,Brand Awareness,63.5075,103823,0,125578,181,0,0,0,0,0,0,0,0,0,0,0,122,126,0.1214,0,0,0,0,0
2025-10-30,Shopping Grid,Smart Choice Impact Initiative,East Region Prospecting Cohort,18477671,Health Conscious Buyers Interest Segment,480027451396060714,Price Drop Cut Direct Voice,104600581524694515,Brand Awareness,0.4288,409,0,450,0,0,0,0,0,0,0,0,0,0,0,0,0,0,0.0000,0,0,0,0,0
2025-10-31,Retail Media Network,Home Essentials Promo Initiative,East Region Prospecting Cohort,18477671,Bulk Buyers Retention Segment,248674078184555859,Offer Spotlight Bold Voice,452112915739182326,Brand Awareness,72.2426,29995,0,48677,28,5,47,14,5,0,4,4,228,0,0,0,4,62,0.2067,0,0,0,0,0
2025-10-01,Influencer Network,Market Fresh Demand Initiative,Metro Region Prospecting Cohort,18477671,Weekend Deal Hunters Interest Segment,161376797460090312,Product Reel Bold Voice,509760748397830743,Brand Awareness,21.2557,12916,0,15678,42,0,0,0,0,0,0,0,0,0,0,0,4,15,0.1161,0,0,0,0,0
2025-10-02,Marketplace Feed,Market Fresh Demand Initiative,Metro Region Prospecting Cohort,18477671,Health Conscious Buyers Interest Segment,111425641592502989,Product Reel Bold Voice,973295260612807555,Brand Awareness,44.9861,42310,0,36696,46,0,0,0,0,0,0,0,0,0,0,0,6,12,0.0284,0,0,0,0,0
2025-10-03,Shopping Grid,Home Essentials Promo Initiative,East Region Prospecting Cohort,18477671,Bulk Buyers Retention Segment,248674078184555859,Offer Spotlight Bold Voice,452112915739182326,Brand Awareness,53.0801,43180,0,40041,33,5,55,17,9,0,5,5,299,0,0,0,5,56,0.1297,0,0,0,0,0
2025-10-04,In-App Display,Home Essentials Promo Initiative,East Region Prospecting Cohort,18477671,Family Planners Interest Segment,126757682204121107,Offer Spotlight Bold Voice,121926468845256924,Brand Awareness,78.1531,56785,0,42935,79,29,100,98,47,0,48,27,1160,0,0,0,18,302,0.5318,0,0,0,0,0
2025-10-05,Video Network,Home Essentials Promo Initiative,East Region Prospecting Cohort,18477671,Health Conscious Buyers Interest Segment,159890011514394505,Offer Spotlight Bold Voice,142381176949482591,Brand Awareness,8.3412,4165,0,5927,16,1,8,4,1,0,1,1,39,0,0,0,4,20,0.4802,0,0,0,0,0
2025-10-06,Retail Media Network,Home Essentials Promo Initiative,East Region Prospecting Cohort,18477671,Family Planners Interest Segment,311630515941383750,Price Drop Cut Value Voice,668883979484534905,Brand Awareness,45.9198,34695,0,32748,38,35,100,100,61,0,171,201,20096,0,0,0,18,2348,6.7675,0,0,0,0,0
2025-10-07,Affiliate Network,Smart Choice Impact Initiative,East Region Prospecting Cohort,18477671,Bulk Buyers Retention Segment,107715783645079938,Offer Spotlight Bold Voice,149589309607813303,Brand Awareness,53.1306,38257,0,34403,135,41,100,100,61,0,268,166,30782,0,0,0,25,1763,4.6083,0,0,0,0,0
2025-10-08,Shopping Grid,Smart Choice Impact Initiative,East Region Prospecting Cohort,18477671,Health Conscious Buyers Interest Segment,103535651235991591,Offer Spotlight Bold Voice,127483164261898063,Brand Awareness,2.3358,2053,0,2103,0,0,25,7,2,0,13,8,1520,0,0,0,0,169,8.2319,0,0,0,0,0
2025-10-09,Shopping Grid,Market Fresh Demand Initiative,East Region Conversion Cohort,18477671,Weekend Deal Hunters Interest Segment,112693653772675234,Product Reel Warm Voice,137942100582601959,Brand Awareness,10.9267,7368,0,11398,26,32,100,100,58,0,74,47,7157,0,0,0,3,727,9.8670,0,0,0,0,0
2025-10-10,Social Feed,Market Fresh Demand Initiative,East Region Conversion Cohort,18477671,Health Conscious Buyers Interest Segment,767678956198654887,Product Reel Warm Voice,105409050581285251,Brand Awareness,109.5487,92433,0,67455,194,100,100,100,100,0,273,282,75216,0,0,0,29,5346,5.7836,0,0,0,0,0
2025-10-11,Shopping Grid,Market Fresh Demand Initiative,East Region Conversion Cohort,18477671,Family Planners Interest Segment,135835519402463867,Product Reel Warm Voice,277303463679925256,Brand Awareness,69.5231,45541,0,65985,90,100,100,100,100,0,472,321,56272,0,0,0,25,3723,8.1751,0,0,0,0,0
2025-10-12,Influencer Network,Smart Choice Impact Initiative,East Region Prospecting Cohort,18477671,Health Conscious Buyers Interest Segment,139882288624590753,Price Drop Cut Direct Voice,131818311870905728,Brand Awareness,4.2111,3314,0,2228,3,0,0,0,0,0,0,0,0,0,0,0,1,3,0.0905,0,0,0,0,0
2025-10-13,Influencer Network,Smart Choice Impact Initiative,East Region Prospecting Cohort,18477671,Family Planners Interest Segment,840372225327523200,Price Drop Cut Direct Voice,784812318231574872,Brand Awareness,44.7635,36116,0,27051,58,0,0,0,0,0,0,0,0,0,0,0,21,35,0.0969,0,0,0,0,0
2025-10-14,Video Network,Smart Choice Impact Initiative,East Region Prospecting Cohort,18477671,Bulk Buyers Retention Segment,109119492619545499,Price Drop Cut Direct Voice,110815619208330309,Brand Awareness,101.8729,110044,0,134320,191,0,0,0,0,0,0,0,0,0,0,0,248,179,0.1627,0,0,0,0,0
2025-10-15,Shopping Grid,Home Essentials Promo Initiative,East Region Prospecting Cohort,18477671,Bulk Buyers Retention Segment,153153839872142797,Shelf Story Warm Voice,136197224744361279,Brand Awareness,51.8620,26515,0,34628,73,26,100,68,37,0,116,128,33048,0,0,0,7,2332,8.7950,0,0,0,0,0
2025-10-16,Connected TV,Home Essentials Promo Initiative,East Region Prospecting Cohort,18477671,Family Planners Interest Segment,463785616888243848,Shelf Story Warm Voice,917041724367241512,Brand Awareness,28.5156,20917,0,24355,28,14,100,39,22,0,113,75,12522,0,0,0,9,769,3.6764,0,0,0,0,0
2025-10-17,Display Network,Home Essentials Promo Initiative,East Region Prospecting Cohort,18477671,Health Conscious Buyers Interest Segment,248379420604111019,Shelf Story Warm Voice,782023714268597622,Brand Awareness,16.1672,10758,0,14007,21,9,77,24,14,0,34,48,7956,0,0,0,5,474,4.4060,0,0,0,0,0
2025-10-18,In-App Display,Home Essentials Promo Initiative,East Region Prospecting Cohort,18477671,Health Conscious Buyers Interest Segment,200893730051116336,Shelf Story Warm Voice,108280733195277560,Brand Awareness,1.3128,1082,0,697,2,1,10,4,3,0,7,6,930,0,0,0,0,56,5.1756,0,0,0,0,0
2025-10-19,Affiliate Network,Smart Choice Impact Initiative,East Region Prospecting Cohort,18477671,Health Conscious Buyers Interest Segment,131550595172124090,Offer Spotlight Bold Voice,104977916368343912,Brand Awareness,0.9323,1198,0,684,1,2,58,8,3,0,17,10,442,0,0,0,0,173,14.4407,0,0,0,0,0
2025-10-20,Influencer Network,Smart Choice Impact Initiative,East Region Prospecting Cohort,18477671,Health Conscious Buyers Interest Segment,480027451396060714,Price Drop Cut Direct Voice,104600581524694515,Brand Awareness,0.9901,574,0,632,1,0,0,0,0,0,0,0,0,0,0,0,0,0,0.0000,0,0,0,0,0
2025-10-21,Social Feed,Home Essentials Promo Initiative,East Region Prospecting Cohort,18477671,Health Conscious Buyers Interest Segment,534609213932090705,Price Drop Cut Value Voice,552366212827275778,Brand Awareness,1.4962,934,0,1662,0,6,100,20,8,0,26,32,650,0,0,0,0,166,17.7730,0,0,0,0,0
2025-10-22,Display Network,Home Essentials Promo Initiative,East Region Prospecting Cohort,18477671,Health Conscious Buyers Interest Segment,364535938237621249,Offer Spotlight Bold Voice,103276194285622030,Brand Awareness,0.3784,430,0,513,1,1,4,1,1,0,1,1,12,0,0,0,1,4,0.9302,0,0,0,0,0
2025-10-23,Display Network,Home Essentials Promo Initiative,East Region Prospecting Cohort,18477671,Health Conscious Buyers Interest Segment,112051189842394453,Price Drop Cut Value Voice,136910279477454488,Brand Awareness,1.7897,1109,0,1626,4,1,18,3,1,0,5,5,810,0,0,0,0,75,6.7628,0,0,0,0,0
2025-10-24,Search Network,Home Essentials Promo Initiative,East Region Prospecting Cohort,18477671,Bulk Buyers Retention Segment,162853071358804827,Price Drop Cut Value Voice,738937145322144556,Brand Awareness,46.7812,74585,0,98016,132,99,100,100,100,0,581,571,30007,0,0,0,92,5944,7.9694,0,0,0,0,0
2025-10-25,Social Feed,Smart Choice Impact Initiative,East Region Prospecting Cohort,18477671,Family Planners Interest Segment,400897812008861480,Offer Spotlight Bold Voice,480405189437503653,Brand Awareness,65.4660,30187,0,46205,152,52,100,100,78,0,242,162,40501,0,0,0,11,2480,8.2155,0,0,0,0,0
2025-10-26,Video Network,Market Fresh Demand Initiative,Metro Region Prospecting Cohort,18477671,Weekend Deal Hunters Interest Segment,161376797460090312,Product Reel Bold Voice,509760748397830743,Brand Awareness,22.4409,12062,0,14481,27,0,0,0,0,0,0,0,0,0,0,0,7,10,0.0829,0,0,0,0,0
2025-10-27,Marketplace Feed,Home Essentials Promo Initiative,East Region Prospecting Cohort,18477671,Bulk Buyers Retention Segment,248674078184555859,Offer Spotlight Bold Voice,452112915739182326,Brand Awareness,54.9380,46695,0,39122,51,6,45,16,10,0,6,7,261,0,0,0,11,85,0.1820,0,0,0,0,0
2025-10-28,Connected TV,Home Essentials Promo Initiative,East Region Prospecting Cohort,18477671,Family Planners Interest Segment,126757682204121107,Offer Spotlight Bold Voice,121926468845256924,Brand Awareness,79.2786,42301,0,61351,50,3,47,13,4,0,5,3,282,0,0,0,13,75,0.1773,0,0,0,0,0
2025-10-29,Shopping Grid,Home Essentials Promo Initiative,East Region Prospecting Cohort,18477671,Health Conscious Buyers Interest Segment,112051189842394453,Price Drop Cut Value Voice,136910279477454488,Brand Awareness,3.4915,1494,0,1528,4,3,24,5,3,0,10,7,1237,0,0,0,3,163,10.9103,0,0,0,0,0
2025-10-30,Social Feed,Smart Choice Impact Initiative,East Region Prospecting Cohort,18477671,Family Planners Interest Segment,400897812008861480,Offer Spotlight Bold Voice,480405189437503653,Brand Awareness,46.3838,47916,0,68482,67,59,100,100,82,0,285,197,41487,0,0,0,18,3195,6.6679,0,0,0,0,0
2025-10-31,Discovery Network,Smart Choice Impact Initiative,East Region Prospecting Cohort,18477671,Bulk Buyers Retention Segment,107715783645079938,Offer Spotlight Bold Voice,149589309607813303,Brand Awareness,37.7399,27897,0,30257,73,43,100,100,56,0,186,150,31140,0,0,0,13,1342,4.8106,0,0,0,0,0
2025-10-01,Connected TV,Smart Choice Impact Initiative,East Region Prospecting Cohort,18477671,Health Conscious Buyers Interest Segment,131550595172124090,Offer Spotlight Bold Voice,104977916368343912,Brand Awareness,0.8599,607,0,584,0,3,34,6,4,0,7,8,369,0,0,0,0,81,13.3443,0,0,0,0,0
2025-10-02,Connected TV,Smart Choice Impact Initiative,East Region Prospecting Cohort,18477671,Health Conscious Buyers Interest Segment,103535651235991591,Offer Spotlight Bold Voice,127483164261898063,Brand Awareness,1.9182,1861,0,1669,5,2,28,5,4,0,5,9,1325,0,0,0,0,114,6.1257,0,0,0,0,0
2025-10-03,In-App Display,Market Fresh Demand Initiative,East Region Conversion Cohort,18477671,Weekend Deal Hunters Interest Segment,112693653772675234,Product Reel Warm Voice,137942100582601959,Brand Awareness,9.7218,5496,0,6091,21,16,100,62,31,0,30,29,6110,0,0,0,5,392,7.1325,0,0,0,0,0
2025-10-04,Retail Media Network,Market Fresh Demand Initiative,East Region Conversion Cohort,18477671,Health Conscious Buyers Interest Segment,767678956198654887,Product Reel Warm Voice,105409050581285251,Brand Awareness,113.2959,78274,0,67550,108,100,100,100,100,0,505,402,66310,1,0,0,19,4800,6.1323,0,0,0,0,0
2025-10-05,Social Feed,Smart Choice Impact Initiative,East Region Prospecting Cohort,18477671,Health Conscious Buyers Interest Segment,480027451396060714,Price Drop Cut Direct Voice,104600581524694515,Brand Awareness,0.2204,228,0,205,0,0,0,0,0,0,0,0,0,0,0,0,0,0,0.0000,0,0,0,0,0
2025-10-06,In-App Display,Smart Choice Impact Initiative,East Region Prospecting Cohort,18477671,Family Planners Interest Segment,840372225327523200,Price Drop Cut Direct Voice,784812318231574872,Brand Awareness,111.7623,104337,0,95592,166,0,0,0,0,0,0,0,0,0,0,0,172,219,0.2099,0,0,0,0,0
2025-10-07,Shopping Grid,Smart Choice Impact Initiative,East Region Prospecting Cohort,18477671,Bulk Buyers Retention Segment,109119492619545499,Price Drop Cut Direct Voice,110815619208330309,Brand Awareness,20.4164,22645,0,31349,53,0,0,0,0,0,0,0,0,0,0,0,16,21,0.0927,0,0,0,0,0
2025-10-08,Connected TV,Home Essentials Promo Initiative,East Region Prospecting Cohort,18477671,Health Conscious Buyers Interest Segment,248379420604111019,Shelf Story Warm Voice,782023714268597622,Brand Awareness,20.7030,11849,0,13511,47,12,100,33,21,0,122,90,8435,0,0,0,14,1129,9.5282,0,0,0,0,0
2025-10-09,Connected TV,Home Essentials Promo Initiative,East Region Prospecting Cohort,18477671,Health Conscious Buyers Interest Segment,159890011514394505,Offer Spotlight Bold Voice,142381176949482591,Brand Awareness,7.2852,6271,0,6721,7,2,8,5,3,0,1,2,44,0,0,0,2,13,0.2073,0,0,0,0,0
2025-10-10,Shopping Grid,Market Fresh Demand Initiative,East Region Conversion Cohort,18477671,Family Planners Interest Segment,135835519402463867,Product Reel Warm Voice,277303463679925256,Brand Awareness,82.5099,57920,0,73588,87,100,100,100,100,0,180,201,44947,0,0,0,19,3866,6.6747,0,0,0,0,0
2025-10-11,Social Feed,Smart Choice Impact Initiative,East Region Prospecting Cohort,18477671,Health Conscious Buyers Interest Segment,139882288624590753,Price Drop Cut Direct Voice,131818311870905728,Brand Awareness,0.6971,407,0,796,1,0,0,0,0,0,0,0,0,0,0,0,0,0,0.0000,0,0,0,0,0
2025-10-12,Retail Media Network,Home Essentials Promo Initiative,East Region Prospecting Cohort,18477671,Family Planners Interest Segment,463785616888243848,Shelf Story Warm Voice,917041724367241512,Brand Awareness,22.1654,22111,0,16202,38,17,100,39,22,0,117,91,15104,0,0,0,5,1044,4.7216,0,0,0,0,0
2025-10-13,Shopping Grid,Home Essentials Promo Initiative,East Region Prospecting Cohort,18477671,Health Conscious Buyers Interest Segment,200893730051116336,Shelf Story Warm Voice,108280733195277560,Brand Awareness,0.9360,997,0,1144,1,0,6,3,0,0,5,5,607,0,0,0,0,74,7.4223,0,0,0,0,0
2025-10-14,Video Network,Smart Choice Impact Initiative,East Region Prospecting Cohort,18477671,Bulk Buyers Retention Segment,157163993569863340,Offer Spotlight Bold Voice,110977781755517789,Brand Awareness,0.0000,0,0,0,0,0,0,0,0,0,0,0,0,0,0,0,0,0,0.0000,0,0,0,0,0
2025-10-15,Display Network,Home Essentials Promo Initiative,East Region Prospecting Cohort,18477671,Bulk Buyers Retention Segment,162853071358804827,Price Drop Cut Value Voice,738937145322144556,Brand Awareness,113.0024,92623,0,96257,219,100,100,100,100,0,1254,785,44280,0,0,0,175,7677,8.2884,0,0,0,0,0
2025-10-16,Search Network,Market Fresh Demand Initiative,Metro Region Prospecting Cohort,18477671,Health Conscious Buyers Interest Segment,111425641592502989,Product Reel Bold Voice,973295260612807555,Brand Awareness,48.4169,41935,0,36031,61,0,0,0,0,0,0,0,0,0,0,0,12,33,0.0787,0,0,0,0,0
2025-10-17,Discovery Network,Home Essentials Promo Initiative,East Region Prospecting Cohort,18477671,Health Conscious Buyers Interest Segment,364535938237621249,Offer Spotlight Bold Voice,103276194285622030,Brand Awareness,0.6902,278,0,481,0,0,0,0,0,0,0,0,3,0,0,0,0,0,0.0000,0,0,0,0,0
2025-10-18,Connected TV,Home Essentials Promo Initiative,East Region Prospecting Cohort,18477671,Health Conscious Buyers Interest Segment,534609213932090705,Price Drop Cut Value Voice,552366212827275778,Brand Awareness,0.4248,230,0,359,1,0,5,0,0,0,0,0,245,0,0,0,0,32,13.9130,0,0,0,0,0
2025-10-19,Marketplace Feed,Home Essentials Promo Initiative,East Region Prospecting Cohort,18477671,Bulk Buyers Retention Segment,153153839872142797,Shelf Story Warm Voice,136197224744361279,Brand Awareness,22.2457,12363,0,24842,31,14,100,35,17,0,74,67,12549,0,0,0,10,1145,9.2615,0,0,0,0,0
2025-10-20,Social Feed,Home Essentials Promo Initiative,East Region Prospecting Cohort,18477671,Family Planners Interest Segment,311630515941383750,Price Drop Cut Value Voice,668883979484534905,Brand Awareness,85.1874,52786,0,100903,99,90,100,100,100,0,556,426,34479,0,0,0,47,6410,12.1434,0,0,0,0,0
2025-10-21,Discovery Network,Smart Choice Impact Initiative,East Region Prospecting Cohort,18477671,Family Planners Interest Segment,437683611895344081,Offer Spotlight Bold Voice,180926024741464574,Brand Awareness,0.0000,0,0,0,0,0,0,0,0,0,0,0,0,0,0,0,0,0,0.0000,0,0,0,0,0
2025-10-22,Retail Media Network,Smart Choice Impact Initiative,East Region Prospecting Cohort,18477671,Health Conscious Buyers Interest Segment,239407488533427282,Offer Spotlight Bold Voice,207971324484544728,Brand Awareness,0.0000,0,0,0,0,0,0,0,0,0,0,0,0,0,0,0,0,0,0.0000,0,0,0,0,0
2025-10-23,Marketplace Feed,Market Fresh Demand Initiative,Metro Region Prospecting Cohort,18477671,Weekend Deal Hunters Interest Segment,161376797460090312,Product Reel Bold Voice,509760748397830743,Brand Awareness,19.2666,19155,0,19795,46,0,0,0,0,0,0,0,0,0,0,0,11,15,0.0783,0,0,0,0,0
2025-10-24,Display Network,Market Fresh Demand Initiative,Metro Region Prospecting Cohort,18477671,Health Conscious Buyers Interest Segment,111425641592502989,Product Reel Bold Voice,973295260612807555,Brand Awareness,59.0569,33242,0,40071,62,0,0,0,0,0,0,0,0,0,0,0,29,43,0.1294,0,0,0,0,0
2025-10-25,Retail Media Network,Home Essentials Promo Initiative,East Region Prospecting Cohort,18477671,Bulk Buyers Retention Segment,248674078184555859,Offer Spotlight Bold Voice,452112915739182326,Brand Awareness,60.6975,29588,0,42670,41,7,69,24,12,0,5,7,399,0,0,0,15,132,0.4461,0,0,0,0,0
2025-10-26,Connected TV,Home Essentials Promo Initiative,East Region Prospecting Cohort,18477671,Health Conscious Buyers Interest Segment,159890011514394505,Offer Spotlight Bold Voice,142381176949482591,Brand Awareness,10.3001,9205,0,7588,20,2,3,3,2,0,3,2,49,0,0,0,3,15,0.1630,0,0,0,0,0
2025-10-27,Video Network,Home Essentials Promo Initiative,East Region Prospecting Cohort,18477671,Health Conscious Buyers Interest Segment,534609213932090705,Price Drop Cut Value Voice,552366212827275778,Brand Awareness,0.6158,813,0,913,1,0,25,6,4,0,6,4,432,0,0,0,1,42,5.1661,0,0,0,0,0
2025-10-28,Affiliate Network,Home Essentials Promo Initiative,East Region Prospecting Cohort,18477671,Bulk Buyers Retention Segment,162853071358804827,Price Drop Cut Value Voice,738937145322144556,Brand Awareness,61.1241,65419,0,62128,49,54,100,100,65,0,234,145,33124,0,0,0,27,1639,2.5054,0,0,0,0,0
2025-10-29,Discovery Network,Home Essentials Promo Initiative,East Region Prospecting Cohort,18477671,Family Planners Interest Segment,311630515941383750,Price Drop Cut Value Voice,668883979484534905,Brand Awareness,57.2327,54101,0,36690,74,40,100,100,64,0,76,106,32341,0,0,0,9,1442,2.6654,0,0,0,0,0
2025-10-30,Display Network,Smart Choice Impact Initiative,East Region Prospecting Cohort,18477671,Health Conscious Buyers Interest Segment,239407488533427282,Offer Spotlight Bold Voice,207971324484544728,Brand Awareness,10.1656,7329,0,5630,5,4,27,10,6,0,35,25,4106,0,0,0,2,482,6.5766,0,0,0,0,0
2025-10-31,Influencer Network,Smart Choice Impact Initiative,East Region Prospecting Cohort,18477671,Family Planners Interest Segment,400897812008861480,Offer Spotlight Bold Voice,480405189437503653,Brand Awareness,56.7554,65852,0,96995,113,83,100,100,100,0,532,658,35524,0,0,0,116,7774,11.8053,0,0,0,0,0
2025-10-01,Social Feed,Smart Choice Impact Initiative,East Region Prospecting Cohort,18477671,Bulk Buyers Retention Segment,107715783645079938,Offer Spotlight Bold Voice,149589309607813303,Brand Awareness,16.0845,15221,0,12302,27,9,100,41,22,0,59,53,10278,0,0,0,12,1116,7.3320,0,0,0,0,0
2025-10-02,Shopping Grid,Smart Choice Impact Initiative,East Region Prospecting Cohort,18477671,Health Conscious Buyers Interest Segment,131550595172124090,Offer Spotlight Bold Voice,104977916368343912,Brand Awareness,1.3796,1183,0,1440,1,3,63,14,9,0,20,20,759,0,0,0,1,152,12.8487,0,0,0,0,0
2025-10-03,Social Feed,Smart Choice Impact Initiative,East Region Prospecting Cohort,18477671,Health Conscious Buyers Interest Segment,103535651235991591,Offer Spotlight Bold Voice,127483164261898063,Brand Awareness,0.7744,478,0,498,3,0,10,3,0,0,5,5,411,0,0,0,0,42,8.7866,0,0,0,0,0
2025-10-04,Social Feed,Market Fresh Demand Initiative,East Region Conversion Cohort,18477671,Family Planners Interest Segment,135835519402463867,Product Reel Warm Voice,277303463679925256,Brand Awareness,137.0568,57942,0,82764,92,100,100,100,100,0,286,286,55905,0,0,0,22,4108,7.0898,0,0,0,0,0
2025-10-05,Marketplace Feed,Smart Choice Impact Initiative,East Region Prospecting Cohort,18477671,Health Conscious Buyers Interest Segment,139882288624590753,Price Drop Cut Direct Voice,131818311870905728,Brand Awareness,1.3432,1222,0,1264,0,0,0,0,0,0,0,0,0,0,0,0,0,0,0.0000,0,0,0,0,0
2025-10-06,Social Feed,Smart Choice Impact Initiative,East Region Prospecting Cohort,18477671,Health Conscious Buyers Interest Segment,480027451396060714,Price Drop Cut Direct Voice,104600581524694515,Brand Awareness,0.3525,258,0,348,0,0,0,0,0,0,0,0,0,0,0,0,0,0,0.0000,0,0,0,0,0
2025-10-07,Search Network,Smart Choice Impact Initiative,East Region Prospecting Cohort,18477671,Bulk Buyers Retention Segment,109119492619545499,Price Drop Cut Direct Voice,110815619208330309,Brand Awareness,37.4497,25399,0,39143,86,0,0,0,0,0,0,0,0,0,0,0,55,59,0.2323,0,0,0,0,0
2025-10-08,Connected TV,Home Essentials Promo Initiative,East Region Prospecting Cohort,18477671,Health Conscious Buyers Interest Segment,364535938237621249,Offer Spotlight Bold Voice,103276194285622030,Brand Awareness,1.1579,932,0,991,1,0,3,1,0,0,0,0,22,0,0,0,0,5,0.5365,0,0,0,0,0
2025-10-09,Video Network,Home Essentials Promo Initiative,East Region Prospecting Cohort,18477671,Health Conscious Buyers Interest Segment,112051189842394453,Price Drop Cut Value Voice,136910279477454488,Brand Awareness,7.5910,3771,0,2835,11,3,31,9,5,0,11,10,3165,0,0,0,1,183,4.8528,0,0,0,0,0
2025-10-10,Connected TV,Market Fresh Demand Initiative,East Region Conversion Cohort,18477671,Weekend Deal Hunters Interest Segment,112693653772675234,Product Reel Warm Voice,137942100582601959,Brand Awareness,7.3520,4967,0,3956,23,27,100,79,44,0,62,35,4264,0,0,0,5,319,6.4224,0,0,0,0,0
2025-10-11,Marketplace Feed,Smart Choice Impact Initiative,East Region Prospecting Cohort,18477671,Family Planners Interest Segment,840372225327523200,Price Drop Cut Direct Voice,784812318231574872,Brand Awareness,64.1737,57397,0,76818,106,0,0,0,0,0,0,0,0,0,0,0,100,89,0.1551,0,0,0,0,0
2025-10-12,Influencer Network,Smart Choice Impact Initiative,East Region Prospecting Cohort,18477671,Family Planners Interest Segment,437683611895344081,Offer Spotlight Bold Voice,180926024741464574,Brand Awareness,82.6990,33854,0,32843,61,23,100,61,31,0,300,170,32559,0,0,0,5,2366,6.9888,0,0,0,0,0
2025-10-13,Marketplace Feed,Smart Choice Impact Initiative,East Region Prospecting Cohort,18477671,Bulk Buyers Retention Segment,157163993569863340,Offer Spotlight Bold Voice,110977781755517789,Brand Awareness,55.7666,23364,0,30502,44,13,100,37,19,0,75,103,26295,0,0,0,6,1294,5.5384,0,0,0,0,0
2025-10-14,Affiliate Network,Market Fresh Demand Initiative,East Region Conversion Cohort,18477671,Health Conscious Buyers Interest Segment,767678956198654887,Product Reel Warm Voice,105409050581285251,Brand Awareness,130.6428,79876,0,117332,158,100,100,100,100,0,546,386,73320,0,0,0,29,4948,6.1946,0,0,0,0,0
2025-10-15,Video Network,Smart Choice Impact Initiative,East Region Prospecting Cohort,18477671,Health Conscious Buyers Interest Segment,472217382839938538,Offer Spotlight Bold Voice,183438235716363676,Brand Awareness,0.3715,299,0,269,0,0,1,1,0,0,1,1,198,0,0,0,0,25,8.3612,0,0,0,0,0
2025-10-16,Affiliate Network,Home Essentials Promo Initiative,East Region Prospecting Cohort,18477671,Family Planners Interest Segment,126757682204121107,Offer Spotlight Bold Voice,121926468845256924,Brand Awareness,40.7200,34987,0,51494,58,8,44,18,13,0,8,6,232,0,0,0,10,53,0.1515,0,0,0,0,0
2025-10-17,Affiliate Network,Home Essentials Promo Initiative,East Region Prospecting Cohort,18477671,Health Conscious Buyers Interest Segment,159890011514394505,Offer Spotlight Bold Voice,142381176949482591,Brand Awareness,8.4239,6802,0,7218,17,0,15,4,1,0,0,0,54,0,0,0,2,16,0.2352,0,0,0,0,0
2025-10-18,Retail Media Network,Home Essentials Promo Initiative,East Region Prospecting Cohort,18477671,Health Conscious Buyers Interest Segment,364535938237621249,Offer Spotlight Bold Voice,103276194285622030,Brand Awareness,0.6957,455,0,542,1,0,2,0,0,0,0,0,7,0,0,0,0,2,0.4396,0,0,0,0,0
2025-10-19,Affiliate Network,Home Essentials Promo Initiative,East Region Prospecting Cohort,18477671,Health Conscious Buyers Interest Segment,112051189842394453,Price Drop Cut Value Voice,136910279477454488,Brand Awareness,5.7215,4591,0,4537,12,5,68,9,6,0,9,12,3865,0,0,0,3,198,4.3128,0,0,0,0,0
2025-10-20,Shopping Grid,Home Essentials Promo Initiative,East Region Prospecting Cohort,18477671,Health Conscious Buyers Interest Segment,534609213932090705,Price Drop Cut Value Voice,552366212827275778,Brand Awareness,1.3186,1584,0,1076,0,1,44,12,4,0,14,13,631,0,0,0,0,103,6.5025,0,0,0,0,0
2025-10-21,Display Network,Home Essentials Promo Initiative,East Region Prospecting Cohort,18477671,Bulk Buyers Retention Segment,162853071358804827,Price Drop Cut Value Voice,738937145322144556,Brand Awareness,59.7520,37159,0,26437,32,43,100,100,48,0,129,152,26659,0,0,0,7,2033,5.4711,0,0,0,0,0
2025-10-22,Marketplace Feed,Home Essentials Promo Initiative,East Region Prospecting Cohort,18477671,Family Planners Interest Segment,311630515941383750,Price Drop Cut Value Voice,668883979484534905,Brand Awareness,62.1398,41836,0,71532,51,52,100,100,76,0,105,140,45080,0,0,0,7,2762,6.6020,0,0,0,0,0
2025-10-23,Display Network,Smart Choice Impact Initiative,East Region Prospecting Cohort,18477671,Bulk Buyers Retention Segment,157163993569863340,Offer Spotlight Bold Voice,110977781755517789,Brand Awareness,34.2551,17234,0,24330,23,9,78,25,13,0,87,75,18528,0,0,0,1,1028,5.9650,0,0,0,0,0
2025-10-24,Shopping Grid,Smart Choice Impact Initiative,East Region Prospecting Cohort,18477671,Health Conscious Buyers Interest Segment,472217382839938538,Offer Spotlight Bold Voice,183438235716363676,Brand Awareness,0.2812,125,0,125,0,0,0,0,0,0,0,0,127,0,0,0,0,21,16.8000,0,0,0,0,0
2025-10-25,In-App Display,Smart Choice Impact Initiative,East Region Prospecting Cohort,18477671,Health Conscious Buyers Interest Segment,239407488533427282,Offer Spotlight Bold Voice,207971324484544728,Brand Awareness,8.6721,5502,0,3457,5,2,28,6,4,0,23,21,3895,0,0,0,1,491,8.9240,0,0,0,0,0
2025-10-26,Search Network,Smart Choice Impact Initiative,East Region Prospecting Cohort,18477671,Family Planners Interest Segment,400897812008861480,Offer Spotlight Bold Voice,480405189437503653,Brand Awareness,118.8411,90043,0,91003,140,100,100,100,100,0,429,700,51827,0,0,0,73,9298,10.3262,0,0,0,0,0
2025-10-27,Affiliate Network,Smart Choice Impact Initiative,East Region Prospecting Cohort,18477671,Health Conscious Buyers Interest Segment,131550595172124090,Offer Spotlight Bold Voice,104977916368343912,Brand Awareness,0.3445,178,0,197,0,0,6,3,2,0,3,3,143,0,0,0,0,15,8.4270,0,0,0,0,0
2025-10-28,Search Network,Smart Choice Impact Initiative,East Region Prospecting Cohort,18477671,Health Conscious Buyers Interest Segment,103535651235991591,Offer Spotlight Bold Voice,127483164261898063,Brand Awareness,1.3589,955,0,1173,1,1,20,5,3,0,8,8,822,0,0,0,0,52,5.4450,0,0,0,0,0
2025-10-29,Discovery Network,Smart Choice Impact Initiative,East Region Prospecting Cohort,18477671,Bulk Buyers Retention Segment,107715783645079938,Offer Spotlight Bold Voice,149589309607813303,Brand Awareness,31.8323,32536,0,39136,57,31,100,89,45,0,89,121,23126,0,0,0,12,1398,4.2968,0,0,0,0,0
2025-10-30,Discovery Network,Market Fresh Demand Initiative,Metro Region Prospecting Cohort,18477671,Health Conscious Buyers Interest Segment,111425641592502989,Product Reel Bold Voice,973295260612807555,Brand Awareness,35.7879,36032,0,23760,91,0,0,0,0,0,0,0,0,0,0,0,28,30,0.0833,0,0,0,0,0
2025-10-31,Discovery Network,Market Fresh Demand Initiative,Metro Region Prospecting Cohort,18477671,Weekend Deal Hunters Interest Segment,161376797460090312,Product Reel Bold Voice,509760748397830743,Brand Awareness,22.5341,16554,0,22546,34,0,0,0,0,0,0,0,0,0,0,0,13,26,0.1571,0,0,0,0,0
2025-10-01,Discovery Network,Smart Choice Impact Initiative,East Region Prospecting Cohort,18477671,Family Planners Interest Segment,437683611895344081,Offer Spotlight Bold Voice,180926024741464574,Brand Awareness,72.6531,46312,0,68428,80,33,100,63,40,0,328,213,54454,0,0,0,12,2475,5.3442,0,0,0,0,0
2025-10-02,Retail Media Network,Home Essentials Promo Initiative,East Region Prospecting Cohort,18477671,Family Planners Interest Segment,126757682204121107,Offer Spotlight Bold Voice,121926468845256924,Brand Awareness,66.1686,30503,0,54111,72,4,49,12,8,0,4,5,307,0,0,0,17,74,0.2426,0,0,0,0,0
2025-10-03,Retail Media Network,Home Essentials Promo Initiative,East Region Prospecting Cohort,18477671,Bulk Buyers Retention Segment,248674078184555859,Offer Spotlight Bold Voice,452112915739182326,Brand Awareness,82.2510,38466,0,43194,41,5,52,16,8,0,6,4,266,0,0,0,16,50,0.1300,0,0,0,0,0
2025-10-04,Discovery Network,Market Fresh Demand Initiative,Metro Region Prospecting Cohort,18477671,Weekend Deal Hunters Interest Segment,161376797460090312,Product Reel Bold Voice,509760748397830743,Brand Awareness,14.9749,10715,0,15769,43,0,0,0,0,0,0,0,0,0,0,0,9,19,0.1773,0,0,0,0,0
2025-10-05,Social Feed,Market Fresh Demand Initiative,Metro Region Prospecting Cohort,18477671,Health Conscious Buyers Interest Segment,111425641592502989,Product Reel Bold Voice,973295260612807555,Brand Awareness,44.3638,33786,0,44395,70,0,0,0,0,0,0,0,0,0,0,0,33,27,0.0799,0,0,0,0,0
2025-10-06,Display Network,Home Essentials Promo Initiative,East Region Prospecting Cohort,18477671,Health Conscious Buyers Interest Segment,159890011514394505,Offer Spotlight Bold Voice,142381176949482591,Brand Awareness,12.6165,4331,0,6930,12,2,4,2,2,0,2,2,41,0,0,0,1,7,0.1616,0,0,0,0,0
2025-10-07,Search Network,Home Essentials Promo Initiative,East Region Prospecting Cohort,18477671,Health Conscious Buyers Interest Segment,112051189842394453,Price Drop Cut Value Voice,136910279477454488,Brand Awareness,4.9456,4313,0,4856,5,6,62,15,6,0,15,15,3377,0,0,0,0,337,7.8136,0,0,0,0,0
2025-10-08,Display Network,Home Essentials Promo Initiative,East Region Prospecting Cohort,18477671,Family Planners Interest Segment,311630515941383750,Price Drop Cut Value Voice,668883979484534905,Brand Awareness,114.9964,42071,0,62784,86,45,100,100,74,0,131,177,48773,0,0,1,18,2938,6.9834,0,0,0,0,0
2025-10-09,Connected TV,Smart Choice Impact Initiative,East Region Prospecting Cohort,18477671,Family Planners Interest Segment,534542628136685144,Offer Spotlight Bold Voice,116526341254524535,Brand Awareness,0.0000,0,0,0,0,0,0,0,0,0,0,0,0,0,0,0,0,0,0.0000,0,0,0,0,0
2025-10-10,Retail Media Network,Smart Choice Impact Initiative,East Region Prospecting Cohort,18477671,Bulk Buyers Retention Segment,157163993569863340,Offer Spotlight Bold Voice,110977781755517789,Brand Awareness,52.4764,30873,0,32126,52,7,89,30,14,0,85,81,19689,0,0,0,8,927,3.0026,0,0,0,0,0
2025-10-11,Search Network,Smart Choice Impact Initiative,East Region Prospecting Cohort,18477671,Health Conscious Buyers Interest Segment,239407488533427282,Offer Spotlight Bold Voice,207971324484544728,Brand Awareness,4.5578,1858,0,2780,6,0,14,2,0,0,8,10,1708,0,0,0,0,160,8.6114,0,0,0,0,0
2025-10-12,Connected TV,Smart Choice Impact Initiative,East Region Prospecting Cohort,18477671,Family Planners Interest Segment,400897812008861480,Offer Spotlight Bold Voice,480405189437503653,Brand Awareness,66.5510,58652,0,59840,84,62,100,100,80,0,237,201,39060,0,0,0,10,3509,5.9827,0,0,0,0,0
2025-10-13,Shopping Grid,Smart Choice Impact Initiative,East Region Prospecting Cohort,18477671,Bulk Buyers Retention Segment,107715783645079938,Offer Spotlight Bold Voice,149589309607813303,Brand Awareness,33.7111,34004,0,34394,94,38,100,100,56,0,235,169,23739,0,0,0,24,2526,7.4285,0,0,0,0,0
2025-10-14,Shopping Grid,Smart Choice Impact Initiative,East Region Prospecting Cohort,18477671,Health Conscious Buyers Interest Segment,131550595172124090,Offer Spotlight Bold Voice,104977916368343912,Brand Awareness,1.4950,797,0,663,1,0,35,7,3,0,20,16,611,0,0,0,3,140,17.5659,0,0,0,0,0
2025-10-15,Shopping Grid,Smart Choice Impact Initiative,East Region Prospecting Cohort,18477671,Health Conscious Buyers Interest Segment,103535651235991591,Offer Spotlight Bold Voice,127483164261898063,Brand Awareness,3.3368,1265,0,1258,7,4,35,7,5,0,10,12,1428,0,0,0,1,110,8.6957,0,0,0,0,0
2025-10-16,Video Network,Home Essentials Promo Initiative,East Region Prospecting Cohort,18477671,Bulk Buyers Retention Segment,162853071358804827,Price Drop Cut Value Voice,738937145322144556,Brand Awareness,53.7847,30389,0,26299,18,33,100,100,45,0,87,114,19706,0,0,0,11,1203,3.9587,0,0,0,0,0
2025-10-17,Connected TV,Smart Choice Impact Initiative,East Region Prospecting Cohort,18477671,Family Planners Interest Segment,437683611895344081,Offer Spotlight Bold Voice,180926024741464574,Brand Awareness,77.2067,60253,0,45817,53,31,100,77,44,0,208,199,48329,0,0,0,10,3679,6.1059,0,0,0,0,0
2025-10-18,Connected TV,Home Essentials Promo Initiative,East Region Prospecting Cohort,18477671,Bulk Buyers Retention Segment,248674078184555859,Offer Spotlight Bold Voice,452112915739182326,Brand Awareness,86.9831,42039,0,33123,39,6,53,14,7,0,6,5,293,0,0,0,12,46,0.1094,0,0,0,0,0
2025-10-19,Display Network,Home Essentials Promo Initiative,East Region Prospecting Cohort,18477671,Family Planners Interest Segment,126757682204121107,Offer Spotlight Bold Voice,121926468845256924,Brand Awareness,74.2326,36425,0,53070,40,10,83,25,12,0,7,11,352,0,0,0,6,139,0.3816,0,0,0,0,0
2025-10-20,Display Network,Home Essentials Promo Initiative,East Region Prospecting Cohort,18477671,Health Conscious Buyers Interest Segment,364535938237621249,Offer Spotlight Bold Voice,103276194285622030,Brand Awareness,0.9208,629,0,854,0,0,2,1,1,0,1,1,13,0,0,0,0,3,0.4769,0,0,0,0,0
2025-10-21,Search Network,Home Essentials Promo Initiative,East Region Prospecting Cohort,18477671,Health Conscious Buyers Interest Segment,534609213932090705,Price Drop Cut Value Voice,552366212827275778,Brand Awareness,1.1091,973,0,1049,1,1,64,9,3,0,11,10,637,0,0,0,1,120,12.3330,0,0,0,0,0
2025-10-22,Social Feed,Smart Choice Impact Initiative,East Region Prospecting Cohort,18477671,Health Conscious Buyers Interest Segment,472217382839938538,Offer Spotlight Bold Voice,183438235716363676,Brand Awareness,0.3584,122,0,113,1,0,0,0,0,0,0,0,128,0,0,0,0,6,4.9180,0,0,0,0,0
2025-10-23,Discovery Network,Market Fresh Demand Initiative,Metro Region Prospecting Cohort,18477671,Weekend Deal Hunters Interest Segment,161376797460090312,Product Reel Bold Voice,509760748397830743,Brand Awareness,29.1944,18138,0,24187,58,0,0,0,0,0,0,0,0,0,0,0,13,27,0.1489,0,0,0,0,0
2025-10-24,Marketplace Feed,Home Essentials Promo Initiative,East Region Prospecting Cohort,18477671,Family Planners Interest Segment,126757682204121107,Offer Spotlight Bold Voice,121926468845256924,Brand Awareness,36.8635,25420,0,41958,65,11,100,35,18,0,7,11,602,0,0,0,14,190,0.7474,0,0,0,0,0
2025-10-25,Shopping Grid,Home Essentials Promo Initiative,East Region Prospecting Cohort,18477671,Health Conscious Buyers Interest Segment,159890011514394505,Offer Spotlight Bold Voice,142381176949482591,Brand Awareness,9.5534,5030,0,7184,7,4,10,4,5,0,6,4,55,0,0,0,5,15,0.2982,0,0,0,0,0
2025-10-26,In-App Display,Home Essentials Promo Initiative,East Region Prospecting Cohort,18477671,Health Conscious Buyers Interest Segment,364535938237621249,Offer Spotlight Bold Voice,103276194285622030,Brand Awareness,1.1209,765,0,866,3,1,2,1,1,0,1,1,7,0,0,0,1,2,0.2614,0,0,0,0,0
2025-10-27,Display Network,Home Essentials Promo Initiative,East Region Prospecting Cohort,18477671,Health Conscious Buyers Interest Segment,534609213932090705,Price Drop Cut Value Voice,552366212827275778,Brand Awareness,0.6395,412,0,454,2,1,21,4,2,0,4,5,236,0,0,0,1,74,17.9612,0,0,0,0,0
2025-10-28,Connected TV,Market Fresh Demand Initiative,Metro Region Prospecting Cohort,18477671,Health Conscious Buyers Interest Segment,111425641592502989,Product Reel Bold Voice,973295260612807555,Brand Awareness,34.0713,28637,0,21365,19,0,0,0,0,0,0,0,0,0,0,0,13,14,0.0489,0,0,0,0,0
2025-10-29,Shopping Grid,Home Essentials Promo Initiative,East Region Prospecting Cohort,18477671,Bulk Buyers Retention Segment,248674078184555859,Offer Spotlight Bold Voice,452112915739182326,Brand Awareness,88.1022,37002,0,37983,44,3,56,13,6,0,3,4,333,0,0,0,21,88,0.2378,0,0,0,0,0
2025-10-30,Discovery Network,Home Essentials Promo Initiative,East Region Prospecting Cohort,18477671,Health Conscious Buyers Interest Segment,112051189842394453,Price Drop Cut Value Voice,136910279477454488,Brand Awareness,7.3000,5921,0,4133,12,9,100,37,13,0,30,37,3431,0,0,0,3,415,7.0090,0,0,0,0,0
2025-10-31,Search Network,Home Essentials Promo Initiative,East Region Prospecting Cohort,18477671,Family Planners Interest Segment,311630515941383750,Price Drop Cut Value Voice,668883979484534905,Brand Awareness,82.2738,78606,0,43700,98,49,100,100,100,0,502,285,39159,0,0,0,56,4617,5.8736,0,0,0,0,0
2025-10-01,Social Feed,Smart Choice Impact Initiative,East Region Prospecting Cohort,18477671,Family Planners Interest Segment,160816362089030229,Offer Spotlight Value Voice,237614485843363769,Brand Awareness,0.0000,0,0,0,0,0,0,0,0,0,0,0,0,0,0,0,0,0,0.0000,0,0,0,0,0
2025-10-02,Display Network,Smart Choice Impact Initiative,East Region Prospecting Cohort,18477671,Bulk Buyers Retention Segment,112543485243332528,Offer Spotlight Value Voice,252505519243767839,Brand Awareness,0.0000,0,0,0,0,0,0,0,0,0,0,0,0,0,0,0,0,0,0.0000,0,0,0,0,0
2025-10-03,Discovery Network,Smart Choice Impact Initiative,East Region Prospecting Cohort,18477671,Bulk Buyers Retention Segment,913917634303141043,Offer Spotlight Bold Voice,178155015329886608,Brand Awareness,0.0000,0,0,0,0,0,0,0,0,0,0,0,0,0,0,0,0,0,0.0000,0,0,0,0,0
2025-10-04,Marketplace Feed,Smart Choice Impact Initiative,East Region Prospecting Cohort,18477671,Health Conscious Buyers Interest Segment,573172726100372167,Offer Spotlight Bold Voice,122885112461996306,Brand Awareness,0.0000,0,0,0,0,0,0,0,0,0,0,0,0,0,0,0,0,0,0.0000,0,0,0,0,0
2025-10-05,Connected TV,Smart Choice Impact Initiative,East Region Prospecting Cohort,18477671,Family Planners Interest Segment,437683611895344081,Offer Spotlight Bold Voice,180926024741464574,Brand Awareness,43.6916,28710,0,36824,55,26,100,71,31,0,211,171,31234,0,0,0,8,1437,5.0052,0,0,0,0,0
2025-10-06,In-App Display,Smart Choice Impact Initiative,East Region Prospecting Cohort,18477671,Bulk Buyers Retention Segment,157163993569863340,Offer Spotlight Bold Voice,110977781755517789,Brand Awareness,42.6467,31325,0,23041,40,17,100,45,20,0,148,123,22628,0,0,0,9,1399,4.4661,0,0,0,0,0
2025-10-07,Video Network,Smart Choice Impact Initiative,East Region Prospecting Cohort,18477671,Health Conscious Buyers Interest Segment,472217382839938538,Offer Spotlight Bold Voice,183438235716363676,Brand Awareness,0.2057,128,0,136,0,0,1,0,0,0,1,1,104,0,0,0,0,12,9.3750,0,0,0,0,0
2025-10-08,Video Network,Smart Choice Impact Initiative,East Region Prospecting Cohort,18477671,Health Conscious Buyers Interest Segment,239407488533427282,Offer Spotlight Bold Voice,207971324484544728,Brand Awareness,1.8778,1027,0,1603,2,1,6,3,2,0,5,6,1093,0,0,0,0,111,10.8082,0,0,0,0,0
2025-10-09,Retail Media Network,Smart Choice Impact Initiative,East Region Prospecting Cohort,18477671,Bulk Buyers Retention Segment,107715783645079938,Offer Spotlight Bold Voice,149589309607813303,Brand Awareness,29.8967,16696,0,22310,46,12,100,45,23,0,106,67,11354,0,0,0,10,1241,7.4329,0,0,0,0,0
2025-10-10,In-App Display,Smart Choice Impact Initiative,East Region Prospecting Cohort,18477671,Health Conscious Buyers Interest Segment,131550595172124090,Offer Spotlight Bold Voice,104977916368343912,Brand Awareness,0.6028,550,0,351,0,3,21,4,2,0,5,6,285,0,0,0,0,55,10.0000,0,0,0,0,0
2025-10-11,Affiliate Network,Home Essentials Promo Initiative,East Region Prospecting Cohort,18477671,Bulk Buyers Retention Segment,162853071358804827,Price Drop Cut Value Voice,738937145322144556,Brand Awareness,72.9101,86427,0,84010,77,93,100,100,100,0,645,386,33617,0,0,0,50,4270,4.9406,0,0,0,0,0
2025-10-12,Influencer Network,Smart Choice Impact Initiative,East Region Prospecting Cohort,18477671,Family Planners Interest Segment,400897812008861480,Offer Spotlight Bold Voice,480405189437503653,Brand Awareness,45.2593,34535,0,32778,80,41,100,100,49,0,153,148,22084,0,0,0,17,2330,6.7468,0,0,0,0,0
2025-10-13,Search Network,Smart Choice Impact Initiative,East Region Prospecting Cohort,18477671,Health Conscious Buyers Interest Segment,103535651235991591,Offer Spotlight Bold Voice,127483164261898063,Brand Awareness,2.7081,1553,0,2103,6,3,38,10,5,0,13,12,1080,0,0,0,1,120,7.7270,0,0,0,0,0
2025-10-14,Social Feed,Smart Choice Impact Initiative,East Region Prospecting Cohort,18477671,Family Planners Interest Segment,534542628136685144,Offer Spotlight Bold Voice,116526341254524535,Brand Awareness,0.0000,0,0,0,0,0,0,0,0,0,0,0,0,0,0,0,0,0,0.0000,0,0,0,0,0
2025-10-15,Connected TV,Market Fresh Demand Initiative,Metro Region Prospecting Cohort,18477671,Health Conscious Buyers Interest Segment,111425641592502989,Product Reel Bold Voice,973295260612807555,Brand Awareness,45.3227,45988,0,37812,149,0,0,0,0,0,0,0,0,0,0,0,89,53,0.1152,0,0,0,0,0
2025-10-16,Shopping Grid,Home Essentials Promo Initiative,East Region Prospecting Cohort,18477671,Bulk Buyers Retention Segment,248674078184555859,Offer Spotlight Bold Voice,452112915739182326,Brand Awareness,57.8136,44044,0,60747,82,8,100,28,13,0,11,8,528,1,0,0,12,145,0.3292,0,0,0,0,0
2025-10-17,Discovery Network,Home Essentials Promo Initiative,East Region Prospecting Cohort,18477671,Family Planners Interest Segment,126757682204121107,Offer Spotlight Bold Voice,121926468845256924,Brand Awareness,58.8153,38766,0,27080,47,10,91,25,12,0,14,9,366,0,0,0,15,135,0.3482,0,0,0,0,0
2025-10-18,Discovery Network,Home Essentials Promo Initiative,East Region Prospecting Cohort,18477671,Health Conscious Buyers Interest Segment,159890011514394505,Offer Spotlight Bold Voice,142381176949482591,Brand Awareness,4.1070,3168,0,2227,4,2,6,3,2,0,2,2,32,0,0,0,1,10,0.3157,0,0,0,0,0
2025-10-19,Social Feed,Family Pantry Retention Initiative,East Region Conversion Cohort,18477671,Family Planners Interest Segment,118913640049972056,Shelf Story Warm Voice,118757879921027344,Brand Awareness,0.0000,0,0,0,0,0,0,0,0,0,0,0,0,0,0,0,0,0,0.0000,0,0,0,0,0
2025-10-20,Retail Media Network,Home Essentials Promo Initiative,East Region Prospecting Cohort,18477671,Health Conscious Buyers Interest Segment,364535938237621249,Offer Spotlight Bold Voice,103276194285622030,Brand Awareness,0.5487,602,0,408,1,0,1,0,0,0,0,0,13,0,0,0,0,1,0.1661,0,0,0,0,0
2025-10-21,Influencer Network,Family Pantry Retention Initiative,East Region Conversion Cohort,18477671,Health Conscious Buyers Interest Segment,177146400897430092,Shelf Story Warm Voice,125010800506358682,Brand Awareness,0.0000,0,0,0,0,0,0,0,0,0,0,0,0,0,0,0,0,0,0.0000,0,0,0,0,0
2025-10-22,Influencer Network,Home Essentials Promo Initiative,East Region Prospecting Cohort,18477671,Health Conscious Buyers Interest Segment,112051189842394453,Price Drop Cut Value Voice,136910279477454488,Brand Awareness,4.7224,2720,0,2941,8,0,42,8,2,0,6,7,2366,0,0,0,0,193,7.0956,0,0,0,0,0
2025-10-23,In-App Display,Home Essentials Promo Initiative,East Region Prospecting Cohort,18477671,Bulk Buyers Retention Segment,162853071358804827,Price Drop Cut Value Voice,738937145322144556,Brand Awareness,75.8400,30771,0,47288,52,45,100,100,62,0,188,145,34627,0,0,0,7,1878,6.1031,0,0,0,0,0
2025-10-24,Affiliate Network,Smart Choice Impact Initiative,East Region Prospecting Cohort,18477671,Family Planners Interest Segment,160816362089030229,Offer Spotlight Value Voice,237614485843363769,Brand Awareness,105.8019,40588,0,41185,39,28,100,60,32,0,281,175,46971,0,0,0,16,2574,6.3418,0,0,0,0,0
2025-10-25,In-App Display,Smart Choice Impact Initiative,East Region Prospecting Cohort,18477671,Bulk Buyers Retention Segment,112543485243332528,Offer Spotlight Value Voice,252505519243767839,Brand Awareness,54.0986,29543,0,36956,41,15,100,29,18,0,167,92,21766,0,0,0,8,1231,4.1668,0,0,0,0,0
2025-10-26,Affiliate Network,Smart Choice Impact Initiative,East Region Prospecting Cohort,18477671,Health Conscious Buyers Interest Segment,131786783961333921,Offer Spotlight Value Voice,705205757413721577,Brand Awareness,0.1548,138,0,84,1,0,1,1,0,0,1,1,87,0,0,0,1,8,5.7971,0,0,0,0,0
2025-10-27,Discovery Network,Smart Choice Impact Initiative,East Region Prospecting Cohort,18477671,Family Planners Interest Segment,437683611895344081,Offer Spotlight Bold Voice,180926024741464574,Brand Awareness,46.8777,39041,0,34009,17,16,100,41,23,0,148,99,21106,0,0,0,6,1261,3.2299,0,0,0,0,0
2025-10-28,Connected TV,Smart Choice Impact Initiative,East Region Prospecting Cohort,18477671,Bulk Buyers Retention Segment,157163993569863340,Offer Spotlight Bold Voice,110977781755517789,Brand Awareness,49.1211,39712,0,39135,54,20,100,51,21,0,211,165,35271,0,0,0,6,2715,6.8367,0,0,0,0,0
2025-10-29,Display Network,Smart Choice Impact Initiative,East Region Prospecting Cohort,18477671,Health Conscious Buyers Interest Segment,472217382839938538,Offer Spotlight Bold Voice,183438235716363676,Brand Awareness,0.4184,183,0,297,0,0,1,0,0,0,1,1,168,0,0,0,0,19,10.3825,0,0,0,0,0
2025-10-30,Shopping Grid,Home Essentials Promo Initiative,East Region Prospecting Cohort,18477671,Health Conscious Buyers Interest Segment,534609213932090705,Price Drop Cut Value Voice,552366212827275778,Brand Awareness,1.9008,1194,0,1081,1,4,83,11,5,0,9,14,734,0,0,0,0,209,17.5042,0,0,0,0,0
2025-10-31,Shopping Grid,Home Essentials Promo Initiative,East Region Prospecting Cohort,18477671,Family Planners Interest Segment,311630515941383750,Price Drop Cut Value Voice,668883979484534905,Brand Awareness,72.9988,42336,0,45636,64,42,100,100,69,0,109,163,32188,0,0,0,17,2360,5.5745,0,0,0,0,0
2025-10-01,Connected TV,Smart Choice Impact Initiative,East Region Prospecting Cohort,18477671,Health Conscious Buyers Interest Segment,239407488533427282,Offer Spotlight Bold Voice,207971324484544728,Brand Awareness,7.6967,4833,0,4119,5,0,17,1,1,0,13,14,2738,0,0,0,2,236,4.8831,0,0,0,0,0
2025-10-02,Marketplace Feed,Family Pantry Retention Initiative,East Region Conversion Cohort,18477671,Weekend Deal Hunters Interest Segment,149582435915186674,Shelf Story Warm Voice,771766932430929551,Brand Awareness,0.0000,0,0,0,0,0,0,0,0,0,0,0,0,0,0,0,0,0,0.0000,0,0,0,0,0
2025-10-03,Connected TV,Smart Choice Impact Initiative,East Region Prospecting Cohort,18477671,Family Planners Interest Segment,534542628136685144,Offer Spotlight Bold Voice,116526341254524535,Brand Awareness,15.9100,7285,0,11172,18,0,0,0,0,0,0,0,0,0,0,1,5,14,0.1922,0,0,0,0,0
2025-10-04,Search Network,Market Fresh Demand Initiative,Metro Region Prospecting Cohort,18477671,Weekend Deal Hunters Interest Segment,161376797460090312,Product Reel Bold Voice,509760748397830743,Brand Awareness,23.0072,11902,0,10956,51,0,0,0,0,0,0,0,0,0,0,0,8,15,0.1260,0,0,0,0,0
2025-10-05,Discovery Network,Smart Choice Impact Initiative,East Region Prospecting Cohort,18477671,Health Conscious Buyers Interest Segment,182723406752174546,Offer Spotlight Value Voice,423170338506808282,Brand Awareness,1.4525,1043,0,1111,0,0,2,0,0,0,2,3,988,0,0,0,0,73,6.9990,0,0,0,0,0
2025-10-06,Display Network,Smart Choice Impact Initiative,East Region Prospecting Cohort,18477671,Bulk Buyers Retention Segment,913917634303141043,Offer Spotlight Bold Voice,178155015329886608,Brand Awareness,54.6899,40983,0,25741,33,0,0,0,0,0,0,0,0,0,0,0,4,21,0.0512,0,0,0,0,0
2025-10-07,Shopping Grid,Smart Choice Impact Initiative,East Region Prospecting Cohort,18477671,Health Conscious Buyers Interest Segment,573172726100372167,Offer Spotlight Bold Voice,122885112461996306,Brand Awareness,102.0441,66271,0,68235,153,0,0,0,0,0,0,0,0,0,0,0,12,94,0.1418,0,0,0,0,0
2025-10-08,Influencer Network,Smart Choice Impact Initiative,East Region Prospecting Cohort,18477671,Health Conscious Buyers Interest Segment,104742688502410437,Offer Spotlight Bold Voice,699445381393965161,Brand Awareness,0.1148,58,0,72,0,0,0,0,0,0,0,0,0,0,0,0,0,0,0.0000,0,0,0,0,0
2025-10-09,Retail Media Network,Home Essentials Promo Initiative,East Region Prospecting Cohort,18477671,Bulk Buyers Retention Segment,248674078184555859,Offer Spotlight Bold Voice,452112915739182326,Brand Awareness,60.2598,59246,0,52217,84,8,100,30,10,0,5,7,608,0,0,0,20,132,0.2228,0,0,0,0,0
2025-10-10,Display Network,Family Pantry Retention Initiative,East Region Conversion Cohort,18477671,Family Planners Interest Segment,118913640049972056,Shelf Story Warm Voice,118757879921027344,Brand Awareness,156.2718,95857,0,91628,185,0,0,0,0,0,0,0,0,0,0,0,74,70,0.0730,0,0,0,0,0
2025-10-11,Influencer Network,Family Pantry Retention Initiative,East Region Conversion Cohort,18477671,Health Conscious Buyers Interest Segment,177146400897430092,Shelf Story Warm Voice,125010800506358682,Brand Awareness,80.0407,50607,0,70320,170,0,0,0,0,0,0,0,0,0,0,0,54,84,0.1660,0,0,0,0,0
2025-10-12,Video Network,Home Essentials Promo Initiative,East Region Prospecting Cohort,18477671,Bulk Buyers Retention Segment,162853071358804827,Price Drop Cut Value Voice,738937145322144556,Brand Awareness,63.9275,55159,0,56505,58,52,100,100,73,0,175,149,32480,0,0,0,22,2177,3.9468,0,0,0,0,0
2025-10-13,Influencer Network,Smart Choice Impact Initiative,East Region Prospecting Cohort,18477671,Family Planners Interest Segment,160816362089030229,Offer Spotlight Value Voice,237614485843363769,Brand Awareness,76.3873,43554,0,59733,57,25,100,54,29,0,134,199,43169,0,0,0,17,2072,4.7573,0,0,0,0,0
2025-10-14,Shopping Grid,Market Fresh Demand Initiative,Metro Region Prospecting Cohort,18477671,Weekend Deal Hunters Interest Segment,161376797460090312,Product Reel Bold Voice,509760748397830743,Brand Awareness,20.0576,12081,0,19355,39,0,0,0,0,0,0,0,0,0,0,0,20,25,0.2069,0,0,0,0,0
2025-10-15,Video Network,Market Fresh Demand Initiative,Metro Region Prospecting Cohort,18477671,Health Conscious Buyers Interest Segment,111425641592502989,Product Reel Bold Voice,973295260612807555,Brand Awareness,50.5165,25744,0,41434,80,0,0,0,0,0,0,0,0,0,0,0,33,52,0.2020,0,0,0,0,0
2025-10-16,Search Network,Home Essentials Promo Initiative,East Region Prospecting Cohort,18477671,Health Conscious Buyers Interest Segment,159890011514394505,Offer Spotlight Bold Voice,142381176949482591,Brand Awareness,3.2434,2726,0,3423,6,1,14,3,1,0,1,1,30,0,0,0,3,13,0.4769,0,0,0,0,0
2025-10-17,Influencer Network,Smart Choice Impact Initiative,East Region Prospecting Cohort,18477671,Bulk Buyers Retention Segment,112543485243332528,Offer Spotlight Value Voice,252505519243767839,Brand Awareness,47.5129,23704,0,36522,15,12,100,32,19,0,102,113,22378,0,0,0,10,1183,4.9907,0,0,0,0,0
2025-10-18,Discovery Network,Smart Choice Impact Initiative,East Region Prospecting Cohort,18477671,Health Conscious Buyers Interest Segment,131786783961333921,Offer Spotlight Value Voice,705205757413721577,Brand Awareness,0.2485,115,0,152,0,0,0,0,0,0,0,0,95,0,0,0,0,6,5.2174,0,0,0,0,0
2025-10-19,Affiliate Network,Smart Choice Impact Initiative,East Region Prospecting Cohort,18477671,Health Conscious Buyers Interest Segment,182723406752174546,Offer Spotlight Value Voice,423170338506808282,Brand Awareness,2.2901,2009,0,1323,3,0,7,2,2,0,5,7,1170,0,0,0,2,102,5.0772,0,0,0,0,0
2025-10-20,Search Network,Smart Choice Impact Initiative,East Region Prospecting Cohort,18477671,Bulk Buyers Retention Segment,913917634303141043,Offer Spotlight Bold Voice,178155015329886608,Brand Awareness,66.1681,57545,0,37618,55,0,0,0,0,0,0,0,0,0,0,0,4,32,0.0556,0,0,0,0,0
2025-10-21,Influencer Network,Smart Choice Impact Initiative,East Region Prospecting Cohort,18477671,Health Conscious Buyers Interest Segment,573172726100372167,Offer Spotlight Bold Voice,122885112461996306,Brand Awareness,77.4713,60184,0,35575,82,0,0,0,0,0,0,0,0,1,0,0,4,44,0.0731,0,0,0,0,0
2025-10-22,Marketplace Feed,Smart Choice Impact Initiative,East Region Prospecting Cohort,18477671,Family Planners Interest Segment,534542628136685144,Offer Spotlight Bold Voice,116526341254524535,Brand Awareness,54.9074,35394,0,34157,64,0,0,0,0,0,0,0,0,0,0,0,44,40,0.1130,0,0,0,0,0
2025-10-23,Discovery Network,Smart Choice Impact Initiative,East Region Prospecting Cohort,18477671,Bulk Buyers Retention Segment,157163993569863340,Offer Spotlight Bold Voice,110977781755517789,Brand Awareness,32.7861,31173,0,30919,25,14,100,33,21,0,151,116,26321,0,0,0,5,1958,6.2811,0,0,0,0,0
2025-10-24,Affiliate Network,Smart Choice Impact Initiative,East Region Prospecting Cohort,18477671,Health Conscious Buyers Interest Segment,472217382839938538,Offer Spotlight Bold Voice,183438235716363676,Brand Awareness,0.3673,295,0,317,0,0,2,0,0,0,1,2,292,0,0,0,0,28,9.4915,0,0,0,0,0
2025-10-25,In-App Display,Smart Choice Impact Initiative,East Region Prospecting Cohort,18477671,Health Conscious Buyers Interest Segment,239407488533427282,Offer Spotlight Bold Voice,207971324484544728,Brand Awareness,8.8171,9967,0,8923,6,2,43,7,2,0,62,44,7692,0,0,0,0,704,7.0633,0,0,0,0,0
2025-10-26,Connected TV,Smart Choice Impact Initiative,East Region Prospecting Cohort,18477671,Family Planners Interest Segment,437683611895344081,Offer Spotlight Bold Voice,180926024741464574,Brand Awareness,70.3921,60079,0,54907,87,21,100,66,34,0,142,155,36179,0,0,0,7,2660,4.4275,0,0,0,0,0
2025-10-27,Shopping Grid,Home Essentials Promo Initiative,East Region Prospecting Cohort,18477671,Family Planners Interest Segment,311630515941383750,Price Drop Cut Value Voice,668883979484534905,Brand Awareness,66.5428,60372,0,44686,79,48,100,100,81,0,185,148,29452,0,0,0,23,1633,2.7049,0,0,0,0,0
2025-10-28,Marketplace Feed,Smart Choice Impact Initiative,East Region Prospecting Cohort,18477671,Health Conscious Buyers Interest Segment,104742688502410437,Offer Spotlight Bold Voice,699445381393965161,Brand Awareness,0.1724,116,0,157,0,0,0,0,0,0,0,0,0,0,0,0,0,0,0.0000,0,0,0,0,0
2025-10-29,Retail Media Network,Home Essentials Promo Initiative,East Region Prospecting Cohort,18477671,Family Planners Interest Segment,126757682204121107,Offer Spotlight Bold Voice,121926468845256924,Brand Awareness,41.7995,34075,0,53122,57,7,100,31,12,0,10,6,418,0,0,0,12,189,0.5547,0,0,0,0,0
2025-10-30,Influencer Network,Home Essentials Promo Initiative,East Region Prospecting Cohort,18477671,Health Conscious Buyers Interest Segment,364535938237621249,Offer Spotlight Bold Voice,103276194285622030,Brand Awareness,0.6194,447,0,602,2,1,7,3,1,0,1,1,22,0,0,0,0,9,2.0134,0,0,0,0,0
2025-10-31,Shopping Grid,Family Pantry Retention Initiative,East Region Conversion Cohort,18477671,Weekend Deal Hunters Interest Segment,149582435915186674,Shelf Story Warm Voice,771766932430929551,Brand Awareness,20.6609,21763,0,19579,25,0,0,0,0,0,0,0,0,0,0,0,25,26,0.1195,0,0,0,0,0
2025-10-01,Affiliate Network,Home Essentials Promo Initiative,East Region Prospecting Cohort,18477671,Health Conscious Buyers Interest Segment,112051189842394453,Price Drop Cut Value Voice,136910279477454488,Brand Awareness,3.1670,3339,0,2584,5,3,42,11,7,0,12,14,1822,0,0,0,0,225,6.7385,0,0,0,0,0
2025-10-02,In-App Display,Home Essentials Promo Initiative,East Region Prospecting Cohort,18477671,Health Conscious Buyers Interest Segment,534609213932090705,Price Drop Cut Value Voice,552366212827275778,Brand Awareness,2.0881,1161,0,2035,6,4,99,17,10,0,38,23,752,0,0,0,4,250,21.5332,0,0,0,0,0
2025-10-03,Marketplace Feed,Market Fresh Demand Initiative,Metro Region Prospecting Cohort,18477671,Health Conscious Buyers Interest Segment,111425641592502989,Product Reel Bold Voice,973295260612807555,Brand Awareness,46.0073,26521,0,49325,113,0,0,0,0,0,0,0,0,0,0,0,39,28,0.1056,0,0,0,0,0
2025-10-04,Shopping Grid,Family Pantry Retention Initiative,East Region Conversion Cohort,18477671,Health Conscious Buyers Interest Segment,177146400897430092,Shelf Story Warm Voice,125010800506358682,Brand Awareness,58.4711,53261,0,65813,153,0,0,0,0,0,0,0,0,1,0,0,58,68,0.1277,0,0,0,0,0
2025-10-05,Shopping Grid,Home Essentials Promo Initiative,East Region Prospecting Cohort,18477671,Health Conscious Buyers Interest Segment,112051189842394453,Price Drop Cut Value Voice,136910279477454488,Brand Awareness,1.6385,1150,0,1431,3,4,27,8,4,0,10,6,783,0,0,0,0,81,7.0435,0,0,0,0,0
2025-10-06,Influencer Network,Home Essentials Promo Initiative,East Region Prospecting Cohort,18477671,Bulk Buyers Retention Segment,162853071358804827,Price Drop Cut Value Voice,738937145322144556,Brand Awareness,66.1413,44894,0,50669,74,53,100,100,73,0,196,201,28802,0,0,0,53,2735,6.0921,0,0,0,0,0
2025-10-07,Social Feed,Home Essentials Promo Initiative,East Region Prospecting Cohort,18477671,Family Planners Interest Segment,311630515941383750,Price Drop Cut Value Voice,668883979484534905,Brand Awareness,61.6925,51635,0,42255,45,47,100,100,53,0,223,161,21669,0,0,0,19,1404,2.7191,0,0,0,0,0
2025-10-08,Affiliate Network,Smart Choice Impact Initiative,East Region Prospecting Cohort,18477671,Family Planners Interest Segment,160816362089030229,Offer Spotlight Value Voice,237614485843363769,Brand Awareness,79.2890,35634,0,55082,84,31,100,75,32,0,187,182,36665,0,0,0,12,2338,6.5611,0,0,0,0,0
2025-10-09,Connected TV,Smart Choice Impact Initiative,East Region Prospecting Cohort,18477671,Bulk Buyers Retention Segment,112543485243332528,Offer Spotlight Value Voice,252505519243767839,Brand Awareness,38.3031,41691,0,52410,73,15,100,45,18,0,203,144,31550,0,0,0,7,1556,3.7322,0,0,0,0,0
2025-10-10,Shopping Grid,Smart Choice Impact Initiative,East Region Prospecting Cohort,18477671,Health Conscious Buyers Interest Segment,131786783961333921,Offer Spotlight Value Voice,705205757413721577,Brand Awareness,0.2710,160,0,213,0,0,1,0,0,0,1,1,148,0,0,0,0,16,10.0000,0,0,0,0,0
2025-10-11,Video Network,Smart Choice Impact Initiative,East Region Prospecting Cohort,18477671,Health Conscious Buyers Interest Segment,182723406752174546,Offer Spotlight Value Voice,423170338506808282,Brand Awareness,3.1700,1688,0,2062,5,0,15,3,0,0,8,11,1479,0,0,0,2,176,10.4265,0,0,0,0,0
2025-10-12,In-App Display,Smart Choice Impact Initiative,East Region Prospecting Cohort,18477671,Bulk Buyers Retention Segment,913917634303141043,Offer Spotlight Bold Voice,178155015329886608,Brand Awareness,128.8988,65289,0,74706,110,0,0,0,0,0,0,0,0,0,0,0,12,33,0.0505,0,0,0,0,0
2025-10-13,Influencer Network,Smart Choice Impact Initiative,East Region Prospecting Cohort,18477671,Family Planners Interest Segment,534542628136685144,Offer Spotlight Bold Voice,116526341254524535,Brand Awareness,86.4703,33736,0,41130,59,0,0,0,0,0,0,0,0,0,0,0,18,44,0.1304,0,0,0,0,0
2025-10-14,Retail Media Network,Smart Choice Impact Initiative,East Region Prospecting Cohort,18477671,Health Conscious Buyers Interest Segment,104742688502410437,Offer Spotlight Bold Voice,699445381393965161,Brand Awareness,0.4048,214,0,218,0,0,0,0,0,0,0,0,0,0,0,0,0,1,0.4673,0,0,0,0,0
2025-10-15,Influencer Network,Smart Choice Impact Initiative,East Region Prospecting Cohort,18477671,Bulk Buyers Retention Segment,157163993569863340,Offer Spotlight Bold Voice,110977781755517789,Brand Awareness,54.8441,35920,0,30903,45,14,100,57,28,0,160,119,26116,0,0,0,14,2286,6.3641,0,0,0,0,0
2025-10-16,Display Network,Smart Choice Impact Initiative,East Region Prospecting Cohort,18477671,Health Conscious Buyers Interest Segment,472217382839938538,Offer Spotlight Bold Voice,183438235716363676,Brand Awareness,0.6033,428,0,449,0,0,2,0,0,0,2,2,351,0,0,0,0,26,6.0748,0,0,0,0,0
2025-10-17,Retail Media Network,Smart Choice Impact Initiative,East Region Prospecting Cohort,18477671,Health Conscious Buyers Interest Segment,239407488533427282,Offer Spotlight Bold Voice,207971324484544728,Brand Awareness,6.7830,7738,0,6293,13,1,24,8,3,0,39,24,4992,0,0,0,1,395,5.1047,0,0,0,0,0
2025-10-18,Social Feed,Home Essentials Promo Initiative,East Region Prospecting Cohort,18477671,Health Conscious Buyers Interest Segment,364535938237621249,Offer Spotlight Bold Voice,103276194285622030,Brand Awareness,1.0050,871,0,720,0,0,0,0,0,0,0,0,18,0,0,0,0,4,0.4592,0,0,0,0,0
2025-10-19,Influencer Network,Family Pantry Retention Initiative,East Region Conversion Cohort,18477671,Family Planners Interest Segment,118913640049972056,Shelf Story Warm Voice,118757879921027344,Brand Awareness,105.6810,79368,0,105719,174,0,0,0,0,0,0,0,0,0,0,0,54,93,0.1172,0,0,0,0,0
2025-10-20,Influencer Network,Market Fresh Demand Initiative,Metro Region Prospecting Cohort,18477671,Weekend Deal Hunters Interest Segment,161376797460090312,Product Reel Bold Voice,509760748397830743,Brand Awareness,21.2561,15470,0,13585,53,0,0,0,0,0,0,0,0,1,0,0,11,24,0.1551,0,0,0,0,0
2025-10-21,Shopping Grid,Home Essentials Promo Initiative,East Region Prospecting Cohort,18477671,Family Planners Interest Segment,126757682204121107,Offer Spotlight Bold Voice,121926468845256924,Brand Awareness,47.6318,32592,0,54799,76,23,100,92,39,0,23,20,1185,0,0,0,28,376,1.1537,0,0,0,0,0
2025-10-22,Social Feed,Home Essentials Promo Initiative,East Region Prospecting Cohort,18477671,Health Conscious Buyers Interest Segment,534609213932090705,Price Drop Cut Value Voice,552366212827275778,Brand Awareness,1.8032,1657,0,1497,6,1,88,16,3,0,30,22,640,0,0,0,5,203,12.2511,0,0,0,0,0
2025-10-23,Marketplace Feed,Smart Choice Impact Initiative,East Region Prospecting Cohort,18477671,Health Conscious Buyers Interest Segment,573172726100372167,Offer Spotlight Bold Voice,122885112461996306,Brand Awareness,2.7392,2257,0,2033,4,0,0,0,0,0,0,0,0,0,0,0,1,3,0.1329,0,0,0,0,0
2025-10-24,Display Network,Smart Choice Impact Initiative,East Region Prospecting Cohort,18477671,Family Planners Interest Segment,437683611895344081,Offer Spotlight Bold Voice,180926024741464574,Brand Awareness,42.3372,15040,0,25414,26,14,93,33,18,0,105,100,18348,0,0,0,5,1943,12.9189,0,0,0,0,0
2025-10-25,Shopping Grid,Home Essentials Promo Initiative,East Region Prospecting Cohort,18477671,Bulk Buyers Retention Segment,248674078184555859,Offer Spotlight Bold Voice,452112915739182326,Brand Awareness,67.0364,43584,0,46066,41,17,100,42,18,0,22,14,484,0,0,0,15,208,0.4772,0,0,0,0,0
2025-10-26,Search Network,Home Essentials Promo Initiative,East Region Prospecting Cohort,18477671,Health Conscious Buyers Interest Segment,159890011514394505,Offer Spotlight Bold Voice,142381176949482591,Brand Awareness,4.2857,3573,0,3868,4,0,19,3,1,0,0,0,58,0,0,0,0,22,0.6157,0,0,0,0,0
2025-10-27,Shopping Grid,Family Pantry Retention Initiative,East Region Conversion Cohort,18477671,Weekend Deal Hunters Interest Segment,149582435915186674,Shelf Story Warm Voice,771766932430929551,Brand Awareness,14.3622,9537,0,16260,23,0,0,0,0,0,0,0,0,0,0,0,11,21,0.2202,0,0,0,0,0
2025-10-28,Connected TV,Market Fresh Demand Initiative,Metro Region Prospecting Cohort,18477671,Weekend Deal Hunters Interest Segment,161376797460090312,Product Reel Bold Voice,509760748397830743,Brand Awareness,15.1671,14752,0,10443,23,0,0,0,0,0,0,0,0,0,0,0,5,10,0.0678,0,0,0,0,0
2025-10-29,Discovery Network,Market Fresh Demand Initiative,Metro Region Prospecting Cohort,18477671,Health Conscious Buyers Interest Segment,111425641592502989,Product Reel Bold Voice,973295260612807555,Brand Awareness,61.6228,50797,0,49755,71,0,0,0,0,0,0,0,0,0,0,0,28,37,0.0728,0,0,0,0,0
2025-10-30,Connected TV,Home Essentials Promo Initiative,East Region Prospecting Cohort,18477671,Bulk Buyers Retention Segment,248674078184555859,Offer Spotlight Bold Voice,452112915739182326,Brand Awareness,67.5797,33351,0,29557,36,8,100,45,23,0,7,8,502,0,0,0,9,124,0.3718,0,0,0,0,0
2025-10-31,Social Feed,Home Essentials Promo Initiative,East Region Prospecting Cohort,18477671,Family Planners Interest Segment,126757682204121107,Offer Spotlight Bold Voice,121926468845256924,Brand Awareness,56.5411,66193,0,52594,71,27,100,100,38,0,36,27,1588,0,0,0,27,473,0.7146,0,0,0,0,0
2025-10-01,Search Network,Home Essentials Promo Initiative,East Region Prospecting Cohort,18477671,Health Conscious Buyers Interest Segment,159890011514394505,Offer Spotlight Bold Voice,142381176949482591,Brand Awareness,9.8834,5740,0,7230,13,1,10,3,3,0,1,1,45,0,0,0,2,9,0.1568,0,0,0,0,0
2025-10-02,Marketplace Feed,Home Essentials Promo Initiative,East Region Prospecting Cohort,18477671,Health Conscious Buyers Interest Segment,364535938237621249,Offer Spotlight Bold Voice,103276194285622030,Brand Awareness,1.4370,778,0,1127,1,0,2,2,0,0,0,0,14,0,0,0,0,5,0.6427,0,0,0,0,0
2025-10-03,Shopping Grid,Family Pantry Retention Initiative,East Region Conversion Cohort,18477671,Family Planners Interest Segment,118913640049972056,Shelf Story Warm Voice,118757879921027344,Brand Awareness,176.7664,97608,0,96378,315,0,0,0,0,0,0,0,0,0,0,0,56,90,0.0922,0,0,0,0,0
2025-10-04,In-App Display,Family Pantry Retention Initiative,East Region Conversion Cohort,18477671,Weekend Deal Hunters Interest Segment,149582435915186674,Shelf Story Warm Voice,771766932430929551,Brand Awareness,26.2243,20213,0,23498,46,0,0,0,0,0,0,0,0,0,0,0,19,28,0.1385,0,0,0,0,0
2025-10-05,Social Feed,Home Essentials Promo Initiative,East Region Prospecting Cohort,18477671,Health Conscious Buyers Interest Segment,112051189842394453,Price Drop Cut Value Voice,136910279477454488,Brand Awareness,0.9443,1739,0,1138,1,2,66,11,2,0,19,14,462,0,0,0,3,171,9.8332,0,0,0,0,0
2025-10-06,Search Network,Home Essentials Promo Initiative,East Region Prospecting Cohort,18477671,Health Conscious Buyers Interest Segment,534609213932090705,Price Drop Cut Value Voice,552366212827275778,Brand Awareness,0.2419,840,0,558,1,2,34,14,7,0,21,13,419,0,0,0,1,85,10.1190,0,0,0,0,0
2025-10-07,Video Network,Home Essentials Promo Initiative,East Region Prospecting Cohort,18477671,Bulk Buyers Retention Segment,162853071358804827,Price Drop Cut Value Voice,738937145322144556,Brand Awareness,184.7029,300517,0,266811,434,100,100,100,100,0,3460,2767,132068,0,0,0,297,17045,5.6719,0,0,0,0,0
2025-10-08,In-App Display,Home Essentials Promo Initiative,East Region Prospecting Cohort,18477671,Family Planners Interest Segment,311630515941383750,Price Drop Cut Value Voice,668883979484534905,Brand Awareness,28.9870,65560,0,67300,143,80,100,100,100,0,701,511,14764,0,0,0,109,6541,9.9771,0,0,0,0,0
2025-10-09,In-App Display,Smart Choice Impact Initiative,East Region Prospecting Cohort,18477671,Family Planners Interest Segment,160816362089030229,Offer Spotlight Value Voice,237614485843363769,Brand Awareness,76.3387,64750,0,68838,126,18,100,68,31,0,187,164,39295,0,0,0,13,3205,4.9498,0,0,0,0,0
2025-10-10,Marketplace Feed,Smart Choice Impact Initiative,East Region Prospecting Cohort,18477671,Health Conscious Buyers Interest Segment,131786783961333921,Offer Spotlight Value Voice,705205757413721577,Brand Awareness,0.3470,194,0,161,0,0,1,0,0,0,1,1,178,0,0,0,0,12,6.1856,0,0,0,0,0
2025-10-11,Discovery Network,Smart Choice Impact Initiative,East Region Prospecting Cohort,18477671,Health Conscious Buyers Interest Segment,182723406752174546,Offer Spotlight Value Voice,423170338506808282,Brand Awareness,3.3530,2309,0,2171,4,2,9,4,2,0,12,7,2134,0,0,0,1,240,10.3941,0,0,0,0,0
2025-10-12,Influencer Network,Smart Choice Impact Initiative,East Region Prospecting Cohort,18477671,Family Planners Interest Segment,534542628136685144,Offer Spotlight Bold Voice,116526341254524535,Brand Awareness,89.7495,80060,0,116437,116,0,0,0,0,0,0,0,0,0,0,0,51,77,0.0962,0,0,0,0,0
2025-10-13,Connected TV,Smart Choice Impact Initiative,East Region Prospecting Cohort,18477671,Health Conscious Buyers Interest Segment,104742688502410437,Offer Spotlight Bold Voice,699445381393965161,Brand Awareness,0.3023,295,0,271,0,0,0,0,0,0,0,0,0,0,0,0,0,0,0.0000,0,0,0,0,0
2025-10-14,Marketplace Feed,Family Pantry Retention Initiative,East Region Conversion Cohort,18477671,Health Conscious Buyers Interest Segment,177146400897430092,Shelf Story Warm Voice,125010800506358682,Brand Awareness,69.2329,63056,0,75810,117,0,0,0,0,0,0,0,0,0,0,0,33,58,0.0920,0,0,0,0,0
2025-10-15,Retail Media Network,Smart Choice Impact Initiative,East Region Prospecting Cohort,18477671,Bulk Buyers Retention Segment,913917634303141043,Offer Spotlight Bold Voice,178155015329886608,Brand Awareness,42.4379,32739,0,61452,32,0,0,0,0,0,0,0,0,0,0,0,4,17,0.0519,0,0,0,0,0
2025-10-16,Social Feed,Smart Choice Impact Initiative,East Region Prospecting Cohort,18477671,Health Conscious Buyers Interest Segment,573172726100372167,Offer Spotlight Bold Voice,122885112461996306,Brand Awareness,2.6461,2242,0,1703,6,0,0,0,0,0,0,0,0,0,0,0,0,0,0.0000,0,0,0,0,0
2025-10-17,Influencer Network,Smart Choice Impact Initiative,East Region Prospecting Cohort,18477671,Bulk Buyers Retention Segment,112543485243332528,Offer Spotlight Value Voice,252505519243767839,Brand Awareness,40.1477,28233,0,34834,26,13,100,50,23,0,114,125,27206,0,0,0,6,3055,10.8207,0,0,0,0,0
2025-10-18,Shopping Grid,Family Pantry Retention Initiative,Metro Region Loyalty Cohort,18477671,Family Planners Lookalike Segment,131110122694256392,Shelf Story Warm Voice,585790054530420953,Brand Awareness,0.0000,0,0,0,0,0,0,0,0,0,0,0,0,0,0,0,0,0,0.0000,0,0,0,0,0
2025-10-19,Video Network,Market Fresh Demand Initiative,Metro Region Prospecting Cohort,18477671,Weekend Deal Hunters Interest Segment,161376797460090312,Product Reel Bold Voice,509760748397830743,Brand Awareness,19.3626,15368,0,12068,28,0,0,0,0,0,0,0,0,0,0,0,7,17,0.1106,0,0,0,0,0
2025-10-20,Search Network,Market Fresh Demand Initiative,Metro Region Prospecting Cohort,18477671,Health Conscious Buyers Interest Segment,111425641592502989,Product Reel Bold Voice,973295260612807555,Brand Awareness,41.9382,49132,0,53967,42,0,0,0,0,0,0,0,0,0,0,0,29,47,0.0957,0,0,0,0,0
2025-10-21,Connected TV,Home Essentials Promo Initiative,East Region Prospecting Cohort,18477671,Bulk Buyers Retention Segment,248674078184555859,Offer Spotlight Bold Voice,452112915739182326,Brand Awareness,54.3232,53329,0,35253,47,10,100,28,14,0,12,9,491,0,0,0,6,149,0.2794,0,0,0,0,0
2025-10-22,In-App Display,Home Essentials Promo Initiative,East Region Prospecting Cohort,18477671,Family Planners Interest Segment,126757682204121107,Offer Spotlight Bold Voice,121926468845256924,Brand Awareness,59.2523,59980,0,42217,63,18,100,50,26,0,15,18,625,0,0,0,15,193,0.3218,0,0,0,0,0
2025-10-23,Retail Media Network,Home Essentials Promo Initiative,East Region Prospecting Cohort,18477671,Health Conscious Buyers Interest Segment,364535938237621249,Offer Spotlight Bold Voice,103276194285622030,Brand Awareness,0.7950,739,0,352,1,0,4,1,0,0,0,0,9,0,0,0,0,2,0.2706,0,0,0,0,0
2025-10-24,Social Feed,Family Pantry Retention Initiative,East Region Conversion Cohort,18477671,Family Planners Interest Segment,118913640049972056,Shelf Story Warm Voice,118757879921027344,Brand Awareness,117.2985,148482,0,102595,173,0,0,0,0,0,0,0,0,0,0,0,55,127,0.0855,0,0,0,0,0
2025-10-25,Retail Media Network,Family Pantry Retention Initiative,East Region Conversion Cohort,18477671,Health Conscious Buyers Interest Segment,177146400897430092,Shelf Story Warm Voice,125010800506358682,Brand Awareness,66.3764,64248,0,79776,65,0,0,0,0,0,0,0,0,0,0,0,28,48,0.0747,0,0,0,0,0
2025-10-26,Display Network,Home Essentials Promo Initiative,East Region Prospecting Cohort,18477671,Health Conscious Buyers Interest Segment,112051189842394453,Price Drop Cut Value Voice,136910279477454488,Brand Awareness,2.1834,1981,0,1255,5,2,19,6,4,0,10,8,1357,0,0,0,2,122,6.1585,0,0,0,0,0
2025-10-27,Shopping Grid,Home Essentials Promo Initiative,East Region Prospecting Cohort,18477671,Family Planners Interest Segment,311630515941383750,Price Drop Cut Value Voice,668883979484534905,Brand Awareness,96.0255,79187,0,73684,73,56,100,100,80,0,257,182,45368,0,0,0,30,1692,2.1367,0,0,0,0,0
2025-10-28,Marketplace Feed,Smart Choice Impact Initiative,East Region Prospecting Cohort,18477671,Family Planners Interest Segment,160816362089030229,Offer Spotlight Value Voice,237614485843363769,Brand Awareness,53.6856,41479,0,20470,38,13,100,31,17,0,120,128,22946,0,0,0,10,1161,2.7990,0,0,0,0,0
2025-10-29,Shopping Grid,Smart Choice Impact Initiative,East Region Prospecting Cohort,18477671,Bulk Buyers Retention Segment,112543485243332528,Offer Spotlight Value Voice,252505519243767839,Brand Awareness,87.4163,76442,0,52504,53,20,100,61,31,0,195,188,37691,0,0,0,18,2789,3.6485,0,0,0,0,0
2025-10-30,Shopping Grid,Smart Choice Impact Initiative,East Region Prospecting Cohort,18477671,Health Conscious Buyers Interest Segment,182723406752174546,Offer Spotlight Value Voice,423170338506808282,Brand Awareness,2.6164,2654,0,1384,4,4,14,4,3,0,14,10,1573,0,0,0,1,101,3.8056,0,0,0,0,0
2025-10-31,Search Network,Smart Choice Impact Initiative,East Region Prospecting Cohort,18477671,Health Conscious Buyers Interest Segment,104742688502410437,Offer Spotlight Bold Voice,699445381393965161,Brand Awareness,0.3101,502,0,397,0,0,0,0,0,0,0,0,0,0,0,0,0,0,0.0000,0,0,0,0,0
2025-10-01,Affiliate Network,Smart Choice Impact Initiative,East Region Prospecting Cohort,18477671,Health Conscious Buyers Interest Segment,573172726100372167,Offer Spotlight Bold Voice,122885112461996306,Brand Awareness,1.7839,2419,0,2640,1,0,0,0,0,0,0,0,0,0,0,0,0,1,0.0413,0,0,0,0,0
2025-10-02,Influencer Network,Home Essentials Promo Initiative,East Region Prospecting Cohort,18477671,Health Conscious Buyers Interest Segment,159890011514394505,Offer Spotlight Bold Voice,142381176949482591,Brand Awareness,5.9457,3611,0,6023,10,1,7,1,1,0,1,1,59,0,0,0,2,11,0.3046,0,0,0,0,0
2025-10-03,Influencer Network,Family Pantry Retention Initiative,East Region Conversion Cohort,18477671,Weekend Deal Hunters Interest Segment,149582435915186674,Shelf Story Warm Voice,771766932430929551,Brand Awareness,17.4802,21039,0,18010,17,0,0,0,0,0,0,0,0,0,0,0,8,7,0.0333,0,0,0,0,0
2025-10-04,Search Network,Home Essentials Promo Initiative,East Region Prospecting Cohort,18477671,Health Conscious Buyers Interest Segment,534609213932090705,Price Drop Cut Value Voice,552366212827275778,Brand Awareness,0.4134,224,0,414,0,0,12,3,1,0,4,3,206,0,0,0,0,34,15.1786,0,0,0,0,0
2025-10-05,Connected TV,Home Essentials Promo Initiative,East Region Prospecting Cohort,18477671,Bulk Buyers Retention Segment,162853071358804827,Price Drop Cut Value Voice,738937145322144556,Brand Awareness,62.9670,31020,0,32240,45,31,100,100,47,0,84,115,26280,0,0,0,9,1164,3.7524,0,0,0,0,0
2025-10-06,Affiliate Network,Smart Choice Impact Initiative,East Region Prospecting Cohort,18477671,Health Conscious Buyers Interest Segment,131786783961333921,Offer Spotlight Value Voice,705205757413721577,Brand Awareness,0.3169,229,0,144,0,0,0,0,0,0,0,0,101,0,0,0,0,9,3.9301,0,0,0,0,0
2025-10-07,Video Network,Smart Choice Impact Initiative,East Region Prospecting Cohort,18477671,Family Planners Interest Segment,534542628136685144,Offer Spotlight Bold Voice,116526341254524535,Brand Awareness,99.9357,47227,0,42853,90,0,0,0,0,0,0,0,0,0,0,0,23,52,0.1101,0,0,0,0,0
2025-10-08,Marketplace Feed,Family Pantry Retention Initiative,Metro Region Loyalty Cohort,18477671,Quick Refill Buyers Retention Segment,513232078006145092,Shelf Story Warm Voice,133729297815049595,Brand Awareness,0.0000,0,0,0,0,0,0,0,0,0,0,0,0,0,0,0,0,0,0.0000,0,0,0,0,0
2025-10-09,Social Feed,Family Pantry Retention Initiative,Metro Region Loyalty Cohort,18477671,Family Planners Lookalike Segment,131110122694256392,Shelf Story Warm Voice,585790054530420953,Brand Awareness,0.0000,0,0,0,0,0,0,0,0,0,0,0,0,0,0,0,0,0,0.0000,0,0,0,0,0
2025-10-10,Affiliate Network,Home Essentials Scale Initiative,Metro Region Loyalty Cohort,18477671,Weekend Deal Hunters Interest Segment,377247011822843168,Shelf Story Bold Voice,643135492237413482,Brand Awareness,0.0000,0,0,0,0,0,0,0,0,0,0,0,0,0,0,0,0,0,0.0000,0,0,0,0,0
2025-10-11,Search Network,Home Essentials Scale Initiative,Metro Region Loyalty Cohort,18477671,Quick Refill Buyers Retention Segment,680094259900990869,Shelf Story Bold Voice,769886055999783877,Brand Awareness,0.0000,0,0,0,0,0,0,0,0,0,0,0,0,0,0,0,0,0,0.0000,0,0,0,0,0
2025-10-12,Discovery Network,Home Essentials Scale Initiative,Metro Region Loyalty Cohort,18477671,Health Conscious Buyers Interest Segment,159508469974487548,Shelf Story Bold Voice,113329620542890551,Brand Awareness,0.0000,0,0,0,0,0,0,0,0,0,0,0,0,0,0,0,0,0,0.0000,0,0,0,0,0
2025-10-13,Connected TV,Home Essentials Promo Initiative,East Region Prospecting Cohort,18477671,Health Conscious Buyers Interest Segment,159890011514394505,Offer Spotlight Bold Voice,142381176949482591,Brand Awareness,4.5344,3145,0,3548,17,0,6,3,0,0,0,0,33,0,0,0,1,12,0.3816,0,0,0,0,0
2025-10-14,Social Feed,Family Pantry Retention Initiative,East Region Conversion Cohort,18477671,Weekend Deal Hunters Interest Segment,149582435915186674,Shelf Story Warm Voice,771766932430929551,Brand Awareness,34.8969,25374,0,24260,68,0,0,0,0,0,0,0,0,0,0,0,16,41,0.1616,0,0,0,0,0
2025-10-15,Discovery Network,Market Fresh Demand Initiative,Metro Region Prospecting Cohort,18477671,Health Conscious Buyers Interest Segment,111425641592502989,Product Reel Bold Voice,973295260612807555,Brand Awareness,36.7252,52543,0,44907,52,0,0,0,0,0,0,0,0,0,0,0,20,31,0.0590,0,0,0,0,0
2025-10-16,Marketplace Feed,Smart Choice Impact Initiative,East Region Prospecting Cohort,18477671,Health Conscious Buyers Interest Segment,104742688502410437,Offer Spotlight Bold Voice,699445381393965161,Brand Awareness,0.6856,547,0,803,1,0,0,0,0,0,0,0,0,0,0,0,0,1,0.1828,0,0,0,0,0
2025-10-17,Display Network,Home Essentials Promo Initiative,East Region Prospecting Cohort,18477671,Bulk Buyers Retention Segment,248674078184555859,Offer Spotlight Bold Voice,452112915739182326,Brand Awareness,87.0170,45393,0,51772,60,13,100,63,21,0,9,11,653,0,0,0,13,165,0.3635,0,0,0,0,0
2025-10-18,Influencer Network,Market Fresh Demand Initiative,Metro Region Prospecting Cohort,18477671,Weekend Deal Hunters Interest Segment,161376797460090312,Product Reel Bold Voice,509760748397830743,Brand Awareness,20.2501,17776,0,21292,59,0,0,0,0,0,0,0,0,0,0,0,17,20,0.1125,0,0,0,0,0
2025-10-19,Shopping Grid,Home Essentials Promo Initiative,East Region Prospecting Cohort,18477671,Family Planners Interest Segment,126757682204121107,Offer Spotlight Bold Voice,121926468845256924,Brand Awareness,79.4169,32131,0,37985,39,8,100,31,10,0,6,8,487,0,0,0,5,196,0.6100,0,0,0,0,0
2025-10-20,Discovery Network,Family Pantry Retention Initiative,East Region Conversion Cohort,18477671,Family Planners Interest Segment,118913640049972056,Shelf Story Warm Voice,118757879921027344,Brand Awareness,129.7790,99170,0,142775,164,0,0,0,0,0,0,0,0,0,0,0,56,73,0.0736,0,0,0,0,0
2025-10-21,Affiliate Network,Smart Choice Impact Initiative,East Region Prospecting Cohort,18477671,Health Conscious Buyers Interest Segment,182723406752174546,Offer Spotlight Value Voice,423170338506808282,Brand Awareness,4.0680,2772,0,2144,3,4,16,6,4,0,14,13,1549,0,0,0,1,169,6.0967,0,0,0,0,0
2025-10-22,Search Network,Smart Choice Impact Initiative,East Region Prospecting Cohort,18477671,Family Planners Interest Segment,160816362089030229,Offer Spotlight Value Voice,237614485843363769,Brand Awareness,36.5495,25247,0,22778,11,7,74,22,9,0,80,66,16781,0,0,0,2,1026,4.0638,0,0,0,0,0
2025-10-23,Retail Media Network,Smart Choice Impact Initiative,East Region Prospecting Cohort,18477671,Bulk Buyers Retention Segment,112543485243332528,Offer Spotlight Value Voice,252505519243767839,Brand Awareness,72.9702,64221,0,51475,40,27,100,51,29,0,275,163,41628,0,0,0,7,3624,5.6430,0,0,0,0,0
2025-10-24,Influencer Network,Smart Choice Impact Initiative,East Region Prospecting Cohort,18477671,Health Conscious Buyers Interest Segment,131786783961333921,Offer Spotlight Value Voice,705205757413721577,Brand Awareness,0.5675,403,0,270,0,0,1,0,0,0,1,1,223,0,0,0,1,23,5.7072,0,0,0,0,0
2025-10-25,Marketplace Feed,Smart Choice Impact Initiative,East Region Prospecting Cohort,18477671,Health Conscious Buyers Interest Segment,573172726100372167,Offer Spotlight Bold Voice,122885112461996306,Brand Awareness,3.7154,2369,0,2269,2,0,0,0,0,0,0,0,0,0,0,0,0,1,0.0422,0,0,0,0,0
2025-10-26,Display Network,Smart Choice Impact Initiative,East Region Prospecting Cohort,18477671,Family Planners Interest Segment,534542628136685144,Offer Spotlight Bold Voice,116526341254524535,Brand Awareness,134.8091,107853,0,60907,90,0,0,0,0,0,0,0,0,0,0,0,14,29,0.0269,0,0,0,0,0
2025-10-27,Video Network,Home Essentials Promo Initiative,East Region Prospecting Cohort,18477671,Health Conscious Buyers Interest Segment,364535938237621249,Offer Spotlight Bold Voice,103276194285622030,Brand Awareness,1.2404,1099,0,856,1,1,3,1,1,0,1,1,16,0,0,0,0,4,0.3640,0,0,0,0,0
2025-10-28,Discovery Network,Home Essentials Promo Initiative,East Region Prospecting Cohort,18477671,Health Conscious Buyers Interest Segment,534609213932090705,Price Drop Cut Value Voice,552366212827275778,Brand Awareness,1.9681,1838,0,1511,5,3,85,17,5,0,17,20,724,0,0,0,3,309,16.8118,0,0,0,0,0
2025-10-29,Social Feed,Home Essentials Promo Initiative,East Region Prospecting Cohort,18477671,Bulk Buyers Retention Segment,162853071358804827,Price Drop Cut Value Voice,738937145322144556,Brand Awareness,40.0254,41944,0,36714,76,20,100,100,100,0,401,318,27233,0,0,0,30,2159,5.1473,0,0,0,0,0
2025-10-30,Video Network,Home Essentials Promo Initiative,East Region Prospecting Cohort,18477671,Family Planners Interest Segment,311630515941383750,Price Drop Cut Value Voice,668883979484534905,Brand Awareness,117.1853,89220,0,79855,82,67,100,100,100,0,488,504,48544,0,0,0,54,4333,4.8565,0,0,0,0,0
2025-10-31,Affiliate Network,Family Pantry Retention Initiative,East Region Conversion Cohort,18477671,Health Conscious Buyers Interest Segment,177146400897430092,Shelf Story Warm Voice,125010800506358682,Brand Awareness,125.5770,86745,0,87201,144,0,0,0,0,0,0,0,0,0,0,0,56,62,0.0715,0,0,0,0,0
2025-10-01,Shopping Grid,Home Essentials Promo Initiative,East Region Prospecting Cohort,18477671,Health Conscious Buyers Interest Segment,112051189842394453,Price Drop Cut Value Voice,136910279477454488,Brand Awareness,0.9694,989,0,708,1,2,19,3,2,0,6,4,560,0,0,0,1,78,7.8868,0,0,0,0,0
2025-10-02,Influencer Network,Family Pantry Retention Initiative,Metro Region Loyalty Cohort,18477671,Weekend Deal Hunters Interest Segment,174176954196329732,Shelf Story Warm Voice,925460221944962698,Brand Awareness,0.0000,0,0,0,0,0,0,0,0,0,0,0,0,0,0,0,0,0,0.0000,0,0,0,0,0
2025-10-03,Influencer Network,Family Pantry Retention Initiative,Metro Region Loyalty Cohort,18477671,Quick Refill Buyers Retention Segment,513232078006145092,Shelf Story Warm Voice,133729297815049595,Brand Awareness,0.0000,0,0,0,0,0,0,0,0,0,0,0,0,0,0,0,0,0,0.0000,0,0,0,0,0
2025-10-04,In-App Display,Home Essentials Scale Initiative,Metro Region Loyalty Cohort,18477671,Weekend Deal Hunters Interest Segment,377247011822843168,Shelf Story Bold Voice,643135492237413482,Brand Awareness,0.0000,0,0,0,0,0,0,0,0,0,0,0,0,0,0,0,0,0,0.0000,0,0,0,0,0
2025-10-05,Search Network,Family Pantry Retention Initiative,East Region Conversion Cohort,18477671,Family Planners Interest Segment,118913640049972056,Shelf Story Warm Voice,118757879921027344,Brand Awareness,70.6116,74856,0,77047,89,0,0,0,0,0,0,0,0,0,0,0,42,72,0.0962,0,0,0,0,0
2025-10-06,Video Network,Family Pantry Retention Initiative,East Region Conversion Cohort,18477671,Weekend Deal Hunters Interest Segment,149582435915186674,Shelf Story Warm Voice,771766932430929551,Brand Awareness,21.2004,17243,0,18760,22,0,0,0,0,0,0,0,0,0,0,0,17,14,0.0812,0,0,0,0,0
2025-10-07,Influencer Network,Family Pantry Retention Initiative,East Region Conversion Cohort,18477671,Health Conscious Buyers Interest Segment,177146400897430092,Shelf Story Warm Voice,125010800506358682,Brand Awareness,122.1224,87463,0,98477,146,0,0,0,0,0,0,0,0,0,0,0,49,92,0.1052,0,0,0,0,0
2025-10-08,Shopping Grid,Home Essentials Promo Initiative,East Region Prospecting Cohort,18477671,Health Conscious Buyers Interest Segment,112051189842394453,Price Drop Cut Value Voice,136910279477454488,Brand Awareness,0.7813,1933,0,2053,6,6,100,19,7,0,27,30,532,0,0,0,6,206,10.6570,0,0,0,0,0
2025-10-09,Marketplace Feed,Home Essentials Promo Initiative,East Region Prospecting Cohort,18477671,Health Conscious Buyers Interest Segment,534609213932090705,Price Drop Cut Value Voice,552366212827275778,Brand Awareness,0.4944,690,0,1169,1,0,80,5,0,0,5,6,454,0,0,0,1,189,27.3913,0,0,0,0,0
2025-10-10,In-App Display,Smart Choice Impact Initiative,East Region Prospecting Cohort,18477671,Family Planners Interest Segment,160816362089030229,Offer Spotlight Value Voice,237614485843363769,Brand Awareness,45.5014,20367,0,27579,35,8,100,26,14,0,136,87,19274,0,0,0,5,1123,5.5138,0,0,0,0,0
2025-10-11,Marketplace Feed,Smart Choice Impact Initiative,East Region Prospecting Cohort,18477671,Bulk Buyers Retention Segment,112543485243332528,Offer Spotlight Value Voice,252505519243767839,Brand Awareness,70.0320,29210,0,24216,29,12,100,42,16,0,89,124,28569,0,0,0,12,2193,7.5077,0,0,0,0,0
2025-10-12,Connected TV,Smart Choice Impact Initiative,East Region Prospecting Cohort,18477671,Health Conscious Buyers Interest Segment,182723406752174546,Offer Spotlight Value Voice,423170338506808282,Brand Awareness,2.7217,2122,0,1233,5,4,14,5,3,0,9,9,1572,0,0,0,2,137,6.4562,0,0,0,0,0
2025-10-13,Influencer Network,Smart Choice Impact Initiative,East Region Prospecting Cohort,18477671,Health Conscious Buyers Interest Segment,573172726100372167,Offer Spotlight Bold Voice,122885112461996306,Brand Awareness,1.1668,688,0,783,0,0,0,0,0,0,0,0,0,0,0,0,0,0,0.0000,0,0,0,0,0
2025-10-14,Influencer Network,Smart Choice Impact Initiative,East Region Prospecting Cohort,18477671,Family Planners Interest Segment,534542628136685144,Offer Spotlight Bold Voice,116526341254524535,Brand Awareness,46.5562,34422,0,28129,13,0,0,0,0,0,0,0,0,0,0,0,0,5,0.0145,0,0,0,0,0
2025-10-15,In-App Display,Smart Choice Impact Initiative,East Region Prospecting Cohort,18477671,Health Conscious Buyers Interest Segment,131786783961333921,Offer Spotlight Value Voice,705205757413721577,Brand Awareness,1.0560,508,0,878,0,1,4,3,2,0,2,3,461,0,0,0,1,61,12.0079,0,0,0,0,0
2025-10-16,Video Network,Home Essentials Promo Initiative,East Region Prospecting Cohort,18477671,Bulk Buyers Retention Segment,162853071358804827,Price Drop Cut Value Voice,738937145322144556,Brand Awareness,54.7137,83144,0,118082,134,24,100,100,100,0,886,1034,73551,0,0,0,149,4802,5.7755,0,0,0,0,0
2025-10-17,Video Network,Home Essentials Promo Initiative,East Region Prospecting Cohort,18477671,Family Planners Interest Segment,311630515941383750,Price Drop Cut Value Voice,668883979484534905,Brand Awareness,67.2858,87160,0,124224,126,94,100,100,100,0,897,1050,60240,0,0,0,184,9425,10.8134,0,0,0,0,0
2025-10-18,Search Network,Smart Choice Impact Initiative,East Region Prospecting Cohort,18477671,Health Conscious Buyers Interest Segment,104742688502410437,Offer Spotlight Bold Voice,699445381393965161,Brand Awareness,0.3844,370,0,341,0,0,0,0,0,0,0,0,0,0,0,0,0,0,0.0000,0,0,0,0,0
2025-10-19,Display Network,Home Essentials Scale Initiative,Metro Region Loyalty Cohort,18477671,Family Planners Lookalike Segment,446016762288579880,Shelf Story Bold Voice,113800263724801222,Brand Awareness,0.0000,0,0,0,0,0,0,0,0,0,0,0,0,0,0,0,0,0,0.0000,0,0,0,0,0
2025-10-20,In-App Display,Home Essentials Scale Initiative,Metro Region Loyalty Cohort,18477671,Quick Refill Buyers Retention Segment,680094259900990869,Shelf Story Bold Voice,769886055999783877,Brand Awareness,0.0000,0,0,0,0,0,0,0,0,0,0,0,0,0,0,0,0,0,0.0000,0,0,0,0,0
2025-10-21,Discovery Network,Home Essentials Scale Initiative,Metro Region Loyalty Cohort,18477671,Health Conscious Buyers Interest Segment,159508469974487548,Shelf Story Bold Voice,113329620542890551,Brand Awareness,0.0000,0,0,0,0,0,0,0,0,0,0,0,0,0,0,0,0,0,0.0000,0,0,0,0,0
2025-10-22,Marketplace Feed,Market Fresh Demand Initiative,Metro Region Prospecting Cohort,18477671,Weekend Deal Hunters Interest Segment,161376797460090312,Product Reel Bold Voice,509760748397830743,Brand Awareness,29.7614,19299,0,22981,33,0,0,0,0,0,0,0,0,0,0,0,23,17,0.0881,0,0,0,0,0
2025-10-23,Shopping Grid,Home Essentials Promo Initiative,East Region Prospecting Cohort,18477671,Bulk Buyers Retention Segment,248674078184555859,Offer Spotlight Bold Voice,452112915739182326,Brand Awareness,70.4096,51784,0,55304,74,10,100,37,17,0,11,8,580,0,0,0,7,179,0.3457,0,0,0,0,0
2025-10-24,Display Network,Home Essentials Promo Initiative,East Region Prospecting Cohort,18477671,Family Planners Interest Segment,126757682204121107,Offer Spotlight Bold Voice,121926468845256924,Brand Awareness,56.8883,31287,0,35053,31,7,100,23,9,0,6,5,549,0,0,0,7,109,0.3484,0,0,0,0,0
2025-10-25,Display Network,Home Essentials Promo Initiative,East Region Prospecting Cohort,18477671,Health Conscious Buyers Interest Segment,159890011514394505,Offer Spotlight Bold Voice,142381176949482591,Brand Awareness,6.2481,3348,0,3133,6,0,9,1,0,0,0,0,48,0,0,0,1,10,0.2987,0,0,0,0,0
2025-10-26,Retail Media Network,Smart Choice Impact Initiative,East Region Prospecting Cohort,18477671,Bulk Buyers Retention Segment,727021043852924192,Shelf Story Warm Voice,133409347016678165,Brand Awareness,0.0000,0,0,0,0,0,0,0,0,0,0,0,0,0,0,0,0,0,0.0000,0,0,0,0,0
2025-10-27,Discovery Network,Home Essentials Promo Initiative,East Region Prospecting Cohort,18477671,Health Conscious Buyers Interest Segment,364535938237621249,Offer Spotlight Bold Voice,103276194285622030,Brand Awareness,1.0190,661,0,932,1,0,5,0,0,0,0,0,19,0,0,0,0,6,0.9077,0,0,0,0,0
2025-10-28,Affiliate Network,Smart Choice Impact Initiative,East Region Prospecting Cohort,18477671,Family Planners Interest Segment,373256667201293858,Shelf Story Warm Voice,883079818290164457,Brand Awareness,0.0000,0,0,0,0,0,0,0,0,0,0,0,0,0,0,0,0,0,0.0000,0,0,0,0,0
2025-10-29,Connected TV,Market Fresh Demand Initiative,Metro Region Prospecting Cohort,18477671,Health Conscious Buyers Interest Segment,111425641592502989,Product Reel Bold Voice,973295260612807555,Brand Awareness,44.2866,36816,0,33256,33,0,0,0,0,0,0,0,0,0,0,0,12,28,0.0761,0,0,0,0,0
2025-10-30,Retail Media Network,Smart Choice Impact Initiative,East Region Prospecting Cohort,18477671,Health Conscious Buyers Interest Segment,762486691540035959,Shelf Story Warm Voice,410836238484767847,Brand Awareness,0.1867,235,0,156,0,0,0,0,0,0,0,0,130,0,0,0,0,11,4.6809,0,0,0,0,0
2025-10-31,Display Network,Smart Choice Impact Initiative,East Region Prospecting Cohort,18477671,Family Planners Interest Segment,373256667201293858,Shelf Story Warm Voice,883079818290164457,Brand Awareness,52.6906,35517,0,43474,65,13,100,42,21,0,135,118,27508,0,0,0,5,2335,6.5743,0,0,0,0,0
2025-10-01,Connected TV,Smart Choice Impact Initiative,East Region Prospecting Cohort,18477671,Health Conscious Buyers Interest Segment,950593568547477339,Shelf Story Warm Voice,776672657555918232,Brand Awareness,2.7253,1878,0,1755,0,0,12,1,1,0,13,10,1439,0,0,0,0,115,6.1235,0,0,0,0,0
2025-10-02,In-App Display,Family Pantry Retention Initiative,East Region Conversion Cohort,18477671,Family Planners Interest Segment,118913640049972056,Shelf Story Warm Voice,118757879921027344,Brand Awareness,100.4908,77770,0,59132,202,0,0,0,0,0,0,0,0,0,0,0,42,73,0.0939,0,0,0,0,0
2025-10-03,In-App Display,Seasonal Select Demand Initiative,Metro Region Loyalty Cohort,18477671,Health Conscious Buyers Interest Segment,282702381896898873,Offer Spotlight Bold Voice,819625215333485369,Brand Awareness,0.0000,0,0,0,0,0,0,0,0,0,0,0,0,0,0,0,0,0,0.0000,0,0,0,0,0
2025-10-04,Video Network,Seasonal Select Demand Initiative,Metro Region Loyalty Cohort,18477671,Weekend Deal Hunters Interest Segment,139993609999854281,Offer Spotlight Bold Voice,114177678369764321,Brand Awareness,0.0000,0,0,0,0,0,0,0,0,0,0,0,0,0,0,0,0,0,0.0000,0,0,0,0,0
2025-10-05,Search Network,Family Pantry Retention Initiative,East Region Conversion Cohort,18477671,Weekend Deal Hunters Interest Segment,149582435915186674,Shelf Story Warm Voice,771766932430929551,Brand Awareness,17.4051,15438,0,14324,20,0,0,0,0,0,0,0,0,0,0,0,7,14,0.0907,0,0,0,0,0
2025-10-06,Discovery Network,Family Pantry Retention Initiative,East Region Conversion Cohort,18477671,Health Conscious Buyers Interest Segment,177146400897430092,Shelf Story Warm Voice,125010800506358682,Brand Awareness,86.3753,104003,0,61156,193,0,0,0,0,0,0,0,0,0,0,0,28,80,0.0769,0,0,0,0,0
2025-10-07,In-App Display,Market Fresh Demand Initiative,Metro Region Prospecting Cohort,18477671,Health Conscious Buyers Interest Segment,111425641592502989,Product Reel Bold Voice,973295260612807555,Brand Awareness,48.6979,20476,0,29983,37,0,0,0,0,0,0,0,0,0,0,0,8,14,0.0684,0,0,0,0,0
2025-10-08,Discovery Network,Home Essentials Promo Initiative,East Region Prospecting Cohort,18477671,Bulk Buyers Retention Segment,248674078184555859,Offer Spotlight Bold Voice,452112915739182326,Brand Awareness,65.3328,40242,0,56088,60,8,100,32,14,0,6,7,585,0,0,0,15,158,0.3926,0,0,0,0,0
2025-10-09,Connected TV,Home Essentials Promo Initiative,East Region Prospecting Cohort,18477671,Family Planners Interest Segment,126757682204121107,Offer Spotlight Bold Voice,121926468845256924,Brand Awareness,58.8107,27587,0,37066,34,4,100,28,7,0,5,4,465,0,0,0,9,153,0.5546,0,0,0,0,0
2025-10-10,Connected TV,Home Essentials Promo Initiative,East Region Prospecting Cohort,18477671,Health Conscious Buyers Interest Segment,159890011514394505,Offer Spotlight Bold Voice,142381176949482591,Brand Awareness,3.2042,2792,0,4382,6,1,10,2,1,0,1,1,42,0,0,0,1,12,0.4298,0,0,0,0,0
2025-10-11,Influencer Network,Home Essentials Promo Initiative,East Region Prospecting Cohort,18477671,Health Conscious Buyers Interest Segment,364535938237621249,Offer Spotlight Bold Voice,103276194285622030,Brand Awareness,0.6980,403,0,503,6,1,1,1,1,0,1,1,10,0,0,0,1,2,0.4963,0,0,0,0,0
2025-10-12,Social Feed,Smart Choice Impact Initiative,East Region Prospecting Cohort,18477671,Bulk Buyers Retention Segment,727021043852924192,Shelf Story Warm Voice,133409347016678165,Brand Awareness,40.3182,41723,0,31405,50,17,100,51,23,0,195,164,35709,0,0,0,5,2197,5.2657,0,0,0,0,0
2025-10-13,Discovery Network,Family Pantry Retention Initiative,Metro Region Loyalty Cohort,18477671,Weekend Deal Hunters Interest Segment,174176954196329732,Shelf Story Warm Voice,925460221944962698,Brand Awareness,0.0000,0,0,0,0,0,0,0,0,0,0,0,0,0,0,0,0,0,0.0000,0,0,0,0,0
2025-10-14,Affiliate Network,Market Fresh Demand Initiative,Metro Region Prospecting Cohort,18477671,Weekend Deal Hunters Interest Segment,161376797460090312,Product Reel Bold Voice,509760748397830743,Brand Awareness,19.9967,22803,0,17794,24,0,0,0,0,0,0,0,0,0,0,0,10,24,0.1052,0,0,0,0,0
2025-10-15,Shopping Grid,Home Essentials Scale Initiative,Metro Region Loyalty Cohort,18477671,Family Planners Lookalike Segment,446016762288579880,Shelf Story Bold Voice,113800263724801222,Brand Awareness,0.0000,0,0,0,0,0,0,0,0,0,0,0,0,0,0,0,0,0,0.0000,0,0,0,0,0
2025-10-16,Shopping Grid,Home Essentials Scale Initiative,Metro Region Loyalty Cohort,18477671,Weekend Deal Hunters Interest Segment,377247011822843168,Shelf Story Bold Voice,643135492237413482,Brand Awareness,0.0000,0,0,0,0,0,0,0,0,0,0,0,0,0,0,0,0,0,0.0000,0,0,0,0,0
2025-10-17,Social Feed,Home Essentials Scale Initiative,Metro Region Loyalty Cohort,18477671,Quick Refill Buyers Retention Segment,680094259900990869,Shelf Story Bold Voice,769886055999783877,Brand Awareness,0.0000,0,0,0,0,0,0,0,0,0,0,0,0,0,0,0,0,0,0.0000,0,0,0,0,0
2025-10-18,Social Feed,Home Essentials Scale Initiative,Metro Region Loyalty Cohort,18477671,Weekend Deal Hunters Interest Segment,377247011822843168,Shelf Story Bold Voice,643135492237413482,Brand Awareness,0.0000,0,0,0,0,0,0,0,0,0,0,0,0,0,0,0,0,0,0.0000,0,0,0,0,0
2025-10-19,Retail Media Network,Home Essentials Scale Initiative,Metro Region Loyalty Cohort,18477671,Quick Refill Buyers Retention Segment,680094259900990869,Shelf Story Bold Voice,769886055999783877,Brand Awareness,0.0000,0,0,0,0,0,0,0,0,0,0,0,0,0,0,0,0,0,0.0000,0,0,0,0,0
2025-10-20,Social Feed,Home Essentials Scale Initiative,Metro Region Loyalty Cohort,18477671,Health Conscious Buyers Interest Segment,159508469974487548,Shelf Story Bold Voice,113329620542890551,Brand Awareness,0.0000,0,0,0,0,0,0,0,0,0,0,0,0,0,0,0,0,0,0.0000,0,0,0,0,0
2025-10-21,Shopping Grid,Family Pantry Retention Initiative,Metro Region Loyalty Cohort,18477671,Weekend Deal Hunters Interest Segment,174176954196329732,Shelf Story Warm Voice,925460221944962698,Brand Awareness,0.0000,0,0,0,0,0,0,0,0,0,0,0,0,0,0,0,0,0,0.0000,0,0,0,0,0
2025-10-22,Shopping Grid,Market Fresh Demand Initiative,Metro Region Prospecting Cohort,18477671,Weekend Deal Hunters Interest Segment,161376797460090312,Product Reel Bold Voice,509760748397830743,Brand Awareness,13.3424,11404,0,7638,18,0,0,0,0,0,0,0,0,0,0,0,13,10,0.0877,0,0,0,0,0
2025-10-23,Influencer Network,Market Fresh Demand Initiative,Metro Region Prospecting Cohort,18477671,Health Conscious Buyers Interest Segment,111425641592502989,Product Reel Bold Voice,973295260612807555,Brand Awareness,40.7122,71948,0,60726,189,0,0,0,0,0,0,0,0,0,0,0,114,83,0.1154,0,0,0,0,0
2025-10-24,Retail Media Network,Home Essentials Promo Initiative,East Region Prospecting Cohort,18477671,Bulk Buyers Retention Segment,248674078184555859,Offer Spotlight Bold Voice,452112915739182326,Brand Awareness,52.8767,69919,0,74522,55,16,100,57,18,0,18,11,732,0,0,0,10,338,0.4834,0,0,0,0,0
2025-10-25,Shopping Grid,Home Essentials Promo Initiative,East Region Prospecting Cohort,18477671,Family Planners Interest Segment,126757682204121107,Offer Spotlight Bold Voice,121926468845256924,Brand Awareness,56.7655,53084,0,47315,35,26,100,93,39,0,39,24,1200,0,0,0,17,456,0.8590,0,0,0,0,0
2025-10-26,Display Network,Home Essentials Promo Initiative,East Region Prospecting Cohort,18477671,Health Conscious Buyers Interest Segment,159890011514394505,Offer Spotlight Bold Voice,142381176949482591,Brand Awareness,2.9711,3210,0,2148,5,0,6,1,0,0,0,0,24,0,0,0,1,10,0.3115,0,0,0,0,0
2025-10-27,Retail Media Network,Smart Choice Impact Initiative,East Region Prospecting Cohort,18477671,Bulk Buyers Retention Segment,727021043852924192,Shelf Story Warm Voice,133409347016678165,Brand Awareness,35.0234,24166,0,47924,48,15,100,41,15,0,117,117,28126,0,0,0,10,1432,5.9257,0,0,0,0,0
2025-10-28,Shopping Grid,Smart Choice Impact Initiative,East Region Prospecting Cohort,18477671,Health Conscious Buyers Interest Segment,762486691540035959,Shelf Story Warm Voice,410836238484767847,Brand Awareness,0.1990,171,0,180,0,0,0,0,0,0,0,0,136,0,0,0,0,8,4.6784,0,0,0,0,0
2025-10-29,Marketplace Feed,Smart Choice Impact Initiative,East Region Prospecting Cohort,18477671,Family Planners Interest Segment,373256667201293858,Shelf Story Warm Voice,883079818290164457,Brand Awareness,51.5988,48541,0,68643,98,30,100,68,41,0,315,194,49027,0,0,0,7,4193,8.6381,0,0,0,0,0
2025-10-30,Influencer Network,Smart Choice Impact Initiative,East Region Prospecting Cohort,18477671,Health Conscious Buyers Interest Segment,950593568547477339,Shelf Story Warm Voice,776672657555918232,Brand Awareness,2.3303,1722,0,1459,2,1,12,4,1,0,9,9,1400,0,0,0,1,141,8.1882,0,0,0,0,0
2025-10-31,Affiliate Network,Seasonal Select Demand Initiative,Metro Region Loyalty Cohort,18477671,Quick Refill Buyers Retention Segment,185265442205907450,Offer Spotlight Bold Voice,966012141165852674,Brand Awareness,1.8116,190,0,62,0,100,100,100,100,0,104,97,148,0,0,0,0,182,95.7895,0,0,0,0,0
2025-10-01,Social Feed,Home Essentials Promo Initiative,East Region Prospecting Cohort,18477671,Health Conscious Buyers Interest Segment,364535938237621249,Offer Spotlight Bold Voice,103276194285622030,Brand Awareness,0.6010,526,0,627,3,1,3,2,1,0,1,1,12,0,0,0,1,5,0.9506,0,0,0,0,0
2025-10-02,Social Feed,Seasonal Select Demand Initiative,Metro Region Loyalty Cohort,18477671,Health Conscious Buyers Interest Segment,282702381896898873,Offer Spotlight Bold Voice,819625215333485369,Brand Awareness,82.3544,5850,0,1706,4,100,100,100,100,0,7898,4600,5820,0,0,0,3,4863,83.1282,0,0,0,0,0
2025-10-03,Video Network,Seasonal Select Demand Initiative,Metro Region Loyalty Cohort,18477671,Weekend Deal Hunters Interest Segment,139993609999854281,Offer Spotlight Bold Voice,114177678369764321,Brand Awareness,73.1653,7681,0,2776,6,100,100,100,100,0,8768,6327,6407,0,0,0,5,7671,99.8698,0,0,0,0,0
2025-10-04,Search Network,Family Pantry Retention Initiative,East Region Conversion Cohort,18477671,Weekend Deal Hunters Interest Segment,149582435915186674,Shelf Story Warm Voice,771766932430929551,Brand Awareness,18.3300,9899,0,12836,39,0,0,0,0,0,0,0,0,0,0,0,8,10,0.1010,0,0,0,0,0
2025-10-05,Marketplace Feed,Family Pantry Retention Initiative,East Region Conversion Cohort,18477671,Family Planners Interest Segment,118913640049972056,Shelf Story Warm Voice,118757879921027344,Brand Awareness,80.7895,87974,0,115302,121,0,0,0,0,0,0,0,0,1,0,0,58,97,0.1103,0,0,0,0,0
2025-10-06,Retail Media Network,Family Pantry Retention Initiative,East Region Conversion Cohort,18477671,Health Conscious Buyers Interest Segment,177146400897430092,Shelf Story Warm Voice,125010800506358682,Brand Awareness,94.5875,71758,0,56217,128,0,0,0,0,0,0,0,0,0,1,0,60,87,0.1212,0,0,0,0,0
2025-10-07,Discovery Network,Family Pantry Retention Initiative,Metro Region Loyalty Cohort,18477671,Family Planners Lookalike Segment,131110122694256392,Shelf Story Warm Voice,585790054530420953,Brand Awareness,0.0000,0,0,0,0,0,0,0,0,0,0,0,0,0,0,0,0,0,0.0000,0,0,0,0,0
2025-10-08,Retail Media Network,Family Pantry Retention Initiative,Metro Region Loyalty Cohort,18477671,Weekend Deal Hunters Interest Segment,174176954196329732,Shelf Story Warm Voice,925460221944962698,Brand Awareness,0.0000,0,0,0,0,0,0,0,0,0,0,0,0,0,0,0,0,0,0.0000,0,0,0,0,0
2025-10-09,Marketplace Feed,Family Pantry Retention Initiative,Metro Region Loyalty Cohort,18477671,Family Planners Lookalike Segment,131110122694256392,Shelf Story Warm Voice,585790054530420953,Brand Awareness,0.0000,0,0,0,0,0,0,0,0,0,0,0,0,0,0,0,0,0,0.0000,0,0,0,0,0
2025-10-10,In-App Display,Family Pantry Retention Initiative,East Region Conversion Cohort,18477671,Weekend Deal Hunters Interest Segment,149582435915186674,Shelf Story Warm Voice,771766932430929551,Brand Awareness,14.5263,9279,0,15586,36,0,0,0,0,0,0,0,0,0,0,0,11,25,0.2694,0,0,0,0,0
2025-10-11,Influencer Network,Family Pantry Retention Initiative,East Region Conversion Cohort,18477671,Health Conscious Buyers Interest Segment,177146400897430092,Shelf Story Warm Voice,125010800506358682,Brand Awareness,148.4658,127820,0,153858,356,0,0,0,0,0,0,0,0,0,0,0,120,171,0.1338,0,0,0,0,0
2025-10-12,Affiliate Network,Seasonal Select Demand Initiative,Metro Region Loyalty Cohort,18477671,Quick Refill Buyers Retention Segment,185265442205907450,Offer Spotlight Bold Voice,966012141165852674,Brand Awareness,6.8845,347,0,84,0,100,100,100,100,0,245,328,440,0,0,0,0,378,108.9337,0,0,0,0,0
2025-10-13,Affiliate Network,Seasonal Select Demand Initiative,Metro Region Loyalty Cohort,18477671,Health Conscious Buyers Interest Segment,282702381896898873,Offer Spotlight Bold Voice,819625215333485369,Brand Awareness,105.1760,5289,0,2565,3,100,100,100,100,0,7082,5049,6189,0,0,0,4,6605,124.8818,0,0,0,0,0
2025-10-14,Display Network,Seasonal Select Demand Initiative,Metro Region Loyalty Cohort,18477671,Weekend Deal Hunters Interest Segment,139993609999854281,Offer Spotlight Bold Voice,114177678369764321,Brand Awareness,91.5177,8977,0,3756,5,100,100,100,100,0,6727,6018,7850,0,0,0,5,8616,95.9786,0,0,0,0,0
2025-10-15,Marketplace Feed,Smart Choice Impact Initiative,East Region Prospecting Cohort,18477671,Health Conscious Buyers Interest Segment,950593568547477339,Shelf Story Warm Voice,776672657555918232,Brand Awareness,1.9663,1972,0,1829,1,0,9,3,1,0,4,5,1301,0,0,0,0,116,5.8824,0,0,0,0,0
2025-10-16,Marketplace Feed,Home Essentials Scale Initiative,Metro Region Loyalty Cohort,18477671,Family Planners Lookalike Segment,446016762288579880,Shelf Story Bold Voice,113800263724801222,Brand Awareness,0.0000,0,0,0,0,0,0,0,0,0,0,0,0,0,0,0,0,0,0.0000,0,0,0,0,0
2025-10-17,Social Feed,Home Essentials Scale Initiative,Metro Region Loyalty Cohort,18477671,Quick Refill Buyers Retention Segment,680094259900990869,Shelf Story Bold Voice,769886055999783877,Brand Awareness,0.0000,0,0,0,0,0,0,0,0,0,0,0,0,0,0,0,0,0,0.0000,0,0,0,0,0
2025-10-18,Video Network,Home Essentials Scale Initiative,Metro Region Loyalty Cohort,18477671,Health Conscious Buyers Interest Segment,159508469974487548,Shelf Story Bold Voice,113329620542890551,Brand Awareness,0.0000,0,0,0,0,0,0,0,0,0,0,0,0,0,0,0,0,0,0.0000,0,0,0,0,0
2025-10-19,Retail Media Network,Market Fresh Demand Initiative,Metro Region Prospecting Cohort,18477671,Weekend Deal Hunters Interest Segment,161376797460090312,Product Reel Bold Voice,509760748397830743,Brand Awareness,17.3201,16518,0,15088,45,0,0,0,0,0,0,0,0,0,0,0,5,15,0.0908,0,0,0,0,0
2025-10-20,Retail Media Network,Home Essentials Promo Initiative,East Region Prospecting Cohort,18477671,Bulk Buyers Retention Segment,248674078184555859,Offer Spotlight Bold Voice,452112915739182326,Brand Awareness,91.2576,45252,0,47268,61,4,44,14,7,0,5,3,340,0,0,0,11,90,0.1989,0,0,0,0,0
2025-10-21,Influencer Network,Home Essentials Promo Initiative,East Region Prospecting Cohort,18477671,Family Planners Interest Segment,126757682204121107,Offer Spotlight Bold Voice,121926468845256924,Brand Awareness,48.7020,32951,0,41804,59,24,100,85,33,0,22,21,1298,0,0,0,11,529,1.6054,0,0,0,0,0
2025-10-22,Display Network,Home Essentials Promo Initiative,East Region Prospecting Cohort,18477671,Health Conscious Buyers Interest Segment,159890011514394505,Offer Spotlight Bold Voice,142381176949482591,Brand Awareness,3.5360,2840,0,3593,7,1,2,1,1,0,1,1,17,0,0,0,0,5,0.1761,0,0,0,0,0
2025-10-23,Video Network,Smart Choice Impact Initiative,East Region Prospecting Cohort,18477671,Bulk Buyers Retention Segment,727021043852924192,Shelf Story Warm Voice,133409347016678165,Brand Awareness,52.2666,46880,0,27288,48,18,100,51,21,0,165,123,32942,0,0,0,9,1755,3.7436,0,0,0,0,0
2025-10-24,Connected TV,Home Essentials Promo Initiative,East Region Prospecting Cohort,18477671,Health Conscious Buyers Interest Segment,364535938237621249,Offer Spotlight Bold Voice,103276194285622030,Brand Awareness,0.5595,430,0,350,0,1,5,1,1,0,1,1,11,0,0,0,0,4,0.9302,0,0,0,0,0
2025-10-25,Affiliate Network,Smart Choice Impact Initiative,East Region Prospecting Cohort,18477671,Health Conscious Buyers Interest Segment,762486691540035959,Shelf Story Warm Voice,410836238484767847,Brand Awareness,0.2391,199,0,150,1,0,0,0,0,0,0,0,150,0,0,0,0,13,6.5327,0,0,0,0,0
2025-10-26,Social Feed,Smart Choice Impact Initiative,East Region Prospecting Cohort,18477671,Family Planners Interest Segment,373256667201293858,Shelf Story Warm Voice,883079818290164457,Brand Awareness,74.0317,61619,0,53417,78,24,100,65,45,0,179,202,42877,0,0,0,13,2200,3.5703,0,0,0,0,0
2025-10-27,Shopping Grid,Home Essentials Scale Initiative,Metro Region Loyalty Cohort,18477671,Weekend Deal Hunters Interest Segment,377247011822843168,Shelf Story Bold Voice,643135492237413482,Brand Awareness,0.0000,0,0,0,0,0,0,0,0,0,0,0,0,0,0,0,0,0,0.0000,0,0,0,0,0
2025-10-28,Search Network,Market Fresh Demand Initiative,Metro Region Prospecting Cohort,18477671,Health Conscious Buyers Interest Segment,111425641592502989,Product Reel Bold Voice,973295260612807555,Brand Awareness,52.2570,48445,0,66133,64,0,0,0,0,0,0,0,0,0,0,0,31,33,0.0681,0,0,0,0,0
2025-10-29,Social Feed,Family Pantry Retention Initiative,East Region Conversion Cohort,18477671,Family Planners Interest Segment,118913640049972056,Shelf Story Warm Voice,118757879921027344,Brand Awareness,93.3694,86422,0,97930,157,0,0,0,0,0,0,0,0,0,0,0,66,79,0.0914,0,0,0,0,0
2025-10-30,Display Network,Home Essentials Scale Initiative,Metro Region Loyalty Cohort,18477671,Family Planners Lookalike Segment,446016762288579880,Shelf Story Bold Voice,113800263724801222,Brand Awareness,0.0000,0,0,0,0,0,0,0,0,0,0,0,0,0,0,0,0,0,0.0000,0,0,0,0,0
2025-10-31,Social Feed,Home Essentials Scale Initiative,Metro Region Loyalty Cohort,18477671,Quick Refill Buyers Retention Segment,680094259900990869,Shelf Story Bold Voice,769886055999783877,Brand Awareness,0.0000,0,0,0,0,0,0,0,0,0,0,0,0,0,0,0,0,0,0.0000,0,0,0,0,0
2025-10-01,Affiliate Network,Home Essentials Scale Initiative,Metro Region Loyalty Cohort,18477671,Health Conscious Buyers Interest Segment,159508469974487548,Shelf Story Bold Voice,113329620542890551,Brand Awareness,0.0000,0,0,0,0,0,0,0,0,0,0,0,0,0,0,0,0,0,0.0000,0,0,0,0,0
2025-10-02,Marketplace Feed,Market Fresh Demand Initiative,Metro Region Prospecting Cohort,18477671,Weekend Deal Hunters Interest Segment,161376797460090312,Product Reel Bold Voice,509760748397830743,Brand Awareness,27.6494,25748,0,14801,44,0,0,0,0,0,0,0,0,0,0,0,25,38,0.1476,0,0,0,0,0
2025-10-03,Search Network,Home Essentials Promo Initiative,East Region Prospecting Cohort,18477671,Bulk Buyers Retention Segment,248674078184555859,Offer Spotlight Bold Voice,452112915739182326,Brand Awareness,64.9953,45335,0,42960,59,4,33,11,7,0,3,3,305,0,0,0,6,71,0.1566,0,0,0,0,0
2025-10-04,Marketplace Feed,Home Essentials Promo Initiative,East Region Prospecting Cohort,18477671,Family Planners Interest Segment,126757682204121107,Offer Spotlight Bold Voice,121926468845256924,Brand Awareness,78.2986,43809,0,64452,56,35,100,100,46,0,25,30,1593,0,0,0,15,385,0.8788,0,0,0,0,0
2025-10-05,Retail Media Network,Home Essentials Promo Initiative,East Region Prospecting Cohort,18477671,Health Conscious Buyers Interest Segment,159890011514394505,Offer Spotlight Bold Voice,142381176949482591,Brand Awareness,3.6262,3859,0,2689,15,1,9,3,2,0,3,2,26,0,0,0,5,8,0.2073,0,0,0,0,0
2025-10-06,Search Network,Smart Choice Impact Initiative,East Region Prospecting Cohort,18477671,Bulk Buyers Retention Segment,727021043852924192,Shelf Story Warm Voice,133409347016678165,Brand Awareness,73.3516,68816,0,46109,98,29,100,77,45,0,284,182,46454,0,0,0,13,1960,2.8482,0,0,0,0,0
2025-10-07,Display Network,Smart Choice Impact Initiative,East Region Prospecting Cohort,18477671,Health Conscious Buyers Interest Segment,762486691540035959,Shelf Story Warm Voice,410836238484767847,Brand Awareness,0.2186,120,0,79,0,0,0,0,0,0,0,0,95,0,0,0,0,8,6.6667,0,0,0,0,0
2025-10-08,Social Feed,Smart Choice Impact Initiative,East Region Prospecting Cohort,18477671,Family Planners Interest Segment,373256667201293858,Shelf Story Warm Voice,883079818290164457,Brand Awareness,57.3402,46119,0,38303,66,31,100,57,40,0,263,184,37326,0,0,0,10,2237,4.8505,0,0,0,0,0
2025-10-09,Marketplace Feed,Smart Choice Impact Initiative,East Region Prospecting Cohort,18477671,Health Conscious Buyers Interest Segment,950593568547477339,Shelf Story Warm Voice,776672657555918232,Brand Awareness,0.9866,886,0,862,1,0,4,2,1,0,4,3,595,0,0,0,0,42,4.7404,0,0,0,0,0
2025-10-10,Influencer Network,Family Pantry Retention Initiative,East Region Conversion Cohort,18477671,Family Planners Interest Segment,118913640049972056,Shelf Story Warm Voice,118757879921027344,Brand Awareness,63.1991,79048,0,54410,138,0,0,0,0,0,0,0,0,0,0,0,68,69,0.0873,0,0,0,0,0
2025-10-11,Affiliate Network,Family Pantry Retention Initiative,East Region Conversion Cohort,18477671,Health Conscious Buyers Interest Segment,177146400897430092,Shelf Story Warm Voice,125010800506358682,Brand Awareness,103.8972,70788,0,121044,295,0,0,0,0,0,0,0,0,0,0,0,86,126,0.1780,0,0,0,0,0
2025-10-12,Video Network,Seasonal Select Demand Initiative,Metro Region Loyalty Cohort,18477671,Quick Refill Buyers Retention Segment,185265442205907450,Offer Spotlight Bold Voice,966012141165852674,Brand Awareness,19.3058,1195,0,190,2,100,100,100,100,0,1000,776,897,0,0,0,1,1019,85.2720,0,0,0,0,0
2025-10-13,Shopping Grid,Market Fresh Demand Initiative,Metro Region Prospecting Cohort,18477671,Health Conscious Buyers Interest Segment,111425641592502989,Product Reel Bold Voice,973295260612807555,Brand Awareness,32.3829,37185,0,43884,99,0,0,0,0,0,0,0,0,0,0,0,45,43,0.1156,0,0,0,0,0
2025-10-14,Connected TV,Home Essentials Promo Initiative,East Region Prospecting Cohort,18477671,Health Conscious Buyers Interest Segment,364535938237621249,Offer Spotlight Bold Voice,103276194285622030,Brand Awareness,0.5828,241,0,268,0,0,1,0,0,0,0,0,12,0,0,0,0,1,0.4149,0,0,0,0,0
2025-10-15,Affiliate Network,Family Pantry Retention Initiative,East Region Conversion Cohort,18477671,Weekend Deal Hunters Interest Segment,149582435915186674,Shelf Story Warm Voice,771766932430929551,Brand Awareness,26.0487,23308,0,19229,46,0,0,0,0,0,0,0,0,0,0,0,49,31,0.1330,0,0,0,0,0
2025-10-16,Influencer Network,Seasonal Select Demand Initiative,Metro Region Loyalty Cohort,18477671,Health Conscious Buyers Interest Segment,282702381896898873,Offer Spotlight Bold Voice,819625215333485369,Brand Awareness,89.0822,4465,0,2770,12,100,100,100,100,0,5808,4788,5529,0,0,0,9,3246,72.6988,0,0,0,0,0
2025-10-17,Display Network,Family Pantry Retention Initiative,Metro Region Loyalty Cohort,18477671,Quick Refill Buyers Retention Segment,513232078006145092,Shelf Story Warm Voice,133729297815049595,Brand Awareness,0.0000,0,0,0,0,0,0,0,0,0,0,0,0,0,0,0,0,0,0.0000,0,0,0,0,0
2025-10-18,Connected TV,Family Pantry Retention Initiative,Metro Region Loyalty Cohort,18477671,Family Planners Lookalike Segment,131110122694256392,Shelf Story Warm Voice,585790054530420953,Brand Awareness,0.0000,0,0,0,0,0,0,0,0,0,0,0,0,0,0,0,0,0,0.0000,0,0,0,0,0
2025-10-19,Search Network,Home Essentials Scale Initiative,Metro Region Loyalty Cohort,18477671,Weekend Deal Hunters Interest Segment,377247011822843168,Shelf Story Bold Voice,643135492237413482,Brand Awareness,0.0000,0,0,0,0,0,0,0,0,0,0,0,0,0,0,0,0,0,0.0000,0,0,0,0,0
2025-10-20,Retail Media Network,Seasonal Select Demand Initiative,Metro Region Loyalty Cohort,18477671,Weekend Deal Hunters Interest Segment,139993609999854281,Offer Spotlight Bold Voice,114177678369764321,Brand Awareness,142.7455,9992,0,3288,12,100,100,100,100,0,9154,6865,7576,0,0,0,15,9442,94.4956,0,0,0,0,0
2025-10-21,Affiliate Network,Family Pantry Retention Initiative,Metro Region Loyalty Cohort,15908997,Family Planners Lookalike Segment,1002710949555221,Shelf Story Warm Voice,5797898098365146,Brand Awareness,0.0000,0,0,0,0,0,0,0,0,0,0,0,0,0,0,0,0,0,0.0000,0,0,0,0,0
2025-10-22,Display Network,Weekend Saver Retention Initiative,Metro Region Loyalty Cohort,15908997,Health Conscious Buyers Retention Segment,4136110625615180,Offer Spotlight Bold Voice,3833443174798849,Brand Awareness,0.0000,0,0,0,0,0,0,0,0,0,0,0,0,0,0,0,0,0,0.0000,0,0,0,0,0
2025-10-23,Affiliate Network,Family Pantry Retention Initiative,Metro Region Loyalty Cohort,15908997,Health Conscious Buyers Retention Segment,4976789753470273,Shelf Story Warm Voice,4041974945367907,Brand Awareness,0.0000,0,0,0,0,0,0,0,0,0,0,0,0,0,0,0,0,0,0.0000,0,0,0,0,0
2025-10-24,Video Network,Weekend Saver Retention Initiative,Metro Region Loyalty Cohort,15908997,Health Conscious Buyers Interest Segment,1334393532567969,Price Drop Cut Value Voice,2051943278335934,Brand Awareness,0.0000,0,0,0,0,0,0,0,0,0,0,0,0,0,0,0,0,0,0.0000,0,0,0,0,0
2025-10-25,Video Network,Family Pantry Retention Initiative,Metro Region Conversion Cohort,38881639,Family Planners Lookalike Segment,1010331617086390,Shelf Story Warm Voice,1022962676348579,Brand Awareness,0.0000,0,0,0,0,0,0,0,0,0,0,0,0,0,0,0,0,0,0.0000,0,0,0,0,0
2025-10-26,Affiliate Network,Seasonal Select Promo Initiative,Metro Region Loyalty Cohort,15908997,Family Planners Lookalike Segment,1718074286658736,Offer Spotlight Bold Voice,1638167476571035,Brand Awareness,80.3785,19619,0,18963,22,78,100,100,100,241,278,0,0,0,0,198,0,167,0.8512,0,2,0,18818,0
2025-10-27,Shopping Grid,Seasonal Select Promo Initiative,Metro Region Loyalty Cohort,15908997,Health Conscious Buyers Retention Segment,3613956286158588,Shelf Story Bold Voice,1755467445485119,Brand Awareness,89.5817,27477,0,23609,64,100,100,100,100,466,350,0,0,0,0,32,0,100,0.3639,0,6,0,28249,0
2025-10-28,Retail Media Network,Weekend Saver Retention Initiative,Metro Region Loyalty Cohort,15908997,Health Conscious Buyers Interest Segment,1334393532567969,Shelf Story Warm Voice,2520693897922300,Brand Awareness,0.0000,0,0,0,0,0,0,0,0,0,0,0,0,0,0,0,0,0,0.0000,0,0,0,0,0
2025-10-29,Influencer Network,Seasonal Select Promo Initiative,Metro Region Loyalty Cohort,15908997,Health Conscious Buyers Interest Segment,1532426936569806,Shelf Story Warm Voice,9953353036347574,Brand Awareness,189.8765,45989,0,32343,143,100,100,100,100,1181,1081,0,0,0,0,200,0,304,0.6610,1,3,0,33527,0
2025-10-30,Discovery Network,Family Pantry Retention Initiative,Metro Region Loyalty Cohort,15908997,Health Conscious Buyers Retention Segment,4976789753470273,Shelf Story Warm Voice,5506678816268127,Brand Awareness,0.0000,0,0,0,0,0,0,0,0,0,0,0,0,0,0,0,0,0,0.0000,0,0,0,0,0
2025-10-31,Influencer Network,Weekend Saver Retention Initiative,Metro Region Loyalty Cohort,15908997,Family Planners Lookalike Segment,7248228093339312,Price Drop Cut Value Voice,9781212069592701,Brand Awareness,0.0000,0,0,0,0,0,0,0,0,0,0,0,0,0,0,0,0,0,0.0000,0,0,0,0,0
2025-10-01,Influencer Network,Family Pantry Retention Initiative,Metro Region Loyalty Cohort,15908997,Health Conscious Buyers Interest Segment,1474840462607869,Shelf Story Warm Voice,5682500646683685,Brand Awareness,0.0000,0,0,0,0,0,0,0,0,0,0,0,0,0,0,0,0,0,0.0000,0,0,0,0,0
2025-10-02,Discovery Network,Seasonal Select Promo Initiative,Metro Region Loyalty Cohort,15908997,Health Conscious Buyers Retention Segment,3613956286158588,Promo Banner Warm Voice,3456261421148856,Brand Awareness,121.1658,20884,0,33994,102,100,100,100,100,940,830,0,0,0,0,91,0,143,0.6847,0,2,0,19331,0
2025-10-03,Video Network,Family Pantry Retention Initiative,Metro Region Loyalty Cohort,15908997,Family Planners Lookalike Segment,1665761135741679,Shelf Story Warm Voice,2793262031628184,Brand Awareness,0.0000,0,0,0,0,0,0,0,0,0,0,0,0,0,0,0,0,0,0.0000,0,0,0,0,0
2025-10-04,Influencer Network,Family Pantry Retention Initiative,Metro Region Conversion Cohort,15908997,Bulk Buyers Retention Segment,1412316301536073,Offer Spotlight Friendly Voice,9097155454198752,Catalog Engagement,0.0000,0,0,0,0,0,0,0,0,0,0,0,0,0,0,0,0,0,0.0000,0,0,0,0,0
2025-10-05,Connected TV,Family Pantry Retention Initiative,Metro Region Conversion Cohort,44948390,Health Conscious Buyers Retention Segment,1425500821334288,Product Reel Bold Voice,2476416610568674,Catalog Engagement,0.0000,0,0,0,0,0,0,0,0,0,0,0,0,0,0,0,0,0,0.0000,0,0,0,0,0
2025-10-06,Video Network,Family Pantry Retention Initiative,Metro Region Loyalty Cohort,15908997,Health Conscious Buyers Retention Segment,1669733702699813,Shelf Story Warm Voice,2604915282803870,Brand Awareness,0.0000,0,0,0,0,0,0,0,0,0,0,0,0,0,0,0,0,0,0.0000,0,0,0,0,0
2025-10-07,Connected TV,Family Pantry Retention Initiative,Metro Region Loyalty Cohort,15908997,Family Planners Lookalike Segment,1665761135741679,Promo Banner Friendly Voice,1647756988327695,Brand Awareness,0.0000,0,0,0,0,0,0,0,0,0,0,0,0,0,0,0,0,0,0.0000,0,0,0,0,0
2025-10-08,Affiliate Network,Weekend Saver Retention Initiative,Metro Region Loyalty Cohort,15908997,Health Conscious Buyers Interest Segment,1334393532567969,Shelf Story Bold Voice,8314765461987923,Brand Awareness,0.0000,0,0,0,0,0,0,0,0,0,0,0,0,0,0,0,0,0,0.0000,0,0,0,0,0
2025-10-09,Video Network,Weekend Saver Retention Initiative,Metro Region Loyalty Cohort,15908997,Health Conscious Buyers Interest Segment,1334393532567969,Offer Spotlight Bold Voice,3220054077294586,Brand Awareness,0.0000,0,0,0,0,0,0,0,0,0,0,0,0,0,0,0,0,0,0.0000,0,0,0,0,0
2025-10-10,Search Network,Seasonal Select Promo Initiative,Metro Region Loyalty Cohort,15908997,Family Planners Lookalike Segment,1718074286658736,Shelf Story Warm Voice,1533493773187614,Brand Awareness,172.1802,34188,0,19975,105,100,100,100,100,534,657,0,0,1,0,234,0,374,1.0940,3,3,0,31279,0
2025-10-11,Affiliate Network,Seasonal Select Promo Initiative,Metro Region Loyalty Cohort,15908997,Family Planners Lookalike Segment,1718074286658736,Shelf Story Warm Voice,1532291780998103,Brand Awareness,185.7006,38913,0,30916,69,100,100,100,100,891,741,0,0,2,0,421,0,283,0.7273,0,1,0,16463,0
2025-10-12,Discovery Network,Seasonal Select Promo Initiative,Metro Region Loyalty Cohort,15908997,Health Conscious Buyers Retention Segment,3613956286158588,Offer Spotlight Bold Voice,4607696881668990,Brand Awareness,60.8494,12868,0,10655,21,92,100,100,100,188,154,0,0,0,0,16,0,73,0.5673,0,2,0,12939,0
2025-10-13,Shopping Grid,Weekend Saver Retention Initiative,Metro Region Loyalty Cohort,15908997,Family Planners Lookalike Segment,7248228093339312,Shelf Story Bold Voice,3411200546175283,Brand Awareness,0.0000,0,0,0,0,0,0,0,0,0,0,0,0,0,0,0,0,0,0.0000,0,0,0,0,0
2025-10-14,Display Network,Family Pantry Retention Initiative,Metro Region Loyalty Cohort,15908997,Family Planners Lookalike Segment,1665761135741679,Shelf Story Warm Voice,2902136042807068,Brand Awareness,0.0000,0,0,0,0,0,0,0,0,0,0,0,0,0,0,0,0,0,0.0000,0,0,0,0,0
2025-10-15,Discovery Network,Family Pantry Retention Initiative,Metro Region Loyalty Cohort,15908997,Health Conscious Buyers Retention Segment,1669733702699813,Promo Banner Friendly Voice,4647140982681565,Brand Awareness,0.0000,0,0,0,0,0,0,0,0,0,0,0,0,0,0,0,0,0,0.0000,0,0,0,0,0
2025-10-16,Retail Media Network,Home Essentials Scale Initiative,Metro Region Prospecting Cohort,86057605,Family Planners Interest Segment,2052479131570920,Shelf Story Warm Voice,1453411941100364,Brand Awareness,0.0000,0,0,0,0,0,0,0,0,0,0,0,0,0,0,0,0,0,0.0000,0,0,0,0,0
2025-10-17,Retail Media Network,Family Pantry Retention Initiative,Metro Region Conversion Cohort,15908997,Weekend Deal Hunters Interest Segment,6202516839870495,Shelf Story Value Voice,1077582730962642,Catalog Engagement,0.0000,0,0,0,0,0,0,0,0,0,0,0,0,0,0,0,0,0,0.0000,0,0,0,0,0
2025-10-18,Marketplace Feed,Home Essentials Scale Initiative,Metro Region Prospecting Cohort,86057605,Family Planners Interest Segment,2052479131570920,Product Reel Warm Voice,1464656530089556,Brand Awareness,0.0000,0,0,0,0,0,0,0,0,0,0,0,0,0,0,0,0,0,0.0000,0,0,0,0,0
2025-10-19,Search Network,Seasonal Select Promo Initiative,Metro Region Loyalty Cohort,15908997,Family Planners Lookalike Segment,1718074286658736,Promo Banner Warm Voice,1089449421739833,Brand Awareness,243.4791,35277,0,65095,209,100,100,100,100,1677,1750,0,0,0,0,1040,0,653,1.8511,1,8,0,49605,0
2025-10-20,Video Network,Seasonal Select Promo Initiative,Metro Region Loyalty Cohort,15908997,Health Conscious Buyers Retention Segment,3613956286158588,Shelf Story Warm Voice,9626373394400677,Brand Awareness,71.2187,14619,0,17101,43,100,100,100,100,331,232,0,0,0,0,16,0,46,0.3147,0,2,0,12266,0
2025-10-21,Video Network,Family Pantry Retention Initiative,Metro Region Loyalty Cohort,15908997,Family Planners Lookalike Segment,1665761135741679,Shelf Story Warm Voice,2616618213121749,Brand Awareness,0.0000,0,0,0,0,0,0,0,0,0,0,0,0,0,0,0,0,0,0.0000,0,0,0,0,0
2025-10-22,Marketplace Feed,Family Pantry Retention Initiative,Metro Region Loyalty Cohort,15908997,Health Conscious Buyers Interest Segment,9013382232369046,Shelf Story Value Voice,1103993184708534,Brand Awareness,0.0000,0,0,0,0,0,0,0,0,0,0,0,0,0,0,0,0,0,0.0000,0,0,0,0,0
2025-10-23,Video Network,Seasonal Select Promo Initiative,Metro Region Loyalty Cohort,15908997,Health Conscious Buyers Interest Segment,1532426936569806,Shelf Story Warm Voice,7193200529405455,Brand Awareness,102.1104,19665,0,29021,68,100,100,100,100,393,444,0,0,0,0,46,0,163,0.8289,1,2,0,23595,0
2025-10-24,Discovery Network,Family Pantry Retention Initiative,Metro Region Loyalty Cohort,15908997,Health Conscious Buyers Retention Segment,1669733702699813,Shelf Story Warm Voice,1837904232519606,Brand Awareness,0.0000,0,0,0,0,0,0,0,0,0,0,0,0,0,0,0,0,0,0.0000,0,0,0,0,0
2025-10-25,Social Feed,Family Pantry Retention Initiative,Metro Region Loyalty Cohort,15908997,Health Conscious Buyers Interest Segment,1474840462607869,Offer Spotlight Bold Voice,3530423296641236,Brand Awareness,0.0000,0,0,0,0,0,0,0,0,0,0,0,0,0,0,0,0,0,0.0000,0,0,0,0,0
2025-10-26,Connected TV,Seasonal Select Demand Initiative,Metro Region Loyalty Cohort,15908997,Health Conscious Buyers Retention Segment,9223925519536552,Offer Spotlight Bold Voice,1119314133689227,Catalog Engagement,0.0000,0,0,0,0,0,0,0,0,0,0,0,0,0,0,0,0,0,0.0000,0,0,0,0,0
2025-10-27,Display Network,Family Pantry Retention Initiative,Metro Region Loyalty Cohort,15908997,Health Conscious Buyers Retention Segment,1669733702699813,Shelf Story Warm Voice,5602072675253918,Brand Awareness,0.0000,0,0,0,0,0,0,0,0,0,0,0,0,0,0,0,0,0,0.0000,0,0,0,0,0
2025-10-28,Display Network,Weekend Saver Retention Initiative,Metro Region Loyalty Cohort,15908997,Family Planners Lookalike Segment,7248228093339312,Shelf Story Warm Voice,1150526236199258,Brand Awareness,0.0000,0,0,0,0,0,0,0,0,0,0,0,0,0,0,0,0,0,0.0000,0,0,0,0,0
2025-10-29,Shopping Grid,Weekend Saver Retention Initiative,Metro Region Loyalty Cohort,15908997,Family Planners Lookalike Segment,7248228093339312,Offer Spotlight Bold Voice,1757288035719114,Brand Awareness,0.0000,0,0,0,0,0,0,0,0,0,0,0,0,0,0,0,0,0,0.0000,0,0,0,0,0
2025-10-30,Influencer Network,Family Pantry Retention Initiative,Metro Region Loyalty Cohort,15908997,Family Planners Lookalike Segment,1665761135741679,Collection Showcase Warm Voice,5654112849815777,Brand Awareness,0.0000,0,0,0,0,0,0,0,0,0,0,0,0,0,0,0,0,0,0.0000,0,0,0,0,0
2025-10-31,Social Feed,Family Pantry Retention Initiative,Metro Region Loyalty Cohort,15908997,Family Planners Lookalike Segment,1665761135741679,Price Drop Cut Value Voice,1192366617925175,Brand Awareness,0.0000,0,0,0,0,0,0,0,0,0,0,0,0,0,0,0,0,0,0.0000,0,0,0,0,0
2025-10-01,Connected TV,Seasonal Select Promo Initiative,Metro Region Loyalty Cohort,15908997,Health Conscious Buyers Retention Segment,3613956286158588,Shelf Story Warm Voice,2259713911990191,Brand Awareness,116.5527,34385,0,28387,63,100,100,100,100,854,453,0,0,1,0,32,0,138,0.4013,0,13,0,14937,0
2025-10-02,Social Feed,Weekend Saver Retention Initiative,Metro Region Loyalty Cohort,15908997,Health Conscious Buyers Interest Segment,1334393532567969,Price Drop Cut Value Voice,1109002298095593,Brand Awareness,0.0000,0,0,0,0,0,0,0,0,0,0,0,0,0,0,0,0,0,0.0000,0,0,0,0,0
2025-10-03,Influencer Network,Family Pantry Retention Initiative,Metro Region Loyalty Cohort,15908997,Health Conscious Buyers Interest Segment,1474840462607869,Shelf Story Warm Voice,4340134105081797,Brand Awareness,0.0000,0,0,0,0,0,0,0,0,0,0,0,0,0,0,0,0,0,0.0000,0,0,0,0,0
2025-10-04,Social Feed,Seasonal Select Promo Initiative,Metro Region Loyalty Cohort,15908997,Health Conscious Buyers Interest Segment,1532426936569806,Offer Spotlight Bold Voice,4433422745438620,Brand Awareness,96.3256,9632,0,9737,25,64,100,100,78,174,117,0,0,1,0,46,0,94,0.9759,0,1,0,13824,0
2025-10-05,Shopping Grid,Family Pantry Retention Initiative,Metro Region Loyalty Cohort,15908997,Health Conscious Buyers Retention Segment,1669733702699813,Shelf Story Warm Voice,1173063753252113,Brand Awareness,0.0000,0,0,0,0,0,0,0,0,0,0,0,0,0,0,0,0,0,0.0000,0,0,0,0,0
2025-10-06,Connected TV,Family Pantry Retention Initiative,Metro Region Loyalty Cohort,15908997,Health Conscious Buyers Interest Segment,9013382232369046,Shelf Story Warm Voice,5257839822274418,Brand Awareness,0.0000,0,0,0,0,0,0,0,0,0,0,0,0,0,0,0,0,0,0.0000,0,0,0,0,0
2025-10-07,Video Network,Weekend Saver Retention Initiative,Metro Region Loyalty Cohort,15908997,Health Conscious Buyers Interest Segment,1334393532567969,Shelf Story Bold Voice,7232280368739505,Brand Awareness,0.0000,0,0,0,0,0,0,0,0,0,0,0,0,0,0,0,0,0,0.0000,0,0,0,0,0
2025-10-08,Influencer Network,Seasonal Select Promo Initiative,Metro Region Loyalty Cohort,15908997,Health Conscious Buyers Retention Segment,3613956286158588,Offer Spotlight Value Voice,9011752711561329,Brand Awareness,99.8610,16955,0,19401,57,100,100,100,100,477,427,0,0,0,0,17,0,79,0.4659,0,1,0,18275,0
2025-10-09,Influencer Network,Seasonal Select Promo Initiative,Metro Region Loyalty Cohort,15908997,Health Conscious Buyers Interest Segment,1532426936569806,Shelf Story Bold Voice,1082336609132049,Brand Awareness,213.2605,46259,0,42882,79,100,100,100,100,668,560,0,0,0,0,82,0,179,0.3870,1,1,0,34390,0
2025-10-10,Search Network,Seasonal Select Promo Initiative,Metro Region Loyalty Cohort,15908997,Family Planners Lookalike Segment,1718074286658736,Shelf Story Bold Voice,4278310985669178,Brand Awareness,249.8834,33839,0,28063,63,100,100,100,100,729,483,0,0,0,0,358,0,556,1.6431,0,1,0,35177,0
2025-10-11,Video Network,Family Pantry Retention Initiative,Metro Region Loyalty Cohort,15908997,Health Conscious Buyers Interest Segment,1474840462607869,Shelf Story Warm Voice,8486205212439809,Brand Awareness,0.0000,0,0,0,0,0,0,0,0,0,0,0,0,0,0,0,0,0,0.0000,0,0,0,0,0
2025-10-12,Marketplace Feed,Weekend Saver Retention Initiative,Metro Region Loyalty Cohort,15908997,Health Conscious Buyers Retention Segment,4136110625615180,Price Drop Cut Value Voice,1682844113945221,Brand Awareness,0.0000,0,0,0,0,0,0,0,0,0,0,0,0,0,0,0,0,0,0.0000,0,0,0,0,0
2025-10-13,Search Network,Seasonal Select Promo Initiative,Metro Region Loyalty Cohort,15908997,Health Conscious Buyers Interest Segment,1532426936569806,Offer Spotlight Value Voice,2894551765052346,Brand Awareness,83.8465,13680,0,19610,50,100,100,100,100,461,495,0,0,0,0,35,0,121,0.8845,1,2,0,20495,0
2025-10-14,Video Network,Weekend Saver Retention Initiative,Metro Region Loyalty Cohort,15908997,Family Planners Lookalike Segment,7248228093339312,Shelf Story Warm Voice,6451368560487732,Brand Awareness,0.0000,0,0,0,0,0,0,0,0,0,0,0,0,0,0,0,0,0,0.0000,0,0,0,0,0
2025-10-15,Retail Media Network,Weekend Saver Retention Initiative,Metro Region Loyalty Cohort,15908997,Family Planners Lookalike Segment,7248228093339312,Price Drop Cut Value Voice,9318406623487279,Brand Awareness,0.0000,0,0,0,0,0,0,0,0,0,0,0,0,0,0,0,0,0,0.0000,0,0,0,0,0
2025-10-16,Search Network,Seasonal Select Promo Initiative,Metro Region Loyalty Cohort,15908997,Health Conscious Buyers Interest Segment,1532426936569806,Promo Banner Warm Voice,5732401046815275,Brand Awareness,213.7138,47121,0,33692,115,100,100,100,100,1168,1036,0,0,0,0,339,0,386,0.8192,3,2,0,33581,0
2025-10-17,Marketplace Feed,Seasonal Select Promo Initiative,Metro Region Loyalty Cohort,15908997,Family Planners Lookalike Segment,1718074286658736,Offer Spotlight Value Voice,2074777970281390,Brand Awareness,137.3740,19000,0,24545,39,100,100,100,100,502,534,0,0,0,0,132,0,161,0.8474,0,2,0,23493,0
2025-10-18,Video Network,Seasonal Select Demand Initiative,Metro Region Conversion Cohort,15908997,Bulk Buyers Retention Segment,1061064502710542,Offer Spotlight Bold Voice,1741856265266256,Catalog Engagement,0.0000,0,0,0,0,0,0,0,0,0,0,0,0,0,0,0,0,0,0.0000,0,0,0,0,0
2025-10-19,Display Network,Family Pantry Retention Initiative,Metro Region Loyalty Cohort,15908997,Health Conscious Buyers Interest Segment,9013382232369046,Shelf Story Warm Voice,1099249066640891,Brand Awareness,0.0000,0,0,0,0,0,0,0,0,0,0,0,0,0,0,0,0,0,0.0000,0,0,0,0,0
2025-10-20,Discovery Network,Weekend Saver Retention Initiative,Metro Region Loyalty Cohort,15908997,Family Planners Lookalike Segment,7248228093339312,Shelf Story Bold Voice,1269408759613688,Brand Awareness,0.0000,0,0,0,0,0,0,0,0,0,0,0,0,0,0,0,0,0,0.0000,0,0,0,0,0
2025-10-21,Discovery Network,Family Pantry Retention Initiative,Metro Region Loyalty Cohort,15908997,Health Conscious Buyers Interest Segment,9013382232369046,Shelf Story Warm Voice,1177430610668804,Brand Awareness,0.0000,0,0,0,0,0,0,0,0,0,0,0,0,0,0,0,0,0,0.0000,0,0,0,0,0
2025-10-22,Influencer Network,Seasonal Select Promo Initiative,Metro Region Loyalty Cohort,15908997,Health Conscious Buyers Retention Segment,3613956286158588,Offer Spotlight Bold Voice,4607696881668990,Brand Awareness,58.0736,12118,0,10286,17,63,100,100,95,165,138,0,0,0,0,14,0,55,0.4539,0,0,0,7422,0
2025-10-23,Display Network,Family Pantry Retention Initiative,Metro Region Loyalty Cohort,15908997,Health Conscious Buyers Interest Segment,9013382232369046,Promo Banner Friendly Voice,1538508227020088,Brand Awareness,0.0000,0,0,0,0,0,0,0,0,0,0,0,0,0,0,0,0,0,0.0000,0,0,0,0,0
2025-10-24,In-App Display,Weekend Saver Retention Initiative,Metro Region Loyalty Cohort,15908997,Family Planners Lookalike Segment,7248228093339312,Price Drop Cut Value Voice,9781212069592701,Brand Awareness,0.0000,0,0,0,0,0,0,0,0,0,0,0,0,0,0,0,0,0,0.0000,0,0,0,0,0
2025-10-25,Affiliate Network,Seasonal Select Promo Initiative,Metro Region Loyalty Cohort,15908997,Family Planners Lookalike Segment,1718074286658736,Offer Spotlight Value Voice,2074777970281390,Brand Awareness,160.8528,23360,0,23262,63,100,100,100,100,401,437,0,0,0,0,62,0,94,0.4024,0,1,0,28355,0
2025-10-26,Shopping Grid,Seasonal Select Promo Initiative,Metro Region Loyalty Cohort,15908997,Health Conscious Buyers Interest Segment,1532426936569806,Shelf Story Warm Voice,9953353036347574,Brand Awareness,289.0802,59891,0,39728,109,100,100,100,100,1392,1280,0,0,0,0,126,0,346,0.5777,1,6,0,52754,0
2025-10-27,Video Network,Weekend Saver Retention Initiative,Metro Region Loyalty Cohort,15908997,Family Planners Lookalike Segment,7248228093339312,Shelf Story Warm Voice,1150526236199258,Brand Awareness,0.0000,0,0,0,0,0,0,0,0,0,0,0,0,0,0,0,0,0,0.0000,0,0,0,0,0
2025-10-28,Connected TV,Family Pantry Retention Initiative,Metro Region Loyalty Cohort,15908997,Family Planners Lookalike Segment,1665761135741679,Shelf Story Warm Voice,1280290142112652,Brand Awareness,0.0000,0,0,0,0,0,0,0,0,0,0,0,0,0,0,0,0,0,0.0000,0,0,0,0,0
2025-10-29,Affiliate Network,Family Pantry Retention Initiative,Metro Region Loyalty Cohort,15908997,Health Conscious Buyers Retention Segment,1669733702699813,Shelf Story Warm Voice,5602072675253918,Brand Awareness,0.0000,0,0,0,0,0,0,0,0,0,0,0,0,0,0,0,0,0,0.0000,0,0,0,0,0
2025-10-30,Connected TV,Market Fresh Demand Initiative,Metro Region Conversion Cohort,86057605,Weekend Deal Hunters Interest Segment,2737857498400057,Product Reel Warm Voice,1640779927447931,Catalog Engagement,0.0000,0,0,0,0,0,0,0,0,0,0,0,0,0,0,0,0,0,0.0000,0,0,0,0,0
2025-10-31,Marketplace Feed,Seasonal Select Promo Initiative,Metro Region Loyalty Cohort,15908997,Family Planners Lookalike Segment,1718074286658736,Shelf Story Bold Voice,4278310985669178,Brand Awareness,203.2719,35764,0,57384,123,100,100,100,100,867,685,0,0,2,0,307,0,344,0.9619,0,2,0,54377,0
2025-10-01,Social Feed,Family Pantry Retention Initiative,Metro Region Loyalty Cohort,15908997,Family Planners Lookalike Segment,1002710949555221,Offer Spotlight Bold Voice,7401589860358191,Brand Awareness,0.0000,0,0,0,0,0,0,0,0,0,0,0,0,0,0,0,0,0,0.0000,0,0,0,0,0
2025-10-02,Connected TV,Weekend Saver Retention Initiative,Metro Region Loyalty Cohort,15908997,Health Conscious Buyers Retention Segment,4136110625615180,Shelf Story Bold Voice,1238862856159509,Brand Awareness,0.0000,0,0,0,0,0,0,0,0,0,0,0,0,0,0,0,0,0,0.0000,0,0,0,0,0
2025-10-03,Influencer Network,Home Essentials Promo Initiative,Metro Region Conversion Cohort,44948390,Quick Refill Buyers Retention Segment,1899712342036110,Shelf Story Warm Voice,8585579191193727,Brand Awareness,0.0000,0,0,0,0,0,0,0,0,0,0,0,0,0,0,0,0,0,0.0000,0,0,0,0,0
2025-10-04,Connected TV,Family Pantry Retention Initiative,Metro Region Loyalty Cohort,15908997,Health Conscious Buyers Interest Segment,9013382232369046,Shelf Story Warm Voice,5257839822274418,Brand Awareness,0.0000,0,0,0,0,0,0,0,0,0,0,0,0,0,0,0,0,0,0.0000,0,0,0,0,0
2025-10-05,Shopping Grid,Seasonal Select Promo Initiative,Metro Region Loyalty Cohort,15908997,Health Conscious Buyers Interest Segment,1532426936569806,Offer Spotlight Value Voice,2894551765052346,Brand Awareness,86.0885,17011,0,17257,52,100,100,100,100,488,323,0,0,3,0,38,0,102,0.5996,0,2,0,12413,0
2025-10-06,Discovery Network,Family Pantry Retention Initiative,Metro Region Conversion Cohort,15908997,Bulk Buyers Retention Segment,1777717557426296,Shelf Story Value Voice,8084225603313437,Catalog Engagement,0.0000,0,0,0,0,0,0,0,0,0,0,0,0,0,0,0,0,0,0.0000,0,0,0,0,0
2025-10-07,Discovery Network,Weekend Saver Retention Initiative,Metro Region Loyalty Cohort,15908997,Health Conscious Buyers Interest Segment,1334393532567969,Shelf Story Warm Voice,2520693897922300,Brand Awareness,0.0000,0,0,0,0,0,0,0,0,0,0,0,0,0,0,0,0,0,0.0000,0,0,0,0,0
2025-10-08,Search Network,Seasonal Select Promo Initiative,Metro Region Loyalty Cohort,15908997,Health Conscious Buyers Interest Segment,1532426936569806,Offer Spotlight Bold Voice,4433422745438620,Brand Awareness,92.7467,17844,0,15783,54,71,100,100,90,199,216,0,0,0,0,35,0,63,0.3531,0,2,0,19048,0
2025-10-09,Video Network,Family Pantry Retention Initiative,Metro Region Loyalty Cohort,15908997,Health Conscious Buyers Retention Segment,1669733702699813,Collection Showcase Warm Voice,1788908453907262,Brand Awareness,0.0000,0,0,0,0,0,0,0,0,0,0,0,0,0,0,0,0,0,0.0000,0,0,0,0,0
2025-10-10,Discovery Network,Weekend Saver Retention Initiative,Metro Region Loyalty Cohort,15908997,Family Planners Lookalike Segment,7248228093339312,Shelf Story Bold Voice,3411200546175283,Brand Awareness,0.0000,0,0,0,0,0,0,0,0,0,0,0,0,0,0,0,0,0,0.0000,0,0,0,0,0
2025-10-11,Affiliate Network,Weekend Saver Retention Initiative,Metro Region Loyalty Cohort,15908997,Health Conscious Buyers Retention Segment,4136110625615180,Price Drop Cut Value Voice,1316048837324374,Brand Awareness,0.0000,0,0,0,0,0,0,0,0,0,0,0,0,0,0,0,0,0,0.0000,0,0,0,0,0
2025-10-12,Social Feed,Family Pantry Retention Initiative,Metro Region Loyalty Cohort,15908997,Family Planners Lookalike Segment,1665761135741679,Shelf Story Warm Voice,2902136042807068,Brand Awareness,0.0000,0,0,0,0,0,0,0,0,0,0,0,0,0,0,0,0,0,0.0000,0,0,0,0,0
2025-10-13,Video Network,Home Essentials Scale Initiative,Metro Region Prospecting Cohort,86057605,Family Planners Interest Segment,2052479131570920,Price Drop Cut Value Voice,1337311684616332,Brand Awareness,0.0000,0,0,0,0,0,0,0,0,0,0,0,0,0,0,0,0,0,0.0000,0,0,0,0,0
2025-10-14,Connected TV,Family Pantry Retention Initiative,Metro Region Loyalty Cohort,15908997,Family Planners Lookalike Segment,1665761135741679,Shelf Story Warm Voice,1450951256520921,Brand Awareness,0.0000,0,0,0,0,0,0,0,0,0,0,0,0,0,0,0,0,0,0.0000,0,0,0,0,0
2025-10-15,Affiliate Network,Weekend Saver Retention Initiative,Metro Region Loyalty Cohort,15908997,Family Planners Lookalike Segment,7248228093339312,Offer Spotlight Bold Voice,1757288035719114,Brand Awareness,0.0000,0,0,0,0,0,0,0,0,0,0,0,0,0,0,0,0,0,0.0000,0,0,0,0,0
2025-10-16,Search Network,Family Pantry Retention Initiative,Metro Region Loyalty Cohort,15908997,Health Conscious Buyers Interest Segment,9013382232369046,Shelf Story Warm Voice,1177430610668804,Brand Awareness,0.0000,0,0,0,0,0,0,0,0,0,0,0,0,0,0,0,0,0,0.0000,0,0,0,0,0
2025-10-17,Retail Media Network,Family Pantry Retention Initiative,Metro Region Loyalty Cohort,15908997,Family Planners Lookalike Segment,1665761135741679,Shelf Story Warm Voice,2793262031628184,Brand Awareness,0.0000,0,0,0,0,0,0,0,0,0,0,0,0,0,0,0,0,0,0.0000,0,0,0,0,0
2025-10-18,Marketplace Feed,Family Pantry Retention Initiative,Metro Region Loyalty Cohort,15908997,Health Conscious Buyers Interest Segment,1474840462607869,Offer Spotlight Bold Voice,3530423296641236,Brand Awareness,0.0000,0,0,0,0,0,0,0,0,0,0,0,0,0,0,0,0,0,0.0000,0,0,0,0,0
2025-10-19,In-App Display,Weekend Saver Retention Initiative,Metro Region Loyalty Cohort,15908997,Health Conscious Buyers Retention Segment,4136110625615180,Offer Spotlight Bold Voice,3833443174798849,Brand Awareness,0.0000,0,0,0,0,0,0,0,0,0,0,0,0,0,0,0,0,0,0.0000,0,0,0,0,0
2025-10-20,Display Network,Family Pantry Retention Initiative,Metro Region Loyalty Cohort,15908997,Family Planners Lookalike Segment,1665761135741679,Promo Banner Friendly Voice,1647756988327695,Brand Awareness,0.0000,0,0,0,0,0,0,0,0,0,0,0,0,0,0,0,0,0,0.0000,0,0,0,0,0
2025-10-21,Retail Media Network,Family Pantry Retention Initiative,Metro Region Loyalty Cohort,15908997,Family Planners Lookalike Segment,1002710949555221,Shelf Story Warm Voice,3185083078735744,Brand Awareness,0.0000,0,0,0,0,0,0,0,0,0,0,0,0,0,0,0,0,0,0.0000,0,0,0,0,0
2025-10-22,In-App Display,Family Pantry Retention Initiative,Metro Region Loyalty Cohort,15908997,Health Conscious Buyers Interest Segment,1474840462607869,Shelf Story Warm Voice,8486205212439809,Brand Awareness,0.0000,0,0,0,0,0,0,0,0,0,0,0,0,0,0,0,0,0,0.0000,0,0,0,0,0
2025-10-23,In-App Display,Seasonal Select Promo Initiative,Metro Region Loyalty Cohort,15908997,Health Conscious Buyers Retention Segment,3613956286158588,Shelf Story Warm Voice,2259713911990191,Brand Awareness,172.6859,24786,0,17970,61,100,100,100,100,836,670,0,0,0,0,28,0,163,0.6576,0,2,0,22267,0
2025-10-24,Retail Media Network,Weekend Saver Retention Initiative,Metro Region Loyalty Cohort,15908997,Family Planners Lookalike Segment,7248228093339312,Shelf Story Warm Voice,6451368560487732,Brand Awareness,0.0000,0,0,0,0,0,0,0,0,0,0,0,0,0,0,0,0,0,0.0000,0,0,0,0,0
2025-10-25,Display Network,Home Essentials Scale Initiative,Metro Region Prospecting Cohort,86057605,Family Planners Interest Segment,2052479131570920,Promo Banner Friendly Voice,7057211523700123,Brand Awareness,0.0000,0,0,0,0,0,0,0,0,0,0,0,0,0,0,0,0,0,0.0000,0,0,0,0,0
2025-10-26,Influencer Network,Family Pantry Retention Initiative,Metro Region Loyalty Cohort,15908997,Health Conscious Buyers Retention Segment,1669733702699813,Shelf Story Warm Voice,1837904232519606,Brand Awareness,0.0000,0,0,0,0,0,0,0,0,0,0,0,0,0,0,0,0,0,0.0000,0,0,0,0,0
2025-10-27,Search Network,Weekend Saver Retention Initiative,Metro Region Loyalty Cohort,15908997,Health Conscious Buyers Interest Segment,1334393532567969,Offer Spotlight Bold Voice,3220054077294586,Brand Awareness,0.0000,0,0,0,0,0,0,0,0,0,0,0,0,0,0,0,0,0,0.0000,0,0,0,0,0
2025-10-28,Marketplace Feed,Family Pantry Retention Initiative,Metro Region Loyalty Cohort,15908997,Family Planners Lookalike Segment,1665761135741679,Shelf Story Warm Voice,2616618213121749,Brand Awareness,0.0000,0,0,0,0,0,0,0,0,0,0,0,0,0,0,0,0,0,0.0000,0,0,0,0,0
2025-10-29,Discovery Network,Seasonal Select Promo Initiative,Metro Region Loyalty Cohort,15908997,Health Conscious Buyers Interest Segment,1532426936569806,Promo Banner Warm Voice,5732401046815275,Brand Awareness,231.6622,48124,0,47026,107,100,100,100,100,1066,1024,0,0,1,0,197,0,222,0.4613,1,10,0,31754,0
2025-10-30,Video Network,Family Pantry Retention Initiative,Metro Region Loyalty Cohort,15908997,Family Planners Lookalike Segment,1665761135741679,Collection Showcase Warm Voice,5654112849815777,Brand Awareness,0.0000,0,0,0,0,0,0,0,0,0,0,0,0,0,0,0,0,0,0.0000,0,0,0,0,0
2025-10-31,Discovery Network,Weekend Saver Retention Initiative,Metro Region Loyalty Cohort,15908997,Family Planners Lookalike Segment,7248228093339312,Shelf Story Bold Voice,1269408759613688,Brand Awareness,0.0000,0,0,0,0,0,0,0,0,0,0,0,0,0,0,0,0,0,0.0000,0,0,0,0,0
2025-10-01,Influencer Network,Family Pantry Retention Initiative,Metro Region Loyalty Cohort,15908997,Health Conscious Buyers Interest Segment,9013382232369046,Shelf Story Warm Voice,1099249066640891,Brand Awareness,0.0000,0,0,0,0,0,0,0,0,0,0,0,0,0,0,0,0,0,0.0000,0,0,0,0,0
2025-10-02,Affiliate Network,Family Pantry Retention Initiative,Metro Region Loyalty Cohort,15908997,Health Conscious Buyers Interest Segment,1474840462607869,Shelf Story Warm Voice,4340134105081797,Brand Awareness,0.0000,0,0,0,0,0,0,0,0,0,0,0,0,0,0,0,0,0,0.0000,0,0,0,0,0
2025-10-03,Display Network,Seasonal Select Promo Initiative,Metro Region Loyalty Cohort,15908997,Family Planners Lookalike Segment,1718074286658736,Shelf Story Warm Voice,1533493773187614,Brand Awareness,233.4416,29713,0,53945,127,100,100,100,100,723,433,0,0,0,0,102,0,306,1.0299,0,2,0,31146,0
2025-10-04,Video Network,Family Pantry Retention Initiative,Metro Region Loyalty Cohort,15908997,Family Planners Lookalike Segment,1665761135741679,Shelf Story Value Voice,5225143865411760,Brand Awareness,0.0000,0,0,0,0,0,0,0,0,0,0,0,0,0,0,0,0,0,0.0000,0,0,0,0,0
2025-10-05,Shopping Grid,Family Pantry Retention Initiative,Metro Region Loyalty Cohort,15908997,Health Conscious Buyers Interest Segment,9013382232369046,Shelf Story Value Voice,1103993184708534,Brand Awareness,0.0000,0,0,0,0,0,0,0,0,0,0,0,0,0,0,0,0,0,0.0000,0,0,0,0,0
2025-10-06,Discovery Network,Weekend Saver Retention Initiative,Metro Region Loyalty Cohort,15908997,Health Conscious Buyers Interest Segment,1334393532567969,Shelf Story Warm Voice,8045514033882153,Brand Awareness,0.0000,0,0,0,0,0,0,0,0,0,0,0,0,0,0,0,0,0,0.0000,0,0,0,0,0
2025-10-07,Display Network,Family Pantry Retention Initiative,Metro Region Loyalty Cohort,15908997,Health Conscious Buyers Retention Segment,1669733702699813,Promo Banner Friendly Voice,4647140982681565,Brand Awareness,0.0000,0,0,0,0,0,0,0,0,0,0,0,0,0,0,0,0,0,0.0000,0,0,0,0,0
2025-10-08,Discovery Network,Seasonal Select Promo Initiative,Metro Region Loyalty Cohort,15908997,Health Conscious Buyers Interest Segment,1532426936569806,Shelf Story Warm Voice,7193200529405455,Brand Awareness,178.1237,31883,0,31569,127,100,100,100,100,595,425,0,0,1,0,45,0,208,0.6524,0,7,0,35469,0
2025-10-09,Discovery Network,Seasonal Select Promo Initiative,Metro Region Loyalty Cohort,15908997,Health Conscious Buyers Retention Segment,3613956286158588,Promo Banner Warm Voice,3456261421148856,Brand Awareness,163.8257,28660,0,31160,114,100,100,100,100,999,463,0,0,0,0,30,0,111,0.3873,0,7,0,19925,0
2025-10-10,Video Network,Seasonal Select Promo Initiative,Metro Region Loyalty Cohort,15908997,Family Planners Lookalike Segment,1718074286658736,Promo Banner Warm Voice,1089449421739833,Brand Awareness,274.9473,60608,0,52071,227,100,100,100,100,1684,1768,0,0,1,0,529,0,339,0.5593,1,3,0,37617,0
2025-10-11,Retail Media Network,Family Pantry Retention Initiative,Metro Region Conversion Cohort,38881639,Family Planners Lookalike Segment,1010331617086390,Shelf Story Warm Voice,1022962676348579,Brand Awareness,0.0000,0,0,0,0,0,0,0,0,0,0,0,0,0,0,0,0,0,0.0000,0,0,0,0,0
2025-10-12,Video Network,Seasonal Select Promo Initiative,Metro Region Loyalty Cohort,15908997,Health Conscious Buyers Retention Segment,3613956286158588,Shelf Story Bold Voice,1755467445485119,Brand Awareness,127.1911,29790,0,33636,74,100,100,100,100,570,523,0,0,0,0,31,0,134,0.4498,0,4,0,34500,0
2025-10-13,Shopping Grid,Family Pantry Retention Initiative,Metro Region Conversion Cohort,15908997,Family Planners Lookalike Segment,3017606229260592,Shelf Story Value Voice,5691206288583839,Catalog Engagement,0.0000,0,0,0,0,0,0,0,0,0,0,0,0,0,0,0,0,0,0.0000,0,0,0,0,0
2025-10-14,Search Network,Weekend Saver Retention Initiative,Metro Region Loyalty Cohort,15908997,Health Conscious Buyers Retention Segment,4136110625615180,Price Drop Cut Value Voice,1682844113945221,Brand Awareness,0.0000,0,0,0,0,0,0,0,0,0,0,0,0,0,0,0,0,0,0.0000,0,0,0,0,0
2025-10-15,In-App Display,Seasonal Select Promo Initiative,Metro Region Loyalty Cohort,15908997,Family Planners Lookalike Segment,1718074286658736,Shelf Story Warm Voice,1532291780998103,Brand Awareness,182.8112,40868,0,29546,91,100,100,100,100,861,880,0,0,0,0,92,0,208,0.5090,0,4,0,40209,0
2025-10-16,Influencer Network,Seasonal Select Promo Initiative,Metro Region Loyalty Cohort,15908997,Family Planners Lookalike Segment,1718074286658736,Offer Spotlight Bold Voice,1638167476571035,Brand Awareness,64.2757,18096,0,22542,33,96,100,100,95,254,162,0,0,0,0,89,0,88,0.4863,0,5,0,20721,0
2025-10-17,Discovery Network,Family Pantry Retention Initiative,Metro Region Loyalty Cohort,15908997,Health Conscious Buyers Retention Segment,4976789753470273,Shelf Story Warm Voice,5506678816268127,Brand Awareness,0.0000,0,0,0,0,0,0,0,0,0,0,0,0,0,0,0,0,0,0.0000,0,0,0,0,0
2025-10-18,Shopping Grid,Weekend Saver Retention Initiative,Metro Region Loyalty Cohort,15908997,Health Conscious Buyers Interest Segment,1334393532567969,Shelf Story Bold Voice,7232280368739505,Brand Awareness,0.0000,0,0,0,0,0,0,0,0,0,0,0,0,0,0,0,0,0,0.0000,0,0,0,0,0
2025-10-19,Discovery Network,Family Pantry Retention Initiative,Metro Region Loyalty Cohort,15908997,Family Planners Lookalike Segment,1665761135741679,Shelf Story Warm Voice,6549680554582288,Brand Awareness,0.0000,0,0,0,0,0,0,0,0,0,0,0,0,0,0,0,0,0,0.0000,0,0,0,0,0
2025-10-20,Influencer Network,Seasonal Select Promo Initiative,Metro Region Loyalty Cohort,15908997,Health Conscious Buyers Retention Segment,3613956286158588,Offer Spotlight Value Voice,9011752711561329,Brand Awareness,72.7194,15023,0,14412,39,100,100,100,100,344,468,0,0,0,0,14,0,58,0.3861,0,2,0,12424,0
2025-10-21,In-App Display,Family Pantry Retention Initiative,Metro Region Loyalty Cohort,15908997,Family Planners Lookalike Segment,1002710949555221,Shelf Story Warm Voice,1647332301297595,Brand Awareness,0.0000,0,0,0,0,0,0,0,0,0,0,0,0,0,0,0,0,0,0.0000,0,0,0,0,0
2025-10-22,Video Network,Weekend Saver Retention Initiative,Metro Region Loyalty Cohort,15908997,Health Conscious Buyers Interest Segment,1334393532567969,Shelf Story Bold Voice,8314765461987923,Brand Awareness,0.0000,0,0,0,0,0,0,0,0,0,0,0,0,0,0,0,0,0,0.0000,0,0,0,0,0
2025-10-23,Connected TV,Family Pantry Retention Initiative,Metro Region Loyalty Cohort,15908997,Health Conscious Buyers Interest Segment,9013382232369046,Shelf Story Warm Voice,3768518651506601,Brand Awareness,0.0000,0,0,0,0,0,0,0,0,0,0,0,0,0,0,0,0,0,0.0000,0,0,0,0,0
2025-10-24,Search Network,Seasonal Select Promo Initiative,Metro Region Loyalty Cohort,15908997,Health Conscious Buyers Retention Segment,3613956286158588,Shelf Story Warm Voice,9626373394400677,Brand Awareness,89.2449,17101,0,18434,41,100,100,100,100,390,460,0,0,0,0,28,0,61,0.3567,0,1,0,9175,0
2025-10-25,Influencer Network,Family Pantry Retention Initiative,Metro Region Loyalty Cohort,15908997,Health Conscious Buyers Interest Segment,1474840462607869,Shelf Story Warm Voice,5682500646683685,Brand Awareness,0.0000,0,0,0,0,0,0,0,0,0,0,0,0,0,0,0,0,0,0.0000,0,0,0,0,0
2025-10-26,Discovery Network,Weekend Saver Retention Initiative,Metro Region Loyalty Cohort,15908997,Family Planners Lookalike Segment,7248228093339312,Price Drop Cut Value Voice,9318406623487279,Brand Awareness,0.0000,0,0,0,0,0,0,0,0,0,0,0,0,0,0,0,0,0,0.0000,0,0,0,0,0
2025-10-27,Connected TV,Weekend Saver Retention Initiative,Metro Region Loyalty Cohort,15908997,Health Conscious Buyers Interest Segment,1334393532567969,Price Drop Cut Value Voice,2051943278335934,Brand Awareness,0.0000,0,0,0,0,0,0,0,0,0,0,0,0,0,0,0,0,0,0.0000,0,0,0,0,0
2025-10-28,Display Network,Family Pantry Retention Initiative,Metro Region Conversion Cohort,15908997,Bulk Buyers Retention Segment,1096889057602193,Offer Spotlight Friendly Voice,5703717592430862,Catalog Engagement,0.0000,0,0,0,0,0,0,0,0,0,0,0,0,0,0,0,0,0,0.0000,0,0,0,0,0
2025-10-29,Connected TV,Weekend Saver Retention Initiative,Metro Region Loyalty Cohort,15908997,Health Conscious Buyers Interest Segment,1334393532567969,Price Drop Cut Value Voice,1109002298095593,Brand Awareness,0.0000,0,0,0,0,0,0,0,0,0,0,0,0,0,0,0,0,0,0.0000,0,0,0,0,0
2025-10-30,Search Network,Family Pantry Retention Initiative,Metro Region Loyalty Cohort,15908997,Family Planners Lookalike Segment,1665761135741679,Price Drop Cut Value Voice,1192366617925175,Brand Awareness,0.0000,0,0,0,0,0,0,0,0,0,0,0,0,0,0,0,0,0,0.0000,0,0,0,0,0
2025-10-31,Video Network,Family Pantry Retention Initiative,Metro Region Loyalty Cohort,15908997,Family Planners Lookalike Segment,1002710949555221,Shelf Story Warm Voice,5797898098365146,Brand Awareness,0.0000,0,0,0,0,0,0,0,0,0,0,0,0,0,0,0,0,0,0.0000,0,0,0,0,0
2025-10-01,Shopping Grid,Family Pantry Retention Initiative,Metro Region Loyalty Cohort,15908997,Health Conscious Buyers Retention Segment,1669733702699813,Shelf Story Warm Voice,1173063753252113,Brand Awareness,0.0000,0,0,0,0,0,0,0,0,0,0,0,0,0,0,0,0,0,0.0000,0,0,0,0,0
2025-10-02,Affiliate Network,Family Pantry Retention Initiative,Metro Region Loyalty Cohort,15908997,Health Conscious Buyers Retention Segment,1669733702699813,Shelf Story Value Voice,1365467474223726,Brand Awareness,0.0000,0,0,0,0,0,0,0,0,0,0,0,0,0,0,0,0,0,0.0000,0,0,0,0,0
2025-10-03,In-App Display,Family Pantry Retention Initiative,Metro Region Loyalty Cohort,15908997,Health Conscious Buyers Retention Segment,1669733702699813,Price Drop Cut Value Voice,6906673719698824,Brand Awareness,0.0000,0,0,0,0,0,0,0,0,0,0,0,0,0,0,0,0,0,0.0000,0,0,0,0,0
2025-10-04,Marketplace Feed,Seasonal Select Promo Initiative,Metro Region Loyalty Cohort,15908997,Health Conscious Buyers Interest Segment,1532426936569806,Shelf Story Bold Voice,1082336609132049,Brand Awareness,240.1625,49247,0,50796,105,100,100,100,100,585,707,0,0,1,0,55,0,120,0.2437,0,3,0,60607,0
2025-10-05,Search Network,Family Pantry Retention Initiative,Metro Region Loyalty Cohort,15908997,Health Conscious Buyers Retention Segment,4976789753470273,Shelf Story Warm Voice,1220076337258804,Brand Awareness,0.0000,0,0,0,0,0,0,0,0,0,0,0,0,0,0,0,0,0,0.0000,0,0,0,0,0
2025-10-06,Video Network,Family Pantry Retention Initiative,Metro Region Loyalty Cohort,15908997,Health Conscious Buyers Retention Segment,1669733702699813,Shelf Story Warm Voice,6197978194612129,Brand Awareness,0.0000,0,0,0,0,0,0,0,0,0,0,0,0,0,0,0,0,0,0.0000,0,0,0,0,0
2025-10-07,Discovery Network,Seasonal Select Promo Initiative,Metro Region Loyalty Cohort,15908997,Health Conscious Buyers Retention Segment,3613956286158588,Shelf Story Warm Voice,2259713911990191,Brand Awareness,123.1415,29780,0,39215,126,100,100,100,100,880,934,0,0,0,0,23,0,166,0.5574,0,2,0,40924,0
2025-10-08,Connected TV,Seasonal Select Promo Initiative,Metro Region Loyalty Cohort,15908997,Health Conscious Buyers Interest Segment,1532426936569806,Offer Spotlight Value Voice,2894551765052346,Brand Awareness,133.0303,18278,0,23542,59,100,100,100,100,574,535,0,0,0,0,50,0,78,0.4267,0,2,0,22674,0
2025-10-09,Search Network,Family Pantry Retention Initiative,Metro Region Loyalty Cohort,15908997,Health Conscious Buyers Interest Segment,1474840462607869,Shelf Story Warm Voice,9110304031000052,Brand Awareness,0.0000,0,0,0,0,0,0,0,0,0,0,0,0,0,0,0,0,0,0.0000,0,0,0,0,0
2025-10-10,Affiliate Network,Family Pantry Retention Initiative,Metro Region Conversion Cohort,38881639,Family Planners Lookalike Segment,1010331617086390,Shelf Story Warm Voice,1022962676348579,Brand Awareness,0.0000,0,0,0,0,0,0,0,0,0,0,0,0,0,0,0,0,0,0.0000,0,0,0,0,0
2025-10-11,Connected TV,Family Pantry Retention Initiative,Metro Region Loyalty Cohort,15908997,Health Conscious Buyers Interest Segment,1474840462607869,Offer Spotlight Bold Voice,3530423296641236,Brand Awareness,0.0000,0,0,0,0,0,0,0,0,0,0,0,0,0,0,0,0,0,0.0000,0,0,0,0,0
2025-10-12,Search Network,Weekend Saver Retention Initiative,Metro Region Loyalty Cohort,15908997,Health Conscious Buyers Interest Segment,1334393532567969,Shelf Story Warm Voice,8045514033882153,Brand Awareness,0.0000,0,0,0,0,0,0,0,0,0,0,0,0,0,0,0,0,0,0.0000,0,0,0,0,0
2025-10-13,Influencer Network,Seasonal Select Promo Initiative,Metro Region Loyalty Cohort,15908997,Health Conscious Buyers Interest Segment,1532426936569806,Shelf Story Bold Voice,1082336609132049,Brand Awareness,195.6282,70157,0,39860,102,100,100,100,100,811,886,0,0,0,0,66,0,244,0.3478,0,5,0,50021,0
2025-10-14,Connected TV,Family Pantry Retention Initiative,Metro Region Loyalty Cohort,15908997,Health Conscious Buyers Retention Segment,1669733702699813,Shelf Story Warm Voice,1837904232519606,Brand Awareness,0.0000,0,0,0,0,0,0,0,0,0,0,0,0,0,0,0,0,0,0.0000,0,0,0,0,0
2025-10-15,Affiliate Network,Weekend Saver Retention Initiative,Metro Region Loyalty Cohort,15908997,Family Planners Lookalike Segment,7248228093339312,Price Drop Cut Value Voice,9781212069592701,Brand Awareness,0.0000,0,0,0,0,0,0,0,0,0,0,0,0,0,0,0,0,0,0.0000,0,0,0,0,0
2025-10-16,Social Feed,Seasonal Select Promo Initiative,Metro Region Loyalty Cohort,15908997,Health Conscious Buyers Retention Segment,3613956286158588,Offer Spotlight Value Voice,9011752711561329,Brand Awareness,75.3940,23994,0,27320,35,100,100,100,100,447,249,0,0,0,0,32,0,119,0.4960,0,2,0,20029,0
2025-10-17,Social Feed,Weekend Saver Retention Initiative,Metro Region Loyalty Cohort,15908997,Health Conscious Buyers Interest Segment,1334393532567969,Shelf Story Warm Voice,2520693897922300,Brand Awareness,0.0000,0,0,0,0,0,0,0,0,0,0,0,0,0,0,0,0,0,0.0000,0,0,0,0,0
2025-10-18,Influencer Network,Family Pantry Retention Initiative,Metro Region Loyalty Cohort,15908997,Health Conscious Buyers Retention Segment,4976789753470273,Offer Spotlight Bold Voice,1582932391745882,Brand Awareness,0.0000,0,0,0,0,0,0,0,0,0,0,0,0,0,0,0,0,0,0.0000,0,0,0,0,0
2025-10-19,Retail Media Network,Seasonal Select Promo Initiative,Metro Region Loyalty Cohort,15908997,Health Conscious Buyers Interest Segment,1532426936569806,Shelf Story Warm Voice,7193200529405455,Brand Awareness,203.4223,51419,0,67257,188,100,100,100,100,964,1077,0,0,0,0,92,0,193,0.3753,0,5,0,42605,0
2025-10-20,In-App Display,Weekend Saver Retention Initiative,Metro Region Loyalty Cohort,15908997,Family Planners Lookalike Segment,7248228093339312,Shelf Story Warm Voice,1150526236199258,Brand Awareness,0.0000,0,0,0,0,0,0,0,0,0,0,0,0,0,0,0,0,0,0.0000,0,0,0,0,0
2025-10-21,Display Network,Family Pantry Retention Initiative,Metro Region Loyalty Cohort,15908997,Family Planners Lookalike Segment,1665761135741679,Shelf Story Warm Voice,6549680554582288,Brand Awareness,0.0000,0,0,0,0,0,0,0,0,0,0,0,0,0,0,0,0,0,0.0000,0,0,0,0,0
2025-10-22,Display Network,Family Pantry Retention Initiative,Metro Region Loyalty Cohort,15908997,Family Planners Lookalike Segment,1665761135741679,Promo Banner Friendly Voice,6598720554447191,Brand Awareness,0.0000,0,0,0,0,0,0,0,0,0,0,0,0,0,0,0,0,0,0.0000,0,0,0,0,0
2025-10-23,Connected TV,Seasonal Select Promo Initiative,Metro Region Loyalty Cohort,15908997,Health Conscious Buyers Interest Segment,1532426936569806,Shelf Story Warm Voice,9953353036347574,Brand Awareness,273.5208,45016,0,39877,159,100,100,100,100,1172,1263,0,0,1,0,133,0,342,0.7597,0,3,0,42555,0
2025-10-24,In-App Display,Family Pantry Retention Initiative,Metro Region Loyalty Cohort,15908997,Family Planners Lookalike Segment,1665761135741679,Shelf Story Warm Voice,2616618213121749,Brand Awareness,0.0000,0,0,0,0,0,0,0,0,0,0,0,0,0,0,0,0,0,0.0000,0,0,0,0,0
2025-10-25,Connected TV,Seasonal Select Promo Initiative,Metro Region Loyalty Cohort,15908997,Family Planners Lookalike Segment,1718074286658736,Shelf Story Warm Voice,1533493773187614,Brand Awareness,238.7815,37265,0,59134,164,100,100,100,100,773,584,0,0,0,0,135,0,177,0.4750,6,1,0,34600,0
2025-10-26,Discovery Network,Seasonal Select Promo Initiative,Metro Region Loyalty Cohort,15908997,Family Planners Lookalike Segment,1718074286658736,Shelf Story Warm Voice,1532291780998103,Brand Awareness,168.3172,26331,0,44062,135,100,100,100,100,831,918,0,0,5,0,162,0,304,1.1545,0,6,0,38429,0
2025-10-27,Affiliate Network,Weekend Saver Retention Initiative,Metro Region Loyalty Cohort,15908997,Health Conscious Buyers Interest Segment,1334393532567969,Shelf Story Bold Voice,7232280368739505,Brand Awareness,0.0000,0,0,0,0,0,0,0,0,0,0,0,0,0,0,0,0,0,0.0000,0,0,0,0,0
2025-10-28,Display Network,Family Pantry Retention Initiative,Metro Region Conversion Cohort,15908997,Bulk Buyers Retention Segment,1096889057602193,Offer Spotlight Friendly Voice,5703717592430862,Catalog Engagement,0.0000,0,0,0,0,0,0,0,0,0,0,0,0,0,0,0,0,0,0.0000,0,0,0,0,0
2025-10-29,Shopping Grid,Seasonal Select Promo Initiative,Metro Region Loyalty Cohort,15908997,Health Conscious Buyers Retention Segment,3613956286158588,Promo Banner Warm Voice,3456261421148856,Brand Awareness,154.1432,25386,0,26651,76,100,100,100,100,767,671,0,0,0,0,30,0,149,0.5869,1,2,0,30508,0
2025-10-30,Video Network,Family Pantry Retention Initiative,Metro Region Loyalty Cohort,15908997,Family Planners Lookalike Segment,1002710949555221,Shelf Story Warm Voice,1647332301297595,Brand Awareness,0.0000,0,0,0,0,0,0,0,0,0,0,0,0,0,0,0,0,0,0.0000,0,0,0,0,0
2025-10-31,Affiliate Network,Family Pantry Retention Initiative,Metro Region Loyalty Cohort,15908997,Health Conscious Buyers Interest Segment,9013382232369046,Shelf Story Warm Voice,3768518651506601,Brand Awareness,0.0000,0,0,0,0,0,0,0,0,0,0,0,0,0,0,0,0,0,0.0000,0,0,0,0,0
2025-10-01,Display Network,Family Pantry Retention Initiative,Metro Region Loyalty Cohort,15908997,Health Conscious Buyers Interest Segment,1474840462607869,Shelf Story Warm Voice,4340134105081797,Brand Awareness,0.0000,0,0,0,0,0,0,0,0,0,0,0,0,0,0,0,0,0,0.0000,0,0,0,0,0
2025-10-02,Display Network,Weekend Saver Retention Initiative,Metro Region Loyalty Cohort,15908997,Family Planners Lookalike Segment,7248228093339312,Shelf Story Warm Voice,6451368560487732,Brand Awareness,0.0000,0,0,0,0,0,0,0,0,0,0,0,0,0,0,0,0,0,0.0000,0,0,0,0,0
2025-10-03,Video Network,Seasonal Select Promo Initiative,Metro Region Loyalty Cohort,15908997,Health Conscious Buyers Retention Segment,3613956286158588,Shelf Story Bold Voice,1755467445485119,Brand Awareness,149.9264,33474,0,22176,47,100,100,100,100,532,491,0,0,0,0,23,0,116,0.3465,2,3,0,32504,0
2025-10-04,Marketplace Feed,Weekend Saver Retention Initiative,Metro Region Loyalty Cohort,15908997,Family Planners Lookalike Segment,7248228093339312,Price Drop Cut Value Voice,9318406623487279,Brand Awareness,0.0000,0,0,0,0,0,0,0,0,0,0,0,0,0,0,0,0,0,0.0000,0,0,0,0,0
2025-10-05,Connected TV,Weekend Saver Retention Initiative,Metro Region Loyalty Cohort,15908997,Health Conscious Buyers Interest Segment,1334393532567969,Price Drop Cut Value Voice,2051943278335934,Brand Awareness,0.0000,0,0,0,0,0,0,0,0,0,0,0,0,0,0,0,0,0,0.0000,0,0,0,0,0
2025-10-06,Marketplace Feed,Seasonal Select Promo Initiative,Metro Region Loyalty Cohort,15908997,Health Conscious Buyers Interest Segment,1532426936569806,Promo Banner Warm Voice,5732401046815275,Brand Awareness,197.7729,36981,0,52261,158,100,100,100,100,1222,1404,0,0,1,0,193,0,367,0.9924,0,3,0,44318,0
2025-10-07,Shopping Grid,Family Pantry Retention Initiative,Metro Region Loyalty Cohort,15908997,Health Conscious Buyers Retention Segment,1669733702699813,Promo Banner Friendly Voice,4647140982681565,Brand Awareness,0.0000,0,0,0,0,0,0,0,0,0,0,0,0,0,0,0,0,0,0.0000,0,0,0,0,0
2025-10-08,In-App Display,Family Pantry Retention Initiative,Metro Region Loyalty Cohort,15908997,Health Conscious Buyers Retention Segment,4976789753470273,Shelf Story Warm Voice,4041974945367907,Brand Awareness,0.0000,0,0,0,0,0,0,0,0,0,0,0,0,0,0,0,0,0,0.0000,0,0,0,0,0
2025-10-09,Video Network,Weekend Saver Retention Initiative,Metro Region Loyalty Cohort,15908997,Health Conscious Buyers Retention Segment,4136110625615180,Price Drop Cut Value Voice,1682844113945221,Brand Awareness,0.0000,0,0,0,0,0,0,0,0,0,0,0,0,0,0,0,0,0,0.0000,0,0,0,0,0
2025-10-10,Discovery Network,Family Pantry Retention Initiative,Metro Region Loyalty Cohort,15908997,Family Planners Lookalike Segment,1665761135741679,Promo Banner Friendly Voice,1647756988327695,Brand Awareness,0.0000,0,0,0,0,0,0,0,0,0,0,0,0,0,0,0,0,0,0.0000,0,0,0,0,0
2025-10-11,In-App Display,Family Pantry Retention Initiative,Metro Region Loyalty Cohort,15908997,Family Planners Lookalike Segment,1665761135741679,Shelf Story Warm Voice,2793262031628184,Brand Awareness,0.0000,0,0,0,0,0,0,0,0,0,0,0,0,0,0,0,0,0,0.0000,0,0,0,0,0
2025-10-12,Influencer Network,Family Pantry Retention Initiative,Metro Region Loyalty Cohort,15908997,Family Planners Lookalike Segment,1665761135741679,Shelf Story Warm Voice,2902136042807068,Brand Awareness,0.0000,0,0,0,0,0,0,0,0,0,0,0,0,0,0,0,0,0,0.0000,0,0,0,0,0
2025-10-13,Video Network,Family Pantry Retention Initiative,Metro Region Loyalty Cohort,15908997,Health Conscious Buyers Interest Segment,1474840462607869,Shelf Story Warm Voice,8486205212439809,Brand Awareness,0.0000,0,0,0,0,0,0,0,0,0,0,0,0,0,0,0,0,0,0.0000,0,0,0,0,0
2025-10-14,Social Feed,Seasonal Select Promo Initiative,Metro Region Loyalty Cohort,15908997,Family Planners Lookalike Segment,1718074286658736,Offer Spotlight Bold Voice,1638167476571035,Brand Awareness,66.1538,22805,0,24006,29,100,100,100,100,221,273,0,0,0,0,50,0,103,0.4517,0,3,0,25214,0
2025-10-15,Marketplace Feed,Family Pantry Retention Initiative,Metro Region Loyalty Cohort,15908997,Family Planners Lookalike Segment,1002710949555221,Shelf Story Warm Voice,5797898098365146,Brand Awareness,0.0000,0,0,0,0,0,0,0,0,0,0,0,0,0,0,0,0,0,0.0000,0,0,0,0,0
2025-10-16,Connected TV,Family Pantry Retention Initiative,Metro Region Loyalty Cohort,15908997,Family Planners Lookalike Segment,1002710949555221,Shelf Story Warm Voice,1655044419034925,Brand Awareness,0.0000,0,0,0,0,0,0,0,0,0,0,0,0,0,0,0,0,0,0.0000,0,0,0,0,0
2025-10-17,Display Network,Seasonal Select Promo Initiative,Metro Region Loyalty Cohort,15908997,Health Conscious Buyers Retention Segment,3613956286158588,Offer Spotlight Bold Voice,4607696881668990,Brand Awareness,39.6581,15344,0,17159,23,69,100,100,74,178,136,0,0,0,0,11,0,46,0.2998,0,1,0,16663,0
2025-10-18,Display Network,Weekend Saver Retention Initiative,Metro Region Loyalty Cohort,15908997,Health Conscious Buyers Interest Segment,1334393532567969,Offer Spotlight Bold Voice,3220054077294586,Brand Awareness,0.0000,0,0,0,0,0,0,0,0,0,0,0,0,0,0,0,0,0,0.0000,0,0,0,0,0
2025-10-19,Search Network,Weekend Saver Retention Initiative,Metro Region Loyalty Cohort,15908997,Health Conscious Buyers Interest Segment,1334393532567969,Shelf Story Bold Voice,8314765461987923,Brand Awareness,0.0000,0,0,0,0,0,0,0,0,0,0,0,0,0,0,0,0,0,0.0000,0,0,0,0,0
2025-10-20,Search Network,Weekend Saver Retention Initiative,Metro Region Loyalty Cohort,15908997,Health Conscious Buyers Retention Segment,4136110625615180,Shelf Story Warm Voice,5443423299390877,Brand Awareness,0.0000,0,0,0,0,0,0,0,0,0,0,0,0,0,0,0,0,0,0.0000,0,0,0,0,0
2025-10-21,Shopping Grid,Family Pantry Retention Initiative,Metro Region Loyalty Cohort,15908997,Health Conscious Buyers Retention Segment,1669733702699813,Shelf Story Warm Voice,5602072675253918,Brand Awareness,0.0000,0,0,0,0,0,0,0,0,0,0,0,0,0,0,0,0,0,0.0000,0,0,0,0,0
2025-10-22,Affiliate Network,Weekend Saver Retention Initiative,Metro Region Loyalty Cohort,15908997,Family Planners Lookalike Segment,7248228093339312,Shelf Story Bold Voice,1269408759613688,Brand Awareness,0.0000,0,0,0,0,0,0,0,0,0,0,0,0,0,0,0,0,0,0.0000,0,0,0,0,0
2025-10-23,Retail Media Network,Family Pantry Retention Initiative,Metro Region Loyalty Cohort,15908997,Family Planners Lookalike Segment,1665761135741679,Shelf Story Value Voice,5225143865411760,Brand Awareness,0.0000,0,0,0,0,0,0,0,0,0,0,0,0,0,0,0,0,0,0.0000,0,0,0,0,0
2025-10-24,Video Network,Family Pantry Retention Initiative,Metro Region Loyalty Cohort,15908997,Health Conscious Buyers Interest Segment,9013382232369046,Shelf Story Value Voice,1103993184708534,Brand Awareness,0.0000,0,0,0,0,0,0,0,0,0,0,0,0,0,0,0,0,0,0.0000,0,0,0,0,0
2025-10-25,Display Network,Seasonal Select Promo Initiative,Metro Region Loyalty Cohort,15908997,Family Planners Lookalike Segment,1718074286658736,Shelf Story Bold Voice,4278310985669178,Brand Awareness,206.6836,33595,0,58183,82,100,100,100,100,771,496,0,0,0,0,144,0,277,0.8245,0,1,0,30018,0
2025-10-26,Social Feed,Weekend Saver Retention Initiative,Metro Region Loyalty Cohort,15908997,Health Conscious Buyers Interest Segment,1334393532567969,Price Drop Cut Value Voice,1109002298095593,Brand Awareness,0.0000,0,0,0,0,0,0,0,0,0,0,0,0,0,0,0,0,0,0.0000,0,0,0,0,0
2025-10-27,Search Network,Seasonal Select Promo Initiative,Metro Region Loyalty Cohort,15908997,Health Conscious Buyers Retention Segment,3613956286158588,Shelf Story Warm Voice,9626373394400677,Brand Awareness,126.9479,16392,0,18948,59,100,100,100,100,453,258,0,0,0,0,18,0,87,0.5307,0,0,0,16967,0
2025-10-28,Display Network,Family Pantry Retention Initiative,Metro Region Loyalty Cohort,15908997,Health Conscious Buyers Retention Segment,1669733702699813,Shelf Story Warm Voice,1173063753252113,Brand Awareness,0.0000,0,0,0,0,0,0,0,0,0,0,0,0,0,0,0,0,0,0.0000,0,0,0,0,0
2025-10-29,In-App Display,Family Pantry Retention Initiative,Metro Region Loyalty Cohort,15908997,Health Conscious Buyers Interest Segment,9013382232369046,Shelf Story Warm Voice,1099249066640891,Brand Awareness,0.0000,0,0,0,0,0,0,0,0,0,0,0,0,0,0,0,0,0,0.0000,0,0,0,0,0
2025-10-30,Influencer Network,Seasonal Select Promo Initiative,Metro Region Loyalty Cohort,15908997,Family Planners Lookalike Segment,1718074286658736,Promo Banner Warm Voice,1089449421739833,Brand Awareness,196.5113,58459,0,72676,175,100,100,100,100,1556,1315,0,0,1,0,484,0,614,1.0503,2,8,0,75677,0
2025-10-31,Shopping Grid,Home Essentials Promo Initiative,Metro Region Conversion Cohort,44948390,Quick Refill Buyers Retention Segment,1899712342036110,Shelf Story Warm Voice,8585579191193727,Brand Awareness,0.0000,0,0,0,0,0,0,0,0,0,0,0,0,0,0,0,0,0,0.0000,0,0,0,0,0
2025-10-01,In-App Display,Seasonal Select Promo Initiative,Metro Region Loyalty Cohort,15908997,Health Conscious Buyers Interest Segment,1532426936569806,Offer Spotlight Bold Voice,4433422745438620,Brand Awareness,81.7734,24503,0,21612,41,100,100,100,100,319,265,0,0,0,0,52,0,145,0.5918,0,2,0,21943,0
2025-10-02,Shopping Grid,Family Pantry Retention Initiative,Metro Region Loyalty Cohort,15908997,Health Conscious Buyers Interest Segment,9013382232369046,Shelf Story Warm Voice,5257839822274418,Brand Awareness,0.0000,0,0,0,0,0,0,0,0,0,0,0,0,0,0,0,0,0,0.0000,0,0,0,0,0
2025-10-03,Display Network,Family Pantry Retention Initiative,Metro Region Loyalty Cohort,15908997,Health Conscious Buyers Retention Segment,1669733702699813,Price Drop Cut Value Voice,6906673719698824,Brand Awareness,0.0000,0,0,0,0,0,0,0,0,0,0,0,0,0,0,0,0,0,0.0000,0,0,0,0,0
2025-10-04,Video Network,Family Pantry Retention Initiative,Metro Region Loyalty Cohort,15908997,Health Conscious Buyers Retention Segment,1669733702699813,Shelf Story Value Voice,1365467474223726,Brand Awareness,0.0000,0,0,0,0,0,0,0,0,0,0,0,0,0,0,0,0,0,0.0000,0,0,0,0,0
2025-10-05,Connected TV,Weekend Saver Retention Initiative,Metro Region Loyalty Cohort,15908997,Family Planners Lookalike Segment,7248228093339312,Shelf Story Bold Voice,3411200546175283,Brand Awareness,0.0000,0,0,0,0,0,0,0,0,0,0,0,0,0,0,0,0,0,0.0000,0,0,0,0,0
2025-10-06,Affiliate Network,Family Pantry Retention Initiative,Metro Region Loyalty Cohort,15908997,Health Conscious Buyers Interest Segment,9013382232369046,Promo Banner Friendly Voice,1538508227020088,Brand Awareness,0.0000,0,0,0,0,0,0,0,0,0,0,0,0,0,0,0,0,0,0.0000,0,0,0,0,0
2025-10-07,In-App Display,Seasonal Select Promo Initiative,Metro Region Loyalty Cohort,15908997,Family Planners Lookalike Segment,1718074286658736,Offer Spotlight Value Voice,2074777970281390,Brand Awareness,94.8258,23314,0,29729,46,100,100,100,100,511,528,0,0,0,0,45,0,126,0.5404,0,2,0,26879,0
2025-10-08,Influencer Network,Weekend Saver Retention Initiative,Metro Region Loyalty Cohort,15908997,Family Planners Lookalike Segment,7248228093339312,Offer Spotlight Bold Voice,1757288035719114,Brand Awareness,0.0000,0,0,0,0,0,0,0,0,0,0,0,0,0,0,0,0,0,0.0000,0,0,0,0,0
2025-10-09,Influencer Network,Family Pantry Retention Initiative,Metro Region Loyalty Cohort,15908997,Family Planners Lookalike Segment,1665761135741679,Price Drop Cut Value Voice,1192366617925175,Brand Awareness,0.0000,0,0,0,0,0,0,0,0,0,0,0,0,0,0,0,0,0,0.0000,0,0,0,0,0
2025-10-10,Display Network,Family Pantry Retention Initiative,Metro Region Loyalty Cohort,15908997,Health Conscious Buyers Interest Segment,9013382232369046,Shelf Story Warm Voice,1177430610668804,Brand Awareness,0.0000,0,0,0,0,0,0,0,0,0,0,0,0,0,0,0,0,0,0.0000,0,0,0,0,0
2025-10-11,Search Network,Family Pantry Retention Initiative,Metro Region Loyalty Cohort,15908997,Family Planners Lookalike Segment,1002710949555221,Shelf Story Warm Voice,3185083078735744,Brand Awareness,0.0000,0,0,0,0,0,0,0,0,0,0,0,0,0,0,0,0,0,0.0000,0,0,0,0,0
2025-10-12,Shopping Grid,Family Pantry Retention Initiative,Metro Region Loyalty Cohort,15908997,Health Conscious Buyers Interest Segment,1474840462607869,Shelf Story Warm Voice,5682500646683685,Brand Awareness,0.0000,0,0,0,0,0,0,0,0,0,0,0,0,0,0,0,0,0,0.0000,0,0,0,0,0
2025-10-13,Search Network,Weekend Saver Retention Initiative,Metro Region Loyalty Cohort,15908997,Health Conscious Buyers Retention Segment,4136110625615180,Price Drop Cut Value Voice,1682844113945221,Brand Awareness,0.0000,0,0,0,0,0,0,0,0,0,0,0,0,0,0,0,0,0,0.0000,0,0,0,0,0
2025-10-14,Social Feed,Family Pantry Retention Initiative,Metro Region Loyalty Cohort,15908997,Family Planners Lookalike Segment,1665761135741679,Shelf Story Warm Voice,2616618213121749,Brand Awareness,0.0000,0,0,0,0,0,0,0,0,0,0,0,0,0,0,0,0,0,0.0000,0,0,0,0,0
2025-10-15,Social Feed,Family Pantry Retention Initiative,Metro Region Conversion Cohort,15908997,Family Planners Lookalike Segment,3017606229260592,Shelf Story Value Voice,5691206288583839,Catalog Engagement,0.0000,0,0,0,0,0,0,0,0,0,0,0,0,0,0,0,0,0,0.0000,0,0,0,0,0
2025-10-16,Influencer Network,Weekend Saver Retention Initiative,Metro Region Loyalty Cohort,15908997,Family Planners Lookalike Segment,7248228093339312,Price Drop Cut Value Voice,9781212069592701,Brand Awareness,0.0000,0,0,0,0,0,0,0,0,0,0,0,0,0,0,0,0,0,0.0000,0,0,0,0,0
2025-10-17,Retail Media Network,Family Pantry Retention Initiative,Metro Region Conversion Cohort,15908997,Weekend Deal Hunters Interest Segment,6202516839870495,Shelf Story Value Voice,1077582730962642,Catalog Engagement,0.0000,0,0,0,0,0,0,0,0,0,0,0,0,0,0,0,0,0,0.0000,0,0,0,0,0
2025-10-18,Display Network,Family Pantry Retention Initiative,Metro Region Loyalty Cohort,15908997,Family Planners Lookalike Segment,1665761135741679,Shelf Story Bold Voice,1220357368781053,Brand Awareness,0.0000,0,0,0,0,0,0,0,0,0,0,0,0,0,0,0,0,0,0.0000,0,0,0,0,0
2025-10-19,Social Feed,Seasonal Select Promo Initiative,Metro Region Loyalty Cohort,15908997,Family Planners Lookalike Segment,1718074286658736,Shelf Story Bold Voice,4278310985669178,Brand Awareness,129.6726,34289,0,49399,56,100,100,100,100,580,860,0,0,2,0,81,0,226,0.6591,4,8,0,53223,0
2025-10-20,Shopping Grid,Weekend Saver Retention Initiative,Metro Region Loyalty Cohort,15908997,Health Conscious Buyers Retention Segment,4136110625615180,Shelf Story Warm Voice,1781261912151237,Brand Awareness,0.0000,0,0,0,0,0,0,0,0,0,0,0,0,0,0,0,0,0,0.0000,0,0,0,0,0
2025-10-21,Shopping Grid,Family Pantry Retention Initiative,Metro Region Loyalty Cohort,15908997,Health Conscious Buyers Retention Segment,1669733702699813,Shelf Story Warm Voice,6197978194612129,Brand Awareness,0.0000,0,0,0,0,0,0,0,0,0,0,0,0,0,0,0,0,0,0.0000,0,0,0,0,0
2025-10-22,Social Feed,Family Pantry Retention Initiative,Metro Region Loyalty Cohort,15908997,Health Conscious Buyers Interest Segment,1474840462607869,Shelf Story Warm Voice,4340134105081797,Brand Awareness,0.0000,0,0,0,0,0,0,0,0,0,0,0,0,0,0,0,0,0,0.0000,0,0,0,0,0
2025-10-23,Video Network,Seasonal Select Promo Initiative,Metro Region Loyalty Cohort,15908997,Health Conscious Buyers Interest Segment,1532426936569806,Offer Spotlight Value Voice,2894551765052346,Brand Awareness,116.2607,21468,0,21486,73,100,100,100,100,541,574,0,0,0,0,40,0,115,0.5357,0,3,0,16174,0
2025-10-24,Affiliate Network,Seasonal Select Promo Initiative,Metro Region Loyalty Cohort,15908997,Health Conscious Buyers Interest Segment,1532426936569806,Offer Spotlight Bold Voice,4433422745438620,Brand Awareness,118.2764,31091,0,31203,57,100,100,100,100,255,156,0,0,0,0,26,0,92,0.2959,0,0,0,19221,0
2025-10-25,Discovery Network,Family Pantry Retention Initiative,Metro Region Loyalty Cohort,15908997,Health Conscious Buyers Retention Segment,1669733702699813,Promo Banner Friendly Voice,1414897562821209,Brand Awareness,0.0000,0,0,0,0,0,0,0,0,0,0,0,0,0,0,0,0,0,0.0000,0,0,0,0,0
2025-10-26,Discovery Network,Family Pantry Retention Initiative,Metro Region Loyalty Cohort,15908997,Health Conscious Buyers Retention Segment,4976789753470273,Shelf Story Warm Voice,1220076337258804,Brand Awareness,0.0000,0,0,0,0,0,0,0,0,0,0,0,0,0,0,0,0,0,0.0000,0,0,0,0,0
2025-10-27,Influencer Network,Weekend Saver Retention Initiative,Metro Region Loyalty Cohort,15908997,Family Planners Lookalike Segment,7248228093339312,Shelf Story Warm Voice,6451368560487732,Brand Awareness,0.0000,0,0,0,0,0,0,0,0,0,0,0,0,0,0,0,0,0,0.0000,0,0,0,0,0
2025-10-28,Social Feed,Weekend Saver Retention Initiative,Metro Region Loyalty Cohort,15908997,Health Conscious Buyers Interest Segment,1334393532567969,Shelf Story Bold Voice,7232280368739505,Brand Awareness,0.0000,0,0,0,0,0,0,0,0,0,0,0,0,0,0,0,0,0,0.0000,0,0,0,0,0
2025-10-29,Affiliate Network,Seasonal Select Promo Initiative,Metro Region Loyalty Cohort,15908997,Health Conscious Buyers Retention Segment,3613956286158588,Shelf Story Warm Voice,2259713911990191,Brand Awareness,170.1639,22215,0,23295,81,100,100,100,100,782,900,0,0,0,0,46,0,223,1.0038,3,5,0,25235,0
2025-10-30,Video Network,Family Pantry Retention Initiative,Metro Region Loyalty Cohort,15908997,Health Conscious Buyers Retention Segment,4976789753470273,Shelf Story Warm Voice,4041974945367907,Brand Awareness,0.0000,0,0,0,0,0,0,0,0,0,0,0,0,0,0,0,0,0,0.0000,0,0,0,0,0
2025-10-31,Affiliate Network,Family Pantry Retention Initiative,Metro Region Loyalty Cohort,15908997,Health Conscious Buyers Retention Segment,1669733702699813,Collection Showcase Warm Voice,1788908453907262,Brand Awareness,0.0000,0,0,0,0,0,0,0,0,0,0,0,0,0,0,0,0,0,0.0000,0,0,0,0,0
2025-10-01,Shopping Grid,Seasonal Select Promo Initiative,Metro Region Loyalty Cohort,15908997,Health Conscious Buyers Retention Segment,3613956286158588,Shelf Story Bold Voice,1755467445485119,Brand Awareness,134.6923,30969,0,38879,72,100,100,100,100,449,553,0,0,0,0,40,0,117,0.3778,0,0,0,29056,0
2025-10-02,Display Network,Weekend Saver Retention Initiative,Metro Region Loyalty Cohort,15908997,Health Conscious Buyers Interest Segment,1334393532567969,Shelf Story Warm Voice,2520693897922300,Brand Awareness,0.0000,0,0,0,0,0,0,0,0,0,0,0,0,0,0,0,0,0,0.0000,0,0,0,0,0
2025-10-03,Shopping Grid,Family Pantry Retention Initiative,Metro Region Loyalty Cohort,15908997,Family Planners Lookalike Segment,1002710949555221,Shelf Story Warm Voice,1655044419034925,Brand Awareness,0.0000,0,0,0,0,0,0,0,0,0,0,0,0,0,0,0,0,0,0.0000,0,0,0,0,0
2025-10-04,Social Feed,Family Pantry Retention Initiative,Metro Region Loyalty Cohort,15908997,Family Planners Lookalike Segment,1665761135741679,Shelf Story Value Voice,5225143865411760,Brand Awareness,0.0000,0,0,0,0,0,0,0,0,0,0,0,0,0,0,0,0,0,0.0000,0,0,0,0,0
2025-10-05,Affiliate Network,Family Pantry Retention Initiative,Metro Region Loyalty Cohort,15908997,Family Planners Lookalike Segment,1665761135741679,Shelf Story Warm Voice,2902136042807068,Brand Awareness,0.0000,0,0,0,0,0,0,0,0,0,0,0,0,0,0,0,0,0,0.0000,0,0,0,0,0
2025-10-06,Video Network,Family Pantry Retention Initiative,Metro Region Loyalty Cohort,15908997,Family Planners Lookalike Segment,1002710949555221,Shelf Story Warm Voice,5797898098365146,Brand Awareness,0.0000,0,0,0,0,0,0,0,0,0,0,0,0,0,0,0,0,0,0.0000,0,0,0,0,0
2025-10-07,Retail Media Network,Weekend Saver Retention Initiative,Metro Region Loyalty Cohort,15908997,Family Planners Lookalike Segment,7248228093339312,Price Drop Cut Value Voice,9318406623487279,Brand Awareness,0.0000,0,0,0,0,0,0,0,0,0,0,0,0,0,0,0,0,0,0.0000,0,0,0,0,0
2025-10-08,Video Network,Family Pantry Retention Initiative,Metro Region Loyalty Cohort,15908997,Health Conscious Buyers Interest Segment,1474840462607869,Shelf Story Warm Voice,5682500646683685,Brand Awareness,0.0000,0,0,0,0,0,0,0,0,0,0,0,0,0,0,0,0,0,0.0000,0,0,0,0,0
2025-10-09,Marketplace Feed,Family Pantry Retention Initiative,Metro Region Conversion Cohort,15908997,Bulk Buyers Retention Segment,1096889057602193,Offer Spotlight Friendly Voice,5703717592430862,Catalog Engagement,0.0000,0,0,0,0,0,0,0,0,0,0,0,0,0,0,0,0,0,0.0000,0,0,0,0,0
2025-10-10,Search Network,Family Pantry Retention Initiative,Metro Region Loyalty Cohort,15908997,Family Planners Lookalike Segment,1665761135741679,Shelf Story Warm Voice,1280290142112652,Brand Awareness,0.0000,0,0,0,0,0,0,0,0,0,0,0,0,0,0,0,0,0,0.0000,0,0,0,0,0
2025-10-11,Display Network,Weekend Saver Retention Initiative,Metro Region Loyalty Cohort,15908997,Health Conscious Buyers Retention Segment,4136110625615180,Shelf Story Bold Voice,5160906508093401,Brand Awareness,0.0000,0,0,0,0,0,0,0,0,0,0,0,0,0,0,0,0,0,0.0000,0,0,0,0,0
2025-10-12,Search Network,Seasonal Select Promo Initiative,Metro Region Loyalty Cohort,15908997,Health Conscious Buyers Retention Segment,3613956286158588,Promo Banner Warm Voice,3456261421148856,Brand Awareness,159.4157,32209,0,24545,114,100,100,100,100,958,1046,0,0,0,0,56,0,146,0.4533,0,2,0,35657,0
2025-10-13,Retail Media Network,Weekend Saver Retention Initiative,Metro Region Loyalty Cohort,15908997,Health Conscious Buyers Retention Segment,4136110625615180,Offer Spotlight Bold Voice,3833443174798849,Brand Awareness,0.0000,0,0,0,0,0,0,0,0,0,0,0,0,0,0,0,0,0,0.0000,0,0,0,0,0
2025-10-14,Discovery Network,Family Pantry Retention Initiative,Metro Region Loyalty Cohort,15908997,Health Conscious Buyers Interest Segment,1474840462607869,Offer Spotlight Bold Voice,3530423296641236,Brand Awareness,0.0000,0,0,0,0,0,0,0,0,0,0,0,0,0,0,0,0,0,0.0000,0,0,0,0,0
2025-10-15,Influencer Network,Family Pantry Retention Initiative,Metro Region Loyalty Cohort,86057605,Family Planners Lookalike Segment,1541980607257120,Shelf Story Warm Voice,1227821280716912,Brand Awareness,0.0000,0,0,0,0,0,0,0,0,0,0,0,0,0,0,0,0,0,0.0000,0,0,0,0,0
2025-10-16,Affiliate Network,Weekend Saver Retention Initiative,Metro Region Loyalty Cohort,15908997,Health Conscious Buyers Interest Segment,1334393532567969,Shelf Story Bold Voice,8314765461987923,Brand Awareness,0.0000,0,0,0,0,0,0,0,0,0,0,0,0,0,0,0,0,0,0.0000,0,0,0,0,0
2025-10-17,Video Network,Weekend Saver Retention Initiative,Metro Region Loyalty Cohort,15908997,Health Conscious Buyers Interest Segment,1334393532567969,Offer Spotlight Bold Voice,3220054077294586,Brand Awareness,0.0000,0,0,0,0,0,0,0,0,0,0,0,0,0,0,0,0,0,0.0000,0,0,0,0,0
2025-10-18,Affiliate Network,Weekend Saver Retention Initiative,Metro Region Loyalty Cohort,15908997,Family Planners Lookalike Segment,7248228093339312,Shelf Story Bold Voice,1269408759613688,Brand Awareness,0.0000,0,0,0,0,0,0,0,0,0,0,0,0,0,0,0,0,0,0.0000,0,0,0,0,0
2025-10-19,Affiliate Network,Family Pantry Retention Initiative,Metro Region Loyalty Cohort,15908997,Family Planners Lookalike Segment,1002710949555221,Shelf Story Warm Voice,1647332301297595,Brand Awareness,0.0000,0,0,0,0,0,0,0,0,0,0,0,0,0,0,0,0,0,0.0000,0,0,0,0,0
2025-10-20,In-App Display,Family Pantry Retention Initiative,Metro Region Loyalty Cohort,15908997,Health Conscious Buyers Interest Segment,9013382232369046,Promo Banner Friendly Voice,1538508227020088,Brand Awareness,0.0000,0,0,0,0,0,0,0,0,0,0,0,0,0,0,0,0,0,0.0000,0,0,0,0,0
2025-10-21,Connected TV,Family Pantry Retention Initiative,Metro Region Loyalty Cohort,15908997,Family Planners Lookalike Segment,1665761135741679,Promo Banner Friendly Voice,1647756988327695,Brand Awareness,0.0000,0,0,0,0,0,0,0,0,0,0,0,0,0,0,0,0,0,0.0000,0,0,0,0,0
2025-10-22,Display Network,Family Pantry Retention Initiative,Metro Region Loyalty Cohort,15908997,Health Conscious Buyers Retention Segment,1669733702699813,Shelf Story Warm Voice,5602072675253918,Brand Awareness,0.0000,0,0,0,0,0,0,0,0,0,0,0,0,0,0,0,0,0,0.0000,0,0,0,0,0
2025-10-23,Influencer Network,Family Pantry Retention Initiative,Metro Region Loyalty Cohort,15908997,Family Planners Lookalike Segment,1665761135741679,Shelf Story Warm Voice,2793262031628184,Brand Awareness,0.0000,0,0,0,0,0,0,0,0,0,0,0,0,0,0,0,0,0,0.0000,0,0,0,0,0
2025-10-24,Marketplace Feed,Seasonal Select Promo Initiative,Metro Region Loyalty Cohort,15908997,Family Planners Lookalike Segment,1718074286658736,Shelf Story Warm Voice,1532291780998103,Brand Awareness,161.9310,30421,0,37105,126,100,100,100,100,786,1087,0,0,0,0,131,0,262,0.8612,1,3,0,37630,0
2025-10-25,Shopping Grid,Seasonal Select Promo Initiative,Metro Region Loyalty Cohort,15908997,Family Planners Lookalike Segment,1718074286658736,Shelf Story Warm Voice,1533493773187614,Brand Awareness,190.2568,53270,0,32401,127,100,100,100,100,851,737,0,0,0,0,86,0,209,0.3923,0,3,0,38170,0
2025-10-26,Discovery Network,Family Pantry Retention Initiative,Metro Region Loyalty Cohort,15908997,Health Conscious Buyers Interest Segment,9013382232369046,Shelf Story Warm Voice,3768518651506601,Brand Awareness,0.0000,0,0,0,0,0,0,0,0,0,0,0,0,0,0,0,0,0,0.0000,0,0,0,0,0
2025-10-27,Social Feed,Seasonal Select Promo Initiative,Metro Region Loyalty Cohort,15908997,Health Conscious Buyers Retention Segment,3613956286158588,Offer Spotlight Bold Voice,4607696881668990,Brand Awareness,47.7840,17537,0,18021,37,60,100,100,88,184,143,0,0,0,0,17,0,30,0.1711,0,0,0,9924,0
2025-10-28,Connected TV,Family Pantry Retention Initiative,Metro Region Loyalty Cohort,15908997,Health Conscious Buyers Retention Segment,1669733702699813,Shelf Story Bold Voice,4391005331160720,Brand Awareness,0.0000,0,0,0,0,0,0,0,0,0,0,0,0,0,0,0,0,0,0.0000,0,0,0,0,0
2025-10-29,Shopping Grid,Weekend Saver Retention Initiative,Metro Region Loyalty Cohort,15908997,Health Conscious Buyers Retention Segment,4136110625615180,Shelf Story Bold Voice,1238862856159509,Brand Awareness,0.0000,0,0,0,0,0,0,0,0,0,0,0,0,0,0,0,0,0,0.0000,0,0,0,0,0
2025-10-30,In-App Display,Weekend Saver Retention Initiative,Metro Region Loyalty Cohort,15908997,Health Conscious Buyers Interest Segment,1334393532567969,Price Drop Cut Value Voice,1109002298095593,Brand Awareness,0.0000,0,0,0,0,0,0,0,0,0,0,0,0,0,0,0,0,0,0.0000,0,0,0,0,0
2025-10-31,In-App Display,Family Pantry Retention Initiative,Metro Region Loyalty Cohort,15908997,Health Conscious Buyers Retention Segment,1669733702699813,Shelf Story Value Voice,1365467474223726,Brand Awareness,0.0000,0,0,0,0,0,0,0,0,0,0,0,0,0,0,0,0,0,0.0000,0,0,0,0,0
2025-10-01,Shopping Grid,Family Pantry Retention Initiative,Metro Region Loyalty Cohort,15908997,Health Conscious Buyers Retention Segment,1669733702699813,Shelf Story Warm Voice,1837904232519606,Brand Awareness,0.0000,0,0,0,0,0,0,0,0,0,0,0,0,0,0,0,0,0,0.0000,0,0,0,0,0
2025-10-02,Social Feed,Weekend Saver Retention Initiative,Metro Region Loyalty Cohort,15908997,Family Planners Lookalike Segment,7248228093339312,Shelf Story Warm Voice,1150526236199258,Brand Awareness,0.0000,0,0,0,0,0,0,0,0,0,0,0,0,0,0,0,0,0,0.0000,0,0,0,0,0
2025-10-03,In-App Display,Family Pantry Retention Initiative,Metro Region Loyalty Cohort,15908997,Health Conscious Buyers Interest Segment,9013382232369046,Shelf Story Warm Voice,5257839822274418,Brand Awareness,0.0000,0,0,0,0,0,0,0,0,0,0,0,0,0,0,0,0,0,0.0000,0,0,0,0,0
2025-10-04,Search Network,Weekend Saver Retention Initiative,Metro Region Loyalty Cohort,15908997,Health Conscious Buyers Interest Segment,1334393532567969,Price Drop Cut Value Voice,2051943278335934,Brand Awareness,0.0000,0,0,0,0,0,0,0,0,0,0,0,0,0,0,0,0,0,0.0000,0,0,0,0,0
2025-10-05,Retail Media Network,Family Pantry Retention Initiative,Metro Region Loyalty Cohort,15908997,Health Conscious Buyers Retention Segment,1669733702699813,Promo Banner Friendly Voice,4647140982681565,Brand Awareness,0.0000,0,0,0,0,0,0,0,0,0,0,0,0,0,0,0,0,0,0.0000,0,0,0,0,0
2025-10-06,Connected TV,Seasonal Select Promo Initiative,Metro Region Loyalty Cohort,15908997,Family Planners Lookalike Segment,1718074286658736,Offer Spotlight Bold Voice,1638167476571035,Brand Awareness,110.3818,21498,0,20207,56,83,100,100,100,240,248,0,0,0,0,43,0,78,0.3628,0,1,0,28664,0
2025-10-07,Discovery Network,Family Pantry Retention Initiative,Metro Region Loyalty Cohort,15908997,Health Conscious Buyers Retention Segment,4976789753470273,Shelf Story Warm Voice,5506678816268127,Brand Awareness,0.0000,0,0,0,0,0,0,0,0,0,0,0,0,0,0,0,0,0,0.0000,0,0,0,0,0
2025-10-08,Display Network,Weekend Saver Retention Initiative,Metro Region Loyalty Cohort,15908997,Health Conscious Buyers Retention Segment,4136110625615180,Price Drop Cut Value Voice,1316048837324374,Brand Awareness,0.0000,0,0,0,0,0,0,0,0,0,0,0,0,0,0,0,0,0,0.0000,0,0,0,0,0
2025-10-09,Affiliate Network,Weekend Saver Retention Initiative,Metro Region Loyalty Cohort,15908997,Health Conscious Buyers Interest Segment,1334393532567969,Shelf Story Warm Voice,8045514033882153,Brand Awareness,0.0000,0,0,0,0,0,0,0,0,0,0,0,0,0,0,0,0,0,0.0000,0,0,0,0,0
2025-10-10,In-App Display,Weekend Saver Retention Initiative,Metro Region Loyalty Cohort,15908997,Health Conscious Buyers Retention Segment,4136110625615180,Shelf Story Warm Voice,5443423299390877,Brand Awareness,0.0000,0,0,0,0,0,0,0,0,0,0,0,0,0,0,0,0,0,0.0000,0,0,0,0,0
2025-10-11,Video Network,Seasonal Select Promo Initiative,Metro Region Loyalty Cohort,15908997,Health Conscious Buyers Interest Segment,1532426936569806,Shelf Story Warm Voice,9953353036347574,Brand Awareness,204.6752,43375,0,67427,165,100,100,100,100,1216,677,0,0,0,0,88,0,239,0.5510,0,1,0,47884,0
2025-10-12,Affiliate Network,Family Pantry Retention Initiative,Metro Region Loyalty Cohort,15908997,Family Planners Lookalike Segment,1665761135741679,Price Drop Cut Value Voice,1192366617925175,Brand Awareness,0.0000,0,0,0,0,0,0,0,0,0,0,0,0,0,0,0,0,0,0.0000,0,0,0,0,0
2025-10-13,Search Network,Seasonal Select Promo Initiative,Metro Region Loyalty Cohort,15908997,Health Conscious Buyers Retention Segment,3613956286158588,Offer Spotlight Value Voice,9011752711561329,Brand Awareness,109.5971,21988,0,22436,50,100,100,100,100,342,409,0,0,0,0,16,0,64,0.2911,0,3,0,12337,0
2025-10-14,Display Network,Family Pantry Retention Initiative,Metro Region Loyalty Cohort,15908997,Health Conscious Buyers Interest Segment,9013382232369046,Shelf Story Warm Voice,1641518074556035,Brand Awareness,0.0000,0,0,0,0,0,0,0,0,0,0,0,0,0,0,0,0,0,0.0000,0,0,0,0,0
2025-10-15,Marketplace Feed,Weekend Saver Retention Initiative,Metro Region Loyalty Cohort,15908997,Family Planners Lookalike Segment,7248228093339312,Offer Spotlight Bold Voice,1757288035719114,Brand Awareness,0.0000,0,0,0,0,0,0,0,0,0,0,0,0,0,0,0,0,0,0.0000,0,0,0,0,0
2025-10-16,Search Network,Family Pantry Retention Initiative,Metro Region Loyalty Cohort,15908997,Family Planners Lookalike Segment,1002710949555221,Shelf Story Warm Voice,3185083078735744,Brand Awareness,0.0000,0,0,0,0,0,0,0,0,0,0,0,0,0,0,0,0,0,0.0000,0,0,0,0,0
2025-10-17,Influencer Network,Family Pantry Retention Initiative,Metro Region Loyalty Cohort,15908997,Family Planners Lookalike Segment,1665761135741679,Shelf Story Warm Voice,6549680554582288,Brand Awareness,0.0000,0,0,0,0,0,0,0,0,0,0,0,0,0,0,0,0,0,0.0000,0,0,0,0,0
2025-10-18,Display Network,Family Pantry Retention Initiative,Metro Region Loyalty Cohort,15908997,Health Conscious Buyers Interest Segment,9013382232369046,Shelf Story Value Voice,1103993184708534,Brand Awareness,0.0000,0,0,0,0,0,0,0,0,0,0,0,0,0,0,0,0,0,0.0000,0,0,0,0,0
2025-10-19,Display Network,Weekend Saver Retention Initiative,Metro Region Loyalty Cohort,15908997,Family Planners Lookalike Segment,7248228093339312,Shelf Story Bold Voice,3411200546175283,Brand Awareness,0.0000,0,0,0,0,0,0,0,0,0,0,0,0,0,0,0,0,0,0.0000,0,0,0,0,0
2025-10-20,In-App Display,Seasonal Select Promo Initiative,Metro Region Loyalty Cohort,15908997,Health Conscious Buyers Interest Segment,1532426936569806,Shelf Story Warm Voice,7193200529405455,Brand Awareness,139.0240,41455,0,51380,191,100,100,100,100,896,855,0,0,0,0,53,0,263,0.6344,2,8,0,65763,0
2025-10-21,Connected TV,Seasonal Select Demand Initiative,Metro Region Conversion Cohort,15908997,Bulk Buyers Retention Segment,1061064502710542,Offer Spotlight Bold Voice,1741856265266256,Catalog Engagement,0.0000,0,0,0,0,0,0,0,0,0,0,0,0,0,0,0,0,0,0.0000,0,0,0,0,0
2025-10-22,Shopping Grid,Family Pantry Retention Initiative,Metro Region Loyalty Cohort,15908997,Family Planners Lookalike Segment,1665761135741679,Collection Showcase Warm Voice,5654112849815777,Brand Awareness,0.0000,0,0,0,0,0,0,0,0,0,0,0,0,0,0,0,0,0,0.0000,0,0,0,0,0
2025-10-23,Affiliate Network,Family Pantry Retention Initiative,Metro Region Loyalty Cohort,15908997,Health Conscious Buyers Interest Segment,9013382232369046,Shelf Story Warm Voice,1099249066640891,Brand Awareness,0.0000,0,0,0,0,0,0,0,0,0,0,0,0,0,0,0,0,0,0.0000,0,0,0,0,0
2025-10-24,Marketplace Feed,Family Pantry Retention Initiative,Metro Region Loyalty Cohort,15908997,Health Conscious Buyers Interest Segment,9013382232369046,Shelf Story Warm Voice,1177430610668804,Brand Awareness,0.0000,0,0,0,0,0,0,0,0,0,0,0,0,0,0,0,0,0,0.0000,0,0,0,0,0
2025-10-25,Display Network,Seasonal Select Promo Initiative,Metro Region Loyalty Cohort,15908997,Family Planners Lookalike Segment,1718074286658736,Promo Banner Warm Voice,1089449421739833,Brand Awareness,211.8845,51240,0,49173,131,100,100,100,100,1800,1848,0,0,0,0,177,0,514,1.0031,1,8,0,48516,0
2025-10-26,Video Network,Seasonal Select Promo Initiative,Metro Region Loyalty Cohort,15908997,Health Conscious Buyers Retention Segment,3613956286158588,Shelf Story Warm Voice,9626373394400677,Brand Awareness,114.7558,23729,0,25639,69,100,100,100,100,461,393,0,0,0,0,24,0,62,0.2613,0,2,0,14190,0
2025-10-27,Marketplace Feed,Family Pantry Retention Initiative,Metro Region Loyalty Cohort,15908997,Health Conscious Buyers Retention Segment,1669733702699813,Shelf Story Warm Voice,1173063753252113,Brand Awareness,0.0000,0,0,0,0,0,0,0,0,0,0,0,0,0,0,0,0,0,0.0000,0,0,0,0,0
2025-10-28,Display Network,Family Pantry Retention Initiative,Metro Region Loyalty Cohort,15908997,Health Conscious Buyers Interest Segment,1474840462607869,Shelf Story Warm Voice,9110304031000052,Brand Awareness,0.0000,0,0,0,0,0,0,0,0,0,0,0,0,0,0,0,0,0,0.0000,0,0,0,0,0
2025-10-29,Display Network,Family Pantry Retention Initiative,Metro Region Loyalty Cohort,15908997,Health Conscious Buyers Retention Segment,1669733702699813,Price Drop Cut Value Voice,6906673719698824,Brand Awareness,0.0000,0,0,0,0,0,0,0,0,0,0,0,0,0,0,0,0,0,0.0000,0,0,0,0,0
2025-10-30,Social Feed,Family Pantry Retention Initiative,Metro Region Loyalty Cohort,15908997,Health Conscious Buyers Interest Segment,9013382232369046,Collection Showcase Warm Voice,3199746654625132,Brand Awareness,0.0000,0,0,0,0,0,0,0,0,0,0,0,0,0,0,0,0,0,0.0000,0,0,0,0,0
2025-10-31,Retail Media Network,Family Pantry Retention Initiative,Metro Region Loyalty Cohort,15908997,Health Conscious Buyers Retention Segment,4976789753470273,Offer Spotlight Bold Voice,1582932391745882,Brand Awareness,0.0000,0,0,0,0,0,0,0,0,0,0,0,0,0,0,0,0,0,0.0000,0,0,0,0,0
2025-10-01,Influencer Network,Seasonal Select Promo Initiative,Metro Region Loyalty Cohort,15908997,Health Conscious Buyers Interest Segment,1532426936569806,Promo Banner Warm Voice,5732401046815275,Brand Awareness,279.8544,48666,0,55831,160,100,100,100,100,1574,1675,0,0,0,0,129,0,408,0.8384,0,5,0,44746,0
2025-10-02,Connected TV,Family Pantry Retention Initiative,Metro Region Loyalty Cohort,15908997,Health Conscious Buyers Interest Segment,1474840462607869,Shelf Story Warm Voice,8486205212439809,Brand Awareness,0.0000,0,0,0,0,0,0,0,0,0,0,0,0,0,0,0,0,0,0.0000,0,0,0,0,0
2025-10-03,Shopping Grid,Seasonal Select Promo Initiative,Metro Region Loyalty Cohort,15908997,Health Conscious Buyers Interest Segment,1532426936569806,Shelf Story Bold Voice,1082336609132049,Brand Awareness,144.9068,60875,0,56730,67,100,100,100,100,660,598,0,0,0,0,46,0,175,0.2875,1,10,0,46568,0
2025-10-04,Affiliate Network,Family Pantry Retention Initiative,Metro Region Loyalty Cohort,15908997,Health Conscious Buyers Retention Segment,1669733702699813,Shelf Story Warm Voice,4211876559793011,Brand Awareness,0.0000,0,0,0,0,0,0,0,0,0,0,0,0,0,0,0,0,0,0.0000,0,0,0,0,0
2025-10-05,Shopping Grid,Seasonal Select Promo Initiative,Metro Region Loyalty Cohort,15908997,Family Planners Lookalike Segment,1718074286658736,Offer Spotlight Value Voice,2074777970281390,Brand Awareness,92.2438,29830,0,23875,39,100,100,100,100,561,353,0,0,0,0,47,0,116,0.3889,0,4,0,19798,0
2025-10-06,Shopping Grid,Family Pantry Retention Initiative,Metro Region Loyalty Cohort,15908997,Family Planners Lookalike Segment,1002710949555221,Offer Spotlight Bold Voice,7401589860358191,Brand Awareness,0.0000,0,0,0,0,0,0,0,0,0,0,0,0,0,0,0,0,0,0.0000,0,0,0,0,0
2025-10-07,Display Network,Family Pantry Retention Initiative,Metro Region Loyalty Cohort,86057605,Family Planners Lookalike Segment,1389792323919646,Shelf Story Warm Voice,1559200281199121,Brand Awareness,0.0000,0,0,0,0,0,0,0,0,0,0,0,0,0,0,0,0,0,0.0000,0,0,0,0,0
2025-10-08,Search Network,Family Pantry Retention Initiative,Metro Region Loyalty Cohort,15908997,Family Planners Lookalike Segment,1665761135741679,Shelf Story Warm Voice,2616618213121749,Brand Awareness,0.0000,0,0,0,0,0,0,0,0,0,0,0,0,0,0,0,0,0,0.0000,0,0,0,0,0
2025-10-09,Affiliate Network,Family Pantry Retention Initiative,Metro Region Conversion Cohort,15908997,Weekend Deal Hunters Interest Segment,6202516839870495,Shelf Story Value Voice,1077582730962642,Catalog Engagement,0.0000,0,0,0,0,0,0,0,0,0,0,0,0,0,0,0,0,0,0.0000,0,0,0,0,0
2025-10-10,Social Feed,Family Pantry Retention Initiative,Metro Region Loyalty Cohort,15908997,Health Conscious Buyers Interest Segment,9013382232369046,Shelf Story Warm Voice,1099249066640891,Brand Awareness,0.0000,0,0,0,0,0,0,0,0,0,0,0,0,0,0,0,0,0,0.0000,0,0,0,0,0
2025-10-11,In-App Display,Family Pantry Retention Initiative,Metro Region Loyalty Cohort,15908997,Health Conscious Buyers Interest Segment,9013382232369046,Shelf Story Warm Voice,1177430610668804,Brand Awareness,0.0000,0,0,0,0,0,0,0,0,0,0,0,0,0,0,0,0,0,0.0000,0,0,0,0,0
2025-10-12,Retail Media Network,Family Pantry Retention Initiative,Metro Region Loyalty Cohort,15908997,Family Planners Lookalike Segment,1665761135741679,Collection Showcase Warm Voice,5654112849815777,Brand Awareness,0.0000,0,0,0,0,0,0,0,0,0,0,0,0,0,0,0,0,0,0.0000,0,0,0,0,0
2025-10-13,Marketplace Feed,Family Pantry Retention Initiative,Metro Region Loyalty Cohort,15908997,Health Conscious Buyers Interest Segment,1474840462607869,Shelf Story Warm Voice,9110304031000052,Brand Awareness,0.0000,0,0,0,0,0,0,0,0,0,0,0,0,0,0,0,0,0,0.0000,0,0,0,0,0
2025-10-14,Video Network,Family Pantry Retention Initiative,Metro Region Loyalty Cohort,15908997,Health Conscious Buyers Retention Segment,1669733702699813,Shelf Story Warm Voice,4211876559793011,Brand Awareness,0.0000,0,0,0,0,0,0,0,0,0,0,0,0,0,0,0,0,0,0.0000,0,0,0,0,0
2025-10-15,Marketplace Feed,Seasonal Select Promo Initiative,Metro Region Loyalty Cohort,15908997,Health Conscious Buyers Retention Segment,3613956286158588,Shelf Story Warm Voice,2259713911990191,Brand Awareness,124.3431,30840,0,37066,59,100,100,100,100,716,528,0,0,1,0,13,0,138,0.4475,0,9,0,17033,0
2025-10-16,Connected TV,Weekend Saver Retention Initiative,Metro Region Loyalty Cohort,15908997,Family Planners Lookalike Segment,7248228093339312,Shelf Story Warm Voice,6451368560487732,Brand Awareness,0.0000,0,0,0,0,0,0,0,0,0,0,0,0,0,0,0,0,0,0.0000,0,0,0,0,0
2025-10-17,Connected TV,Family Pantry Retention Initiative,Metro Region Loyalty Cohort,15908997,Health Conscious Buyers Retention Segment,1669733702699813,Shelf Story Warm Voice,1837904232519606,Brand Awareness,0.0000,0,0,0,0,0,0,0,0,0,0,0,0,0,0,0,0,0,0.0000,0,0,0,0,0
2025-10-18,Video Network,Family Pantry Retention Initiative,Metro Region Loyalty Cohort,15908997,Health Conscious Buyers Interest Segment,9013382232369046,Shelf Story Warm Voice,1641518074556035,Brand Awareness,0.0000,0,0,0,0,0,0,0,0,0,0,0,0,0,0,0,0,0,0.0000,0,0,0,0,0
2025-10-19,Connected TV,Seasonal Select Promo Initiative,Metro Region Loyalty Cohort,15908997,Health Conscious Buyers Interest Segment,1532426936569806,Offer Spotlight Value Voice,2894551765052346,Brand Awareness,83.6344,18150,0,19247,53,100,100,100,100,428,394,0,0,0,0,25,0,51,0.2810,0,4,0,13602,0
2025-10-20,Display Network,Family Pantry Retention Initiative,Metro Region Loyalty Cohort,15908997,Health Conscious Buyers Interest Segment,9013382232369046,Shelf Story Warm Voice,5257839822274418,Brand Awareness,0.0000,0,0,0,0,0,0,0,0,0,0,0,0,0,0,0,0,0,0.0000,0,0,0,0,0
2025-10-21,Shopping Grid,Weekend Saver Retention Initiative,Metro Region Loyalty Cohort,15908997,Health Conscious Buyers Interest Segment,1334393532567969,Shelf Story Warm Voice,2520693897922300,Brand Awareness,0.0000,0,0,0,0,0,0,0,0,0,0,0,0,0,0,0,0,0,0.0000,0,0,0,0,0
2025-10-22,Marketplace Feed,Family Pantry Retention Initiative,Metro Region Loyalty Cohort,15908997,Health Conscious Buyers Retention Segment,1669733702699813,Shelf Story Bold Voice,4391005331160720,Brand Awareness,0.0000,0,0,0,0,0,0,0,0,0,0,0,0,0,0,0,0,0,0.0000,0,0,0,0,0
2025-10-23,Retail Media Network,Family Pantry Retention Initiative,Metro Region Loyalty Cohort,15908997,Health Conscious Buyers Retention Segment,4976789753470273,Offer Spotlight Bold Voice,1582932391745882,Brand Awareness,0.0000,0,0,0,0,0,0,0,0,0,0,0,0,0,0,0,0,0,0.0000,0,0,0,0,0
2025-10-24,Video Network,Weekend Saver Retention Initiative,Metro Region Loyalty Cohort,15908997,Family Planners Lookalike Segment,7248228093339312,Shelf Story Warm Voice,1150526236199258,Brand Awareness,0.0000,0,0,0,0,0,0,0,0,0,0,0,0,0,0,0,0,0,0.0000,0,0,0,0,0
2025-10-25,Influencer Network,Family Pantry Retention Initiative,Metro Region Loyalty Cohort,15908997,Family Planners Lookalike Segment,1665761135741679,Shelf Story Value Voice,5225143865411760,Brand Awareness,0.0000,0,0,0,0,0,0,0,0,0,0,0,0,0,0,0,0,0,0.0000,0,0,0,0,0
2025-10-26,Influencer Network,Family Pantry Retention Initiative,Metro Region Loyalty Cohort,15908997,Family Planners Lookalike Segment,1002710949555221,Offer Spotlight Bold Voice,7401589860358191,Brand Awareness,0.0000,0,0,0,0,0,0,0,0,0,0,0,0,0,0,0,0,0,0.0000,0,0,0,0,0
2025-10-27,Shopping Grid,Weekend Saver Retention Initiative,Metro Region Loyalty Cohort,15908997,Family Planners Lookalike Segment,7248228093339312,Price Drop Cut Value Voice,9781212069592701,Brand Awareness,0.0000,0,0,0,0,0,0,0,0,0,0,0,0,0,0,0,0,0,0.0000,0,0,0,0,0
2025-10-28,Discovery Network,Weekend Saver Retention Initiative,Metro Region Loyalty Cohort,15908997,Health Conscious Buyers Retention Segment,4136110625615180,Price Drop Cut Value Voice,1316048837324374,Brand Awareness,0.0000,0,0,0,0,0,0,0,0,0,0,0,0,0,0,0,0,0,0.0000,0,0,0,0,0
2025-10-29,Retail Media Network,Family Pantry Retention Initiative,Metro Region Loyalty Cohort,15908997,Family Planners Lookalike Segment,1665761135741679,Shelf Story Warm Voice,1450951256520921,Brand Awareness,0.0000,0,0,0,0,0,0,0,0,0,0,0,0,0,0,0,0,0,0.0000,0,0,0,0,0
2025-10-30,Connected TV,Weekend Saver Retention Initiative,Metro Region Loyalty Cohort,15908997,Health Conscious Buyers Interest Segment,1334393532567969,Shelf Story Warm Voice,8045514033882153,Brand Awareness,0.0000,0,0,0,0,0,0,0,0,0,0,0,0,0,0,0,0,0,0.0000,0,0,0,0,0
2025-10-31,In-App Display,Family Pantry Retention Initiative,Metro Region Loyalty Cohort,15908997,Health Conscious Buyers Retention Segment,1669733702699813,Promo Banner Friendly Voice,4647140982681565,Brand Awareness,0.0000,0,0,0,0,0,0,0,0,0,0,0,0,0,0,0,0,0,0.0000,0,0,0,0,0
2025-10-01,Marketplace Feed,Weekend Saver Retention Initiative,Metro Region Loyalty Cohort,15908997,Health Conscious Buyers Retention Segment,4136110625615180,Shelf Story Bold Voice,1238862856159509,Brand Awareness,0.0000,0,0,0,0,0,0,0,0,0,0,0,0,0,0,0,0,0,0.0000,0,0,0,0,0
2025-10-02,Discovery Network,Family Pantry Retention Initiative,Metro Region Loyalty Cohort,15908997,Health Conscious Buyers Retention Segment,1669733702699813,Collection Showcase Warm Voice,1788908453907262,Brand Awareness,0.0000,0,0,0,0,0,0,0,0,0,0,0,0,0,0,0,0,0,0.0000,0,0,0,0,0
2025-10-03,Video Network,Family Pantry Retention Initiative,Metro Region Loyalty Cohort,15908997,Family Planners Lookalike Segment,1002710949555221,Shelf Story Warm Voice,3185083078735744,Brand Awareness,0.0000,0,0,0,0,0,0,0,0,0,0,0,0,0,0,0,0,0,0.0000,0,0,0,0,0
2025-10-04,Video Network,Family Pantry Retention Initiative,Metro Region Loyalty Cohort,15908997,Health Conscious Buyers Retention Segment,4976789753470273,Shelf Story Warm Voice,1212856722898025,Brand Awareness,0.0000,0,0,0,0,0,0,0,0,0,0,0,0,0,0,0,0,0,0.0000,0,0,0,0,0
2025-10-05,Search Network,Family Pantry Retention Initiative,Metro Region Loyalty Cohort,15908997,Health Conscious Buyers Retention Segment,1669733702699813,Shelf Story Warm Voice,2604915282803870,Brand Awareness,0.0000,0,0,0,0,0,0,0,0,0,0,0,0,0,0,0,0,0,0.0000,0,0,0,0,0
2025-10-06,Shopping Grid,Seasonal Select Promo Initiative,Metro Region Loyalty Cohort,15908997,Health Conscious Buyers Retention Segment,3613956286158588,Shelf Story Bold Voice,1755467445485119,Brand Awareness,87.6180,28273,0,22412,43,100,100,100,100,273,250,0,0,0,0,16,0,74,0.2617,4,2,0,16327,0
2025-10-07,Search Network,Weekend Saver Retention Initiative,Metro Region Loyalty Cohort,15908997,Family Planners Lookalike Segment,7248228093339312,Offer Spotlight Bold Voice,1757288035719114,Brand Awareness,0.0000,0,0,0,0,0,0,0,0,0,0,0,0,0,0,0,0,0,0.0000,0,0,0,0,0
2025-10-08,Shopping Grid,Family Pantry Retention Initiative,Metro Region Loyalty Cohort,15908997,Family Planners Lookalike Segment,1665761135741679,Shelf Story Warm Voice,2793262031628184,Brand Awareness,0.0000,0,0,0,0,0,0,0,0,0,0,0,0,0,0,0,0,0,0.0000,0,0,0,0,0
2025-10-09,Marketplace Feed,Family Pantry Retention Initiative,Metro Region Loyalty Cohort,15908997,Health Conscious Buyers Interest Segment,9013382232369046,Promo Banner Friendly Voice,1538508227020088,Brand Awareness,0.0000,0,0,0,0,0,0,0,0,0,0,0,0,0,0,0,0,0,0.0000,0,0,0,0,0
2025-10-10,Display Network,Family Pantry Retention Initiative,Metro Region Conversion Cohort,15908997,Bulk Buyers Retention Segment,1412316301536073,Offer Spotlight Friendly Voice,9097155454198752,Catalog Engagement,0.0000,0,0,0,0,0,0,0,0,0,0,0,0,0,0,0,0,0,0.0000,0,0,0,0,0
2025-10-11,In-App Display,Weekend Saver Retention Initiative,Metro Region Loyalty Cohort,15908997,Family Planners Lookalike Segment,7248228093339312,Shelf Story Bold Voice,3411200546175283,Brand Awareness,0.0000,0,0,0,0,0,0,0,0,0,0,0,0,0,0,0,0,0,0.0000,0,0,0,0,0
2025-10-12,Shopping Grid,Family Pantry Retention Initiative,Metro Region Loyalty Cohort,15908997,Family Planners Lookalike Segment,1665761135741679,Promo Banner Friendly Voice,1647756988327695,Brand Awareness,0.0000,0,0,0,0,0,0,0,0,0,0,0,0,0,0,0,0,0,0.0000,0,0,0,0,0
2025-10-13,Retail Media Network,Seasonal Select Promo Initiative,Metro Region Loyalty Cohort,15908997,Family Planners Lookalike Segment,1718074286658736,Promo Banner Warm Voice,1089449421739833,Brand Awareness,181.1390,54521,0,40847,110,100,100,100,100,1501,1625,0,0,0,0,282,0,447,0.8199,1,4,0,35294,0
2025-10-14,Discovery Network,Weekend Saver Retention Initiative,Metro Region Loyalty Cohort,15908997,Health Conscious Buyers Retention Segment,4136110625615180,Shelf Story Warm Voice,5443423299390877,Brand Awareness,0.0000,0,0,0,0,0,0,0,0,0,0,0,0,0,0,0,0,0,0.0000,0,0,0,0,0
2025-10-15,In-App Display,Seasonal Select Promo Initiative,Metro Region Loyalty Cohort,15908997,Health Conscious Buyers Retention Segment,3613956286158588,Offer Spotlight Value Voice,9011752711561329,Brand Awareness,63.2711,14942,0,16100,52,100,100,100,100,250,285,0,0,0,0,9,0,50,0.3346,0,0,0,15359,0
2025-10-16,Shopping Grid,Family Pantry Retention Initiative,Metro Region Loyalty Cohort,15908997,Health Conscious Buyers Interest Segment,9013382232369046,Shelf Story Warm Voice,3768518651506601,Brand Awareness,0.0000,0,0,0,0,0,0,0,0,0,0,0,0,0,0,0,0,0,0.0000,0,0,0,0,0
2025-10-17,Retail Media Network,Weekend Saver Retention Initiative,Metro Region Loyalty Cohort,15908997,Family Planners Lookalike Segment,7248228093339312,Shelf Story Bold Voice,1269408759613688,Brand Awareness,0.0000,0,0,0,0,0,0,0,0,0,0,0,0,0,0,0,0,0,0.0000,0,0,0,0,0
2025-10-18,Search Network,Family Pantry Retention Initiative,Metro Region Loyalty Cohort,15908997,Health Conscious Buyers Interest Segment,9013382232369046,Shelf Story Bold Voice,5904212741788775,Brand Awareness,0.0000,0,0,0,0,0,0,0,0,0,0,0,0,0,0,0,0,0,0.0000,0,0,0,0,0
2025-10-19,Marketplace Feed,Family Pantry Retention Initiative,Metro Region Loyalty Cohort,15908997,Health Conscious Buyers Interest Segment,9013382232369046,Price Drop Cut Value Voice,4186893344787278,Brand Awareness,0.0000,0,0,0,0,0,0,0,0,0,0,0,0,0,0,0,0,0,0.0000,0,0,0,0,0
2025-10-20,Search Network,Family Pantry Retention Initiative,Metro Region Loyalty Cohort,15908997,Health Conscious Buyers Interest Segment,1474840462607869,Shelf Story Warm Voice,5682500646683685,Brand Awareness,0.0000,0,0,0,0,0,0,0,0,0,0,0,0,0,0,0,0,0,0.0000,0,0,0,0,0
2025-10-21,Affiliate Network,Seasonal Select Promo Initiative,Metro Region Loyalty Cohort,15908997,Family Planners Lookalike Segment,1718074286658736,Shelf Story Bold Voice,4278310985669178,Brand Awareness,199.2512,64903,0,60637,82,100,100,100,100,832,569,0,0,0,0,148,0,279,0.4299,0,3,0,83405,0
2025-10-22,Discovery Network,Family Pantry Retention Initiative,Metro Region Loyalty Cohort,15908997,Family Planners Lookalike Segment,1665761135741679,Shelf Story Warm Voice,2902136042807068,Brand Awareness,0.0000,0,0,0,0,0,0,0,0,0,0,0,0,0,0,0,0,0,0.0000,0,0,0,0,0
2025-10-23,Search Network,Seasonal Select Promo Initiative,Metro Region Loyalty Cohort,15908997,Health Conscious Buyers Retention Segment,3613956286158588,Promo Banner Warm Voice,3456261421148856,Brand Awareness,131.2516,35276,0,24776,142,100,100,100,100,1087,1315,0,0,1,0,50,0,184,0.5216,1,3,0,35815,0
2025-10-24,Influencer Network,Family Pantry Retention Initiative,Metro Region Loyalty Cohort,15908997,Health Conscious Buyers Interest Segment,1474840462607869,Shelf Story Warm Voice,4340134105081797,Brand Awareness,0.0000,0,0,0,0,0,0,0,0,0,0,0,0,0,0,0,0,0,0.0000,0,0,0,0,0
2025-10-25,Display Network,Weekend Saver Retention Initiative,Metro Region Loyalty Cohort,15908997,Health Conscious Buyers Retention Segment,4136110625615180,Shelf Story Warm Voice,1781261912151237,Brand Awareness,0.0000,0,0,0,0,0,0,0,0,0,0,0,0,0,0,0,0,0,0.0000,0,0,0,0,0
2025-10-26,In-App Display,Family Pantry Retention Initiative,Metro Region Loyalty Cohort,15908997,Health Conscious Buyers Interest Segment,9013382232369046,Promo Banner Friendly Voice,1255871739760170,Brand Awareness,0.0000,0,0,0,0,0,0,0,0,0,0,0,0,0,0,0,0,0,0.0000,0,0,0,0,0
2025-10-27,Influencer Network,Weekend Saver Retention Initiative,Metro Region Loyalty Cohort,15908997,Health Conscious Buyers Interest Segment,1334393532567969,Shelf Story Bold Voice,7232280368739505,Brand Awareness,0.0000,0,0,0,0,0,0,0,0,0,0,0,0,0,0,0,0,0,0.0000,0,0,0,0,0
2025-10-28,In-App Display,Seasonal Select Promo Initiative,Metro Region Loyalty Cohort,15908997,Health Conscious Buyers Interest Segment,1532426936569806,Offer Spotlight Bold Voice,4433422745438620,Brand Awareness,69.7782,19642,0,22764,61,100,100,100,100,269,296,0,0,0,0,29,0,125,0.6364,0,0,0,30068,0
2025-10-29,In-App Display,Family Pantry Retention Initiative,Metro Region Loyalty Cohort,15908997,Health Conscious Buyers Retention Segment,4976789753470273,Shelf Story Warm Voice,5506678816268127,Brand Awareness,0.0000,0,0,0,0,0,0,0,0,0,0,0,0,0,0,0,0,0,0.0000,0,0,0,0,0
2025-10-30,Affiliate Network,Family Pantry Retention Initiative,Metro Region Loyalty Cohort,15908997,Health Conscious Buyers Retention Segment,1669733702699813,Price Drop Cut Value Voice,6906673719698824,Brand Awareness,0.0000,0,0,0,0,0,0,0,0,0,0,0,0,0,0,0,0,0,0.0000,0,0,0,0,0
2025-10-31,Display Network,Weekend Saver Retention Initiative,Metro Region Loyalty Cohort,15908997,Health Conscious Buyers Interest Segment,1334393532567969,Price Drop Cut Value Voice,2051943278335934,Brand Awareness,0.0000,0,0,0,0,0,0,0,0,0,0,0,0,0,0,0,0,0,0.0000,0,0,0,0,0
2025-10-01,Retail Media Network,Seasonal Select Promo Initiative,Metro Region Loyalty Cohort,15908997,Health Conscious Buyers Interest Segment,1532426936569806,Promo Banner Warm Voice,5732401046815275,Brand Awareness,236.2365,48199,0,47063,135,100,100,100,100,1305,1717,0,0,0,0,144,0,205,0.4253,0,4,0,52511,0
2025-10-02,Display Network,Family Pantry Retention Initiative,Metro Region Loyalty Cohort,15908997,Health Conscious Buyers Retention Segment,1669733702699813,Shelf Story Value Voice,1365467474223726,Brand Awareness,0.0000,0,0,0,0,0,0,0,0,0,0,0,0,0,0,0,0,0,0.0000,0,0,0,0,0
2025-10-03,Social Feed,Family Pantry Retention Initiative,Metro Region Loyalty Cohort,15908997,Health Conscious Buyers Interest Segment,9013382232369046,Collection Showcase Warm Voice,3199746654625132,Brand Awareness,0.0000,0,0,0,0,0,0,0,0,0,0,0,0,0,0,0,0,0,0.0000,0,0,0,0,0
2025-10-04,Display Network,Family Pantry Retention Initiative,Metro Region Loyalty Cohort,15908997,Health Conscious Buyers Retention Segment,4976789753470273,Shelf Story Warm Voice,4041974945367907,Brand Awareness,0.0000,0,0,0,0,0,0,0,0,0,0,0,0,0,0,0,0,0,0.0000,0,0,0,0,0
2025-10-05,Display Network,Family Pantry Retention Initiative,Metro Region Loyalty Cohort,15908997,Health Conscious Buyers Retention Segment,1669733702699813,Shelf Story Warm Voice,1173063753252113,Brand Awareness,0.0000,0,0,0,0,0,0,0,0,0,0,0,0,0,0,0,0,0,0.0000,0,0,0,0,0
2025-10-06,Discovery Network,Family Pantry Retention Initiative,Metro Region Loyalty Cohort,15908997,Family Planners Lookalike Segment,1002710949555221,Shelf Story Warm Voice,5797898098365146,Brand Awareness,0.0000,0,0,0,0,0,0,0,0,0,0,0,0,0,0,0,0,0,0.0000,0,0,0,0,0
2025-10-07,Video Network,Seasonal Select Promo Initiative,Metro Region Loyalty Cohort,15908997,Family Planners Lookalike Segment,1718074286658736,Offer Spotlight Bold Voice,1638167476571035,Brand Awareness,98.0783,34273,0,20249,67,100,100,100,100,394,248,0,0,0,0,54,0,109,0.3180,0,1,0,43079,0
2025-10-08,Video Network,Family Pantry Retention Initiative,Metro Region Loyalty Cohort,15908997,Health Conscious Buyers Interest Segment,1474840462607869,Shelf Story Warm Voice,8486205212439809,Brand Awareness,0.0000,0,0,0,0,0,0,0,0,0,0,0,0,0,0,0,0,0,0.0000,0,0,0,0,0
2025-10-09,Influencer Network,Family Pantry Retention Initiative,Metro Region Loyalty Cohort,15908997,Family Planners Lookalike Segment,1665761135741679,Price Drop Cut Value Voice,1192366617925175,Brand Awareness,0.0000,0,0,0,0,0,0,0,0,0,0,0,0,0,0,0,0,0,0.0000,0,0,0,0,0
2025-10-10,Search Network,Family Pantry Retention Initiative,Metro Region Loyalty Cohort,15908997,Family Planners Lookalike Segment,1002710949555221,Shelf Story Warm Voice,1655044419034925,Brand Awareness,0.0000,0,0,0,0,0,0,0,0,0,0,0,0,0,0,0,0,0,0.0000,0,0,0,0,0
2025-10-11,Influencer Network,Weekend Saver Retention Initiative,Metro Region Loyalty Cohort,15908997,Family Planners Lookalike Segment,7248228093339312,Price Drop Cut Value Voice,9318406623487279,Brand Awareness,0.0000,0,0,0,0,0,0,0,0,0,0,0,0,0,0,0,0,0,0.0000,0,0,0,0,0
2025-10-12,In-App Display,Weekend Saver Retention Initiative,Metro Region Loyalty Cohort,15908997,Health Conscious Buyers Retention Segment,4136110625615180,Price Drop Cut Value Voice,1682844113945221,Brand Awareness,0.0000,0,0,0,0,0,0,0,0,0,0,0,0,0,0,0,0,0,0.0000,0,0,0,0,0
2025-10-13,Influencer Network,Family Pantry Retention Initiative,Metro Region Conversion Cohort,15908997,Bulk Buyers Retention Segment,1777717557426296,Shelf Story Value Voice,8084225603313437,Catalog Engagement,0.0000,0,0,0,0,0,0,0,0,0,0,0,0,0,0,0,0,0,0.0000,0,0,0,0,0
2025-10-14,Video Network,Weekend Saver Retention Initiative,Metro Region Loyalty Cohort,15908997,Health Conscious Buyers Retention Segment,4136110625615180,Shelf Story Bold Voice,5160906508093401,Brand Awareness,0.0000,0,0,0,0,0,0,0,0,0,0,0,0,0,0,0,0,0,0.0000,0,0,0,0,0
2025-10-15,Display Network,Family Pantry Retention Initiative,Metro Region Conversion Cohort,38881639,Family Planners Lookalike Segment,1010331617086390,Shelf Story Warm Voice,1022962676348579,Brand Awareness,0.0000,0,0,0,0,0,0,0,0,0,0,0,0,0,0,0,0,0,0.0000,0,0,0,0,0
2025-10-16,Display Network,Seasonal Select Promo Initiative,Metro Region Loyalty Cohort,15908997,Health Conscious Buyers Interest Segment,1532426936569806,Shelf Story Warm Voice,9953353036347574,Brand Awareness,198.2475,70862,0,44505,105,100,100,100,100,1153,1312,0,0,0,0,66,0,247,0.3486,0,7,0,53564,0
2025-10-17,In-App Display,Family Pantry Retention Initiative,Metro Region Loyalty Cohort,15908997,Health Conscious Buyers Retention Segment,1669733702699813,Shelf Story Warm Voice,5602072675253918,Brand Awareness,0.0000,0,0,0,0,0,0,0,0,0,0,0,0,0,0,0,0,0,0.0000,0,0,0,0,0
2025-10-18,Shopping Grid,Family Pantry Retention Initiative,Metro Region Loyalty Cohort,15908997,Family Planners Lookalike Segment,1665761135741679,Shelf Story Warm Voice,1280290142112652,Brand Awareness,0.0000,0,0,0,0,0,0,0,0,0,0,0,0,0,0,0,0,0,0.0000,0,0,0,0,0
2025-10-19,Affiliate Network,Family Pantry Retention Initiative,Metro Region Loyalty Cohort,86057605,Health Conscious Buyers Interest Segment,1317849022166581,Shelf Story Warm Voice,4835139745633214,Brand Awareness,0.0000,0,0,0,0,0,0,0,0,0,0,0,0,0,0,0,0,0,0.0000,0,0,0,0,0
2025-10-20,Affiliate Network,Seasonal Select Promo Initiative,Metro Region Loyalty Cohort,15908997,Health Conscious Buyers Retention Segment,3613956286158588,Offer Spotlight Bold Voice,4607696881668990,Brand Awareness,26.8709,11567,0,7713,14,31,100,65,37,78,65,0,0,0,0,9,0,23,0.1988,0,0,0,9488,0
2025-10-21,Marketplace Feed,Family Pantry Retention Initiative,Metro Region Loyalty Cohort,15908997,Health Conscious Buyers Interest Segment,9013382232369046,Shelf Story Warm Voice,8148838999548557,Brand Awareness,0.0000,0,0,0,0,0,0,0,0,0,0,0,0,0,0,0,0,0,0.0000,0,0,0,0,0
2025-10-22,Social Feed,Family Pantry Retention Initiative,Metro Region Loyalty Cohort,15908997,Health Conscious Buyers Interest Segment,1474840462607869,Offer Spotlight Bold Voice,3530423296641236,Brand Awareness,0.0000,0,0,0,0,0,0,0,0,0,0,0,0,0,0,0,0,0,0.0000,0,0,0,0,0
2025-10-23,Social Feed,Seasonal Select Promo Initiative,Metro Region Loyalty Cohort,15908997,Family Planners Lookalike Segment,1718074286658736,Offer Spotlight Value Voice,2074777970281390,Brand Awareness,162.2581,29374,0,31773,64,100,100,100,100,621,510,0,0,0,0,52,0,175,0.5958,0,3,0,23813,0
2025-10-24,Search Network,Weekend Saver Retention Initiative,Metro Region Loyalty Cohort,15908997,Health Conscious Buyers Retention Segment,4136110625615180,Offer Spotlight Bold Voice,3833443174798849,Brand Awareness,0.0000,0,0,0,0,0,0,0,0,0,0,0,0,0,0,0,0,0,0.0000,0,0,0,0,0
2025-10-25,Video Network,Family Pantry Retention Initiative,Metro Region Loyalty Cohort,15908997,Health Conscious Buyers Retention Segment,4976789753470273,Shelf Story Warm Voice,1220076337258804,Brand Awareness,0.0000,0,0,0,0,0,0,0,0,0,0,0,0,0,0,0,0,0,0.0000,0,0,0,0,0
2025-10-26,Display Network,Family Pantry Retention Initiative,Metro Region Loyalty Cohort,15908997,Health Conscious Buyers Retention Segment,1669733702699813,Promo Banner Friendly Voice,1414897562821209,Brand Awareness,0.0000,0,0,0,0,0,0,0,0,0,0,0,0,0,0,0,0,0,0.0000,0,0,0,0,0
2025-10-27,Discovery Network,Family Pantry Retention Initiative,Metro Region Loyalty Cohort,15908997,Family Planners Lookalike Segment,1002710949555221,Shelf Story Warm Voice,1647332301297595,Brand Awareness,0.0000,0,0,0,0,0,0,0,0,0,0,0,0,0,0,0,0,0,0.0000,0,0,0,0,0
2025-10-28,Retail Media Network,Family Pantry Retention Initiative,Metro Region Loyalty Cohort,15908997,Health Conscious Buyers Retention Segment,1669733702699813,Shelf Story Warm Voice,6197978194612129,Brand Awareness,0.0000,0,0,0,0,0,0,0,0,0,0,0,0,0,0,0,0,0,0.0000,0,0,0,0,0
2025-10-29,In-App Display,Seasonal Select Promo Initiative,Metro Region Loyalty Cohort,15908997,Health Conscious Buyers Interest Segment,1532426936569806,Shelf Story Bold Voice,1082336609132049,Brand Awareness,186.1419,43393,0,32024,83,100,100,100,100,761,551,0,0,0,0,46,0,193,0.4448,0,2,0,63619,0
2025-10-30,Shopping Grid,Weekend Saver Retention Initiative,Metro Region Loyalty Cohort,15908997,Health Conscious Buyers Interest Segment,1334393532567969,Shelf Story Bold Voice,8314765461987923,Brand Awareness,0.0000,0,0,0,0,0,0,0,0,0,0,0,0,0,0,0,0,0,0.0000,0,0,0,0,0
2025-10-31,Shopping Grid,Family Pantry Retention Initiative,Metro Region Loyalty Cohort,15908997,Family Planners Lookalike Segment,1665761135741679,Promo Banner Friendly Voice,6598720554447191,Brand Awareness,0.0000,0,0,0,0,0,0,0,0,0,0,0,0,0,0,0,0,0,0.0000,0,0,0,0,0
2025-10-01,Shopping Grid,Seasonal Select Promo Initiative,Metro Region Loyalty Cohort,15908997,Family Planners Lookalike Segment,1718074286658736,Shelf Story Warm Voice,1533493773187614,Brand Awareness,285.0523,72065,0,64380,196,100,100,100,100,1057,1210,0,0,0,0,88,0,422,0.5856,2,5,0,41523,0
2025-10-02,Display Network,Seasonal Select Promo Initiative,Metro Region Loyalty Cohort,15908997,Health Conscious Buyers Interest Segment,1532426936569806,Shelf Story Warm Voice,7193200529405455,Brand Awareness,225.5337,31311,0,60077,83,100,100,100,100,864,913,0,0,0,0,38,0,251,0.8016,0,2,0,35544,0
2025-10-03,Connected TV,Weekend Saver Retention Initiative,Metro Region Loyalty Cohort,15908997,Health Conscious Buyers Interest Segment,1334393532567969,Offer Spotlight Bold Voice,3220054077294586,Brand Awareness,0.0000,0,0,0,0,0,0,0,0,0,0,0,0,0,0,0,0,0,0.0000,0,0,0,0,0
2025-10-04,Affiliate Network,Family Pantry Retention Initiative,Metro Region Loyalty Cohort,15908997,Health Conscious Buyers Interest Segment,9013382232369046,Shelf Story Value Voice,1103993184708534,Brand Awareness,0.0000,0,0,0,0,0,0,0,0,0,0,0,0,0,0,0,0,0,0.0000,0,0,0,0,0
2025-10-05,Shopping Grid,Family Pantry Retention Initiative,Metro Region Loyalty Cohort,15908997,Family Planners Lookalike Segment,1665761135741679,Shelf Story Warm Voice,6549680554582288,Brand Awareness,0.0000,0,0,0,0,0,0,0,0,0,0,0,0,0,0,0,0,0,0.0000,0,0,0,0,0
2025-10-06,Shopping Grid,Family Pantry Retention Initiative,Metro Region Conversion Cohort,15908997,Bulk Buyers Retention Segment,1096889057602193,Offer Spotlight Friendly Voice,5703717592430862,Catalog Engagement,0.0000,0,0,0,0,0,0,0,0,0,0,0,0,0,0,0,0,0,0.0000,0,0,0,0,0
2025-10-07,In-App Display,Weekend Saver Retention Initiative,Metro Region Loyalty Cohort,15908997,Health Conscious Buyers Interest Segment,1334393532567969,Price Drop Cut Value Voice,1109002298095593,Brand Awareness,0.0000,0,0,0,0,0,0,0,0,0,0,0,0,0,0,0,0,0,0.0000,0,0,0,0,0
2025-10-08,In-App Display,Seasonal Select Promo Initiative,Metro Region Loyalty Cohort,15908997,Family Planners Lookalike Segment,1718074286658736,Shelf Story Warm Voice,1532291780998103,Brand Awareness,138.3043,34672,0,38259,116,100,100,100,100,1016,901,0,0,0,0,140,0,256,0.7383,0,3,0,45414,0
2025-10-09,Search Network,Seasonal Select Promo Initiative,Metro Region Loyalty Cohort,15908997,Health Conscious Buyers Retention Segment,3613956286158588,Shelf Story Warm Voice,9626373394400677,Brand Awareness,107.8094,20277,0,18949,78,100,100,100,100,512,403,0,0,0,0,30,0,112,0.5523,0,2,0,20409,0
2025-10-10,Video Network,Family Pantry Retention Initiative,Metro Region Loyalty Cohort,15908997,Family Planners Lookalike Segment,1665761135741679,Shelf Story Bold Voice,1220357368781053,Brand Awareness,0.0000,0,0,0,0,0,0,0,0,0,0,0,0,0,0,0,0,0,0.0000,0,0,0,0,0
2025-10-11,Affiliate Network,Weekend Saver Retention Initiative,Metro Region Loyalty Cohort,15908997,Family Planners Lookalike Segment,7248228093339312,Shelf Story Bold Voice,1269408759613688,Brand Awareness,161.7785,41957,0,48022,97,92,100,100,100,362,408,0,0,0,0,30,0,158,0.3766,0,2,0,27321,0
2025-10-12,Display Network,Family Pantry Retention Initiative,Metro Region Loyalty Cohort,15908997,Health Conscious Buyers Interest Segment,9013382232369046,Shelf Story Bold Voice,5904212741788775,Brand Awareness,32.1589,5489,0,4160,5,8,49,23,11,50,45,0,0,0,0,5,0,24,0.4372,1,0,0,3677,0
2025-10-13,Discovery Network,Family Pantry Retention Initiative,Metro Region Loyalty Cohort,15908997,Family Planners Lookalike Segment,1665761135741679,Promo Banner Friendly Voice,1647756988327695,Brand Awareness,298.7371,44539,0,49959,161,100,100,100,100,1982,1906,0,0,0,0,765,0,884,1.9848,1,8,0,57191,0
2025-10-14,Influencer Network,Family Pantry Retention Initiative,Metro Region Loyalty Cohort,15908997,Family Planners Lookalike Segment,1665761135741679,Shelf Story Warm Voice,2793262031628184,Brand Awareness,266.7015,44449,0,53540,201,100,100,100,100,3144,3236,0,0,2,0,835,0,427,0.9607,8,15,0,36690,0
2025-10-15,Video Network,Weekend Saver Retention Initiative,Metro Region Loyalty Cohort,15908997,Health Conscious Buyers Retention Segment,4136110625615180,Shelf Story Warm Voice,1781261912151237,Brand Awareness,39.6062,5621,0,8015,16,38,100,82,41,137,91,0,0,0,0,6,0,29,0.5159,0,0,0,4032,0
2025-10-16,Video Network,Family Pantry Retention Initiative,Metro Region Loyalty Cohort,15908997,Health Conscious Buyers Interest Segment,9013382232369046,Promo Banner Friendly Voice,1255871739760170,Brand Awareness,18.1811,2595,0,3618,8,5,26,11,6,27,20,0,0,0,0,5,0,17,0.6551,0,0,0,3771,0
2025-10-17,Marketplace Feed,Family Pantry Retention Initiative,Metro Region Loyalty Cohort,15908997,Health Conscious Buyers Interest Segment,9013382232369046,Shelf Story Warm Voice,3768518651506601,Brand Awareness,22.9867,4833,0,4696,5,13,68,29,17,61,33,0,0,0,0,4,0,21,0.4345,0,0,0,4574,0
2025-10-18,Shopping Grid,Weekend Saver Retention Initiative,Metro Region Loyalty Cohort,15908997,Health Conscious Buyers Interest Segment,1334393532567969,Shelf Story Bold Voice,8314765461987923,Brand Awareness,72.3826,14577,0,14624,55,74,100,100,98,252,241,0,0,0,0,65,0,85,0.5831,0,1,0,13907,0
2025-10-19,Affiliate Network,Family Pantry Retention Initiative,Metro Region Loyalty Cohort,15908997,Health Conscious Buyers Interest Segment,1474840462607869,Shelf Story Warm Voice,4340134105081797,Brand Awareness,589.4275,78842,0,76289,175,100,100,100,100,10445,6803,0,0,2,0,1463,0,1431,1.8150,4,29,0,66617,0
2025-10-20,Display Network,Family Pantry Retention Initiative,Metro Region Loyalty Cohort,15908997,Health Conscious Buyers Retention Segment,1669733702699813,Shelf Story Warm Voice,2604915282803870,Brand Awareness,10.3218,1724,0,1504,1,4,24,12,5,23,14,0,0,0,0,3,0,2,0.1160,0,0,0,1438,0
2025-10-21,Video Network,Seasonal Select Promo Initiative,Metro Region Loyalty Cohort,15908997,Family Planners Lookalike Segment,1718074286658736,Shelf Story Warm Voice,1533493773187614,Brand Awareness,444.2264,75728,0,54690,211,100,100,100,100,1689,1273,0,0,1,0,248,0,420,0.5546,2,2,0,68712,0
2025-10-22,Marketplace Feed,Family Pantry Retention Initiative,Metro Region Loyalty Cohort,15908997,Family Planners Lookalike Segment,1002710949555221,Offer Spotlight Bold Voice,7401589860358191,Brand Awareness,19.7331,4514,0,4733,9,17,98,31,28,95,91,0,0,0,0,16,0,30,0.6646,0,1,0,5557,0
2025-10-23,Discovery Network,Family Pantry Retention Initiative,Metro Region Loyalty Cohort,15908997,Health Conscious Buyers Retention Segment,4976789753470273,Shelf Story Warm Voice,1220076337258804,Brand Awareness,32.8619,6764,0,5637,11,22,100,69,40,156,158,0,0,0,0,14,0,36,0.5322,0,0,0,7457,0
2025-10-24,In-App Display,Seasonal Select Promo Initiative,Metro Region Loyalty Cohort,15908997,Health Conscious Buyers Interest Segment,1532426936569806,Offer Spotlight Value Voice,2894551765052346,Brand Awareness,48.5247,7731,0,9161,33,100,100,100,100,299,258,0,0,0,0,12,0,47,0.6079,0,2,0,9687,0
2025-10-25,Shopping Grid,Seasonal Select Promo Initiative,Metro Region Loyalty Cohort,15908997,Health Conscious Buyers Retention Segment,3613956286158588,Offer Spotlight Bold Voice,4607696881668990,Brand Awareness,5.4859,1323,0,2248,1,12,47,19,11,25,16,0,0,0,0,0,0,2,0.1512,0,0,0,1054,0
2025-10-26,In-App Display,Family Pantry Retention Initiative,Metro Region Loyalty Cohort,15908997,Family Planners Lookalike Segment,1665761135741679,Shelf Story Bold Voice,1220357368781053,Brand Awareness,17.0931,2514,0,4231,7,5,23,7,6,35,24,0,0,0,0,12,0,16,0.6364,0,0,0,2513,0
2025-10-27,Discovery Network,Family Pantry Retention Initiative,Metro Region Loyalty Cohort,15908997,Health Conscious Buyers Interest Segment,9013382232369046,Price Drop Cut Value Voice,4186893344787278,Brand Awareness,35.1108,5166,0,7254,14,19,100,43,29,58,50,0,0,0,0,5,0,27,0.5226,0,0,0,6077,0
2025-10-28,Video Network,Family Pantry Retention Initiative,Metro Region Loyalty Cohort,15908997,Health Conscious Buyers Interest Segment,9013382232369046,Shelf Story Warm Voice,8148838999548557,Brand Awareness,46.4848,6179,0,8885,22,47,100,61,50,133,99,0,0,0,0,8,0,26,0.4208,0,0,0,7700,0
2025-10-29,In-App Display,Seasonal Select Promo Initiative,Metro Region Loyalty Cohort,15908997,Family Planners Lookalike Segment,1718074286658736,Offer Spotlight Value Voice,2074777970281390,Brand Awareness,173.9624,41562,0,31447,118,100,100,100,100,869,863,0,0,0,0,114,0,211,0.5077,3,5,0,32520,0
2025-10-30,In-App Display,Weekend Saver Retention Initiative,Metro Region Loyalty Cohort,15908997,Family Planners Lookalike Segment,7248228093339312,Offer Spotlight Bold Voice,1757288035719114,Brand Awareness,151.6034,28623,0,24949,50,39,100,100,62,211,122,0,0,0,0,33,0,82,0.2865,0,2,0,25899,0
2025-10-31,Affiliate Network,Family Pantry Retention Initiative,Metro Region Loyalty Cohort,15908997,Family Planners Lookalike Segment,1002710949555221,Shelf Story Warm Voice,3185083078735744,Brand Awareness,64.6975,8571,0,14585,55,100,100,100,100,1183,924,0,0,1,0,83,0,201,2.3451,1,4,0,7982,0
2025-10-01,Display Network,Weekend Saver Retention Initiative,Metro Region Loyalty Cohort,15908997,Health Conscious Buyers Interest Segment,1334393532567969,Shelf Story Warm Voice,2520693897922300,Brand Awareness,143.5772,23187,0,28003,43,100,100,100,100,724,713,0,0,2,0,190,0,332,1.4318,3,1,0,34453,0
2025-10-02,Marketplace Feed,Family Pantry Retention Initiative,Metro Region Loyalty Cohort,15908997,Family Planners Lookalike Segment,1665761135741679,Shelf Story Warm Voice,6549680554582288,Brand Awareness,122.9926,22964,0,35587,49,71,100,100,100,260,179,0,0,0,0,23,0,101,0.4398,0,0,0,16969,0
2025-10-03,Discovery Network,Weekend Saver Retention Initiative,Metro Region Loyalty Cohort,15908997,Health Conscious Buyers Retention Segment,4136110625615180,Offer Spotlight Bold Voice,3833443174798849,Brand Awareness,19.0484,6608,0,5520,5,13,58,18,13,37,31,0,0,0,0,1,0,11,0.1665,0,1,0,6364,0
2025-10-04,Social Feed,Family Pantry Retention Initiative,Metro Region Loyalty Cohort,15908997,Health Conscious Buyers Retention Segment,1669733702699813,Promo Banner Friendly Voice,1414897562821209,Brand Awareness,11.1709,2150,0,1122,2,3,14,7,3,17,16,0,0,0,0,1,0,6,0.2791,0,0,0,1520,0
2025-10-05,Marketplace Feed,Family Pantry Retention Initiative,Metro Region Loyalty Cohort,15908997,Health Conscious Buyers Interest Segment,1474840462607869,Offer Spotlight Bold Voice,3530423296641236,Brand Awareness,58.7867,9798,0,12381,48,38,100,100,64,465,585,0,0,0,0,78,0,133,1.3574,0,1,0,9786,0
2025-10-06,Display Network,Family Pantry Retention Initiative,Metro Region Loyalty Cohort,15908997,Health Conscious Buyers Interest Segment,1474840462607869,Shelf Story Warm Voice,9110304031000052,Brand Awareness,328.5365,29180,0,23691,88,100,100,100,100,2571,1995,0,0,0,0,372,0,525,1.7992,1,5,0,26650,0
2025-10-07,Marketplace Feed,Family Pantry Retention Initiative,Metro Region Loyalty Cohort,15908997,Family Planners Lookalike Segment,1665761135741679,Promo Banner Friendly Voice,6598720554447191,Brand Awareness,15.5742,1859,0,2460,1,4,19,9,5,22,19,0,0,0,0,7,0,8,0.4303,0,0,0,1891,0
2025-10-08,Influencer Network,Family Pantry Retention Initiative,Metro Region Loyalty Cohort,15908997,Health Conscious Buyers Retention Segment,1669733702699813,Shelf Story Warm Voice,6197978194612129,Brand Awareness,10.0426,1278,0,1314,4,5,19,10,4,17,24,0,0,0,0,2,0,9,0.7042,0,0,0,999,0
2025-10-09,Affiliate Network,Weekend Saver Retention Initiative,Metro Region Loyalty Cohort,15908997,Family Planners Lookalike Segment,7248228093339312,Shelf Story Bold Voice,3411200546175283,Brand Awareness,112.6150,12430,0,25245,64,100,100,100,100,741,499,0,0,1,0,51,0,114,0.9171,0,3,0,17809,0
2025-10-10,In-App Display,Seasonal Select Promo Initiative,Metro Region Loyalty Cohort,15908997,Health Conscious Buyers Retention Segment,3613956286158588,Shelf Story Bold Voice,1755467445485119,Brand Awareness,55.3729,12462,0,7126,23,100,100,100,100,188,126,0,0,0,0,10,0,55,0.4413,0,0,0,6309,0
2025-10-11,Shopping Grid,Family Pantry Retention Initiative,Metro Region Loyalty Cohort,15908997,Health Conscious Buyers Retention Segment,4976789753470273,Shelf Story Warm Voice,1212856722898025,Brand Awareness,44.6148,8006,0,9912,16,77,100,100,82,258,226,0,0,0,0,16,0,47,0.5871,0,0,0,7573,0
2025-10-12,Influencer Network,Family Pantry Retention Initiative,Metro Region Loyalty Cohort,15908997,Health Conscious Buyers Interest Segment,9013382232369046,Shelf Story Value Voice,1103993184708534,Brand Awareness,61.2150,20213,0,20205,39,67,100,100,68,204,239,0,0,0,0,32,0,83,0.4106,1,1,0,27426,0
2025-10-13,Marketplace Feed,Seasonal Select Promo Initiative,Metro Region Loyalty Cohort,15908997,Family Planners Lookalike Segment,1718074286658736,Promo Banner Warm Voice,1089449421739833,Brand Awareness,308.8742,45405,0,67609,238,100,100,100,100,2227,1543,0,0,1,0,503,0,779,1.7157,0,11,0,75665,0
2025-10-14,In-App Display,Weekend Saver Retention Initiative,Metro Region Loyalty Cohort,15908997,Health Conscious Buyers Retention Segment,4136110625615180,Shelf Story Bold Voice,5160906508093401,Brand Awareness,22.3407,5955,0,7417,18,40,100,100,70,223,186,0,0,0,0,9,0,41,0.6885,0,0,0,7180,0
2025-10-15,Search Network,Seasonal Select Demand Initiative,Metro Region Loyalty Cohort,15908997,Health Conscious Buyers Retention Segment,9223925519536552,Offer Spotlight Bold Voice,1119314133689227,Catalog Engagement,0.0000,0,0,0,0,0,0,0,0,0,0,0,0,0,0,0,0,0,0.0000,0,0,0,0,0
2025-10-16,Marketplace Feed,Weekend Saver Retention Initiative,Metro Region Loyalty Cohort,15908997,Health Conscious Buyers Retention Segment,4136110625615180,Price Drop Cut Value Voice,1316048837324374,Brand Awareness,81.0728,14398,0,18968,29,89,100,100,100,343,285,0,0,0,0,31,0,66,0.4584,0,1,0,13349,0
2025-10-17,In-App Display,Family Pantry Retention Initiative,Metro Region Loyalty Cohort,15908997,Family Planners Lookalike Segment,1665761135741679,Shelf Story Warm Voice,2616618213121749,Brand Awareness,865.6772,169264,0,180859,609,100,100,100,100,23471,25823,0,0,29,0,3812,0,6428,3.7976,43,216,0,125398,0
2025-10-18,Display Network,Seasonal Select Promo Initiative,Metro Region Loyalty Cohort,15908997,Health Conscious Buyers Interest Segment,1532426936569806,Shelf Story Warm Voice,9953353036347574,Brand Awareness,302.7531,37219,0,46105,81,100,100,100,100,1064,1572,0,0,0,0,93,0,154,0.4138,0,4,0,30979,0
2025-10-19,Shopping Grid,Seasonal Select Promo Initiative,Metro Region Loyalty Cohort,15908997,Health Conscious Buyers Interest Segment,1532426936569806,Shelf Story Warm Voice,7193200529405455,Brand Awareness,111.3745,22174,0,15969,32,100,100,100,100,311,367,0,0,0,0,31,0,65,0.2931,0,2,0,17186,0
2025-10-20,Video Network,Seasonal Select Promo Initiative,Metro Region Loyalty Cohort,15908997,Health Conscious Buyers Retention Segment,3613956286158588,Promo Banner Warm Voice,3456261421148856,Brand Awareness,132.2964,25802,0,18597,73,100,100,100,100,982,568,0,0,0,0,55,0,146,0.5658,0,2,0,29184,0
2025-10-21,Shopping Grid,Family Pantry Retention Initiative,Metro Region Loyalty Cohort,15908997,Health Conscious Buyers Retention Segment,1669733702699813,Shelf Story Warm Voice,4211876559793011,Brand Awareness,47.3396,5931,0,9432,13,26,100,42,27,61,69,0,0,0,0,9,0,15,0.2529,0,0,0,9028,0
2025-10-22,In-App Display,Weekend Saver Retention Initiative,Metro Region Loyalty Cohort,15908997,Health Conscious Buyers Interest Segment,1334393532567969,Shelf Story Warm Voice,8045514033882153,Brand Awareness,208.1414,36976,0,32621,148,100,100,100,100,1327,1173,0,0,0,0,473,0,599,1.6200,1,8,0,44800,0
2025-10-23,Discovery Network,Family Pantry Retention Initiative,Metro Region Loyalty Cohort,15908997,Health Conscious Buyers Interest Segment,9013382232369046,Shelf Story Warm Voice,1099249066640891,Brand Awareness,496.3635,45344,0,42140,172,100,100,100,100,4985,2814,0,0,11,0,1163,0,1205,2.6575,6,17,0,50148,0
2025-10-24,Shopping Grid,Family Pantry Retention Initiative,Metro Region Loyalty Cohort,15908997,Health Conscious Buyers Interest Segment,9013382232369046,Shelf Story Warm Voice,1177430610668804,Brand Awareness,894.7725,88049,0,144531,330,100,100,100,100,16068,18297,0,0,17,0,2911,0,4055,4.6054,23,104,0,112375,0
2025-10-25,Connected TV,Family Pantry Retention Initiative,Metro Region Loyalty Cohort,15908997,Family Planners Lookalike Segment,1665761135741679,Collection Showcase Warm Voice,5654112849815777,Brand Awareness,102.3166,19931,0,27402,62,100,100,100,100,780,1131,0,0,1,0,330,0,335,1.6808,1,6,0,16906,0
2025-10-26,Search Network,Family Pantry Retention Initiative,Metro Region Loyalty Cohort,15908997,Health Conscious Buyers Retention Segment,1669733702699813,Shelf Story Warm Voice,1837904232519606,Brand Awareness,128.8435,15359,0,22386,52,100,100,100,100,866,590,0,0,0,0,41,0,102,0.6641,0,1,0,14845,0
2025-10-27,Retail Media Network,Family Pantry Retention Initiative,Metro Region Loyalty Cohort,15908997,Health Conscious Buyers Interest Segment,9013382232369046,Shelf Story Warm Voice,1641518074556035,Brand Awareness,73.6398,7104,0,9707,11,20,71,35,19,52,44,0,0,0,0,9,0,28,0.3941,0,1,0,11612,0
2025-10-28,Affiliate Network,Family Pantry Retention Initiative,Metro Region Loyalty Cohort,15908997,Family Planners Lookalike Segment,1002710949555221,Shelf Story Warm Voice,1647332301297595,Brand Awareness,13.0459,3651,0,5673,11,20,100,49,28,100,99,0,0,0,0,37,0,41,1.1230,0,2,0,5716,0
2025-10-29,Influencer Network,Seasonal Select Promo Initiative,Metro Region Loyalty Cohort,15908997,Family Planners Lookalike Segment,1718074286658736,Shelf Story Warm Voice,1532291780998103,Brand Awareness,344.1950,67236,0,64099,145,100,100,100,100,1486,957,0,0,0,0,265,0,408,0.6068,0,7,0,48744,0
2025-10-30,In-App Display,Seasonal Select Promo Initiative,Metro Region Loyalty Cohort,15908997,Health Conscious Buyers Retention Segment,3613956286158588,Offer Spotlight Value Voice,9011752711561329,Brand Awareness,29.4081,7636,0,8891,19,98,100,100,100,131,152,0,0,0,0,6,0,39,0.5107,0,0,0,4036,0
2025-10-31,Retail Media Network,Weekend Saver Retention Initiative,Metro Region Loyalty Cohort,15908997,Health Conscious Buyers Interest Segment,1334393532567969,Offer Spotlight Bold Voice,3220054077294586,Brand Awareness,51.2564,9670,0,16059,22,29,100,47,28,99,79,0,0,0,0,10,0,57,0.5895,0,1,0,7150,0
2025-10-01,Marketplace Feed,Weekend Saver Retention Initiative,Metro Region Loyalty Cohort,15908997,Health Conscious Buyers Retention Segment,4136110625615180,Price Drop Cut Value Voice,1682844113945221,Brand Awareness,41.0634,10794,0,9118,30,27,100,55,32,70,40,0,0,0,0,9,0,41,0.3798,0,0,0,8359,0
2025-10-02,Video Network,Family Pantry Retention Initiative,Metro Region Loyalty Cohort,15908997,Family Planners Lookalike Segment,1665761135741679,Shelf Story Warm Voice,2902136042807068,Brand Awareness,605.5601,55034,0,58441,378,100,100,100,100,10937,12271,0,0,13,0,1386,0,1791,3.2544,15,48,0,98368,0
2025-10-03,Retail Media Network,Seasonal Select Promo Initiative,Metro Region Loyalty Cohort,15908997,Health Conscious Buyers Retention Segment,3613956286158588,Shelf Story Warm Voice,2259713911990191,Brand Awareness,118.0517,15203,0,19389,60,100,100,100,100,696,425,0,0,0,0,37,0,110,0.7235,1,3,0,16243,0
2025-10-04,In-App Display,Family Pantry Retention Initiative,Metro Region Loyalty Cohort,15908997,Health Conscious Buyers Interest Segment,1474840462607869,Shelf Story Warm Voice,8486205212439809,Brand Awareness,184.3671,16893,0,29760,53,100,100,100,100,975,1234,0,0,2,0,332,0,274,1.6220,7,1,0,22032,0
2025-10-05,Discovery Network,Family Pantry Retention Initiative,Metro Region Loyalty Cohort,15908997,Health Conscious Buyers Retention Segment,1669733702699813,Promo Banner Friendly Voice,4647140982681565,Brand Awareness,60.0563,13450,0,8783,36,100,100,100,100,327,163,0,0,10,0,25,0,67,0.4981,0,3,0,5941,0
2025-10-06,Social Feed,Family Pantry Retention Initiative,Metro Region Loyalty Cohort,15908997,Family Planners Lookalike Segment,1665761135741679,Shelf Story Warm Voice,1450951256520921,Brand Awareness,18.6103,2798,0,2622,3,13,77,29,19,70,58,0,0,0,0,14,0,25,0.8935,0,2,0,3203,0
2025-10-07,Affiliate Network,Weekend Saver Retention Initiative,Metro Region Loyalty Cohort,15908997,Family Planners Lookalike Segment,7248228093339312,Shelf Story Warm Voice,6451368560487732,Brand Awareness,146.9309,33022,0,26869,79,90,100,100,100,490,588,0,0,0,0,62,0,193,0.5845,0,1,0,33011,0
2025-10-08,Marketplace Feed,Weekend Saver Retention Initiative,Metro Region Loyalty Cohort,15908997,Health Conscious Buyers Interest Segment,1334393532567969,Shelf Story Bold Voice,7232280368739505,Brand Awareness,442.1562,40098,0,65658,240,100,100,100,100,4587,4673,0,0,2,0,1153,0,1046,2.6086,7,16,0,63453,0
2025-10-09,Discovery Network,Seasonal Select Promo Initiative,Metro Region Loyalty Cohort,15908997,Health Conscious Buyers Interest Segment,1532426936569806,Promo Banner Warm Voice,5732401046815275,Brand Awareness,130.8636,16620,0,16116,122,100,100,100,100,981,544,0,0,0,0,63,0,128,0.7702,0,1,0,26684,0
2025-10-10,Search Network,Family Pantry Retention Initiative,Metro Region Loyalty Cohort,15908997,Health Conscious Buyers Retention Segment,1669733702699813,Collection Showcase Warm Voice,1788908453907262,Brand Awareness,20.9644,4662,0,4920,7,34,100,67,43,143,164,0,0,0,0,3,0,9,0.1931,0,1,0,3317,0
2025-10-11,Social Feed,Family Pantry Retention Initiative,Metro Region Loyalty Cohort,15908997,Health Conscious Buyers Retention Segment,1669733702699813,Shelf Story Bold Voice,4391005331160720,Brand Awareness,19.2118,2630,0,1949,3,5,19,8,5,27,20,0,0,0,0,6,0,10,0.3802,0,1,0,2063,0
2025-10-12,Discovery Network,Family Pantry Retention Initiative,Metro Region Loyalty Cohort,15908997,Family Planners Lookalike Segment,1665761135741679,Shelf Story Value Voice,5225143865411760,Brand Awareness,87.8238,11473,0,13325,45,30,100,66,37,138,124,0,0,0,0,41,0,105,0.9152,0,1,0,17962,0
2025-10-13,Social Feed,Family Pantry Retention Initiative,Metro Region Loyalty Cohort,15908997,Health Conscious Buyers Interest Segment,1474840462607869,Shelf Story Warm Voice,5682500646683685,Brand Awareness,420.6737,53462,0,61037,221,100,100,100,100,6749,3325,0,0,3,0,805,0,530,0.9914,6,12,0,74683,0
2025-10-14,Display Network,Family Pantry Retention Initiative,Metro Region Loyalty Cohort,15908997,Family Planners Lookalike Segment,1002710949555221,Shelf Story Warm Voice,5797898098365146,Brand Awareness,201.6079,35412,0,26298,87,100,100,100,100,3152,3537,0,0,0,0,189,0,247,0.6975,1,7,0,28691,0
2025-10-15,Affiliate Network,Weekend Saver Retention Initiative,Metro Region Loyalty Cohort,15908997,Family Planners Lookalike Segment,7248228093339312,Price Drop Cut Value Voice,9318406623487279,Brand Awareness,319.7408,49623,0,52572,148,100,100,100,100,369,409,0,0,0,0,71,0,304,0.6126,0,3,0,35859,0
2025-10-16,Display Network,Weekend Saver Retention Initiative,Metro Region Loyalty Cohort,15908997,Family Planners Lookalike Segment,7248228093339312,Shelf Story Warm Voice,1150526236199258,Brand Awareness,83.9388,18496,0,16801,43,66,100,100,81,300,231,0,0,1,0,43,0,68,0.3676,0,1,0,11810,0
2025-10-17,Influencer Network,Family Pantry Retention Initiative,Metro Region Loyalty Cohort,15908997,Family Planners Lookalike Segment,1665761135741679,Price Drop Cut Value Voice,1192366617925175,Brand Awareness,207.1610,19143,0,39462,67,100,100,100,100,592,521,0,0,0,0,93,0,213,1.1127,0,1,0,39563,0
2025-10-18,Marketplace Feed,Weekend Saver Retention Initiative,Metro Region Loyalty Cohort,15908997,Family Planners Lookalike Segment,7248228093339312,Price Drop Cut Value Voice,9781212069592701,Brand Awareness,227.4717,30633,0,33207,51,100,100,100,100,726,682,0,0,0,0,83,0,182,0.5941,1,2,0,29384,0
2025-10-19,In-App Display,Seasonal Select Promo Initiative,Metro Region Loyalty Cohort,15908997,Family Planners Lookalike Segment,1718074286658736,Shelf Story Bold Voice,4278310985669178,Brand Awareness,247.6093,67359,0,63918,164,100,100,100,100,950,476,0,0,0,0,248,0,229,0.3400,1,7,0,25673,0
2025-10-20,Shopping Grid,Family Pantry Retention Initiative,Metro Region Loyalty Cohort,15908997,Health Conscious Buyers Interest Segment,9013382232369046,Promo Banner Friendly Voice,1538508227020088,Brand Awareness,41.6488,11842,0,6877,19,29,100,59,33,88,104,0,0,0,0,10,0,42,0.3547,0,0,0,7428,0
2025-10-21,Influencer Network,Family Pantry Retention Initiative,Metro Region Loyalty Cohort,15908997,Family Planners Lookalike Segment,1665761135741679,Shelf Story Warm Voice,1280290142112652,Brand Awareness,12.4910,1366,0,1525,5,4,30,12,4,30,34,0,0,0,0,1,0,9,0.6589,0,1,0,1433,0
2025-10-22,Shopping Grid,Seasonal Select Promo Initiative,Metro Region Loyalty Cohort,15908997,Health Conscious Buyers Interest Segment,1532426936569806,Shelf Story Bold Voice,1082336609132049,Brand Awareness,150.2288,16340,0,18693,56,100,100,100,100,448,506,0,0,0,0,19,0,108,0.6610,0,2,0,20610,0
2025-10-23,Search Network,Seasonal Select Promo Initiative,Metro Region Loyalty Cohort,15908997,Family Planners Lookalike Segment,1718074286658736,Offer Spotlight Bold Voice,1638167476571035,Brand Awareness,75.6792,13198,0,18438,44,100,100,100,100,281,184,0,0,0,0,51,0,83,0.6289,0,2,0,7847,0
2025-10-24,Connected TV,Family Pantry Retention Initiative,Metro Region Loyalty Cohort,15908997,Health Conscious Buyers Retention Segment,1669733702699813,Shelf Story Warm Voice,1173063753252113,Brand Awareness,137.3425,15368,0,20243,82,100,100,100,100,2790,1693,0,0,2,0,80,0,256,1.6658,1,11,0,23448,0
2025-10-25,Connected TV,Family Pantry Retention Initiative,Metro Region Loyalty Cohort,15908997,Health Conscious Buyers Retention Segment,4976789753470273,Offer Spotlight Bold Voice,1582932391745882,Brand Awareness,28.1581,5216,0,3642,9,4,68,24,10,73,83,0,0,0,0,9,0,33,0.6327,0,0,0,5455,0
2025-10-26,In-App Display,Family Pantry Retention Initiative,Metro Region Loyalty Cohort,15908997,Health Conscious Buyers Interest Segment,9013382232369046,Shelf Story Warm Voice,5257839822274418,Brand Awareness,242.7697,27220,0,38152,106,100,100,100,100,1570,1555,0,0,1,0,312,0,288,1.0580,1,11,0,30017,0
2025-10-27,Influencer Network,Family Pantry Retention Initiative,Metro Region Loyalty Cohort,15908997,Health Conscious Buyers Retention Segment,1669733702699813,Shelf Story Value Voice,1365467474223726,Brand Awareness,33.5004,3753,0,5262,6,9,59,21,14,42,36,0,0,0,0,1,0,14,0.3730,0,1,0,7012,0
2025-10-28,In-App Display,Weekend Saver Retention Initiative,Metro Region Loyalty Cohort,15908997,Health Conscious Buyers Retention Segment,4136110625615180,Shelf Story Bold Voice,1238862856159509,Brand Awareness,36.8352,7153,0,10329,22,25,100,56,32,102,67,0,0,0,0,3,0,28,0.3914,0,2,0,7170,0
2025-10-29,Shopping Grid,Family Pantry Retention Initiative,Metro Region Loyalty Cohort,15908997,Health Conscious Buyers Retention Segment,1669733702699813,Price Drop Cut Value Voice,6906673719698824,Brand Awareness,37.2591,9903,0,9727,25,60,100,100,63,127,99,0,0,0,0,13,0,31,0.3130,0,1,0,5647,0
2025-10-30,Marketplace Feed,Seasonal Select Promo Initiative,Metro Region Loyalty Cohort,15908997,Health Conscious Buyers Retention Segment,3613956286158588,Shelf Story Warm Voice,9626373394400677,Brand Awareness,57.7605,15864,0,10734,34,100,100,100,100,231,209,0,0,0,0,8,0,55,0.3467,1,1,0,8676,0
2025-10-31,Affiliate Network,Weekend Saver Retention Initiative,Metro Region Loyalty Cohort,15908997,Health Conscious Buyers Retention Segment,4136110625615180,Shelf Story Warm Voice,5443423299390877,Brand Awareness,30.9304,6515,0,4675,13,24,100,50,36,104,55,0,0,0,0,4,0,22,0.3377,0,0,0,6176,0
2025-10-01,Social Feed,Family Pantry Retention Initiative,Metro Region Loyalty Cohort,15908997,Health Conscious Buyers Retention Segment,4976789753470273,Shelf Story Warm Voice,4041974945367907,Brand Awareness,76.7702,14468,0,18739,43,100,100,100,100,872,1077,0,0,0,0,39,0,96,0.6635,0,1,0,12814,0
2025-10-02,Social Feed,Weekend Saver Retention Initiative,Metro Region Loyalty Cohort,15908997,Health Conscious Buyers Interest Segment,1334393532567969,Price Drop Cut Value Voice,1109002298095593,Brand Awareness,711.1272,65880,0,94210,226,100,100,100,100,2688,1665,0,0,2,0,449,0,545,0.8273,0,12,0,98328,0
2025-10-03,Video Network,Family Pantry Retention Initiative,Metro Region Loyalty Cohort,15908997,Health Conscious Buyers Interest Segment,9013382232369046,Collection Showcase Warm Voice,3199746654625132,Brand Awareness,6.6417,939,0,1075,2,8,31,14,11,36,29,0,0,0,0,4,0,10,1.0650,0,1,0,1090,0
2025-10-04,Shopping Grid,Seasonal Select Promo Initiative,Metro Region Loyalty Cohort,15908997,Health Conscious Buyers Interest Segment,1532426936569806,Offer Spotlight Bold Voice,4433422745438620,Brand Awareness,43.9869,9383,0,6682,23,38,100,93,44,102,75,0,0,0,0,4,0,33,0.3517,0,1,0,10006,0
2025-10-05,Influencer Network,Weekend Saver Retention Initiative,Metro Region Loyalty Cohort,15908997,Health Conscious Buyers Interest Segment,1334393532567969,Price Drop Cut Value Voice,2051943278335934,Brand Awareness,176.4815,30406,0,21528,78,92,100,100,100,287,248,0,0,0,0,57,0,141,0.4637,0,4,0,40912,0
2025-10-06,In-App Display,Family Pantry Retention Initiative,Metro Region Loyalty Cohort,15908997,Family Planners Lookalike Segment,1002710949555221,Shelf Story Warm Voice,1655044419034925,Brand Awareness,28.3951,5241,0,5035,36,94,100,100,100,292,208,0,0,0,0,43,0,94,1.7936,0,1,0,7316,0
2025-10-07,Shopping Grid,Family Pantry Retention Initiative,Metro Region Loyalty Cohort,15908997,Health Conscious Buyers Retention Segment,4976789753470273,Shelf Story Warm Voice,5506678816268127,Brand Awareness,82.2514,19968,0,16397,56,94,100,100,100,838,923,0,0,0,0,87,0,118,0.5909,1,1,0,23848,0
2025-10-08,Marketplace Feed,Family Pantry Retention Initiative,Metro Region Loyalty Cohort,15908997,Health Conscious Buyers Retention Segment,1669733702699813,Shelf Story Warm Voice,5602072675253918,Brand Awareness,147.4469,24437,0,22716,83,100,100,100,100,2445,2678,0,0,1,0,129,0,242,0.9903,1,3,0,15088,0
2025-10-09,Marketplace Feed,Weekend Saver Retention Initiative,Metro Region Loyalty Cohort,15908997,Family Planners Lookalike Segment,7248228093339312,Offer Spotlight Bold Voice,1757288035719114,Brand Awareness,47.9046,10725,0,13959,23,16,100,36,27,79,92,0,0,0,0,8,0,49,0.4569,0,0,0,15821,0
2025-10-10,Affiliate Network,Family Pantry Retention Initiative,Metro Region Loyalty Cohort,15908997,Family Planners Lookalike Segment,1665761135741679,Price Drop Cut Value Voice,1192366617925175,Brand Awareness,127.5096,24298,0,26209,37,100,100,100,100,415,485,0,0,0,0,67,0,134,0.5515,0,4,0,27844,0
2025-10-11,Search Network,Family Pantry Retention Initiative,Metro Region Loyalty Cohort,15908997,Health Conscious Buyers Retention Segment,1669733702699813,Shelf Story Value Voice,1365467474223726,Brand Awareness,66.1712,12551,0,12304,26,33,100,83,38,189,104,0,0,0,0,28,0,68,0.5418,1,1,0,10997,0
2025-10-12,In-App Display,Family Pantry Retention Initiative,Metro Region Loyalty Cohort,15908997,Health Conscious Buyers Interest Segment,9013382232369046,Collection Showcase Warm Voice,3199746654625132,Brand Awareness,6.5457,808,0,745,1,12,24,16,10,33,31,0,0,0,0,5,0,6,0.7426,0,0,0,1044,0
2025-10-13,Social Feed,Family Pantry Retention Initiative,Metro Region Loyalty Cohort,15908997,Health Conscious Buyers Interest Segment,1474840462607869,Shelf Story Warm Voice,9110304031000052,Brand Awareness,222.3276,22425,0,28957,59,100,100,100,100,1724,1540,0,0,0,0,263,0,428,1.9086,4,0,0,22808,0
2025-10-14,Affiliate Network,Weekend Saver Retention Initiative,Metro Region Loyalty Cohort,15908997,Family Planners Lookalike Segment,7248228093339312,Shelf Story Bold Voice,3411200546175283,Brand Awareness,42.6538,7368,0,5297,17,56,100,100,72,318,310,0,0,0,0,33,0,71,0.9636,1,1,0,6574,0
2025-10-15,Connected TV,Seasonal Select Promo Initiative,Metro Region Loyalty Cohort,15908997,Family Planners Lookalike Segment,1718074286658736,Promo Banner Warm Voice,1089449421739833,Brand Awareness,455.7925,44892,0,76069,319,100,100,100,100,2984,2364,0,0,2,0,978,0,847,1.8868,3,5,0,78874,0
2025-10-16,Influencer Network,Family Pantry Retention Initiative,Metro Region Loyalty Cohort,15908997,Health Conscious Buyers Retention Segment,4976789753470273,Shelf Story Warm Voice,1212856722898025,Brand Awareness,64.6865,11208,0,8157,22,88,100,100,100,370,207,0,0,0,0,26,0,64,0.5710,1,1,0,10381,0
2025-10-17,Discovery Network,Family Pantry Retention Initiative,Metro Region Loyalty Cohort,15908997,Family Planners Lookalike Segment,1002710949555221,Shelf Story Warm Voice,3185083078735744,Brand Awareness,63.0320,17477,0,11237,40,100,100,100,100,1166,1092,0,0,1,0,48,0,106,0.6065,3,2,0,15671,0
2025-10-18,Influencer Network,Family Pantry Retention Initiative,Metro Region Loyalty Cohort,15908997,Health Conscious Buyers Interest Segment,9013382232369046,Promo Banner Friendly Voice,1538508227020088,Brand Awareness,24.1190,3893,0,3056,12,37,100,66,50,98,103,0,0,1,0,25,0,28,0.7192,0,0,0,4195,0
2025-10-19,Affiliate Network,Seasonal Select Promo Initiative,Metro Region Loyalty Cohort,15908997,Health Conscious Buyers Retention Segment,3613956286158588,Shelf Story Warm Voice,2259713911990191,Brand Awareness,156.8037,20541,0,33216,105,100,100,100,100,814,520,0,0,0,0,51,0,155,0.7546,0,2,0,34976,0
2025-10-20,Social Feed,Seasonal Select Promo Initiative,Metro Region Loyalty Cohort,15908997,Health Conscious Buyers Interest Segment,1532426936569806,Shelf Story Warm Voice,9953353036347574,Brand Awareness,165.0864,21571,0,42281,71,100,100,100,100,964,725,0,0,0,0,66,0,146,0.6768,0,2,0,35093,0
2025-10-21,Display Network,Seasonal Select Promo Initiative,Metro Region Loyalty Cohort,15908997,Health Conscious Buyers Interest Segment,1532426936569806,Offer Spotlight Value Voice,2894551765052346,Brand Awareness,45.6467,11315,0,9507,9,100,100,100,100,223,201,0,0,0,0,13,0,19,0.1679,0,1,0,9506,0
2025-10-22,Display Network,Family Pantry Retention Initiative,Metro Region Loyalty Cohort,15908997,Family Planners Lookalike Segment,1665761135741679,Shelf Story Warm Voice,2616618213121749,Brand Awareness,777.5530,123884,0,121611,1002,100,100,100,100,32904,17333,0,0,34,0,5224,0,6268,5.0596,42,255,0,168523,0
2025-10-23,Marketplace Feed,Family Pantry Retention Initiative,Metro Region Loyalty Cohort,15908997,Health Conscious Buyers Interest Segment,1474840462607869,Shelf Story Warm Voice,8486205212439809,Brand Awareness,193.4676,40747,0,26361,74,100,100,100,100,1026,896,0,0,2,0,236,0,458,1.1240,6,3,0,41674,0
2025-10-24,Social Feed,Family Pantry Retention Initiative,Metro Region Loyalty Cohort,86057605,Family Planners Lookalike Segment,1541980607257120,Shelf Story Warm Voice,1227821280716912,Brand Awareness,0.0000,0,0,0,0,0,0,0,0,0,0,0,0,0,0,0,0,0,0.0000,0,0,0,0,0
2025-10-25,Discovery Network,Family Pantry Retention Initiative,Metro Region Loyalty Cohort,15908997,Health Conscious Buyers Retention Segment,1669733702699813,Shelf Story Warm Voice,5602072675253918,Brand Awareness,373.4303,33017,0,47861,152,100,100,100,100,4587,3352,0,0,1,0,289,0,308,0.9329,1,20,0,53768,0
2025-10-26,Marketplace Feed,Family Pantry Retention Initiative,Metro Region Loyalty Cohort,15908997,Family Planners Lookalike Segment,1665761135741679,Shelf Story Value Voice,5225143865411760,Brand Awareness,112.0054,21651,0,25938,33,33,100,89,53,179,138,0,0,0,0,37,0,107,0.4942,0,0,0,19070,0
2025-10-27,Video Network,Weekend Saver Retention Initiative,Metro Region Loyalty Cohort,15908997,Health Conscious Buyers Interest Segment,1334393532567969,Shelf Story Bold Voice,8314765461987923,Brand Awareness,153.6819,27509,0,43358,45,100,100,100,100,454,529,0,0,1,0,46,0,168,0.6107,0,2,0,18370,0
2025-10-28,Shopping Grid,Family Pantry Retention Initiative,Metro Region Prospecting Cohort,86057605,Health Conscious Buyers Affinity Segment,1135622965987651,Promo Banner Friendly Voice,8513428259763770,Brand Awareness,0.0000,0,0,0,0,0,0,0,0,0,0,0,0,0,0,0,0,0,0.0000,0,0,0,0,0
2025-10-29,Shopping Grid,Family Pantry Retention Initiative,Metro Region Loyalty Cohort,15908997,Health Conscious Buyers Retention Segment,1669733702699813,Shelf Story Warm Voice,1173063753252113,Brand Awareness,288.9661,33137,0,53082,276,100,100,100,100,7315,6919,0,0,3,0,531,0,709,2.1396,2,22,0,32807,0
2025-10-30,Retail Media Network,Family Pantry Retention Initiative,Metro Region Loyalty Cohort,15908997,Health Conscious Buyers Retention Segment,1669733702699813,Price Drop Cut Value Voice,6906673719698824,Brand Awareness,104.7367,13306,0,19143,47,100,100,100,100,273,399,0,0,0,0,17,0,68,0.5110,0,3,0,14872,0
2025-10-31,Shopping Grid,Family Pantry Retention Initiative,Metro Region Loyalty Cohort,15908997,Health Conscious Buyers Interest Segment,9013382232369046,Shelf Story Warm Voice,1177430610668804,Brand Awareness,919.7396,123313,0,151319,696,100,100,100,100,17830,25672,0,0,27,0,3762,0,3671,2.9770,37,124,0,78669,0
2025-10-01,Discovery Network,Family Pantry Retention Initiative,Metro Region Loyalty Cohort,15908997,Health Conscious Buyers Interest Segment,9013382232369046,Shelf Story Warm Voice,8148838999548557,Brand Awareness,13.6852,3188,0,4526,6,14,94,34,20,70,60,0,0,0,0,7,0,16,0.5019,0,0,0,4896,0
2025-10-02,Retail Media Network,Family Pantry Retention Initiative,Metro Region Loyalty Cohort,15908997,Health Conscious Buyers Retention Segment,4976789753470273,Shelf Story Warm Voice,1220076337258804,Brand Awareness,58.9868,10533,0,16061,15,28,100,94,42,217,167,0,0,0,0,27,0,57,0.5412,0,0,0,8478,0
2025-10-03,Affiliate Network,Weekend Saver Retention Initiative,Metro Region Loyalty Cohort,15908997,Family Planners Lookalike Segment,7248228093339312,Shelf Story Warm Voice,6451368560487732,Brand Awareness,58.9852,13263,0,16387,41,56,100,100,100,460,260,0,0,0,0,20,0,87,0.6560,1,3,0,13209,0
2025-10-04,Shopping Grid,Family Pantry Retention Initiative,Metro Region Loyalty Cohort,15908997,Family Planners Lookalike Segment,1665761135741679,Collection Showcase Warm Voice,5654112849815777,Brand Awareness,142.0015,22044,0,17980,33,100,100,100,100,702,995,0,0,2,0,316,0,286,1.2974,1,0,0,17697,0
2025-10-05,In-App Display,Family Pantry Retention Initiative,Metro Region Loyalty Cohort,15908997,Health Conscious Buyers Retention Segment,1669733702699813,Shelf Story Warm Voice,1837904232519606,Brand Awareness,189.9950,23868,0,25504,104,100,100,100,100,1223,681,0,0,0,0,136,0,206,0.8631,0,7,0,20297,0
2025-10-06,Discovery Network,Seasonal Select Promo Initiative,Metro Region Loyalty Cohort,15908997,Family Planners Lookalike Segment,1718074286658736,Offer Spotlight Value Voice,2074777970281390,Brand Awareness,254.7426,35071,0,42366,116,100,100,100,100,1121,1005,0,0,0,0,65,0,211,0.6016,3,3,0,16766,0
2025-10-07,Influencer Network,Family Pantry Retention Initiative,Metro Region Loyalty Cohort,15908997,Health Conscious Buyers Interest Segment,9013382232369046,Shelf Story Warm Voice,1641518074556035,Brand Awareness,14.4147,3409,0,1535,3,6,22,8,7,17,19,0,0,0,0,3,0,12,0.3520,0,0,0,2230,0
2025-10-08,Influencer Network,Family Pantry Retention Initiative,Metro Region Loyalty Cohort,15908997,Health Conscious Buyers Interest Segment,9013382232369046,Shelf Story Warm Voice,1099249066640891,Brand Awareness,271.2153,36767,0,56849,332,100,100,100,100,6594,4893,0,0,5,0,1966,0,1260,3.4270,2,27,0,49792,0
2025-10-09,Social Feed,Family Pantry Retention Initiative,Metro Region Loyalty Cohort,15908997,Health Conscious Buyers Retention Segment,1669733702699813,Shelf Story Warm Voice,4211876559793011,Brand Awareness,88.1868,24704,0,21112,41,68,100,100,88,236,315,0,0,0,0,15,0,75,0.3036,0,2,0,22141,0
2025-10-10,Shopping Grid,Seasonal Select Promo Initiative,Metro Region Loyalty Cohort,15908997,Health Conscious Buyers Interest Segment,1532426936569806,Promo Banner Warm Voice,5732401046815275,Brand Awareness,126.7414,26675,0,27459,56,100,100,100,100,903,939,0,0,0,0,60,0,212,0.7948,2,1,0,18748,0
2025-10-11,In-App Display,Family Pantry Retention Initiative,Metro Region Loyalty Cohort,15908997,Family Planners Lookalike Segment,1002710949555221,Offer Spotlight Bold Voice,7401589860358191,Brand Awareness,11.3567,2509,0,2476,7,9,90,29,21,105,52,0,0,0,0,28,0,25,0.9964,0,0,0,2703,0
2025-10-12,Marketplace Feed,Weekend Saver Retention Initiative,Metro Region Loyalty Cohort,15908997,Family Planners Lookalike Segment,7248228093339312,Shelf Story Warm Voice,1150526236199258,Brand Awareness,26.6224,13168,0,7382,14,35,100,76,40,143,157,0,0,0,0,26,0,37,0.2810,0,1,0,10895,0
2025-10-13,Affiliate Network,Family Pantry Retention Initiative,Metro Region Loyalty Cohort,15908997,Family Planners Lookalike Segment,1665761135741679,Shelf Story Warm Voice,6549680554582288,Brand Awareness,83.4820,27679,0,31032,53,87,100,100,100,245,155,0,0,0,0,32,0,115,0.4155,0,2,0,23000,0
2025-10-14,Marketplace Feed,Family Pantry Retention Initiative,Metro Region Loyalty Cohort,15908997,Health Conscious Buyers Interest Segment,9013382232369046,Shelf Story Bold Voice,5904212741788775,Brand Awareness,24.3289,3229,0,4751,10,18,49,26,21,52,32,0,0,0,0,2,0,18,0.5574,0,0,0,4015,0
2025-10-15,Social Feed,Family Pantry Retention Initiative,Metro Region Loyalty Cohort,15908997,Health Conscious Buyers Interest Segment,1474840462607869,Shelf Story Warm Voice,4340134105081797,Brand Awareness,760.1940,51362,0,73449,252,100,100,100,100,9761,5147,0,0,2,0,935,0,1418,2.7608,4,21,0,76533,0
2025-10-16,Discovery Network,Family Pantry Retention Initiative,Metro Region Loyalty Cohort,15908997,Health Conscious Buyers Retention Segment,1669733702699813,Promo Banner Friendly Voice,1414897562821209,Brand Awareness,6.8837,2568,0,1636,4,8,43,13,8,37,25,0,0,0,0,0,0,9,0.3505,0,0,0,1197,0
2025-10-17,Search Network,Weekend Saver Retention Initiative,Metro Region Loyalty Cohort,15908997,Health Conscious Buyers Retention Segment,4136110625615180,Price Drop Cut Value Voice,1682844113945221,Brand Awareness,61.7017,16309,0,18578,43,50,100,93,57,159,160,0,0,0,0,7,0,50,0.3066,0,1,0,18376,0
2025-10-18,Discovery Network,Weekend Saver Retention Initiative,Metro Region Loyalty Cohort,15908997,Health Conscious Buyers Retention Segment,4136110625615180,Shelf Story Warm Voice,1781261912151237,Brand Awareness,21.9490,5520,0,6764,14,28,100,53,37,83,65,0,0,0,0,3,0,15,0.2717,0,1,0,4712,0
2025-10-19,Discovery Network,Family Pantry Retention Initiative,Metro Region Loyalty Cohort,15908997,Family Planners Lookalike Segment,1665761135741679,Promo Banner Friendly Voice,6598720554447191,Brand Awareness,10.2021,2597,0,1345,5,3,29,10,3,31,17,0,0,0,0,4,0,9,0.3466,0,1,0,1483,0
2025-10-20,In-App Display,Family Pantry Retention Initiative,Metro Region Loyalty Cohort,15908997,Health Conscious Buyers Interest Segment,9013382232369046,Promo Banner Friendly Voice,1255871739760170,Brand Awareness,13.4070,2713,0,2411,1,9,27,17,11,26,20,0,0,0,0,5,0,4,0.1474,0,0,0,2539,0
2025-10-21,Influencer Network,Seasonal Select Promo Initiative,Metro Region Loyalty Cohort,15908997,Health Conscious Buyers Interest Segment,1532426936569806,Offer Spotlight Bold Voice,4433422745438620,Brand Awareness,13.8716,3761,0,6021,7,45,100,67,57,79,94,0,0,0,0,5,0,12,0.3191,0,1,0,5650,0
2025-10-22,Video Network,Family Pantry Retention Initiative,Metro Region Loyalty Cohort,15908997,Health Conscious Buyers Retention Segment,4976789753470273,Offer Spotlight Bold Voice,1582932391745882,Brand Awareness,30.4952,7404,0,8806,25,19,100,63,35,221,262,0,0,0,0,13,0,47,0.6348,1,0,0,6593,0
2025-10-23,Retail Media Network,Home Essentials Scale Initiative,Metro Region Prospecting Cohort,86057605,Family Planners Interest Segment,2052479131570920,Shelf Story Bold Voice,1037070944576843,Brand Awareness,0.0000,0,0,0,0,0,0,0,0,0,0,0,0,0,0,0,0,0,0.0000,0,0,0,0,0
2025-10-24,Discovery Network,Weekend Saver Retention Initiative,Metro Region Loyalty Cohort,15908997,Family Planners Lookalike Segment,7248228093339312,Price Drop Cut Value Voice,9781212069592701,Brand Awareness,85.9825,21720,0,27775,33,93,100,100,100,370,459,0,0,0,0,33,0,112,0.5157,0,1,0,32553,0
2025-10-25,Marketplace Feed,Family Pantry Retention Initiative,Metro Region Conversion Cohort,15908997,Weekend Deal Hunters Interest Segment,6202516839870495,Shelf Story Value Voice,1077582730962642,Catalog Engagement,0.0000,0,0,0,0,0,0,0,0,0,0,0,0,0,0,0,0,0,0.0000,0,0,0,0,0
2025-10-26,Social Feed,Seasonal Select Promo Initiative,Metro Region Loyalty Cohort,15908997,Health Conscious Buyers Interest Segment,1532426936569806,Shelf Story Bold Voice,1082336609132049,Brand Awareness,78.4953,30250,0,31163,45,100,100,100,100,414,411,0,0,0,0,22,0,105,0.3471,0,3,0,16256,0
2025-10-27,Affiliate Network,Seasonal Select Promo Initiative,Metro Region Loyalty Cohort,15908997,Family Planners Lookalike Segment,1718074286658736,Shelf Story Bold Voice,4278310985669178,Brand Awareness,258.4806,55641,0,54448,113,100,100,100,100,933,1143,0,0,0,0,343,0,469,0.8429,0,2,0,36042,0
2025-10-28,Discovery Network,Seasonal Select Promo Initiative,Metro Region Loyalty Cohort,15908997,Health Conscious Buyers Retention Segment,3613956286158588,Offer Spotlight Value Voice,9011752711561329,Brand Awareness,39.9169,5345,0,6525,24,100,100,100,100,165,87,0,0,0,0,7,0,33,0.6174,0,0,0,5199,0
2025-10-29,Influencer Network,Weekend Saver Retention Initiative,Metro Region Loyalty Cohort,15908997,Health Conscious Buyers Interest Segment,1334393532567969,Shelf Story Warm Voice,2520693897922300,Brand Awareness,412.1359,71534,0,78819,189,100,100,100,100,1525,1754,0,0,3,0,270,0,530,0.7409,1,4,0,45142,0
2025-10-30,Influencer Network,Seasonal Select Promo Initiative,Metro Region Loyalty Cohort,15908997,Health Conscious Buyers Retention Segment,3613956286158588,Promo Banner Warm Voice,3456261421148856,Brand Awareness,167.7308,30443,0,25382,88,100,100,100,100,865,1220,0,0,0,0,49,0,73,0.2398,0,3,0,37616,0
2025-10-31,Affiliate Network,Home Essentials Scale Initiative,Metro Region Prospecting Cohort,86057605,Family Planners Interest Segment,2052479131570920,Product Reel Bold Voice,8230132190292546,Brand Awareness,0.0000,0,0,0,0,0,0,0,0,0,0,0,0,0,0,0,0,0,0.0000,0,0,0,0,0
2025-10-01,Influencer Network,Weekend Saver Retention Initiative,Metro Region Loyalty Cohort,15908997,Health Conscious Buyers Retention Segment,4136110625615180,Price Drop Cut Value Voice,1316048837324374,Brand Awareness,88.8900,15594,0,28556,30,100,100,100,100,463,261,0,0,1,0,11,0,70,0.4489,0,1,0,22159,0
2025-10-02,Discovery Network,Family Pantry Retention Initiative,Metro Region Loyalty Cohort,15908997,Family Planners Lookalike Segment,1665761135741679,Shelf Story Warm Voice,2902136042807068,Brand Awareness,437.0329,83190,0,41207,384,100,100,100,100,9947,11020,0,0,11,0,2861,0,2640,3.1735,2,58,0,54545,0
2025-10-03,Connected TV,Weekend Saver Retention Initiative,Metro Region Loyalty Cohort,15908997,Health Conscious Buyers Interest Segment,1334393532567969,Shelf Story Warm Voice,8045514033882153,Brand Awareness,394.1968,63997,0,61065,114,100,100,100,100,1565,1995,0,0,3,0,384,0,576,0.9000,1,4,0,58602,0
2025-10-04,Discovery Network,Family Pantry Retention Initiative,Metro Region Loyalty Cohort,15908997,Health Conscious Buyers Retention Segment,4976789753470273,Shelf Story Warm Voice,5506678816268127,Brand Awareness,206.9328,38428,0,25581,65,100,100,100,100,1580,1064,0,0,0,0,130,0,119,0.3097,1,3,0,17209,0
2025-10-05,Discovery Network,Family Pantry Retention Initiative,Metro Region Loyalty Cohort,15908997,Health Conscious Buyers Interest Segment,1474840462607869,Shelf Story Warm Voice,5682500646683685,Brand Awareness,479.5038,56719,0,57445,236,100,100,100,100,5553,4495,0,0,2,0,765,0,579,1.0208,1,10,0,66318,0
2025-10-06,Display Network,Family Pantry Retention Initiative,Metro Region Loyalty Cohort,15908997,Family Planners Lookalike Segment,1665761135741679,Shelf Story Warm Voice,1450951256520921,Brand Awareness,11.7369,1676,0,3297,1,11,57,22,12,37,42,0,0,0,0,6,0,8,0.4773,0,0,0,2775,0
2025-10-07,Connected TV,Family Pantry Retention Initiative,Metro Region Loyalty Cohort,15908997,Health Conscious Buyers Retention Segment,1669733702699813,Collection Showcase Warm Voice,1788908453907262,Brand Awareness,56.4534,16536,0,10967,27,83,100,100,94,452,462,0,0,0,0,22,0,49,0.2963,0,0,0,8602,0
2025-10-08,Marketplace Feed,Weekend Saver Retention Initiative,Metro Region Loyalty Cohort,15908997,Health Conscious Buyers Interest Segment,1334393532567969,Shelf Story Bold Voice,7232280368739505,Brand Awareness,414.1116,59149,0,73930,295,100,100,100,100,5344,2834,0,0,5,0,1009,0,983,1.6619,1,13,0,66365,0
2025-10-09,Search Network,Family Pantry Retention Initiative,Metro Region Loyalty Cohort,15908997,Health Conscious Buyers Retention Segment,1669733702699813,Promo Banner Friendly Voice,4647140982681565,Brand Awareness,195.4463,35072,0,35732,147,100,100,100,100,991,1335,0,0,0,0,49,0,149,0.4248,0,0,0,41948,0
2025-10-10,In-App Display,Weekend Saver Retention Initiative,Metro Region Loyalty Cohort,15908997,Health Conscious Buyers Retention Segment,4136110625615180,Offer Spotlight Bold Voice,3833443174798849,Brand Awareness,14.0205,5244,0,6901,14,9,75,24,14,48,26,0,0,0,0,0,0,24,0.4577,0,0,0,4547,0
2025-10-11,Affiliate Network,Family Pantry Retention Initiative,Metro Region Loyalty Cohort,15908997,Family Planners Lookalike Segment,1665761135741679,Promo Banner Friendly Voice,1647756988327695,Brand Awareness,338.5979,34709,0,39101,62,100,100,100,100,1611,1227,0,0,1,0,505,0,615,1.7719,1,7,0,35779,0
2025-10-12,Affiliate Network,Family Pantry Retention Initiative,Metro Region Loyalty Cohort,15908997,Family Planners Lookalike Segment,1002710949555221,Shelf Story Warm Voice,1655044419034925,Brand Awareness,16.8855,5311,0,4430,3,64,100,100,79,170,144,0,0,0,0,27,0,41,0.7720,0,3,0,5902,0
2025-10-13,Shopping Grid,Family Pantry Retention Initiative,Metro Region Loyalty Cohort,15908997,Health Conscious Buyers Retention Segment,1669733702699813,Shelf Story Warm Voice,2604915282803870,Brand Awareness,5.9315,986,0,1408,1,6,34,12,7,26,15,0,0,0,0,1,0,3,0.3043,0,0,0,820,0
2025-10-14,Retail Media Network,Home Essentials Scale Initiative,Metro Region Prospecting Cohort,86057605,Family Planners Interest Segment,2052479131570920,Shelf Story Warm Voice,1781570544556972,Brand Awareness,0.0000,0,0,0,0,0,0,0,0,0,0,0,0,0,0,0,0,0,0.0000,0,0,0,0,0
2025-10-15,Marketplace Feed,Family Pantry Retention Initiative,Metro Region Loyalty Cohort,15908997,Family Planners Lookalike Segment,1002710949555221,Shelf Story Warm Voice,5797898098365146,Brand Awareness,327.8817,56749,0,49654,218,100,100,100,100,3989,3899,0,0,0,0,229,0,404,0.7119,5,9,0,71997,0
2025-10-16,Display Network,Family Pantry Retention Initiative,Metro Region Loyalty Cohort,15908997,Family Planners Lookalike Segment,1665761135741679,Shelf Story Warm Voice,2793262031628184,Brand Awareness,300.2767,52969,0,50109,253,100,100,100,100,2825,2758,0,0,0,0,276,0,496,0.9364,2,14,0,67769,0
2025-10-17,Video Network,Family Pantry Retention Initiative,Metro Region Loyalty Cohort,15908997,Health Conscious Buyers Interest Segment,1474840462607869,Offer Spotlight Bold Voice,3530423296641236,Brand Awareness,82.6268,13053,0,18589,63,79,100,100,100,826,875,0,0,0,0,101,0,127,0.9730,0,1,0,17394,0
2025-10-18,Marketplace Feed,Weekend Saver Retention Initiative,Metro Region Loyalty Cohort,15908997,Family Planners Lookalike Segment,7248228093339312,Price Drop Cut Value Voice,9318406623487279,Brand Awareness,67.1204,18710,0,31852,35,49,100,100,76,206,241,0,0,0,0,13,0,73,0.3902,0,1,0,20925,0
2025-10-19,Influencer Network,Family Pantry Retention Initiative,Metro Region Loyalty Cohort,15908997,Health Conscious Buyers Retention Segment,4976789753470273,Shelf Story Warm Voice,4041974945367907,Brand Awareness,85.2142,18882,0,30481,44,100,100,100,100,1241,1323,0,0,0,0,68,0,132,0.6991,0,3,0,13508,0
2025-10-20,Display Network,Weekend Saver Retention Initiative,Metro Region Loyalty Cohort,15908997,Health Conscious Buyers Interest Segment,1334393532567969,Price Drop Cut Value Voice,1109002298095593,Brand Awareness,436.8730,151902,0,83459,185,100,100,100,100,3006,2913,0,0,0,0,355,0,512,0.3371,3,7,0,154776,0
2025-10-21,Display Network,Family Pantry Retention Initiative,Metro Region Loyalty Cohort,15908997,Family Planners Lookalike Segment,1665761135741679,Shelf Story Bold Voice,1220357368781053,Brand Awareness,10.8056,1799,0,1474,1,7,33,15,10,42,39,0,0,0,0,19,0,10,0.5559,0,1,0,1559,0
2025-10-22,In-App Display,Family Pantry Retention Initiative,Metro Region Loyalty Cohort,15908997,Health Conscious Buyers Interest Segment,9013382232369046,Shelf Story Value Voice,1103993184708534,Brand Awareness,110.4052,25240,0,26058,41,71,100,100,78,281,311,0,0,0,0,37,0,119,0.4715,0,2,0,15339,0
2025-10-23,Discovery Network,Family Pantry Retention Initiative,Metro Region Loyalty Cohort,15908997,Health Conscious Buyers Interest Segment,9013382232369046,Price Drop Cut Value Voice,4186893344787278,Brand Awareness,9.0568,2160,0,2211,3,13,47,24,18,25,21,0,0,0,0,2,0,11,0.5093,0,0,0,1308,0
2025-10-24,Shopping Grid,Family Pantry Retention Initiative,Metro Region Loyalty Cohort,15908997,Health Conscious Buyers Retention Segment,1669733702699813,Shelf Story Warm Voice,6197978194612129,Brand Awareness,12.2850,2294,0,3270,2,9,66,22,15,44,59,0,0,0,0,1,0,5,0.2180,0,0,0,2655,0
2025-10-25,Marketplace Feed,Family Pantry Retention Initiative,Metro Region Loyalty Cohort,15908997,Health Conscious Buyers Interest Segment,9013382232369046,Shelf Story Warm Voice,5257839822274418,Brand Awareness,132.9598,38675,0,34027,88,100,100,100,100,995,866,0,0,2,0,321,0,409,1.0575,1,3,0,30131,0
2025-10-26,Video Network,Seasonal Select Promo Initiative,Metro Region Loyalty Cohort,15908997,Family Planners Lookalike Segment,1718074286658736,Shelf Story Warm Voice,1532291780998103,Brand Awareness,312.1878,74289,0,51137,197,100,100,100,100,1879,2090,0,0,2,0,275,0,374,0.5034,1,11,0,38914,0
2025-10-27,In-App Display,Family Pantry Retention Initiative,Metro Region Loyalty Cohort,15908997,Health Conscious Buyers Interest Segment,9013382232369046,Shelf Story Warm Voice,3768518651506601,Brand Awareness,9.1831,2337,0,2007,8,8,50,20,12,40,49,0,0,0,0,2,0,15,0.6418,0,0,0,2098,0
2025-10-28,Display Network,Family Pantry Retention Initiative,Metro Region Loyalty Cohort,15908997,Health Conscious Buyers Retention Segment,1669733702699813,Shelf Story Bold Voice,4391005331160720,Brand Awareness,6.6062,1080,0,1550,0,3,25,11,3,23,19,0,0,0,0,1,0,2,0.1852,0,0,0,1204,0
2025-10-29,Search Network,Weekend Saver Retention Initiative,Metro Region Loyalty Cohort,15908997,Health Conscious Buyers Interest Segment,1334393532567969,Offer Spotlight Bold Voice,3220054077294586,Brand Awareness,122.7721,54274,0,28366,50,88,100,100,96,391,248,0,0,0,0,62,0,133,0.2451,0,3,0,51928,0
2025-10-30,Marketplace Feed,Family Pantry Retention Initiative,Metro Region Loyalty Cohort,15908997,Family Planners Lookalike Segment,1002710949555221,Shelf Story Warm Voice,1647332301297595,Brand Awareness,7.5013,3963,0,3638,8,11,68,29,14,52,53,0,0,0,0,12,0,20,0.5047,0,1,0,1746,0
2025-10-31,Affiliate Network,Seasonal Select Promo Initiative,Metro Region Loyalty Cohort,15908997,Family Planners Lookalike Segment,1718074286658736,Shelf Story Warm Voice,1533493773187614,Brand Awareness,381.7752,54678,0,60451,168,100,100,100,100,1482,1421,0,0,1,0,362,0,509,0.9309,0,7,0,66645,0
2025-10-01,Shopping Grid,Seasonal Select Promo Initiative,Metro Region Loyalty Cohort,15908997,Health Conscious Buyers Interest Segment,1532426936569806,Shelf Story Warm Voice,7193200529405455,Brand Awareness,37.9735,13801,0,11167,29,100,100,100,100,192,116,0,0,0,0,4,0,49,0.3550,0,1,0,11456,0
2025-10-02,In-App Display,Seasonal Select Promo Initiative,Metro Region Loyalty Cohort,15908997,Health Conscious Buyers Retention Segment,3613956286158588,Shelf Story Warm Voice,9626373394400677,Brand Awareness,88.7673,16634,0,25808,69,100,100,100,100,357,290,0,0,0,0,19,0,94,0.5651,1,2,0,28803,0
2025-10-03,Retail Media Network,Weekend Saver Retention Initiative,Metro Region Loyalty Cohort,15908997,Health Conscious Buyers Interest Segment,1334393532567969,Price Drop Cut Value Voice,2051943278335934,Brand Awareness,291.1578,58365,0,90295,193,100,100,100,100,773,538,0,0,0,0,63,0,222,0.3804,0,9,0,68261,0
2025-10-04,In-App Display,Weekend Saver Retention Initiative,Metro Region Loyalty Cohort,15908997,Health Conscious Buyers Retention Segment,4136110625615180,Shelf Story Bold Voice,5160906508093401,Brand Awareness,34.0051,7480,0,5533,18,59,100,100,84,352,366,0,0,0,0,11,0,28,0.3743,0,3,0,9194,0
2025-10-05,Video Network,Home Essentials Scale Initiative,Metro Region Prospecting Cohort,86057605,Family Planners Interest Segment,2052479131570920,Promo Banner Friendly Voice,7057211523700123,Brand Awareness,0.0000,0,0,0,0,0,0,0,0,0,0,0,0,0,0,0,0,0,0.0000,0,0,0,0,0
2025-10-06,Retail Media Network,Weekend Saver Retention Initiative,Metro Region Loyalty Cohort,15908997,Health Conscious Buyers Retention Segment,4136110625615180,Shelf Story Bold Voice,1238862856159509,Brand Awareness,19.7919,7929,0,6151,7,18,100,42,26,76,81,0,0,0,0,3,0,10,0.1261,0,0,0,6177,0
2025-10-07,Marketplace Feed,Seasonal Select Promo Initiative,Metro Region Loyalty Cohort,15908997,Family Planners Lookalike Segment,1718074286658736,Offer Spotlight Bold Voice,1638167476571035,Brand Awareness,73.2294,18591,0,18956,37,82,100,100,100,293,324,0,0,0,0,71,0,65,0.3496,0,0,0,16254,0
2025-10-08,Influencer Network,Weekend Saver Retention Initiative,Metro Region Loyalty Cohort,15908997,Health Conscious Buyers Retention Segment,4136110625615180,Shelf Story Warm Voice,5443423299390877,Brand Awareness,44.8396,9405,0,5776,19,19,100,65,35,155,85,0,0,0,0,4,0,27,0.2871,0,0,0,4992,0
2025-10-09,Search Network,Seasonal Select Promo Initiative,Metro Region Loyalty Cohort,15908997,Health Conscious Buyers Retention Segment,3613956286158588,Offer Spotlight Bold Voice,4607696881668990,Brand Awareness,6.3927,1462,0,2457,4,2,29,6,3,8,10,0,0,0,0,1,0,2,0.1368,0,0,0,1280,0
2025-10-10,Affiliate Network,Family Pantry Retention Initiative,Metro Region Loyalty Cohort,15908997,Family Planners Lookalike Segment,1665761135741679,Shelf Story Warm Voice,1280290142112652,Brand Awareness,6.4005,788,0,1115,1,6,20,9,9,15,7,0,0,0,0,3,0,4,0.5076,0,0,0,1052,0
2025-10-11,Influencer Network,Seasonal Select Promo Initiative,Metro Region Loyalty Cohort,15908997,Health Conscious Buyers Retention Segment,3613956286158588,Shelf Story Bold Voice,1755467445485119,Brand Awareness,76.1663,14900,0,17073,43,100,100,100,100,251,229,0,0,0,0,27,0,81,0.5436,0,2,0,14648,0
2025-10-12,Search Network,Weekend Saver Retention Initiative,Metro Region Loyalty Cohort,15908997,Family Planners Lookalike Segment,7248228093339312,Shelf Story Bold Voice,1269408759613688,Brand Awareness,52.3049,17121,0,23172,38,42,100,92,50,148,106,0,0,0,0,6,0,52,0.3037,1,3,0,23355,0
2025-10-13,Affiliate Network,Weekend Saver Retention Initiative,Metro Region Loyalty Cohort,15908997,Health Conscious Buyers Interest Segment,1334393532567969,Offer Spotlight Bold Voice,3220054077294586,Brand Awareness,67.8244,16822,0,23110,34,35,100,86,50,158,163,0,0,0,0,78,0,106,0.6301,0,1,0,33413,0
2025-10-14,Search Network,Seasonal Select Promo Initiative,Metro Region Loyalty Cohort,15908997,Health Conscious Buyers Interest Segment,1532426936569806,Shelf Story Warm Voice,7193200529405455,Brand Awareness,18.8133,4791,0,5743,9,86,100,100,100,97,126,0,0,0,0,17,0,19,0.3966,0,0,0,6147,0
2025-10-15,Video Network,Family Pantry Retention Initiative,Metro Region Loyalty Cohort,15908997,Health Conscious Buyers Retention Segment,1669733702699813,Shelf Story Warm Voice,1837904232519606,Brand Awareness,155.7656,34740,0,26480,120,100,100,100,100,1140,1580,0,0,0,0,122,0,208,0.5987,1,3,0,27373,0
2025-10-16,Retail Media Network,Family Pantry Retention Initiative,Metro Region Loyalty Cohort,15908997,Health Conscious Buyers Interest Segment,9013382232369046,Shelf Story Value Voice,1103993184708534,Brand Awareness,61.8973,21582,0,23135,20,77,100,100,100,251,180,0,0,0,0,31,0,75,0.3475,0,5,0,18533,0
2025-10-17,Discovery Network,Family Pantry Retention Initiative,Metro Region Loyalty Cohort,15908997,Health Conscious Buyers Interest Segment,9013382232369046,Shelf Story Warm Voice,1641518074556035,Brand Awareness,6.1010,682,0,1047,1,5,28,11,7,14,10,0,0,0,0,1,0,4,0.5865,0,0,0,811,0
2025-10-18,Search Network,Family Pantry Retention Initiative,Metro Region Loyalty Cohort,15908997,Family Planners Lookalike Segment,1665761135741679,Shelf Story Warm Voice,2616618213121749,Brand Awareness,1115.8434,123881,0,131001,567,100,100,100,100,37197,19042,0,0,30,0,8288,0,5747,4.6391,35,231,0,269575,0
2025-10-19,Video Network,Family Pantry Retention Initiative,Metro Region Loyalty Cohort,15908997,Health Conscious Buyers Interest Segment,9013382232369046,Shelf Story Bold Voice,5904212741788775,Brand Awareness,15.5189,3475,0,4049,6,20,70,33,20,85,58,0,0,0,0,11,0,17,0.4892,0,0,0,2601,0
2025-10-20,Display Network,Family Pantry Retention Initiative,Metro Region Loyalty Cohort,15908997,Health Conscious Buyers Interest Segment,9013382232369046,Shelf Story Warm Voice,1099249066640891,Brand Awareness,308.4409,53333,0,56231,391,100,100,100,100,8373,6185,0,0,5,0,1109,0,1622,3.0413,4,30,0,50497,0
2025-10-21,Retail Media Network,Weekend Saver Retention Initiative,Metro Region Loyalty Cohort,15908997,Family Planners Lookalike Segment,7248228093339312,Price Drop Cut Value Voice,9781212069592701,Brand Awareness,193.5293,30687,0,46914,117,100,100,100,100,930,965,0,0,1,0,41,0,216,0.7039,1,4,0,54911,0
2025-10-22,In-App Display,Weekend Saver Retention Initiative,Metro Region Loyalty Cohort,15908997,Family Planners Lookalike Segment,7248228093339312,Offer Spotlight Bold Voice,1757288035719114,Brand Awareness,98.4493,16523,0,13183,20,37,100,100,59,202,224,0,0,0,0,14,0,44,0.2663,0,0,0,12228,0
2025-10-23,Marketplace Feed,Seasonal Select Promo Initiative,Metro Region Prospecting Cohort,86057605,Health Conscious Buyers Affinity Segment,1583198464464326,Promo Banner Friendly Voice,1472199163581113,Brand Awareness,0.0000,0,0,0,0,0,0,0,0,0,0,0,0,0,0,0,0,0,0.0000,0,0,0,0,0
2025-10-24,Video Network,Family Pantry Retention Initiative,Metro Region Loyalty Cohort,15908997,Family Planners Lookalike Segment,1002710949555221,Shelf Story Warm Voice,3185083078735744,Brand Awareness,107.1403,23670,0,17354,53,100,100,100,100,1560,1324,0,0,1,0,69,0,135,0.5703,0,5,0,20261,0
2025-10-25,Shopping Grid,Family Pantry Retention Initiative,Metro Region Loyalty Cohort,15908997,Health Conscious Buyers Interest Segment,1474840462607869,Shelf Story Warm Voice,4340134105081797,Brand Awareness,570.2377,74142,0,71790,117,100,100,100,100,7420,4725,0,0,3,0,1476,0,1112,1.4998,1,20,0,53611,0
2025-10-26,Search Network,Family Pantry Retention Initiative,Metro Region Loyalty Cohort,15908997,Health Conscious Buyers Interest Segment,9013382232369046,Shelf Story Warm Voice,5257839822274418,Brand Awareness,186.1834,23977,0,36864,111,100,100,100,100,1165,1085,0,0,0,0,187,0,171,0.7132,0,5,0,29435,0
2025-10-27,Affiliate Network,Weekend Saver Retention Initiative,Metro Region Loyalty Cohort,15908997,Family Planners Lookalike Segment,7248228093339312,Shelf Story Bold Voice,1269408759613688,Brand Awareness,99.1007,18474,0,21065,62,72,100,100,100,300,262,0,0,0,0,8,0,74,0.4006,0,2,0,25265,0
2025-10-28,Marketplace Feed,Weekend Saver Retention Initiative,Metro Region Loyalty Cohort,15908997,Health Conscious Buyers Interest Segment,1334393532567969,Price Drop Cut Value Voice,1109002298095593,Brand Awareness,590.9819,110069,0,66150,197,100,100,100,100,2156,2565,0,0,0,0,669,0,537,0.4879,1,6,0,52992,0
2025-10-29,Marketplace Feed,Family Pantry Retention Initiative,Metro Region Loyalty Cohort,15908997,Family Planners Lookalike Segment,1665761135741679,Collection Showcase Warm Voice,5654112849815777,Brand Awareness,148.6700,24924,0,24579,73,100,100,100,100,1045,603,0,0,1,0,215,0,511,2.0502,0,2,0,19199,0
2025-10-30,Retail Media Network,Seasonal Select Promo Initiative,Metro Region Loyalty Cohort,15908997,Health Conscious Buyers Interest Segment,1532426936569806,Shelf Story Bold Voice,1082336609132049,Brand Awareness,135.8067,23189,0,27038,98,100,100,100,100,507,489,0,0,0,0,25,0,116,0.5002,0,2,0,19500,0
2025-10-31,Discovery Network,Seasonal Select Promo Initiative,Metro Region Loyalty Cohort,15908997,Family Planners Lookalike Segment,1718074286658736,Shelf Story Bold Voice,4278310985669178,Brand Awareness,222.5045,42607,0,32744,65,100,100,100,100,1043,929,0,0,0,0,266,0,613,1.4387,0,2,0,36462,0
2025-10-01,Discovery Network,Family Pantry Retention Initiative,Metro Region Loyalty Cohort,15908997,Health Conscious Buyers Interest Segment,9013382232369046,Shelf Story Warm Voice,8148838999548557,Brand Awareness,37.4678,11672,0,8131,9,60,100,100,84,198,97,0,0,0,0,8,0,15,0.1285,0,0,0,9721,0
2025-10-02,Discovery Network,Family Pantry Retention Initiative,Metro Region Loyalty Cohort,15908997,Health Conscious Buyers Interest Segment,1474840462607869,Shelf Story Warm Voice,8486205212439809,Brand Awareness,173.0297,40247,0,47405,60,100,100,100,100,911,986,0,0,0,0,368,0,456,1.1330,6,0,0,26707,0
2025-10-03,Connected TV,Weekend Saver Retention Initiative,Metro Region Loyalty Cohort,15908997,Health Conscious Buyers Retention Segment,4136110625615180,Price Drop Cut Value Voice,1682844113945221,Brand Awareness,64.1375,23446,0,14898,21,79,100,100,99,210,133,0,0,0,0,6,0,56,0.2388,1,2,0,17016,0
2025-10-04,Video Network,Seasonal Select Promo Initiative,Metro Region Loyalty Cohort,15908997,Health Conscious Buyers Retention Segment,3613956286158588,Shelf Story Warm Voice,2259713911990191,Brand Awareness,197.8488,35311,0,26802,74,100,100,100,100,932,587,0,0,0,0,49,0,172,0.4871,1,1,0,28042,0
2025-10-05,Affiliate Network,Weekend Saver Retention Initiative,Metro Region Loyalty Cohort,15908997,Family Planners Lookalike Segment,7248228093339312,Shelf Story Warm Voice,6451368560487732,Brand Awareness,150.7377,28620,0,28068,73,100,100,100,100,844,403,0,0,1,0,63,0,186,0.6499,1,4,0,20057,0
2025-10-06,Shopping Grid,Seasonal Select Promo Initiative,Metro Region Loyalty Cohort,15908997,Health Conscious Buyers Interest Segment,1532426936569806,Offer Spotlight Value Voice,2894551765052346,Brand Awareness,50.8402,9774,0,8371,40,100,100,100,100,289,330,0,0,0,0,9,0,55,0.5627,0,1,0,10938,0
2025-10-07,Affiliate Network,Weekend Saver Retention Initiative,Metro Region Loyalty Cohort,15908997,Family Planners Lookalike Segment,7248228093339312,Price Drop Cut Value Voice,9318406623487279,Brand Awareness,117.8216,29193,0,39677,69,87,100,100,100,292,193,0,0,0,0,27,0,84,0.2877,0,3,0,30753,0
2025-10-08,Retail Media Network,Seasonal Select Promo Initiative,Metro Region Loyalty Cohort,15908997,Health Conscious Buyers Interest Segment,1532426936569806,Promo Banner Warm Voice,5732401046815275,Brand Awareness,155.9985,31288,0,38754,136,100,100,100,100,1037,943,0,0,0,0,128,0,124,0.3963,0,4,0,33783,0
2025-10-09,Discovery Network,Seasonal Select Promo Initiative,Metro Region Loyalty Cohort,15908997,Family Planners Lookalike Segment,1718074286658736,Offer Spotlight Value Voice,2074777970281390,Brand Awareness,156.8800,25128,0,27623,120,100,100,100,100,869,533,0,0,0,0,89,0,239,0.9511,0,6,0,39968,0
2025-10-10,Shopping Grid,Family Pantry Retention Initiative,Metro Region Loyalty Cohort,15908997,Family Planners Lookalike Segment,1665761135741679,Shelf Story Bold Voice,1220357368781053,Brand Awareness,26.3497,6993,0,5502,9,8,54,23,10,76,84,0,0,0,0,38,0,24,0.3432,0,0,0,4734,0
2025-10-11,In-App Display,Family Pantry Retention Initiative,Metro Region Loyalty Cohort,15908997,Health Conscious Buyers Interest Segment,9013382232369046,Collection Showcase Warm Voice,3199746654625132,Brand Awareness,24.5126,4119,0,3055,16,74,100,100,93,252,189,0,0,0,0,9,0,37,0.8983,0,1,0,4713,0
2025-10-12,In-App Display,Family Pantry Retention Initiative,Metro Region Loyalty Cohort,15908997,Family Planners Lookalike Segment,1665761135741679,Shelf Story Value Voice,5225143865411760,Brand Awareness,92.9886,27915,0,15744,37,40,100,72,40,147,152,0,0,0,0,38,0,67,0.2400,0,4,0,20132,0
2025-10-13,Retail Media Network,Weekend Saver Retention Initiative,Metro Region Loyalty Cohort,15908997,Health Conscious Buyers Retention Segment,4136110625615180,Price Drop Cut Value Voice,1316048837324374,Brand Awareness,132.1532,33209,0,29235,91,100,100,100,100,736,536,0,0,0,0,32,0,159,0.4788,1,2,0,33008,0
2025-10-14,Connected TV,Seasonal Select Promo Initiative,Metro Region Loyalty Cohort,15908997,Health Conscious Buyers Interest Segment,1532426936569806,Shelf Story Warm Voice,9953353036347574,Brand Awareness,207.7300,49052,0,50217,185,100,100,100,100,1009,643,0,0,0,0,47,0,145,0.2956,1,8,0,40628,0
2025-10-15,Connected TV,Family Pantry Retention Initiative,Metro Region Loyalty Cohort,15908997,Health Conscious Buyers Retention Segment,1669733702699813,Shelf Story Warm Voice,5602072675253918,Brand Awareness,176.6674,25883,0,24074,135,100,100,100,100,3341,3131,0,0,1,0,277,0,308,1.1900,1,7,0,22193,0
2025-10-16,Influencer Network,Family Pantry Retention Initiative,Metro Region Loyalty Cohort,15908997,Family Planners Lookalike Segment,1665761135741679,Shelf Story Warm Voice,1280290142112652,Brand Awareness,4.4683,1051,0,1071,2,15,43,24,17,30,34,0,0,0,0,4,0,8,0.7612,0,0,0,917,0
2025-10-17,Shopping Grid,Weekend Saver Retention Initiative,Metro Region Loyalty Cohort,15908997,Family Planners Lookalike Segment,7248228093339312,Shelf Story Warm Voice,1150526236199258,Brand Awareness,105.7815,23335,0,27514,39,100,100,100,100,459,467,0,0,0,0,79,0,130,0.5571,0,0,0,17647,0
2025-10-18,In-App Display,Family Pantry Retention Initiative,Metro Region Loyalty Cohort,15908997,Family Planners Lookalike Segment,1665761135741679,Shelf Story Warm Voice,2793262031628184,Brand Awareness,250.8274,36072,0,36615,207,100,100,100,100,2253,1766,0,0,1,0,623,0,682,1.8907,7,10,0,49660,0
2025-10-19,Video Network,Family Pantry Retention Initiative,Metro Region Loyalty Cohort,15908997,Family Planners Lookalike Segment,1665761135741679,Promo Banner Friendly Voice,1647756988327695,Brand Awareness,294.6032,33408,0,41658,141,100,100,100,100,2095,2220,0,0,0,0,480,0,513,1.5356,0,12,0,59051,0
2025-10-20,Marketplace Feed,Weekend Saver Retention Initiative,Metro Region Loyalty Cohort,15908997,Health Conscious Buyers Retention Segment,4136110625615180,Shelf Story Bold Voice,1238862856159509,Brand Awareness,9.8390,4556,0,3726,10,24,99,33,27,70,74,0,0,0,0,4,0,11,0.2414,0,0,0,4522,0
2025-10-21,Search Network,Family Pantry Retention Initiative,Metro Region Loyalty Cohort,15908997,Health Conscious Buyers Retention Segment,1669733702699813,Shelf Story Warm Voice,2604915282803870,Brand Awareness,4.6104,531,0,914,0,2,33,10,3,24,17,0,0,0,0,0,0,0,0.0000,0,0,0,606,0
2025-10-22,Marketplace Feed,Seasonal Select Promo Initiative,Metro Region Loyalty Cohort,15908997,Family Planners Lookalike Segment,1718074286658736,Shelf Story Warm Voice,1532291780998103,Brand Awareness,300.5300,37221,0,53161,222,100,100,100,100,1912,2335,0,0,1,0,469,0,901,2.4207,1,7,0,67693,0
2025-10-23,Social Feed,Seasonal Select Promo Initiative,Metro Region Loyalty Cohort,15908997,Family Planners Lookalike Segment,1718074286658736,Shelf Story Warm Voice,1533493773187614,Brand Awareness,362.3537,39886,0,34109,114,100,100,100,100,1527,1734,0,0,1,0,378,0,774,1.9405,0,10,0,57847,0
2025-10-24,Influencer Network,Family Pantry Retention Initiative,Metro Region Loyalty Cohort,15908997,Family Planners Lookalike Segment,1002710949555221,Shelf Story Warm Voice,1647332301297595,Brand Awareness,22.7816,5829,0,9456,16,28,100,51,31,95,97,0,0,0,0,11,0,23,0.3946,0,0,0,4311,0
2025-10-25,Discovery Network,Family Pantry Retention Initiative,Metro Region Loyalty Cohort,15908997,Health Conscious Buyers Interest Segment,9013382232369046,Shelf Story Warm Voice,3768518651506601,Brand Awareness,11.3624,4904,0,4743,9,21,100,43,28,94,58,0,0,0,0,3,0,25,0.5098,0,1,0,5318,0
2025-10-26,Retail Media Network,Weekend Saver Retention Initiative,Metro Region Loyalty Cohort,15908997,Health Conscious Buyers Interest Segment,1334393532567969,Shelf Story Bold Voice,8314765461987923,Brand Awareness,76.2514,12064,0,26138,35,90,100,100,100,333,273,0,0,0,0,85,0,177,1.4672,0,0,0,24602,0
2025-10-27,Display Network,Family Pantry Retention Initiative,Metro Region Loyalty Cohort,15908997,Health Conscious Buyers Interest Segment,9013382232369046,Price Drop Cut Value Voice,4186893344787278,Brand Awareness,18.7259,4590,0,4810,11,46,100,75,56,95,74,0,0,0,0,6,0,14,0.3050,0,0,0,4120,0
2025-10-28,Video Network,Family Pantry Retention Initiative,Metro Region Loyalty Cohort,15908997,Health Conscious Buyers Interest Segment,9013382232369046,Promo Banner Friendly Voice,1538508227020088,Brand Awareness,29.2191,6627,0,5712,24,100,100,100,100,203,169,0,0,0,0,14,0,68,1.0261,0,2,0,3429,0
2025-10-29,Search Network,Family Pantry Retention Initiative,Metro Region Loyalty Cohort,15908997,Health Conscious Buyers Retention Segment,1669733702699813,Promo Banner Friendly Voice,4647140982681565,Brand Awareness,126.0065,28258,0,21589,58,100,100,100,100,645,345,0,0,0,0,36,0,114,0.4034,3,6,0,24746,0
2025-10-30,Shopping Grid,Seasonal Select Promo Initiative,Metro Region Loyalty Cohort,15908997,Health Conscious Buyers Retention Segment,3613956286158588,Offer Spotlight Bold Voice,4607696881668990,Brand Awareness,6.1679,1675,0,2625,1,7,34,17,13,21,24,0,0,0,0,0,0,2,0.1194,0,0,0,1998,0
2025-10-31,Marketplace Feed,Weekend Saver Retention Initiative,Metro Region Loyalty Cohort,15908997,Family Planners Lookalike Segment,7248228093339312,Shelf Story Bold Voice,3411200546175283,Brand Awareness,103.0540,15852,0,16581,115,100,100,100,100,1171,1557,0,0,0,0,70,0,186,1.1734,0,1,0,10886,0
2025-10-01,Retail Media Network,Family Pantry Retention Initiative,Metro Region Loyalty Cohort,15908997,Health Conscious Buyers Retention Segment,1669733702699813,Collection Showcase Warm Voice,1788908453907262,Brand Awareness,47.1297,15106,0,9005,21,59,100,100,91,402,330,0,0,0,0,27,0,59,0.3906,1,3,0,13183,0
2025-10-02,Connected TV,Family Pantry Retention Initiative,Metro Region Loyalty Cohort,15908997,Family Planners Lookalike Segment,1665761135741679,Shelf Story Warm Voice,2902136042807068,Brand Awareness,449.1830,70973,0,71067,337,100,100,100,100,10261,11858,0,0,11,0,3939,0,3136,4.4186,10,52,0,44151,0
2025-10-03,Influencer Network,Family Pantry Retention Initiative,Metro Region Loyalty Cohort,15908997,Family Planners Lookalike Segment,1665761135741679,Shelf Story Warm Voice,1450951256520921,Brand Awareness,13.9228,2634,0,2447,6,11,81,33,18,68,45,0,0,0,0,7,0,11,0.4176,0,0,0,2589,0
2025-10-04,Retail Media Network,Family Pantry Retention Initiative,Metro Region Loyalty Cohort,15908997,Health Conscious Buyers Interest Segment,1474840462607869,Shelf Story Warm Voice,9110304031000052,Brand Awareness,170.9568,33386,0,29207,59,100,100,100,100,1600,1945,0,0,0,0,471,0,522,1.5635,1,3,0,13696,0
2025-10-05,Display Network,Family Pantry Retention Initiative,Metro Region Loyalty Cohort,15908997,Family Planners Lookalike Segment,1665761135741679,Promo Banner Friendly Voice,6598720554447191,Brand Awareness,5.2384,831,0,814,1,7,29,18,11,26,33,0,0,0,0,1,0,3,0.3610,0,0,0,1302,0
2025-10-06,Retail Media Network,Family Pantry Retention Initiative,Metro Region Loyalty Cohort,15908997,Family Planners Lookalike Segment,1665761135741679,Shelf Story Warm Voice,6549680554582288,Brand Awareness,129.9284,31539,0,19898,54,90,100,100,100,297,329,0,0,0,0,29,0,92,0.2917,0,0,0,30936,0
2025-10-07,Search Network,Home Essentials Scale Initiative,Metro Region Prospecting Cohort,86057605,Family Planners Interest Segment,2052479131570920,Shelf Story Warm Voice,1453411941100364,Brand Awareness,0.0000,0,0,0,0,0,0,0,0,0,0,0,0,0,0,0,0,0,0.0000,0,0,0,0,0
2025-10-08,Video Network,Family Pantry Retention Initiative,Metro Region Loyalty Cohort,15908997,Health Conscious Buyers Retention Segment,1669733702699813,Promo Banner Friendly Voice,1414897562821209,Brand Awareness,3.4198,1272,0,1049,4,5,23,11,5,13,13,0,0,0,0,0,0,2,0.1572,0,0,0,792,0
2025-10-09,Shopping Grid,Family Pantry Retention Initiative,Metro Region Loyalty Cohort,15908997,Health Conscious Buyers Retention Segment,1669733702699813,Shelf Story Warm Voice,6197978194612129,Brand Awareness,8.7209,1783,0,1944,1,13,61,22,16,49,26,0,0,0,0,1,0,1,0.0561,0,0,0,1623,0
2025-10-10,Video Network,Family Pantry Retention Initiative,Metro Region Loyalty Cohort,15908997,Health Conscious Buyers Retention Segment,4976789753470273,Shelf Story Warm Voice,1212856722898025,Brand Awareness,42.4777,9726,0,7859,8,90,100,100,100,274,410,0,0,0,0,19,0,42,0.4318,0,1,0,12170,0
2025-10-11,Shopping Grid,Seasonal Select Promo Initiative,Metro Region Loyalty Cohort,15908997,Family Planners Lookalike Segment,1718074286658736,Promo Banner Warm Voice,1089449421739833,Brand Awareness,379.6471,65058,0,60014,148,100,100,100,100,2745,1645,0,0,0,0,1013,0,852,1.3096,2,14,0,78265,0
2025-10-12,Discovery Network,Family Pantry Retention Initiative,Metro Region Loyalty Cohort,15908997,Health Conscious Buyers Retention Segment,1669733702699813,Shelf Story Warm Voice,4211876559793011,Brand Awareness,55.8918,17481,0,24013,18,51,100,95,66,162,141,0,0,0,0,2,0,21,0.1201,1,0,0,22896,0
2025-10-13,Influencer Network,Seasonal Select Promo Initiative,Metro Region Loyalty Cohort,15908997,Health Conscious Buyers Retention Segment,3613956286158588,Shelf Story Warm Voice,9626373394400677,Brand Awareness,136.4177,27476,0,29243,33,100,100,100,100,409,582,0,0,0,0,24,0,129,0.4695,0,0,0,26444,0
2025-10-14,Retail Media Network,Home Essentials Scale Initiative,Metro Region Prospecting Cohort,86057605,Family Planners Interest Segment,2052479131570920,Price Drop Cut Value Voice,1450690616595384,Brand Awareness,0.0000,0,0,0,0,0,0,0,0,0,0,0,0,0,0,0,0,0,0.0000,0,0,0,0,0
2025-10-15,Influencer Network,Weekend Saver Retention Initiative,Metro Region Loyalty Cohort,15908997,Health Conscious Buyers Retention Segment,4136110625615180,Shelf Story Warm Voice,5443423299390877,Brand Awareness,60.0943,20536,0,13820,35,68,100,100,100,347,423,0,0,0,0,38,0,69,0.3360,0,0,0,23605,0
2025-10-16,In-App Display,Family Pantry Retention Initiative,Metro Region Loyalty Cohort,15908997,Health Conscious Buyers Interest Segment,9013382232369046,Shelf Story Warm Voice,1177430610668804,Brand Awareness,665.2667,122056,0,131555,729,100,100,100,100,23220,14822,0,0,29,0,4431,0,4111,3.3681,21,149,0,99344,0
2025-10-17,Marketplace Feed,Family Pantry Retention Initiative,Metro Region Loyalty Cohort,15908997,Health Conscious Buyers Interest Segment,9013382232369046,Promo Banner Friendly Voice,1255871739760170,Brand Awareness,6.7084,3205,0,2040,7,22,49,33,28,53,38,0,0,0,0,10,0,15,0.4680,0,1,0,3083,0
2025-10-18,Affiliate Network,Weekend Saver Retention Initiative,Metro Region Loyalty Cohort,15908997,Health Conscious Buyers Retention Segment,4136110625615180,Shelf Story Warm Voice,1781261912151237,Brand Awareness,18.3656,7422,0,6468,13,37,100,69,40,163,192,0,0,0,0,14,0,19,0.2560,0,0,0,4199,0
2025-10-19,Social Feed,Family Pantry Retention Initiative,Metro Region Loyalty Cohort,15908997,Family Planners Lookalike Segment,1665761135741679,Price Drop Cut Value Voice,1192366617925175,Brand Awareness,65.3119,20639,0,13216,40,100,100,100,100,356,373,0,0,0,0,99,0,91,0.4409,0,6,0,17018,0
2025-10-20,Marketplace Feed,Family Pantry Retention Initiative,Metro Region Loyalty Cohort,15908997,Family Planners Lookalike Segment,1002710949555221,Offer Spotlight Bold Voice,7401589860358191,Brand Awareness,15.2518,4702,0,6042,17,22,100,47,31,151,77,0,0,0,0,38,0,42,0.8932,0,0,0,7507,0
2025-10-21,Shopping Grid,Weekend Saver Retention Initiative,Metro Region Loyalty Cohort,15908997,Health Conscious Buyers Interest Segment,1334393532567969,Shelf Story Bold Voice,7232280368739505,Brand Awareness,516.8865,40743,0,54210,272,100,100,100,100,3914,3750,0,0,0,0,1967,0,1500,3.6816,1,13,0,48113,0
2025-10-22,Display Network,Seasonal Select Promo Initiative,Metro Region Loyalty Cohort,15908997,Health Conscious Buyers Interest Segment,1532426936569806,Offer Spotlight Bold Voice,4433422745438620,Brand Awareness,13.6273,5654,0,5892,15,38,100,70,41,83,75,0,0,0,0,6,0,33,0.5837,0,0,0,7398,0
2025-10-23,Video Network,Seasonal Select Promo Initiative,Metro Region Loyalty Cohort,15908997,Health Conscious Buyers Retention Segment,3613956286158588,Offer Spotlight Value Voice,9011752711561329,Brand Awareness,38.6200,9203,0,9691,22,100,100,100,100,184,144,0,0,0,0,7,0,36,0.3912,1,2,0,5214,0
2025-10-24,Video Network,Family Pantry Retention Initiative,Metro Region Loyalty Cohort,15908997,Health Conscious Buyers Retention Segment,1669733702699813,Price Drop Cut Value Voice,6906673719698824,Brand Awareness,43.9327,13515,0,12169,26,81,100,100,100,173,217,0,0,0,0,15,0,29,0.2146,0,1,0,14610,0
2025-10-25,Social Feed,Family Pantry Retention Initiative,Metro Region Loyalty Cohort,15908997,Health Conscious Buyers Retention Segment,1669733702699813,Shelf Story Value Voice,1365467474223726,Brand Awareness,43.3552,14122,0,11247,16,25,100,73,40,127,78,0,0,0,0,14,0,44,0.3116,0,0,0,13586,0
2025-10-26,Discovery Network,Family Pantry Retention Initiative,Metro Region Loyalty Cohort,15908997,Health Conscious Buyers Retention Segment,1669733702699813,Shelf Story Warm Voice,1173063753252113,Brand Awareness,315.4052,58786,0,41328,268,100,100,100,100,7067,6510,0,0,5,0,390,0,766,1.3030,6,33,0,47724,0
2025-10-27,Marketplace Feed,Family Pantry Retention Initiative,Metro Region Loyalty Cohort,15908997,Health Conscious Buyers Retention Segment,4976789753470273,Offer Spotlight Bold Voice,1582932391745882,Brand Awareness,38.7774,7377,0,8326,24,18,100,66,29,218,149,0,0,0,0,12,0,42,0.5693,0,0,0,7802,0
2025-10-28,Retail Media Network,Family Pantry Retention Initiative,Metro Region Loyalty Cohort,15908997,Health Conscious Buyers Retention Segment,4976789753470273,Shelf Story Warm Voice,1220076337258804,Brand Awareness,41.9414,15035,0,15279,44,57,100,100,58,257,118,0,0,0,0,29,0,74,0.4922,1,0,0,16459,0
2025-10-29,Video Network,Family Pantry Retention Initiative,Metro Region Loyalty Cohort,15908997,Family Planners Lookalike Segment,1002710949555221,Shelf Story Warm Voice,5797898098365146,Brand Awareness,391.2023,47871,0,43481,198,100,100,100,100,4939,3602,0,0,3,0,483,0,731,1.5270,0,12,0,68329,0
2025-10-30,Connected TV,Weekend Saver Retention Initiative,Metro Region Loyalty Cohort,15908997,Health Conscious Buyers Retention Segment,4136110625615180,Offer Spotlight Bold Voice,3833443174798849,Brand Awareness,13.9119,4696,0,6759,4,12,86,28,16,46,57,0,0,0,0,8,0,15,0.3194,1,0,0,7099,0
2025-10-31,Display Network,Weekend Saver Retention Initiative,Metro Region Loyalty Cohort,15908997,Health Conscious Buyers Interest Segment,1334393532567969,Shelf Story Warm Voice,2520693897922300,Brand Awareness,234.4640,54577,0,36316,154,100,100,100,100,1615,1244,0,0,3,0,642,0,1023,1.8744,0,2,0,68548,0
2025-10-01,Retail Media Network,Weekend Saver Retention Initiative,Metro Region Loyalty Cohort,15908997,Health Conscious Buyers Interest Segment,1334393532567969,Price Drop Cut Value Voice,2051943278335934,Brand Awareness,221.2542,55735,0,33049,72,100,100,100,100,455,429,0,0,0,0,108,0,282,0.5060,0,3,0,41523,0
2025-10-02,In-App Display,Weekend Saver Retention Initiative,Metro Region Loyalty Cohort,15908997,Health Conscious Buyers Retention Segment,4136110625615180,Shelf Story Bold Voice,5160906508093401,Brand Awareness,76.6002,15830,0,15011,70,100,100,100,100,957,540,0,0,0,0,40,0,88,0.5559,1,2,0,8593,0
2025-10-03,Social Feed,Family Pantry Retention Initiative,Metro Region Loyalty Cohort,15908997,Health Conscious Buyers Retention Segment,1669733702699813,Shelf Story Bold Voice,4391005331160720,Brand Awareness,3.4024,1326,0,1187,3,2,17,8,3,19,16,0,0,0,0,3,0,5,0.3771,0,0,0,682,0
2025-10-04,Affiliate Network,Family Pantry Retention Initiative,Metro Region Conversion Cohort,38881639,Family Planners Lookalike Segment,1010331617086390,Shelf Story Warm Voice,1022962676348579,Brand Awareness,0.0000,0,0,0,0,0,0,0,0,0,0,0,0,0,0,0,0,0,0.0000,0,0,0,0,0
2025-10-05,Discovery Network,Family Pantry Retention Initiative,Metro Region Loyalty Cohort,15908997,Health Conscious Buyers Retention Segment,4976789753470273,Shelf Story Warm Voice,4041974945367907,Brand Awareness,112.3887,29330,0,31079,52,100,100,100,100,1734,1500,0,0,1,0,145,0,171,0.5830,1,3,0,34871,0
2025-10-06,Marketplace Feed,Seasonal Select Promo Initiative,Metro Region Loyalty Cohort,15908997,Health Conscious Buyers Retention Segment,3613956286158588,Shelf Story Bold Voice,1755467445485119,Brand Awareness,94.2190,13047,0,21996,25,100,100,100,100,327,223,0,0,0,0,18,0,58,0.4445,0,0,0,12280,0
2025-10-07,Connected TV,Seasonal Select Promo Initiative,Metro Region Loyalty Cohort,15908997,Family Planners Lookalike Segment,1718074286658736,Offer Spotlight Bold Voice,1638167476571035,Brand Awareness,48.5945,11065,0,8700,30,100,100,100,100,365,218,0,0,0,0,94,0,98,0.8857,0,4,0,19045,0
2025-10-08,Search Network,Family Pantry Retention Initiative,Metro Region Loyalty Cohort,15908997,Health Conscious Buyers Interest Segment,1474840462607869,Shelf Story Warm Voice,5682500646683685,Brand Awareness,323.0072,52474,0,84646,120,100,100,100,100,5438,4021,0,0,2,0,779,0,1039,1.9800,0,16,0,64491,0
2025-10-09,Search Network,Seasonal Select Promo Initiative,Metro Region Loyalty Cohort,15908997,Health Conscious Buyers Retention Segment,3613956286158588,Promo Banner Warm Voice,3456261421148856,Brand Awareness,183.4290,27241,0,24614,97,100,100,100,100,942,789,0,0,0,0,45,0,156,0.5727,1,2,0,14223,0
2025-10-10,Influencer Network,Weekend Saver Retention Initiative,Metro Region Loyalty Cohort,15908997,Health Conscious Buyers Interest Segment,1334393532567969,Shelf Story Warm Voice,8045514033882153,Brand Awareness,281.1900,46671,0,31841,56,100,100,100,100,1582,1979,0,0,1,0,862,0,1147,2.4576,2,10,0,45477,0
2025-10-11,Video Network,Family Pantry Retention Initiative,Metro Region Loyalty Cohort,15908997,Health Conscious Buyers Retention Segment,4976789753470273,Shelf Story Warm Voice,5506678816268127,Brand Awareness,127.2724,27480,0,38976,38,100,100,100,100,1708,1296,0,0,0,0,151,0,174,0.6332,2,4,0,14761,0
2025-10-12,Shopping Grid,Family Pantry Retention Initiative,Metro Region Loyalty Cohort,86057605,Health Conscious Buyers Interest Segment,1317849022166581,Shelf Story Warm Voice,4835139745633214,Brand Awareness,0.0000,0,0,0,0,0,0,0,0,0,0,0,0,0,0,0,0,0,0.0000,0,0,0,0,0
2025-10-13,Social Feed,Family Pantry Retention Initiative,Metro Region Loyalty Cohort,15908997,Health Conscious Buyers Interest Segment,1474840462607869,Offer Spotlight Bold Voice,3530423296641236,Brand Awareness,89.4971,13332,0,24146,43,73,100,100,100,702,758,0,0,0,0,141,0,262,1.9652,0,4,0,18043,0
2025-10-14,Video Network,Family Pantry Retention Initiative,Metro Region Loyalty Cohort,15908997,Family Planners Lookalike Segment,1002710949555221,Shelf Story Warm Voice,1655044419034925,Brand Awareness,26.6258,3440,0,5735,13,87,100,100,100,271,283,0,0,0,0,22,0,35,1.0174,0,4,0,3689,0
2025-10-15,Video Network,Family Pantry Retention Initiative,Metro Region Loyalty Cohort,15908997,Family Planners Lookalike Segment,1665761135741679,Shelf Story Warm Voice,2616618213121749,Brand Awareness,895.3075,231334,0,137597,1279,100,100,100,100,38267,37391,0,0,55,0,9686,0,6781,2.9313,41,241,0,282461,0
2025-10-16,Discovery Network,Seasonal Select Promo Initiative,Metro Region Loyalty Cohort,15908997,Health Conscious Buyers Interest Segment,1532426936569806,Promo Banner Warm Voice,5732401046815275,Brand Awareness,241.0028,59989,0,36938,76,100,100,100,100,816,543,0,0,0,0,116,0,262,0.4367,0,2,0,42609,0
2025-10-17,Connected TV,Family Pantry Retention Initiative,Metro Region Loyalty Cohort,15908997,Family Planners Lookalike Segment,1665761135741679,Collection Showcase Warm Voice,5654112849815777,Brand Awareness,274.1002,33219,0,26672,95,100,100,100,100,1367,958,0,0,0,0,803,0,589,1.7731,0,8,0,31356,0
2025-10-18,Video Network,Family Pantry Retention Initiative,Metro Region Loyalty Cohort,15908997,Health Conscious Buyers Interest Segment,9013382232369046,Shelf Story Bold Voice,5904212741788775,Brand Awareness,8.6262,1714,0,1685,9,13,59,24,18,64,69,0,0,0,0,5,0,11,0.6418,0,0,0,1679,0
2025-10-19,Social Feed,Family Pantry Retention Initiative,Metro Region Loyalty Cohort,15908997,Health Conscious Buyers Interest Segment,9013382232369046,Shelf Story Warm Voice,1099249066640891,Brand Awareness,245.6113,31526,0,35891,85,100,100,100,100,4621,4068,0,0,7,0,608,0,1002,3.1783,4,13,0,32309,0
2025-10-20,In-App Display,Family Pantry Retention Initiative,Metro Region Loyalty Cohort,15908997,Health Conscious Buyers Interest Segment,1474840462607869,Shelf Story Warm Voice,4340134105081797,Brand Awareness,322.7897,51338,0,47044,241,100,100,100,100,7588,7448,0,0,3,0,1576,0,1017,1.9810,8,17,0,38525,0
2025-10-21,Retail Media Network,Seasonal Select Promo Initiative,Metro Region Loyalty Cohort,15908997,Family Planners Lookalike Segment,1718074286658736,Shelf Story Warm Voice,1532291780998103,Brand Awareness,381.5800,45625,0,72507,165,100,100,100,100,1948,1425,0,0,0,0,477,0,706,1.5474,5,18,0,67938,0
2025-10-22,Discovery Network,Seasonal Select Promo Initiative,Metro Region Loyalty Cohort,15908997,Family Planners Lookalike Segment,1718074286658736,Shelf Story Warm Voice,1533493773187614,Brand Awareness,264.5977,57826,0,65399,155,100,100,100,100,1462,1920,0,0,0,0,568,0,367,0.6347,1,6,0,63964,0
2025-10-23,Shopping Grid,Family Pantry Retention Initiative,Metro Region Loyalty Cohort,15908997,Family Planners Lookalike Segment,1665761135741679,Promo Banner Friendly Voice,6598720554447191,Brand Awareness,7.6344,1488,0,1052,1,18,36,22,21,38,23,0,0,0,0,1,0,5,0.3360,0,0,0,1563,0
2025-10-24,Affiliate Network,Seasonal Select Promo Initiative,Metro Region Loyalty Cohort,15908997,Health Conscious Buyers Retention Segment,3613956286158588,Promo Banner Warm Voice,3456261421148856,Brand Awareness,167.3483,34950,0,21806,81,100,100,100,100,1200,974,0,0,0,0,44,0,123,0.3519,0,1,0,33645,0
2025-10-25,Influencer Network,Family Pantry Retention Initiative,Metro Region Loyalty Cohort,15908997,Health Conscious Buyers Retention Segment,1669733702699813,Shelf Story Warm Voice,6197978194612129,Brand Awareness,10.2079,2620,0,3582,4,13,53,31,20,47,68,0,0,0,0,7,0,7,0.2672,0,0,0,4308,0
2025-10-26,Video Network,Family Pantry Retention Initiative,Metro Region Loyalty Cohort,15908997,Health Conscious Buyers Interest Segment,1474840462607869,Shelf Story Warm Voice,5682500646683685,Brand Awareness,419.6016,78134,0,52051,177,100,100,100,100,6033,3689,0,0,2,0,631,0,813,1.0405,4,11,0,89294,0
2025-10-27,Affiliate Network,Family Pantry Retention Initiative,Metro Region Loyalty Cohort,15908997,Health Conscious Buyers Retention Segment,1669733702699813,Shelf Story Warm Voice,1173063753252113,Brand Awareness,290.5037,51191,0,53591,158,100,100,100,100,5014,3218,0,0,7,0,398,0,715,1.3967,3,26,0,32348,0
2025-10-28,Discovery Network,Family Pantry Retention Initiative,Metro Region Loyalty Cohort,15908997,Health Conscious Buyers Interest Segment,9013382232369046,Promo Banner Friendly Voice,1255871739760170,Brand Awareness,5.6991,1080,0,1767,4,16,44,21,17,38,33,0,0,0,0,4,0,6,0.5556,0,0,0,1240,0
2025-10-29,Social Feed,Weekend Saver Retention Initiative,Metro Region Loyalty Cohort,15908997,Health Conscious Buyers Interest Segment,1334393532567969,Shelf Story Bold Voice,7232280368739505,Brand Awareness,225.4453,13182,0,29404,90,100,100,100,100,1751,1829,0,0,5,0,1916,0,1501,11.3867,1,8,0,25841,0
2025-10-30,Video Network,Family Pantry Retention Initiative,Metro Region Loyalty Cohort,15908997,Family Planners Lookalike Segment,1665761135741679,Shelf Story Warm Voice,6549680554582288,Brand Awareness,84.3515,15671,0,13155,37,53,100,90,71,139,93,0,0,0,0,14,0,74,0.4722,0,0,0,10907,0
2025-10-31,Affiliate Network,Family Pantry Retention Initiative,Metro Region Loyalty Cohort,15908997,Health Conscious Buyers Retention Segment,1669733702699813,Promo Banner Friendly Voice,1414897562821209,Brand Awareness,6.5144,1026,0,1442,4,6,22,11,9,18,14,0,0,0,0,0,0,4,0.3899,0,0,0,945,0
2025-10-01,Affiliate Network,Family Pantry Retention Initiative,Metro Region Loyalty Cohort,15908997,Family Planners Lookalike Segment,1002710949555221,Shelf Story Warm Voice,1647332301297595,Brand Awareness,31.0728,12718,0,7623,8,43,100,95,48,142,87,0,0,0,0,18,0,29,0.2280,3,2,0,10911,0
2025-10-02,Influencer Network,Seasonal Select Promo Initiative,Metro Region Loyalty Cohort,15908997,Health Conscious Buyers Retention Segment,3613956286158588,Shelf Story Warm Voice,2259713911990191,Brand Awareness,200.6994,26913,0,28878,87,100,100,100,100,1019,929,0,0,0,0,44,0,114,0.4236,0,8,0,28548,0
2025-10-03,Display Network,Family Pantry Retention Initiative,Metro Region Loyalty Cohort,15908997,Health Conscious Buyers Interest Segment,9013382232369046,Shelf Story Warm Voice,3768518651506601,Brand Awareness,10.1230,1889,0,2371,5,25,81,32,23,68,68,0,0,0,0,9,0,13,0.6882,1,0,0,2181,0
2025-10-04,Influencer Network,Family Pantry Retention Initiative,Metro Region Conversion Cohort,15908997,Weekend Deal Hunters Interest Segment,6202516839870495,Shelf Story Value Voice,1077582730962642,Catalog Engagement,0.0000,0,0,0,0,0,0,0,0,0,0,0,0,0,0,0,0,0,0.0000,0,0,0,0,0
2025-10-05,Shopping Grid,Weekend Saver Retention Initiative,Metro Region Loyalty Cohort,15908997,Health Conscious Buyers Retention Segment,4136110625615180,Shelf Story Warm Voice,1781261912151237,Brand Awareness,2.9790,627,0,413,1,9,21,9,9,17,20,0,0,0,0,1,0,2,0.3190,0,0,0,333,0
2025-10-06,In-App Display,Seasonal Select Promo Initiative,Metro Region Loyalty Cohort,15908997,Family Planners Lookalike Segment,1718074286658736,Offer Spotlight Value Voice,2074777970281390,Brand Awareness,136.8401,25249,0,21491,83,100,100,100,100,1076,1201,0,0,0,0,124,0,153,0.6060,0,6,0,30822,0
2025-10-07,Retail Media Network,Seasonal Select Promo Initiative,Metro Region Loyalty Cohort,15908997,Health Conscious Buyers Interest Segment,1532426936569806,Shelf Story Warm Voice,9953353036347574,Brand Awareness,51.2555,13866,0,15189,44,100,100,100,100,287,160,0,0,0,0,21,0,102,0.7356,0,1,0,13199,0
2025-10-08,Video Network,Weekend Saver Retention Initiative,Metro Region Loyalty Cohort,15908997,Family Planners Lookalike Segment,7248228093339312,Shelf Story Warm Voice,1150526236199258,Brand Awareness,157.9082,24386,0,27516,90,100,100,100,100,837,530,0,0,1,0,138,0,199,0.8160,1,7,0,25675,0
2025-10-09,In-App Display,Family Pantry Retention Initiative,Metro Region Loyalty Cohort,15908997,Family Planners Lookalike Segment,1665761135741679,Shelf Story Warm Voice,1280290142112652,Brand Awareness,9.3984,1235,0,1714,5,17,51,23,19,52,65,0,0,0,0,6,0,13,1.0526,0,0,0,1235,0
2025-10-10,Influencer Network,Family Pantry Retention Initiative,Metro Region Loyalty Cohort,15908997,Health Conscious Buyers Retention Segment,1669733702699813,Shelf Story Warm Voice,5602072675253918,Brand Awareness,247.7428,27728,0,22195,73,100,100,100,100,3365,3029,0,0,0,0,267,0,278,1.0026,0,6,0,24257,0
2025-10-11,Display Network,Family Pantry Retention Initiative,Metro Region Loyalty Cohort,15908997,Family Planners Lookalike Segment,1665761135741679,Shelf Story Value Voice,5225143865411760,Brand Awareness,90.3372,27901,0,24283,25,46,100,100,57,221,180,0,0,0,0,81,0,144,0.5161,0,0,0,13603,0
2025-10-12,Marketplace Feed,Seasonal Select Promo Initiative,Metro Region Loyalty Cohort,15908997,Family Planners Lookalike Segment,1718074286658736,Shelf Story Bold Voice,4278310985669178,Brand Awareness,232.5977,44948,0,43063,112,100,100,100,100,1148,895,0,0,0,0,538,0,392,0.8721,4,10,0,38315,0
2025-10-13,Retail Media Network,Family Pantry Retention Initiative,Metro Region Prospecting Cohort,86057605,Health Conscious Buyers Retention Segment,1345308351935222,Price Drop Cut Value Voice,6635833234332869,Brand Awareness,0.0000,0,0,0,0,0,0,0,0,0,0,0,0,0,0,0,0,0,0.0000,0,0,0,0,0
2025-10-14,Display Network,Family Pantry Retention Initiative,Metro Region Loyalty Cohort,15908997,Family Planners Lookalike Segment,1002710949555221,Offer Spotlight Bold Voice,7401589860358191,Brand Awareness,31.3124,5916,0,7786,11,31,100,72,47,242,199,0,0,0,0,42,0,52,0.8790,0,3,0,4484,0
2025-10-15,Search Network,Seasonal Select Demand Initiative,Metro Region Loyalty Cohort,15908997,Health Conscious Buyers Retention Segment,9223925519536552,Offer Spotlight Bold Voice,1119314133689227,Catalog Engagement,0.0000,0,0,0,0,0,0,0,0,0,0,0,0,0,0,0,0,0,0.0000,0,0,0,0,0
2025-10-16,Retail Media Network,Seasonal Select Promo Initiative,Metro Region Loyalty Cohort,15908997,Health Conscious Buyers Interest Segment,1532426936569806,Offer Spotlight Value Voice,2894551765052346,Brand Awareness,17.9393,2447,0,2350,3,42,100,86,62,53,50,0,0,0,0,3,0,6,0.2452,0,0,0,1607,0
2025-10-17,Social Feed,Family Pantry Retention Initiative,Metro Region Loyalty Cohort,15908997,Health Conscious Buyers Retention Segment,1669733702699813,Shelf Story Bold Voice,4391005331160720,Brand Awareness,11.3715,2464,0,3519,13,10,49,19,12,51,52,0,0,0,0,2,0,14,0.5682,0,0,0,3249,0
2025-10-18,Video Network,Family Pantry Retention Initiative,Metro Region Loyalty Cohort,15908997,Health Conscious Buyers Interest Segment,9013382232369046,Shelf Story Warm Voice,5257839822274418,Brand Awareness,140.3439,28306,0,25610,79,100,100,100,100,740,447,0,0,1,0,218,0,304,1.0740,0,4,0,23613,0
2025-10-19,Search Network,Seasonal Select Promo Initiative,Metro Region Loyalty Cohort,15908997,Health Conscious Buyers Interest Segment,1532426936569806,Offer Spotlight Bold Voice,4433422745438620,Brand Awareness,10.1895,3407,0,1825,5,26,99,42,32,57,35,0,0,0,0,1,0,7,0.2055,0,0,0,4027,0
2025-10-20,In-App Display,Weekend Saver Retention Initiative,Metro Region Loyalty Cohort,15908997,Health Conscious Buyers Retention Segment,4136110625615180,Shelf Story Bold Voice,1238862856159509,Brand Awareness,2.3377,630,0,739,1,3,17,7,4,10,7,0,0,0,0,0,0,1,0.1587,0,0,0,1048,0
2025-10-21,Affiliate Network,Weekend Saver Retention Initiative,Metro Region Loyalty Cohort,15908997,Health Conscious Buyers Interest Segment,1334393532567969,Shelf Story Warm Voice,2520693897922300,Brand Awareness,306.9307,51824,0,39608,121,94,100,100,100,1257,941,0,0,0,0,1484,0,814,1.5707,1,10,0,52982,0
2025-10-22,Retail Media Network,Family Pantry Retention Initiative,Metro Region Loyalty Cohort,15908997,Health Conscious Buyers Retention Segment,4976789753470273,Shelf Story Warm Voice,1220076337258804,Brand Awareness,66.5416,10352,0,13001,29,33,100,82,46,179,124,0,0,1,0,16,0,48,0.4637,0,0,0,10567,0
2025-10-23,In-App Display,Seasonal Select Promo Initiative,Metro Region Loyalty Cohort,15908997,Health Conscious Buyers Retention Segment,3613956286158588,Offer Spotlight Bold Voice,4607696881668990,Brand Awareness,10.1348,2874,0,2501,5,17,100,39,20,49,43,0,0,0,0,2,0,11,0.3827,0,0,0,3812,0
2025-10-24,In-App Display,Family Pantry Retention Initiative,Metro Region Loyalty Cohort,15908997,Health Conscious Buyers Retention Segment,1669733702699813,Promo Banner Friendly Voice,4647140982681565,Brand Awareness,160.7447,26700,0,21663,82,100,100,100,100,925,779,0,0,0,0,57,0,154,0.5768,0,5,0,32738,0
2025-10-25,Shopping Grid,Family Pantry Retention Initiative,Metro Region Loyalty Cohort,15908997,Health Conscious Buyers Interest Segment,9013382232369046,Shelf Story Value Voice,1103993184708534,Brand Awareness,63.2069,18774,0,18677,37,74,100,100,81,199,198,0,0,0,0,23,0,99,0.5273,0,1,0,21263,0
2025-10-26,Marketplace Feed,Seasonal Select Promo Initiative,Metro Region Loyalty Cohort,15908997,Health Conscious Buyers Retention Segment,3613956286158588,Shelf Story Bold Voice,1755467445485119,Brand Awareness,97.9615,29102,0,19680,49,100,100,100,100,460,533,0,0,0,0,16,0,145,0.4982,0,2,0,19111,0
2025-10-27,Affiliate Network,Weekend Saver Retention Initiative,Metro Region Loyalty Cohort,15908997,Family Planners Lookalike Segment,7248228093339312,Shelf Story Bold Voice,3411200546175283,Brand Awareness,327.2560,60868,0,44386,242,100,100,100,100,4088,2302,0,0,1,0,194,0,397,0.6522,2,17,0,32373,0
2025-10-28,Search Network,Family Pantry Retention Initiative,Metro Region Loyalty Cohort,15908997,Health Conscious Buyers Retention Segment,4976789753470273,Shelf Story Warm Voice,1212856722898025,Brand Awareness,45.5425,5505,0,6234,4,100,100,100,100,298,196,0,0,0,0,50,0,47,0.8538,3,1,0,6110,0
2025-10-29,Connected TV,Weekend Saver Retention Initiative,Metro Region Loyalty Cohort,15908997,Health Conscious Buyers Interest Segment,1334393532567969,Shelf Story Warm Voice,8045514033882153,Brand Awareness,202.5452,38446,0,36034,57,100,100,100,100,1029,821,0,0,0,0,1627,0,1055,2.7441,0,4,0,18789,0
2025-10-30,Discovery Network,Family Pantry Retention Initiative,Metro Region Loyalty Cohort,15908997,Health Conscious Buyers Retention Segment,1669733702699813,Collection Showcase Warm Voice,1788908453907262,Brand Awareness,47.9933,11078,0,13373,29,65,100,100,84,398,454,0,0,0,0,27,0,71,0.6409,0,1,0,13698,0
2025-10-31,In-App Display,Weekend Saver Retention Initiative,Metro Region Loyalty Cohort,15908997,Health Conscious Buyers Retention Segment,4136110625615180,Price Drop Cut Value Voice,1316048837324374,Brand Awareness,66.9246,12371,0,12333,12,48,100,100,79,199,262,0,0,0,0,15,0,30,0.2425,0,0,0,15463,0
2025-10-01,Video Network,Family Pantry Retention Initiative,Metro Region Loyalty Cohort,15908997,Family Planners Lookalike Segment,1665761135741679,Shelf Story Warm Voice,2902136042807068,Brand Awareness,598.0316,58027,0,92008,325,100,100,100,100,14323,11970,0,0,9,0,2086,0,2210,3.8086,3,41,0,57566,0
2025-10-02,Affiliate Network,Weekend Saver Retention Initiative,Metro Region Loyalty Cohort,15908997,Family Planners Lookalike Segment,7248228093339312,Offer Spotlight Bold Voice,1757288035719114,Brand Awareness,139.0633,42428,0,33138,49,58,100,100,95,291,338,0,0,0,0,61,0,84,0.1980,0,2,0,42869,0
2025-10-03,Social Feed,Seasonal Select Promo Initiative,Metro Region Loyalty Cohort,15908997,Health Conscious Buyers Interest Segment,1532426936569806,Shelf Story Warm Voice,7193200529405455,Brand Awareness,12.6601,2299,0,2955,9,48,100,96,60,64,79,0,0,0,0,1,0,6,0.2610,0,0,0,1892,0
2025-10-04,Shopping Grid,Family Pantry Retention Initiative,Metro Region Loyalty Cohort,15908997,Family Planners Lookalike Segment,1665761135741679,Shelf Story Warm Voice,1450951256520921,Brand Awareness,9.9697,2393,0,1909,3,20,76,30,27,54,70,0,0,0,0,8,0,10,0.4179,0,0,0,1451,0
2025-10-05,Affiliate Network,Family Pantry Retention Initiative,Metro Region Loyalty Cohort,15908997,Health Conscious Buyers Interest Segment,9013382232369046,Shelf Story Warm Voice,1177430610668804,Brand Awareness,647.4506,89109,0,108080,629,100,100,100,100,18548,9809,0,0,43,0,4360,0,4374,4.9086,26,114,0,71867,0
2025-10-06,Video Network,Family Pantry Retention Initiative,Metro Region Loyalty Cohort,15908997,Health Conscious Buyers Interest Segment,1474840462607869,Shelf Story Warm Voice,9110304031000052,Brand Awareness,177.2794,32669,0,23376,45,100,100,100,100,1505,1928,0,0,0,0,399,0,435,1.3315,1,5,0,20908,0
2025-10-07,Display Network,Seasonal Select Promo Initiative,Metro Region Loyalty Cohort,15908997,Family Planners Lookalike Segment,1718074286658736,Promo Banner Warm Voice,1089449421739833,Brand Awareness,437.7762,67671,0,76017,276,100,100,100,100,2987,3011,0,0,3,0,1310,0,1295,1.9137,0,9,0,32866,0
2025-10-08,Discovery Network,Weekend Saver Retention Initiative,Metro Region Loyalty Cohort,15908997,Health Conscious Buyers Interest Segment,1334393532567969,Offer Spotlight Bold Voice,3220054077294586,Brand Awareness,32.0445,11532,0,12313,12,16,88,31,18,67,37,0,0,0,0,35,0,70,0.6070,0,0,0,9797,0
2025-10-09,Marketplace Feed,Weekend Saver Retention Initiative,Metro Region Loyalty Cohort,15908997,Family Planners Lookalike Segment,7248228093339312,Shelf Story Bold Voice,1269408759613688,Brand Awareness,192.9776,48327,0,28877,85,100,100,100,100,466,560,0,0,0,0,38,0,109,0.2255,0,2,0,36759,0
2025-10-10,Discovery Network,Weekend Saver Retention Initiative,Metro Region Loyalty Cohort,15908997,Health Conscious Buyers Retention Segment,4136110625615180,Offer Spotlight Bold Voice,3833443174798849,Brand Awareness,13.3009,5494,0,6214,5,7,46,18,7,29,34,0,0,0,0,2,0,13,0.2366,0,0,0,3644,0
2025-10-11,Search Network,Family Pantry Retention Initiative,Metro Region Loyalty Cohort,15908997,Health Conscious Buyers Retention Segment,1669733702699813,Shelf Story Warm Voice,1837904232519606,Brand Awareness,99.5036,28292,0,24753,51,97,100,100,100,801,758,0,0,0,0,73,0,121,0.4277,0,1,0,21501,0
2025-10-12,Video Network,Seasonal Select Promo Initiative,Metro Region Loyalty Cohort,15908997,Family Planners Lookalike Segment,1718074286658736,Offer Spotlight Bold Voice,1638167476571035,Brand Awareness,27.3780,10158,0,5603,20,53,100,100,64,170,136,0,0,0,0,50,0,61,0.6005,0,2,0,7393,0
2025-10-13,Connected TV,Family Pantry Retention Initiative,Metro Region Loyalty Cohort,15908997,Family Planners Lookalike Segment,1002710949555221,Shelf Story Warm Voice,5797898098365146,Brand Awareness,555.8105,83305,0,82422,236,100,100,100,100,7514,4761,0,0,5,0,680,0,1194,1.4333,3,15,0,65151,0
2025-10-14,Social Feed,Family Pantry Retention Initiative,Metro Region Loyalty Cohort,15908997,Family Planners Lookalike Segment,1665761135741679,Price Drop Cut Value Voice,1192366617925175,Brand Awareness,111.5768,13167,0,22056,30,100,100,100,100,292,364,0,0,1,0,85,0,108,0.8202,0,0,0,15114,0
2025-10-15,Shopping Grid,Family Pantry Retention Initiative,Metro Region Loyalty Cohort,15908997,Family Planners Lookalike Segment,1002710949555221,Shelf Story Warm Voice,1655044419034925,Brand Awareness,21.8517,6464,0,6139,7,100,100,100,100,278,273,0,0,0,0,42,0,55,0.8509,0,0,0,7863,0
2025-10-16,Social Feed,Family Pantry Retention Initiative,Metro Region Loyalty Cohort,15908997,Health Conscious Buyers Retention Segment,4976789753470273,Shelf Story Warm Voice,5506678816268127,Brand Awareness,100.9856,27759,0,24541,59,100,100,100,100,1114,1137,0,0,0,0,87,0,102,0.3674,0,1,0,28445,0
2025-10-17,Influencer Network,Family Pantry Retention Initiative,Metro Region Loyalty Cohort,15908997,Health Conscious Buyers Retention Segment,1669733702699813,Shelf Story Value Voice,1365467474223726,Brand Awareness,29.2996,6563,0,10260,21,32,100,49,28,100,119,0,0,0,0,16,0,24,0.3657,0,0,0,11400,0
2025-10-18,Influencer Network,Family Pantry Retention Initiative,Metro Region Loyalty Cohort,15908997,Health Conscious Buyers Retention Segment,1669733702699813,Price Drop Cut Value Voice,6906673719698824,Brand Awareness,73.2357,12165,0,11943,35,100,100,100,100,320,191,0,0,0,0,11,0,58,0.4768,0,2,0,14700,0
2025-10-19,Marketplace Feed,Family Pantry Retention Initiative,Metro Region Loyalty Cohort,15908997,Health Conscious Buyers Interest Segment,9013382232369046,Collection Showcase Warm Voice,3199746654625132,Brand Awareness,13.7688,1822,0,1476,12,43,100,58,39,101,102,0,0,1,0,14,0,27,1.4819,0,0,0,1383,0
2025-10-20,Retail Media Network,Seasonal Select Promo Initiative,Metro Region Loyalty Cohort,15908997,Health Conscious Buyers Retention Segment,3613956286158588,Shelf Story Warm Voice,9626373394400677,Brand Awareness,168.7962,31395,0,24828,88,100,100,100,100,680,365,0,0,0,0,38,0,136,0.4332,1,3,0,34362,0
2025-10-21,Social Feed,Weekend Saver Retention Initiative,Metro Region Loyalty Cohort,15908997,Health Conscious Buyers Retention Segment,4136110625615180,Price Drop Cut Value Voice,1682844113945221,Brand Awareness,51.0533,14120,0,14232,11,24,100,41,31,73,95,0,0,0,0,5,0,27,0.1912,0,0,0,11871,0
2025-10-22,Shopping Grid,Seasonal Select Promo Initiative,Metro Region Loyalty Cohort,15908997,Health Conscious Buyers Retention Segment,3613956286158588,Offer Spotlight Value Voice,9011752711561329,Brand Awareness,90.5010,22714,0,20362,40,100,100,100,100,565,618,0,0,0,0,22,0,67,0.2950,0,1,0,11785,0
2025-10-23,In-App Display,Family Pantry Retention Initiative,Metro Region Loyalty Cohort,15908997,Health Conscious Buyers Interest Segment,9013382232369046,Shelf Story Warm Voice,1641518074556035,Brand Awareness,7.2885,1037,0,842,3,15,30,21,14,22,16,0,0,0,0,0,0,2,0.1929,0,0,0,1085,0
2025-10-24,Display Network,Family Pantry Retention Initiative,Metro Region Loyalty Cohort,15908997,Health Conscious Buyers Interest Segment,1474840462607869,Shelf Story Warm Voice,8486205212439809,Brand Awareness,171.8984,26328,0,26005,53,100,100,100,100,713,623,0,0,0,0,138,0,150,0.5697,2,3,0,28732,0
2025-10-25,Affiliate Network,Weekend Saver Retention Initiative,Metro Region Loyalty Cohort,15908997,Health Conscious Buyers Retention Segment,4136110625615180,Shelf Story Warm Voice,5443423299390877,Brand Awareness,63.7535,12437,0,15907,17,26,100,90,50,178,130,0,0,0,0,14,0,45,0.3618,0,1,0,11592,0
2025-10-26,Display Network,Family Pantry Retention Initiative,Metro Region Loyalty Cohort,15908997,Health Conscious Buyers Retention Segment,1669733702699813,Shelf Story Warm Voice,4211876559793011,Brand Awareness,104.7771,22059,0,19203,38,57,100,100,79,182,231,0,0,0,0,16,0,92,0.4171,0,2,0,25100,0
2025-10-27,Discovery Network,Weekend Saver Retention Initiative,Metro Region Loyalty Cohort,15908997,Family Planners Lookalike Segment,7248228093339312,Shelf Story Warm Voice,6451368560487732,Brand Awareness,278.3322,36310,0,46674,130,100,100,100,100,1149,720,0,0,0,0,185,0,357,0.9832,3,3,0,53842,0
2025-10-28,Marketplace Feed,Seasonal Select Promo Initiative,Metro Region Loyalty Cohort,15908997,Health Conscious Buyers Interest Segment,1532426936569806,Shelf Story Bold Voice,1082336609132049,Brand Awareness,107.5100,34868,0,35448,88,100,100,100,100,278,341,0,0,0,0,29,0,76,0.2180,0,1,0,25701,0
2025-10-29,In-App Display,Weekend Saver Retention Initiative,Metro Region Loyalty Cohort,15908997,Family Planners Lookalike Segment,7248228093339312,Price Drop Cut Value Voice,9318406623487279,Brand Awareness,338.2403,37546,0,56097,88,100,100,100,100,621,449,0,0,0,0,64,0,188,0.5007,1,5,0,49881,0
2025-10-30,Display Network,Family Pantry Retention Initiative,Metro Region Loyalty Cohort,15908997,Health Conscious Buyers Retention Segment,4976789753470273,Shelf Story Warm Voice,4041974945367907,Brand Awareness,101.4161,20171,0,17816,69,100,100,100,100,1244,833,0,0,2,0,75,0,184,0.9122,1,4,0,16068,0
2025-10-31,Affiliate Network,Weekend Saver Retention Initiative,Metro Region Loyalty Cohort,15908997,Health Conscious Buyers Interest Segment,1334393532567969,Price Drop Cut Value Voice,2051943278335934,Brand Awareness,91.7480,18634,0,25125,28,33,100,68,40,164,79,0,0,1,0,176,0,149,0.7996,0,2,0,18611,0
2025-10-01,Shopping Grid,Family Pantry Retention Initiative,Metro Region Loyalty Cohort,15908997,Health Conscious Buyers Retention Segment,4976789753470273,Offer Spotlight Bold Voice,1582932391745882,Brand Awareness,23.5734,9184,0,5700,13,17,100,57,30,174,129,0,0,0,0,12,0,23,0.2504,0,0,0,8380,0
2025-10-02,Influencer Network,Weekend Saver Retention Initiative,Metro Region Loyalty Cohort,15908997,Health Conscious Buyers Interest Segment,1334393532567969,Price Drop Cut Value Voice,1109002298095593,Brand Awareness,349.4747,79781,0,75802,149,100,100,100,100,1548,801,0,0,0,0,664,0,484,0.6067,1,3,0,47878,0
2025-10-03,Shopping Grid,Family Pantry Retention Initiative,Metro Region Loyalty Cohort,15908997,Family Planners Lookalike Segment,1665761135741679,Shelf Story Bold Voice,1220357368781053,Brand Awareness,52.5000,9183,0,11975,14,19,100,53,25,130,131,0,0,1,0,52,0,99,1.0781,0,2,0,7844,0
2025-10-04,Connected TV,Family Pantry Retention Initiative,Metro Region Loyalty Cohort,15908997,Family Planners Lookalike Segment,1665761135741679,Shelf Story Warm Voice,2793262031628184,Brand Awareness,257.6168,49078,0,34488,129,100,100,100,100,2105,1965,0,0,0,0,610,0,684,1.3937,2,12,0,39091,0
2025-10-05,Display Network,Family Pantry Retention Initiative,Metro Region Loyalty Cohort,15908997,Health Conscious Buyers Interest Segment,1474840462607869,Offer Spotlight Bold Voice,3530423296641236,Brand Awareness,61.6660,20479,0,16593,40,56,100,100,75,658,625,0,0,1,0,64,0,140,0.6836,0,0,0,18062,0
2025-10-06,Social Feed,Family Pantry Retention Initiative,Metro Region Loyalty Cohort,15908997,Health Conscious Buyers Retention Segment,1669733702699813,Shelf Story Warm Voice,2604915282803870,Brand Awareness,3.9956,1592,0,1457,2,9,38,10,10,33,26,0,0,0,0,3,0,7,0.4397,0,0,0,1624,0
2025-10-07,Video Network,Family Pantry Retention Initiative,Metro Region Loyalty Cohort,15908997,Health Conscious Buyers Interest Segment,9013382232369046,Price Drop Cut Value Voice,4186893344787278,Brand Awareness,6.3648,1189,0,1334,2,9,48,16,11,18,22,0,0,0,0,0,0,3,0.2523,0,0,0,1595,0
2025-10-08,Display Network,Family Pantry Retention Initiative,Metro Region Loyalty Cohort,15908997,Health Conscious Buyers Interest Segment,9013382232369046,Promo Banner Friendly Voice,1538508227020088,Brand Awareness,14.4419,3099,0,2980,16,47,100,67,56,87,110,0,0,0,0,8,0,17,0.5486,0,0,0,1734,0
2025-10-09,Social Feed,Home Essentials Scale Initiative,Metro Region Prospecting Cohort,86057605,Family Planners Interest Segment,2052479131570920,Promo Banner Friendly Voice,7057211523700123,Brand Awareness,0.0000,0,0,0,0,0,0,0,0,0,0,0,0,0,0,0,0,0,0.0000,0,0,0,0,0
2025-10-10,In-App Display,Weekend Saver Retention Initiative,Metro Region Loyalty Cohort,15908997,Family Planners Lookalike Segment,7248228093339312,Price Drop Cut Value Voice,9781212069592701,Brand Awareness,352.4723,41281,0,75988,128,100,100,100,100,1492,1944,0,0,2,0,93,0,212,0.5136,1,7,0,83372,0
2025-10-11,Search Network,Family Pantry Retention Initiative,Metro Region Loyalty Cohort,15908997,Health Conscious Buyers Interest Segment,9013382232369046,Shelf Story Warm Voice,8148838999548557,Brand Awareness,6.2351,1132,0,1105,3,16,31,17,16,28,33,0,0,0,0,2,0,10,0.8834,0,0,0,1364,0
2025-10-12,Influencer Network,Weekend Saver Retention Initiative,Metro Region Loyalty Cohort,15908997,Health Conscious Buyers Retention Segment,4136110625615180,Shelf Story Bold Voice,5160906508093401,Brand Awareness,45.5687,7032,0,6557,28,43,100,87,51,227,138,0,0,0,0,14,0,38,0.5404,0,3,0,5061,0
2025-10-13,Display Network,Family Pantry Retention Initiative,Metro Region Conversion Cohort,15908997,Bulk Buyers Retention Segment,1412316301536073,Offer Spotlight Friendly Voice,9097155454198752,Catalog Engagement,0.0000,0,0,0,0,0,0,0,0,0,0,0,0,0,0,0,0,0,0.0000,0,0,0,0,0
2025-10-14,Search Network,Family Pantry Retention Initiative,Metro Region Conversion Cohort,38881639,Family Planners Lookalike Segment,1010331617086390,Shelf Story Warm Voice,1022962676348579,Brand Awareness,0.0000,0,0,0,0,0,0,0,0,0,0,0,0,0,0,0,0,0,0.0000,0,0,0,0,0
2025-10-15,Affiliate Network,Family Pantry Retention Initiative,Metro Region Loyalty Cohort,15908997,Family Planners Lookalike Segment,1002710949555221,Shelf Story Warm Voice,3185083078735744,Brand Awareness,157.4715,27326,0,24111,95,100,100,100,100,2139,2006,0,0,1,0,109,0,231,0.8453,0,8,0,18222,0
2025-10-16,Social Feed,Family Pantry Retention Initiative,Metro Region Loyalty Cohort,15908997,Family Planners Lookalike Segment,1665761135741679,Promo Banner Friendly Voice,1647756988327695,Brand Awareness,419.1045,40736,0,36947,206,100,100,100,100,2326,1710,0,0,2,0,1051,0,1178,2.8918,2,8,0,42906,0
2025-10-17,Display Network,Weekend Saver Retention Initiative,Metro Region Loyalty Cohort,15908997,Health Conscious Buyers Interest Segment,1334393532567969,Shelf Story Bold Voice,8314765461987923,Brand Awareness,31.3693,10072,0,12007,9,19,100,46,23,86,94,0,0,0,0,42,0,46,0.4567,0,0,0,10550,0
2025-10-18,Connected TV,Seasonal Select Promo Initiative,Metro Region Loyalty Cohort,15908997,Health Conscious Buyers Interest Segment,1532426936569806,Promo Banner Warm Voice,5732401046815275,Brand Awareness,146.4645,33975,0,57565,67,100,100,100,100,658,640,0,0,0,0,44,0,122,0.3591,1,3,0,35447,0
2025-10-19,Display Network,Family Pantry Retention Initiative,Metro Region Loyalty Cohort,15908997,Health Conscious Buyers Retention Segment,1669733702699813,Promo Banner Friendly Voice,4647140982681565,Brand Awareness,108.5911,34302,0,35004,50,100,100,100,100,662,440,0,0,0,0,38,0,120,0.3498,0,1,0,24170,0
2025-10-20,Display Network,Family Pantry Retention Initiative,Metro Region Loyalty Cohort,15908997,Health Conscious Buyers Retention Segment,4976789753470273,Shelf Story Warm Voice,4041974945367907,Brand Awareness,98.1421,23822,0,29747,65,100,100,100,100,1288,1192,0,0,0,0,69,0,118,0.4953,0,4,0,19201,0
2025-10-21,Shopping Grid,Family Pantry Retention Initiative,Metro Region Loyalty Cohort,15908997,Family Planners Lookalike Segment,1002710949555221,Shelf Story Warm Voice,1655044419034925,Brand Awareness,29.3885,6072,0,6430,27,85,100,100,100,315,371,0,0,1,0,38,0,44,0.7246,0,1,0,4247,0
2025-10-22,Shopping Grid,Weekend Saver Retention Initiative,Metro Region Loyalty Cohort,15908997,Health Conscious Buyers Retention Segment,4136110625615180,Price Drop Cut Value Voice,1682844113945221,Brand Awareness,34.9610,10772,0,8545,18,9,88,24,13,48,27,0,0,0,0,10,0,39,0.3620,0,1,0,8107,0
2025-10-23,Social Feed,Family Pantry Retention Initiative,Metro Region Loyalty Cohort,15908997,Health Conscious Buyers Retention Segment,1669733702699813,Shelf Story Warm Voice,4211876559793011,Brand Awareness,105.3251,19363,0,18710,64,93,100,100,100,332,378,0,0,0,0,29,0,73,0.3770,1,0,0,15545,0
2025-10-24,Retail Media Network,Family Pantry Retention Initiative,Metro Region Conversion Cohort,15908997,Bulk Buyers Retention Segment,1096889057602193,Offer Spotlight Friendly Voice,5703717592430862,Catalog Engagement,0.0000,0,0,0,0,0,0,0,0,0,0,0,0,0,0,0,0,0,0.0000,0,0,0,0,0
2025-10-25,Search Network,Family Pantry Retention Initiative,Metro Region Loyalty Cohort,15908997,Family Planners Lookalike Segment,1665761135741679,Promo Banner Friendly Voice,1647756988327695,Brand Awareness,329.3340,50339,0,71493,153,100,100,100,100,2490,1771,0,0,2,0,853,0,922,1.8316,0,11,0,39998,0
2025-10-26,Discovery Network,Family Pantry Retention Initiative,Metro Region Loyalty Cohort,15908997,Family Planners Lookalike Segment,1002710949555221,Shelf Story Warm Voice,5797898098365146,Brand Awareness,406.4721,82731,0,55943,213,100,100,100,100,8022,4364,0,0,1,0,1075,0,791,0.9561,7,24,0,75692,0
2025-10-27,Connected TV,Family Pantry Retention Initiative,Metro Region Loyalty Cohort,15908997,Family Planners Lookalike Segment,1665761135741679,Shelf Story Warm Voice,2793262031628184,Brand Awareness,312.7213,46396,0,40056,100,100,100,100,100,1917,2089,0,0,1,0,383,0,590,1.2717,3,14,0,26750,0
2025-10-28,Shopping Grid,Weekend Saver Retention Initiative,Metro Region Loyalty Cohort,15908997,Health Conscious Buyers Interest Segment,1334393532567969,Price Drop Cut Value Voice,1109002298095593,Brand Awareness,355.7531,88595,0,116400,167,100,100,100,100,2074,1097,0,0,0,0,436,0,463,0.5226,2,9,0,95319,0
2025-10-29,Shopping Grid,Family Pantry Retention Initiative,Metro Region Loyalty Cohort,15908997,Family Planners Lookalike Segment,1665761135741679,Shelf Story Bold Voice,1220357368781053,Brand Awareness,87.7139,13308,0,16313,29,58,100,100,78,322,376,0,0,1,0,183,0,287,2.1566,1,2,0,10968,0
2025-10-30,Video Network,Seasonal Select Promo Initiative,Metro Region Loyalty Cohort,15908997,Family Planners Lookalike Segment,1718074286658736,Shelf Story Bold Voice,4278310985669178,Brand Awareness,304.4786,78976,0,61009,173,100,100,100,100,1182,1207,0,0,0,0,552,0,500,0.6331,2,9,0,62213,0
2025-10-31,Video Network,Weekend Saver Retention Initiative,Metro Region Loyalty Cohort,15908997,Health Conscious Buyers Retention Segment,4136110625615180,Shelf Story Bold Voice,1238862856159509,Brand Awareness,5.6926,1556,0,2071,5,4,22,11,6,21,20,0,0,0,0,1,0,5,0.3213,0,0,0,3369,0
2025-10-01,Retail Media Network,Seasonal Select Promo Initiative,Metro Region Loyalty Cohort,15908997,Health Conscious Buyers Interest Segment,1532426936569806,Offer Spotlight Bold Voice,4433422745438620,Brand Awareness,3.3458,982,0,1142,4,8,30,16,8,16,20,0,0,0,0,0,0,3,0.3055,0,0,0,1039,0
2025-10-02,Retail Media Network,Family Pantry Retention Initiative,Metro Region Loyalty Cohort,15908997,Health Conscious Buyers Retention Segment,1669733702699813,Price Drop Cut Value Voice,6906673719698824,Brand Awareness,72.1882,18356,0,17197,50,100,100,100,100,307,278,0,0,0,0,26,0,72,0.3922,0,2,0,22380,0
2025-10-03,Search Network,Seasonal Select Promo Initiative,Metro Region Loyalty Cohort,15908997,Health Conscious Buyers Retention Segment,3613956286158588,Shelf Story Warm Voice,9626373394400677,Brand Awareness,111.3507,25098,0,28315,92,100,100,100,100,507,401,0,0,0,0,33,0,133,0.5299,0,0,0,21233,0
2025-10-04,Retail Media Network,Family Pantry Retention Initiative,Metro Region Loyalty Cohort,15908997,Health Conscious Buyers Interest Segment,9013382232369046,Shelf Story Warm Voice,5257839822274418,Brand Awareness,128.8637,34915,0,33027,51,93,100,100,100,663,546,0,0,0,0,87,0,118,0.3380,2,5,0,20851,0
2025-10-05,Shopping Grid,Family Pantry Retention Initiative,Metro Region Loyalty Cohort,15908997,Health Conscious Buyers Retention Segment,1669733702699813,Shelf Story Value Voice,1365467474223726,Brand Awareness,38.0744,12098,0,13989,18,37,100,67,47,152,158,0,0,0,0,17,0,38,0.3141,0,0,0,14107,0
2025-10-06,Search Network,Family Pantry Retention Initiative,Metro Region Loyalty Cohort,15908997,Health Conscious Buyers Interest Segment,9013382232369046,Collection Showcase Warm Voice,3199746654625132,Brand Awareness,10.2880,1364,0,2371,5,27,68,40,30,79,37,0,0,0,0,7,0,12,0.8798,0,0,0,1619,0
2025-10-07,Display Network,Family Pantry Retention Initiative,Metro Region Loyalty Cohort,15908997,Health Conscious Buyers Retention Segment,1669733702699813,Shelf Story Warm Voice,1173063753252113,Brand Awareness,207.1973,26036,0,33799,170,100,100,100,100,3925,5200,0,0,1,0,228,0,277,1.0639,1,12,0,24346,0
2025-10-08,Discovery Network,Seasonal Select Promo Initiative,Metro Region Loyalty Cohort,15908997,Family Planners Lookalike Segment,1718074286658736,Offer Spotlight Value Voice,2074777970281390,Brand Awareness,199.4873,24063,0,22444,75,100,100,100,100,883,813,0,0,0,0,150,0,217,0.9018,0,2,0,33241,0
2025-10-09,Social Feed,Family Pantry Retention Initiative,Metro Region Loyalty Cohort,15908997,Health Conscious Buyers Retention Segment,4976789753470273,Shelf Story Warm Voice,1212856722898025,Brand Awareness,33.0993,7042,0,10078,22,72,100,100,98,302,333,0,0,0,0,17,0,54,0.7668,0,2,0,6192,0
2025-10-10,Discovery Network,Weekend Saver Retention Initiative,Metro Region Loyalty Cohort,15908997,Family Planners Lookalike Segment,7248228093339312,Shelf Story Bold Voice,3411200546175283,Brand Awareness,180.7220,31166,0,17982,91,100,100,100,100,2126,2048,0,0,1,0,128,0,225,0.7219,1,7,0,14662,0
2025-10-11,Connected TV,Family Pantry Retention Initiative,Metro Region Loyalty Cohort,15908997,Health Conscious Buyers Interest Segment,9013382232369046,Price Drop Cut Value Voice,4186893344787278,Brand Awareness,4.1471,913,0,688,5,8,33,12,7,17,10,0,0,0,0,0,0,3,0.3286,0,0,0,894,0
2025-10-12,Shopping Grid,Seasonal Select Promo Initiative,Metro Region Loyalty Cohort,15908997,Health Conscious Buyers Interest Segment,1532426936569806,Offer Spotlight Value Voice,2894551765052346,Brand Awareness,7.8630,637,0,827,1,22,100,46,30,32,20,0,0,0,0,0,0,2,0.3140,0,0,0,829,0
2025-10-13,Influencer Network,Family Pantry Retention Initiative,Metro Region Conversion Cohort,38881639,Family Planners Lookalike Segment,1010331617086390,Shelf Story Warm Voice,1022962676348579,Brand Awareness,0.0000,0,0,0,0,0,0,0,0,0,0,0,0,0,0,0,0,0,0.0000,0,0,0,0,0
2025-10-14,In-App Display,Family Pantry Retention Initiative,Metro Region Loyalty Cohort,15908997,Health Conscious Buyers Interest Segment,1474840462607869,Shelf Story Warm Voice,9110304031000052,Brand Awareness,226.3206,38483,0,40307,66,100,100,100,100,2197,1956,0,0,2,0,163,0,307,0.7978,0,2,0,30859,0
2025-10-15,In-App Display,Family Pantry Retention Initiative,Metro Region Loyalty Cohort,15908997,Health Conscious Buyers Retention Segment,1669733702699813,Promo Banner Friendly Voice,1414897562821209,Brand Awareness,19.6001,5184,0,6315,6,15,65,23,18,64,41,0,0,0,0,3,0,14,0.2701,0,0,0,6181,0
2025-10-16,Discovery Network,Family Pantry Retention Initiative,Metro Region Loyalty Cohort,15908997,Health Conscious Buyers Interest Segment,1474840462607869,Offer Spotlight Bold Voice,3530423296641236,Brand Awareness,96.2841,18601,0,21609,66,70,100,100,94,766,788,0,0,0,0,90,0,233,1.2526,0,3,0,30122,0
2025-10-17,Shopping Grid,Seasonal Select Promo Initiative,Metro Region Loyalty Cohort,15908997,Health Conscious Buyers Retention Segment,3613956286158588,Shelf Story Warm Voice,2259713911990191,Brand Awareness,105.0549,31870,0,27400,53,100,100,100,100,622,772,0,0,0,0,36,0,116,0.3640,0,1,0,26285,0
2025-10-18,Shopping Grid,Seasonal Select Promo Initiative,Metro Region Loyalty Cohort,15908997,Health Conscious Buyers Interest Segment,1532426936569806,Shelf Story Bold Voice,1082336609132049,Brand Awareness,19.5545,5378,0,4234,13,45,100,65,43,57,28,0,0,0,0,2,0,14,0.2603,0,0,0,4726,0
2025-10-19,In-App Display,Weekend Saver Retention Initiative,Metro Region Loyalty Cohort,15908997,Family Planners Lookalike Segment,7248228093339312,Price Drop Cut Value Voice,9781212069592701,Brand Awareness,204.7796,31120,0,48766,97,100,100,100,100,884,810,0,0,0,0,79,0,178,0.5720,0,1,0,39624,0
2025-10-20,Display Network,Family Pantry Retention Initiative,Metro Region Loyalty Cohort,15908997,Health Conscious Buyers Retention Segment,1669733702699813,Shelf Story Warm Voice,1837904232519606,Brand Awareness,88.4219,20636,0,26925,48,98,100,100,100,763,843,0,0,0,0,71,0,97,0.4701,1,7,0,17961,0
2025-10-21,Connected TV,Family Pantry Retention Initiative,Metro Region Loyalty Cohort,15908997,Health Conscious Buyers Interest Segment,9013382232369046,Shelf Story Value Voice,1103993184708534,Brand Awareness,64.9344,24180,0,22866,32,74,100,100,82,245,333,0,0,0,0,47,0,80,0.3309,0,0,0,26336,0
2025-10-22,Social Feed,Family Pantry Retention Initiative,Metro Region Loyalty Cohort,15908997,Health Conscious Buyers Interest Segment,9013382232369046,Shelf Story Warm Voice,1641518074556035,Brand Awareness,4.0312,989,0,1547,2,8,26,12,8,21,19,0,0,0,0,0,0,3,0.3033,0,0,0,1065,0
2025-10-23,In-App Display,Weekend Saver Retention Initiative,Metro Region Loyalty Cohort,15908997,Health Conscious Buyers Interest Segment,1334393532567969,Shelf Story Warm Voice,2520693897922300,Brand Awareness,408.6821,80840,0,71427,149,100,100,100,100,1969,1117,0,0,1,0,1504,0,2033,2.5148,2,14,0,49720,0
2025-10-24,Shopping Grid,Seasonal Select Promo Initiative,Metro Region Loyalty Cohort,15908997,Health Conscious Buyers Retention Segment,3613956286158588,Offer Spotlight Value Voice,9011752711561329,Brand Awareness,43.8373,11029,0,11094,20,100,100,100,100,270,136,0,0,0,0,11,0,32,0.2901,0,1,0,5737,0
2025-10-25,Shopping Grid,Family Pantry Retention Initiative,Metro Region Loyalty Cohort,15908997,Health Conscious Buyers Retention Segment,4976789753470273,Offer Spotlight Bold Voice,1582932391745882,Brand Awareness,41.2434,6849,0,10619,24,17,100,49,21,142,142,0,0,0,0,23,0,35,0.5110,0,0,0,6589,0
2025-10-26,Shopping Grid,Family Pantry Retention Initiative,Metro Region Loyalty Cohort,15908997,Family Planners Lookalike Segment,1002710949555221,Offer Spotlight Bold Voice,7401589860358191,Brand Awareness,68.5810,19950,0,13432,29,36,100,100,57,362,285,0,0,0,0,59,0,80,0.4010,0,2,0,9262,0
2025-10-27,Marketplace Feed,Home Essentials Scale Initiative,Metro Region Prospecting Cohort,86057605,Family Planners Interest Segment,2052479131570920,Price Drop Cut Value Voice,1337311684616332,Brand Awareness,0.0000,0,0,0,0,0,0,0,0,0,0,0,0,0,0,0,0,0,0.0000,0,0,0,0,0
2025-10-28,Marketplace Feed,Weekend Saver Retention Initiative,Metro Region Loyalty Cohort,15908997,Family Planners Lookalike Segment,7248228093339312,Shelf Story Warm Voice,1150526236199258,Brand Awareness,54.8928,17123,0,15302,27,71,100,100,90,310,198,0,0,0,0,44,0,123,0.7183,0,1,0,12257,0
2025-10-29,Social Feed,Seasonal Select Promo Initiative,Metro Region Loyalty Cohort,15908997,Health Conscious Buyers Interest Segment,1532426936569806,Shelf Story Warm Voice,7193200529405455,Brand Awareness,7.6354,1612,0,1304,6,24,100,58,36,33,25,0,0,0,0,0,0,5,0.3102,0,0,0,1588,0
2025-10-30,Affiliate Network,Weekend Saver Retention Initiative,Metro Region Loyalty Cohort,15908997,Health Conscious Buyers Retention Segment,4136110625615180,Price Drop Cut Value Voice,1316048837324374,Brand Awareness,37.4671,9167,0,12146,19,39,100,98,59,216,164,0,0,0,0,7,0,48,0.5236,0,1,0,8170,0
2025-10-31,Marketplace Feed,Family Pantry Retention Initiative,Metro Region Loyalty Cohort,15908997,Family Planners Lookalike Segment,1665761135741679,Shelf Story Warm Voice,6549680554582288,Brand Awareness,189.2312,32790,0,35381,99,100,100,100,100,409,374,0,0,0,0,81,0,221,0.6740,1,1,0,51993,0
2025-10-01,Video Network,Family Pantry Retention Initiative,Metro Region Loyalty Cohort,15908997,Health Conscious Buyers Interest Segment,9013382232369046,Shelf Story Bold Voice,5904212741788775,Brand Awareness,6.7041,1106,0,1021,1,7,29,13,11,32,16,0,0,0,0,1,0,4,0.3617,0,0,0,1470,0
2025-10-02,Shopping Grid,Family Pantry Retention Initiative,Metro Region Loyalty Cohort,15908997,Family Planners Lookalike Segment,1665761135741679,Promo Banner Friendly Voice,6598720554447191,Brand Awareness,22.4654,6778,0,5295,8,22,78,30,19,71,80,0,0,0,0,7,0,14,0.2066,0,0,0,5958,0
2025-10-03,In-App Display,Family Pantry Retention Initiative,Metro Region Loyalty Cohort,15908997,Family Planners Lookalike Segment,1665761135741679,Shelf Story Warm Voice,2616618213121749,Brand Awareness,1139.7083,237954,0,227673,867,100,100,100,100,43247,23359,0,0,55,0,5918,0,7832,3.2914,50,257,0,172065,0
2025-10-04,Video Network,Seasonal Select Promo Initiative,Metro Region Loyalty Cohort,15908997,Health Conscious Buyers Interest Segment,1532426936569806,Shelf Story Warm Voice,9953353036347574,Brand Awareness,24.2170,7764,0,11074,28,76,100,100,100,100,109,0,0,2,0,4,0,59,0.7599,0,1,0,6807,0
2025-10-05,Discovery Network,Weekend Saver Retention Initiative,Metro Region Loyalty Cohort,15908997,Health Conscious Buyers Interest Segment,1334393532567969,Shelf Story Bold Voice,7232280368739505,Brand Awareness,353.1971,57792,0,47257,246,100,100,100,100,3823,3696,0,0,2,0,1587,0,1601,2.7703,6,20,0,49182,0
2025-10-06,Affiliate Network,Family Pantry Retention Initiative,Metro Region Loyalty Cohort,15908997,Family Planners Lookalike Segment,1665761135741679,Shelf Story Warm Voice,1450951256520921,Brand Awareness,17.0163,3637,0,6233,6,55,100,80,55,137,157,0,0,0,0,19,0,46,1.2648,0,1,0,7461,0
2025-10-07,Affiliate Network,Home Essentials Scale Initiative,Metro Region Prospecting Cohort,86057605,Family Planners Interest Segment,2052479131570920,Price Drop Cut Direct Voice,7324105902810892,Brand Awareness,0.0000,0,0,0,0,0,0,0,0,0,0,0,0,0,0,0,0,0,0.0000,0,0,0,0,0
2025-10-08,Display Network,Seasonal Select Promo Initiative,Metro Region Loyalty Cohort,15908997,Family Planners Lookalike Segment,1718074286658736,Shelf Story Warm Voice,1533493773187614,Brand Awareness,430.3827,84971,0,99417,267,100,100,100,100,1995,1817,0,0,0,0,721,0,906,1.0662,0,8,0,94988,0
2025-10-09,Shopping Grid,Seasonal Select Promo Initiative,Metro Region Loyalty Cohort,15908997,Family Planners Lookalike Segment,1718074286658736,Shelf Story Warm Voice,1532291780998103,Brand Awareness,342.8982,86562,0,98396,194,100,100,100,100,2654,2650,0,0,2,0,1048,0,929,1.0732,2,16,0,65545,0
2025-10-10,Connected TV,Seasonal Select Promo Initiative,Metro Region Loyalty Cohort,15908997,Health Conscious Buyers Retention Segment,3613956286158588,Promo Banner Warm Voice,3456261421148856,Brand Awareness,111.3023,26395,0,15954,68,100,100,100,100,912,747,0,0,0,0,54,0,102,0.3864,1,6,0,14205,0
2025-10-11,Display Network,Family Pantry Retention Initiative,Metro Region Loyalty Cohort,15908997,Health Conscious Buyers Retention Segment,4976789753470273,Shelf Story Warm Voice,5506678816268127,Brand Awareness,84.8930,26644,0,18308,104,100,100,100,100,1746,1804,0,0,0,0,182,0,217,0.8144,2,4,0,29674,0
2025-10-12,Discovery Network,Family Pantry Retention Initiative,Metro Region Loyalty Cohort,15908997,Health Conscious Buyers Retention Segment,1669733702699813,Shelf Story Warm Voice,2604915282803870,Brand Awareness,11.4067,2777,0,3736,11,11,72,24,13,69,64,0,0,0,0,3,0,22,0.7922,0,0,0,2641,0
2025-10-13,Affiliate Network,Family Pantry Retention Initiative,Metro Region Loyalty Cohort,15908997,Health Conscious Buyers Interest Segment,9013382232369046,Shelf Story Warm Voice,3768518651506601,Brand Awareness,7.3077,1345,0,1085,7,12,49,25,16,41,39,0,0,0,0,3,0,13,0.9665,0,0,0,1520,0
2025-10-14,Connected TV,Family Pantry Retention Initiative,Metro Region Loyalty Cohort,15908997,Health Conscious Buyers Interest Segment,1474840462607869,Shelf Story Warm Voice,4340134105081797,Brand Awareness,384.4213,41333,0,76553,211,100,100,100,100,7274,7244,0,0,3,0,830,0,1193,2.8863,3,19,0,73530,0
2025-10-15,Retail Media Network,Weekend Saver Retention Initiative,Metro Region Loyalty Cohort,15908997,Health Conscious Buyers Retention Segment,4136110625615180,Shelf Story Warm Voice,1781261912151237,Brand Awareness,2.2168,752,0,654,4,2,12,4,3,14,12,0,0,0,0,1,0,4,0.5319,0,0,0,375,0
2025-10-16,Affiliate Network,Weekend Saver Retention Initiative,Metro Region Loyalty Cohort,15908997,Health Conscious Buyers Interest Segment,1334393532567969,Shelf Story Warm Voice,8045514033882153,Brand Awareness,243.0083,43409,0,46151,142,100,100,100,100,2261,2443,0,0,0,0,1615,0,1338,3.0823,3,4,0,60632,0
2025-10-17,Shopping Grid,Family Pantry Retention Initiative,Metro Region Loyalty Cohort,15908997,Health Conscious Buyers Interest Segment,9013382232369046,Promo Banner Friendly Voice,1255871739760170,Brand Awareness,3.5416,989,0,1068,1,10,29,15,13,29,32,0,0,0,0,0,0,1,0.1011,0,0,0,1117,0
2025-10-18,Search Network,Weekend Saver Retention Initiative,Metro Region Loyalty Cohort,15908997,Family Planners Lookalike Segment,7248228093339312,Shelf Story Warm Voice,6451368560487732,Brand Awareness,190.6083,44764,0,30993,79,100,100,100,100,948,680,0,0,0,0,155,0,309,0.6903,0,0,0,41598,0
2025-10-19,Social Feed,Weekend Saver Retention Initiative,Metro Region Loyalty Cohort,15908997,Family Planners Lookalike Segment,7248228093339312,Price Drop Cut Value Voice,9318406623487279,Brand Awareness,171.8769,53163,0,68033,84,100,100,100,100,419,221,0,0,0,0,42,0,146,0.2746,0,4,0,69384,0
2025-10-20,Affiliate Network,Seasonal Select Promo Initiative,Metro Region Loyalty Cohort,15908997,Health Conscious Buyers Retention Segment,3613956286158588,Shelf Story Bold Voice,1755467445485119,Brand Awareness,67.6579,19678,0,18799,51,100,100,100,100,345,196,0,0,0,0,44,0,62,0.3151,0,1,0,14128,0
2025-10-21,Video Network,Family Pantry Retention Initiative,Metro Region Loyalty Cohort,15908997,Health Conscious Buyers Retention Segment,1669733702699813,Collection Showcase Warm Voice,1788908453907262,Brand Awareness,37.0255,11434,0,8571,32,41,100,87,49,245,148,0,0,0,0,20,0,73,0.6384,0,0,0,10270,0
2025-10-22,Influencer Network,Weekend Saver Retention Initiative,Metro Region Loyalty Cohort,15908997,Health Conscious Buyers Interest Segment,1334393532567969,Price Drop Cut Value Voice,2051943278335934,Brand Awareness,161.4038,46919,0,36295,88,100,100,100,100,398,419,0,0,1,0,119,0,224,0.4774,0,0,0,54087,0
2025-10-23,Social Feed,Family Pantry Retention Initiative,Metro Region Loyalty Cohort,15908997,Health Conscious Buyers Retention Segment,1669733702699813,Shelf Story Bold Voice,4391005331160720,Brand Awareness,30.2702,5661,0,7104,9,21,100,46,24,148,169,0,0,0,0,19,0,28,0.4946,1,0,0,9374,0
2025-10-24,Search Network,Weekend Saver Retention Initiative,Metro Region Loyalty Cohort,15908997,Health Conscious Buyers Interest Segment,1334393532567969,Offer Spotlight Bold Voice,3220054077294586,Brand Awareness,151.6327,48402,0,54550,36,93,100,100,100,376,525,0,0,1,0,163,0,241,0.4979,0,3,0,33454,0
2025-10-25,Retail Media Network,Weekend Saver Retention Initiative,Metro Region Loyalty Cohort,15908997,Health Conscious Buyers Interest Segment,1334393532567969,Shelf Story Bold Voice,8314765461987923,Brand Awareness,130.2740,18852,0,23005,47,100,100,100,100,461,437,0,0,0,0,108,0,155,0.8222,1,3,0,17979,0
2025-10-26,Connected TV,Weekend Saver Retention Initiative,Metro Region Loyalty Cohort,15908997,Health Conscious Buyers Retention Segment,4136110625615180,Shelf Story Warm Voice,5443423299390877,Brand Awareness,39.2788,11284,0,10641,28,18,100,68,30,132,117,0,0,0,0,9,0,29,0.2570,0,0,0,15847,0
2025-10-27,Shopping Grid,Family Pantry Retention Initiative,Metro Region Loyalty Cohort,15908997,Health Conscious Buyers Interest Segment,9013382232369046,Shelf Story Warm Voice,8148838999548557,Brand Awareness,5.6030,1440,0,897,2,9,31,16,13,22,27,0,0,0,0,2,0,5,0.3472,0,0,0,653,0
2025-10-28,Shopping Grid,Family Pantry Retention Initiative,Metro Region Loyalty Cohort,15908997,Health Conscious Buyers Interest Segment,9013382232369046,Promo Banner Friendly Voice,1538508227020088,Brand Awareness,23.4627,9044,0,7630,20,78,100,100,95,195,149,0,0,0,0,9,0,41,0.4533,0,1,0,6651,0
2025-10-29,Affiliate Network,Family Pantry Retention Initiative,Metro Region Loyalty Cohort,15908997,Family Planners Lookalike Segment,1002710949555221,Shelf Story Warm Voice,3185083078735744,Brand Awareness,213.8881,36632,0,35040,95,100,100,100,100,2788,1441,0,0,2,0,173,0,355,0.9691,2,1,0,26650,0
2025-10-30,Marketplace Feed,Weekend Saver Retention Initiative,Metro Region Loyalty Cohort,15908997,Family Planners Lookalike Segment,7248228093339312,Offer Spotlight Bold Voice,1757288035719114,Brand Awareness,161.2089,64974,0,68463,79,94,100,100,100,365,396,0,0,0,0,43,0,192,0.2955,0,4,0,67539,0
2025-10-31,Marketplace Feed,Family Pantry Retention Initiative,Metro Region Loyalty Cohort,15908997,Family Planners Lookalike Segment,1665761135741679,Price Drop Cut Value Voice,1192366617925175,Brand Awareness,48.3189,20617,0,20757,36,100,100,100,100,286,274,0,0,1,0,35,0,102,0.4947,0,4,0,8398,0
2025-10-01,Retail Media Network,Family Pantry Retention Initiative,Metro Region Conversion Cohort,15908997,Weekend Deal Hunters Interest Segment,6202516839870495,Shelf Story Value Voice,1077582730962642,Catalog Engagement,0.0000,0,0,0,0,0,0,0,0,0,0,0,0,0,0,0,0,0,0.0000,0,0,0,0,0
2025-10-02,Connected TV,Family Pantry Retention Initiative,Metro Region Loyalty Cohort,15908997,Family Planners Lookalike Segment,1665761135741679,Collection Showcase Warm Voice,5654112849815777,Brand Awareness,190.6583,34745,0,29774,71,100,100,100,100,1273,1145,0,0,1,0,617,0,582,1.6751,0,5,0,30637,0
2025-10-03,Influencer Network,Home Essentials Scale Initiative,Metro Region Prospecting Cohort,86057605,Family Planners Interest Segment,2052479131570920,Shelf Story Bold Voice,1037070944576843,Brand Awareness,0.0000,0,0,0,0,0,0,0,0,0,0,0,0,0,0,0,0,0,0.0000,0,0,0,0,0
2025-10-04,Discovery Network,Family Pantry Retention Initiative,Metro Region Loyalty Cohort,15908997,Health Conscious Buyers Interest Segment,9013382232369046,Shelf Story Warm Voice,1099249066640891,Brand Awareness,247.4227,25324,0,41016,114,100,100,100,100,6090,7073,0,0,2,0,709,0,746,2.9458,1,13,0,35949,0
2025-10-05,Affiliate Network,Seasonal Select Promo Initiative,Metro Region Loyalty Cohort,15908997,Family Planners Lookalike Segment,1718074286658736,Promo Banner Warm Voice,1089449421739833,Brand Awareness,591.2344,83193,0,86336,210,100,100,100,100,3168,2067,0,0,0,0,542,0,1494,1.7958,1,12,0,55284,0
2025-10-06,Video Network,Family Pantry Retention Initiative,Metro Region Loyalty Cohort,15908997,Health Conscious Buyers Interest Segment,9013382232369046,Shelf Story Warm Voice,1177430610668804,Brand Awareness,556.4605,173678,0,107598,577,100,100,100,100,25629,21845,0,0,36,0,4462,0,3884,2.2363,88,134,0,203163,0
2025-10-07,In-App Display,Weekend Saver Retention Initiative,Metro Region Loyalty Cohort,15908997,Health Conscious Buyers Retention Segment,4136110625615180,Shelf Story Bold Voice,5160906508093401,Brand Awareness,38.4846,7807,0,8425,22,59,100,100,74,322,314,0,0,0,0,31,0,63,0.8070,0,1,0,12626,0
2025-10-08,Retail Media Network,Family Pantry Retention Initiative,Metro Region Loyalty Cohort,15908997,Health Conscious Buyers Retention Segment,1669733702699813,Shelf Story Warm Voice,6197978194612129,Brand Awareness,22.1657,10316,0,7549,11,34,100,78,52,155,133,0,0,0,0,10,0,38,0.3684,0,0,0,5254,0
2025-10-09,Social Feed,Weekend Saver Retention Initiative,Metro Region Loyalty Cohort,15908997,Health Conscious Buyers Retention Segment,4136110625615180,Offer Spotlight Bold Voice,3833443174798849,Brand Awareness,18.1306,8018,0,10391,10,15,89,37,25,65,61,0,0,0,0,11,0,25,0.3118,0,0,0,5176,0
2025-10-10,Affiliate Network,Family Pantry Retention Initiative,Metro Region Loyalty Cohort,15908997,Health Conscious Buyers Retention Segment,4976789753470273,Shelf Story Warm Voice,1220076337258804,Brand Awareness,48.2010,16255,0,11034,23,36,100,100,51,168,189,0,0,0,0,6,0,39,0.2399,0,1,0,10470,0
2025-10-11,Affiliate Network,Weekend Saver Retention Initiative,Metro Region Loyalty Cohort,15908997,Family Planners Lookalike Segment,7248228093339312,Shelf Story Bold Voice,1269408759613688,Brand Awareness,58.2709,23949,0,27747,31,75,100,100,91,231,321,0,0,0,0,21,0,55,0.2297,0,3,0,21983,0
2025-10-12,Influencer Network,Family Pantry Retention Initiative,Metro Region Loyalty Cohort,15908997,Health Conscious Buyers Interest Segment,1474840462607869,Shelf Story Warm Voice,5682500646683685,Brand Awareness,257.7461,60264,0,47006,167,100,100,100,100,4787,4948,0,0,2,0,487,0,695,1.1533,1,6,0,85242,0
2025-10-13,Marketplace Feed,Family Pantry Retention Initiative,Metro Region Loyalty Cohort,15908997,Family Planners Lookalike Segment,1665761135741679,Shelf Story Value Voice,5225143865411760,Brand Awareness,179.2843,39465,0,37152,59,78,100,100,84,361,379,0,0,0,0,214,0,361,0.9147,1,3,0,46238,0
2025-10-14,Video Network,Family Pantry Retention Initiative,Metro Region Loyalty Cohort,15908997,Family Planners Lookalike Segment,1002710949555221,Shelf Story Warm Voice,1647332301297595,Brand Awareness,44.8862,15297,0,22764,23,41,100,100,66,263,254,0,0,0,0,24,0,71,0.4641,2,0,0,11770,0
2025-10-15,Influencer Network,Seasonal Select Promo Initiative,Metro Region Loyalty Cohort,38881639,Family Planners Lookalike Segment,1421168983094447,Shelf Story Bold Voice,1136326772918040,Catalog Engagement,0.0000,0,0,0,0,0,0,0,0,0,0,0,0,0,0,0,0,0,0.0000,0,0,0,0,0
2025-10-16,Connected TV,Seasonal Select Promo Initiative,Metro Region Loyalty Cohort,15908997,Health Conscious Buyers Retention Segment,3613956286158588,Offer Spotlight Bold Voice,4607696881668990,Brand Awareness,23.6040,9509,0,9370,14,53,100,96,59,125,101,0,0,0,0,9,0,17,0.1788,0,0,0,10671,0
2025-10-17,In-App Display,Seasonal Select Promo Initiative,Metro Region Loyalty Cohort,15908997,Family Planners Lookalike Segment,1718074286658736,Offer Spotlight Bold Voice,1638167476571035,Brand Awareness,72.7168,35143,0,23909,34,100,100,100,100,497,386,0,0,0,0,92,0,120,0.3415,0,1,0,12463,0
2025-10-18,Display Network,Family Pantry Retention Initiative,Metro Region Loyalty Cohort,15908997,Family Planners Lookalike Segment,1665761135741679,Shelf Story Warm Voice,1280290142112652,Brand Awareness,10.5673,2057,0,2025,7,24,61,30,23,64,42,0,0,0,0,5,0,13,0.6320,0,0,0,1440,0
2025-10-19,Video Network,Family Pantry Retention Initiative,Metro Region Conversion Cohort,15908997,Bulk Buyers Retention Segment,1777717557426296,Shelf Story Value Voice,8084225603313437,Catalog Engagement,0.0000,0,0,0,0,0,0,0,0,0,0,0,0,0,0,0,0,0,0.0000,0,0,0,0,0
2025-10-20,Retail Media Network,Home Essentials Scale Initiative,Metro Region Prospecting Cohort,86057605,Family Planners Interest Segment,2052479131570920,Shelf Story Warm Voice,1431189176757496,Brand Awareness,0.0000,0,0,0,0,0,0,0,0,0,0,0,0,0,0,0,0,0,0.0000,0,0,0,0,0
2025-10-21,In-App Display,Family Pantry Retention Initiative,Metro Region Loyalty Cohort,15908997,Health Conscious Buyers Retention Segment,1669733702699813,Shelf Story Warm Voice,5602072675253918,Brand Awareness,98.7061,15361,0,21364,51,100,100,100,100,1469,1442,0,0,2,0,171,0,187,1.2174,0,6,0,13641,0
2025-10-22,In-App Display,Family Pantry Retention Initiative,Metro Region Loyalty Cohort,15908997,Health Conscious Buyers Interest Segment,1474840462607869,Shelf Story Warm Voice,8486205212439809,Brand Awareness,97.5403,33389,0,46137,60,100,100,100,100,714,807,0,0,1,0,111,0,213,0.6379,2,4,0,34912,0
2025-10-23,In-App Display,Family Pantry Retention Initiative,Metro Region Loyalty Cohort,15908997,Family Planners Lookalike Segment,1665761135741679,Shelf Story Warm Voice,2902136042807068,Brand Awareness,799.7236,62016,0,95125,555,100,100,100,100,15494,18362,0,0,8,0,2983,0,4745,7.6513,23,61,0,96451,0
2025-10-24,Social Feed,Family Pantry Retention Initiative,Metro Region Loyalty Cohort,15908997,Family Planners Lookalike Segment,1002710949555221,Shelf Story Warm Voice,1647332301297595,Brand Awareness,65.1079,14939,0,28640,28,34,100,100,44,246,231,0,0,0,0,22,0,131,0.8769,0,0,0,30565,0
2025-10-25,Discovery Network,Family Pantry Retention Initiative,Metro Region Loyalty Cohort,15908997,Health Conscious Buyers Interest Segment,9013382232369046,Price Drop Cut Value Voice,4186893344787278,Brand Awareness,4.8201,986,0,792,7,9,30,14,13,16,16,0,0,0,0,0,0,6,0.6085,0,0,0,666,0
2025-10-26,Marketplace Feed,Family Pantry Retention Initiative,Metro Region Loyalty Cohort,15908997,Family Planners Lookalike Segment,1665761135741679,Shelf Story Warm Voice,2793262031628184,Brand Awareness,317.9547,52535,0,45535,175,100,100,100,100,2109,2722,0,0,0,0,445,0,629,1.1973,0,8,0,38881,0
2025-10-27,In-App Display,Family Pantry Retention Initiative,Metro Region Loyalty Cohort,15908997,Health Conscious Buyers Interest Segment,9013382232369046,Promo Banner Friendly Voice,1538508227020088,Brand Awareness,139.5720,30495,0,32972,66,100,100,100,100,309,168,0,0,0,0,30,0,129,0.4230,0,3,0,20759,0
2025-10-28,Discovery Network,Home Essentials Scale Initiative,Metro Region Prospecting Cohort,86057605,Family Planners Interest Segment,2052479131570920,Shelf Story Bold Voice,1642534966349722,Brand Awareness,0.0000,0,0,0,0,0,0,0,0,0,0,0,0,0,0,0,0,0,0.0000,0,0,0,0,0
2025-10-29,In-App Display,Family Pantry Retention Initiative,Metro Region Loyalty Cohort,15908997,Family Planners Lookalike Segment,1665761135741679,Promo Banner Friendly Voice,1647756988327695,Brand Awareness,369.9149,75688,0,89625,115,100,100,100,100,2092,1310,0,0,1,0,329,0,607,0.8020,1,4,0,68085,0
2025-10-30,Video Network,Weekend Saver Retention Initiative,Metro Region Loyalty Cohort,15908997,Health Conscious Buyers Interest Segment,1334393532567969,Shelf Story Warm Voice,8045514033882153,Brand Awareness,356.7229,78894,0,81404,91,100,100,100,100,3353,3290,0,0,4,0,2380,0,2821,3.5757,0,18,0,78561,0
2025-10-31,Marketplace Feed,Family Pantry Retention Initiative,Central Region Loyalty Cohort,86057605,Health Conscious Buyers Interest Segment,1161108588535845,Product Reel Warm Voice,4476083296875111,Catalog Engagement,0.0000,0,0,0,0,0,0,0,0,0,0,0,0,0,0,0,0,0,0.0000,0,0,0,0,0
2025-10-01,Connected TV,Seasonal Select Promo Initiative,Metro Region Loyalty Cohort,15908997,Health Conscious Buyers Retention Segment,3613956286158588,Shelf Story Warm Voice,9626373394400677,Brand Awareness,8.3067,3895,0,3141,7,24,100,45,32,35,35,0,0,0,0,2,0,11,0.2824,0,0,0,1974,0
2025-10-02,Search Network,Weekend Saver Retention Initiative,Metro Region Loyalty Cohort,15908997,Health Conscious Buyers Retention Segment,4136110625615180,Shelf Story Warm Voice,1781261912151237,Brand Awareness,1.0132,192,0,193,0,1,3,2,1,3,4,0,0,0,0,0,0,0,0.0000,0,0,0,180,0
2025-10-03,Display Network,Family Pantry Retention Initiative,Metro Region Loyalty Cohort,15908997,Health Conscious Buyers Retention Segment,1669733702699813,Shelf Story Warm Voice,5602072675253918,Brand Awareness,56.9938,8436,0,8928,47,100,100,100,100,1173,1291,0,0,0,0,31,0,74,0.8772,0,2,0,5789,0
2025-10-04,Affiliate Network,Seasonal Select Promo Initiative,Metro Region Loyalty Cohort,15908997,Family Planners Lookalike Segment,1718074286658736,Shelf Story Warm Voice,1533493773187614,Brand Awareness,571.5091,60796,0,63090,277,100,100,100,100,2329,1255,0,0,0,0,1151,0,1525,2.5084,4,18,0,49148,0
2025-10-05,Display Network,Seasonal Select Promo Initiative,Metro Region Loyalty Cohort,15908997,Family Planners Lookalike Segment,1718074286658736,Shelf Story Warm Voice,1532291780998103,Brand Awareness,364.8540,73011,0,109517,206,100,100,100,100,2622,3049,0,0,0,0,928,0,1428,1.9559,2,12,0,77101,0
2025-10-06,Marketplace Feed,Family Pantry Retention Initiative,Metro Region Loyalty Cohort,15908997,Family Planners Lookalike Segment,1665761135741679,Shelf Story Warm Voice,1450951256520921,Brand Awareness,38.4889,9663,0,10695,32,73,100,100,84,268,145,0,0,0,0,50,0,99,1.0245,0,0,0,6240,0
2025-10-07,Search Network,Family Pantry Retention Initiative,Metro Region Conversion Cohort,15908997,Bulk Buyers Retention Segment,1777717557426296,Shelf Story Value Voice,8084225603313437,Catalog Engagement,0.0000,0,0,0,0,0,0,0,0,0,0,0,0,0,0,0,0,0,0.0000,0,0,0,0,0
2025-10-08,Retail Media Network,Family Pantry Retention Initiative,Metro Region Loyalty Cohort,15908997,Health Conscious Buyers Interest Segment,9013382232369046,Shelf Story Warm Voice,3768518651506601,Brand Awareness,5.1873,821,0,623,0,16,34,23,15,33,40,0,0,0,0,1,0,2,0.2436,0,0,0,1000,0
2025-10-09,Video Network,Seasonal Select Promo Initiative,Metro Region Loyalty Cohort,15908997,Health Conscious Buyers Retention Segment,3613956286158588,Offer Spotlight Bold Voice,4607696881668990,Brand Awareness,3.3084,880,0,1647,2,2,18,5,2,8,9,0,0,0,0,0,0,3,0.3409,0,0,0,803,0
2025-10-10,Marketplace Feed,Family Pantry Retention Initiative,Metro Region Loyalty Cohort,15908997,Health Conscious Buyers Retention Segment,1669733702699813,Shelf Story Bold Voice,4391005331160720,Brand Awareness,7.9943,1891,0,2741,3,10,51,20,13,63,57,0,0,0,0,4,0,12,0.6346,0,0,0,2065,0
2025-10-11,Discovery Network,Weekend Saver Retention Initiative,Metro Region Loyalty Cohort,15908997,Health Conscious Buyers Retention Segment,4136110625615180,Shelf Story Bold Voice,1238862856159509,Brand Awareness,1.5183,684,0,645,0,3,8,5,3,5,6,0,0,0,0,0,0,0,0.0000,0,0,0,539,0
2025-10-12,Display Network,Home Essentials Scale Initiative,Metro Region Conversion Cohort,44948390,Health Conscious Buyers Affinity Segment,1198664249496341,Collection Showcase Warm Voice,1443579063929415,Brand Awareness,0.0000,0,0,0,0,0,0,0,0,0,0,0,0,0,0,0,0,0,0.0000,0,0,0,0,0
2025-10-13,Affiliate Network,Weekend Saver Retention Initiative,Metro Region Loyalty Cohort,15908997,Family Planners Lookalike Segment,7248228093339312,Offer Spotlight Bold Voice,1757288035719114,Brand Awareness,77.9277,20471,0,21100,44,35,100,82,43,150,141,0,0,0,0,13,0,81,0.3957,0,0,0,24423,0
2025-10-14,Social Feed,Family Pantry Retention Initiative,Metro Region Loyalty Cohort,15908997,Family Planners Lookalike Segment,1002710949555221,Shelf Story Warm Voice,3185083078735744,Brand Awareness,174.6720,33474,0,31426,112,100,100,100,100,2340,1412,0,0,0,0,92,0,212,0.6333,0,3,0,22373,0
2025-10-15,Video Network,Family Pantry Retention Initiative,Metro Region Loyalty Cohort,15908997,Health Conscious Buyers Retention Segment,4976789753470273,Shelf Story Warm Voice,1212856722898025,Brand Awareness,5.9857,1931,0,2228,3,15,95,30,24,66,78,0,0,0,0,1,0,4,0.2071,0,0,0,2417,0
2025-10-16,Retail Media Network,Family Pantry Retention Initiative,Metro Region Loyalty Cohort,15908997,Family Planners Lookalike Segment,1665761135741679,Promo Banner Friendly Voice,6598720554447191,Brand Awareness,56.5633,19939,0,16133,33,38,100,85,48,200,184,0,0,0,0,37,0,82,0.4113,0,0,0,13126,0
2025-10-17,Shopping Grid,Weekend Saver Retention Initiative,Metro Region Loyalty Cohort,15908997,Family Planners Lookalike Segment,7248228093339312,Shelf Story Bold Voice,3411200546175283,Brand Awareness,72.8744,19548,0,17249,85,100,100,100,100,1495,1111,0,0,0,0,48,0,158,0.8083,1,4,0,23149,0
2025-10-18,Affiliate Network,Family Pantry Retention Initiative,Metro Region Loyalty Cohort,15908997,Health Conscious Buyers Interest Segment,9013382232369046,Shelf Story Value Voice,1103993184708534,Brand Awareness,131.9693,22859,0,44868,83,88,100,100,85,334,269,0,0,0,0,64,0,80,0.3500,0,2,0,19337,0
2025-10-19,In-App Display,Family Pantry Retention Initiative,Metro Region Loyalty Cohort,15908997,Family Planners Lookalike Segment,1665761135741679,Shelf Story Warm Voice,6549680554582288,Brand Awareness,422.3273,55631,0,52274,131,100,100,100,100,652,495,0,0,1,0,137,0,397,0.7136,0,5,0,56276,0
2025-10-20,Discovery Network,Seasonal Select Promo Initiative,Metro Region Loyalty Cohort,15908997,Health Conscious Buyers Interest Segment,1532426936569806,Shelf Story Warm Voice,7193200529405455,Brand Awareness,34.9355,9676,0,14037,27,66,100,100,89,79,81,0,0,0,0,5,0,22,0.2274,0,0,0,7650,0
2025-10-21,Search Network,Family Pantry Retention Initiative,Metro Region Loyalty Cohort,15908997,Health Conscious Buyers Interest Segment,9013382232369046,Shelf Story Warm Voice,1099249066640891,Brand Awareness,237.5551,37664,0,38049,125,100,100,100,100,5582,3230,0,0,7,0,755,0,472,1.2532,4,15,0,20190,0
2025-10-22,Shopping Grid,Weekend Saver Retention Initiative,Metro Region Loyalty Cohort,15908997,Health Conscious Buyers Interest Segment,1334393532567969,Price Drop Cut Value Voice,1109002298095593,Brand Awareness,490.4818,89899,0,132908,261,100,100,100,100,3020,2541,0,0,2,0,742,0,532,0.5918,0,2,0,79334,0
2025-10-23,Influencer Network,Family Pantry Retention Initiative,Metro Region Loyalty Cohort,15908997,Health Conscious Buyers Interest Segment,9013382232369046,Shelf Story Warm Voice,1177430610668804,Brand Awareness,854.3117,198522,0,201909,624,100,100,100,100,32008,25157,0,0,32,0,5019,0,4528,2.2809,21,114,0,105365,0
2025-10-24,Social Feed,Family Pantry Retention Initiative,Metro Region Loyalty Cohort,15908997,Family Planners Lookalike Segment,1665761135741679,Collection Showcase Warm Voice,5654112849815777,Brand Awareness,206.6229,20610,0,29343,119,100,100,100,100,1079,970,0,0,0,0,424,0,370,1.7952,0,2,0,33563,0
2025-10-25,Influencer Network,Seasonal Select Promo Initiative,Metro Region Loyalty Cohort,15908997,Family Planners Lookalike Segment,1718074286658736,Promo Banner Warm Voice,1089449421739833,Brand Awareness,401.7899,117354,0,76910,311,100,100,100,100,3826,4002,0,0,5,0,857,0,1551,1.3216,4,14,0,99671,0
2025-10-26,Connected TV,Family Pantry Retention Initiative,Metro Region Loyalty Cohort,15908997,Health Conscious Buyers Interest Segment,9013382232369046,Shelf Story Warm Voice,8148838999548557,Brand Awareness,3.7909,462,0,743,1,6,17,11,5,18,11,0,0,0,0,2,0,7,1.5152,0,0,0,375,0
2025-10-27,Video Network,Family Pantry Retention Initiative,Metro Region Loyalty Cohort,15908997,Family Planners Lookalike Segment,1665761135741679,Price Drop Cut Value Voice,1192366617925175,Brand Awareness,113.9071,26970,0,46496,77,100,100,100,100,577,517,0,0,0,0,86,0,186,0.6897,0,1,0,24112,0
2025-10-28,Connected TV,Family Pantry Retention Initiative,Metro Region Loyalty Cohort,15908997,Family Planners Lookalike Segment,1002710949555221,Offer Spotlight Bold Voice,7401589860358191,Brand Awareness,90.3856,25943,0,25392,37,54,100,100,87,446,397,0,0,0,0,121,0,174,0.6707,0,0,0,25434,0
2025-10-29,Video Network,Family Pantry Retention Initiative,Metro Region Loyalty Cohort,15908997,Health Conscious Buyers Interest Segment,1474840462607869,Shelf Story Warm Voice,8486205212439809,Brand Awareness,120.2340,50215,0,42908,71,100,100,100,100,742,342,0,0,0,0,117,0,154,0.3067,0,0,0,33232,0
2025-10-30,Shopping Grid,Family Pantry Retention Initiative,Metro Region Loyalty Cohort,15908997,Family Planners Lookalike Segment,1665761135741679,Shelf Story Warm Voice,2616618213121749,Brand Awareness,1280.5149,252133,0,193100,841,100,100,100,100,39651,30298,0,0,50,0,6211,0,9063,3.5945,36,232,0,144417,0
2025-10-31,Video Network,Seasonal Select Promo Initiative,Metro Region Loyalty Cohort,15908997,Health Conscious Buyers Interest Segment,1532426936569806,Shelf Story Warm Voice,9953353036347574,Brand Awareness,117.7577,58036,0,29498,94,100,100,100,100,297,230,0,0,0,0,14,0,105,0.1809,1,0,0,26307,0
2025-10-01,Affiliate Network,Weekend Saver Retention Initiative,Metro Region Loyalty Cohort,15908997,Health Conscious Buyers Retention Segment,4136110625615180,Price Drop Cut Value Voice,1682844113945221,Brand Awareness,6.0183,2488,0,1282,1,9,33,14,10,20,15,0,0,0,0,0,0,2,0.0804,0,0,0,2562,0
2025-10-02,Marketplace Feed,Weekend Saver Retention Initiative,Metro Region Loyalty Cohort,15908997,Family Planners Lookalike Segment,7248228093339312,Price Drop Cut Value Voice,9781212069592701,Brand Awareness,137.3560,33200,0,65087,70,100,100,100,100,768,845,0,0,0,0,80,0,183,0.5512,0,1,0,57136,0
2025-10-03,In-App Display,Family Pantry Retention Initiative,Metro Region Conversion Cohort,15908997,Family Planners Lookalike Segment,3017606229260592,Shelf Story Value Voice,5691206288583839,Catalog Engagement,0.0000,0,0,0,0,0,0,0,0,0,0,0,0,0,0,0,0,0,0.0000,0,0,0,0,0
2025-10-04,Affiliate Network,Family Pantry Retention Initiative,Metro Region Conversion Cohort,15908997,Weekend Deal Hunters Interest Segment,6202516839870495,Shelf Story Value Voice,1077582730962642,Catalog Engagement,0.0000,0,0,0,0,0,0,0,0,0,0,0,0,0,0,0,0,0,0.0000,0,0,0,0,0
2025-10-05,Discovery Network,Family Pantry Retention Initiative,Metro Region Loyalty Cohort,15908997,Family Planners Lookalike Segment,1665761135741679,Shelf Story Bold Voice,1220357368781053,Brand Awareness,42.2395,8606,0,8572,21,41,100,69,54,230,283,0,0,0,0,85,0,193,2.2426,0,0,0,6317,0
2025-10-06,Search Network,Family Pantry Retention Initiative,Metro Region Loyalty Cohort,15908997,Health Conscious Buyers Interest Segment,1474840462607869,Shelf Story Warm Voice,9110304031000052,Brand Awareness,213.3365,26385,0,49209,69,100,100,100,100,1706,1859,0,0,1,0,425,0,443,1.6790,3,3,0,28166,0
2025-10-07,Marketplace Feed,Seasonal Select Promo Initiative,Metro Region Loyalty Cohort,15908997,Family Planners Lookalike Segment,1718074286658736,Shelf Story Bold Voice,4278310985669178,Brand Awareness,440.3379,61436,0,75441,102,100,100,100,100,1779,1577,0,0,0,0,1384,0,1107,1.8019,0,8,0,93795,0
2025-10-08,Video Network,Home Essentials Scale Initiative,Metro Region Prospecting Cohort,86057605,Family Planners Interest Segment,2052479131570920,Shelf Story Warm Voice,6668703011220466,Brand Awareness,0.0000,0,0,0,0,0,0,0,0,0,0,0,0,0,0,0,0,0,0.0000,0,0,0,0,0
2025-10-09,Retail Media Network,Family Pantry Retention Initiative,Metro Region Loyalty Cohort,15908997,Health Conscious Buyers Interest Segment,9013382232369046,Promo Banner Friendly Voice,1255871739760170,Brand Awareness,5.4333,672,0,885,5,12,25,15,12,27,15,0,0,0,0,0,0,4,0.5952,0,0,0,642,0
2025-10-10,Affiliate Network,Family Pantry Retention Initiative,Metro Region Loyalty Cohort,15908997,Health Conscious Buyers Retention Segment,1669733702699813,Shelf Story Warm Voice,6197978194612129,Brand Awareness,13.1903,2021,0,2787,1,23,69,47,30,60,53,0,0,0,0,3,0,5,0.2474,0,0,0,2081,0
2025-10-11,Affiliate Network,Family Pantry Retention Initiative,Metro Region Loyalty Cohort,15908997,Health Conscious Buyers Interest Segment,1474840462607869,Shelf Story Warm Voice,4340134105081797,Brand Awareness,458.4106,96600,0,73498,219,100,100,100,100,9560,9750,0,0,3,0,1363,0,2669,2.7629,6,30,0,85350,0
2025-10-12,Influencer Network,Family Pantry Retention Initiative,Metro Region Loyalty Cohort,15908997,Health Conscious Buyers Retention Segment,4976789753470273,Shelf Story Warm Voice,1220076337258804,Brand Awareness,6.0917,1645,0,2643,2,6,28,9,8,17,10,0,0,0,0,1,0,8,0.4863,0,0,0,1651,0
2025-10-13,Social Feed,Seasonal Select Promo Initiative,Metro Region Loyalty Cohort,15908997,Health Conscious Buyers Interest Segment,1532426936569806,Offer Spotlight Bold Voice,4433422745438620,Brand Awareness,13.9141,4216,0,2949,8,10,56,22,14,31,17,0,0,0,0,1,0,7,0.1660,0,0,0,2518,0
2025-10-14,Marketplace Feed,Family Pantry Retention Initiative,Metro Region Loyalty Cohort,15908997,Health Conscious Buyers Interest Segment,9013382232369046,Shelf Story Warm Voice,5257839822274418,Brand Awareness,115.9549,31467,0,42163,103,100,100,100,100,797,710,0,0,2,0,78,0,193,0.6133,0,2,0,36949,0
2025-10-15,Social Feed,Seasonal Select Promo Initiative,Metro Region Loyalty Cohort,15908997,Health Conscious Buyers Interest Segment,1532426936569806,Offer Spotlight Value Voice,2894551765052346,Brand Awareness,3.4887,905,0,666,1,16,77,29,18,21,10,0,0,0,0,0,0,2,0.2210,0,0,0,1155,0
2025-10-16,Connected TV,Weekend Saver Retention Initiative,Metro Region Loyalty Cohort,15908997,Family Planners Lookalike Segment,7248228093339312,Shelf Story Warm Voice,6451368560487732,Brand Awareness,108.3156,36020,0,26796,69,76,100,100,100,538,471,0,0,0,0,65,0,166,0.4609,1,4,0,43752,0
2025-10-17,Marketplace Feed,Seasonal Select Promo Initiative,Metro Region Loyalty Cohort,15908997,Health Conscious Buyers Retention Segment,3613956286158588,Shelf Story Warm Voice,2259713911990191,Brand Awareness,8.3280,2569,0,3488,6,39,100,90,48,44,30,0,0,0,0,3,0,11,0.4282,0,1,0,3500,0
2025-10-18,In-App Display,Weekend Saver Retention Initiative,Metro Region Loyalty Cohort,15908997,Health Conscious Buyers Interest Segment,1334393532567969,Shelf Story Bold Voice,7232280368739505,Brand Awareness,609.6420,72175,0,61270,257,100,100,100,100,5479,5968,0,0,6,0,2273,0,1416,1.9619,6,15,0,60297,0
2025-10-19,Retail Media Network,Family Pantry Retention Initiative,Metro Region Loyalty Cohort,15908997,Health Conscious Buyers Retention Segment,1669733702699813,Promo Banner Friendly Voice,1414897562821209,Brand Awareness,3.6939,781,0,1307,0,1,18,6,2,15,17,0,0,0,0,1,0,1,0.1280,0,0,0,1053,0
2025-10-20,Discovery Network,Family Pantry Retention Initiative,Metro Region Loyalty Cohort,15908997,Health Conscious Buyers Retention Segment,4976789753470273,Shelf Story Warm Voice,4041974945367907,Brand Awareness,23.2180,4938,0,6467,13,95,100,100,100,487,346,0,0,0,0,16,0,54,1.0936,0,0,0,3330,0
2025-10-21,Marketplace Feed,Weekend Saver Retention Initiative,Metro Region Loyalty Cohort,15908997,Health Conscious Buyers Interest Segment,1334393532567969,Price Drop Cut Value Voice,2051943278335934,Brand Awareness,198.2728,52853,0,49190,118,100,100,100,100,516,455,0,0,0,0,281,0,259,0.4900,1,1,0,66941,0
2025-10-22,Video Network,Family Pantry Retention Initiative,Metro Region Loyalty Cohort,15908997,Health Conscious Buyers Retention Segment,1669733702699813,Collection Showcase Warm Voice,1788908453907262,Brand Awareness,14.3391,4120,0,2786,3,19,76,29,19,84,87,0,0,0,0,5,0,4,0.0971,0,0,0,2533,0
2025-10-23,Retail Media Network,Family Pantry Retention Initiative,Metro Region Loyalty Cohort,15908997,Health Conscious Buyers Retention Segment,1669733702699813,Promo Banner Friendly Voice,4647140982681565,Brand Awareness,47.5589,5770,0,7967,17,91,100,100,100,302,196,0,0,0,0,11,0,40,0.6932,0,2,0,9945,0
2025-10-24,Connected TV,Seasonal Select Promo Initiative,Metro Region Loyalty Cohort,15908997,Health Conscious Buyers Retention Segment,3613956286158588,Shelf Story Bold Voice,1755467445485119,Brand Awareness,14.1053,2431,0,2194,8,21,100,43,29,27,20,0,0,0,0,3,0,18,0.7404,0,0,0,2245,0
2025-10-25,Search Network,Weekend Saver Retention Initiative,Metro Region Loyalty Cohort,15908997,Health Conscious Buyers Interest Segment,1334393532567969,Shelf Story Warm Voice,2520693897922300,Brand Awareness,455.4073,88581,0,86331,164,100,100,100,100,1966,1908,0,0,1,0,1298,0,1359,1.5342,1,7,0,82349,0
2025-10-26,Video Network,Family Pantry Retention Initiative,Metro Region Loyalty Cohort,15908997,Family Planners Lookalike Segment,1665761135741679,Shelf Story Value Voice,5225143865411760,Brand Awareness,172.3700,40430,0,60563,112,100,100,100,100,487,376,0,0,0,0,312,0,463,1.1452,0,8,0,35392,0
2025-10-27,Affiliate Network,Family Pantry Retention Initiative,Metro Region Loyalty Cohort,15908997,Family Planners Lookalike Segment,1002710949555221,Shelf Story Warm Voice,1655044419034925,Brand Awareness,31.6915,8490,0,9550,31,100,100,100,100,389,386,0,0,0,0,73,0,59,0.6949,0,0,0,6896,0
2025-10-28,In-App Display,Weekend Saver Retention Initiative,Metro Region Loyalty Cohort,15908997,Health Conscious Buyers Retention Segment,4136110625615180,Price Drop Cut Value Voice,1316048837324374,Brand Awareness,8.3168,2362,0,3649,7,9,100,24,11,48,64,0,0,0,0,3,0,8,0.3387,0,0,0,2614,0
2025-10-29,Connected TV,Family Pantry Retention Initiative,Metro Region Loyalty Cohort,15908997,Family Planners Lookalike Segment,1665761135741679,Shelf Story Warm Voice,2902136042807068,Brand Awareness,671.1965,79223,0,77922,398,100,100,100,100,14127,16274,0,0,11,0,4940,0,2853,3.6012,4,50,0,110287,0
2025-10-30,Connected TV,Family Pantry Retention Initiative,Metro Region Loyalty Cohort,15908997,Health Conscious Buyers Interest Segment,1474840462607869,Shelf Story Warm Voice,5682500646683685,Brand Awareness,428.1076,76881,0,58261,178,100,100,100,100,6746,6882,0,0,5,0,1174,0,934,1.2149,1,12,0,83637,0
2025-10-31,In-App Display,Family Pantry Retention Initiative,Metro Region Loyalty Cohort,15908997,Family Planners Lookalike Segment,1002710949555221,Shelf Story Warm Voice,5797898098365146,Brand Awareness,509.4032,96909,0,66491,197,100,100,100,100,7295,4674,0,0,0,0,399,0,641,0.6614,3,14,0,89834,0
2025-10-01,Retail Media Network,Weekend Saver Retention Initiative,Metro Region Loyalty Cohort,15908997,Family Planners Lookalike Segment,7248228093339312,Price Drop Cut Value Voice,9318406623487279,Brand Awareness,139.5880,45134,0,41022,72,65,100,100,81,214,145,0,0,0,0,25,0,95,0.2105,4,4,0,23674,0
2025-10-02,Search Network,Weekend Saver Retention Initiative,Metro Region Loyalty Cohort,15908997,Health Conscious Buyers Retention Segment,4136110625615180,Shelf Story Bold Voice,5160906508093401,Brand Awareness,18.8353,2983,0,3265,10,93,100,100,100,300,249,0,0,0,0,9,0,24,0.8046,0,0,0,4618,0
2025-10-03,Connected TV,Family Pantry Retention Initiative,Metro Region Loyalty Cohort,15908997,Family Planners Lookalike Segment,1665761135741679,Shelf Story Warm Voice,1280290142112652,Brand Awareness,11.0877,3139,0,3092,8,26,100,41,31,100,81,0,0,0,0,22,0,51,1.6247,0,0,0,1808,0
2025-10-04,Discovery Network,Seasonal Select Promo Initiative,Metro Region Loyalty Cohort,15908997,Family Planners Lookalike Segment,1718074286658736,Offer Spotlight Bold Voice,1638167476571035,Brand Awareness,190.5824,47379,0,30201,70,100,100,100,100,616,590,0,0,1,0,304,0,270,0.5699,0,1,0,35520,0
2025-10-05,Discovery Network,Family Pantry Retention Initiative,Metro Region Loyalty Cohort,15908997,Health Conscious Buyers Interest Segment,1474840462607869,Offer Spotlight Bold Voice,3530423296641236,Brand Awareness,185.5328,43897,0,49726,105,100,100,100,100,1114,1274,0,0,1,0,245,0,343,0.7814,1,3,0,35140,0
2025-10-06,Discovery Network,Family Pantry Retention Initiative,Metro Region Loyalty Cohort,15908997,Health Conscious Buyers Retention Segment,1669733702699813,Shelf Story Warm Voice,2604915282803870,Brand Awareness,2.8052,472,0,676,8,0,28,3,1,21,13,0,0,0,0,0,0,7,1.4831,0,0,0,1119,0
2025-10-07,Social Feed,Family Pantry Retention Initiative,Metro Region Loyalty Cohort,15908997,Health Conscious Buyers Retention Segment,4976789753470273,Shelf Story Warm Voice,5506678816268127,Brand Awareness,32.2283,6392,0,10553,18,100,100,100,100,967,1017,0,0,0,0,34,0,49,0.7666,0,1,0,11340,0
2025-10-08,Retail Media Network,Seasonal Select Promo Initiative,Metro Region Loyalty Cohort,15908997,Health Conscious Buyers Retention Segment,3613956286158588,Promo Banner Warm Voice,3456261421148856,Brand Awareness,8.8124,1988,0,2769,3,45,100,100,78,60,57,0,0,0,0,4,0,11,0.5533,0,0,0,3291,0
2025-10-09,Discovery Network,Weekend Saver Retention Initiative,Metro Region Loyalty Cohort,15908997,Health Conscious Buyers Retention Segment,4136110625615180,Offer Spotlight Bold Voice,3833443174798849,Brand Awareness,4.7232,1517,0,1922,2,3,20,3,3,13,14,0,0,0,0,1,0,2,0.1318,0,0,0,1836,0
2025-10-10,Search Network,Weekend Saver Retention Initiative,Metro Region Loyalty Cohort,15908997,Health Conscious Buyers Interest Segment,1334393532567969,Shelf Story Bold Voice,8314765461987923,Brand Awareness,168.1251,50886,0,41919,82,98,100,100,100,453,265,0,0,0,0,159,0,308,0.6053,0,2,0,56436,0
2025-10-11,Retail Media Network,Weekend Saver Retention Initiative,Metro Region Loyalty Cohort,15908997,Health Conscious Buyers Interest Segment,1334393532567969,Offer Spotlight Bold Voice,3220054077294586,Brand Awareness,167.1448,44143,0,54396,117,73,100,100,100,368,398,0,0,0,0,173,0,233,0.5278,0,4,0,40187,0
2025-10-12,Influencer Network,Weekend Saver Retention Initiative,Metro Region Loyalty Cohort,15908997,Family Planners Lookalike Segment,7248228093339312,Shelf Story Bold Voice,1269408759613688,Brand Awareness,48.2252,10366,0,11626,52,39,100,72,48,126,96,0,0,0,0,9,0,46,0.4438,0,0,0,18336,0
2025-10-13,In-App Display,Weekend Saver Retention Initiative,Metro Region Loyalty Cohort,15908997,Health Conscious Buyers Retention Segment,4136110625615180,Shelf Story Warm Voice,5443423299390877,Brand Awareness,12.4996,2142,0,3035,15,6,38,19,10,35,27,0,0,0,0,3,0,21,0.9804,0,0,0,2868,0
2025-10-14,Marketplace Feed,Family Pantry Retention Initiative,Metro Region Loyalty Cohort,15908997,Health Conscious Buyers Interest Segment,9013382232369046,Collection Showcase Warm Voice,3199746654625132,Brand Awareness,7.5123,2929,0,2743,11,21,50,29,21,65,63,0,0,0,0,5,0,13,0.4438,0,0,0,2696,0
2025-10-15,Retail Media Network,Family Pantry Retention Initiative,Metro Region Loyalty Cohort,86057605,Health Conscious Buyers Interest Segment,1317849022166581,Shelf Story Warm Voice,4835139745633214,Brand Awareness,0.0000,0,0,0,0,0,0,0,0,0,0,0,0,0,0,0,0,0,0.0000,0,0,0,0,0
2025-10-16,In-App Display,Family Pantry Retention Initiative,Metro Region Loyalty Cohort,15908997,Health Conscious Buyers Retention Segment,1669733702699813,Shelf Story Warm Voice,1173063753252113,Brand Awareness,100.7445,16276,0,11560,91,100,100,100,100,3315,2248,0,0,2,0,198,0,262,1.6097,1,10,0,10005,0
2025-10-17,Video Network,Family Pantry Retention Initiative,Metro Region Loyalty Cohort,15908997,Health Conscious Buyers Retention Segment,1669733702699813,Shelf Story Value Voice,1365467474223726,Brand Awareness,21.1452,3408,0,5913,11,19,90,33,20,77,78,0,0,0,0,5,0,15,0.4401,0,0,0,5308,0
2025-10-18,Social Feed,Family Pantry Retention Initiative,Metro Region Loyalty Cohort,15908997,Health Conscious Buyers Retention Segment,1669733702699813,Shelf Story Warm Voice,1837904232519606,Brand Awareness,24.9263,6488,0,8008,33,61,100,100,74,345,428,0,0,0,0,26,0,38,0.5857,0,1,0,9239,0
2025-10-19,Marketplace Feed,Seasonal Select Promo Initiative,Metro Region Loyalty Cohort,15908997,Health Conscious Buyers Interest Segment,1532426936569806,Promo Banner Warm Voice,5732401046815275,Brand Awareness,142.5222,31650,0,49955,103,100,100,100,100,718,497,0,0,0,0,80,0,137,0.4329,0,2,0,46298,0
2025-10-20,In-App Display,Family Pantry Retention Initiative,Metro Region Loyalty Cohort,15908997,Health Conscious Buyers Interest Segment,9013382232369046,Shelf Story Warm Voice,1641518074556035,Brand Awareness,10.0857,3161,0,4368,17,8,32,16,9,30,30,0,0,0,0,2,0,13,0.4113,0,0,0,4017,0
2025-10-21,In-App Display,Family Pantry Retention Initiative,Metro Region Loyalty Cohort,15908997,Health Conscious Buyers Retention Segment,4976789753470273,Offer Spotlight Bold Voice,1582932391745882,Brand Awareness,10.3176,3094,0,4810,4,15,95,32,20,90,100,0,0,0,0,8,0,16,0.5171,0,0,0,3161,0
2025-10-22,Display Network,Seasonal Select Promo Initiative,Metro Region Loyalty Cohort,15908997,Family Planners Lookalike Segment,1718074286658736,Offer Spotlight Value Voice,2074777970281390,Brand Awareness,194.7615,17273,0,22128,86,100,100,100,100,909,565,0,0,0,0,289,0,235,1.3605,2,6,0,29676,0
2025-10-23,Retail Media Network,Family Pantry Retention Initiative,Metro Region Loyalty Cohort,15908997,Health Conscious Buyers Retention Segment,1669733702699813,Shelf Story Warm Voice,4211876559793011,Brand Awareness,14.2136,5789,0,5904,3,9,86,24,14,40,52,0,0,0,0,2,0,7,0.1209,0,0,0,5117,0
2025-10-24,Influencer Network,Seasonal Select Promo Initiative,Metro Region Loyalty Cohort,15908997,Health Conscious Buyers Interest Segment,1532426936569806,Shelf Story Bold Voice,1082336609132049,Brand Awareness,61.7319,20802,0,26421,26,100,100,100,100,172,143,0,0,0,0,9,0,79,0.3798,0,0,0,14057,0
2025-10-25,Influencer Network,Family Pantry Retention Initiative,Metro Region Loyalty Cohort,15908997,Health Conscious Buyers Interest Segment,9013382232369046,Shelf Story Bold Voice,5904212741788775,Brand Awareness,4.1788,1076,0,831,1,5,23,9,7,26,17,0,0,0,0,6,0,7,0.6506,0,0,0,1290,0
2025-10-26,Shopping Grid,Weekend Saver Retention Initiative,Metro Region Loyalty Cohort,15908997,Family Planners Lookalike Segment,7248228093339312,Shelf Story Warm Voice,1150526236199258,Brand Awareness,20.5103,3965,0,6666,10,22,100,48,29,103,64,0,0,0,0,25,0,38,0.9584,0,0,0,4887,0
2025-10-27,Retail Media Network,Family Pantry Retention Initiative,Metro Region Conversion Cohort,15908997,Family Planners Lookalike Segment,5543611230519311,Offer Spotlight Friendly Voice,1716769906634105,Catalog Engagement,0.0000,0,0,0,0,0,0,0,0,0,0,0,0,0,0,0,0,0,0.0000,0,0,0,0,0
2025-10-28,In-App Display,Family Pantry Retention Initiative,Metro Region Loyalty Cohort,15908997,Health Conscious Buyers Retention Segment,1669733702699813,Price Drop Cut Value Voice,6906673719698824,Brand Awareness,21.7432,3235,0,4821,7,40,100,71,58,85,69,0,0,0,0,3,0,17,0.5255,0,1,0,5095,0
2025-10-29,Discovery Network,Seasonal Select Promo Initiative,Metro Region Loyalty Cohort,15908997,Health Conscious Buyers Retention Segment,3613956286158588,Offer Spotlight Value Voice,9011752711561329,Brand Awareness,2.4209,374,0,488,1,6,33,14,9,7,7,0,0,0,0,0,0,2,0.5348,0,0,0,360,0
2025-10-30,Retail Media Network,Family Pantry Retention Initiative,Metro Region Loyalty Cohort,15908997,Health Conscious Buyers Retention Segment,1669733702699813,Shelf Story Warm Voice,4211876559793011,Brand Awareness,14.3057,2023,0,3848,11,25,96,30,23,59,54,0,0,0,0,5,0,19,0.9392,0,1,0,2785,0
2025-10-31,Influencer Network,Family Pantry Retention Initiative,Metro Region Loyalty Cohort,15908997,Health Conscious Buyers Interest Segment,1474840462607869,Shelf Story Warm Voice,9110304031000052,Brand Awareness,93.6506,14504,0,19025,27,100,100,100,100,733,702,0,0,0,0,45,0,67,0.4619,0,0,0,13149,0
2025-10-01,Shopping Grid,Seasonal Select Promo Initiative,Metro Region Loyalty Cohort,15908997,Health Conscious Buyers Retention Segment,3613956286158588,Shelf Story Warm Voice,2259713911990191,Brand Awareness,1.7481,509,0,458,7,11,67,20,13,14,15,0,0,0,0,1,0,4,0.7859,0,0,0,451,0
2025-10-02,Discovery Network,Weekend Saver Retention Initiative,Metro Region Loyalty Cohort,15908997,Family Planners Lookalike Segment,7248228093339312,Shelf Story Warm Voice,6451368560487732,Brand Awareness,118.6650,31821,0,36320,89,62,100,100,100,659,733,0,0,1,0,37,0,95,0.2985,0,0,0,57173,0
2025-10-03,Social Feed,Family Pantry Retention Initiative,Metro Region Loyalty Cohort,15908997,Health Conscious Buyers Retention Segment,1669733702699813,Shelf Story Warm Voice,1837904232519606,Brand Awareness,28.8592,5830,0,5204,14,53,100,100,58,305,367,0,0,0,0,22,0,27,0.4631,0,2,0,6500,0
2025-10-04,Shopping Grid,Family Pantry Retention Initiative,Metro Region Loyalty Cohort,15908997,Health Conscious Buyers Interest Segment,9013382232369046,Shelf Story Warm Voice,1641518074556035,Brand Awareness,109.0840,39321,0,44061,62,77,100,100,87,234,176,0,0,0,0,32,0,129,0.3281,0,1,0,33497,0
2025-10-05,Search Network,Seasonal Select Promo Initiative,Metro Region Loyalty Cohort,15908997,Health Conscious Buyers Retention Segment,3613956286158588,Offer Spotlight Value Voice,9011752711561329,Brand Awareness,0.4969,98,0,108,1,2,7,3,2,3,4,0,0,0,0,0,0,1,1.0204,0,0,0,138,0
2025-10-06,Discovery Network,Family Pantry Retention Initiative,Metro Region Loyalty Cohort,15908997,Health Conscious Buyers Retention Segment,1669733702699813,Promo Banner Friendly Voice,1414897562821209,Brand Awareness,2.1514,781,0,662,1,8,18,8,8,18,13,0,0,0,0,1,0,2,0.2561,0,0,0,722,0
2025-10-07,Shopping Grid,Family Pantry Retention Initiative,Metro Region Loyalty Cohort,15908997,Family Planners Lookalike Segment,1665761135741679,Shelf Story Warm Voice,2793262031628184,Brand Awareness,234.1864,70215,0,48535,110,100,100,100,100,1776,1141,0,0,2,0,441,0,733,1.0439,1,9,0,38396,0
2025-10-08,Connected TV,Family Pantry Retention Initiative,Metro Region Loyalty Cohort,15908997,Health Conscious Buyers Retention Segment,4976789753470273,Shelf Story Warm Voice,1212856722898025,Brand Awareness,0.2180,84,0,78,0,1,3,1,1,2,1,0,0,0,0,0,0,0,0.0000,0,0,0,84,0
2025-10-09,Retail Media Network,Family Pantry Retention Initiative,Metro Region Loyalty Cohort,15908997,Health Conscious Buyers Interest Segment,9013382232369046,Promo Banner Friendly Voice,1538508227020088,Brand Awareness,179.2252,42721,0,60876,140,100,100,100,100,661,844,0,0,1,0,100,0,314,0.7350,0,2,0,58760,0
2025-10-10,Retail Media Network,Family Pantry Retention Initiative,Metro Region Conversion Cohort,15908997,Bulk Buyers Retention Segment,1412316301536073,Offer Spotlight Friendly Voice,9097155454198752,Catalog Engagement,0.0000,0,0,0,0,0,0,0,0,0,0,0,0,0,0,0,0,0,0.0000,0,0,0,0,0
2025-10-11,Display Network,Family Pantry Retention Initiative,Metro Region Loyalty Cohort,15908997,Family Planners Lookalike Segment,1665761135741679,Promo Banner Friendly Voice,1647756988327695,Brand Awareness,187.2611,87043,0,80678,79,100,100,100,100,880,907,0,0,1,0,243,0,314,0.3607,2,4,0,76151,0
2025-10-12,Influencer Network,Weekend Saver Retention Initiative,Metro Region Loyalty Cohort,15908997,Family Planners Lookalike Segment,7248228093339312,Shelf Story Bold Voice,3411200546175283,Brand Awareness,159.4681,33320,0,32163,137,100,100,100,100,2728,2833,0,0,2,0,458,0,286,0.8583,0,5,0,39168,0
